

================================================================
== Synthesis Summary Report of 'v_demosaic'
================================================================
+ General Information: 
    * Date:           Mon Sep 21 19:19:20 2026
    * Version:        2025.2 (Build 6295257 on Nov 14 2025)
    * Project:        prj
    * Solution:       sol (Vivado IP Flow Target)
    * Product family: zynq
    * Target device:  xc7z020-clg400-1
    

* Performance & Resource Estimates: 
+--------------------------------------------------------+------+---------------+----------+------------+-------+----------+------------+-----------+------+----------+--------+-----------+-------------+-----+
|                         Modules                        | Issue|               | Iteration|            |  Trip |          |         Latency        |      |          |        |           |             |     |
|                         & Loops                        | Type | Violation Type|  Latency |  Interval  | Count | Pipelined|  (cycles)  |    (ns)   | Slack|   BRAM   |   DSP  |     FF    |     LUT     | URAM|
+--------------------------------------------------------+------+---------------+----------+------------+-------+----------+------------+-----------+------+----------+--------+-----------+-------------+-----+
|+ v_demosaic*                                           |     -|              -|         -|           -|      -|  dataflow|           -|          -|  0.02|  30 (10%)|  8 (3%)|  9762 (9%)|  10336 (19%)|    -|
| + entry_proc                                           |     -|              -|         -|           0|      -|        no|           0|      0.000|  3.67|         -|       -|    3 (~0%)|     29 (~0%)|    -|
| + AXIvideo2MultiBayer                                  |     -|              -|         -|           -|      -|        no|           -|          -|  2.43|         -|       -|  131 (~0%)|    411 (~0%)|    -|
|  + AXIvideo2MultiBayer_Pipeline_loop_wait_for_start    |     -|              -|         -|           -|      -|       yes|           -|          -|  4.12|         -|       -|    4 (~0%)|     47 (~0%)|    -|
|   o loop_wait_for_start                                |     -|              -|         1|           1|      -|       yes|           -|          -|  7.30|         -|       -|          -|            -|    -|
|  + reg_unsigned_short_s                                |     -|              -|         -|           1|      -|       yes|           1|     10.000|  7.30|         -|       -|   13 (~0%)|      2 (~0%)|    -|
|  + reg_unsigned_short_s                                |     -|              -|         -|           1|      -|       yes|           1|     10.000|  7.30|         -|       -|   13 (~0%)|      2 (~0%)|    -|
|  o loop_height                                         |     -|              -|         -|           -|   1080|        no|           -|          -|  7.30|         -|       -|          -|            -|    -|
|   + AXIvideo2MultiBayer_Pipeline_loop_width            |     -|              -|         -|           -|      -|       yes|        1923|  1.923e+04|  2.48|         -|       -|   31 (~0%)|    146 (~0%)|    -|
|    o loop_width                                        |     -|              -|         3|           1|   1920|       yes|        1921|  1.921e+04|  7.30|         -|       -|          -|            -|    -|
|   + AXIvideo2MultiBayer_Pipeline_loop_wait_for_eol     |     -|              -|         -|           -|      -|       yes|           -|          -|  4.12|         -|       -|    4 (~0%)|     52 (~0%)|    -|
|    o loop_wait_for_eol                                 |     -|              -|         1|           1|      -|       yes|           -|          -|  7.30|         -|       -|          -|            -|    -|
| + Debayer*                                             |     -|              -|         -|  4296278037|      -|  dataflow|  4296278036|  4.296e+10|  0.02|  30 (10%)|  8 (3%)|  8601 (8%)|   8502 (15%)|    -|
|  + DebayerG                                            |     -|              -|         -|  4296278036|      -|        no|  4296278036|  4.296e+10|  0.02|   14 (5%)|  8 (3%)|  4085 (3%)|    4275 (8%)|    -|
|   o VITIS_LOOP_315_3                                   |     -|              -|     65555|           -|  65537|        no|  4296278035|  4.296e+10|  7.30|         -|       -|          -|            -|    -|
|    + DebayerG_Pipeline_VITIS_LOOP_318_4                |     -|              -|         -|           -|      -|       yes|       65552|  6.555e+05|  0.02|   14 (5%)|  8 (3%)|  3529 (3%)|    4050 (7%)|    -|
|     o VITIS_LOOP_318_4                                 |     -|              -|        15|           1|  65537|       yes|       65550|  6.555e+05|  7.30|         -|       -|          -|            -|    -|
|  + DebayerRatBorBatR                                   |     -|              -|         -|     2087412|      -|        no|     2087412|  2.087e+07|  0.03|    8 (2%)|       -|  2200 (2%)|    1990 (3%)|    -|
|   o VITIS_LOOP_630_1                                   |     -|              -|      1931|           -|   1081|        no|     2087411|  2.087e+07|  7.30|         -|       -|          -|            -|    -|
|    + DebayerRatBorBatR_Pipeline_VITIS_LOOP_633_2       |     -|              -|         -|           -|      -|       yes|        1928|  1.928e+04|  0.17|    8 (2%)|       -|  1795 (1%)|    1817 (3%)|    -|
|     o VITIS_LOOP_633_2                                 |     -|              -|         7|           1|   1921|       yes|        1926|  1.926e+04|  7.30|         -|       -|          -|            -|    -|
|  + DebayerRandBatG                                     |     -|              -|         -|     2085250|      -|        no|     2085250|  2.085e+07|  0.14|    8 (2%)|       -|  1523 (1%)|    1682 (3%)|    -|
|   o VITIS_LOOP_878_1                                   |     -|              -|      1929|           -|   1081|        no|     2085249|  2.085e+07|  7.30|         -|       -|          -|            -|    -|
|    + DebayerRandBatG_Pipeline_VITIS_LOOP_881_2         |     -|              -|         -|           -|      -|       yes|        1926|  1.926e+04|  0.14|    8 (2%)|       -|  1180 (1%)|    1545 (2%)|    -|
|     o VITIS_LOOP_881_2                                 |     -|              -|         5|           1|   1921|       yes|        1924|  1.924e+04|  7.30|         -|       -|          -|            -|    -|
| + ZipperRemoval                                        |     -|              -|         -|  4295360506|      -|        no|  4295360506|  4.295e+10|  0.07|         -|       -|  413 (~0%)|     676 (1%)|    -|
|  o VITIS_LOOP_1099_1                                   |     -|              -|     65543|           -|  65535|        no|  4295360505|  4.295e+10|  7.30|         -|       -|          -|            -|    -|
|   + ZipperRemoval_Pipeline_VITIS_LOOP_1101_2           |     -|              -|         -|           -|      -|       yes|       65540|  6.554e+05|  0.07|         -|       -|  227 (~0%)|    480 (~0%)|    -|
|    o VITIS_LOOP_1101_2                                 |     -|              -|         4|           1|  65536|       yes|       65538|  6.554e+05|  7.30|         -|       -|          -|            -|    -|
| + MultiPixStream2AXIvideo                              |     -|              -|         -|     2079002|      -|        no|     2079002|  2.079e+07|  2.38|         -|       -|  114 (~0%)|    280 (~0%)|    -|
|  o VITIS_LOOP_228_1                                    |     -|              -|      1925|           -|   1080|        no|     2079000|  2.079e+07|  7.30|         -|       -|          -|            -|    -|
|   + MultiPixStream2AXIvideo_Pipeline_VITIS_LOOP_230_2  |     -|              -|         -|           -|      -|       yes|        1923|  1.923e+04|  2.38|         -|       -|   18 (~0%)|    111 (~0%)|    -|
|    o VITIS_LOOP_230_2                                  |     -|              -|         2|           1|   1920|       yes|        1921|  1.921e+04|  7.30|         -|       -|          -|            -|    -|
+--------------------------------------------------------+------+---------------+----------+------------+-------+----------+------------+-----------+------+----------+--------+-----------+-------------+-----+
    Name Prefix: '+' for module, 'o' for loop, '*' for dataflow


================================================================
== HW Interfaces
================================================================
* S_AXILITE Interfaces
+------------+------------+---------------+--------+----------+
| Interface  | Data Width | Address Width | Offset | Register |
+------------+------------+---------------+--------+----------+
| s_axi_CTRL | 32         | 6             | 16     | 0        |
+------------+------------+---------------+--------+----------+

* S_AXILITE Registers
+------------+-------------+--------+-------+--------+----------------------------------+----------------------------------------------------------------------+
| Interface  | Register    | Offset | Width | Access | Description                      | Bit Fields                                                           |
+------------+-------------+--------+-------+--------+----------------------------------+----------------------------------------------------------------------+
| s_axi_CTRL | CTRL        | 0x00   | 32    | RW     | Control signals                  | 0=AP_START 1=AP_DONE 2=AP_IDLE 3=AP_READY 7=AUTO_RESTART 9=INTERRUPT |
| s_axi_CTRL | GIER        | 0x04   | 32    | RW     | Global Interrupt Enable Register | 0=Enable                                                             |
| s_axi_CTRL | IP_IER      | 0x08   | 32    | RW     | IP Interrupt Enable Register     | 0=CHAN0_INT_EN 1=CHAN1_INT_EN                                        |
| s_axi_CTRL | IP_ISR      | 0x0c   | 32    | RW     | IP Interrupt Status Register     | 0=CHAN0_INT_ST 1=CHAN1_INT_ST                                        |
| s_axi_CTRL | width       | 0x10   | 32    | W      | Data signal of width             |                                                                      |
| s_axi_CTRL | height      | 0x18   | 32    | W      | Data signal of height            |                                                                      |
| s_axi_CTRL | bayer_phase | 0x28   | 32    | W      | Data signal of bayer_phase       |                                                                      |
+------------+-------------+--------+-------+--------+----------------------------------+----------------------------------------------------------------------+

* AXIS
+--------------+-----------+---------------+-------+-------+-----+-------+-------+--------+-------+-------+--------+
| Interface    | Direction | Register Mode | TDATA | TDEST | TID | TKEEP | TLAST | TREADY | TSTRB | TUSER | TVALID |
+--------------+-----------+---------------+-------+-------+-----+-------+-------+--------+-------+-------+--------+
| m_axis_video | out       | both          | 30    | 1     | 1   | 4     | 1     | 1      | 4     | 1     | 1      |
| s_axis_video | in        | both          | 10    | 1     | 1   | 2     | 1     | 1      | 2     | 1     | 1      |
+--------------+-----------+---------------+-------+-------+-----+-------+-------+--------+-------+-------+--------+

* TOP LEVEL CONTROL
+-----------+------------+-----------+
| Interface | Type       | Ports     |
+-----------+------------+-----------+
| ap_clk    | clock      | ap_clk    |
| ap_rst_n  | reset      | ap_rst_n  |
| interrupt | interrupt  | interrupt |
| ap_ctrl   | ap_ctrl_hs |           |
+-----------+------------+-----------+


================================================================
== SW I/O Information
================================================================
* Top Function Arguments
+--------------+-----------+------------------------------------------------------------------------------+
| Argument     | Direction | Datatype                                                                     |
+--------------+-----------+------------------------------------------------------------------------------+
| width        | in        | unsigned short                                                               |
| height       | in        | unsigned short                                                               |
| bayer_phase  | in        | unsigned short                                                               |
| s_axis_video | in        | stream<hls::axis<ap_uint<10>, 1UL, 1UL, 1UL, (unsigned char)'8', false>, 0>& |
| m_axis_video | out       | stream<hls::axis<ap_uint<30>, 1UL, 1UL, 1UL, (unsigned char)'8', false>, 0>& |
+--------------+-----------+------------------------------------------------------------------------------+

* SW-to-HW Mapping
+--------------+--------------+-----------+---------------------------------------+
| Argument     | HW Interface | HW Type   | HW Info                               |
+--------------+--------------+-----------+---------------------------------------+
| width        | s_axi_CTRL   | register  | name=width offset=0x10 range=32       |
| height       | s_axi_CTRL   | register  | name=height offset=0x18 range=32      |
| bayer_phase  | s_axi_CTRL   | register  | name=bayer_phase offset=0x28 range=32 |
| s_axis_video | s_axis_video | interface |                                       |
| m_axis_video | m_axis_video | interface |                                       |
+--------------+--------------+-----------+---------------------------------------+


================================================================
== M_AXI Burst Information
================================================================
 Note: All burst requests might be further partitioned into multiple requests during RTL generation based on max_read_burst_length or max_write_burst_length settings.


================================================================
== Bind Op Report
================================================================
+-------------------------------------------------------+-----+--------+-----------------+--------+-----------+---------+
| Name                                                  | DSP | Pragma | Variable        | Op     | Impl      | Latency |
+-------------------------------------------------------+-----+--------+-----------------+--------+-----------+---------+
| + v_demosaic                                          | 8   |        |                 |        |           |         |
|  + AXIvideo2MultiBayer                                | 0   |        |                 |        |           |         |
|    icmp_ln166_fu_265_p2                               |     |        | icmp_ln166      | setne  | auto      | 0       |
|    xor_ln188_fu_271_p2                                |     |        | xor_ln188       | xor    | auto      | 0       |
|    icmp_ln163_fu_280_p2                               |     |        | icmp_ln163      | seteq  | auto      | 0       |
|    i_4_fu_285_p2                                      |     |        | i_4             | add    | fabric    | 0       |
|    and_ln188_fu_351_p2                                |     |        | and_ln188       | and    | auto      | 0       |
|    and_ln188_1_fu_295_p2                              |     |        | and_ln188_1     | and    | auto      | 0       |
|   + AXIvideo2MultiBayer_Pipeline_loop_width           | 0   |        |                 |        |           |         |
|     icmp_ln166_fu_195_p2                              |     |        | icmp_ln166      | seteq  | auto      | 0       |
|     j_4_fu_201_p2                                     |     |        | j_4             | add    | fabric    | 0       |
|     or_ln170_fu_212_p2                                |     |        | or_ln170        | or     | auto      | 0       |
|  + Debayer                                            | 8   |        |                 |        |           |         |
|   + DebayerG                                          | 8   |        |                 |        |           |         |
|     loopHeight_fu_279_p2                              |     |        | loopHeight      | add    | fabric    | 0       |
|     loopWidth_fu_289_p2                               |     |        | loopWidth       | add    | fabric    | 0       |
|     icmp_ln315_fu_313_p2                              |     |        | icmp_ln315      | seteq  | auto      | 0       |
|     y_8_fu_318_p2                                     |     |        | y_8             | add    | fabric    | 0       |
|     add_ln325_fu_389_p2                               |     |        | add_ln325       | add    | fabric    | 0       |
|     xor_ln439_fu_404_p2                               |     |        | xor_ln439       | xor    | auto      | 0       |
|    + DebayerG_Pipeline_VITIS_LOOP_318_4               | 8   |        |                 |        |           |         |
|      icmp_ln346_fu_849_p2                             |     |        | icmp_ln346      | setlt  | auto      | 0       |
|      icmp_ln403_fu_855_p2                             |     |        | icmp_ln403      | setne  | auto      | 0       |
|      icmp_ln506_fu_869_p2                             |     |        | icmp_ln506      | seteq  | auto      | 0       |
|      icmp_ln318_fu_983_p2                             |     |        | icmp_ln318      | seteq  | auto      | 0       |
|      x_11_fu_989_p2                                   |     |        | x_11            | add    | fabric    | 0       |
|      out_x_fu_1003_p2                                 |     |        | out_x           | add    | fabric    | 0       |
|      icmp_ln328_fu_1013_p2                            |     |        | icmp_ln328      | setlt  | auto      | 0       |
|      icmp_ln387_fu_1019_p2                            |     |        | icmp_ln387      | seteq  | auto      | 0       |
|      select_ln387_fu_1160_p3                          |     |        | select_ln387    | select | auto_sel  | 0       |
|      select_ln387_1_fu_1166_p3                        |     |        | select_ln387_1  | select | auto_sel  | 0       |
|      select_ln387_2_fu_1173_p3                        |     |        | select_ln387_2  | select | auto_sel  | 0       |
|      select_ln387_3_fu_1180_p3                        |     |        | select_ln387_3  | select | auto_sel  | 0       |
|      select_ln387_4_fu_1187_p3                        |     |        | select_ln387_4  | select | auto_sel  | 0       |
|      select_ln387_5_fu_1193_p3                        |     |        | select_ln387_5  | select | auto_sel  | 0       |
|      select_ln387_6_fu_1200_p3                        |     |        | select_ln387_6  | select | auto_sel  | 0       |
|      select_ln387_7_fu_1207_p3                        |     |        | select_ln387_7  | select | auto_sel  | 0       |
|      select_ln387_8_fu_1214_p3                        |     |        | select_ln387_8  | select | auto_sel  | 0       |
|      select_ln387_9_fu_1220_p3                        |     |        | select_ln387_9  | select | auto_sel  | 0       |
|      select_ln387_10_fu_1227_p3                       |     |        | select_ln387_10 | select | auto_sel  | 0       |
|      select_ln387_11_fu_1234_p3                       |     |        | select_ln387_11 | select | auto_sel  | 0       |
|      select_ln387_12_fu_1241_p3                       |     |        | select_ln387_12 | select | auto_sel  | 0       |
|      select_ln387_13_fu_1247_p3                       |     |        | select_ln387_13 | select | auto_sel  | 0       |
|      select_ln387_14_fu_1254_p3                       |     |        | select_ln387_14 | select | auto_sel  | 0       |
|      select_ln387_15_fu_1261_p3                       |     |        | select_ln387_15 | select | auto_sel  | 0       |
|      select_ln387_16_fu_1268_p3                       |     |        | select_ln387_16 | select | auto_sel  | 0       |
|      select_ln387_17_fu_1275_p3                       |     |        | select_ln387_17 | select | auto_sel  | 0       |
|      select_ln387_18_fu_1283_p3                       |     |        | select_ln387_18 | select | auto_sel  | 0       |
|      select_ln387_19_fu_1291_p3                       |     |        | select_ln387_19 | select | auto_sel  | 0       |
|      select_ln403_fu_1299_p3                          |     |        | select_ln403    | select | auto_sel  | 0       |
|      select_ln403_1_fu_1306_p3                        |     |        | select_ln403_1  | select | auto_sel  | 0       |
|      LineBufVal_8_fu_1313_p3                          |     |        | LineBufVal_8    | select | auto_sel  | 0       |
|      xor_ln439_1_fu_1025_p2                           |     |        | xor_ln439_1     | xor    | auto      | 0       |
|      icmp_ln439_fu_1035_p2                            |     |        | icmp_ln439      | seteq  | auto      | 0       |
|      add_ln451_fu_1395_p2                             |     |        | add_ln451       | add    | fabric    | 0       |
|      K_1_fu_1405_p2                                   |     |        | K_1             | sub    | fabric    | 0       |
|      add_ln453_fu_1455_p2                             |     |        | add_ln453       | add    | fabric    | 0       |
|      K_3_fu_1465_p2                                   |     |        | K_3             | sub    | fabric    | 0       |
|      add_ln455_fu_1523_p2                             |     |        | add_ln455       | add    | fabric    | 0       |
|      K_5_fu_1533_p2                                   |     |        | K_5             | sub    | fabric    | 0       |
|      add_ln457_fu_1579_p2                             |     |        | add_ln457       | add    | fabric    | 0       |
|      K_7_fu_1589_p2                                   |     |        | K_7             | sub    | fabric    | 0       |
|      add_ln458_fu_1611_p2                             |     |        | add_ln458       | add    | fabric    | 0       |
|      K_8_fu_1621_p2                                   |     |        | K_8             | sub    | fabric    | 0       |
|      add_ln459_fu_1639_p2                             |     |        | add_ln459       | add    | fabric    | 0       |
|      K_9_fu_1649_p2                                   |     |        | K_9             | sub    | fabric    | 0       |
|      add_ln460_fu_1671_p2                             |     |        | add_ln460       | add    | fabric    | 0       |
|      K_10_fu_1681_p2                                  |     |        | K_10            | sub    | fabric    | 0       |
|      add_ln461_fu_1699_p2                             |     |        | add_ln461       | add    | fabric    | 0       |
|      K_11_fu_1709_p2                                  |     |        | K_11            | sub    | fabric    | 0       |
|      add_ln465_fu_1802_p2                             |     |        | add_ln465       | add    | fabric    | 0       |
|      add_ln465_1_fu_1812_p2                           |     |        | add_ln465_1     | add    | fabric    | 0       |
|      ave_fu_1822_p2                                   |     |        | ave             | add    | fabric    | 0       |
|      add_ln466_fu_1844_p2                             |     |        | add_ln466       | add    | fabric    | 0       |
|      add_ln466_1_fu_1854_p2                           |     |        | add_ln466_1     | add    | fabric    | 0       |
|      ave_1_fu_1864_p2                                 |     |        | ave_1           | add    | fabric    | 0       |
|      add_ln467_fu_1880_p2                             |     |        | add_ln467       | add    | fabric    | 0       |
|      ave_2_fu_1890_p2                                 |     |        | ave_2           | add    | fabric    | 0       |
|      add_ln468_fu_1906_p2                             |     |        | add_ln468       | add    | fabric    | 0       |
|      add_ln468_1_fu_1916_p2                           |     |        | add_ln468_1     | add    | fabric    | 0       |
|      ave_3_fu_1926_p2                                 |     |        | ave_3           | add    | fabric    | 0       |
|      sub_ln472_fu_1944_p2                             |     |        | sub_ln472       | sub    | fabric    | 0       |
|      sub_ln472_1_fu_1970_p2                           |     |        | sub_ln472_1     | sub    | fabric    | 0       |
|      mean_fu_1976_p3                                  |     |        | mean            | select | auto_sel  | 0       |
|      sub_ln472_2_fu_1992_p2                           |     |        | sub_ln472_2     | sub    | fabric    | 0       |
|      sub_ln472_3_fu_2018_p2                           |     |        | sub_ln472_3     | sub    | fabric    | 0       |
|      mean_1_fu_2024_p3                                |     |        | mean_1          | select | auto_sel  | 0       |
|      sub_ln472_4_fu_2040_p2                           |     |        | sub_ln472_4     | sub    | fabric    | 0       |
|      sub_ln472_5_fu_2066_p2                           |     |        | sub_ln472_5     | sub    | fabric    | 0       |
|      mean_2_fu_2072_p3                                |     |        | mean_2          | select | auto_sel  | 0       |
|      sub_ln472_6_fu_2088_p2                           |     |        | sub_ln472_6     | sub    | fabric    | 0       |
|      sub_ln472_7_fu_2114_p2                           |     |        | sub_ln472_7     | sub    | fabric    | 0       |
|      mean_3_fu_2120_p3                                |     |        | mean_3          | select | auto_sel  | 0       |
|      sub_ln476_fu_2299_p2                             |     |        | sub_ln476       | sub    | fabric    | 0       |
|      sub_ln61_fu_2320_p2                              |     |        | sub_ln61        | sub    | fabric    | 0       |
|      select_ln61_fu_2326_p3                           |     |        | select_ln61     | select | auto_sel  | 0       |
|      sub_ln476_1_fu_2338_p2                           |     |        | sub_ln476_1     | sub    | fabric    | 0       |
|      sub_ln61_9_fu_2359_p2                            |     |        | sub_ln61_9      | sub    | fabric    | 0       |
|      select_ln61_1_fu_2365_p3                         |     |        | select_ln61_1   | select | auto_sel  | 0       |
|      sub_ln476_2_fu_2377_p2                           |     |        | sub_ln476_2     | sub    | fabric    | 0       |
|      sub_ln61_10_fu_2398_p2                           |     |        | sub_ln61_10     | sub    | fabric    | 0       |
|      select_ln61_2_fu_2404_p3                         |     |        | select_ln61_2   | select | auto_sel  | 0       |
|      sub_ln476_3_fu_2416_p2                           |     |        | sub_ln476_3     | sub    | fabric    | 0       |
|      sub_ln61_11_fu_2437_p2                           |     |        | sub_ln61_11     | sub    | fabric    | 0       |
|      select_ln61_3_fu_2443_p3                         |     |        | select_ln61_3   | select | auto_sel  | 0       |
|      add_ln476_fu_2455_p2                             |     |        | add_ln476       | add    | fabric    | 0       |
|      add_ln476_1_fu_2465_p2                           |     |        | add_ln476_1     | add    | fabric    | 0       |
|      add_ln476_2_fu_2475_p2                           |     |        | add_ln476_2     | add    | fabric    | 0       |
|      sub_ln477_fu_2494_p2                             |     |        | sub_ln477       | sub    | fabric    | 0       |
|      sub_ln61_12_fu_2515_p2                           |     |        | sub_ln61_12     | sub    | fabric    | 0       |
|      select_ln61_4_fu_2521_p3                         |     |        | select_ln61_4   | select | auto_sel  | 0       |
|      sub_ln477_1_fu_2533_p2                           |     |        | sub_ln477_1     | sub    | fabric    | 0       |
|      sub_ln61_13_fu_2554_p2                           |     |        | sub_ln61_13     | sub    | fabric    | 0       |
|      select_ln61_5_fu_2560_p3                         |     |        | select_ln61_5   | select | auto_sel  | 0       |
|      sub_ln477_2_fu_2572_p2                           |     |        | sub_ln477_2     | sub    | fabric    | 0       |
|      sub_ln61_14_fu_2593_p2                           |     |        | sub_ln61_14     | sub    | fabric    | 0       |
|      select_ln61_6_fu_2599_p3                         |     |        | select_ln61_6   | select | auto_sel  | 0       |
|      sub_ln477_3_fu_2611_p2                           |     |        | sub_ln477_3     | sub    | fabric    | 0       |
|      sub_ln61_15_fu_2632_p2                           |     |        | sub_ln61_15     | sub    | fabric    | 0       |
|      select_ln61_7_fu_2638_p3                         |     |        | select_ln61_7   | select | auto_sel  | 0       |
|      add_ln477_fu_2650_p2                             |     |        | add_ln477       | add    | fabric    | 0       |
|      add_ln477_1_fu_2660_p2                           |     |        | add_ln477_1     | add    | fabric    | 0       |
|      add_ln477_2_fu_2670_p2                           |     |        | add_ln477_2     | add    | fabric    | 0       |
|      sub_ln478_fu_2689_p2                             |     |        | sub_ln478       | sub    | fabric    | 0       |
|      sub_ln61_16_fu_2710_p2                           |     |        | sub_ln61_16     | sub    | fabric    | 0       |
|      select_ln61_8_fu_2716_p3                         |     |        | select_ln61_8   | select | auto_sel  | 0       |
|      sub_ln478_1_fu_2728_p2                           |     |        | sub_ln478_1     | sub    | fabric    | 0       |
|      sub_ln61_17_fu_2749_p2                           |     |        | sub_ln61_17     | sub    | fabric    | 0       |
|      select_ln61_9_fu_2755_p3                         |     |        | select_ln61_9   | select | auto_sel  | 0       |
|      sub_ln478_2_fu_2767_p2                           |     |        | sub_ln478_2     | sub    | fabric    | 0       |
|      sub_ln61_18_fu_2788_p2                           |     |        | sub_ln61_18     | sub    | fabric    | 0       |
|      select_ln61_10_fu_2794_p3                        |     |        | select_ln61_10  | select | auto_sel  | 0       |
|      sub_ln478_3_fu_2806_p2                           |     |        | sub_ln478_3     | sub    | fabric    | 0       |
|      sub_ln61_19_fu_2827_p2                           |     |        | sub_ln61_19     | sub    | fabric    | 0       |
|      select_ln61_11_fu_2833_p3                        |     |        | select_ln61_11  | select | auto_sel  | 0       |
|      add_ln478_fu_2845_p2                             |     |        | add_ln478       | add    | fabric    | 0       |
|      add_ln478_1_fu_2855_p2                           |     |        | add_ln478_1     | add    | fabric    | 0       |
|      add_ln478_2_fu_2865_p2                           |     |        | add_ln478_2     | add    | fabric    | 0       |
|      sub_ln479_fu_2884_p2                             |     |        | sub_ln479       | sub    | fabric    | 0       |
|      sub_ln61_20_fu_2905_p2                           |     |        | sub_ln61_20     | sub    | fabric    | 0       |
|      select_ln61_12_fu_2911_p3                        |     |        | select_ln61_12  | select | auto_sel  | 0       |
|      sub_ln479_1_fu_2923_p2                           |     |        | sub_ln479_1     | sub    | fabric    | 0       |
|      sub_ln61_21_fu_2944_p2                           |     |        | sub_ln61_21     | sub    | fabric    | 0       |
|      select_ln61_13_fu_2950_p3                        |     |        | select_ln61_13  | select | auto_sel  | 0       |
|      sub_ln479_2_fu_2962_p2                           |     |        | sub_ln479_2     | sub    | fabric    | 0       |
|      sub_ln61_22_fu_2983_p2                           |     |        | sub_ln61_22     | sub    | fabric    | 0       |
|      select_ln61_14_fu_2989_p3                        |     |        | select_ln61_14  | select | auto_sel  | 0       |
|      sub_ln479_3_fu_3001_p2                           |     |        | sub_ln479_3     | sub    | fabric    | 0       |
|      sub_ln61_23_fu_3022_p2                           |     |        | sub_ln61_23     | sub    | fabric    | 0       |
|      select_ln61_15_fu_3028_p3                        |     |        | select_ln61_15  | select | auto_sel  | 0       |
|      add_ln479_fu_3040_p2                             |     |        | add_ln479       | add    | fabric    | 0       |
|      add_ln479_1_fu_3050_p2                           |     |        | add_ln479_1     | add    | fabric    | 0       |
|      add_ln479_2_fu_3060_p2                           |     |        | add_ln479_2     | add    | fabric    | 0       |
|      sub_ln483_fu_2128_p2                             |     |        | sub_ln483       | sub    | fabric    | 0       |
|      sub_ln61_24_fu_2144_p2                           |     |        | sub_ln61_24     | sub    | fabric    | 0       |
|      select_ln61_16_fu_2150_p3                        |     |        | select_ln61_16  | select | auto_sel  | 0       |
|      sub_ln483_1_fu_2162_p2                           |     |        | sub_ln483_1     | sub    | fabric    | 0       |
|      sub_ln61_25_fu_2178_p2                           |     |        | sub_ln61_25     | sub    | fabric    | 0       |
|      select_ln61_17_fu_2184_p3                        |     |        | select_ln61_17  | select | auto_sel  | 0       |
|      add_ln483_fu_2196_p2                             |     |        | add_ln483       | add    | fabric    | 0       |
|      sub_ln484_fu_2212_p2                             |     |        | sub_ln484       | sub    | fabric    | 0       |
|      sub_ln61_26_fu_2228_p2                           |     |        | sub_ln61_26     | sub    | fabric    | 0       |
|      select_ln61_18_fu_2234_p3                        |     |        | select_ln61_18  | select | auto_sel  | 0       |
|      sub_ln484_1_fu_2246_p2                           |     |        | sub_ln484_1     | sub    | fabric    | 0       |
|      sub_ln61_27_fu_2262_p2                           |     |        | sub_ln61_27     | sub    | fabric    | 0       |
|      select_ln61_19_fu_2268_p3                        |     |        | select_ln61_19  | select | auto_sel  | 0       |
|      add_ln484_fu_2280_p2                             |     |        | add_ln484       | add    | fabric    | 0       |
|      add_ln492_fu_3082_p2                             |     |        | add_ln492       | add    | fabric    | 0       |
|      add_ln492_1_fu_3092_p2                           |     |        | add_ln492_1     | add    | fabric    | 0       |
|      add_ln492_2_fu_3112_p2                           |     |        | add_ln492_2     | add    | fabric    | 0       |
|      add_ln492_3_fu_3122_p2                           |     |        | add_ln492_3     | add    | fabric    | 0       |
|      add_ln492_4_fu_3142_p2                           |     |        | add_ln492_4     | add    | fabric    | 0       |
|      add_ln492_5_fu_3162_p2                           |     |        | add_ln492_5     | add    | fabric    | 0       |
|      add_ln495_fu_3230_p2                             |     |        | add_ln495       | add    | fabric    | 0       |
|      add_ln495_1_fu_3245_p2                           |     |        | add_ln495_1     | add    | fabric    | 0       |
|      sw_1_fu_3255_p2                                  |     |        | sw_1            | add    | fabric    | 0       |
|      mul_18s_9ns_18_1_1_U56                           | 1   |        | mul_ln501       | mul    | auto      | 0       |
|      mul_18s_8ns_18_1_1_U57                           | 1   |        | mul_ln501_1     | mul    | auto      | 0       |
|      mul_18s_8ns_18_1_1_U58                           | 1   |        | mul_ln501_2     | mul    | auto      | 0       |
|      mul_18s_9ns_18_1_1_U59                           | 1   |        | mul_ln501_3     | mul    | auto      | 0       |
|      mac_muladd_14s_10ns_24s_25_4_1_U62               | 1   |        | mul_ln504       | mul    | dsp_slice | 3       |
|      mac_muladd_14s_10ns_24s_25_4_1_U62               | 1   |        | sext_ln504      | sext   | dsp_slice | 3       |
|      mul_14s_10ns_24_1_1_U60                          | 1   |        | mul_ln504_1     | mul    | auto      | 0       |
|      mac_muladd_14s_10ns_24s_25_4_1_U63               | 1   |        | mul_ln504_2     | mul    | dsp_slice | 3       |
|      mac_muladd_14s_10ns_24s_25_4_1_U63               | 1   |        | sext_ln504_2    | sext   | dsp_slice | 3       |
|      mul_14s_10ns_24_1_1_U61                          | 1   |        | mul_ln504_3     | mul    | auto      | 0       |
|      mac_muladd_14s_10ns_24s_25_4_1_U63               | 1   |        | add_ln504       | add    | dsp_slice | 3       |
|      mac_muladd_14s_10ns_24s_25_4_1_U62               | 1   |        | add_ln504_1     | add    | dsp_slice | 3       |
|      add_ln504_2_fu_3388_p2                           |     |        | add_ln504_2     | add    | fabric    | 0       |
|      sub_ln504_fu_3398_p2                             |     |        | sub_ln504       | sub    | fabric    | 0       |
|      sub_ln504_1_fu_3425_p2                           |     |        | sub_ln504_1     | sub    | fabric    | 0       |
|      select_ln504_fu_3439_p3                          |     |        | select_ln504    | select | auto_sel  | 0       |
|      g_fu_3451_p2                                     |     |        | g               | add    | fabric    | 0       |
|      phitmp_fu_3524_p3                                |     |        | phitmp          | select | auto_sel  | 0       |
|      phitmp9_fu_3531_p3                               |     |        | phitmp9         | select | auto_sel  | 0       |
|      phi_ln509_fu_3538_p3                             |     |        | phi_ln509       | select | auto_sel  | 0       |
|      g_1_fu_3457_p3                                   |     |        | g_1             | select | auto_sel  | 0       |
|      phi_ln511_fu_3545_p3                             |     |        | phi_ln511       | select | auto_sel  | 0       |
|      icmp_ln510_fu_3486_p2                            |     |        | icmp_ln510      | setgt  | auto      | 0       |
|      xor_ln510_fu_3496_p2                             |     |        | xor_ln510       | xor    | auto      | 0       |
|      select_ln510_1_fu_3502_p3                        |     |        | select_ln510_1  | select | auto_sel  | 0       |
|      or_ln510_fu_3510_p2                              |     |        | or_ln510        | or     | auto      | 0       |
|      select_ln510_fu_3516_p3                          |     |        | select_ln510    | select | auto_sel  | 0       |
|      or_ln585_fu_1041_p2                              |     |        | or_ln585        | or     | auto      | 0       |
|   + DebayerRatBorBatR                                 | 0   |        |                 |        |           |         |
|     loopHeight_fu_226_p2                              |     |        | loopHeight      | add    | fabric    | 0       |
|     loopWidth_fu_232_p2                               |     |        | loopWidth       | add    | fabric    | 0       |
|     icmp_ln630_fu_256_p2                              |     |        | icmp_ln630      | seteq  | auto      | 0       |
|     y_4_fu_261_p2                                     |     |        | y_4             | add    | fabric    | 0       |
|     xor_ln772_fu_320_p2                               |     |        | xor_ln772       | xor    | auto      | 0       |
|     xor_ln772_1_fu_331_p2                             |     |        | xor_ln772_1     | xor    | auto      | 0       |
|    + DebayerRatBorBatR_Pipeline_VITIS_LOOP_633_2      | 0   |        |                 |        |           |         |
|      red_fu_776_p2                                    |     |        | red             | seteq  | auto      | 0       |
|      icmp_ln664_fu_782_p2                             |     |        | icmp_ln664      | setlt  | auto      | 0       |
|      icmp_ln728_fu_788_p2                             |     |        | icmp_ln728      | setne  | auto      | 0       |
|      icmp_ln633_fu_877_p2                             |     |        | icmp_ln633      | seteq  | auto      | 0       |
|      x_5_fu_883_p2                                    |     |        | x_5             | add    | fabric    | 0       |
|      icmp_ln643_fu_899_p2                             |     |        | icmp_ln643      | setlt  | auto      | 0       |
|      icmp_ln710_fu_905_p2                             |     |        | icmp_ln710      | seteq  | auto      | 0       |
|      select_ln710_fu_1314_p3                          |     |        | select_ln710    | select | auto_sel  | 0       |
|      select_ln710_1_fu_1044_p3                        |     |        | select_ln710_1  | select | auto_sel  | 0       |
|      select_ln710_2_fu_1320_p3                        |     |        | select_ln710_2  | select | auto_sel  | 0       |
|      select_ln710_3_fu_1326_p3                        |     |        | select_ln710_3  | select | auto_sel  | 0       |
|      select_ln710_4_fu_1051_p3                        |     |        | select_ln710_4  | select | auto_sel  | 0       |
|      select_ln710_5_fu_1333_p3                        |     |        | select_ln710_5  | select | auto_sel  | 0       |
|      select_ln710_6_fu_1340_p3                        |     |        | select_ln710_6  | select | auto_sel  | 0       |
|      select_ln710_7_fu_1058_p3                        |     |        | select_ln710_7  | select | auto_sel  | 0       |
|      select_ln710_8_fu_1347_p3                        |     |        | select_ln710_8  | select | auto_sel  | 0       |
|      select_ln710_9_fu_1354_p3                        |     |        | select_ln710_9  | select | auto_sel  | 0       |
|      select_ln710_10_fu_1064_p3                       |     |        | select_ln710_10 | select | auto_sel  | 0       |
|      select_ln710_11_fu_1362_p3                       |     |        | select_ln710_11 | select | auto_sel  | 0       |
|      select_ln710_12_fu_1370_p3                       |     |        | select_ln710_12 | select | auto_sel  | 0       |
|      select_ln710_13_fu_1072_p3                       |     |        | select_ln710_13 | select | auto_sel  | 0       |
|      select_ln710_14_fu_1378_p3                       |     |        | select_ln710_14 | select | auto_sel  | 0       |
|      select_ln728_fu_1079_p3                          |     |        | select_ln728    | select | auto_sel  | 0       |
|      select_ln728_1_fu_1085_p3                        |     |        | select_ln728_1  | select | auto_sel  | 0       |
|      select_ln728_2_fu_1091_p3                        |     |        | select_ln728_2  | select | auto_sel  | 0       |
|      xor_ln772_2_fu_911_p2                            |     |        | xor_ln772_2     | xor    | auto      | 0       |
|      xor_ln772_3_fu_917_p2                            |     |        | xor_ln772_3     | xor    | auto      | 0       |
|      icmp_ln772_fu_927_p2                             |     |        | icmp_ln772      | seteq  | auto      | 0       |
|      CH_fu_1783_p3                                    |     |        | CH              | select | auto_sel  | 0       |
|      sub_ln790_fu_1126_p2                             |     |        | sub_ln790       | sub    | fabric    | 0       |
|      sub_ln61_fu_1144_p2                              |     |        | sub_ln61        | sub    | fabric    | 0       |
|      agdiff_fu_1150_p3                                |     |        | agdiff          | select | auto_sel  | 0       |
|      sub_ln791_fu_1162_p2                             |     |        | sub_ln791       | sub    | fabric    | 0       |
|      sub_ln61_1_fu_1180_p2                            |     |        | sub_ln61_1      | sub    | fabric    | 0       |
|      agdiff_1_fu_1186_p3                              |     |        | agdiff_1        | select | auto_sel  | 0       |
|      sub_ln792_fu_1198_p2                             |     |        | sub_ln792       | sub    | fabric    | 0       |
|      sub_ln61_2_fu_1216_p2                            |     |        | sub_ln61_2      | sub    | fabric    | 0       |
|      agdiff_2_fu_1222_p3                              |     |        | agdiff_2        | select | auto_sel  | 0       |
|      sub_ln793_fu_1234_p2                             |     |        | sub_ln793       | sub    | fabric    | 0       |
|      sub_ln61_3_fu_1252_p2                            |     |        | sub_ln61_3      | sub    | fabric    | 0       |
|      agdiff_3_fu_1258_p3                              |     |        | agdiff_3        | select | auto_sel  | 0       |
|      enable_fu_1412_p2                                |     |        | enable          | setlt  | auto      | 0       |
|      icmp_ln796_fu_1420_p2                            |     |        | icmp_ln796      | setlt  | auto      | 0       |
|      enable_1_fu_1432_p3                              |     |        | enable_1        | select | auto_sel  | 0       |
|      icmp_ln797_fu_1444_p2                            |     |        | icmp_ln797      | setlt  | auto      | 0       |
|      enable_3_fu_1456_p3                              |     |        | enable_3        | select | auto_sel  | 0       |
|      icmp_ln798_fu_1468_p2                            |     |        | icmp_ln798      | setlt  | auto      | 0       |
|      enable_4_fu_1480_p3                              |     |        | enable_4        | select | auto_sel  | 0       |
|      icmp_ln799_fu_1492_p2                            |     |        | icmp_ln799      | setlt  | auto      | 0       |
|      enable_6_fu_1504_p3                              |     |        | enable_6        | select | auto_sel  | 0       |
|      icmp_ln800_fu_1516_p2                            |     |        | icmp_ln800      | setlt  | auto      | 0       |
|      enable_7_fu_1528_p3                              |     |        | enable_7        | select | auto_sel  | 0       |
|      select_ln817_fu_1536_p3                          |     |        | select_ln817    | select | auto_sel  | 0       |
|      sub_ln817_fu_1547_p2                             |     |        | sub_ln817       | sub    | fabric    | 0       |
|      select_ln817_1_fu_1655_p3                        |     |        | select_ln817_1  | select | auto_sel  | 0       |
|      and_ln817_fu_1663_p2                             |     |        | and_ln817       | and    | auto      | 0       |
|      select_ln818_fu_1552_p3                          |     |        | select_ln818    | select | auto_sel  | 0       |
|      sub_ln818_fu_1563_p2                             |     |        | sub_ln818       | sub    | fabric    | 0       |
|      select_ln818_1_fu_1672_p3                        |     |        | select_ln818_1  | select | auto_sel  | 0       |
|      and_ln818_fu_1680_p2                             |     |        | and_ln818       | and    | auto      | 0       |
|      add_ln817_fu_1689_p2                             |     |        | add_ln817       | add    | fabric    | 0       |
|      select_ln819_fu_1695_p3                          |     |        | select_ln819    | select | auto_sel  | 0       |
|      sub_ln819_fu_1706_p2                             |     |        | sub_ln819       | sub    | fabric    | 0       |
|      select_ln819_1_fu_1711_p3                        |     |        | select_ln819_1  | select | auto_sel  | 0       |
|      and_ln819_fu_1719_p2                             |     |        | and_ln819       | and    | auto      | 0       |
|      select_ln820_fu_1733_p3                          |     |        | select_ln820    | select | auto_sel  | 0       |
|      sub_ln820_fu_1744_p2                             |     |        | sub_ln820       | sub    | fabric    | 0       |
|      select_ln820_2_fu_1749_p3                        |     |        | select_ln820_2  | select | auto_sel  | 0       |
|      and_ln820_fu_1757_p2                             |     |        | and_ln820       | and    | auto      | 0       |
|      add_ln820_1_fu_1767_p2                           |     |        | add_ln820_1     | add    | fabric    | 0       |
|      add_ln820_fu_1777_p2                             |     |        | add_ln820       | add    | fabric    | 0       |
|      sub_ln820_1_fu_1801_p2                           |     |        | sub_ln820_1     | sub    | fabric    | 0       |
|      sub_ln820_2_fu_1816_p2                           |     |        | sub_ln820_2     | sub    | fabric    | 0       |
|      select_ln820_1_fu_1831_p3                        |     |        | select_ln820_1  | select | auto_sel  | 0       |
|      CV_fu_1843_p2                                    |     |        | CV              | sub    | fabric    | 0       |
|      r_fu_1849_p3                                     |     |        | r               | select | auto_sel  | 0       |
|      b_fu_1856_p3                                     |     |        | b               | select | auto_sel  | 0       |
|      icmp_ln827_fu_1891_p2                            |     |        | icmp_ln827      | seteq  | auto      | 0       |
|      xor_ln827_fu_1901_p2                             |     |        | xor_ln827       | xor    | auto      | 0       |
|      select_ln827_1_fu_1907_p3                        |     |        | select_ln827_1  | select | auto_sel  | 0       |
|      or_ln827_fu_1915_p2                              |     |        | or_ln827        | or     | auto      | 0       |
|      select_ln827_fu_1921_p3                          |     |        | select_ln827    | select | auto_sel  | 0       |
|      icmp_ln829_fu_1947_p2                            |     |        | icmp_ln829      | seteq  | auto      | 0       |
|      xor_ln829_fu_1957_p2                             |     |        | xor_ln829       | xor    | auto      | 0       |
|      select_ln829_1_fu_1963_p3                        |     |        | select_ln829_1  | select | auto_sel  | 0       |
|      or_ln829_fu_1971_p2                              |     |        | or_ln829        | or     | auto      | 0       |
|      select_ln829_fu_1977_p3                          |     |        | select_ln829    | select | auto_sel  | 0       |
|      icmp_ln833_fu_933_p2                             |     |        | icmp_ln833      | setne  | auto      | 0       |
|      and_ln833_fu_939_p2                              |     |        | and_ln833       | and    | auto      | 0       |
|   + DebayerRandBatG                                   | 0   |        |                 |        |           |         |
|     loopHeight_fu_172_p2                              |     |        | loopHeight      | add    | fabric    | 0       |
|     loopWidth_fu_178_p2                               |     |        | loopWidth       | add    | fabric    | 0       |
|     icmp_ln878_fu_202_p2                              |     |        | icmp_ln878      | seteq  | auto      | 0       |
|     y_6_fu_207_p2                                     |     |        | y_6             | add    | fabric    | 0       |
|     xor_ln1014_fu_257_p2                              |     |        | xor_ln1014      | xor    | auto      | 0       |
|     xor_ln1014_1_fu_267_p2                            |     |        | xor_ln1014_1    | xor    | auto      | 0       |
|    + DebayerRandBatG_Pipeline_VITIS_LOOP_881_2        | 0   |        |                 |        |           |         |
|      icmp_ln911_fu_501_p2                             |     |        | icmp_ln911      | setlt  | auto      | 0       |
|      icmp_ln975_fu_507_p2                             |     |        | icmp_ln975      | setne  | auto      | 0       |
|      icmp_ln881_fu_581_p2                             |     |        | icmp_ln881      | seteq  | auto      | 0       |
|      x_8_fu_587_p2                                    |     |        | x_8             | add    | fabric    | 0       |
|      icmp_ln891_fu_603_p2                             |     |        | icmp_ln891      | setlt  | auto      | 0       |
|      icmp_ln957_fu_609_p2                             |     |        | icmp_ln957      | seteq  | auto      | 0       |
|      select_ln957_fu_833_p3                           |     |        | select_ln957    | select | auto_sel  | 0       |
|      select_ln957_1_fu_839_p3                         |     |        | select_ln957_1  | select | auto_sel  | 0       |
|      select_ln957_2_fu_845_p3                         |     |        | select_ln957_2  | select | auto_sel  | 0       |
|      select_ln957_3_fu_851_p3                         |     |        | select_ln957_3  | select | auto_sel  | 0       |
|      select_ln957_4_fu_858_p3                         |     |        | select_ln957_4  | select | auto_sel  | 0       |
|      select_ln957_5_fu_865_p3                         |     |        | select_ln957_5  | select | auto_sel  | 0       |
|      select_ln957_6_fu_872_p3                         |     |        | select_ln957_6  | select | auto_sel  | 0       |
|      select_ln957_7_fu_743_p3                         |     |        | select_ln957_7  | select | auto_sel  | 0       |
|      select_ln957_8_fu_750_p3                         |     |        | select_ln957_8  | select | auto_sel  | 0       |
|      select_ln957_9_fu_879_p3                         |     |        | select_ln957_9  | select | auto_sel  | 0       |
|      select_ln957_10_fu_757_p3                        |     |        | select_ln957_10 | select | auto_sel  | 0       |
|      select_ln957_11_fu_764_p3                        |     |        | select_ln957_11 | select | auto_sel  | 0       |
|      select_ln975_fu_771_p3                           |     |        | select_ln975    | select | auto_sel  | 0       |
|      select_ln975_1_fu_887_p3                         |     |        | select_ln975_1  | select | auto_sel  | 0       |
|      select_ln975_2_fu_893_p3                         |     |        | select_ln975_2  | select | auto_sel  | 0       |
|      xor_ln1014_fu_615_p2                             |     |        | xor_ln1014      | xor    | auto      | 0       |
|      xor_ln1014_2_fu_621_p2                           |     |        | xor_ln1014_2    | xor    | auto      | 0       |
|      icmp_ln1014_fu_631_p2                            |     |        | icmp_ln1014     | seteq  | auto      | 0       |
|      sub_ln1023_fu_935_p2                             |     |        | sub_ln1023      | sub    | fabric    | 0       |
|      sub_ln61_fu_945_p2                               |     |        | sub_ln61        | sub    | fabric    | 0       |
|      DRh_fu_1175_p3                                   |     |        | DRh             | select | auto_sel  | 0       |
|      sub_ln1024_fu_959_p2                             |     |        | sub_ln1024      | sub    | fabric    | 0       |
|      sub_ln61_4_fu_977_p2                             |     |        | sub_ln61_4      | sub    | fabric    | 0       |
|      DRv_fu_983_p3                                    |     |        | DRv             | select | auto_sel  | 0       |
|      sub_ln1025_fu_999_p2                             |     |        | sub_ln1025      | sub    | fabric    | 0       |
|      sub_ln61_5_fu_1009_p2                            |     |        | sub_ln61_5      | sub    | fabric    | 0       |
|      DGh_fu_1188_p3                                   |     |        | DGh             | select | auto_sel  | 0       |
|      sub_ln1026_fu_1023_p2                            |     |        | sub_ln1026      | sub    | fabric    | 0       |
|      sub_ln61_6_fu_1041_p2                            |     |        | sub_ln61_6      | sub    | fabric    | 0       |
|      DGv_fu_1047_p3                                   |     |        | DGv             | select | auto_sel  | 0       |
|      sub_ln1027_fu_1063_p2                            |     |        | sub_ln1027      | sub    | fabric    | 0       |
|      sub_ln61_7_fu_1201_p2                            |     |        | sub_ln61_7      | sub    | fabric    | 0       |
|      DBh_fu_1206_p3                                   |     |        | DBh             | select | auto_sel  | 0       |
|      sub_ln1028_fu_1081_p2                            |     |        | sub_ln1028      | sub    | fabric    | 0       |
|      sub_ln61_8_fu_1220_p2                            |     |        | sub_ln61_8      | sub    | fabric    | 0       |
|      DBv_fu_1225_p3                                   |     |        | DBv             | select | auto_sel  | 0       |
|      add_ln1030_fu_1240_p2                            |     |        | add_ln1030      | add    | fabric    | 0       |
|      add_ln1030_1_fu_1254_p2                          |     |        | add_ln1030_1    | add    | fabric    | 0       |
|      add_ln1030_2_fu_1099_p2                          |     |        | add_ln1030_2    | add    | fabric    | 0       |
|      add_ln1030_3_fu_1267_p2                          |     |        | add_ln1030_3    | add    | fabric    | 0       |
|      icmp_ln1030_fu_1273_p2                           |     |        | icmp_ln1030     | setlt  | auto      | 0       |
|      sub_ln1033_fu_1105_p2                            |     |        | sub_ln1033      | sub    | fabric    | 0       |
|      sub_ln1033_1_fu_1111_p2                          |     |        | sub_ln1033_1    | sub    | fabric    | 0       |
|      add_ln1033_fu_1285_p2                            |     |        | add_ln1033      | add    | fabric    | 0       |
|      sub_ln1033_2_fu_1303_p2                          |     |        | sub_ln1033_2    | sub    | fabric    | 0       |
|      sub_ln1033_3_fu_1319_p2                          |     |        | sub_ln1033_3    | sub    | fabric    | 0       |
|      select_ln1033_fu_1335_p3                         |     |        | select_ln1033   | select | auto_sel  | 0       |
|      sub_ln1034_fu_1117_p2                            |     |        | sub_ln1034      | sub    | fabric    | 0       |
|      sub_ln1034_1_fu_1123_p2                          |     |        | sub_ln1034_1    | sub    | fabric    | 0       |
|      add_ln1034_fu_1353_p2                            |     |        | add_ln1034      | add    | fabric    | 0       |
|      sub_ln1034_2_fu_1371_p2                          |     |        | sub_ln1034_2    | sub    | fabric    | 0       |
|      sub_ln1034_3_fu_1387_p2                          |     |        | sub_ln1034_3    | sub    | fabric    | 0       |
|      select_ln1034_fu_1403_p3                         |     |        | select_ln1034   | select | auto_sel  | 0       |
|      sub_ln1039_fu_1129_p2                            |     |        | sub_ln1039      | sub    | fabric    | 0       |
|      sub_ln1039_1_fu_1135_p2                          |     |        | sub_ln1039_1    | sub    | fabric    | 0       |
|      add_ln1039_fu_1417_p2                            |     |        | add_ln1039      | add    | fabric    | 0       |
|      sub_ln1039_2_fu_1435_p2                          |     |        | sub_ln1039_2    | sub    | fabric    | 0       |
|      sub_ln1039_3_fu_1451_p2                          |     |        | sub_ln1039_3    | sub    | fabric    | 0       |
|      select_ln1039_fu_1467_p3                         |     |        | select_ln1039   | select | auto_sel  | 0       |
|      sub_ln1040_fu_1141_p2                            |     |        | sub_ln1040      | sub    | fabric    | 0       |
|      sub_ln1040_1_fu_1147_p2                          |     |        | sub_ln1040_1    | sub    | fabric    | 0       |
|      add_ln1040_fu_1481_p2                            |     |        | add_ln1040      | add    | fabric    | 0       |
|      sub_ln1040_2_fu_1499_p2                          |     |        | sub_ln1040_2    | sub    | fabric    | 0       |
|      sub_ln1040_3_fu_1515_p2                          |     |        | sub_ln1040_3    | sub    | fabric    | 0       |
|      select_ln1040_fu_1531_p3                         |     |        | select_ln1040   | select | auto_sel  | 0       |
|      r_0_in_i_v_v_fu_1539_p3                          |     |        | r_0_in_i_v_v    | select | auto_sel  | 0       |
|      r_0_in_i_fu_1551_p2                              |     |        | r_0_in_i        | sub    | fabric    | 0       |
|      b_0_in_i_v_v_fu_1557_p3                          |     |        | b_0_in_i_v_v    | select | auto_sel  | 0       |
|      b_0_in_i_fu_1569_p2                              |     |        | b_0_in_i        | sub    | fabric    | 0       |
|      icmp_ln1042_fu_1615_p2                           |     |        | icmp_ln1042     | seteq  | auto      | 0       |
|      xor_ln1046_fu_1620_p2                            |     |        | xor_ln1046      | xor    | auto      | 0       |
|      select_ln1042_fu_1626_p3                         |     |        | select_ln1042   | select | auto_sel  | 0       |
|      or_ln1042_fu_1634_p2                             |     |        | or_ln1042       | or     | auto      | 0       |
|      select_ln1046_fu_1640_p3                         |     |        | select_ln1046   | select | auto_sel  | 0       |
|      icmp_ln1043_fu_1656_p2                           |     |        | icmp_ln1043     | seteq  | auto      | 0       |
|      xor_ln1048_fu_1661_p2                            |     |        | xor_ln1048      | xor    | auto      | 0       |
|      select_ln1043_fu_1667_p3                         |     |        | select_ln1043   | select | auto_sel  | 0       |
|      or_ln1043_fu_1675_p2                             |     |        | or_ln1043       | or     | auto      | 0       |
|      select_ln1048_fu_1681_p3                         |     |        | select_ln1048   | select | auto_sel  | 0       |
|      phi_ln1046_fu_1689_p3                            |     |        | phi_ln1046      | select | auto_sel  | 0       |
|      phi_ln1048_fu_1696_p3                            |     |        | phi_ln1048      | select | auto_sel  | 0       |
|      icmp_ln1052_fu_637_p2                            |     |        | icmp_ln1052     | setne  | auto      | 0       |
|      and_ln1052_fu_643_p2                             |     |        | and_ln1052      | and    | auto      | 0       |
|  + ZipperRemoval                                      | 0   |        |                 |        |           |         |
|    loopWidth_fu_120_p2                                |     |        | loopWidth       | add    | fabric    | 0       |
|    icmp_ln1099_fu_174_p2                              |     |        | icmp_ln1099     | seteq  | auto      | 0       |
|    y_2_fu_179_p2                                      |     |        | y_2             | add    | fabric    | 0       |
|   + ZipperRemoval_Pipeline_VITIS_LOOP_1101_2          | 0   |        |                 |        |           |         |
|     icmp_ln1101_fu_217_p2                             |     |        | icmp_ln1101     | seteq  | auto      | 0       |
|     x_2_fu_223_p2                                     |     |        | x_2             | add    | fabric    | 0       |
|     icmp_ln1107_fu_229_p2                             |     |        | icmp_ln1107     | setlt  | auto      | 0       |
|     add_ln1129_fu_371_p2                              |     |        | add_ln1129      | add    | fabric    | 0       |
|     icmp_ln1144_fu_573_p2                             |     |        | icmp_ln1144     | setlt  | auto      | 0       |
|     icmp_ln1144_1_fu_579_p2                           |     |        | icmp_ln1144_1   | setlt  | auto      | 0       |
|     xor_ln1144_fu_584_p2                              |     |        | xor_ln1144      | xor    | auto      | 0       |
|     and_ln1144_fu_590_p2                              |     |        | and_ln1144      | and    | auto      | 0       |
|     icmp_ln1144_2_fu_596_p2                           |     |        | icmp_ln1144_2   | setlt  | auto      | 0       |
|     xor_ln1144_1_fu_602_p2                            |     |        | xor_ln1144_1    | xor    | auto      | 0       |
|     icmp_ln1144_3_fu_608_p2                           |     |        | icmp_ln1144_3   | setlt  | auto      | 0       |
|     and_ln1144_1_fu_613_p2                            |     |        | and_ln1144_1    | and    | auto      | 0       |
|     add_ln1147_fu_422_p2                              |     |        | add_ln1147      | add    | fabric    | 0       |
|     add_ln1147_1_fu_432_p2                            |     |        | add_ln1147_1    | add    | fabric    | 0       |
|     add_ln1148_fu_467_p2                              |     |        | add_ln1148      | add    | fabric    | 0       |
|     add_ln1148_1_fu_477_p2                            |     |        | add_ln1148_1    | add    | fabric    | 0       |
|     add_ln1149_fu_512_p2                              |     |        | add_ln1149      | add    | fabric    | 0       |
|     add_ln1149_1_fu_522_p2                            |     |        | add_ln1149_1    | add    | fabric    | 0       |
|     or_ln1144_fu_619_p2                               |     |        | or_ln1144       | or     | auto      | 0       |
|     conv3_i_i719_fu_625_p3                            |     |        | conv3_i_i719    | select | auto_sel  | 0       |
|     conv3_i_i79718_fu_631_p3                          |     |        | conv3_i_i79718  | select | auto_sel  | 0       |
|     conv3_i_i188717_fu_637_p3                         |     |        | conv3_i_i188717 | select | auto_sel  | 0       |
|     icmp_ln1159_fu_235_p2                             |     |        | icmp_ln1159     | seteq  | auto      | 0       |
|  + MultiPixStream2AXIvideo                            | 0   |        |                 |        |           |         |
|    add_ln240_fu_126_p2                                |     |        | add_ln240       | add    | fabric    | 0       |
|    icmp_ln228_fu_132_p2                               |     |        | icmp_ln228      | seteq  | auto      | 0       |
|    icmp_ln228_1_fu_146_p2                             |     |        | icmp_ln228_1    | seteq  | auto      | 0       |
|    i_2_fu_151_p2                                      |     |        | i_2             | add    | fabric    | 0       |
|    and_ln228_fu_157_p2                                |     |        | and_ln228       | and    | auto      | 0       |
|   + MultiPixStream2AXIvideo_Pipeline_VITIS_LOOP_230_2 | 0   |        |                 |        |           |         |
|     icmp_ln230_fu_150_p2                              |     |        | icmp_ln230      | seteq  | auto      | 0       |
|     j_2_fu_156_p2                                     |     |        | j_2             | add    | fabric    | 0       |
|     icmp_ln240_fu_166_p2                              |     |        | icmp_ln240      | seteq  | auto      | 0       |
+-------------------------------------------------------+-----+--------+-----------------+--------+-----------+---------+


================================================================
== Storage Report
================================================================
+--------------------------------------------------+---------------+-------------+------+------+--------+---------------------+------+---------+------------------+
| Name                                             | Usage         | Type        | BRAM | URAM | Pragma | Variable            | Impl | Latency | Bitwidth, Depth, |
|                                                  |               |             |      |      |        |                     |      |         | Banks            |
+--------------------------------------------------+---------------+-------------+------+------+--------+---------------------+------+---------+------------------+
| + v_demosaic                                     |               |             | 30   | 0    |        |                     |      |         |                  |
|   CTRL_s_axi_U                                   | interface     | s_axilite   |      |      |        |                     |      |         |                  |
|   bayer_phase_c_U                                | fifo channel  | scalar prop |      |      |        | bayer_phase_c       | srl  | 0       | 16, 3, 1         |
|   imgBayer_U                                     | fifo channel  | stream      |      |      |        | imgBayer            | srl  | 0       | 10, 2, 1         |
|   imgRgb_U                                       | fifo channel  | stream      |      |      |        | imgRgb              | srl  | 0       | 30, 2, 1         |
|   imgUnzip_U                                     | fifo channel  | stream      |      |      |        | imgUnzip            | srl  | 0       | 30, 2, 1         |
|  + Debayer                                       |               |             | 30   | 0    |        |                     |      |         |                  |
|    imgG_U                                        | fifo channel  | stream      |      |      |        | imgG                | srl  | 0       | 30, 2, 1         |
|    height_val4_c3_U                              | fifo channel  | scalar prop |      |      |        | height_val4_c3      | srl  | 0       | 11, 2, 1         |
|    width_val8_c4_U                               | fifo channel  | scalar prop |      |      |        | width_val8_c4       | srl  | 0       | 11, 2, 1         |
|    bayerPhase_val11_c5_U                         | fifo channel  | scalar prop |      |      |        | bayerPhase_val11_c5 | srl  | 0       | 16, 2, 1         |
|    imgRB_U                                       | fifo channel  | stream      |      |      |        | imgRB               | srl  | 0       | 30, 2, 1         |
|    height_val4_c_U                               | fifo channel  | scalar prop |      |      |        | height_val4_c       | srl  | 0       | 11, 2, 1         |
|    width_val8_c_U                                | fifo channel  | scalar prop |      |      |        | width_val8_c        | srl  | 0       | 11, 2, 1         |
|    bayerPhase_val11_c_U                          | fifo channel  | scalar prop |      |      |        | bayerPhase_val11_c  | srl  | 0       | 16, 2, 1         |
|   + DebayerG                                     |               |             | 14   | 0    |        |                     |      |         |                  |
|    + DebayerG_Pipeline_VITIS_LOOP_318_4          |               |             | 14   | 0    |        |                     |      |         |                  |
|      linebuf_yuv_3_U                             | ram_s2p array |             | 2    |      |        | linebuf_yuv_3       | auto | 1       | 10, 1921, 1      |
|      linebuf_yuv_2_U                             | ram_s2p array |             | 2    |      |        | linebuf_yuv_2       | auto | 1       | 10, 1921, 1      |
|      linebuf_yuv_1_U                             | ram_s2p array |             | 2    |      |        | linebuf_yuv_1       | auto | 1       | 10, 1921, 1      |
|      linebuf_yuv_U                               | ram_s2p array |             | 2    |      |        | linebuf_yuv         | auto | 1       | 10, 1921, 1      |
|      DIV1_TABLE_U                                | rom_np        |             | 2    |      |        | DIV1_TABLE          | auto | 1       | 10, 1024, 1      |
|      DIV2_TABLE_U                                | rom_1p        |             | 4    |      |        | DIV2_TABLE          | auto | 1       | 18, 4096, 1      |
|   + DebayerRatBorBatR                            |               |             | 8    | 0    |        |                     |      |         |                  |
|    + DebayerRatBorBatR_Pipeline_VITIS_LOOP_633_2 |               |             | 8    | 0    |        |                     |      |         |                  |
|      lineBuffer_1_U                              | ram_s2p array |             | 4    |      |        | lineBuffer_1        | auto | 1       | 30, 1921, 1      |
|      lineBuffer_U                                | ram_s2p array |             | 4    |      |        | lineBuffer          | auto | 1       | 30, 1921, 1      |
|   + DebayerRandBatG                              |               |             | 8    | 0    |        |                     |      |         |                  |
|    + DebayerRandBatG_Pipeline_VITIS_LOOP_881_2   |               |             | 8    | 0    |        |                     |      |         |                  |
|      lineBuffer_2_U                              | ram_s2p array |             | 4    |      |        | lineBuffer_2        | auto | 1       | 30, 1921, 1      |
|      lineBuffer_U                                | ram_s2p array |             | 4    |      |        | lineBuffer          | auto | 1       | 30, 1921, 1      |
+--------------------------------------------------+---------------+-------------+------+------+--------+---------------------+------+---------+------------------+


================================================================
== Pragma Report
================================================================
* Pragmas with Warnings
+-----------+-----------------------+----------------------------------------------------------+-----------------------------------------------------------------------------------+
| Type      | Options               | Location                                                 | Messages                                                                          |
+-----------+-----------------------+----------------------------------------------------------+-----------------------------------------------------------------------------------+
| INTERFACE | ap_stable port=width  | in v_demosaic (prj/sol/.autopilot/db/v_demosaic.cpp:102) | 'Ap_stable' in '#pragma HLS INTERFACE' is deprecated, use 'Stable Pragma' instead |
| INTERFACE | ap_stable port=height | in v_demosaic (prj/sol/.autopilot/db/v_demosaic.cpp:104) | 'Ap_stable' in '#pragma HLS INTERFACE' is deprecated, use 'Stable Pragma' instead |
+-----------+-----------------------+----------------------------------------------------------+-----------------------------------------------------------------------------------+

* Inferred Pragmas
+----------+---------+-------------------------------------------------------------------------------------------------------------------------------------------------------------------------------------------------------------------------------------+-------------------------------+
| Type     | Options | Location                                                                                                                                                                                                                            | Inferred From                 |
+----------+---------+-------------------------------------------------------------------------------------------------------------------------------------------------------------------------------------------------------------------------------------+-------------------------------+
| PIPELINE |         | loop anonymous (C:/github/zybo_z7_cam_rpi_v2_5mp_hdmi/zybo_z7_imx219/zybo_z7_imx219.runs/design_1_v_demosaic_0_0_synth_1/prj/sol/.autopilot/db/v_demosaic.cpp:1089:33) in zipperremoval (prj/sol/.autopilot/db/v_demosaic.cpp:1089) | syn.compile.pipeline_loops=64 |
| PIPELINE |         | loop anonymous (C:/github/zybo_z7_cam_rpi_v2_5mp_hdmi/zybo_z7_imx219/zybo_z7_imx219.runs/design_1_v_demosaic_0_0_synth_1/prj/sol/.autopilot/db/v_demosaic.cpp:1090:30) in zipperremoval (prj/sol/.autopilot/db/v_demosaic.cpp:1090) | syn.compile.pipeline_loops=64 |
| PIPELINE |         | loop anonymous (C:/github/zybo_z7_cam_rpi_v2_5mp_hdmi/zybo_z7_imx219/zybo_z7_imx219.runs/design_1_v_demosaic_0_0_synth_1/prj/sol/.autopilot/db/v_demosaic.cpp:1091:30) in zipperremoval (prj/sol/.autopilot/db/v_demosaic.cpp:1091) | syn.compile.pipeline_loops=64 |
| PIPELINE |         | loop anonymous (C:/github/zybo_z7_cam_rpi_v2_5mp_hdmi/zybo_z7_imx219/zybo_z7_imx219.runs/design_1_v_demosaic_0_0_synth_1/prj/sol/.autopilot/db/v_demosaic.cpp:1092:30) in zipperremoval (prj/sol/.autopilot/db/v_demosaic.cpp:1092) | syn.compile.pipeline_loops=64 |
+----------+---------+-------------------------------------------------------------------------------------------------------------------------------------------------------------------------------------------------------------------------------------+-------------------------------+

* Valid Pragma Syntax
+----------------------+------------------------------------------------------+--------------------------------------------------------------------------------------------------------------------------------------------------------------------+
| Type                 | Options                                              | Location                                                                                                                                                           |
+----------------------+------------------------------------------------------+--------------------------------------------------------------------------------------------------------------------------------------------------------------------+
| INLINE               |                                                      | in axigetbitfields (../../zybo_z7_imx219.gen/sources_1/bd/design_1/ip/design_1_v_demosaic_0_0/src/hls/hls_axi_io.h:61)                                             |
| INLINE               |                                                      | in axigetbitfields (../../zybo_z7_imx219.gen/sources_1/bd/design_1/ip/design_1_v_demosaic_0_0/src/hls/hls_axi_io.h:68)                                             |
| INLINE               |                                                      | in axigetbitfields (../../zybo_z7_imx219.gen/sources_1/bd/design_1/ip/design_1_v_demosaic_0_0/src/hls/hls_axi_io.h:76)                                             |
| INLINE               |                                                      | in axigetbitfields (../../zybo_z7_imx219.gen/sources_1/bd/design_1/ip/design_1_v_demosaic_0_0/src/hls/hls_axi_io.h:84)                                             |
| INLINE               |                                                      | in axisetbitfields (../../zybo_z7_imx219.gen/sources_1/bd/design_1/ip/design_1_v_demosaic_0_0/src/hls/hls_axi_io.h:90)                                             |
| INLINE               |                                                      | in axisetbitfields (../../zybo_z7_imx219.gen/sources_1/bd/design_1/ip/design_1_v_demosaic_0_0/src/hls/hls_axi_io.h:97)                                             |
| INLINE               |                                                      | in axisetbitfields (../../zybo_z7_imx219.gen/sources_1/bd/design_1/ip/design_1_v_demosaic_0_0/src/hls/hls_axi_io.h:105)                                            |
| INLINE               |                                                      | in axisetbitfields (../../zybo_z7_imx219.gen/sources_1/bd/design_1/ip/design_1_v_demosaic_0_0/src/hls/hls_axi_io.h:113)                                            |
| INLINE               |                                                      | in apply (../../zybo_z7_imx219.gen/sources_1/bd/design_1/ip/design_1_v_demosaic_0_0/src/hls/hls_video_arithm.h:133)                                                |
| INLINE               |                                                      | in apply (../../zybo_z7_imx219.gen/sources_1/bd/design_1/ip/design_1_v_demosaic_0_0/src/hls/hls_video_arithm.h:147)                                                |
| INLINE               |                                                      | in apply (../../zybo_z7_imx219.gen/sources_1/bd/design_1/ip/design_1_v_demosaic_0_0/src/hls/hls_video_arithm.h:161)                                                |
| INLINE               |                                                      | in kernel_and_apply (../../zybo_z7_imx219.gen/sources_1/bd/design_1/ip/design_1_v_demosaic_0_0/src/hls/hls_video_arithm.h:173)                                     |
| INLINE               |                                                      | in kernel_and_apply (../../zybo_z7_imx219.gen/sources_1/bd/design_1/ip/design_1_v_demosaic_0_0/src/hls/hls_video_arithm.h:179)                                     |
| INLINE               |                                                      | in apply (../../zybo_z7_imx219.gen/sources_1/bd/design_1/ip/design_1_v_demosaic_0_0/src/hls/hls_video_arithm.h:191)                                                |
| INLINE               |                                                      | in apply (../../zybo_z7_imx219.gen/sources_1/bd/design_1/ip/design_1_v_demosaic_0_0/src/hls/hls_video_arithm.h:200)                                                |
| INLINE               |                                                      | in apply (../../zybo_z7_imx219.gen/sources_1/bd/design_1/ip/design_1_v_demosaic_0_0/src/hls/hls_video_arithm.h:209)                                                |
| INLINE               |                                                      | in apply (../../zybo_z7_imx219.gen/sources_1/bd/design_1/ip/design_1_v_demosaic_0_0/src/hls/hls_video_arithm.h:218)                                                |
| INLINE               |                                                      | in apply (../../zybo_z7_imx219.gen/sources_1/bd/design_1/ip/design_1_v_demosaic_0_0/src/hls/hls_video_arithm.h:232)                                                |
| INLINE               |                                                      | in apply (../../zybo_z7_imx219.gen/sources_1/bd/design_1/ip/design_1_v_demosaic_0_0/src/hls/hls_video_arithm.h:243)                                                |
| INLINE               |                                                      | in apply (../../zybo_z7_imx219.gen/sources_1/bd/design_1/ip/design_1_v_demosaic_0_0/src/hls/hls_video_arithm.h:254)                                                |
| INLINE               |                                                      | in apply (../../zybo_z7_imx219.gen/sources_1/bd/design_1/ip/design_1_v_demosaic_0_0/src/hls/hls_video_arithm.h:265)                                                |
| INLINE               |                                                      | in apply (../../zybo_z7_imx219.gen/sources_1/bd/design_1/ip/design_1_v_demosaic_0_0/src/hls/hls_video_arithm.h:278)                                                |
| INLINE               |                                                      | in apply (../../zybo_z7_imx219.gen/sources_1/bd/design_1/ip/design_1_v_demosaic_0_0/src/hls/hls_video_arithm.h:290)                                                |
| INLINE               |                                                      | in apply (../../zybo_z7_imx219.gen/sources_1/bd/design_1/ip/design_1_v_demosaic_0_0/src/hls/hls_video_arithm.h:306)                                                |
| INLINE               |                                                      | in apply (../../zybo_z7_imx219.gen/sources_1/bd/design_1/ip/design_1_v_demosaic_0_0/src/hls/hls_video_arithm.h:336)                                                |
| INLINE               |                                                      | in apply (../../zybo_z7_imx219.gen/sources_1/bd/design_1/ip/design_1_v_demosaic_0_0/src/hls/hls_video_arithm.h:345)                                                |
| LOOP_FLATTEN         | off                                                  | in arithm_pro (../../zybo_z7_imx219.gen/sources_1/bd/design_1/ip/design_1_v_demosaic_0_0/src/hls/hls_video_arithm.h:372)                                           |
| PIPELINE             | ii=1                                                 | in arithm_pro (../../zybo_z7_imx219.gen/sources_1/bd/design_1/ip/design_1_v_demosaic_0_0/src/hls/hls_video_arithm.h:373)                                           |
| LOOP_FLATTEN         | off                                                  | in arithm_pro (../../zybo_z7_imx219.gen/sources_1/bd/design_1/ip/design_1_v_demosaic_0_0/src/hls/hls_video_arithm.h:404)                                           |
| PIPELINE             | ii=1                                                 | in arithm_pro (../../zybo_z7_imx219.gen/sources_1/bd/design_1/ip/design_1_v_demosaic_0_0/src/hls/hls_video_arithm.h:405)                                           |
| LOOP_FLATTEN         | off                                                  | in arithm_pro (../../zybo_z7_imx219.gen/sources_1/bd/design_1/ip/design_1_v_demosaic_0_0/src/hls/hls_video_arithm.h:444)                                           |
| PIPELINE             | ii=1                                                 | in arithm_pro (../../zybo_z7_imx219.gen/sources_1/bd/design_1/ip/design_1_v_demosaic_0_0/src/hls/hls_video_arithm.h:445)                                           |
| LOOP_FLATTEN         | off                                                  | in arithm_pro (../../zybo_z7_imx219.gen/sources_1/bd/design_1/ip/design_1_v_demosaic_0_0/src/hls/hls_video_arithm.h:476)                                           |
| PIPELINE             | ii=1                                                 | in arithm_pro (../../zybo_z7_imx219.gen/sources_1/bd/design_1/ip/design_1_v_demosaic_0_0/src/hls/hls_video_arithm.h:477)                                           |
| LOOP_FLATTEN         | off                                                  | in arithm_pro (../../zybo_z7_imx219.gen/sources_1/bd/design_1/ip/design_1_v_demosaic_0_0/src/hls/hls_video_arithm.h:508)                                           |
| PIPELINE             | ii=1                                                 | in arithm_pro (../../zybo_z7_imx219.gen/sources_1/bd/design_1/ip/design_1_v_demosaic_0_0/src/hls/hls_video_arithm.h:509)                                           |
| UNROLL               |                                                      | in arithm_pro (../../zybo_z7_imx219.gen/sources_1/bd/design_1/ip/design_1_v_demosaic_0_0/src/hls/hls_video_arithm.h:540)                                           |
| LOOP_FLATTEN         | off                                                  | in arithm_pro (../../zybo_z7_imx219.gen/sources_1/bd/design_1/ip/design_1_v_demosaic_0_0/src/hls/hls_video_arithm.h:547)                                           |
| PIPELINE             | ii=1                                                 | in arithm_pro (../../zybo_z7_imx219.gen/sources_1/bd/design_1/ip/design_1_v_demosaic_0_0/src/hls/hls_video_arithm.h:548)                                           |
| UNROLL               |                                                      | in arithm_pro (../../zybo_z7_imx219.gen/sources_1/bd/design_1/ip/design_1_v_demosaic_0_0/src/hls/hls_video_arithm.h:572)                                           |
| LOOP_FLATTEN         | off                                                  | in arithm_pro (../../zybo_z7_imx219.gen/sources_1/bd/design_1/ip/design_1_v_demosaic_0_0/src/hls/hls_video_arithm.h:581)                                           |
| PIPELINE             | ii=1                                                 | in arithm_pro (../../zybo_z7_imx219.gen/sources_1/bd/design_1/ip/design_1_v_demosaic_0_0/src/hls/hls_video_arithm.h:582)                                           |
| ARRAY_PARTITION      | variable=dst_buffer complete dim=1                   | in reduce_opr (../../zybo_z7_imx219.gen/sources_1/bd/design_1/ip/design_1_v_demosaic_0_0/src/hls/hls_video_arithm.h:604)                                           |
| ARRAY_PARTITION      | variable=dst_buffer complete dim=2                   | in reduce_opr (../../zybo_z7_imx219.gen/sources_1/bd/design_1/ip/design_1_v_demosaic_0_0/src/hls/hls_video_arithm.h:605)                                           |
| UNROLL               |                                                      | in reduce_opr (../../zybo_z7_imx219.gen/sources_1/bd/design_1/ip/design_1_v_demosaic_0_0/src/hls/hls_video_arithm.h:612)                                           |
| LOOP_FLATTEN         | off                                                  | in reduce_opr (../../zybo_z7_imx219.gen/sources_1/bd/design_1/ip/design_1_v_demosaic_0_0/src/hls/hls_video_arithm.h:617)                                           |
| PIPELINE             | ii=1                                                 | in reduce_opr (../../zybo_z7_imx219.gen/sources_1/bd/design_1/ip/design_1_v_demosaic_0_0/src/hls/hls_video_arithm.h:618)                                           |
| UNROLL               |                                                      | in mins (../../zybo_z7_imx219.gen/sources_1/bd/design_1/ip/design_1_v_demosaic_0_0/src/hls/hls_video_arithm.h:721)                                                 |
| UNROLL               |                                                      | in maxs (../../zybo_z7_imx219.gen/sources_1/bd/design_1/ip/design_1_v_demosaic_0_0/src/hls/hls_video_arithm.h:741)                                                 |
| UNROLL               |                                                      | in zero (../../zybo_z7_imx219.gen/sources_1/bd/design_1/ip/design_1_v_demosaic_0_0/src/hls/hls_video_arithm.h:945)                                                 |
| UNROLL               |                                                      | in zero (../../zybo_z7_imx219.gen/sources_1/bd/design_1/ip/design_1_v_demosaic_0_0/src/hls/hls_video_arithm.h:957)                                                 |
| UNROLL               |                                                      | in cmps (../../zybo_z7_imx219.gen/sources_1/bd/design_1/ip/design_1_v_demosaic_0_0/src/hls/hls_video_arithm.h:1028)                                                |
| LOOP_FLATTEN         | off                                                  | in range (../../zybo_z7_imx219.gen/sources_1/bd/design_1/ip/design_1_v_demosaic_0_0/src/hls/hls_video_arithm.h:1104)                                               |
| PIPELINE             | ii=1                                                 | in range (../../zybo_z7_imx219.gen/sources_1/bd/design_1/ip/design_1_v_demosaic_0_0/src/hls/hls_video_arithm.h:1105)                                               |
| UNROLL               |                                                      | in sum (../../zybo_z7_imx219.gen/sources_1/bd/design_1/ip/design_1_v_demosaic_0_0/src/hls/hls_video_arithm.h:1124)                                                 |
| UNROLL               |                                                      | in avg (../../zybo_z7_imx219.gen/sources_1/bd/design_1/ip/design_1_v_demosaic_0_0/src/hls/hls_video_arithm.h:1140)                                                 |
| UNROLL               |                                                      | in avg (../../zybo_z7_imx219.gen/sources_1/bd/design_1/ip/design_1_v_demosaic_0_0/src/hls/hls_video_arithm.h:1158)                                                 |
| INLINE               |                                                      | in get_max_min (../../zybo_z7_imx219.gen/sources_1/bd/design_1/ip/design_1_v_demosaic_0_0/src/hls/hls_video_arithm.h:1235)                                         |
| LOOP_FLATTEN         | off                                                  | in get_max_min (../../zybo_z7_imx219.gen/sources_1/bd/design_1/ip/design_1_v_demosaic_0_0/src/hls/hls_video_arithm.h:1250)                                         |
| PIPELINE             | ii=1                                                 | in get_max_min (../../zybo_z7_imx219.gen/sources_1/bd/design_1/ip/design_1_v_demosaic_0_0/src/hls/hls_video_arithm.h:1251)                                         |
| INLINE               |                                                      | in get_max_min (../../zybo_z7_imx219.gen/sources_1/bd/design_1/ip/design_1_v_demosaic_0_0/src/hls/hls_video_arithm.h:1278)                                         |
| LOOP_FLATTEN         | off                                                  | in get_max_min (../../zybo_z7_imx219.gen/sources_1/bd/design_1/ip/design_1_v_demosaic_0_0/src/hls/hls_video_arithm.h:1294)                                         |
| PIPELINE             | ii=1                                                 | in get_max_min (../../zybo_z7_imx219.gen/sources_1/bd/design_1/ip/design_1_v_demosaic_0_0/src/hls/hls_video_arithm.h:1295)                                         |
| INLINE               |                                                      | in get_max_min (../../zybo_z7_imx219.gen/sources_1/bd/design_1/ip/design_1_v_demosaic_0_0/src/hls/hls_video_arithm.h:1330)                                         |
| LOOP_FLATTEN         | off                                                  | in get_max_min (../../zybo_z7_imx219.gen/sources_1/bd/design_1/ip/design_1_v_demosaic_0_0/src/hls/hls_video_arithm.h:1345)                                         |
| PIPELINE             | ii=1                                                 | in get_max_min (../../zybo_z7_imx219.gen/sources_1/bd/design_1/ip/design_1_v_demosaic_0_0/src/hls/hls_video_arithm.h:1346)                                         |
| INLINE               |                                                      | in get_max_min (../../zybo_z7_imx219.gen/sources_1/bd/design_1/ip/design_1_v_demosaic_0_0/src/hls/hls_video_arithm.h:1395)                                         |
| LOOP_FLATTEN         | off                                                  | in get_max_min (../../zybo_z7_imx219.gen/sources_1/bd/design_1/ip/design_1_v_demosaic_0_0/src/hls/hls_video_arithm.h:1411)                                         |
| PIPELINE             | ii=1                                                 | in get_max_min (../../zybo_z7_imx219.gen/sources_1/bd/design_1/ip/design_1_v_demosaic_0_0/src/hls/hls_video_arithm.h:1412)                                         |
| LOOP_FLATTEN         | off                                                  | in threshold (../../zybo_z7_imx219.gen/sources_1/bd/design_1/ip/design_1_v_demosaic_0_0/src/hls/hls_video_arithm.h:1507)                                           |
| PIPELINE             | ii=1                                                 | in threshold (../../zybo_z7_imx219.gen/sources_1/bd/design_1/ip/design_1_v_demosaic_0_0/src/hls/hls_video_arithm.h:1508)                                           |
| LOOP_FLATTEN         | off                                                  | in consume (../../zybo_z7_imx219.gen/sources_1/bd/design_1/ip/design_1_v_demosaic_0_0/src/hls/hls_video_arithm.h:1548)                                             |
| PIPELINE             | ii=1                                                 | in consume (../../zybo_z7_imx219.gen/sources_1/bd/design_1/ip/design_1_v_demosaic_0_0/src/hls/hls_video_arithm.h:1549)                                             |
| LOOP_FLATTEN         | off                                                  | in duplicate (../../zybo_z7_imx219.gen/sources_1/bd/design_1/ip/design_1_v_demosaic_0_0/src/hls/hls_video_arithm.h:1575)                                           |
| PIPELINE             | ii=1                                                 | in duplicate (../../zybo_z7_imx219.gen/sources_1/bd/design_1/ip/design_1_v_demosaic_0_0/src/hls/hls_video_arithm.h:1576)                                           |
| LOOP_FLATTEN         | off                                                  | in split (../../zybo_z7_imx219.gen/sources_1/bd/design_1/ip/design_1_v_demosaic_0_0/src/hls/hls_video_arithm.h:1606)                                               |
| PIPELINE             | ii=1                                                 | in split (../../zybo_z7_imx219.gen/sources_1/bd/design_1/ip/design_1_v_demosaic_0_0/src/hls/hls_video_arithm.h:1607)                                               |
| LOOP_FLATTEN         | off                                                  | in split (../../zybo_z7_imx219.gen/sources_1/bd/design_1/ip/design_1_v_demosaic_0_0/src/hls/hls_video_arithm.h:1639)                                               |
| PIPELINE             | ii=1                                                 | in split (../../zybo_z7_imx219.gen/sources_1/bd/design_1/ip/design_1_v_demosaic_0_0/src/hls/hls_video_arithm.h:1640)                                               |
| LOOP_FLATTEN         | off                                                  | in split (../../zybo_z7_imx219.gen/sources_1/bd/design_1/ip/design_1_v_demosaic_0_0/src/hls/hls_video_arithm.h:1675)                                               |
| PIPELINE             | ii=1                                                 | in split (../../zybo_z7_imx219.gen/sources_1/bd/design_1/ip/design_1_v_demosaic_0_0/src/hls/hls_video_arithm.h:1676)                                               |
| LOOP_FLATTEN         | off                                                  | in merge (../../zybo_z7_imx219.gen/sources_1/bd/design_1/ip/design_1_v_demosaic_0_0/src/hls/hls_video_arithm.h:1708)                                               |
| PIPELINE             | ii=1                                                 | in merge (../../zybo_z7_imx219.gen/sources_1/bd/design_1/ip/design_1_v_demosaic_0_0/src/hls/hls_video_arithm.h:1709)                                               |
| LOOP_FLATTEN         | off                                                  | in merge (../../zybo_z7_imx219.gen/sources_1/bd/design_1/ip/design_1_v_demosaic_0_0/src/hls/hls_video_arithm.h:1741)                                               |
| PIPELINE             | ii=1                                                 | in merge (../../zybo_z7_imx219.gen/sources_1/bd/design_1/ip/design_1_v_demosaic_0_0/src/hls/hls_video_arithm.h:1742)                                               |
| LOOP_FLATTEN         | off                                                  | in merge (../../zybo_z7_imx219.gen/sources_1/bd/design_1/ip/design_1_v_demosaic_0_0/src/hls/hls_video_arithm.h:1777)                                               |
| PIPELINE             | ii=1                                                 | in merge (../../zybo_z7_imx219.gen/sources_1/bd/design_1/ip/design_1_v_demosaic_0_0/src/hls/hls_video_arithm.h:1778)                                               |
| INLINE               |                                                      | in scalar<n, t> (../../zybo_z7_imx219.gen/sources_1/bd/design_1/ip/design_1_v_demosaic_0_0/src/hls/hls_video_core.h:197)                                           |
| ARRAY_PARTITION      | variable=val dim=1 complete                          | in scalar<n, t> (../../zybo_z7_imx219.gen/sources_1/bd/design_1/ip/design_1_v_demosaic_0_0/src/hls/hls_video_core.h:198)                                           |
| INLINE               |                                                      | in scalar<n, t> (../../zybo_z7_imx219.gen/sources_1/bd/design_1/ip/design_1_v_demosaic_0_0/src/hls/hls_video_core.h:202)                                           |
| ARRAY_PARTITION      | variable=val dim=1 complete                          | in scalar<n, t> (../../zybo_z7_imx219.gen/sources_1/bd/design_1/ip/design_1_v_demosaic_0_0/src/hls/hls_video_core.h:203)                                           |
| INLINE               |                                                      | in scalar<n, t> (../../zybo_z7_imx219.gen/sources_1/bd/design_1/ip/design_1_v_demosaic_0_0/src/hls/hls_video_core.h:208)                                           |
| ARRAY_PARTITION      | variable=val dim=1 complete                          | in scalar<n, t> (../../zybo_z7_imx219.gen/sources_1/bd/design_1/ip/design_1_v_demosaic_0_0/src/hls/hls_video_core.h:209)                                           |
| INLINE               |                                                      | in scalar<n, t> (../../zybo_z7_imx219.gen/sources_1/bd/design_1/ip/design_1_v_demosaic_0_0/src/hls/hls_video_core.h:214)                                           |
| ARRAY_PARTITION      | variable=val dim=1 complete                          | in scalar<n, t> (../../zybo_z7_imx219.gen/sources_1/bd/design_1/ip/design_1_v_demosaic_0_0/src/hls/hls_video_core.h:215)                                           |
| INLINE               |                                                      | in scalar<n, t> (../../zybo_z7_imx219.gen/sources_1/bd/design_1/ip/design_1_v_demosaic_0_0/src/hls/hls_video_core.h:220)                                           |
| ARRAY_PARTITION      | variable=val dim=1 complete                          | in scalar<n, t> (../../zybo_z7_imx219.gen/sources_1/bd/design_1/ip/design_1_v_demosaic_0_0/src/hls/hls_video_core.h:221)                                           |
| INLINE               |                                                      | in operator= (../../zybo_z7_imx219.gen/sources_1/bd/design_1/ip/design_1_v_demosaic_0_0/src/hls/hls_video_core.h:231)                                              |
| UNROLL               |                                                      | in operator= (../../zybo_z7_imx219.gen/sources_1/bd/design_1/ip/design_1_v_demosaic_0_0/src/hls/hls_video_core.h:233)                                              |
| INLINE               |                                                      | in operator= (../../zybo_z7_imx219.gen/sources_1/bd/design_1/ip/design_1_v_demosaic_0_0/src/hls/hls_video_core.h:252)                                              |
| UNROLL               |                                                      | in operator= (../../zybo_z7_imx219.gen/sources_1/bd/design_1/ip/design_1_v_demosaic_0_0/src/hls/hls_video_core.h:254)                                              |
| INLINE               |                                                      | in operator+ (../../zybo_z7_imx219.gen/sources_1/bd/design_1/ip/design_1_v_demosaic_0_0/src/hls/hls_video_core.h:261)                                              |
| UNROLL               |                                                      | in operator+ (../../zybo_z7_imx219.gen/sources_1/bd/design_1/ip/design_1_v_demosaic_0_0/src/hls/hls_video_core.h:264)                                              |
| INLINE               |                                                      | in operator+ (../../zybo_z7_imx219.gen/sources_1/bd/design_1/ip/design_1_v_demosaic_0_0/src/hls/hls_video_core.h:272)                                              |
| UNROLL               |                                                      | in operator+ (../../zybo_z7_imx219.gen/sources_1/bd/design_1/ip/design_1_v_demosaic_0_0/src/hls/hls_video_core.h:275)                                              |
| INLINE               |                                                      | in operator- (../../zybo_z7_imx219.gen/sources_1/bd/design_1/ip/design_1_v_demosaic_0_0/src/hls/hls_video_core.h:283)                                              |
| UNROLL               |                                                      | in operator- (../../zybo_z7_imx219.gen/sources_1/bd/design_1/ip/design_1_v_demosaic_0_0/src/hls/hls_video_core.h:286)                                              |
| INLINE               |                                                      | in operator- (../../zybo_z7_imx219.gen/sources_1/bd/design_1/ip/design_1_v_demosaic_0_0/src/hls/hls_video_core.h:294)                                              |
| UNROLL               |                                                      | in operator- (../../zybo_z7_imx219.gen/sources_1/bd/design_1/ip/design_1_v_demosaic_0_0/src/hls/hls_video_core.h:297)                                              |
| INLINE               |                                                      | in operator* (../../zybo_z7_imx219.gen/sources_1/bd/design_1/ip/design_1_v_demosaic_0_0/src/hls/hls_video_core.h:306)                                              |
| UNROLL               |                                                      | in operator* (../../zybo_z7_imx219.gen/sources_1/bd/design_1/ip/design_1_v_demosaic_0_0/src/hls/hls_video_core.h:309)                                              |
| INLINE               |                                                      | in operator* (../../zybo_z7_imx219.gen/sources_1/bd/design_1/ip/design_1_v_demosaic_0_0/src/hls/hls_video_core.h:317)                                              |
| UNROLL               |                                                      | in operator* (../../zybo_z7_imx219.gen/sources_1/bd/design_1/ip/design_1_v_demosaic_0_0/src/hls/hls_video_core.h:320)                                              |
| INLINE               |                                                      | in operator/ (../../zybo_z7_imx219.gen/sources_1/bd/design_1/ip/design_1_v_demosaic_0_0/src/hls/hls_video_core.h:329)                                              |
| UNROLL               |                                                      | in operator/ (../../zybo_z7_imx219.gen/sources_1/bd/design_1/ip/design_1_v_demosaic_0_0/src/hls/hls_video_core.h:332)                                              |
| INLINE               |                                                      | in operator/ (../../zybo_z7_imx219.gen/sources_1/bd/design_1/ip/design_1_v_demosaic_0_0/src/hls/hls_video_core.h:340)                                              |
| UNROLL               |                                                      | in operator/ (../../zybo_z7_imx219.gen/sources_1/bd/design_1/ip/design_1_v_demosaic_0_0/src/hls/hls_video_core.h:343)                                              |
| INLINE               |                                                      | in scalar_to_yuv422_8 (../../zybo_z7_imx219.gen/sources_1/bd/design_1/ip/design_1_v_demosaic_0_0/src/hls/hls_video_core.h:355)                                     |
| INLINE               |                                                      | in yuv422_8_to_scalar (../../zybo_z7_imx219.gen/sources_1/bd/design_1/ip/design_1_v_demosaic_0_0/src/hls/hls_video_core.h:363)                                     |
| INLINE               |                                                      | in scalar_to_yuv444_8 (../../zybo_z7_imx219.gen/sources_1/bd/design_1/ip/design_1_v_demosaic_0_0/src/hls/hls_video_core.h:373)                                     |
| INLINE               |                                                      | in yuv444_8_to_scalar (../../zybo_z7_imx219.gen/sources_1/bd/design_1/ip/design_1_v_demosaic_0_0/src/hls/hls_video_core.h:382)                                     |
| INLINE               |                                                      | in scalar_to_rgb_8 (../../zybo_z7_imx219.gen/sources_1/bd/design_1/ip/design_1_v_demosaic_0_0/src/hls/hls_video_core.h:393)                                        |
| INLINE               |                                                      | in rgb_8_to_scalar (../../zybo_z7_imx219.gen/sources_1/bd/design_1/ip/design_1_v_demosaic_0_0/src/hls/hls_video_core.h:402)                                        |
| INLINE               |                                                      | in scalar_to_yuva422_8 (../../zybo_z7_imx219.gen/sources_1/bd/design_1/ip/design_1_v_demosaic_0_0/src/hls/hls_video_core.h:413)                                    |
| INLINE               |                                                      | in yuva422_8_to_scalar (../../zybo_z7_imx219.gen/sources_1/bd/design_1/ip/design_1_v_demosaic_0_0/src/hls/hls_video_core.h:422)                                    |
| INLINE               |                                                      | in scalar_to_yuva444_8 (../../zybo_z7_imx219.gen/sources_1/bd/design_1/ip/design_1_v_demosaic_0_0/src/hls/hls_video_core.h:433)                                    |
| INLINE               |                                                      | in yuva444_8_to_scalar (../../zybo_z7_imx219.gen/sources_1/bd/design_1/ip/design_1_v_demosaic_0_0/src/hls/hls_video_core.h:443)                                    |
| INLINE               |                                                      | in scalar_to_rgba_8 (../../zybo_z7_imx219.gen/sources_1/bd/design_1/ip/design_1_v_demosaic_0_0/src/hls/hls_video_core.h:455)                                       |
| INLINE               |                                                      | in rgba_8_to_scalar (../../zybo_z7_imx219.gen/sources_1/bd/design_1/ip/design_1_v_demosaic_0_0/src/hls/hls_video_core.h:465)                                       |
| INLINE               |                                                      | in scalar_to_yuva420_8 (../../zybo_z7_imx219.gen/sources_1/bd/design_1/ip/design_1_v_demosaic_0_0/src/hls/hls_video_core.h:477)                                    |
| INLINE               |                                                      | in yuva420_8_to_scalar (../../zybo_z7_imx219.gen/sources_1/bd/design_1/ip/design_1_v_demosaic_0_0/src/hls/hls_video_core.h:485)                                    |
| INLINE               |                                                      | in scalar_to_yuvd422_8 (../../zybo_z7_imx219.gen/sources_1/bd/design_1/ip/design_1_v_demosaic_0_0/src/hls/hls_video_core.h:495)                                    |
| INLINE               |                                                      | in yuvd422_8_to_scalar (../../zybo_z7_imx219.gen/sources_1/bd/design_1/ip/design_1_v_demosaic_0_0/src/hls/hls_video_core.h:504)                                    |
| INLINE               |                                                      | in scalar_to_yuvd444_8 (../../zybo_z7_imx219.gen/sources_1/bd/design_1/ip/design_1_v_demosaic_0_0/src/hls/hls_video_core.h:515)                                    |
| INLINE               |                                                      | in yuvd444_8_to_scalar (../../zybo_z7_imx219.gen/sources_1/bd/design_1/ip/design_1_v_demosaic_0_0/src/hls/hls_video_core.h:525)                                    |
| INLINE               |                                                      | in scalar_to_rgbd_8 (../../zybo_z7_imx219.gen/sources_1/bd/design_1/ip/design_1_v_demosaic_0_0/src/hls/hls_video_core.h:537)                                       |
| INLINE               |                                                      | in rgbd_8_to_scalar (../../zybo_z7_imx219.gen/sources_1/bd/design_1/ip/design_1_v_demosaic_0_0/src/hls/hls_video_core.h:547)                                       |
| INLINE               |                                                      | in scalar_to_bayer_8 (../../zybo_z7_imx219.gen/sources_1/bd/design_1/ip/design_1_v_demosaic_0_0/src/hls/hls_video_core.h:559)                                      |
| INLINE               |                                                      | in bayer_8_to_scalar (../../zybo_z7_imx219.gen/sources_1/bd/design_1/ip/design_1_v_demosaic_0_0/src/hls/hls_video_core.h:566)                                      |
| INLINE               |                                                      | in scalar_to_luma_8 (../../zybo_z7_imx219.gen/sources_1/bd/design_1/ip/design_1_v_demosaic_0_0/src/hls/hls_video_core.h:575)                                       |
| INLINE               |                                                      | in luma_8_to_scalar (../../zybo_z7_imx219.gen/sources_1/bd/design_1/ip/design_1_v_demosaic_0_0/src/hls/hls_video_core.h:582)                                       |
| INLINE               |                                                      | in read (../../zybo_z7_imx219.gen/sources_1/bd/design_1/ip/design_1_v_demosaic_0_0/src/hls/hls_video_core.h:604)                                                   |
| INLINE               |                                                      | in write (../../zybo_z7_imx219.gen/sources_1/bd/design_1/ip/design_1_v_demosaic_0_0/src/hls/hls_video_core.h:611)                                                  |
| AGGREGATE            | variable=data_stream                                 | in write (../../zybo_z7_imx219.gen/sources_1/bd/design_1/ip/design_1_v_demosaic_0_0/src/hls/hls_video_core.h:612)                                                  |
| PROTOCOL             | floating                                             | in write (../../zybo_z7_imx219.gen/sources_1/bd/design_1/ip/design_1_v_demosaic_0_0/src/hls/hls_video_core.h:618)                                                  |
| UNROLL               |                                                      | in write (../../zybo_z7_imx219.gen/sources_1/bd/design_1/ip/design_1_v_demosaic_0_0/src/hls/hls_video_core.h:620)                                                  |
| INLINE               |                                                      | in operator>> (../../zybo_z7_imx219.gen/sources_1/bd/design_1/ip/design_1_v_demosaic_0_0/src/hls/hls_video_core.h:629)                                             |
| INLINE               |                                                      | in operator<< (../../zybo_z7_imx219.gen/sources_1/bd/design_1/ip/design_1_v_demosaic_0_0/src/hls/hls_video_core.h:636)                                             |
| INLINE               |                                                      | in mat<rows, cols, t> (../../zybo_z7_imx219.gen/sources_1/bd/design_1/ip/design_1_v_demosaic_0_0/src/hls/hls_video_core.h:654)                                     |
| INLINE               |                                                      | in mat<rows, cols, t> (../../zybo_z7_imx219.gen/sources_1/bd/design_1/ip/design_1_v_demosaic_0_0/src/hls/hls_video_core.h:660)                                     |
| INLINE               |                                                      | in mat<rows, cols, t> (../../zybo_z7_imx219.gen/sources_1/bd/design_1/ip/design_1_v_demosaic_0_0/src/hls/hls_video_core.h:666)                                     |
| INLINE               |                                                      | in init (../../zybo_z7_imx219.gen/sources_1/bd/design_1/ip/design_1_v_demosaic_0_0/src/hls/hls_video_core.h:672)                                                   |
| INLINE               |                                                      | in assignto (../../zybo_z7_imx219.gen/sources_1/bd/design_1/ip/design_1_v_demosaic_0_0/src/hls/hls_video_core.h:681)                                               |
| INLINE               |                                                      | in read (../../zybo_z7_imx219.gen/sources_1/bd/design_1/ip/design_1_v_demosaic_0_0/src/hls/hls_video_core.h:688)                                                   |
| PROTOCOL             | floating                                             | in read (../../zybo_z7_imx219.gen/sources_1/bd/design_1/ip/design_1_v_demosaic_0_0/src/hls/hls_video_core.h:695)                                                   |
| UNROLL               |                                                      | in read (../../zybo_z7_imx219.gen/sources_1/bd/design_1/ip/design_1_v_demosaic_0_0/src/hls/hls_video_core.h:697)                                                   |
| INLINE               |                                                      | in read (../../zybo_z7_imx219.gen/sources_1/bd/design_1/ip/design_1_v_demosaic_0_0/src/hls/hls_video_core.h:706)                                                   |
| INLINE               |                                                      | in write (../../zybo_z7_imx219.gen/sources_1/bd/design_1/ip/design_1_v_demosaic_0_0/src/hls/hls_video_core.h:712)                                                  |
| AGGREGATE            | variable=data_stream                                 | in write (../../zybo_z7_imx219.gen/sources_1/bd/design_1/ip/design_1_v_demosaic_0_0/src/hls/hls_video_core.h:713)                                                  |
| PROTOCOL             | floating                                             | in write (../../zybo_z7_imx219.gen/sources_1/bd/design_1/ip/design_1_v_demosaic_0_0/src/hls/hls_video_core.h:719)                                                  |
| UNROLL               |                                                      | in write (../../zybo_z7_imx219.gen/sources_1/bd/design_1/ip/design_1_v_demosaic_0_0/src/hls/hls_video_core.h:721)                                                  |
| INLINE               |                                                      | in operator>> (../../zybo_z7_imx219.gen/sources_1/bd/design_1/ip/design_1_v_demosaic_0_0/src/hls/hls_video_core.h:729)                                             |
| INLINE               |                                                      | in operator<< (../../zybo_z7_imx219.gen/sources_1/bd/design_1/ip/design_1_v_demosaic_0_0/src/hls/hls_video_core.h:735)                                             |
| INLINE               |                                                      | in empty (../../zybo_z7_imx219.gen/sources_1/bd/design_1/ip/design_1_v_demosaic_0_0/src/hls/hls_video_core.h:741)                                                  |
| UNROLL               |                                                      | in empty (../../zybo_z7_imx219.gen/sources_1/bd/design_1/ip/design_1_v_demosaic_0_0/src/hls/hls_video_core.h:744)                                                  |
| INLINE               |                                                      | in type (../../zybo_z7_imx219.gen/sources_1/bd/design_1/ip/design_1_v_demosaic_0_0/src/hls/hls_video_core.h:756)                                                   |
| INLINE               |                                                      | in depth (../../zybo_z7_imx219.gen/sources_1/bd/design_1/ip/design_1_v_demosaic_0_0/src/hls/hls_video_core.h:762)                                                  |
| INLINE               |                                                      | in channels (../../zybo_z7_imx219.gen/sources_1/bd/design_1/ip/design_1_v_demosaic_0_0/src/hls/hls_video_core.h:767)                                               |
| INLINE               |                                                      | in fast_pixel_diff (../../zybo_z7_imx219.gen/sources_1/bd/design_1/ip/design_1_v_demosaic_0_0/src/hls/hls_video_fast.h:65)                                         |
| INLINE               |                                                      | in corescore (../../zybo_z7_imx219.gen/sources_1/bd/design_1/ip/design_1_v_demosaic_0_0/src/hls/hls_video_fast.h:107)                                              |
| ARRAY_PARTITION      | variable=flag_d_min2 dim=0                           | in corescore (../../zybo_z7_imx219.gen/sources_1/bd/design_1/ip/design_1_v_demosaic_0_0/src/hls/hls_video_fast.h:115)                                              |
| ARRAY_PARTITION      | variable=flag_d_max2 dim=0                           | in corescore (../../zybo_z7_imx219.gen/sources_1/bd/design_1/ip/design_1_v_demosaic_0_0/src/hls/hls_video_fast.h:116)                                              |
| ARRAY_PARTITION      | variable=flag_d_min4 dim=0                           | in corescore (../../zybo_z7_imx219.gen/sources_1/bd/design_1/ip/design_1_v_demosaic_0_0/src/hls/hls_video_fast.h:117)                                              |
| ARRAY_PARTITION      | variable=flag_d_max4 dim=0                           | in corescore (../../zybo_z7_imx219.gen/sources_1/bd/design_1/ip/design_1_v_demosaic_0_0/src/hls/hls_video_fast.h:118)                                              |
| ARRAY_PARTITION      | variable=flag_val dim=0                              | in fast_judge (../../zybo_z7_imx219.gen/sources_1/bd/design_1/ip/design_1_v_demosaic_0_0/src/hls/hls_video_fast.h:176)                                             |
| ARRAY_PARTITION      | variable=flag_d dim=0                                | in fast_judge (../../zybo_z7_imx219.gen/sources_1/bd/design_1/ip/design_1_v_demosaic_0_0/src/hls/hls_video_fast.h:177)                                             |
| INLINE               |                                                      | in fast_judge (../../zybo_z7_imx219.gen/sources_1/bd/design_1/ip/design_1_v_demosaic_0_0/src/hls/hls_video_fast.h:179)                                             |
| INLINE               |                                                      | in fast_nonmax (../../zybo_z7_imx219.gen/sources_1/bd/design_1/ip/design_1_v_demosaic_0_0/src/hls/hls_video_fast.h:209)                                            |
| ARRAY_PARTITION      | variable=flag_val dim=0                              | in fast_t_opr (../../zybo_z7_imx219.gen/sources_1/bd/design_1/ip/design_1_v_demosaic_0_0/src/hls/hls_video_fast.h:251)                                             |
| ARRAY_PARTITION      | variable=flag_d dim=0                                | in fast_t_opr (../../zybo_z7_imx219.gen/sources_1/bd/design_1/ip/design_1_v_demosaic_0_0/src/hls/hls_video_fast.h:252)                                             |
| LOOP_FLATTEN         | off                                                  | in fast_t_opr (../../zybo_z7_imx219.gen/sources_1/bd/design_1/ip/design_1_v_demosaic_0_0/src/hls/hls_video_fast.h:262)                                             |
| PIPELINE             | ii=1                                                 | in fast_t_opr (../../zybo_z7_imx219.gen/sources_1/bd/design_1/ip/design_1_v_demosaic_0_0/src/hls/hls_video_fast.h:263)                                             |
| INLINE               |                                                      | in fastx (../../zybo_z7_imx219.gen/sources_1/bd/design_1/ip/design_1_v_demosaic_0_0/src/hls/hls_video_fast.h:340)                                                  |
| ARRAY_PARTITION      | variable=flag_val dim=0                              | in fast_t_opr (../../zybo_z7_imx219.gen/sources_1/bd/design_1/ip/design_1_v_demosaic_0_0/src/hls/hls_video_fast.h:368)                                             |
| ARRAY_PARTITION      | variable=flag_d dim=0                                | in fast_t_opr (../../zybo_z7_imx219.gen/sources_1/bd/design_1/ip/design_1_v_demosaic_0_0/src/hls/hls_video_fast.h:369)                                             |
| LOOP_FLATTEN         | off                                                  | in fast_t_opr (../../zybo_z7_imx219.gen/sources_1/bd/design_1/ip/design_1_v_demosaic_0_0/src/hls/hls_video_fast.h:379)                                             |
| PIPELINE             | ii=1                                                 | in fast_t_opr (../../zybo_z7_imx219.gen/sources_1/bd/design_1/ip/design_1_v_demosaic_0_0/src/hls/hls_video_fast.h:380)                                             |
| INLINE               |                                                      | in fastx (../../zybo_z7_imx219.gen/sources_1/bd/design_1/ip/design_1_v_demosaic_0_0/src/hls/hls_video_fast.h:462)                                                  |
| LOOP_FLATTEN         | off                                                  | in paintmask (../../zybo_z7_imx219.gen/sources_1/bd/design_1/ip/design_1_v_demosaic_0_0/src/hls/hls_video_fast.h:490)                                              |
| PIPELINE             | ii=1                                                 | in paintmask (../../zybo_z7_imx219.gen/sources_1/bd/design_1/ip/design_1_v_demosaic_0_0/src/hls/hls_video_fast.h:491)                                              |
| ARRAY_PARTITION      | variable=rect complete dim=1                         | in haarfeature (../../zybo_z7_imx219.gen/sources_1/bd/design_1/ip/design_1_v_demosaic_0_0/src/hls/hls_video_haar.h:73)                                             |
| ARRAY_PARTITION      | variable=haar_feature complete dim=1                 | in haarclassifier<feature_max> (../../zybo_z7_imx219.gen/sources_1/bd/design_1/ip/design_1_v_demosaic_0_0/src/hls/hls_video_haar.h:84)                             |
| ARRAY_PARTITION      | variable=classifier complete dim=1                   | in haarstageclassifier<stage, classifier_all, feature_max> (../../zybo_z7_imx219.gen/sources_1/bd/design_1/ip/design_1_v_demosaic_0_0/src/hls/hls_video_haar.h:99) |
| INLINE               |                                                      | in intergral_win (../../zybo_z7_imx219.gen/sources_1/bd/design_1/ip/design_1_v_demosaic_0_0/src/hls/hls_video_haar.h:188)                                          |
| INLINE               | off                                                  | in icvevalhidhaarclassifier (../../zybo_z7_imx219.gen/sources_1/bd/design_1/ip/design_1_v_demosaic_0_0/src/hls/hls_video_haar.h:205)                               |
| FUNCTION_INSTANTIATE | variable=classifier                                  | in icvevalhidhaarclassifier (../../zybo_z7_imx219.gen/sources_1/bd/design_1/ip/design_1_v_demosaic_0_0/src/hls/hls_video_haar.h:206)                               |
| INLINE               |                                                      | in runhaarclassifiercascade (../../zybo_z7_imx219.gen/sources_1/bd/design_1/ip/design_1_v_demosaic_0_0/src/hls/hls_video_haar.h:241)                               |
| LOOP_FLATTEN         | off                                                  | in haarclassifierobject_opr (../../zybo_z7_imx219.gen/sources_1/bd/design_1/ip/design_1_v_demosaic_0_0/src/hls/hls_video_haar.h:298)                               |
| PIPELINE             |                                                      | in haarclassifierobject_opr (../../zybo_z7_imx219.gen/sources_1/bd/design_1/ip/design_1_v_demosaic_0_0/src/hls/hls_video_haar.h:299)                               |
| DEPENDENCE           | array inter false                                    | in haarclassifierobject_opr (../../zybo_z7_imx219.gen/sources_1/bd/design_1/ip/design_1_v_demosaic_0_0/src/hls/hls_video_haar.h:300)                               |
| EXPRESSION_BALANCE   | off                                                  | in haarclassifierobject_opr (../../zybo_z7_imx219.gen/sources_1/bd/design_1/ip/design_1_v_demosaic_0_0/src/hls/hls_video_haar.h:303)                               |
| INLINE               |                                                      | in haarclassifierobject (../../zybo_z7_imx219.gen/sources_1/bd/design_1/ip/design_1_v_demosaic_0_0/src/hls/hls_video_haar.h:412)                                   |
| PIPELINE             |                                                      | in combin_mask (../../zybo_z7_imx219.gen/sources_1/bd/design_1/ip/design_1_v_demosaic_0_0/src/hls/hls_video_haar.h:476)                                            |
| INLINE               |                                                      | in haarclassifierobject_group (../../zybo_z7_imx219.gen/sources_1/bd/design_1/ip/design_1_v_demosaic_0_0/src/hls/hls_video_haar.h:517)                             |
| INLINE               |                                                      | in ismax (../../zybo_z7_imx219.gen/sources_1/bd/design_1/ip/design_1_v_demosaic_0_0/src/hls/hls_video_harris.h:104)                                                |
| LOOP_TRIPCOUNT       | MAX=ROWS                                             | in findmax (../../zybo_z7_imx219.gen/sources_1/bd/design_1/ip/design_1_v_demosaic_0_0/src/hls/hls_video_harris.h:131)                                              |
| DEPENDENCE           | ARRAY INTER FALSE                                    | in findmax (../../zybo_z7_imx219.gen/sources_1/bd/design_1/ip/design_1_v_demosaic_0_0/src/hls/hls_video_harris.h:134)                                              |
| LOOP_TRIPCOUNT       | MAX=COLS                                             | in findmax (../../zybo_z7_imx219.gen/sources_1/bd/design_1/ip/design_1_v_demosaic_0_0/src/hls/hls_video_harris.h:135)                                              |
| LOOP_FLATTEN         | off                                                  | in findmax (../../zybo_z7_imx219.gen/sources_1/bd/design_1/ip/design_1_v_demosaic_0_0/src/hls/hls_video_harris.h:136)                                              |
| PIPELINE             | ii=1                                                 | in findmax (../../zybo_z7_imx219.gen/sources_1/bd/design_1/ip/design_1_v_demosaic_0_0/src/hls/hls_video_harris.h:137)                                              |
| LOOP_TRIPCOUNT       | MAX=ROWS                                             | in calcim (../../zybo_z7_imx219.gen/sources_1/bd/design_1/ip/design_1_v_demosaic_0_0/src/hls/hls_video_harris.h:200)                                               |
| DEPENDENCE           | ARRAY INTER FALSE                                    | in calcim (../../zybo_z7_imx219.gen/sources_1/bd/design_1/ip/design_1_v_demosaic_0_0/src/hls/hls_video_harris.h:203)                                               |
| LOOP_TRIPCOUNT       | MAX=COLS                                             | in calcim (../../zybo_z7_imx219.gen/sources_1/bd/design_1/ip/design_1_v_demosaic_0_0/src/hls/hls_video_harris.h:204)                                               |
| LOOP_FLATTEN         | off                                                  | in calcim (../../zybo_z7_imx219.gen/sources_1/bd/design_1/ip/design_1_v_demosaic_0_0/src/hls/hls_video_harris.h:205)                                               |
| PIPELINE             | ii=1                                                 | in calcim (../../zybo_z7_imx219.gen/sources_1/bd/design_1/ip/design_1_v_demosaic_0_0/src/hls/hls_video_harris.h:206)                                               |
| INLINE               |                                                      | in harris_opr (../../zybo_z7_imx219.gen/sources_1/bd/design_1/ip/design_1_v_demosaic_0_0/src/hls/hls_video_harris.h:230)                                           |
| DATAFLOW             |                                                      | in harris_opr (../../zybo_z7_imx219.gen/sources_1/bd/design_1/ip/design_1_v_demosaic_0_0/src/hls/hls_video_harris.h:231)                                           |
| INLINE               |                                                      | in cornerharris (../../zybo_z7_imx219.gen/sources_1/bd/design_1/ip/design_1_v_demosaic_0_0/src/hls/hls_video_harris.h:286)                                         |
| INLINE               |                                                      | in harris (../../zybo_z7_imx219.gen/sources_1/bd/design_1/ip/design_1_v_demosaic_0_0/src/hls/hls_video_harris.h:327)                                               |
| UNROLL               |                                                      | in equalize (../../zybo_z7_imx219.gen/sources_1/bd/design_1/ip/design_1_v_demosaic_0_0/src/hls/hls_video_histogram.h:80)                                           |
| PIPELINE             |                                                      | in equalize (../../zybo_z7_imx219.gen/sources_1/bd/design_1/ip/design_1_v_demosaic_0_0/src/hls/hls_video_histogram.h:96)                                           |
| LOOP_FLATTEN         | OFF                                                  | in equalize (../../zybo_z7_imx219.gen/sources_1/bd/design_1/ip/design_1_v_demosaic_0_0/src/hls/hls_video_histogram.h:97)                                           |
| DEPENDENCE           | array inter false                                    | in equalize (../../zybo_z7_imx219.gen/sources_1/bd/design_1/ip/design_1_v_demosaic_0_0/src/hls/hls_video_histogram.h:98)                                           |
| LATENCY              | min=0 max=1                                          | in equalize (../../zybo_z7_imx219.gen/sources_1/bd/design_1/ip/design_1_v_demosaic_0_0/src/hls/hls_video_histogram.h:114)                                          |
| PIPELINE             |                                                      | in equalize (../../zybo_z7_imx219.gen/sources_1/bd/design_1/ip/design_1_v_demosaic_0_0/src/hls/hls_video_histogram.h:159)                                          |
| PIPELINE             |                                                      | in equalize (../../zybo_z7_imx219.gen/sources_1/bd/design_1/ip/design_1_v_demosaic_0_0/src/hls/hls_video_histogram.h:170)                                          |
| INLINE               |                                                      | in equalizehist (../../zybo_z7_imx219.gen/sources_1/bd/design_1/ip/design_1_v_demosaic_0_0/src/hls/hls_video_histogram.h:194)                                      |
| ARRAY_PARTITION      | variable=addr complete dim=0                         | in houghpolar (../../zybo_z7_imx219.gen/sources_1/bd/design_1/ip/design_1_v_demosaic_0_0/src/hls/hls_video_hough.h:120)                                            |
| ARRAY_PARTITION      | variable=accbuf complete dim=0                       | in houghpolar (../../zybo_z7_imx219.gen/sources_1/bd/design_1/ip/design_1_v_demosaic_0_0/src/hls/hls_video_hough.h:121)                                            |
| ARRAY_PARTITION      | variable=sinval complete dim=0                       | in houghpolar (../../zybo_z7_imx219.gen/sources_1/bd/design_1/ip/design_1_v_demosaic_0_0/src/hls/hls_video_hough.h:127)                                            |
| ARRAY_PARTITION      | variable=cosval complete dim=0                       | in houghpolar (../../zybo_z7_imx219.gen/sources_1/bd/design_1/ip/design_1_v_demosaic_0_0/src/hls/hls_video_hough.h:128)                                            |
| PIPELINE             |                                                      | in houghpolar (../../zybo_z7_imx219.gen/sources_1/bd/design_1/ip/design_1_v_demosaic_0_0/src/hls/hls_video_hough.h:133)                                            |
| PIPELINE             |                                                      | in houghpolar (../../zybo_z7_imx219.gen/sources_1/bd/design_1/ip/design_1_v_demosaic_0_0/src/hls/hls_video_hough.h:151)                                            |
| DEPENDENCE           | array inter false                                    | in houghpolar (../../zybo_z7_imx219.gen/sources_1/bd/design_1/ip/design_1_v_demosaic_0_0/src/hls/hls_video_hough.h:152)                                            |
| ARRAY_PARTITION      | variable=&accum_buf complete dim=1                   | in sort_insert (../../zybo_z7_imx219.gen/sources_1/bd/design_1/ip/design_1_v_demosaic_0_0/src/hls/hls_video_hough.h:194)                                           |
| ARRAY_PARTITION      | variable=lines_val complete dim=1                    | in sort_insert (../../zybo_z7_imx219.gen/sources_1/bd/design_1/ip/design_1_v_demosaic_0_0/src/hls/hls_video_hough.h:195)                                           |
| ARRAY_PARTITION      | variable=lines complete dim=0                        | in sort_insert (../../zybo_z7_imx219.gen/sources_1/bd/design_1/ip/design_1_v_demosaic_0_0/src/hls/hls_video_hough.h:196)                                           |
| ARRAY_PARTITION      | variable=&accum_win complete dim=0                   | in sort_insert (../../zybo_z7_imx219.gen/sources_1/bd/design_1/ip/design_1_v_demosaic_0_0/src/hls/hls_video_hough.h:197)                                           |
| ARRAY_PARTITION      | variable=lines_flag complete dim=0                   | in sort_insert (../../zybo_z7_imx219.gen/sources_1/bd/design_1/ip/design_1_v_demosaic_0_0/src/hls/hls_video_hough.h:198)                                           |
| DEPENDENCE           | array intra false                                    | in sort_insert (../../zybo_z7_imx219.gen/sources_1/bd/design_1/ip/design_1_v_demosaic_0_0/src/hls/hls_video_hough.h:214)                                           |
| DEPENDENCE           | array inter false                                    | in sort_insert (../../zybo_z7_imx219.gen/sources_1/bd/design_1/ip/design_1_v_demosaic_0_0/src/hls/hls_video_hough.h:215)                                           |
| PIPELINE             |                                                      | in sort_insert (../../zybo_z7_imx219.gen/sources_1/bd/design_1/ip/design_1_v_demosaic_0_0/src/hls/hls_video_hough.h:216)                                           |
| ARRAY_PARTITION      | variable=_accum complete dim=1                       | in houghlines2 (../../zybo_z7_imx219.gen/sources_1/bd/design_1/ip/design_1_v_demosaic_0_0/src/hls/hls_video_hough.h:336)                                           |
| INLINE               |                                                      | in borderinterpolate (../../zybo_z7_imx219.gen/sources_1/bd/design_1/ip/design_1_v_demosaic_0_0/src/hls/hls_video_imgbase.h:131)                                   |
| INLINE               |                                                      | in normalizeanchor (../../zybo_z7_imx219.gen/sources_1/bd/design_1/ip/design_1_v_demosaic_0_0/src/hls/hls_video_imgbase.h:177)                                     |
| LOOP_TRIPCOUNT       | min=20 max=2000                                      | in duplicateimagen (../../zybo_z7_imx219.gen/sources_1/bd/design_1/ip/design_1_v_demosaic_0_0/src/hls/hls_video_imgbase.h:204)                                     |
| LOOP_TRIPCOUNT       | min=20 max=2000                                      | in duplicateimagen (../../zybo_z7_imx219.gen/sources_1/bd/design_1/ip/design_1_v_demosaic_0_0/src/hls/hls_video_imgbase.h:206)                                     |
| PIPELINE             |                                                      | in duplicateimagen (../../zybo_z7_imx219.gen/sources_1/bd/design_1/ip/design_1_v_demosaic_0_0/src/hls/hls_video_imgbase.h:208)                                     |
| INLINE               |                                                      | in apply (../../zybo_z7_imx219.gen/sources_1/bd/design_1/ip/design_1_v_demosaic_0_0/src/hls/hls_video_imgproc.h:166)                                               |
| INLINE               |                                                      | in apply (../../zybo_z7_imx219.gen/sources_1/bd/design_1/ip/design_1_v_demosaic_0_0/src/hls/hls_video_imgproc.h:192)                                               |
| INLINE               |                                                      | in apply (../../zybo_z7_imx219.gen/sources_1/bd/design_1/ip/design_1_v_demosaic_0_0/src/hls/hls_video_imgproc.h:294)                                               |
| INLINE               |                                                      | in apply (../../zybo_z7_imx219.gen/sources_1/bd/design_1/ip/design_1_v_demosaic_0_0/src/hls/hls_video_imgproc.h:316)                                               |
| INLINE               |                                                      | in getstructuringelement (../../zybo_z7_imx219.gen/sources_1/bd/design_1/ip/design_1_v_demosaic_0_0/src/hls/hls_video_imgproc.h:330)                               |
| INLINE               |                                                      | in fill_pixelkernel (../../zybo_z7_imx219.gen/sources_1/bd/design_1/ip/design_1_v_demosaic_0_0/src/hls/hls_video_imgproc.h:387)                                    |
| INLINE               |                                                      | in filter (../../zybo_z7_imx219.gen/sources_1/bd/design_1/ip/design_1_v_demosaic_0_0/src/hls/hls_video_imgproc.h:410)                                              |
| ARRAY_PARTITION      | variable=col_buf complete dim=0                      | in filter (../../zybo_z7_imx219.gen/sources_1/bd/design_1/ip/design_1_v_demosaic_0_0/src/hls/hls_video_imgproc.h:427)                                              |
| ARRAY_PARTITION      | variable=&kernel complete dim=0                      | in filter (../../zybo_z7_imx219.gen/sources_1/bd/design_1/ip/design_1_v_demosaic_0_0/src/hls/hls_video_imgproc.h:428)                                              |
| ARRAY_PARTITION      | variable=src_kernel_win complete dim=0               | in filter (../../zybo_z7_imx219.gen/sources_1/bd/design_1/ip/design_1_v_demosaic_0_0/src/hls/hls_video_imgproc.h:429)                                              |
| ARRAY_PARTITION      | variable=k_buf complete dim=1                        | in filter (../../zybo_z7_imx219.gen/sources_1/bd/design_1/ip/design_1_v_demosaic_0_0/src/hls/hls_video_imgproc.h:430)                                              |
| ARRAY_PARTITION      | variable=right_border_buf complete dim=0             | in filter (../../zybo_z7_imx219.gen/sources_1/bd/design_1/ip/design_1_v_demosaic_0_0/src/hls/hls_video_imgproc.h:431)                                              |
| DEPENDENCE           | array inter false                                    | in filter (../../zybo_z7_imx219.gen/sources_1/bd/design_1/ip/design_1_v_demosaic_0_0/src/hls/hls_video_imgproc.h:461)                                              |
| LOOP_FLATTEN         | OFF                                                  | in filter (../../zybo_z7_imx219.gen/sources_1/bd/design_1/ip/design_1_v_demosaic_0_0/src/hls/hls_video_imgproc.h:462)                                              |
| PIPELINE             |                                                      | in filter (../../zybo_z7_imx219.gen/sources_1/bd/design_1/ip/design_1_v_demosaic_0_0/src/hls/hls_video_imgproc.h:463)                                              |
| INLINE               |                                                      | in get_parameters (../../zybo_z7_imx219.gen/sources_1/bd/design_1/ip/design_1_v_demosaic_0_0/src/hls/hls_video_imgproc.h:541)                                      |
| INLINE               |                                                      | in filter (../../zybo_z7_imx219.gen/sources_1/bd/design_1/ip/design_1_v_demosaic_0_0/src/hls/hls_video_imgproc.h:603)                                              |
| ARRAY_PARTITION      | variable=&kernel complete dim=0                      | in filter (../../zybo_z7_imx219.gen/sources_1/bd/design_1/ip/design_1_v_demosaic_0_0/src/hls/hls_video_imgproc.h:612)                                              |
| ARRAY_PARTITION      | variable=src_kernel_win complete dim=0               | in filter (../../zybo_z7_imx219.gen/sources_1/bd/design_1/ip/design_1_v_demosaic_0_0/src/hls/hls_video_imgproc.h:613)                                              |
| ARRAY_PARTITION      | variable=k_buf complete dim=1                        | in filter (../../zybo_z7_imx219.gen/sources_1/bd/design_1/ip/design_1_v_demosaic_0_0/src/hls/hls_video_imgproc.h:614)                                              |
| ARRAY_PARTITION      | variable=col_buf complete dim=0                      | in filter (../../zybo_z7_imx219.gen/sources_1/bd/design_1/ip/design_1_v_demosaic_0_0/src/hls/hls_video_imgproc.h:615)                                              |
| LOOP_FLATTEN         | OFF                                                  | in filter (../../zybo_z7_imx219.gen/sources_1/bd/design_1/ip/design_1_v_demosaic_0_0/src/hls/hls_video_imgproc.h:642)                                              |
| PIPELINE             |                                                      | in filter (../../zybo_z7_imx219.gen/sources_1/bd/design_1/ip/design_1_v_demosaic_0_0/src/hls/hls_video_imgproc.h:643)                                              |
| ARRAY_PARTITION      | variable=col_buf complete dim=0                      | in column_filter (../../zybo_z7_imx219.gen/sources_1/bd/design_1/ip/design_1_v_demosaic_0_0/src/hls/hls_video_imgproc.h:730)                                       |
| ARRAY_PARTITION      | variable=&kernelY complete dim=0                     | in column_filter (../../zybo_z7_imx219.gen/sources_1/bd/design_1/ip/design_1_v_demosaic_0_0/src/hls/hls_video_imgproc.h:731)                                       |
| ARRAY_PARTITION      | variable=src_kernel_winY complete dim=0              | in column_filter (../../zybo_z7_imx219.gen/sources_1/bd/design_1/ip/design_1_v_demosaic_0_0/src/hls/hls_video_imgproc.h:732)                                       |
| ARRAY_PARTITION      | variable=k_buf complete dim=1                        | in column_filter (../../zybo_z7_imx219.gen/sources_1/bd/design_1/ip/design_1_v_demosaic_0_0/src/hls/hls_video_imgproc.h:733)                                       |
| DEPENDENCE           | array inter false                                    | in column_filter (../../zybo_z7_imx219.gen/sources_1/bd/design_1/ip/design_1_v_demosaic_0_0/src/hls/hls_video_imgproc.h:776)                                       |
| LOOP_FLATTEN         | OFF                                                  | in column_filter (../../zybo_z7_imx219.gen/sources_1/bd/design_1/ip/design_1_v_demosaic_0_0/src/hls/hls_video_imgproc.h:777)                                       |
| PIPELINE             |                                                      | in column_filter (../../zybo_z7_imx219.gen/sources_1/bd/design_1/ip/design_1_v_demosaic_0_0/src/hls/hls_video_imgproc.h:778)                                       |
| ARRAY_PARTITION      | variable=&kernelX complete dim=0                     | in row_filter (../../zybo_z7_imx219.gen/sources_1/bd/design_1/ip/design_1_v_demosaic_0_0/src/hls/hls_video_imgproc.h:864)                                          |
| ARRAY_PARTITION      | variable=src_kernel_winX complete dim=0              | in row_filter (../../zybo_z7_imx219.gen/sources_1/bd/design_1/ip/design_1_v_demosaic_0_0/src/hls/hls_video_imgproc.h:865)                                          |
| ARRAY_PARTITION      | variable=src_kernel_winX_temp complete dim=0         | in row_filter (../../zybo_z7_imx219.gen/sources_1/bd/design_1/ip/design_1_v_demosaic_0_0/src/hls/hls_video_imgproc.h:866)                                          |
| ARRAY_PARTITION      | variable=row_buf complete dim=0                      | in row_filter (../../zybo_z7_imx219.gen/sources_1/bd/design_1/ip/design_1_v_demosaic_0_0/src/hls/hls_video_imgproc.h:867)                                          |
| ARRAY_PARTITION      | variable=l_border_buf complete dim=1                 | in row_filter (../../zybo_z7_imx219.gen/sources_1/bd/design_1/ip/design_1_v_demosaic_0_0/src/hls/hls_video_imgproc.h:868)                                          |
| ARRAY_PARTITION      | variable=r_border_buf complete dim=1                 | in row_filter (../../zybo_z7_imx219.gen/sources_1/bd/design_1/ip/design_1_v_demosaic_0_0/src/hls/hls_video_imgproc.h:869)                                          |
| DEPENDENCE           | array inter false                                    | in row_filter (../../zybo_z7_imx219.gen/sources_1/bd/design_1/ip/design_1_v_demosaic_0_0/src/hls/hls_video_imgproc.h:925)                                          |
| LOOP_FLATTEN         | OFF                                                  | in row_filter (../../zybo_z7_imx219.gen/sources_1/bd/design_1/ip/design_1_v_demosaic_0_0/src/hls/hls_video_imgproc.h:926)                                          |
| PIPELINE             |                                                      | in row_filter (../../zybo_z7_imx219.gen/sources_1/bd/design_1/ip/design_1_v_demosaic_0_0/src/hls/hls_video_imgproc.h:927)                                          |
| INLINE               |                                                      | in filter (../../zybo_z7_imx219.gen/sources_1/bd/design_1/ip/design_1_v_demosaic_0_0/src/hls/hls_video_imgproc.h:993)                                              |
| DATAFLOW             |                                                      | in filter (../../zybo_z7_imx219.gen/sources_1/bd/design_1/ip/design_1_v_demosaic_0_0/src/hls/hls_video_imgproc.h:994)                                              |
| INLINE               |                                                      | in filter (../../zybo_z7_imx219.gen/sources_1/bd/design_1/ip/design_1_v_demosaic_0_0/src/hls/hls_video_imgproc.h:1016)                                             |
| INLINE               |                                                      | in filter (../../zybo_z7_imx219.gen/sources_1/bd/design_1/ip/design_1_v_demosaic_0_0/src/hls/hls_video_imgproc.h:1037)                                             |
| ARRAY_PARTITION      | variable=&kernelX complete dim=0                     | in filter (../../zybo_z7_imx219.gen/sources_1/bd/design_1/ip/design_1_v_demosaic_0_0/src/hls/hls_video_imgproc.h:1048)                                             |
| ARRAY_PARTITION      | variable=&kernelY complete dim=0                     | in filter (../../zybo_z7_imx219.gen/sources_1/bd/design_1/ip/design_1_v_demosaic_0_0/src/hls/hls_video_imgproc.h:1049)                                             |
| ARRAY_PARTITION      | variable=src_kernel_winX complete dim=0              | in filter (../../zybo_z7_imx219.gen/sources_1/bd/design_1/ip/design_1_v_demosaic_0_0/src/hls/hls_video_imgproc.h:1050)                                             |
| ARRAY_PARTITION      | variable=src_kernel_winX_temp complete dim=0         | in filter (../../zybo_z7_imx219.gen/sources_1/bd/design_1/ip/design_1_v_demosaic_0_0/src/hls/hls_video_imgproc.h:1051)                                             |
| ARRAY_PARTITION      | variable=src_kernel_winY complete dim=0              | in filter (../../zybo_z7_imx219.gen/sources_1/bd/design_1/ip/design_1_v_demosaic_0_0/src/hls/hls_video_imgproc.h:1052)                                             |
| ARRAY_PARTITION      | variable=k_buf complete dim=1                        | in filter (../../zybo_z7_imx219.gen/sources_1/bd/design_1/ip/design_1_v_demosaic_0_0/src/hls/hls_video_imgproc.h:1053)                                             |
| LOOP_FLATTEN         | OFF                                                  | in filter (../../zybo_z7_imx219.gen/sources_1/bd/design_1/ip/design_1_v_demosaic_0_0/src/hls/hls_video_imgproc.h:1074)                                             |
| PIPELINE             |                                                      | in filter (../../zybo_z7_imx219.gen/sources_1/bd/design_1/ip/design_1_v_demosaic_0_0/src/hls/hls_video_imgproc.h:1075)                                             |
| INLINE               |                                                      | in filter (../../zybo_z7_imx219.gen/sources_1/bd/design_1/ip/design_1_v_demosaic_0_0/src/hls/hls_video_imgproc.h:1144)                                             |
| DATAFLOW             |                                                      | in filter_opr_iter (../../zybo_z7_imx219.gen/sources_1/bd/design_1/ip/design_1_v_demosaic_0_0/src/hls/hls_video_imgproc.h:1171)                                    |
| ARRAY_PARTITION      | dim=1 type=complete variable=internal                | in filter_opr_iter (../../zybo_z7_imx219.gen/sources_1/bd/design_1/ip/design_1_v_demosaic_0_0/src/hls/hls_video_imgproc.h:1173)                                    |
| UNROLL               |                                                      | in filter_opr_iter (../../zybo_z7_imx219.gen/sources_1/bd/design_1/ip/design_1_v_demosaic_0_0/src/hls/hls_video_imgproc.h:1177)                                    |
| INLINE               |                                                      | in morp_opr (../../zybo_z7_imx219.gen/sources_1/bd/design_1/ip/design_1_v_demosaic_0_0/src/hls/hls_video_imgproc.h:1188)                                           |
| INLINE               |                                                      | in morp_opr (../../zybo_z7_imx219.gen/sources_1/bd/design_1/ip/design_1_v_demosaic_0_0/src/hls/hls_video_imgproc.h:1210)                                           |
| INLINE               |                                                      | in erode (../../zybo_z7_imx219.gen/sources_1/bd/design_1/ip/design_1_v_demosaic_0_0/src/hls/hls_video_imgproc.h:1255)                                              |
| INLINE               |                                                      | in dilate (../../zybo_z7_imx219.gen/sources_1/bd/design_1/ip/design_1_v_demosaic_0_0/src/hls/hls_video_imgproc.h:1282)                                             |
| INLINE               |                                                      | in convert (../../zybo_z7_imx219.gen/sources_1/bd/design_1/ip/design_1_v_demosaic_0_0/src/hls/hls_video_imgproc.h:1507)                                            |
| INLINE               |                                                      | in max (../../zybo_z7_imx219.gen/sources_1/bd/design_1/ip/design_1_v_demosaic_0_0/src/hls/hls_video_imgproc.h:1523)                                                |
| INLINE               |                                                      | in min (../../zybo_z7_imx219.gen/sources_1/bd/design_1/ip/design_1_v_demosaic_0_0/src/hls/hls_video_imgproc.h:1532)                                                |
| INLINE               |                                                      | in apply (../../zybo_z7_imx219.gen/sources_1/bd/design_1/ip/design_1_v_demosaic_0_0/src/hls/hls_video_imgproc.h:1569)                                              |
| INLINE               |                                                      | in apply (../../zybo_z7_imx219.gen/sources_1/bd/design_1/ip/design_1_v_demosaic_0_0/src/hls/hls_video_imgproc.h:1580)                                              |
| INLINE               |                                                      | in apply (../../zybo_z7_imx219.gen/sources_1/bd/design_1/ip/design_1_v_demosaic_0_0/src/hls/hls_video_imgproc.h:1721)                                              |
| INLINE               |                                                      | in apply (../../zybo_z7_imx219.gen/sources_1/bd/design_1/ip/design_1_v_demosaic_0_0/src/hls/hls_video_imgproc.h:1786)                                              |
| ARRAY_PARTITION      | variable=tab dim=0 complete                          | in apply (../../zybo_z7_imx219.gen/sources_1/bd/design_1/ip/design_1_v_demosaic_0_0/src/hls/hls_video_imgproc.h:1797)                                              |
| INLINE               |                                                      | in apply (../../zybo_z7_imx219.gen/sources_1/bd/design_1/ip/design_1_v_demosaic_0_0/src/hls/hls_video_imgproc.h:1836)                                              |
| INLINE               |                                                      | in apply (../../zybo_z7_imx219.gen/sources_1/bd/design_1/ip/design_1_v_demosaic_0_0/src/hls/hls_video_imgproc.h:1919)                                              |
| ARRAY_PARTITION      | variable=tab dim=0 complete                          | in apply (../../zybo_z7_imx219.gen/sources_1/bd/design_1/ip/design_1_v_demosaic_0_0/src/hls/hls_video_imgproc.h:1930)                                              |
| LOOP_FLATTEN         | OFF                                                  | in cvtcolor (../../zybo_z7_imx219.gen/sources_1/bd/design_1/ip/design_1_v_demosaic_0_0/src/hls/hls_video_imgproc.h:1985)                                           |
| PIPELINE             |                                                      | in cvtcolor (../../zybo_z7_imx219.gen/sources_1/bd/design_1/ip/design_1_v_demosaic_0_0/src/hls/hls_video_imgproc.h:1986)                                           |
| LOOP_FLATTEN         | OFF                                                  | in integral (../../zybo_z7_imx219.gen/sources_1/bd/design_1/ip/design_1_v_demosaic_0_0/src/hls/hls_video_imgproc.h:2012)                                           |
| PIPELINE             |                                                      | in integral (../../zybo_z7_imx219.gen/sources_1/bd/design_1/ip/design_1_v_demosaic_0_0/src/hls/hls_video_imgproc.h:2013)                                           |
| LOOP_FLATTEN         | OFF                                                  | in integral (../../zybo_z7_imx219.gen/sources_1/bd/design_1/ip/design_1_v_demosaic_0_0/src/hls/hls_video_imgproc.h:2052)                                           |
| PIPELINE             |                                                      | in integral (../../zybo_z7_imx219.gen/sources_1/bd/design_1/ip/design_1_v_demosaic_0_0/src/hls/hls_video_imgproc.h:2053)                                           |
| INLINE               | off                                                  | in init_scale_coefficients (../../zybo_z7_imx219.gen/sources_1/bd/design_1/ip/design_1_v_demosaic_0_0/src/hls/hls_video_imgproc.h:2089)                            |
| INLINE               |                                                      | in scale_operator (../../zybo_z7_imx219.gen/sources_1/bd/design_1/ip/design_1_v_demosaic_0_0/src/hls/hls_video_imgproc.h:2120)                                     |
| ARRAY_PARTITION      | variable= temp_in dim=0 complete                     | in resize_opr_bicubic (../../zybo_z7_imx219.gen/sources_1/bd/design_1/ip/design_1_v_demosaic_0_0/src/hls/hls_video_imgproc.h:2160)                                 |
| ARRAY_PARTITION      | variable= temp_out dim=0 complete                    | in resize_opr_bicubic (../../zybo_z7_imx219.gen/sources_1/bd/design_1/ip/design_1_v_demosaic_0_0/src/hls/hls_video_imgproc.h:2161)                                 |
| ARRAY_PARTITION      | variable= h_fir dim=0 complete                       | in resize_opr_bicubic (../../zybo_z7_imx219.gen/sources_1/bd/design_1/ip/design_1_v_demosaic_0_0/src/hls/hls_video_imgproc.h:2162)                                 |
| ARRAY_PARTITION      | variable= v_fir dim=0 complete                       | in resize_opr_bicubic (../../zybo_z7_imx219.gen/sources_1/bd/design_1/ip/design_1_v_demosaic_0_0/src/hls/hls_video_imgproc.h:2163)                                 |
| ARRAY_PARTITION      | variable=hcoeffs dim=2 complete                      | in resize_opr_bicubic (../../zybo_z7_imx219.gen/sources_1/bd/design_1/ip/design_1_v_demosaic_0_0/src/hls/hls_video_imgproc.h:2164)                                 |
| ARRAY_PARTITION      | variable=vcoeffs dim=2 complete                      | in resize_opr_bicubic (../../zybo_z7_imx219.gen/sources_1/bd/design_1/ip/design_1_v_demosaic_0_0/src/hls/hls_video_imgproc.h:2165)                                 |
| PIPELINE             |                                                      | in resize_opr_bicubic (../../zybo_z7_imx219.gen/sources_1/bd/design_1/ip/design_1_v_demosaic_0_0/src/hls/hls_video_imgproc.h:2187)                                 |
| LOOP_FLATTEN         | off                                                  | in resize_opr_bicubic (../../zybo_z7_imx219.gen/sources_1/bd/design_1/ip/design_1_v_demosaic_0_0/src/hls/hls_video_imgproc.h:2188)                                 |
| DEPENDENCE           | array inter false                                    | in resize_opr_bicubic (../../zybo_z7_imx219.gen/sources_1/bd/design_1/ip/design_1_v_demosaic_0_0/src/hls/hls_video_imgproc.h:2189)                                 |
| LOOP_FLATTEN         | OFF                                                  | in resize_opr_linear (../../zybo_z7_imx219.gen/sources_1/bd/design_1/ip/design_1_v_demosaic_0_0/src/hls/hls_video_imgproc.h:2331)                                  |
| DEPENDENCE           | array inter false                                    | in resize_opr_linear (../../zybo_z7_imx219.gen/sources_1/bd/design_1/ip/design_1_v_demosaic_0_0/src/hls/hls_video_imgproc.h:2332)                                  |
| PIPELINE             |                                                      | in resize_opr_linear (../../zybo_z7_imx219.gen/sources_1/bd/design_1/ip/design_1_v_demosaic_0_0/src/hls/hls_video_imgproc.h:2333)                                  |
| LOOP_FLATTEN         | OFF                                                  | in convertscale (../../zybo_z7_imx219.gen/sources_1/bd/design_1/ip/design_1_v_demosaic_0_0/src/hls/hls_video_imgproc.h:2515)                                       |
| PIPELINE             |                                                      | in convertscale (../../zybo_z7_imx219.gen/sources_1/bd/design_1/ip/design_1_v_demosaic_0_0/src/hls/hls_video_imgproc.h:2516)                                       |
| LOOP_FLATTEN         | OFF                                                  | in convertscaleabs (../../zybo_z7_imx219.gen/sources_1/bd/design_1/ip/design_1_v_demosaic_0_0/src/hls/hls_video_imgproc.h:2544)                                    |
| PIPELINE             |                                                      | in convertscaleabs (../../zybo_z7_imx219.gen/sources_1/bd/design_1/ip/design_1_v_demosaic_0_0/src/hls/hls_video_imgproc.h:2545)                                    |
| INLINE               | off                                                  | in getgaussiankernel (../../zybo_z7_imx219.gen/sources_1/bd/design_1/ip/design_1_v_demosaic_0_0/src/hls/hls_video_imgproc.h:2653)                                  |
| INLINE               |                                                      | in pyrup_opr (../../zybo_z7_imx219.gen/sources_1/bd/design_1/ip/design_1_v_demosaic_0_0/src/hls/hls_video_imgproc.h:2790)                                          |
| ARRAY_PARTITION      | variable=col_buf complete dim=0                      | in pyrup_opr (../../zybo_z7_imx219.gen/sources_1/bd/design_1/ip/design_1_v_demosaic_0_0/src/hls/hls_video_imgproc.h:2801)                                          |
| ARRAY_PARTITION      | variable=&kernel complete dim=0                      | in pyrup_opr (../../zybo_z7_imx219.gen/sources_1/bd/design_1/ip/design_1_v_demosaic_0_0/src/hls/hls_video_imgproc.h:2802)                                          |
| ARRAY_PARTITION      | variable=src_kernel_win complete dim=0               | in pyrup_opr (../../zybo_z7_imx219.gen/sources_1/bd/design_1/ip/design_1_v_demosaic_0_0/src/hls/hls_video_imgproc.h:2803)                                          |
| ARRAY_PARTITION      | variable=k_buf complete dim=1                        | in pyrup_opr (../../zybo_z7_imx219.gen/sources_1/bd/design_1/ip/design_1_v_demosaic_0_0/src/hls/hls_video_imgproc.h:2804)                                          |
| ARRAY_PARTITION      | variable=right_border_buf complete dim=0             | in pyrup_opr (../../zybo_z7_imx219.gen/sources_1/bd/design_1/ip/design_1_v_demosaic_0_0/src/hls/hls_video_imgproc.h:2805)                                          |
| LOOP_FLATTEN         | OFF                                                  | in pyrup_opr (../../zybo_z7_imx219.gen/sources_1/bd/design_1/ip/design_1_v_demosaic_0_0/src/hls/hls_video_imgproc.h:2817)                                          |
| DEPENDENCE           | array inter false                                    | in pyrup_opr (../../zybo_z7_imx219.gen/sources_1/bd/design_1/ip/design_1_v_demosaic_0_0/src/hls/hls_video_imgproc.h:2818)                                          |
| PIPELINE             |                                                      | in pyrup_opr (../../zybo_z7_imx219.gen/sources_1/bd/design_1/ip/design_1_v_demosaic_0_0/src/hls/hls_video_imgproc.h:2819)                                          |
| INLINE               |                                                      | in pyrdown_opr (../../zybo_z7_imx219.gen/sources_1/bd/design_1/ip/design_1_v_demosaic_0_0/src/hls/hls_video_imgproc.h:2986)                                        |
| ARRAY_PARTITION      | variable=col_buf complete dim=0                      | in pyrdown_opr (../../zybo_z7_imx219.gen/sources_1/bd/design_1/ip/design_1_v_demosaic_0_0/src/hls/hls_video_imgproc.h:2997)                                        |
| ARRAY_PARTITION      | variable=&kernel complete dim=0                      | in pyrdown_opr (../../zybo_z7_imx219.gen/sources_1/bd/design_1/ip/design_1_v_demosaic_0_0/src/hls/hls_video_imgproc.h:2998)                                        |
| ARRAY_PARTITION      | variable=src_kernel_win complete dim=0               | in pyrdown_opr (../../zybo_z7_imx219.gen/sources_1/bd/design_1/ip/design_1_v_demosaic_0_0/src/hls/hls_video_imgproc.h:2999)                                        |
| ARRAY_PARTITION      | variable=k_buf complete dim=1                        | in pyrdown_opr (../../zybo_z7_imx219.gen/sources_1/bd/design_1/ip/design_1_v_demosaic_0_0/src/hls/hls_video_imgproc.h:3000)                                        |
| ARRAY_PARTITION      | variable=right_border_buf complete dim=0             | in pyrdown_opr (../../zybo_z7_imx219.gen/sources_1/bd/design_1/ip/design_1_v_demosaic_0_0/src/hls/hls_video_imgproc.h:3001)                                        |
| LOOP_FLATTEN         | OFF                                                  | in pyrdown_opr (../../zybo_z7_imx219.gen/sources_1/bd/design_1/ip/design_1_v_demosaic_0_0/src/hls/hls_video_imgproc.h:3018)                                        |
| DEPENDENCE           | array inter false                                    | in pyrdown_opr (../../zybo_z7_imx219.gen/sources_1/bd/design_1/ip/design_1_v_demosaic_0_0/src/hls/hls_video_imgproc.h:3019)                                        |
| PIPELINE             |                                                      | in pyrdown_opr (../../zybo_z7_imx219.gen/sources_1/bd/design_1/ip/design_1_v_demosaic_0_0/src/hls/hls_video_imgproc.h:3020)                                        |
| PIPELINE             | ii=1                                                 | in axivideo2mat (../../zybo_z7_imx219.gen/sources_1/bd/design_1/ip/design_1_v_demosaic_0_0/src/hls/hls_video_io.h:80)                                              |
| LOOP_TRIPCOUNT       | avg=0 max=0                                          | in axivideo2mat (../../zybo_z7_imx219.gen/sources_1/bd/design_1/ip/design_1_v_demosaic_0_0/src/hls/hls_video_io.h:81)                                              |
| LOOP_FLATTEN         | off                                                  | in axivideo2mat (../../zybo_z7_imx219.gen/sources_1/bd/design_1/ip/design_1_v_demosaic_0_0/src/hls/hls_video_io.h:88)                                              |
| PIPELINE             | ii=1                                                 | in axivideo2mat (../../zybo_z7_imx219.gen/sources_1/bd/design_1/ip/design_1_v_demosaic_0_0/src/hls/hls_video_io.h:89)                                              |
| PIPELINE             | ii=1                                                 | in axivideo2mat (../../zybo_z7_imx219.gen/sources_1/bd/design_1/ip/design_1_v_demosaic_0_0/src/hls/hls_video_io.h:111)                                             |
| LOOP_TRIPCOUNT       | avg=0 max=0                                          | in axivideo2mat (../../zybo_z7_imx219.gen/sources_1/bd/design_1/ip/design_1_v_demosaic_0_0/src/hls/hls_video_io.h:112)                                             |
| LOOP_FLATTEN         | off                                                  | in mat2axivideo (../../zybo_z7_imx219.gen/sources_1/bd/design_1/ip/design_1_v_demosaic_0_0/src/hls/hls_video_io.h:141)                                             |
| PIPELINE             | ii=1                                                 | in mat2axivideo (../../zybo_z7_imx219.gen/sources_1/bd/design_1/ip/design_1_v_demosaic_0_0/src/hls/hls_video_io.h:142)                                             |
| LOOP_FLATTEN         | off                                                  | in array2mat (../../zybo_z7_imx219.gen/sources_1/bd/design_1/ip/design_1_v_demosaic_0_0/src/hls/hls_video_io.h:190)                                                |
| PIPELINE             | ii=1                                                 | in array2mat (../../zybo_z7_imx219.gen/sources_1/bd/design_1/ip/design_1_v_demosaic_0_0/src/hls/hls_video_io.h:191)                                                |
| UNROLL               |                                                      | in array2mat (../../zybo_z7_imx219.gen/sources_1/bd/design_1/ip/design_1_v_demosaic_0_0/src/hls/hls_video_io.h:197)                                                |
| LOOP_FLATTEN         | off                                                  | in mat2array (../../zybo_z7_imx219.gen/sources_1/bd/design_1/ip/design_1_v_demosaic_0_0/src/hls/hls_video_io.h:256)                                                |
| PIPELINE             | ii=1                                                 | in mat2array (../../zybo_z7_imx219.gen/sources_1/bd/design_1/ip/design_1_v_demosaic_0_0/src/hls/hls_video_io.h:257)                                                |
| UNROLL               |                                                      | in mat2array (../../zybo_z7_imx219.gen/sources_1/bd/design_1/ip/design_1_v_demosaic_0_0/src/hls/hls_video_io.h:262)                                                |
| ARRAY_PARTITION      | variable=val dim=1 complete                          | in window<rows, cols, t> (../../zybo_z7_imx219.gen/sources_1/bd/design_1/ip/design_1_v_demosaic_0_0/src/hls/hls_video_mem.h:66)                                    |
| ARRAY_PARTITION      | variable=val dim=2 complete                          | in window<rows, cols, t> (../../zybo_z7_imx219.gen/sources_1/bd/design_1/ip/design_1_v_demosaic_0_0/src/hls/hls_video_mem.h:67)                                    |
| INLINE               |                                                      | in shift_pixels_left (../../zybo_z7_imx219.gen/sources_1/bd/design_1/ip/design_1_v_demosaic_0_0/src/hls/hls_video_mem.h:128)                                       |
| UNROLL               |                                                      | in shift_pixels_left (../../zybo_z7_imx219.gen/sources_1/bd/design_1/ip/design_1_v_demosaic_0_0/src/hls/hls_video_mem.h:138)                                       |
| UNROLL               |                                                      | in shift_pixels_left (../../zybo_z7_imx219.gen/sources_1/bd/design_1/ip/design_1_v_demosaic_0_0/src/hls/hls_video_mem.h:140)                                       |
| INLINE               |                                                      | in shift_pixels_right (../../zybo_z7_imx219.gen/sources_1/bd/design_1/ip/design_1_v_demosaic_0_0/src/hls/hls_video_mem.h:166)                                      |
| UNROLL               |                                                      | in shift_pixels_right (../../zybo_z7_imx219.gen/sources_1/bd/design_1/ip/design_1_v_demosaic_0_0/src/hls/hls_video_mem.h:176)                                      |
| UNROLL               |                                                      | in shift_pixels_right (../../zybo_z7_imx219.gen/sources_1/bd/design_1/ip/design_1_v_demosaic_0_0/src/hls/hls_video_mem.h:178)                                      |
| INLINE               |                                                      | in shift_pixels_up (../../zybo_z7_imx219.gen/sources_1/bd/design_1/ip/design_1_v_demosaic_0_0/src/hls/hls_video_mem.h:204)                                         |
| UNROLL               |                                                      | in shift_pixels_up (../../zybo_z7_imx219.gen/sources_1/bd/design_1/ip/design_1_v_demosaic_0_0/src/hls/hls_video_mem.h:214)                                         |
| UNROLL               |                                                      | in shift_pixels_up (../../zybo_z7_imx219.gen/sources_1/bd/design_1/ip/design_1_v_demosaic_0_0/src/hls/hls_video_mem.h:216)                                         |
| INLINE               |                                                      | in shift_pixels_down (../../zybo_z7_imx219.gen/sources_1/bd/design_1/ip/design_1_v_demosaic_0_0/src/hls/hls_video_mem.h:242)                                       |
| UNROLL               |                                                      | in shift_pixels_down (../../zybo_z7_imx219.gen/sources_1/bd/design_1/ip/design_1_v_demosaic_0_0/src/hls/hls_video_mem.h:252)                                       |
| UNROLL               |                                                      | in shift_pixels_down (../../zybo_z7_imx219.gen/sources_1/bd/design_1/ip/design_1_v_demosaic_0_0/src/hls/hls_video_mem.h:254)                                       |
| INLINE               |                                                      | in insert_pixel (../../zybo_z7_imx219.gen/sources_1/bd/design_1/ip/design_1_v_demosaic_0_0/src/hls/hls_video_mem.h:279)                                            |
| INLINE               |                                                      | in insert_row (../../zybo_z7_imx219.gen/sources_1/bd/design_1/ip/design_1_v_demosaic_0_0/src/hls/hls_video_mem.h:311)                                              |
| UNROLL               |                                                      | in insert_row (../../zybo_z7_imx219.gen/sources_1/bd/design_1/ip/design_1_v_demosaic_0_0/src/hls/hls_video_mem.h:321)                                              |
| INLINE               |                                                      | in insert_top_row (../../zybo_z7_imx219.gen/sources_1/bd/design_1/ip/design_1_v_demosaic_0_0/src/hls/hls_video_mem.h:346)                                          |
| INLINE               |                                                      | in insert_bottom_row (../../zybo_z7_imx219.gen/sources_1/bd/design_1/ip/design_1_v_demosaic_0_0/src/hls/hls_video_mem.h:377)                                       |
| INLINE               |                                                      | in insert_col (../../zybo_z7_imx219.gen/sources_1/bd/design_1/ip/design_1_v_demosaic_0_0/src/hls/hls_video_mem.h:408)                                              |
| UNROLL               |                                                      | in insert_col (../../zybo_z7_imx219.gen/sources_1/bd/design_1/ip/design_1_v_demosaic_0_0/src/hls/hls_video_mem.h:418)                                              |
| INLINE               |                                                      | in insert_left_col (../../zybo_z7_imx219.gen/sources_1/bd/design_1/ip/design_1_v_demosaic_0_0/src/hls/hls_video_mem.h:443)                                         |
| INLINE               |                                                      | in insert_right_col (../../zybo_z7_imx219.gen/sources_1/bd/design_1/ip/design_1_v_demosaic_0_0/src/hls/hls_video_mem.h:474)                                        |
| INLINE               |                                                      | in getval (../../zybo_z7_imx219.gen/sources_1/bd/design_1/ip/design_1_v_demosaic_0_0/src/hls/hls_video_mem.h:505)                                                  |
| INLINE               |                                                      | in operator() (../../zybo_z7_imx219.gen/sources_1/bd/design_1/ip/design_1_v_demosaic_0_0/src/hls/hls_video_mem.h:514)                                              |
| INLINE               |                                                      | in shift_left (../../zybo_z7_imx219.gen/sources_1/bd/design_1/ip/design_1_v_demosaic_0_0/src/hls/hls_video_mem.h:546)                                              |
| INLINE               |                                                      | in shift_right (../../zybo_z7_imx219.gen/sources_1/bd/design_1/ip/design_1_v_demosaic_0_0/src/hls/hls_video_mem.h:556)                                             |
| INLINE               |                                                      | in shift_up (../../zybo_z7_imx219.gen/sources_1/bd/design_1/ip/design_1_v_demosaic_0_0/src/hls/hls_video_mem.h:566)                                                |
| INLINE               |                                                      | in shift_down (../../zybo_z7_imx219.gen/sources_1/bd/design_1/ip/design_1_v_demosaic_0_0/src/hls/hls_video_mem.h:576)                                              |
| INLINE               |                                                      | in insert (../../zybo_z7_imx219.gen/sources_1/bd/design_1/ip/design_1_v_demosaic_0_0/src/hls/hls_video_mem.h:586)                                                  |
| INLINE               |                                                      | in insert_top (../../zybo_z7_imx219.gen/sources_1/bd/design_1/ip/design_1_v_demosaic_0_0/src/hls/hls_video_mem.h:596)                                              |
| INLINE               |                                                      | in insert_bottom (../../zybo_z7_imx219.gen/sources_1/bd/design_1/ip/design_1_v_demosaic_0_0/src/hls/hls_video_mem.h:606)                                           |
| INLINE               |                                                      | in insert_left (../../zybo_z7_imx219.gen/sources_1/bd/design_1/ip/design_1_v_demosaic_0_0/src/hls/hls_video_mem.h:616)                                             |
| INLINE               |                                                      | in insert_right (../../zybo_z7_imx219.gen/sources_1/bd/design_1/ip/design_1_v_demosaic_0_0/src/hls/hls_video_mem.h:626)                                            |
| INLINE               |                                                      | in linebuffer<rows, cols, type-parameter-0-2, 0> (../../zybo_z7_imx219.gen/sources_1/bd/design_1/ip/design_1_v_demosaic_0_0/src/hls/hls_video_mem.h:638)           |
| ARRAY_PARTITION      | variable=val dim=1 complete                          | in linebuffer<rows, cols, type-parameter-0-2, 0> (../../zybo_z7_imx219.gen/sources_1/bd/design_1/ip/design_1_v_demosaic_0_0/src/hls/hls_video_mem.h:639)           |
| DEPENDENCE           | variable=val inter false                             | in linebuffer<rows, cols, type-parameter-0-2, 0> (../../zybo_z7_imx219.gen/sources_1/bd/design_1/ip/design_1_v_demosaic_0_0/src/hls/hls_video_mem.h:640)           |
| DEPENDENCE           | variable=val intra false                             | in linebuffer<rows, cols, type-parameter-0-2, 0> (../../zybo_z7_imx219.gen/sources_1/bd/design_1/ip/design_1_v_demosaic_0_0/src/hls/hls_video_mem.h:641)           |
| INLINE               |                                                      | in shift_pixels_down (../../zybo_z7_imx219.gen/sources_1/bd/design_1/ip/design_1_v_demosaic_0_0/src/hls/hls_video_mem.h:692)                                       |
| UNROLL               |                                                      | in shift_pixels_down (../../zybo_z7_imx219.gen/sources_1/bd/design_1/ip/design_1_v_demosaic_0_0/src/hls/hls_video_mem.h:703)                                       |
| INLINE               |                                                      | in shift_pixels_up (../../zybo_z7_imx219.gen/sources_1/bd/design_1/ip/design_1_v_demosaic_0_0/src/hls/hls_video_mem.h:732)                                         |
| UNROLL               |                                                      | in shift_pixels_up (../../zybo_z7_imx219.gen/sources_1/bd/design_1/ip/design_1_v_demosaic_0_0/src/hls/hls_video_mem.h:743)                                         |
| INLINE               |                                                      | in insert_bottom_row (../../zybo_z7_imx219.gen/sources_1/bd/design_1/ip/design_1_v_demosaic_0_0/src/hls/hls_video_mem.h:771)                                       |
| INLINE               |                                                      | in insert_top_row (../../zybo_z7_imx219.gen/sources_1/bd/design_1/ip/design_1_v_demosaic_0_0/src/hls/hls_video_mem.h:803)                                          |
| INLINE               |                                                      | in get_col (../../zybo_z7_imx219.gen/sources_1/bd/design_1/ip/design_1_v_demosaic_0_0/src/hls/hls_video_mem.h:835)                                                 |
| UNROLL               |                                                      | in get_col (../../zybo_z7_imx219.gen/sources_1/bd/design_1/ip/design_1_v_demosaic_0_0/src/hls/hls_video_mem.h:839)                                                 |
| INLINE               |                                                      | in getval (../../zybo_z7_imx219.gen/sources_1/bd/design_1/ip/design_1_v_demosaic_0_0/src/hls/hls_video_mem.h:848)                                                  |
| INLINE               |                                                      | in operator() (../../zybo_z7_imx219.gen/sources_1/bd/design_1/ip/design_1_v_demosaic_0_0/src/hls/hls_video_mem.h:857)                                              |
| INLINE               |                                                      | in shift_down (../../zybo_z7_imx219.gen/sources_1/bd/design_1/ip/design_1_v_demosaic_0_0/src/hls/hls_video_mem.h:867)                                              |
| INLINE               |                                                      | in shift_up (../../zybo_z7_imx219.gen/sources_1/bd/design_1/ip/design_1_v_demosaic_0_0/src/hls/hls_video_mem.h:877)                                                |
| INLINE               |                                                      | in insert_bottom (../../zybo_z7_imx219.gen/sources_1/bd/design_1/ip/design_1_v_demosaic_0_0/src/hls/hls_video_mem.h:887)                                           |
| INLINE               |                                                      | in insert_top (../../zybo_z7_imx219.gen/sources_1/bd/design_1/ip/design_1_v_demosaic_0_0/src/hls/hls_video_mem.h:897)                                              |
| ARRAY_RESHAPE        | variable=val dim=1                                   | in linebuffer<rows, cols, type-parameter-0-2, 1> (../../zybo_z7_imx219.gen/sources_1/bd/design_1/ip/design_1_v_demosaic_0_0/src/hls/hls_video_mem.h:926)           |
| DEPENDENCE           | variable=val inter false                             | in linebuffer<rows, cols, type-parameter-0-2, 1> (../../zybo_z7_imx219.gen/sources_1/bd/design_1/ip/design_1_v_demosaic_0_0/src/hls/hls_video_mem.h:927)           |
| DEPENDENCE           | variable=val intra false                             | in linebuffer<rows, cols, type-parameter-0-2, 1> (../../zybo_z7_imx219.gen/sources_1/bd/design_1/ip/design_1_v_demosaic_0_0/src/hls/hls_video_mem.h:928)           |
| INLINE               |                                                      | in shift_pixels_down (../../zybo_z7_imx219.gen/sources_1/bd/design_1/ip/design_1_v_demosaic_0_0/src/hls/hls_video_mem.h:980)                                       |
| UNROLL               |                                                      | in shift_pixels_down (../../zybo_z7_imx219.gen/sources_1/bd/design_1/ip/design_1_v_demosaic_0_0/src/hls/hls_video_mem.h:991)                                       |
| INLINE               |                                                      | in shift_pixels_up (../../zybo_z7_imx219.gen/sources_1/bd/design_1/ip/design_1_v_demosaic_0_0/src/hls/hls_video_mem.h:1020)                                        |
| UNROLL               |                                                      | in shift_pixels_up (../../zybo_z7_imx219.gen/sources_1/bd/design_1/ip/design_1_v_demosaic_0_0/src/hls/hls_video_mem.h:1031)                                        |
| INLINE               |                                                      | in insert_bottom_row (../../zybo_z7_imx219.gen/sources_1/bd/design_1/ip/design_1_v_demosaic_0_0/src/hls/hls_video_mem.h:1059)                                      |
| INLINE               |                                                      | in insert_top_row (../../zybo_z7_imx219.gen/sources_1/bd/design_1/ip/design_1_v_demosaic_0_0/src/hls/hls_video_mem.h:1091)                                         |
| INLINE               |                                                      | in get_col (../../zybo_z7_imx219.gen/sources_1/bd/design_1/ip/design_1_v_demosaic_0_0/src/hls/hls_video_mem.h:1123)                                                |
| UNROLL               |                                                      | in get_col (../../zybo_z7_imx219.gen/sources_1/bd/design_1/ip/design_1_v_demosaic_0_0/src/hls/hls_video_mem.h:1127)                                                |
| INLINE               |                                                      | in getval (../../zybo_z7_imx219.gen/sources_1/bd/design_1/ip/design_1_v_demosaic_0_0/src/hls/hls_video_mem.h:1136)                                                 |
| INLINE               |                                                      | in operator() (../../zybo_z7_imx219.gen/sources_1/bd/design_1/ip/design_1_v_demosaic_0_0/src/hls/hls_video_mem.h:1145)                                             |
| INLINE               |                                                      | in shift_down (../../zybo_z7_imx219.gen/sources_1/bd/design_1/ip/design_1_v_demosaic_0_0/src/hls/hls_video_mem.h:1155)                                             |
| INLINE               |                                                      | in shift_up (../../zybo_z7_imx219.gen/sources_1/bd/design_1/ip/design_1_v_demosaic_0_0/src/hls/hls_video_mem.h:1165)                                               |
| INLINE               |                                                      | in insert_bottom (../../zybo_z7_imx219.gen/sources_1/bd/design_1/ip/design_1_v_demosaic_0_0/src/hls/hls_video_mem.h:1175)                                          |
| INLINE               |                                                      | in insert_top (../../zybo_z7_imx219.gen/sources_1/bd/design_1/ip/design_1_v_demosaic_0_0/src/hls/hls_video_mem.h:1185)                                             |
| ARRAY_PARTITION      | variable=tmp complete dim=0                          | in prefilternorm (../../zybo_z7_imx219.gen/sources_1/bd/design_1/ip/design_1_v_demosaic_0_0/src/hls/hls_video_stereobm.h:170)                                      |
| ARRAY_PARTITION      | variable=tmp complete dim=0                          | in prefilternorm (../../zybo_z7_imx219.gen/sources_1/bd/design_1/ip/design_1_v_demosaic_0_0/src/hls/hls_video_stereobm.h:172)                                      |
| LOOP_FLATTEN         | off                                                  | in prefilternorm (../../zybo_z7_imx219.gen/sources_1/bd/design_1/ip/design_1_v_demosaic_0_0/src/hls/hls_video_stereobm.h:184)                                      |
| PIPELINE             | ii=1                                                 | in prefilternorm (../../zybo_z7_imx219.gen/sources_1/bd/design_1/ip/design_1_v_demosaic_0_0/src/hls/hls_video_stereobm.h:185)                                      |
| PIPELINE             | ii=1                                                 | in clip (../../zybo_z7_imx219.gen/sources_1/bd/design_1/ip/design_1_v_demosaic_0_0/src/hls/hls_video_stereobm.h:235)                                               |
| INLINE               |                                                      | in absdiff (../../zybo_z7_imx219.gen/sources_1/bd/design_1/ip/design_1_v_demosaic_0_0/src/hls/hls_video_stereobm.h:248)                                            |
| INLINE               |                                                      | in updatetexture (../../zybo_z7_imx219.gen/sources_1/bd/design_1/ip/design_1_v_demosaic_0_0/src/hls/hls_video_stereobm.h:271)                                      |
| INLINE               |                                                      | in sad_compute_inc (../../zybo_z7_imx219.gen/sources_1/bd/design_1/ip/design_1_v_demosaic_0_0/src/hls/hls_video_stereobm.h:288)                                    |
| INLINE               |                                                      | in find (../../zybo_z7_imx219.gen/sources_1/bd/design_1/ip/design_1_v_demosaic_0_0/src/hls/hls_video_stereobm.h:313)                                               |
| ARRAY_PARTITION      | variable=a complete dim=0                            | in find (../../zybo_z7_imx219.gen/sources_1/bd/design_1/ip/design_1_v_demosaic_0_0/src/hls/hls_video_stereobm.h:314)                                               |
| INLINE               |                                                      | in find (../../zybo_z7_imx219.gen/sources_1/bd/design_1/ip/design_1_v_demosaic_0_0/src/hls/hls_video_stereobm.h:342)                                               |
| ARRAY_PARTITION      | variable=a complete dim=0                            | in find (../../zybo_z7_imx219.gen/sources_1/bd/design_1/ip/design_1_v_demosaic_0_0/src/hls/hls_video_stereobm.h:343)                                               |
| INLINE               |                                                      | in find (../../zybo_z7_imx219.gen/sources_1/bd/design_1/ip/design_1_v_demosaic_0_0/src/hls/hls_video_stereobm.h:354)                                               |
| ARRAY_PARTITION      | variable=a complete dim=0                            | in find (../../zybo_z7_imx219.gen/sources_1/bd/design_1/ip/design_1_v_demosaic_0_0/src/hls/hls_video_stereobm.h:355)                                               |
| ARRAY_PARTITION      | variable=l_tmp complete dim=0                        | in sadblockmatching (../../zybo_z7_imx219.gen/sources_1/bd/design_1/ip/design_1_v_demosaic_0_0/src/hls/hls_video_stereobm.h:393)                                   |
| ARRAY_PARTITION      | variable=r_tmp complete dim=0                        | in sadblockmatching (../../zybo_z7_imx219.gen/sources_1/bd/design_1/ip/design_1_v_demosaic_0_0/src/hls/hls_video_stereobm.h:395)                                   |
| ARRAY_PARTITION      | variable=sad complete dim=0                          | in sadblockmatching (../../zybo_z7_imx219.gen/sources_1/bd/design_1/ip/design_1_v_demosaic_0_0/src/hls/hls_video_stereobm.h:398)                                   |
| ARRAY_PARTITION      | variable=sad_cols complete dim=0                     | in sadblockmatching (../../zybo_z7_imx219.gen/sources_1/bd/design_1/ip/design_1_v_demosaic_0_0/src/hls/hls_video_stereobm.h:400)                                   |
| LOOP_FLATTEN         | off                                                  | in sadblockmatching (../../zybo_z7_imx219.gen/sources_1/bd/design_1/ip/design_1_v_demosaic_0_0/src/hls/hls_video_stereobm.h:417)                                   |
| PIPELINE             | ii=1                                                 | in sadblockmatching (../../zybo_z7_imx219.gen/sources_1/bd/design_1/ip/design_1_v_demosaic_0_0/src/hls/hls_video_stereobm.h:418)                                   |
| UNROLL               |                                                      | in sadblockmatching (../../zybo_z7_imx219.gen/sources_1/bd/design_1/ip/design_1_v_demosaic_0_0/src/hls/hls_video_stereobm.h:422)                                   |
| UNROLL               |                                                      | in sadblockmatching (../../zybo_z7_imx219.gen/sources_1/bd/design_1/ip/design_1_v_demosaic_0_0/src/hls/hls_video_stereobm.h:425)                                   |
| DATAFLOW             |                                                      | in findstereocorrespondencebm (../../zybo_z7_imx219.gen/sources_1/bd/design_1/ip/design_1_v_demosaic_0_0/src/hls/hls_video_stereobm.h:581)                         |
| LOOP_FLATTEN         | OFF                                                  | in remap_nearest (../../zybo_z7_imx219.gen/sources_1/bd/design_1/ip/design_1_v_demosaic_0_0/src/hls/hls_video_undistort.h:243)                                     |
| PIPELINE             | ii=1                                                 | in remap_nearest (../../zybo_z7_imx219.gen/sources_1/bd/design_1/ip/design_1_v_demosaic_0_0/src/hls/hls_video_undistort.h:246)                                     |
| DEPENDENCE           | array inter false                                    | in remap_nearest (../../zybo_z7_imx219.gen/sources_1/bd/design_1/ip/design_1_v_demosaic_0_0/src/hls/hls_video_undistort.h:247)                                     |
| ARRAY_PARTITION      | complete variable=buf dim=2                          | in remap_linear (../../zybo_z7_imx219.gen/sources_1/bd/design_1/ip/design_1_v_demosaic_0_0/src/hls/hls_video_undistort.h:288)                                      |
| ARRAY_PARTITION      | complete variable=buf dim=4                          | in remap_linear (../../zybo_z7_imx219.gen/sources_1/bd/design_1/ip/design_1_v_demosaic_0_0/src/hls/hls_video_undistort.h:289)                                      |
| LOOP_FLATTEN         | OFF                                                  | in remap_linear (../../zybo_z7_imx219.gen/sources_1/bd/design_1/ip/design_1_v_demosaic_0_0/src/hls/hls_video_undistort.h:303)                                      |
| PIPELINE             | ii=1                                                 | in remap_linear (../../zybo_z7_imx219.gen/sources_1/bd/design_1/ip/design_1_v_demosaic_0_0/src/hls/hls_video_undistort.h:306)                                      |
| DEPENDENCE           | array inter false                                    | in remap_linear (../../zybo_z7_imx219.gen/sources_1/bd/design_1/ip/design_1_v_demosaic_0_0/src/hls/hls_video_undistort.h:307)                                      |
| ARRAY_PARTITION      | variable=distCoeffs complete                         | in initundistortrectifymapinverse (../../zybo_z7_imx219.gen/sources_1/bd/design_1/ip/design_1_v_demosaic_0_0/src/hls/hls_video_undistort.h:687)                    |
| PIPELINE             | ii=1                                                 | in initundistortrectifymapinverse (../../zybo_z7_imx219.gen/sources_1/bd/design_1/ip/design_1_v_demosaic_0_0/src/hls/hls_video_undistort.h:701)                    |
| INTERFACE            | axis port=s_axis_video register                      | in v_demosaic (prj/sol/.autopilot/db/v_demosaic.cpp:94)                                                                                                            |
| INTERFACE            | axis port=m_axis_video register                      | in v_demosaic (prj/sol/.autopilot/db/v_demosaic.cpp:95)                                                                                                            |
| INTERFACE            | s_axilite port=width bundle=CTRL offset=0x0010       | in v_demosaic (prj/sol/.autopilot/db/v_demosaic.cpp:97)                                                                                                            |
| INTERFACE            | s_axilite port=height bundle=CTRL offset=0x0018      | in v_demosaic (prj/sol/.autopilot/db/v_demosaic.cpp:98)                                                                                                            |
| INTERFACE            | s_axilite port=bayer_phase bundle=CTRL offset=0x0028 | in v_demosaic (prj/sol/.autopilot/db/v_demosaic.cpp:99)                                                                                                            |
| INTERFACE            | s_axilite port=return bundle=CTRL                    | in v_demosaic (prj/sol/.autopilot/db/v_demosaic.cpp:100)                                                                                                           |
| DATAFLOW             |                                                      | in v_demosaic (prj/sol/.autopilot/db/v_demosaic.cpp:114)                                                                                                           |
| PIPELINE             | ii=1                                                 | in axivideo2multibayer (prj/sol/.autopilot/db/v_demosaic.cpp:157)                                                                                                  |
| LOOP_FLATTEN         | off                                                  | in axivideo2multibayer (prj/sol/.autopilot/db/v_demosaic.cpp:168)                                                                                                  |
| PIPELINE             | ii=1                                                 | in axivideo2multibayer (prj/sol/.autopilot/db/v_demosaic.cpp:169)                                                                                                  |
| PIPELINE             | ii=1                                                 | in axivideo2multibayer (prj/sol/.autopilot/db/v_demosaic.cpp:189)                                                                                                  |
| LOOP_FLATTEN         | off                                                  | in multipixstream2axivideo (prj/sol/.autopilot/db/v_demosaic.cpp:232)                                                                                              |
| PIPELINE             | ii=1                                                 | in multipixstream2axivideo (prj/sol/.autopilot/db/v_demosaic.cpp:233)                                                                                              |
| ARRAY_PARTITION      | variable=pixBuf complete dim=0                       | in debayerg (prj/sol/.autopilot/db/v_demosaic.cpp:289)                                                                                                             |
| LOOP_FLATTEN         | OFF                                                  | in debayerg (prj/sol/.autopilot/db/v_demosaic.cpp:320)                                                                                                             |
| PIPELINE             | ii=1                                                 | in debayerg (prj/sol/.autopilot/db/v_demosaic.cpp:321)                                                                                                             |
| ARRAY_PARTITION      | variable=pixBuf complete dim=0                       | in debayerratborbatr (prj/sol/.autopilot/db/v_demosaic.cpp:620)                                                                                                    |
| LOOP_FLATTEN         | OFF                                                  | in debayerratborbatr (prj/sol/.autopilot/db/v_demosaic.cpp:635)                                                                                                    |
| PIPELINE             | ii=1                                                 | in debayerratborbatr (prj/sol/.autopilot/db/v_demosaic.cpp:636)                                                                                                    |
| ARRAY_PARTITION      | variable=upleft dim=0 complete                       | in debayerratborbatr (prj/sol/.autopilot/db/v_demosaic.cpp:780)                                                                                                    |
| ARRAY_PARTITION      | variable=upright dim=0 complete                      | in debayerratborbatr (prj/sol/.autopilot/db/v_demosaic.cpp:781)                                                                                                    |
| ARRAY_PARTITION      | variable=downleft dim=0 complete                     | in debayerratborbatr (prj/sol/.autopilot/db/v_demosaic.cpp:782)                                                                                                    |
| ARRAY_PARTITION      | variable=downright dim=0 complete                    | in debayerratborbatr (prj/sol/.autopilot/db/v_demosaic.cpp:783)                                                                                                    |
| ARRAY_PARTITION      | variable=center dim=0 complete                       | in debayerratborbatr (prj/sol/.autopilot/db/v_demosaic.cpp:784)                                                                                                    |
| ARRAY_PARTITION      | variable=pixBuf complete dim=0                       | in debayerrandbatg (prj/sol/.autopilot/db/v_demosaic.cpp:868)                                                                                                      |
| LOOP_FLATTEN         | OFF                                                  | in debayerrandbatg (prj/sol/.autopilot/db/v_demosaic.cpp:883)                                                                                                      |
| PIPELINE             | ii=1                                                 | in debayerrandbatg (prj/sol/.autopilot/db/v_demosaic.cpp:884)                                                                                                      |
| DATAFLOW             |                                                      | in debayer (prj/sol/.autopilot/db/v_demosaic.cpp:1070)                                                                                                             |
| ARRAY_PARTITION      | variable=luma complete                               | in zipperremoval (prj/sol/.autopilot/db/v_demosaic.cpp:1094)                                                                                                       |
| ARRAY_PARTITION      | variable=r complete                                  | in zipperremoval (prj/sol/.autopilot/db/v_demosaic.cpp:1095)                                                                                                       |
| ARRAY_PARTITION      | variable=g complete                                  | in zipperremoval (prj/sol/.autopilot/db/v_demosaic.cpp:1096)                                                                                                       |
| ARRAY_PARTITION      | variable=b complete                                  | in zipperremoval (prj/sol/.autopilot/db/v_demosaic.cpp:1097)                                                                                                       |
| LOOP_FLATTEN         | OFF                                                  | in zipperremoval (prj/sol/.autopilot/db/v_demosaic.cpp:1103)                                                                                                       |
| PIPELINE             | ii=1                                                 | in zipperremoval (prj/sol/.autopilot/db/v_demosaic.cpp:1104)                                                                                                       |
+----------------------+------------------------------------------------------+--------------------------------------------------------------------------------------------------------------------------------------------------------------------+


