#-----------------------------------------------------------
# Vivado v2025.2 (64-bit)
# SW Build 6299465 on Fri Nov 14 19:35:11 GMT 2025
# IP Build 6300035 on Fri Nov 14 10:48:45 MST 2025
# SharedData Build 6298862 on Thu Nov 13 04:50:51 MST 2025
# Start of session at: Sun Sep 13 00:33:15 2026
# Process ID         : 22156
# Current directory  : V:/
# Command line       : vivado.exe -mode batch -nojournal -log V:\scripts\vivado_hdmi.log -source V:\scripts\add_hdmi_and_build.tcl
# Log file           : V:/scripts/vivado_hdmi.log
# Journal file       : 
# Running On         : DESKTOP-6M954OF
# Platform           : Windows Server 2016 or Windows 10
# Operating System   : 26200
# Processor Detail   : Intel(R) Core(TM) i7-1065G7 CPU @ 1.30GHz
# CPU Frequency      : 1498 MHz
# CPU Physical cores : 4
# CPU Logical cores  : 8
# Host memory        : 33916 MB
# Swap memory        : 5100 MB
# Total Virtual      : 39017 MB
# Available Virtual  : 16220 MB
#-----------------------------------------------------------
source {V:\scripts\add_hdmi_and_build.tcl}
# set proj_dir [file normalize [file join [file dirname [info script]] ..]]
# set xpr      [file join $proj_dir zybo_z7_imx219 zybo_z7_imx219.xpr]
# set ip_repo  [file join $proj_dir vivado-library]
# set boards   [file join $proj_dir vivado-boards-master new board_files]
# set xsa_out  [file join $proj_dir zybo_z7_imx219 design_1_wrapper.xsa]
# if {![file exists $xpr]} {
#   error "Project not found: $xpr"
# }
# set_param board.repoPaths $boards
# puts "PROJ_DIR=$proj_dir (len=[string length $proj_dir])"
PROJ_DIR=V:/ (len=3)
# set stale [file join $proj_dir zybo_z7_imx219 zybo_z7_imx219.gen sources_1 bd design_1 ip design_1_axi_vdma_0_0]
# if {[file exists $stale]} {
#   file delete -force $stale
# }
# set bad_run [file join $proj_dir zybo_z7_imx219 zybo_z7_imx219.runs design_1_v_demosaic_0_0_synth_1]
# if {[file exists $bad_run]} {
#   file delete -force $bad_run
# }
# open_project $xpr
Scanning sources...
Finished scanning sources
WARNING: [Project 1-509] GeneratedRun file for 'design_1_v_demosaic_0_0_synth_1' not found
WARNING: [Board 49-26] cannot add Board Part digilentinc.com:arty-a7-100:part0:1.0 available at V:/vivado-boards-master/new/board_files/arty-a7-100/E.0/1.0/board.xml as part xc7a100tcsg324-1 specified in board_part file is either invalid or not available
WARNING: [Board 49-26] cannot add Board Part digilentinc.com:arty-a7-100:part0:1.1 available at V:/vivado-boards-master/new/board_files/arty-a7-100/E.0/1.1/board.xml as part xc7a100tcsg324-1 specified in board_part file is either invalid or not available
WARNING: [Board 49-26] cannot add Board Part digilentinc.com:arty-a7-35:part0:1.0 available at V:/vivado-boards-master/new/board_files/arty-a7-35/E.0/1.0/board.xml as part xc7a35ticsg324-1l specified in board_part file is either invalid or not available
WARNING: [Board 49-26] cannot add Board Part digilentinc.com:arty-a7-35:part0:1.1 available at V:/vivado-boards-master/new/board_files/arty-a7-35/E.0/1.1/board.xml as part xc7a35ticsg324-1l specified in board_part file is either invalid or not available
WARNING: [Board 49-26] cannot add Board Part digilentinc.com:arty:part0:1.1 available at V:/vivado-boards-master/new/board_files/arty/C.0/board.xml as part xc7a35ticsg324-1l specified in board_part file is either invalid or not available
WARNING: [Board 49-26] cannot add Board Part digilentinc.com:basys3:part0:1.2 available at V:/vivado-boards-master/new/board_files/basys3/C.0/board.xml as part xc7a35tcpg236-1 specified in board_part file is either invalid or not available
WARNING: [Board 49-26] cannot add Board Part digilentinc.com:cmod_a7-15t:part0:1.2 available at V:/vivado-boards-master/new/board_files/cmod_a7-15t/B.0/board.xml as part xc7a15tcpg236-1 specified in board_part file is either invalid or not available
WARNING: [Board 49-26] cannot add Board Part digilentinc.com:cmod_a7-35t:part0:1.2 available at V:/vivado-boards-master/new/board_files/cmod_a7-35t/B.0/board.xml as part xc7a35tcpg236-1 specified in board_part file is either invalid or not available
WARNING: [Board 49-26] cannot add Board Part digilentinc.com:genesys2:part0:1.1 available at V:/vivado-boards-master/new/board_files/genesys2/H/board.xml as part xc7k325tffg900-2 specified in board_part file is either invalid or not available
WARNING: [Board 49-26] cannot add Board Part digilentinc.com:gzu_3eg:part0:1.0 available at V:/vivado-boards-master/new/board_files/genesys-zu-3eg/B.0/board.xml as part xczu3eg-sfvc784-1-e specified in board_part file is either invalid or not available
WARNING: [Board 49-26] cannot add Board Part digilentinc.com:gzu_3eg:part0:1.1 available at V:/vivado-boards-master/new/board_files/genesys-zu-3eg/D.0/board.xml as part xczu3eg-sfvc784-1-e specified in board_part file is either invalid or not available
WARNING: [Board 49-26] cannot add Board Part digilentinc.com:gzu_5ev:part0:1.1 available at V:/vivado-boards-master/new/board_files/genesys-zu-5ev/C.0/board.xml as part xczu5ev-sfvc784-1-e specified in board_part file is either invalid or not available
WARNING: [Board 49-26] cannot add Board Part digilentinc.com:nexys-a7-100t:part0:1.0 available at V:/vivado-boards-master/new/board_files/nexys-a7-100t/D.0/1.0/board.xml as part xc7a100tcsg324-1 specified in board_part file is either invalid or not available
WARNING: [Board 49-26] cannot add Board Part digilentinc.com:nexys-a7-100t:part0:1.3 available at V:/vivado-boards-master/new/board_files/nexys-a7-100t/D.0/1.3/board.xml as part xc7a100tcsg324-1 specified in board_part file is either invalid or not available
WARNING: [Board 49-26] cannot add Board Part digilentinc.com:nexys-a7-50t:part0:1.0 available at V:/vivado-boards-master/new/board_files/nexys-a7-50t/D.0/1.0/board.xml as part xc7a50ticsg324-1l specified in board_part file is either invalid or not available
WARNING: [Board 49-26] cannot add Board Part digilentinc.com:nexys-a7-50t:part0:1.3 available at V:/vivado-boards-master/new/board_files/nexys-a7-50t/D.0/1.3/board.xml as part xc7a50ticsg324-1l specified in board_part file is either invalid or not available
WARNING: [Board 49-26] cannot add Board Part digilentinc.com:nexys4:part0:1.1 available at V:/vivado-boards-master/new/board_files/nexys4/B.1/board.xml as part xc7a100tcsg324-1 specified in board_part file is either invalid or not available
WARNING: [Board 49-26] cannot add Board Part digilentinc.com:nexys4_ddr:part0:1.1 available at V:/vivado-boards-master/new/board_files/nexys4_ddr/C.1/board.xml as part xc7a100tcsg324-1 specified in board_part file is either invalid or not available
WARNING: [Board 49-26] cannot add Board Part digilentinc.com:nexys_video:part0:1.1 available at V:/vivado-boards-master/new/board_files/nexys_video/A.0/1.1/board.xml as part xc7a200tsbg484-1 specified in board_part file is either invalid or not available
WARNING: [Board 49-26] cannot add Board Part digilentinc.com:nexys_video:part0:1.2 available at V:/vivado-boards-master/new/board_files/nexys_video/A.0/1.2/board.xml as part xc7a200tsbg484-1 specified in board_part file is either invalid or not available
WARNING: [Board 49-26] cannot add Board Part digilentinc.com:sword:part0:1.0 available at V:/vivado-boards-master/new/board_files/sword/C.0/board.xml as part xc7k325tffg900-2 specified in board_part file is either invalid or not available
WARNING: [Board 49-26] cannot add Board Part digilentinc.com:usb104-a7:part0:1.0 available at V:/vivado-boards-master/new/board_files/usb104-a7/B/1.0/board.xml as part xc7a100tcsg324-1 specified in board_part file is either invalid or not available
WARNING: [Board 49-26] cannot add Board Part digilentinc.com:usb104-a7:part0:1.1 available at V:/vivado-boards-master/new/board_files/usb104-a7/B/1.1/board.xml as part xc7a100tcsg324-1 specified in board_part file is either invalid or not available
WARNING: [Board 49-26] cannot add Board Part digilentinc.com:usb104-a7:part0:1.2 available at V:/vivado-boards-master/new/board_files/usb104-a7/B/1.2/board.xml as part xc7a100tcsg324-1 specified in board_part file is either invalid or not available
WARNING: [Board 49-26] cannot add Board Part digilentinc.com:usb104-a7:part0:1.3 available at V:/vivado-boards-master/new/board_files/usb104-a7/B/1.3/board.xml as part xc7a100tcsg324-1 specified in board_part file is either invalid or not available
WARNING: [Board 49-26] cannot add Board Part xilinx.com:ac701:part0:1.4 available at C:/AMDDesignTools/2025.2/data/xhub/boards\XilinxBoardStore\boards\Xilinx\ac701\1.4\board.xml as part xc7a200tfbg676-2 specified in board_part file is either invalid or not available
WARNING: [Board 49-26] cannot add Board Part xilinx.com:emb-plus-vpr-4616:part0:1.0 available at C:/AMDDesignTools/2025.2/data/xhub/boards\XilinxBoardStore\boards\Xilinx\emb-plus-vpr-4616\1.0\board.xml as part xcve2302-sfva784-2mp-e-s specified in board_part file is either invalid or not available
WARNING: [Board 49-26] cannot add Board Part xilinx.com:emb-plus-vpr-4616:part0:1.1 available at C:/AMDDesignTools/2025.2/data/xhub/boards\XilinxBoardStore\boards\Xilinx\emb-plus-vpr-4616\1.1\board.xml as part xcve2302-sfva784-2mp-e-s specified in board_part file is either invalid or not available
WARNING: [Board 49-26] cannot add Board Part xilinx.com:k24c:part0:1.0 available at C:/AMDDesignTools/2025.2/data/xhub/boards\XilinxBoardStore\boards\Xilinx\k24c\1.0\board.xml as part xck24-ubva530-2lv-c specified in board_part file is either invalid or not available
WARNING: [Board 49-26] cannot add Board Part xilinx.com:k24c:part0:1.1 available at C:/AMDDesignTools/2025.2/data/xhub/boards\XilinxBoardStore\boards\Xilinx\k24c\1.1\board.xml as part xck24-ubva530-2lv-c specified in board_part file is either invalid or not available
WARNING: [Board 49-26] cannot add Board Part xilinx.com:k24i:part0:1.0 available at C:/AMDDesignTools/2025.2/data/xhub/boards\XilinxBoardStore\boards\Xilinx\k24i\1.0\board.xml as part xck24-ubva530-2lvi-i specified in board_part file is either invalid or not available
WARNING: [Board 49-26] cannot add Board Part xilinx.com:k26c:part0:1.2 available at C:/AMDDesignTools/2025.2/data/xhub/boards\XilinxBoardStore\boards\Xilinx\k26c\1.2\board.xml as part xck26-sfvc784-2lv-c specified in board_part file is either invalid or not available
WARNING: [Board 49-26] cannot add Board Part xilinx.com:k26c:part0:1.3 available at C:/AMDDesignTools/2025.2/data/xhub/boards\XilinxBoardStore\boards\Xilinx\k26c\1.3\board.xml as part xck26-sfvc784-2lv-c specified in board_part file is either invalid or not available
WARNING: [Board 49-26] cannot add Board Part xilinx.com:k26c:part0:1.4 available at C:/AMDDesignTools/2025.2/data/xhub/boards\XilinxBoardStore\boards\Xilinx\k26c\1.4\board.xml as part xck26-sfvc784-2lv-c specified in board_part file is either invalid or not available
WARNING: [Board 49-26] cannot add Board Part xilinx.com:k26i:part0:1.2 available at C:/AMDDesignTools/2025.2/data/xhub/boards\XilinxBoardStore\boards\Xilinx\k26i\1.2\board.xml as part xck26-sfvc784-2lvi-i specified in board_part file is either invalid or not available
WARNING: [Board 49-26] cannot add Board Part xilinx.com:k26i:part0:1.3 available at C:/AMDDesignTools/2025.2/data/xhub/boards\XilinxBoardStore\boards\Xilinx\k26i\1.3\board.xml as part xck26-sfvc784-2lvi-i specified in board_part file is either invalid or not available
WARNING: [Board 49-26] cannot add Board Part xilinx.com:k26i:part0:1.4 available at C:/AMDDesignTools/2025.2/data/xhub/boards\XilinxBoardStore\boards\Xilinx\k26i\1.4\board.xml as part xck26-sfvc784-2lvi-i specified in board_part file is either invalid or not available
WARNING: [Board 49-26] cannot add Board Part xilinx.com:kc705:part0:1.6 available at C:/AMDDesignTools/2025.2/data/xhub/boards\XilinxBoardStore\boards\Xilinx\kc705\1.6\board.xml as part xc7k325tffg900-2 specified in board_part file is either invalid or not available
WARNING: [Board 49-26] cannot add Board Part xilinx.com:kc705:part0:1.7 available at C:/AMDDesignTools/2025.2/data/xhub/boards\XilinxBoardStore\boards\Xilinx\kc705\1.7\board.xml as part xc7k325tffg900-2 specified in board_part file is either invalid or not available
WARNING: [Board 49-26] cannot add Board Part xilinx.com:kcu105:part0:1.6 available at C:/AMDDesignTools/2025.2/data/xhub/boards\XilinxBoardStore\boards\Xilinx\kcu105\1.6\board.xml as part xcku040-ffva1156-2-e specified in board_part file is either invalid or not available
WARNING: [Board 49-26] cannot add Board Part xilinx.com:kcu105:part0:1.7 available at C:/AMDDesignTools/2025.2/data/xhub/boards\XilinxBoardStore\boards\Xilinx\kcu105\1.7\board.xml as part xcku040-ffva1156-2-e specified in board_part file is either invalid or not available
WARNING: [Board 49-26] cannot add Board Part xilinx.com:kcu116:part0:1.4 available at C:/AMDDesignTools/2025.2/data/xhub/boards\XilinxBoardStore\boards\Xilinx\kcu116\1.4\board.xml as part xcku5p-ffvb676-2-e specified in board_part file is either invalid or not available
WARNING: [Board 49-26] cannot add Board Part xilinx.com:kcu116:part0:1.5 available at C:/AMDDesignTools/2025.2/data/xhub/boards\XilinxBoardStore\boards\Xilinx\kcu116\1.5\board.xml as part xcku5p-ffvb676-2-e specified in board_part file is either invalid or not available
WARNING: [Board 49-26] cannot add Board Part xilinx.com:kcu1500:part0:1.2 available at C:/AMDDesignTools/2025.2/data/xhub/boards\XilinxBoardStore\boards\Xilinx\kcu1500\1.2\board.xml as part xcku115-flvb2104-2-e specified in board_part file is either invalid or not available
WARNING: [Board 49-26] cannot add Board Part xilinx.com:kd240_som:part0:1.0 available at C:/AMDDesignTools/2025.2/data/xhub/boards\XilinxBoardStore\boards\Xilinx\kd240_som\1.0\board.xml as part xck24-ubva530-2lv-c specified in board_part file is either invalid or not available
WARNING: [Board 49-26] cannot add Board Part xilinx.com:kd240_som:part0:1.1 available at C:/AMDDesignTools/2025.2/data/xhub/boards\XilinxBoardStore\boards\Xilinx\kd240_som\1.1\board.xml as part xck24-ubva530-2lv-c specified in board_part file is either invalid or not available
WARNING: [Board 49-26] cannot add Board Part xilinx.com:kr260_som:part0:1.0 available at C:/AMDDesignTools/2025.2/data/xhub/boards\XilinxBoardStore\boards\Xilinx\kr260_som\1.0\board.xml as part xck26-sfvc784-2lv-c specified in board_part file is either invalid or not available
WARNING: [Board 49-26] cannot add Board Part xilinx.com:kr260_som:part0:1.1 available at C:/AMDDesignTools/2025.2/data/xhub/boards\XilinxBoardStore\boards\Xilinx\kr260_som\1.1\board.xml as part xck26-sfvc784-2lv-c specified in board_part file is either invalid or not available
WARNING: [Board 49-26] cannot add Board Part xilinx.com:kv260_som:part0:1.2 available at C:/AMDDesignTools/2025.2/data/xhub/boards\XilinxBoardStore\boards\Xilinx\kv260_som\1.2\board.xml as part xck26-sfvc784-2lv-c specified in board_part file is either invalid or not available
WARNING: [Board 49-26] cannot add Board Part xilinx.com:kv260_som:part0:1.3 available at C:/AMDDesignTools/2025.2/data/xhub/boards\XilinxBoardStore\boards\Xilinx\kv260_som\1.3\board.xml as part xck26-sfvc784-2lv-c specified in board_part file is either invalid or not available
WARNING: [Board 49-26] cannot add Board Part xilinx.com:kv260_som:part0:1.4 available at C:/AMDDesignTools/2025.2/data/xhub/boards\XilinxBoardStore\boards\Xilinx\kv260_som\1.4\board.xml as part xck26-sfvc784-2lv-c specified in board_part file is either invalid or not available
WARNING: [Board 49-26] cannot add Board Part xilinx.com:scu35:part0:1.0 available at C:/AMDDesignTools/2025.2/data/xhub/boards\XilinxBoardStore\boards\Xilinx\scu35\1.0\board.xml as part xcsu35p-sbvb625-2-e specified in board_part file is either invalid or not available
WARNING: [Board 49-26] cannot add Board Part xilinx.com:v80:part0:1.0 available at C:/AMDDesignTools/2025.2/data/xhub/boards\XilinxBoardStore\boards\Xilinx\v80\1.0\board.xml as part xcv80-lsva4737-2mhp-e-s specified in board_part file is either invalid or not available
WARNING: [Board 49-26] cannot add Board Part xilinx.com:vc707:part0:1.4 available at C:/AMDDesignTools/2025.2/data/xhub/boards\XilinxBoardStore\boards\Xilinx\vc707\1.4\board.xml as part xc7vx485tffg1761-2 specified in board_part file is either invalid or not available
WARNING: [Board 49-26] cannot add Board Part xilinx.com:vc707:part0:1.5 available at C:/AMDDesignTools/2025.2/data/xhub/boards\XilinxBoardStore\boards\Xilinx\vc707\1.5\board.xml as part xc7vx485tffg1761-2 specified in board_part file is either invalid or not available
WARNING: [Board 49-26] cannot add Board Part xilinx.com:vc709:part0:1.8 available at C:/AMDDesignTools/2025.2/data/xhub/boards\XilinxBoardStore\boards\Xilinx\vc709\1.8\board.xml as part xc7vx690tffg1761-2 specified in board_part file is either invalid or not available
WARNING: [Board 49-26] cannot add Board Part xilinx.com:vck190:part0:2.2 available at C:/AMDDesignTools/2025.2/data/xhub/boards\XilinxBoardStore\boards\Xilinx\vck190\production\2.2\board.xml as part xcvc1902-vsva2197-2mp-e-s specified in board_part file is either invalid or not available
WARNING: [Board 49-26] cannot add Board Part xilinx.com:vck190:part0:3.0 available at C:/AMDDesignTools/2025.2/data/xhub/boards\XilinxBoardStore\boards\Xilinx\vck190\production\3.0\board.xml as part xcvc1902-vsva2197-2mp-e-s specified in board_part file is either invalid or not available
WARNING: [Board 49-26] cannot add Board Part xilinx.com:vck190:part0:3.1 available at C:/AMDDesignTools/2025.2/data/xhub/boards\XilinxBoardStore\boards\Xilinx\vck190\production\3.1\board.xml as part xcvc1902-vsva2197-2mp-e-s specified in board_part file is either invalid or not available
WARNING: [Board 49-26] cannot add Board Part xilinx.com:vck190:part0:3.2 available at C:/AMDDesignTools/2025.2/data/xhub/boards\XilinxBoardStore\boards\Xilinx\vck190\production\3.2\board.xml as part xcvc1902-vsva2197-2mp-e-s specified in board_part file is either invalid or not available
WARNING: [Board 49-26] cannot add Board Part xilinx.com:vck190:part0:3.3 available at C:/AMDDesignTools/2025.2/data/xhub/boards\XilinxBoardStore\boards\Xilinx\vck190\production\3.3\board.xml as part xcvc1902-vsva2197-2mp-e-s specified in board_part file is either invalid or not available
WARNING: [Board 49-26] cannot add Board Part xilinx.com:vck190:part0:3.4 available at C:/AMDDesignTools/2025.2/data/xhub/boards\XilinxBoardStore\boards\Xilinx\vck190\production\3.4\board.xml as part xcvc1902-vsva2197-2mp-e-s specified in board_part file is either invalid or not available
WARNING: [Board 49-26] cannot add Board Part xilinx.com:vck190_newl:part0:1.0 available at C:/AMDDesignTools/2025.2/data/xhub/boards\XilinxBoardStore\boards\Xilinx\vck190_newl\production\1.0\board.xml as part xcvc1902-vsva2197-2mp-e-s specified in board_part file is either invalid or not available
WARNING: [Board 49-26] cannot add Board Part xilinx.com:vck190_newl:part0:1.1 available at C:/AMDDesignTools/2025.2/data/xhub/boards\XilinxBoardStore\boards\Xilinx\vck190_newl\production\1.1\board.xml as part xcvc1902-vsva2197-2mp-e-s specified in board_part file is either invalid or not available
WARNING: [Board 49-26] cannot add Board Part xilinx.com:vck190_newl:part0:1.2 available at C:/AMDDesignTools/2025.2/data/xhub/boards\XilinxBoardStore\boards\Xilinx\vck190_newl\production\1.2\board.xml as part xcvc1902-vsva2197-2mp-e-s specified in board_part file is either invalid or not available
WARNING: [Board 49-26] cannot add Board Part xilinx.com:vck190_newl:part0:1.3 available at C:/AMDDesignTools/2025.2/data/xhub/boards\XilinxBoardStore\boards\Xilinx\vck190_newl\production\1.3\board.xml as part xcvc1902-vsva2197-2mp-e-s specified in board_part file is either invalid or not available
WARNING: [Board 49-26] cannot add Board Part xilinx.com:vcu108:part0:1.6 available at C:/AMDDesignTools/2025.2/data/xhub/boards\XilinxBoardStore\boards\Xilinx\vcu108\1.6\board.xml as part xcvu095-ffva2104-2-e specified in board_part file is either invalid or not available
WARNING: [Board 49-26] cannot add Board Part xilinx.com:vcu108:part0:1.7 available at C:/AMDDesignTools/2025.2/data/xhub/boards\XilinxBoardStore\boards\Xilinx\vcu108\1.7\board.xml as part xcvu095-ffva2104-2-e specified in board_part file is either invalid or not available
WARNING: [Board 49-26] cannot add Board Part xilinx.com:vcu110:part0:1.4 available at C:/AMDDesignTools/2025.2/data/xhub/boards\XilinxBoardStore\boards\Xilinx\vcu110\1.4\board.xml as part xcvu190-flgc2104-2-e specified in board_part file is either invalid or not available
WARNING: [Board 49-26] cannot add Board Part xilinx.com:vcu118:part0:2.0 available at C:/AMDDesignTools/2025.2/data/xhub/boards\XilinxBoardStore\boards\Xilinx\vcu118\2.0\board.xml as part xcvu9p-flga2104-2l-e specified in board_part file is either invalid or not available
WARNING: [Board 49-26] cannot add Board Part xilinx.com:vcu118:part0:2.3 available at C:/AMDDesignTools/2025.2/data/xhub/boards\XilinxBoardStore\boards\Xilinx\vcu118\2.3\board.xml as part xcvu9p-flga2104-2l-e specified in board_part file is either invalid or not available
WARNING: [Board 49-26] cannot add Board Part xilinx.com:vcu118:part0:2.4 available at C:/AMDDesignTools/2025.2/data/xhub/boards\XilinxBoardStore\boards\Xilinx\vcu118\2.4\board.xml as part xcvu9p-flga2104-2l-e specified in board_part file is either invalid or not available
WARNING: [Board 49-26] cannot add Board Part xilinx.com:vcu128:part0:1.0 available at C:/AMDDesignTools/2025.2/data/xhub/boards\XilinxBoardStore\boards\Xilinx\vcu128\production\1.0\board.xml as part xcvu37p-fsvh2892-2l-e specified in board_part file is either invalid or not available
WARNING: [Board 49-26] cannot add Board Part xilinx.com:vcu129:part0:1.0 available at C:/AMDDesignTools/2025.2/data/xhub/boards\XilinxBoardStore\boards\Xilinx\vcu129\production\1.0\board.xml as part xcvu29p-fsga2577-2l-e specified in board_part file is either invalid or not available
WARNING: [Board 49-26] cannot add Board Part xilinx.com:vcu1525:part0:1.3 available at C:/AMDDesignTools/2025.2/data/xhub/boards\XilinxBoardStore\boards\Xilinx\vcu1525\1.3\board.xml as part xcvu9p-fsgd2104-2l-e specified in board_part file is either invalid or not available
WARNING: [Board 49-26] cannot add Board Part xilinx.com:vek280:part0:1.0 available at C:/AMDDesignTools/2025.2/data/xhub/boards\XilinxBoardStore\boards\Xilinx\vek280\production\1.0\board.xml as part xcve2802-vsvh1760-2mp-e-s specified in board_part file is either invalid or not available
WARNING: [Board 49-26] cannot add Board Part xilinx.com:vek280:part0:1.1 available at C:/AMDDesignTools/2025.2/data/xhub/boards\XilinxBoardStore\boards\Xilinx\vek280\production\1.1\board.xml as part xcve2802-vsvh1760-2mp-e-s specified in board_part file is either invalid or not available
WARNING: [Board 49-26] cannot add Board Part xilinx.com:vek280:part0:1.2 available at C:/AMDDesignTools/2025.2/data/xhub/boards\XilinxBoardStore\boards\Xilinx\vek280\production\1.2\board.xml as part xcve2802-vsvh1760-2mp-e-s specified in board_part file is either invalid or not available
WARNING: [Board 49-26] cannot add Board Part xilinx.com:vek385:part0:1.0 available at C:/AMDDesignTools/2025.2/data/xhub/boards\XilinxBoardStore\boards\Xilinx\vek385\1.0\board.xml as part xc2ve3858-ssva2112-2mp-e-s specified in board_part file is either invalid or not available
WARNING: [Board 49-26] cannot add Board Part xilinx.com:vek385:part0:1.1 available at C:/AMDDesignTools/2025.2/data/xhub/boards\XilinxBoardStore\boards\Xilinx\vek385\1.1\board.xml as part xc2ve3858-ssva2112-2mp-e-s specified in board_part file is either invalid or not available
WARNING: [Board 49-26] cannot add Board Part xilinx.com:vek385_1:part0:1.0 available at C:/AMDDesignTools/2025.2/data/xhub/boards\XilinxBoardStore\boards\Xilinx\vek385_2\1.0\board.xml as part xc2ve3858-ssva2112-2mp-e-s specified in board_part file is either invalid or not available
WARNING: [Board 49-26] cannot add Board Part xilinx.com:vermeo_t1_mpsoc:part0:1.0 available at C:/AMDDesignTools/2025.2/data/xhub/boards\XilinxBoardStore\boards\Xilinx\vermeo_t1_mpsoc\1.0\board.xml as part xczu19eg-ffvd1760-2l-e specified in board_part file is either invalid or not available
WARNING: [Board 49-26] cannot add Board Part xilinx.com:vermeo_t1_rfsoc:part0:1.0 available at C:/AMDDesignTools/2025.2/data/xhub/boards\XilinxBoardStore\boards\Xilinx\vermeo_t1_rfsoc\1.0\board.xml as part xczu21dr-ffvd1156-2l-e specified in board_part file is either invalid or not available
WARNING: [Board 49-26] cannot add Board Part xilinx.com:vhk158:part0:1.0 available at C:/AMDDesignTools/2025.2/data/xhub/boards\XilinxBoardStore\boards\Xilinx\vhk158\production\1.0\board.xml as part xcvh1582-vsva3697-2mp-e-s specified in board_part file is either invalid or not available
WARNING: [Board 49-26] cannot add Board Part xilinx.com:vhk158:part0:1.1 available at C:/AMDDesignTools/2025.2/data/xhub/boards\XilinxBoardStore\boards\Xilinx\vhk158\production\1.1\board.xml as part xcvh1582-vsva3697-2mp-e-s specified in board_part file is either invalid or not available
WARNING: [Board 49-26] cannot add Board Part xilinx.com:vhk158:part0:1.2 available at C:/AMDDesignTools/2025.2/data/xhub/boards\XilinxBoardStore\boards\Xilinx\vhk158\production\1.2\board.xml as part xcvh1582-vsva3697-2mp-e-s specified in board_part file is either invalid or not available
WARNING: [Board 49-26] cannot add Board Part xilinx.com:vmk180:part0:2.2 available at C:/AMDDesignTools/2025.2/data/xhub/boards\XilinxBoardStore\boards\Xilinx\vmk180\production\2.2\board.xml as part xcvm1802-vsva2197-2mp-e-s specified in board_part file is either invalid or not available
WARNING: [Board 49-26] cannot add Board Part xilinx.com:vmk180:part0:3.0 available at C:/AMDDesignTools/2025.2/data/xhub/boards\XilinxBoardStore\boards\Xilinx\vmk180\production\3.0\board.xml as part xcvm1802-vsva2197-2mp-e-s specified in board_part file is either invalid or not available
WARNING: [Board 49-26] cannot add Board Part xilinx.com:vmk180:part0:3.1 available at C:/AMDDesignTools/2025.2/data/xhub/boards\XilinxBoardStore\boards\Xilinx\vmk180\production\3.1\board.xml as part xcvm1802-vsva2197-2mp-e-s specified in board_part file is either invalid or not available
WARNING: [Board 49-26] cannot add Board Part xilinx.com:vmk180:part0:3.2 available at C:/AMDDesignTools/2025.2/data/xhub/boards\XilinxBoardStore\boards\Xilinx\vmk180\production\3.2\board.xml as part xcvm1802-vsva2197-2mp-e-s specified in board_part file is either invalid or not available
WARNING: [Board 49-26] cannot add Board Part xilinx.com:vmk180:part0:3.3 available at C:/AMDDesignTools/2025.2/data/xhub/boards\XilinxBoardStore\boards\Xilinx\vmk180\production\3.3\board.xml as part xcvm1802-vsva2197-2mp-e-s specified in board_part file is either invalid or not available
WARNING: [Board 49-26] cannot add Board Part xilinx.com:vmk180_newl:part0:1.0 available at C:/AMDDesignTools/2025.2/data/xhub/boards\XilinxBoardStore\boards\Xilinx\vmk180_newl\production\1.0\board.xml as part xcvm1802-vsva2197-2mp-e-s specified in board_part file is either invalid or not available
WARNING: [Board 49-26] cannot add Board Part xilinx.com:vmk180_newl:part0:1.1 available at C:/AMDDesignTools/2025.2/data/xhub/boards\XilinxBoardStore\boards\Xilinx\vmk180_newl\production\1.1\board.xml as part xcvm1802-vsva2197-2mp-e-s specified in board_part file is either invalid or not available
WARNING: [Board 49-26] cannot add Board Part xilinx.com:vpk120:part0:1.0 available at C:/AMDDesignTools/2025.2/data/xhub/boards\XilinxBoardStore\boards\Xilinx\vpk120\production\1.0\board.xml as part xcvp1202-vsva2785-2mp-e-s specified in board_part file is either invalid or not available
WARNING: [Board 49-26] cannot add Board Part xilinx.com:vpk120:part0:1.1 available at C:/AMDDesignTools/2025.2/data/xhub/boards\XilinxBoardStore\boards\Xilinx\vpk120\production\1.1\board.xml as part xcvp1202-vsva2785-2mp-e-s specified in board_part file is either invalid or not available
WARNING: [Board 49-26] cannot add Board Part xilinx.com:vpk120:part0:1.2 available at C:/AMDDesignTools/2025.2/data/xhub/boards\XilinxBoardStore\boards\Xilinx\vpk120\production\1.2\board.xml as part xcvp1202-vsva2785-2mp-e-s specified in board_part file is either invalid or not available
WARNING: [Board 49-26] cannot add Board Part xilinx.com:vpk180:part0:1.0 available at C:/AMDDesignTools/2025.2/data/xhub/boards\XilinxBoardStore\boards\Xilinx\vpk180\production\1.0\board.xml as part xcvp1802-lsvc4072-2mp-e-s specified in board_part file is either invalid or not available
WARNING: [Board 49-26] cannot add Board Part xilinx.com:vpk180:part0:1.1 available at C:/AMDDesignTools/2025.2/data/xhub/boards\XilinxBoardStore\boards\Xilinx\vpk180\production\1.1\board.xml as part xcvp1802-lsvc4072-2mp-e-s specified in board_part file is either invalid or not available
WARNING: [Board 49-26] cannot add Board Part xilinx.com:vpk180:part0:1.2 available at C:/AMDDesignTools/2025.2/data/xhub/boards\XilinxBoardStore\boards\Xilinx\vpk180\production\1.2\board.xml as part xcvp1802-lsvc4072-2mp-e-s specified in board_part file is either invalid or not available
WARNING: [Board 49-26] cannot add Board Part xilinx.com:vrk160:part0:1.0 available at C:/AMDDesignTools/2025.2/data/xhub/boards\XilinxBoardStore\boards\Xilinx\vrk160\1.0\board.xml as part xcvr1602-vsva2488-2mp-e-s-es1 specified in board_part file is either invalid or not available
INFO: [Common 17-14] Message 'Board 49-26' appears 100 times and further instances of the messages will be disabled. Use the Tcl command set_msg_config to change the current settings.
INFO: [IP_Flow 19-234] Refreshing IP repositories
INFO: [IP_Flow 19-1700] Loaded user IP repository 'v:/vivado-library'.
INFO: [IP_Flow 19-2313] Loaded Vivado IP repository 'C:/AMDDesignTools/2025.2/Vivado/data/ip'.
WARNING: [IP_Flow 19-12246] XCI file 'v:/zybo_z7_imx219/zybo_z7_imx219.srcs/sources_1/bd/design_1/ip/design_1_axis_raw10to8_0/design_1_axis_raw10to8_0.xci' contents have changed since it was last written.
INFO: [Project 1-5698] Found the below utility IPs instantiated in block design V:/zybo_z7_imx219/zybo_z7_imx219.srcs/sources_1/bd/design_1/design_1.bd which have equivalent inline hdl with improved performance and reduced diskspace.
It is recommended to migrate these utility IPs to inline hdl  using the command upgrade_project -migrate_to_inline_hdl.  The utility IPs may be deprecated in future releases.
More information on inline hdl is available in UG994.
Utility IP Component Instances:
 design_1_xlconstant_one_0
open_project: Time (s): cpu = 00:00:59 ; elapsed = 00:01:01 . Memory (MB): peak = 707.980 ; gain = 399.844
# set_property board_part_repo_paths [list $boards] [current_project]
# set_property board_part {digilentinc.com:zybo-z7-20:part0:1.2} [current_project]
# set_property ip_repo_paths [list $ip_repo] [current_project]
# catch {config_ip_cache -use_cache_location [file join $proj_dir ipcache]}
# update_ip_catalog -rebuild
INFO: [IP_Flow 19-234] Refreshing IP repositories
INFO: [IP_Flow 19-1700] Loaded user IP repository 'v:/vivado-library'.
# open_bd_design [get_files design_1.bd]
Reading block design file <V:/zybo_z7_imx219/zybo_z7_imx219.srcs/sources_1/bd/design_1/design_1.bd>...
Adding component instance block -- xilinx.com:ip:processing_system7:5.5 - processing_system7_0
Adding component instance block -- xilinx.com:ip:proc_sys_reset:5.0 - proc_sys_reset_0
Adding component instance block -- xilinx.com:ip:mipi_csi2_rx_subsystem:6.0 - mipi_csi2_rx_subsyst_0
Adding component instance block -- xilinx.com:ip:smartconnect:1.0 - axi_smc
Adding component instance block -- xilinx.com:ip:axi_vdma:6.3 - axi_vdma_0
Adding component instance block -- xilinx.com:ip:axi_interconnect:2.1 - axi_mem_intercon
Adding component instance block -- xilinx.com:ip:axi_crossbar:2.1 - xbar
Adding component instance block -- xilinx.com:ip:axi_protocol_converter:2.1 - auto_pc
Adding component instance block -- xilinx.com:ip:axi_protocol_converter:2.1 - auto_pc
Adding component instance block -- xilinx.com:ip:clk_wiz:6.0 - clk_wiz_0
Adding component instance block -- xilinx.com:ip:axis_subset_converter:1.1 - axis_raw10to8
Adding component instance block -- xilinx.com:ip:v_demosaic:1.1 - v_demosaic_0
Adding component instance block -- xilinx.com:ip:clk_wiz:6.0 - clk_wiz_hdmi
Adding component instance block -- xilinx.com:ip:proc_sys_reset:5.0 - rst_hdmi
Adding component instance block -- xilinx.com:ip:v_tc:6.2 - v_tc_0
Adding component instance block -- xilinx.com:ip:v_axi4s_vid_out:4.0 - v_axi4s_vid_out_0
Adding component instance block -- digilentinc.com:ip:rgb2dvi:1.4 - rgb2dvi_0
Adding component instance block -- xilinx.com:ip:xlconstant:1.1 - xlconstant_one
Successfully read diagram <design_1> from block design file <V:/zybo_z7_imx219/zybo_z7_imx219.srcs/sources_1/bd/design_1/design_1.bd>
WARNING: [BD 41-176] The physical port 'dl0_rxinvalidcodehs' specified in the portmap, is not found on the block! 
WARNING: [BD 41-176] The physical port 'dl0_rxulpmesc' specified in the portmap, is not found on the block! 
WARNING: [BD 41-176] The physical port 'dl1_rxinvalidcodehs' specified in the portmap, is not found on the block! 
WARNING: [BD 41-176] The physical port 'dl1_rxulpmesc' specified in the portmap, is not found on the block! 
WARNING: [BD 41-176] The physical port 'dl2_rxinvalidcodehs' specified in the portmap, is not found on the block! 
WARNING: [BD 41-176] The physical port 'dl2_rxulpmesc' specified in the portmap, is not found on the block! 
WARNING: [BD 41-176] The physical port 'dl3_rxulpmesc' specified in the portmap, is not found on the block! 
open_bd_design: Time (s): cpu = 00:00:06 ; elapsed = 00:00:10 . Memory (MB): peak = 753.891 ; gain = 45.910
# catch {upgrade_ip [get_ips] -sync}
# if {[llength [get_bd_intf_nets -quiet mipi_csi2_rx_subsyst_0_video_out]]} {
#   delete_bd_objs [get_bd_intf_nets mipi_csi2_rx_subsyst_0_video_out]
# }
# set_property -dict [list \
#   CONFIG.c_include_mm2s {1} \
#   CONFIG.c_num_fstores {5} \
#   CONFIG.c_m_axis_mm2s_tdata_width {24} \
#   CONFIG.c_mm2s_linebuffer_depth {4096} \
#   CONFIG.c_s2mm_linebuffer_depth {4096} \
# ] [get_bd_cells axi_vdma_0]
# if {[llength [get_bd_cells -quiet axis_raw10to8]] == 0} {
#   create_bd_cell -type ip -vlnv xilinx.com:ip:axis_subset_converter:1.1 axis_raw10to8
# }
# set_property -dict [list \
#   CONFIG.S_TDATA_NUM_BYTES.VALUE_SRC USER \
#   CONFIG.M_TDATA_NUM_BYTES.VALUE_SRC USER \
#   CONFIG.S_TDATA_NUM_BYTES {2} \
#   CONFIG.M_TDATA_NUM_BYTES {1} \
#   CONFIG.TDATA_REMAP {tdata[9:2]} \
# ] [get_bd_cells axis_raw10to8]
# if {[llength [get_bd_cells -quiet v_demosaic_0]] == 0} {
#   create_bd_cell -type ip -vlnv xilinx.com:ip:v_demosaic:1.1 v_demosaic_0
# }
# set_property -dict [list \
#   CONFIG.SAMPLES_PER_CLOCK {1} \
#   CONFIG.MAX_COLS {1920} \
#   CONFIG.MAX_ROWS {1080} \
#   CONFIG.MAX_DATA_WIDTH {8} \
# ] [get_bd_cells v_demosaic_0]
# if {[llength [get_bd_cells -quiet clk_wiz_hdmi]] == 0} {
#   create_bd_cell -type ip -vlnv xilinx.com:ip:clk_wiz:6.0 clk_wiz_hdmi
# }
# set_property -dict [list \
#   CONFIG.PRIM_IN_FREQ {100.000} \
#   CONFIG.CLKOUT1_REQUESTED_OUT_FREQ {148.500} \
#   CONFIG.USE_LOCKED {true} \
#   CONFIG.USE_RESET {false} \
# ] [get_bd_cells clk_wiz_hdmi]
# if {[llength [get_bd_cells -quiet rst_hdmi]] == 0} {
#   create_bd_cell -type ip -vlnv xilinx.com:ip:proc_sys_reset:5.0 rst_hdmi
# }
# if {[llength [get_bd_cells -quiet xlconstant_one]] == 0} {
#   create_bd_cell -type ip -vlnv xilinx.com:ip:xlconstant:1.1 xlconstant_one
# }
# set_property -dict [list CONFIG.CONST_WIDTH {1} CONFIG.CONST_VAL {1}] \
#   [get_bd_cells xlconstant_one]
# if {[llength [get_bd_cells -quiet v_tc_0]] == 0} {
#   create_bd_cell -type ip -vlnv xilinx.com:ip:v_tc:6.2 v_tc_0
# }
# set_property -dict [list \
#   CONFIG.enable_detection {false} \
#   CONFIG.enable_generation {true} \
#   CONFIG.VIDEO_MODE {1080p} \
# ] [get_bd_cells v_tc_0]
# if {[llength [get_bd_cells -quiet v_axi4s_vid_out_0]] == 0} {
#   create_bd_cell -type ip -vlnv xilinx.com:ip:v_axi4s_vid_out:4.0 v_axi4s_vid_out_0
# }
# set_property -dict [list \
#   CONFIG.C_PIXELS_PER_CLOCK {1} \
#   CONFIG.C_NATIVE_COMPONENT_WIDTH {8} \
#   CONFIG.C_NATIVE_DATA_WIDTH {24} \
#   CONFIG.C_HAS_ASYNC_CLK {1} \
#   CONFIG.C_ADDR_WIDTH {12} \
#   CONFIG.C_VTG_MASTER_SLAVE {1} \
# ] [get_bd_cells v_axi4s_vid_out_0]
CRITICAL WARNING: [BD 41-1276] Cannot set the parameter C_NATIVE_DATA_WIDTH on /v_axi4s_vid_out_0. Parameter does not exist
# if {[llength [get_bd_cells -quiet rgb2dvi_0]] == 0} {
#   create_bd_cell -type ip -vlnv digilentinc.com:ip:rgb2dvi:1.4 rgb2dvi_0
# }
# set_property -dict [list \
#   CONFIG.kGenerateSerialClk {true} \
#   CONFIG.kClkRange {1} \
#   CONFIG.kRstActiveHigh {false} \
# ] [get_bd_cells rgb2dvi_0]
# foreach pair {
#   {mipi_csi2_rx_subsyst_0/video_out axis_raw10to8/S_AXIS}
#   {axis_raw10to8/M_AXIS v_demosaic_0/s_axis_video}
#   {v_demosaic_0/m_axis_video axi_vdma_0/S_AXIS_S2MM}
#   {axi_vdma_0/M_AXIS_MM2S v_axi4s_vid_out_0/video_in}
#   {v_tc_0/vtiming_out v_axi4s_vid_out_0/vtiming_in}
# } {
#   catch {connect_bd_intf_net [get_bd_intf_pins [lindex $pair 0]] [get_bd_intf_pins [lindex $pair 1]]}
# }
WARNING: [BD 41-394] Exec TCL: all interface pins/ports are already connected to interface net '/axis_raw10to8_M_AXIS'
WARNING: [BD 41-394] Exec TCL: all interface pins/ports are already connected to interface net '/v_demosaic_0_m_axis_video'
WARNING: [BD 41-394] Exec TCL: all interface pins/ports are already connected to interface net '/axi_vdma_0_M_AXIS_MM2S'
WARNING: [BD 41-394] Exec TCL: all interface pins/ports are already connected to interface net '/v_tc_0_vtiming_out'
# foreach pair {
#   {v_axi4s_vid_out_0/vid_data rgb2dvi_0/vid_pData}
#   {v_axi4s_vid_out_0/vid_hsync rgb2dvi_0/vid_pHSync}
#   {v_axi4s_vid_out_0/vid_vsync rgb2dvi_0/vid_pVSync}
#   {v_axi4s_vid_out_0/vid_active_video rgb2dvi_0/vid_pVDE}
#   {v_axi4s_vid_out_0/vtg_ce v_tc_0/gen_clken}
# } {
#   catch {connect_bd_net [get_bd_pins [lindex $pair 0]] [get_bd_pins [lindex $pair 1]]}
# }
WARNING: [BD 41-395] Exec TCL: all ports/pins are already connected to '/v_axi4s_vid_out_0_vid_data'
ERROR: [BD 5-4] Error: running connect_bd_net.
WARNING: [BD 41-395] Exec TCL: all ports/pins are already connected to '/v_axi4s_vid_out_0_vid_hsync'
ERROR: [BD 5-4] Error: running connect_bd_net.
WARNING: [BD 41-395] Exec TCL: all ports/pins are already connected to '/v_axi4s_vid_out_0_vid_vsync'
ERROR: [BD 5-4] Error: running connect_bd_net.
WARNING: [BD 41-395] Exec TCL: all ports/pins are already connected to '/v_axi4s_vid_out_0_vid_active_video'
ERROR: [BD 5-4] Error: running connect_bd_net.
WARNING: [BD 41-395] Exec TCL: all ports/pins are already connected to '/v_axi4s_vid_out_0_vtg_ce'
ERROR: [BD 5-4] Error: running connect_bd_net.
# set fclk [get_bd_pins processing_system7_0/FCLK_CLK1]
# set rstn [get_bd_pins proc_sys_reset_0/peripheral_aresetn]
# set rstn_fclk [get_bd_pins processing_system7_0/FCLK_RESET0_N]
# foreach pair [list \
#   [list $fclk [get_bd_pins axis_raw10to8/aclk]] \
#   [list $rstn [get_bd_pins axis_raw10to8/aresetn]] \
#   [list $fclk [get_bd_pins v_demosaic_0/ap_clk]] \
#   [list $rstn [get_bd_pins v_demosaic_0/ap_rst_n]] \
#   [list $fclk [get_bd_pins axi_vdma_0/m_axi_mm2s_aclk]] \
#   [list $fclk [get_bd_pins axi_vdma_0/m_axis_mm2s_aclk]] \
#   [list $fclk [get_bd_pins v_axi4s_vid_out_0/aclk]] \
#   [list $rstn [get_bd_pins v_axi4s_vid_out_0/aresetn]] \
#   [list $fclk [get_bd_pins v_tc_0/s_axi_aclk]] \
#   [list $rstn [get_bd_pins v_tc_0/s_axi_aresetn]] \
#   [list $fclk [get_bd_pins clk_wiz_hdmi/clk_in1]] \
#   [list [get_bd_pins clk_wiz_hdmi/clk_out1] [get_bd_pins rst_hdmi/slowest_sync_clk]] \
#   [list [get_bd_pins clk_wiz_hdmi/locked] [get_bd_pins rst_hdmi/dcm_locked]] \
#   [list $rstn_fclk [get_bd_pins rst_hdmi/ext_reset_in]] \
#   [list [get_bd_pins clk_wiz_hdmi/clk_out1] [get_bd_pins v_tc_0/clk]] \
#   [list $rstn [get_bd_pins v_tc_0/resetn]] \
#   [list [get_bd_pins clk_wiz_hdmi/clk_out1] [get_bd_pins v_axi4s_vid_out_0/vid_io_out_clk]] \
#   [list [get_bd_pins rst_hdmi/peripheral_reset] [get_bd_pins v_axi4s_vid_out_0/vid_io_out_reset]] \
#   [list [get_bd_pins clk_wiz_hdmi/clk_out1] [get_bd_pins rgb2dvi_0/PixelClk]] \
#   [list [get_bd_pins rst_hdmi/peripheral_aresetn] [get_bd_pins rgb2dvi_0/aRst_n]] \
#   [list [get_bd_pins xlconstant_one/dout] [get_bd_pins v_tc_0/s_axi_aclken]] \
#   [list [get_bd_pins xlconstant_one/dout] [get_bd_pins v_tc_0/clken]] \
# ] {
#   catch {connect_bd_net [lindex $pair 0] [lindex $pair 1]}
# }
WARNING: [BD 41-395] Exec TCL: all ports/pins are already connected to '/processing_system7_0_FCLK_CLK1'
ERROR: [BD 5-4] Error: running connect_bd_net.
WARNING: [BD 41-395] Exec TCL: all ports/pins are already connected to '/proc_sys_reset_0_peripheral_aresetn'
ERROR: [BD 5-4] Error: running connect_bd_net.
WARNING: [BD 41-395] Exec TCL: all ports/pins are already connected to '/processing_system7_0_FCLK_CLK1'
ERROR: [BD 5-4] Error: running connect_bd_net.
WARNING: [BD 41-395] Exec TCL: all ports/pins are already connected to '/proc_sys_reset_0_peripheral_aresetn'
ERROR: [BD 5-4] Error: running connect_bd_net.
WARNING: [BD 41-395] Exec TCL: all ports/pins are already connected to '/processing_system7_0_FCLK_CLK1'
ERROR: [BD 5-4] Error: running connect_bd_net.
WARNING: [BD 41-395] Exec TCL: all ports/pins are already connected to '/processing_system7_0_FCLK_CLK1'
ERROR: [BD 5-4] Error: running connect_bd_net.
WARNING: [BD 41-395] Exec TCL: all ports/pins are already connected to '/processing_system7_0_FCLK_CLK1'
ERROR: [BD 5-4] Error: running connect_bd_net.
WARNING: [BD 41-395] Exec TCL: all ports/pins are already connected to '/proc_sys_reset_0_peripheral_aresetn'
ERROR: [BD 5-4] Error: running connect_bd_net.
WARNING: [BD 41-395] Exec TCL: all ports/pins are already connected to '/processing_system7_0_FCLK_CLK1'
ERROR: [BD 5-4] Error: running connect_bd_net.
WARNING: [BD 41-395] Exec TCL: all ports/pins are already connected to '/proc_sys_reset_0_peripheral_aresetn'
ERROR: [BD 5-4] Error: running connect_bd_net.
WARNING: [BD 41-395] Exec TCL: all ports/pins are already connected to '/processing_system7_0_FCLK_CLK1'
ERROR: [BD 5-4] Error: running connect_bd_net.
WARNING: [BD 41-395] Exec TCL: all ports/pins are already connected to '/clk_wiz_hdmi_clk_out1'
ERROR: [BD 5-4] Error: running connect_bd_net.
WARNING: [BD 41-395] Exec TCL: all ports/pins are already connected to '/clk_wiz_hdmi_locked'
ERROR: [BD 5-4] Error: running connect_bd_net.
WARNING: [BD 41-395] Exec TCL: all ports/pins are already connected to '/processing_system7_0_FCLK_RESET0_N'
ERROR: [BD 5-4] Error: running connect_bd_net.
WARNING: [BD 41-395] Exec TCL: all ports/pins are already connected to '/clk_wiz_hdmi_clk_out1'
ERROR: [BD 5-4] Error: running connect_bd_net.
ERROR: [BD 5-676] The sink </v_tc_0/resetn> is already connected to another source, therefore, it cannot be connected to source </proc_sys_reset_0/peripheral_aresetn>.
WARNING: [BD 41-395] Exec TCL: all ports/pins are already connected to '/clk_wiz_hdmi_clk_out1'
ERROR: [BD 5-4] Error: running connect_bd_net.
WARNING: [BD 41-395] Exec TCL: all ports/pins are already connected to '/rst_hdmi_peripheral_reset'
ERROR: [BD 5-4] Error: running connect_bd_net.
WARNING: [BD 41-395] Exec TCL: all ports/pins are already connected to '/clk_wiz_hdmi_clk_out1'
ERROR: [BD 5-4] Error: running connect_bd_net.
WARNING: [BD 41-395] Exec TCL: all ports/pins are already connected to '/rst_hdmi_peripheral_aresetn'
ERROR: [BD 5-4] Error: running connect_bd_net.
WARNING: [BD 41-395] Exec TCL: all ports/pins are already connected to '/xlconstant_one_dout'
ERROR: [BD 5-4] Error: running connect_bd_net.
WARNING: [BD 41-395] Exec TCL: all ports/pins are already connected to '/xlconstant_one_dout'
ERROR: [BD 5-4] Error: running connect_bd_net.
# foreach p {TMDS_Clk_p TMDS_Clk_n} {
#   if {[llength [get_bd_ports -quiet $p]] == 0} {
#     create_bd_port -dir O $p
#   }
#   catch {connect_bd_net [get_bd_pins rgb2dvi_0/$p] [get_bd_ports $p]}
# }
WARNING: [BD 41-395] Exec TCL: all ports/pins are already connected to '/rgb2dvi_0_TMDS_Clk_p'
ERROR: [BD 5-4] Error: running connect_bd_net.
WARNING: [BD 41-395] Exec TCL: all ports/pins are already connected to '/rgb2dvi_0_TMDS_Clk_n'
ERROR: [BD 5-4] Error: running connect_bd_net.
# if {[llength [get_bd_ports -quiet TMDS_Data_p]] == 0} {
#   create_bd_port -dir O -from 2 -to 0 TMDS_Data_p
#   create_bd_port -dir O -from 2 -to 0 TMDS_Data_n
# }
# catch {connect_bd_net [get_bd_pins rgb2dvi_0/TMDS_Data_p] [get_bd_ports TMDS_Data_p]}
WARNING: [BD 41-395] Exec TCL: all ports/pins are already connected to '/rgb2dvi_0_TMDS_Data_p'
ERROR: [BD 5-4] Error: running connect_bd_net.
# catch {connect_bd_net [get_bd_pins rgb2dvi_0/TMDS_Data_n] [get_bd_ports TMDS_Data_n]}
WARNING: [BD 41-395] Exec TCL: all ports/pins are already connected to '/rgb2dvi_0_TMDS_Data_n'
ERROR: [BD 5-4] Error: running connect_bd_net.
# set xdc [file join $proj_dir constrs hdmi_out.xdc]
# catch {add_files -fileset constrs_1 -norecurse $xdc}
WARNING: [filemgmt 56-12] File 'V:/constrs/hdmi_out.xdc' cannot be added to the project because it already exists in the project, skipping this file
# catch {apply_bd_automation -rule xilinx.com:bd_rule:axi4 \
#   -config [list Master "/processing_system7_0/M_AXI_GP0" Clk "Auto"] \
#   [get_bd_intf_pins v_demosaic_0/s_axi_CTRL]}
# catch {apply_bd_automation -rule xilinx.com:bd_rule:axi4 \
#   -config [list Master "/processing_system7_0/M_AXI_GP0" Clk "Auto"] \
#   [get_bd_intf_pins v_tc_0/ctrl]}
# catch {apply_bd_automation -rule xilinx.com:bd_rule:axi4 \
#   -config [list Slave "/processing_system7_0/S_AXI_HP0" Clk "Auto"] \
#   [get_bd_intf_pins axi_vdma_0/M_AXI_MM2S]}
ERROR: [Ip 78-87] Error found in procedure get_rule_options.
 
ERROR: [Ip 78-92] Failed to extract configurable options 
ERROR: [xilinx.com:ip:axi_vdma:6.3-1] /axi_vdma_0 No valid slave interface could be found to connect to </axi_vdma_0/M_AXI_MM2S>
INFO: [Common 17-17] undo 'apply_bd_automation'
# set smc [get_bd_cells -quiet axi_smc]
# if {[llength $smc]} {
#   set_property CONFIG.NUM_MI {4} $smc
# }
# set vtc_rstn [get_bd_pins v_tc_0/resetn]
# set vtc_rstn_net [get_bd_nets -quiet -of_objects $vtc_rstn]
# if {[llength $vtc_rstn_net]} {
#   disconnect_bd_net $vtc_rstn_net $vtc_rstn
# }
# catch {connect_bd_net [get_bd_pins proc_sys_reset_0/peripheral_aresetn] $vtc_rstn}
# assign_bd_address
INFO: [BD 41-3093] Triggering Legacy Auto Assign Algorithm
# regenerate_bd_layout
# validate_bd_design
clk_domain: design_1_processing_system7_0_0_FCLK_CLK1, clk_domain_1: design_1_processing_system7_0_0_FCLK_CLK1, clkDomainValSrc_1: PROPAGATED, clk_domain_ctrl: 0
clk_domain: design_1_processing_system7_0_0_FCLK_CLK1, clk_domain_1: design_1_processing_system7_0_0_FCLK_CLK1, clkDomainValSrc_1: PROPAGATED, clk_domain_ctrl: 0
INFO: [BD 5-943] Reserving offset range <0x43C0_0000 [ 4K ]> from slave interface '/axi_smc/S00_AXI' to master interface '/axi_smc/M00_AXI'. This will be used by smartconnect on path for routing.
INFO: [BD 5-943] Reserving offset range <0x4300_0000 [ 64K ]> from slave interface '/axi_smc/S00_AXI' to master interface '/axi_smc/M01_AXI'. This will be used by smartconnect on path for routing.
INFO: [BD 5-943] Reserving offset range <0x43C1_0000 [ 64K ]> from slave interface '/axi_smc/S00_AXI' to master interface '/axi_smc/M02_AXI'. This will be used by smartconnect on path for routing.
INFO: [BD 5-943] Reserving offset range <0x43C2_0000 [ 64K ]> from slave interface '/axi_smc/S00_AXI' to master interface '/axi_smc/M03_AXI'. This will be used by smartconnect on path for routing.
INFO: [xilinx.com:ip:smartconnect:1.0-1] design_1_axi_smc_0: SmartConnect design_1_axi_smc_0 is in Low-Area Mode.
INFO: [Ipptcl 7-1463] No Compatible Board Interface found. Board Tab not created in customize GUI
xit::source_ipfile: Time (s): cpu = 00:00:11 ; elapsed = 00:00:14 . Memory (MB): peak = 842.723 ; gain = 46.117
xit::source_ipfile: Time (s): cpu = 00:00:16 ; elapsed = 00:00:18 . Memory (MB): peak = 859.309 ; gain = 16.586
CRITICAL WARNING: [BD 41-1344] Reset pin /v_tc_0/resetn (associated clock /v_tc_0/clk) is connected to reset source /proc_sys_reset_0/peripheral_aresetn (synchronous to clock source /processing_system7_0/FCLK_CLK1).
This may prevent design from meeting timing. Instead it should be connected to reset source /rst_hdmi/peripheral_aresetn.
INFO: [xilinx.com:ip:clk_wiz:6.0-1] /clk_wiz_0 clk_wiz propagate
INFO: [xilinx.com:ip:clk_wiz:6.0-1] /clk_wiz_hdmi clk_wiz propagate
validate_bd_design: Time (s): cpu = 00:00:39 ; elapsed = 00:00:48 . Memory (MB): peak = 865.188 ; gain = 85.547
# save_bd_design
Wrote  : <V:\zybo_z7_imx219\zybo_z7_imx219.srcs\sources_1\bd\design_1\design_1.bd> 
WARNING: [IP_Flow 19-11785] File 'v:/zybo_z7_imx219/zybo_z7_imx219.gen/sources_1/bd/design_1/ipshared/7e8c/hdl/axi_vdma_v6_3_24.vh' is not registered in generated file cache.
WARNING: [IP_Flow 19-11785] File 'v:/zybo_z7_imx219/zybo_z7_imx219.gen/sources_1/bd/design_1/ipshared/7e8c/hdl/axi_vdma_v6_3_rfs.v' is not registered in generated file cache.
WARNING: [IP_Flow 19-11785] File 'v:/zybo_z7_imx219/zybo_z7_imx219.gen/sources_1/bd/design_1/ipshared/7e8c/hdl/axi_vdma_v6_3_rfs.vhd' is not registered in generated file cache.
WARNING: [IP_Flow 19-11785] File 'v:/zybo_z7_imx219/zybo_z7_imx219.gen/sources_1/bd/design_1/ipshared/d44a/hdl/axi_datamover_v5_1_vh_rfs.vhd' is not registered in generated file cache.
save_bd_design: Time (s): cpu = 00:00:05 ; elapsed = 00:00:08 . Memory (MB): peak = 865.188 ; gain = 0.000
INFO: [BD 41-1662] The design 'design_1.bd' is already validated. Therefore parameter propagation will not be re-run.
WARNING: [BD 41-2384] Width mismatch when connecting pin: '/axi_mem_intercon/xbar/m_axi_bid'(1) to pin: '/axi_mem_intercon/m00_couplers/S_AXI_bid'(6) - Only lower order bits will be connected.
WARNING: [BD 41-2384] Width mismatch when connecting pin: '/axi_mem_intercon/xbar/m_axi_rid'(1) to pin: '/axi_mem_intercon/m00_couplers/S_AXI_rid'(6) - Only lower order bits will be connected.
WARNING: [BD 41-2384] Width mismatch when connecting pin: '/processing_system7_0/S_AXI_HP0_AWID'(6) to pin: '/axi_mem_intercon/M00_AXI_awid'(1) - Only lower order bits will be connected.
WARNING: [BD 41-2384] Width mismatch when connecting pin: '/processing_system7_0/S_AXI_HP0_ARID'(6) to pin: '/axi_mem_intercon/M00_AXI_arid'(1) - Only lower order bits will be connected.
WARNING: [BD 41-2384] Width mismatch when connecting pin: '/processing_system7_0/S_AXI_HP0_WID'(6) to pin: '/axi_mem_intercon/M00_AXI_wid'(1) - Only lower order bits will be connected.
WARNING: [BD 41-2384] Width mismatch when connecting pin: '/v_demosaic_0/s_axis_video_TDEST'(1) to pin: '/axis_raw10to8/m_axis_tdest'(10) - Only lower order bits will be connected.
Verilog Output written to : v:/zybo_z7_imx219/zybo_z7_imx219.gen/sources_1/bd/design_1/synth/design_1.v
WARNING: [BD 41-2384] Width mismatch when connecting pin: '/axi_mem_intercon/xbar/m_axi_bid'(1) to pin: '/axi_mem_intercon/m00_couplers/S_AXI_bid'(6) - Only lower order bits will be connected.
WARNING: [BD 41-2384] Width mismatch when connecting pin: '/axi_mem_intercon/xbar/m_axi_rid'(1) to pin: '/axi_mem_intercon/m00_couplers/S_AXI_rid'(6) - Only lower order bits will be connected.
WARNING: [BD 41-2384] Width mismatch when connecting pin: '/processing_system7_0/S_AXI_HP0_AWID'(6) to pin: '/axi_mem_intercon/M00_AXI_awid'(1) - Only lower order bits will be connected.
WARNING: [BD 41-2384] Width mismatch when connecting pin: '/processing_system7_0/S_AXI_HP0_ARID'(6) to pin: '/axi_mem_intercon/M00_AXI_arid'(1) - Only lower order bits will be connected.
WARNING: [BD 41-2384] Width mismatch when connecting pin: '/processing_system7_0/S_AXI_HP0_WID'(6) to pin: '/axi_mem_intercon/M00_AXI_wid'(1) - Only lower order bits will be connected.
WARNING: [BD 41-2384] Width mismatch when connecting pin: '/v_demosaic_0/s_axis_video_TDEST'(1) to pin: '/axis_raw10to8/m_axis_tdest'(10) - Only lower order bits will be connected.
Verilog Output written to : v:/zybo_z7_imx219/zybo_z7_imx219.gen/sources_1/bd/design_1/sim/design_1.v
Verilog Output written to : v:/zybo_z7_imx219/zybo_z7_imx219.gen/sources_1/bd/design_1/hdl/design_1_wrapper.v
make_wrapper: Time (s): cpu = 00:00:03 ; elapsed = 00:00:07 . Memory (MB): peak = 882.812 ; gain = 17.625
# set wrap [make_wrapper -files [get_files design_1.bd] -top]
# add_files -norecurse $wrap
WARNING: [filemgmt 56-12] File 'v:/zybo_z7_imx219/zybo_z7_imx219.gen/sources_1/bd/design_1/hdl/design_1_wrapper.v' cannot be added to the project because it already exists in the project, skipping this file
# update_compile_order -fileset sources_1
# set_property top design_1_wrapper [current_fileset]
# reset_run synth_1
INFO: [Project 1-1161] Replacing file V:/zybo_z7_imx219/zybo_z7_imx219.srcs/utils_1/imports/synth_1/design_1_wrapper.dcp with file V:/zybo_z7_imx219/zybo_z7_imx219.runs/synth_1/design_1_wrapper.dcp
# launch_runs impl_1 -to_step write_bitstream -jobs 6
INFO: [BD 41-1662] The design 'design_1.bd' is already validated. Therefore parameter propagation will not be re-run.
WARNING: [BD 41-2384] Width mismatch when connecting pin: '/axi_mem_intercon/xbar/m_axi_bid'(1) to pin: '/axi_mem_intercon/m00_couplers/S_AXI_bid'(6) - Only lower order bits will be connected.
WARNING: [BD 41-2384] Width mismatch when connecting pin: '/axi_mem_intercon/xbar/m_axi_rid'(1) to pin: '/axi_mem_intercon/m00_couplers/S_AXI_rid'(6) - Only lower order bits will be connected.
WARNING: [BD 41-2384] Width mismatch when connecting pin: '/processing_system7_0/S_AXI_HP0_AWID'(6) to pin: '/axi_mem_intercon/M00_AXI_awid'(1) - Only lower order bits will be connected.
WARNING: [BD 41-2384] Width mismatch when connecting pin: '/processing_system7_0/S_AXI_HP0_ARID'(6) to pin: '/axi_mem_intercon/M00_AXI_arid'(1) - Only lower order bits will be connected.
WARNING: [BD 41-2384] Width mismatch when connecting pin: '/processing_system7_0/S_AXI_HP0_WID'(6) to pin: '/axi_mem_intercon/M00_AXI_wid'(1) - Only lower order bits will be connected.
WARNING: [BD 41-2384] Width mismatch when connecting pin: '/v_demosaic_0/s_axis_video_TDEST'(1) to pin: '/axis_raw10to8/m_axis_tdest'(10) - Only lower order bits will be connected.
Verilog Output written to : v:/zybo_z7_imx219/zybo_z7_imx219.gen/sources_1/bd/design_1/synth/design_1.v
WARNING: [BD 41-2384] Width mismatch when connecting pin: '/axi_mem_intercon/xbar/m_axi_bid'(1) to pin: '/axi_mem_intercon/m00_couplers/S_AXI_bid'(6) - Only lower order bits will be connected.
WARNING: [BD 41-2384] Width mismatch when connecting pin: '/axi_mem_intercon/xbar/m_axi_rid'(1) to pin: '/axi_mem_intercon/m00_couplers/S_AXI_rid'(6) - Only lower order bits will be connected.
WARNING: [BD 41-2384] Width mismatch when connecting pin: '/processing_system7_0/S_AXI_HP0_AWID'(6) to pin: '/axi_mem_intercon/M00_AXI_awid'(1) - Only lower order bits will be connected.
WARNING: [BD 41-2384] Width mismatch when connecting pin: '/processing_system7_0/S_AXI_HP0_ARID'(6) to pin: '/axi_mem_intercon/M00_AXI_arid'(1) - Only lower order bits will be connected.
WARNING: [BD 41-2384] Width mismatch when connecting pin: '/processing_system7_0/S_AXI_HP0_WID'(6) to pin: '/axi_mem_intercon/M00_AXI_wid'(1) - Only lower order bits will be connected.
WARNING: [BD 41-2384] Width mismatch when connecting pin: '/v_demosaic_0/s_axis_video_TDEST'(1) to pin: '/axis_raw10to8/m_axis_tdest'(10) - Only lower order bits will be connected.
Verilog Output written to : v:/zybo_z7_imx219/zybo_z7_imx219.gen/sources_1/bd/design_1/sim/design_1.v
Verilog Output written to : v:/zybo_z7_imx219/zybo_z7_imx219.gen/sources_1/bd/design_1/hdl/design_1_wrapper.v
Exporting to file v:/zybo_z7_imx219/zybo_z7_imx219.gen/sources_1/bd/design_1/ip/design_1_mipi_csi2_rx_subsyst_0_0/bd_0/hw_handoff/design_1_mipi_csi2_rx_subsyst_0_0.hwh
Generated Hardware Definition File v:/zybo_z7_imx219/zybo_z7_imx219.gen/sources_1/bd/design_1/ip/design_1_mipi_csi2_rx_subsyst_0_0/bd_0/synth/design_1_mipi_csi2_rx_subsyst_0_0.hwdef
WARNING: [BD 41-2384] Width mismatch when connecting pin: '/s00_nodes/s00_ar_node/s_sc_payld'(147) to pin: '/s00_nodes/S_SC_AR_payld'(143) - Only lower order bits will be connected.
WARNING: [BD 41-2384] Width mismatch when connecting pin: '/s00_nodes/s00_aw_node/s_sc_payld'(147) to pin: '/s00_nodes/S_SC_AW_payld'(143) - Only lower order bits will be connected.
WARNING: [BD 41-2384] Width mismatch when connecting pin: '/m00_nodes/m00_r_node/s_sc_payld'(55) to pin: '/m00_nodes/S_SC_R_payld'(53) - Only lower order bits will be connected.
WARNING: [BD 41-2384] Width mismatch when connecting pin: '/m00_nodes/m00_b_node/s_sc_payld'(9) to pin: '/m00_nodes/S_SC_B_payld'(7) - Only lower order bits will be connected.
WARNING: [BD 41-2384] Width mismatch when connecting pin: '/m01_nodes/m01_r_node/s_sc_payld'(55) to pin: '/m01_nodes/S_SC_R_payld'(53) - Only lower order bits will be connected.
WARNING: [BD 41-2384] Width mismatch when connecting pin: '/m01_nodes/m01_b_node/s_sc_payld'(9) to pin: '/m01_nodes/S_SC_B_payld'(7) - Only lower order bits will be connected.
WARNING: [BD 41-2384] Width mismatch when connecting pin: '/m02_nodes/m02_r_node/s_sc_payld'(55) to pin: '/m02_nodes/S_SC_R_payld'(53) - Only lower order bits will be connected.
WARNING: [BD 41-2384] Width mismatch when connecting pin: '/m02_nodes/m02_b_node/s_sc_payld'(9) to pin: '/m02_nodes/S_SC_B_payld'(7) - Only lower order bits will be connected.
WARNING: [BD 41-2384] Width mismatch when connecting pin: '/m03_nodes/m03_r_node/s_sc_payld'(55) to pin: '/m03_nodes/S_SC_R_payld'(53) - Only lower order bits will be connected.
WARNING: [BD 41-2384] Width mismatch when connecting pin: '/m03_nodes/m03_b_node/s_sc_payld'(9) to pin: '/m03_nodes/S_SC_B_payld'(7) - Only lower order bits will be connected.
WARNING: [BD 41-2384] Width mismatch when connecting pin: '/s00_axi2sc/s_sc_r_payld'(53) to pin: '/s00_nodes/M_SC_R_payld'(55) - Only lower order bits will be connected.
WARNING: [BD 41-2384] Width mismatch when connecting pin: '/s00_axi2sc/s_sc_b_payld'(7) to pin: '/s00_nodes/M_SC_B_payld'(9) - Only lower order bits will be connected.
WARNING: [BD 41-2384] Width mismatch when connecting pin: '/m00_sc2axi/s_sc_ar_payld'(143) to pin: '/m00_nodes/M_SC_AR_payld'(147) - Only lower order bits will be connected.
WARNING: [BD 41-2384] Width mismatch when connecting pin: '/m00_sc2axi/s_sc_aw_payld'(143) to pin: '/m00_nodes/M_SC_AW_payld'(147) - Only lower order bits will be connected.
WARNING: [BD 41-2384] Width mismatch when connecting pin: '/m01_sc2axi/s_sc_ar_payld'(143) to pin: '/m01_nodes/M_SC_AR_payld'(147) - Only lower order bits will be connected.
WARNING: [BD 41-2384] Width mismatch when connecting pin: '/m01_sc2axi/s_sc_aw_payld'(143) to pin: '/m01_nodes/M_SC_AW_payld'(147) - Only lower order bits will be connected.
WARNING: [BD 41-2384] Width mismatch when connecting pin: '/m02_sc2axi/s_sc_ar_payld'(143) to pin: '/m02_nodes/M_SC_AR_payld'(147) - Only lower order bits will be connected.
WARNING: [BD 41-2384] Width mismatch when connecting pin: '/m02_sc2axi/s_sc_aw_payld'(143) to pin: '/m02_nodes/M_SC_AW_payld'(147) - Only lower order bits will be connected.
WARNING: [BD 41-2384] Width mismatch when connecting pin: '/m03_sc2axi/s_sc_ar_payld'(143) to pin: '/m03_nodes/M_SC_AR_payld'(147) - Only lower order bits will be connected.
WARNING: [BD 41-2384] Width mismatch when connecting pin: '/m03_sc2axi/s_sc_aw_payld'(143) to pin: '/m03_nodes/M_SC_AW_payld'(147) - Only lower order bits will be connected.
WARNING: [BD 41-2384] Width mismatch when connecting pin: '/s00_nodes/s00_ar_node/s_sc_payld'(147) to pin: '/s00_nodes/S_SC_AR_payld'(143) - Only lower order bits will be connected.
WARNING: [BD 41-2384] Width mismatch when connecting pin: '/s00_nodes/s00_aw_node/s_sc_payld'(147) to pin: '/s00_nodes/S_SC_AW_payld'(143) - Only lower order bits will be connected.
WARNING: [BD 41-2384] Width mismatch when connecting pin: '/m00_nodes/m00_r_node/s_sc_payld'(55) to pin: '/m00_nodes/S_SC_R_payld'(53) - Only lower order bits will be connected.
WARNING: [BD 41-2384] Width mismatch when connecting pin: '/m00_nodes/m00_b_node/s_sc_payld'(9) to pin: '/m00_nodes/S_SC_B_payld'(7) - Only lower order bits will be connected.
WARNING: [BD 41-2384] Width mismatch when connecting pin: '/m01_nodes/m01_r_node/s_sc_payld'(55) to pin: '/m01_nodes/S_SC_R_payld'(53) - Only lower order bits will be connected.
WARNING: [BD 41-2384] Width mismatch when connecting pin: '/m01_nodes/m01_b_node/s_sc_payld'(9) to pin: '/m01_nodes/S_SC_B_payld'(7) - Only lower order bits will be connected.
WARNING: [BD 41-2384] Width mismatch when connecting pin: '/m02_nodes/m02_r_node/s_sc_payld'(55) to pin: '/m02_nodes/S_SC_R_payld'(53) - Only lower order bits will be connected.
WARNING: [BD 41-2384] Width mismatch when connecting pin: '/m02_nodes/m02_b_node/s_sc_payld'(9) to pin: '/m02_nodes/S_SC_B_payld'(7) - Only lower order bits will be connected.
WARNING: [BD 41-2384] Width mismatch when connecting pin: '/m03_nodes/m03_r_node/s_sc_payld'(55) to pin: '/m03_nodes/S_SC_R_payld'(53) - Only lower order bits will be connected.
WARNING: [BD 41-2384] Width mismatch when connecting pin: '/m03_nodes/m03_b_node/s_sc_payld'(9) to pin: '/m03_nodes/S_SC_B_payld'(7) - Only lower order bits will be connected.
WARNING: [BD 41-2384] Width mismatch when connecting pin: '/s00_axi2sc/s_sc_r_payld'(53) to pin: '/s00_nodes/M_SC_R_payld'(55) - Only lower order bits will be connected.
WARNING: [BD 41-2384] Width mismatch when connecting pin: '/s00_axi2sc/s_sc_b_payld'(7) to pin: '/s00_nodes/M_SC_B_payld'(9) - Only lower order bits will be connected.
WARNING: [BD 41-2384] Width mismatch when connecting pin: '/m00_sc2axi/s_sc_ar_payld'(143) to pin: '/m00_nodes/M_SC_AR_payld'(147) - Only lower order bits will be connected.
WARNING: [BD 41-2384] Width mismatch when connecting pin: '/m00_sc2axi/s_sc_aw_payld'(143) to pin: '/m00_nodes/M_SC_AW_payld'(147) - Only lower order bits will be connected.
WARNING: [BD 41-2384] Width mismatch when connecting pin: '/m01_sc2axi/s_sc_ar_payld'(143) to pin: '/m01_nodes/M_SC_AR_payld'(147) - Only lower order bits will be connected.
WARNING: [BD 41-2384] Width mismatch when connecting pin: '/m01_sc2axi/s_sc_aw_payld'(143) to pin: '/m01_nodes/M_SC_AW_payld'(147) - Only lower order bits will be connected.
WARNING: [BD 41-2384] Width mismatch when connecting pin: '/m02_sc2axi/s_sc_ar_payld'(143) to pin: '/m02_nodes/M_SC_AR_payld'(147) - Only lower order bits will be connected.
WARNING: [BD 41-2384] Width mismatch when connecting pin: '/m02_sc2axi/s_sc_aw_payld'(143) to pin: '/m02_nodes/M_SC_AW_payld'(147) - Only lower order bits will be connected.
WARNING: [BD 41-2384] Width mismatch when connecting pin: '/m03_sc2axi/s_sc_ar_payld'(143) to pin: '/m03_nodes/M_SC_AR_payld'(147) - Only lower order bits will be connected.
WARNING: [BD 41-2384] Width mismatch when connecting pin: '/m03_sc2axi/s_sc_aw_payld'(143) to pin: '/m03_nodes/M_SC_AW_payld'(147) - Only lower order bits will be connected.
Exporting to file v:/zybo_z7_imx219/zybo_z7_imx219.gen/sources_1/bd/design_1/ip/design_1_axi_smc_0/bd_0/hw_handoff/design_1_axi_smc_0.hwh
Generated Hardware Definition File v:/zybo_z7_imx219/zybo_z7_imx219.gen/sources_1/bd/design_1/ip/design_1_axi_smc_0/bd_0/synth/design_1_axi_smc_0.hwdef
INFO: [BD 41-1029] Generation completed for the IP Integrator block axi_smc .
WARNING: [IP_Flow 19-4994] Overwriting existing constraint file 'v:/zybo_z7_imx219/zybo_z7_imx219.gen/sources_1/bd/design_1/ip/design_1_axi_vdma_0_0/design_1_axi_vdma_0_0_ooc.xdc'
INFO: [BD 41-1029] Generation completed for the IP Integrator block axi_vdma_0 .
WARNING: [IP_Flow 19-4994] Overwriting existing constraint file 'v:/zybo_z7_imx219/zybo_z7_imx219.gen/sources_1/bd/design_1/ip/design_1_axi_mem_intercon_imp_auto_pc_0/design_1_axi_mem_intercon_imp_auto_pc_0_ooc.xdc'
INFO: [BD 41-1029] Generation completed for the IP Integrator block axi_mem_intercon/s00_couplers/auto_pc .
WARNING: [IP_Flow 19-4994] Overwriting existing constraint file 'v:/zybo_z7_imx219/zybo_z7_imx219.gen/sources_1/bd/design_1/ip/design_1_axi_mem_intercon_imp_auto_pc_1/design_1_axi_mem_intercon_imp_auto_pc_1_ooc.xdc'
INFO: [BD 41-1029] Generation completed for the IP Integrator block axi_mem_intercon/s01_couplers/auto_pc .
Exporting to file v:/zybo_z7_imx219/zybo_z7_imx219.gen/sources_1/bd/design_1/hw_handoff/design_1.hwh
Generated Hardware Definition File v:/zybo_z7_imx219/zybo_z7_imx219.gen/sources_1/bd/design_1/synth/design_1.hwdef
INFO: [BD 41-3262] Generated VHDL Instantiation Template file v:/zybo_z7_imx219/zybo_z7_imx219.gen/sources_1/bd/design_1/design_1.vho
INFO: [BD 41-3262] Generated Verilog Instantiation Template file v:/zybo_z7_imx219/zybo_z7_imx219.gen/sources_1/bd/design_1/design_1.veo
INFO: [BD 41-3262] Generated System Verilog Instantiation Template file v:/zybo_z7_imx219/zybo_z7_imx219.gen/sources_1/bd/design_1/design_1_sv.sveo
INFO: [IP_Flow 19-4838] Using cached IP synthesis design for IP design_1_axi_mem_intercon_imp_auto_pc_0, cache-ID = 6a143d8bf6554d33.
INFO: [IP_Flow 19-4838] Using cached IP synthesis design for IP design_1_axi_mem_intercon_imp_auto_pc_1, cache-ID = 1c43dfe2e346a265.
INFO: [IP_Flow 19-4838] Using cached IP synthesis design for IP design_1_axi_vdma_0_0, cache-ID = 5d1193bfdbb53de7.
config_ip_cache: Time (s): cpu = 00:00:06 ; elapsed = 00:00:07 . Memory (MB): peak = 920.984 ; gain = 0.000
[Sun Sep 13 00:36:47 2026] Launched design_1_v_demosaic_0_0_synth_1, design_1_axi_smc_0_synth_1, synth_1...
Run output will be captured here:
design_1_v_demosaic_0_0_synth_1: V:/zybo_z7_imx219/zybo_z7_imx219.runs/design_1_v_demosaic_0_0_synth_1/runme.log
design_1_axi_smc_0_synth_1: V:/zybo_z7_imx219/zybo_z7_imx219.runs/design_1_axi_smc_0_synth_1/runme.log
synth_1: V:/zybo_z7_imx219/zybo_z7_imx219.runs/synth_1/runme.log
[Sun Sep 13 00:36:47 2026] Launched impl_1...
Run output will be captured here: V:/zybo_z7_imx219/zybo_z7_imx219.runs/impl_1/runme.log
launch_runs: Time (s): cpu = 00:00:31 ; elapsed = 00:00:53 . Memory (MB): peak = 921.156 ; gain = 38.344
# wait_on_run impl_1
[Sun Sep 13 00:36:47 2026] Waiting for impl_1 to finish...

*** Running vivado
    with args -log design_1_wrapper.vdi -applog -m64 -product Vivado -messageDb vivado.pb -mode batch -source design_1_wrapper.tcl -notrace



****** Vivado v2025.2 (64-bit)
  **** SW Build 6299465 on Fri Nov 14 19:35:11 GMT 2025
  **** IP Build 6300035 on Fri Nov 14 10:48:45 MST 2025
  **** SharedData Build 6298862 on Thu Nov 13 04:50:51 MST 2025
  **** Start of session at: Sun Sep 13 00:48:41 2026
    ** Copyright 1986-2022 Xilinx, Inc. All Rights Reserved.
    ** Copyright 2022-2025 Advanced Micro Devices, Inc. All Rights Reserved.

source design_1_wrapper.tcl -notrace
create_project: Time (s): cpu = 00:00:26 ; elapsed = 00:00:19 . Memory (MB): peak = 527.461 ; gain = 219.574
INFO: [IP_Flow 19-234] Refreshing IP repositories
INFO: [IP_Flow 19-1700] Loaded user IP repository 'v:/vivado-library'.
INFO: [IP_Flow 19-2313] Loaded Vivado IP repository 'C:/AMDDesignTools/2025.2/Vivado/data/ip'.
WARNING: [IP_Flow 19-12246] XCI file 'v:/zybo_z7_imx219/zybo_z7_imx219.srcs/sources_1/bd/design_1/ip/design_1_axis_raw10to8_0/design_1_axis_raw10to8_0.xci' contents have changed since it was last written.
add_files: Time (s): cpu = 00:00:20 ; elapsed = 00:00:24 . Memory (MB): peak = 676.926 ; gain = 71.992
Command: link_design -top design_1_wrapper -part xc7z020clg400-1
Design is defaulting to srcset: sources_1
Design is defaulting to constrset: constrs_1
INFO: [Device 21-403] Loading part xc7z020clg400-1
INFO: [Project 1-5699] Read binary netlist with skipMacroContent - 1
INFO: [Project 1-454] Reading design checkpoint 'v:/zybo_z7_imx219/zybo_z7_imx219.gen/sources_1/bd/design_1/ip/design_1_axi_smc_0/design_1_axi_smc_0.dcp' for cell 'design_1_i/axi_smc'
INFO: [Project 1-454] Reading design checkpoint 'v:/zybo_z7_imx219/zybo_z7_imx219.gen/sources_1/bd/design_1/ip/design_1_axi_vdma_0_0/design_1_axi_vdma_0_0.dcp' for cell 'design_1_i/axi_vdma_0'
INFO: [Project 1-454] Reading design checkpoint 'v:/zybo_z7_imx219/zybo_z7_imx219.gen/sources_1/bd/design_1/ip/design_1_axis_raw10to8_0/design_1_axis_raw10to8_0.dcp' for cell 'design_1_i/axis_raw10to8'
INFO: [Project 1-454] Reading design checkpoint 'v:/zybo_z7_imx219/zybo_z7_imx219.gen/sources_1/bd/design_1/ip/design_1_clk_wiz_0_0/design_1_clk_wiz_0_0.dcp' for cell 'design_1_i/clk_wiz_0'
INFO: [Project 1-454] Reading design checkpoint 'v:/zybo_z7_imx219/zybo_z7_imx219.gen/sources_1/bd/design_1/ip/design_1_clk_wiz_hdmi_0/design_1_clk_wiz_hdmi_0.dcp' for cell 'design_1_i/clk_wiz_hdmi'
INFO: [Project 1-454] Reading design checkpoint 'v:/zybo_z7_imx219/zybo_z7_imx219.gen/sources_1/bd/design_1/ip/design_1_mipi_csi2_rx_subsyst_0_0/design_1_mipi_csi2_rx_subsyst_0_0.dcp' for cell 'design_1_i/mipi_csi2_rx_subsyst_0'
INFO: [Project 1-454] Reading design checkpoint 'v:/zybo_z7_imx219/zybo_z7_imx219.gen/sources_1/bd/design_1/ip/design_1_proc_sys_reset_0_0/design_1_proc_sys_reset_0_0.dcp' for cell 'design_1_i/proc_sys_reset_0'
INFO: [Project 1-454] Reading design checkpoint 'v:/zybo_z7_imx219/zybo_z7_imx219.gen/sources_1/bd/design_1/ip/design_1_processing_system7_0_0/design_1_processing_system7_0_0.dcp' for cell 'design_1_i/processing_system7_0'
INFO: [Project 1-454] Reading design checkpoint 'v:/zybo_z7_imx219/zybo_z7_imx219.gen/sources_1/bd/design_1/ip/design_1_rgb2dvi_0_0/design_1_rgb2dvi_0_0.dcp' for cell 'design_1_i/rgb2dvi_0'
INFO: [Project 1-454] Reading design checkpoint 'v:/zybo_z7_imx219/zybo_z7_imx219.gen/sources_1/bd/design_1/ip/design_1_rst_hdmi_0/design_1_rst_hdmi_0.dcp' for cell 'design_1_i/rst_hdmi'
INFO: [Project 1-454] Reading design checkpoint 'v:/zybo_z7_imx219/zybo_z7_imx219.gen/sources_1/bd/design_1/ip/design_1_v_axi4s_vid_out_0_0/design_1_v_axi4s_vid_out_0_0.dcp' for cell 'design_1_i/v_axi4s_vid_out_0'
INFO: [Project 1-454] Reading design checkpoint 'v:/zybo_z7_imx219/zybo_z7_imx219.gen/sources_1/bd/design_1/ip/design_1_v_demosaic_0_0/design_1_v_demosaic_0_0.dcp' for cell 'design_1_i/v_demosaic_0'
INFO: [Project 1-454] Reading design checkpoint 'v:/zybo_z7_imx219/zybo_z7_imx219.gen/sources_1/bd/design_1/ip/design_1_v_tc_0_0/design_1_v_tc_0_0.dcp' for cell 'design_1_i/v_tc_0'
INFO: [Project 1-454] Reading design checkpoint 'v:/zybo_z7_imx219/zybo_z7_imx219.gen/sources_1/bd/design_1/ip/design_1_axi_mem_intercon_imp_xbar_0/design_1_axi_mem_intercon_imp_xbar_0.dcp' for cell 'design_1_i/axi_mem_intercon/xbar'
INFO: [Project 1-454] Reading design checkpoint 'v:/zybo_z7_imx219/zybo_z7_imx219.gen/sources_1/bd/design_1/ip/design_1_axi_mem_intercon_imp_auto_pc_0/design_1_axi_mem_intercon_imp_auto_pc_0.dcp' for cell 'design_1_i/axi_mem_intercon/s00_couplers/auto_pc'
INFO: [Project 1-454] Reading design checkpoint 'v:/zybo_z7_imx219/zybo_z7_imx219.gen/sources_1/bd/design_1/ip/design_1_axi_mem_intercon_imp_auto_pc_1/design_1_axi_mem_intercon_imp_auto_pc_1.dcp' for cell 'design_1_i/axi_mem_intercon/s01_couplers/auto_pc'
INFO: [Project 1-454] Reading design checkpoint 'v:/zybo_z7_imx219/zybo_z7_imx219.gen/sources_1/bd/design_1/ip/design_1_mipi_csi2_rx_subsyst_0_0/bd_0/ip/ip_0/bd_d10d_phy_0.dcp' for cell 'design_1_i/mipi_csi2_rx_subsyst_0/inst/phy'
INFO: [Project 1-454] Reading design checkpoint 'v:/zybo_z7_imx219/zybo_z7_imx219.gen/sources_1/bd/design_1/ip/design_1_mipi_csi2_rx_subsyst_0_0/bd_0/ip/ip_3/bd_d10d_r_sync_0.dcp' for cell 'design_1_i/mipi_csi2_rx_subsyst_0/inst/r_sync'
INFO: [Project 1-454] Reading design checkpoint 'v:/zybo_z7_imx219/zybo_z7_imx219.gen/sources_1/bd/design_1/ip/design_1_mipi_csi2_rx_subsyst_0_0/bd_0/ip/ip_1/bd_d10d_rx_0.dcp' for cell 'design_1_i/mipi_csi2_rx_subsyst_0/inst/rx'
INFO: [Project 1-454] Reading design checkpoint 'v:/zybo_z7_imx219/zybo_z7_imx219.gen/sources_1/bd/design_1/ip/design_1_mipi_csi2_rx_subsyst_0_0/bd_0/ip/ip_2/bd_d10d_vfb_0_0.dcp' for cell 'design_1_i/mipi_csi2_rx_subsyst_0/inst/vfb_0'
Netlist sorting complete. Time (s): cpu = 00:00:02 ; elapsed = 00:00:02 . Memory (MB): peak = 1019.207 ; gain = 0.000
INFO: [Netlist 29-17] Analyzing 1127 Unisim elements for replacement
INFO: [Netlist 29-28] Unisim Transformation completed in 0 CPU seconds
INFO: [Project 1-479] Netlist was created with Vivado 2025.2
INFO: [Project 1-570] Preparing netlist for logic optimization
WARNING: [Opt 31-32] Removing redundant IBUF since it is not being driven by a top-level port. design_1_i/clk_wiz_hdmi/inst/clkin1_ibufg 
Resolution: The tool has removed redundant IBUF. To resolve this warning, check for redundant IBUF in the input design.
WARNING: [Constraints 18-550] Could not create 'IBUF_LOW_PWR' constraint because net 'design_1_i/clk_wiz_hdmi/clk_in1' is not directly connected to top level port. 'IBUF_LOW_PWR' is ignored for synthesis but preserved for implementation.
Parsing XDC File [v:/zybo_z7_imx219/zybo_z7_imx219.gen/sources_1/bd/design_1/ip/design_1_processing_system7_0_0/design_1_processing_system7_0_0.xdc] for cell 'design_1_i/processing_system7_0/inst'
Finished Parsing XDC File [v:/zybo_z7_imx219/zybo_z7_imx219.gen/sources_1/bd/design_1/ip/design_1_processing_system7_0_0/design_1_processing_system7_0_0.xdc] for cell 'design_1_i/processing_system7_0/inst'
Parsing XDC File [v:/zybo_z7_imx219/zybo_z7_imx219.gen/sources_1/bd/design_1/ip/design_1_proc_sys_reset_0_0/design_1_proc_sys_reset_0_0_board.xdc] for cell 'design_1_i/proc_sys_reset_0/U0'
Finished Parsing XDC File [v:/zybo_z7_imx219/zybo_z7_imx219.gen/sources_1/bd/design_1/ip/design_1_proc_sys_reset_0_0/design_1_proc_sys_reset_0_0_board.xdc] for cell 'design_1_i/proc_sys_reset_0/U0'
Parsing XDC File [v:/zybo_z7_imx219/zybo_z7_imx219.gen/sources_1/bd/design_1/ip/design_1_mipi_csi2_rx_subsyst_0_0/bd_0/ip/ip_0/bd_d10d_phy_0.xdc] for cell 'design_1_i/mipi_csi2_rx_subsyst_0/inst/phy/inst'
Finished Parsing XDC File [v:/zybo_z7_imx219/zybo_z7_imx219.gen/sources_1/bd/design_1/ip/design_1_mipi_csi2_rx_subsyst_0_0/bd_0/ip/ip_0/bd_d10d_phy_0.xdc] for cell 'design_1_i/mipi_csi2_rx_subsyst_0/inst/phy/inst'
Parsing XDC File [v:/zybo_z7_imx219/zybo_z7_imx219.gen/sources_1/bd/design_1/ip/design_1_mipi_csi2_rx_subsyst_0_0/bd_0/ip/ip_3/bd_d10d_r_sync_0_board.xdc] for cell 'design_1_i/mipi_csi2_rx_subsyst_0/inst/r_sync/U0'
Finished Parsing XDC File [v:/zybo_z7_imx219/zybo_z7_imx219.gen/sources_1/bd/design_1/ip/design_1_mipi_csi2_rx_subsyst_0_0/bd_0/ip/ip_3/bd_d10d_r_sync_0_board.xdc] for cell 'design_1_i/mipi_csi2_rx_subsyst_0/inst/r_sync/U0'
Parsing XDC File [v:/zybo_z7_imx219/zybo_z7_imx219.gen/sources_1/bd/design_1/ip/design_1_mipi_csi2_rx_subsyst_0_0/design_1_mipi_csi2_rx_subsyst_0_0_board.xdc] for cell 'design_1_i/mipi_csi2_rx_subsyst_0/inst'
Finished Parsing XDC File [v:/zybo_z7_imx219/zybo_z7_imx219.gen/sources_1/bd/design_1/ip/design_1_mipi_csi2_rx_subsyst_0_0/design_1_mipi_csi2_rx_subsyst_0_0_board.xdc] for cell 'design_1_i/mipi_csi2_rx_subsyst_0/inst'
Parsing XDC File [v:/zybo_z7_imx219/zybo_z7_imx219.gen/sources_1/bd/design_1/ip/design_1_axi_smc_0/bd_0/ip/ip_1/bd_afc3_psr_aclk_0_board.xdc] for cell 'design_1_i/axi_smc/inst/clk_map/psr_aclk/U0'
Finished Parsing XDC File [v:/zybo_z7_imx219/zybo_z7_imx219.gen/sources_1/bd/design_1/ip/design_1_axi_smc_0/bd_0/ip/ip_1/bd_afc3_psr_aclk_0_board.xdc] for cell 'design_1_i/axi_smc/inst/clk_map/psr_aclk/U0'
Parsing XDC File [v:/zybo_z7_imx219/zybo_z7_imx219.gen/sources_1/bd/design_1/ip/design_1_axi_smc_0/smartconnect.xdc] for cell 'design_1_i/axi_smc/inst'
Finished Parsing XDC File [v:/zybo_z7_imx219/zybo_z7_imx219.gen/sources_1/bd/design_1/ip/design_1_axi_smc_0/smartconnect.xdc] for cell 'design_1_i/axi_smc/inst'
Parsing XDC File [v:/zybo_z7_imx219/zybo_z7_imx219.gen/sources_1/bd/design_1/ip/design_1_axi_vdma_0_0/design_1_axi_vdma_0_0.xdc] for cell 'design_1_i/axi_vdma_0/U0'
Finished Parsing XDC File [v:/zybo_z7_imx219/zybo_z7_imx219.gen/sources_1/bd/design_1/ip/design_1_axi_vdma_0_0/design_1_axi_vdma_0_0.xdc] for cell 'design_1_i/axi_vdma_0/U0'
Parsing XDC File [v:/zybo_z7_imx219/zybo_z7_imx219.gen/sources_1/bd/design_1/ip/design_1_clk_wiz_0_0/design_1_clk_wiz_0_0_board.xdc] for cell 'design_1_i/clk_wiz_0/inst'
Finished Parsing XDC File [v:/zybo_z7_imx219/zybo_z7_imx219.gen/sources_1/bd/design_1/ip/design_1_clk_wiz_0_0/design_1_clk_wiz_0_0_board.xdc] for cell 'design_1_i/clk_wiz_0/inst'
Parsing XDC File [v:/zybo_z7_imx219/zybo_z7_imx219.gen/sources_1/bd/design_1/ip/design_1_clk_wiz_0_0/design_1_clk_wiz_0_0.xdc] for cell 'design_1_i/clk_wiz_0/inst'
Finished Parsing XDC File [v:/zybo_z7_imx219/zybo_z7_imx219.gen/sources_1/bd/design_1/ip/design_1_clk_wiz_0_0/design_1_clk_wiz_0_0.xdc] for cell 'design_1_i/clk_wiz_0/inst'
Parsing XDC File [v:/zybo_z7_imx219/zybo_z7_imx219.gen/sources_1/bd/design_1/ip/design_1_clk_wiz_hdmi_0/design_1_clk_wiz_hdmi_0_board.xdc] for cell 'design_1_i/clk_wiz_hdmi/inst'
Finished Parsing XDC File [v:/zybo_z7_imx219/zybo_z7_imx219.gen/sources_1/bd/design_1/ip/design_1_clk_wiz_hdmi_0/design_1_clk_wiz_hdmi_0_board.xdc] for cell 'design_1_i/clk_wiz_hdmi/inst'
Parsing XDC File [v:/zybo_z7_imx219/zybo_z7_imx219.gen/sources_1/bd/design_1/ip/design_1_clk_wiz_hdmi_0/design_1_clk_wiz_hdmi_0.xdc] for cell 'design_1_i/clk_wiz_hdmi/inst'
INFO: [Timing 38-35] Done setting XDC timing constraints. [v:/zybo_z7_imx219/zybo_z7_imx219.gen/sources_1/bd/design_1/ip/design_1_clk_wiz_hdmi_0/design_1_clk_wiz_hdmi_0.xdc:54]
INFO: [Timing 38-2] Deriving generated clocks [v:/zybo_z7_imx219/zybo_z7_imx219.gen/sources_1/bd/design_1/ip/design_1_clk_wiz_hdmi_0/design_1_clk_wiz_hdmi_0.xdc:54]
get_clocks: Time (s): cpu = 00:00:21 ; elapsed = 00:00:21 . Memory (MB): peak = 1751.793 ; gain = 589.402
Finished Parsing XDC File [v:/zybo_z7_imx219/zybo_z7_imx219.gen/sources_1/bd/design_1/ip/design_1_clk_wiz_hdmi_0/design_1_clk_wiz_hdmi_0.xdc] for cell 'design_1_i/clk_wiz_hdmi/inst'
Parsing XDC File [v:/zybo_z7_imx219/zybo_z7_imx219.gen/sources_1/bd/design_1/ip/design_1_rst_hdmi_0/design_1_rst_hdmi_0_board.xdc] for cell 'design_1_i/rst_hdmi/U0'
Finished Parsing XDC File [v:/zybo_z7_imx219/zybo_z7_imx219.gen/sources_1/bd/design_1/ip/design_1_rst_hdmi_0/design_1_rst_hdmi_0_board.xdc] for cell 'design_1_i/rst_hdmi/U0'
Parsing XDC File [v:/zybo_z7_imx219/zybo_z7_imx219.gen/sources_1/bd/design_1/ip/design_1_rgb2dvi_0_0/src/rgb2dvi.xdc] for cell 'design_1_i/rgb2dvi_0/U0'
Finished Parsing XDC File [v:/zybo_z7_imx219/zybo_z7_imx219.gen/sources_1/bd/design_1/ip/design_1_rgb2dvi_0_0/src/rgb2dvi.xdc] for cell 'design_1_i/rgb2dvi_0/U0'
Parsing XDC File [V:/zybo_z7_imx219/zybo_z7_imx219.srcs/constrs_1/new/pcam.xdc]
CRITICAL WARNING: [Constraints 18-1056] Clock 'dphy_hs_clock_clk_p' completely overrides clock 'mipi_phy_if_0_clk_hs_p'.
New: create_clock -period 2.193 -name dphy_hs_clock_clk_p -waveform {0.000 1.096} [get_ports mipi_phy_if_0_clk_hs_p], [V:/zybo_z7_imx219/zybo_z7_imx219.srcs/constrs_1/new/pcam.xdc:30]
Previous: create_clock -period 2.192 [get_ports mipi_phy_if_0_clk_hs_p], [v:/zybo_z7_imx219/zybo_z7_imx219.gen/sources_1/bd/design_1/ip/design_1_mipi_csi2_rx_subsyst_0_0/bd_0/ip/ip_0/bd_d10d_phy_0.xdc:55]
Resolution: Review the constraint files and remove the redundant clock definition(s). If the clock constraints are not saved in a file, you can first save the constraints to an XDC file and reload the design once the constraints have been corrected.
Finished Parsing XDC File [V:/zybo_z7_imx219/zybo_z7_imx219.srcs/constrs_1/new/pcam.xdc]
Parsing XDC File [V:/constrs/hdmi_out.xdc]
Finished Parsing XDC File [V:/constrs/hdmi_out.xdc]
Parsing XDC File [v:/zybo_z7_imx219/zybo_z7_imx219.gen/sources_1/bd/design_1/ip/design_1_mipi_csi2_rx_subsyst_0_0/bd_0/ip/ip_0/bd_d10d_phy_0_clocks.xdc] for cell 'design_1_i/mipi_csi2_rx_subsyst_0/inst/phy/inst'
Finished Parsing XDC File [v:/zybo_z7_imx219/zybo_z7_imx219.gen/sources_1/bd/design_1/ip/design_1_mipi_csi2_rx_subsyst_0_0/bd_0/ip/ip_0/bd_d10d_phy_0_clocks.xdc] for cell 'design_1_i/mipi_csi2_rx_subsyst_0/inst/phy/inst'
Parsing XDC File [v:/zybo_z7_imx219/zybo_z7_imx219.gen/sources_1/bd/design_1/ip/design_1_mipi_csi2_rx_subsyst_0_0/design_1_mipi_csi2_rx_subsyst_0_0_fixed_impl.xdc] for cell 'design_1_i/mipi_csi2_rx_subsyst_0/inst'
Finished Parsing XDC File [v:/zybo_z7_imx219/zybo_z7_imx219.gen/sources_1/bd/design_1/ip/design_1_mipi_csi2_rx_subsyst_0_0/design_1_mipi_csi2_rx_subsyst_0_0_fixed_impl.xdc] for cell 'design_1_i/mipi_csi2_rx_subsyst_0/inst'
Parsing XDC File [v:/zybo_z7_imx219/zybo_z7_imx219.gen/sources_1/bd/design_1/ip/design_1_axi_vdma_0_0/design_1_axi_vdma_0_0_clocks.xdc] for cell 'design_1_i/axi_vdma_0/U0'
Finished Parsing XDC File [v:/zybo_z7_imx219/zybo_z7_imx219.gen/sources_1/bd/design_1/ip/design_1_axi_vdma_0_0/design_1_axi_vdma_0_0_clocks.xdc] for cell 'design_1_i/axi_vdma_0/U0'
Parsing XDC File [v:/zybo_z7_imx219/zybo_z7_imx219.gen/sources_1/bd/design_1/ip/design_1_clk_wiz_0_0/design_1_clk_wiz_0_0_late.xdc] for cell 'design_1_i/clk_wiz_0/inst'
Finished Parsing XDC File [v:/zybo_z7_imx219/zybo_z7_imx219.gen/sources_1/bd/design_1/ip/design_1_clk_wiz_0_0/design_1_clk_wiz_0_0_late.xdc] for cell 'design_1_i/clk_wiz_0/inst'
Parsing XDC File [v:/zybo_z7_imx219/zybo_z7_imx219.gen/sources_1/bd/design_1/ip/design_1_v_demosaic_0_0/design_1_v_demosaic_0_0.xdc] for cell 'design_1_i/v_demosaic_0/inst'
Finished Parsing XDC File [v:/zybo_z7_imx219/zybo_z7_imx219.gen/sources_1/bd/design_1/ip/design_1_v_demosaic_0_0/design_1_v_demosaic_0_0.xdc] for cell 'design_1_i/v_demosaic_0/inst'
Parsing XDC File [v:/zybo_z7_imx219/zybo_z7_imx219.gen/sources_1/bd/design_1/ip/design_1_v_tc_0_0/design_1_v_tc_0_0_clocks.xdc] for cell 'design_1_i/v_tc_0/U0'
INFO: [Timing 38-2] Deriving generated clocks [v:/zybo_z7_imx219/zybo_z7_imx219.gen/sources_1/bd/design_1/ip/design_1_v_tc_0_0/design_1_v_tc_0_0_clocks.xdc:2]
Finished Parsing XDC File [v:/zybo_z7_imx219/zybo_z7_imx219.gen/sources_1/bd/design_1/ip/design_1_v_tc_0_0/design_1_v_tc_0_0_clocks.xdc] for cell 'design_1_i/v_tc_0/U0'
Parsing XDC File [v:/zybo_z7_imx219/zybo_z7_imx219.gen/sources_1/bd/design_1/ip/design_1_v_axi4s_vid_out_0_0/design_1_v_axi4s_vid_out_0_0_clocks.xdc] for cell 'design_1_i/v_axi4s_vid_out_0/inst'
Finished Parsing XDC File [v:/zybo_z7_imx219/zybo_z7_imx219.gen/sources_1/bd/design_1/ip/design_1_v_axi4s_vid_out_0_0/design_1_v_axi4s_vid_out_0_0_clocks.xdc] for cell 'design_1_i/v_axi4s_vid_out_0/inst'
Parsing XDC File [v:/zybo_z7_imx219/zybo_z7_imx219.gen/sources_1/bd/design_1/ip/design_1_rgb2dvi_0_0/src/rgb2dvi_clocks.xdc] for cell 'design_1_i/rgb2dvi_0/U0'
Finished Parsing XDC File [v:/zybo_z7_imx219/zybo_z7_imx219.gen/sources_1/bd/design_1/ip/design_1_rgb2dvi_0_0/src/rgb2dvi_clocks.xdc] for cell 'design_1_i/rgb2dvi_0/U0'
WARNING: [XPM_CDC_ARRAY_SINGLE: TCL-1000] The source and destination clocks are the same. 
     Instance: design_1_i/mipi_csi2_rx_subsyst_0/inst/rx/mipi_csi2_rx_ctrl_v1_0_14_top_dut/AXI_LITE.reg_inf/xpm_array_single_01 
  This will add unnecessary latency to the design. Please check the design for the following: 
 1) Manually instantiated XPM_CDC modules: AMD recommends that you remove these modules. 
 2) AMD IP that contains XPM_CDC modules: Verify the connections to the IP to determine whether you can safely ignore this message.
 [C:/AMDDesignTools/2025.2/Vivado/data/ip/xpm/xpm_cdc/tcl/xpm_cdc_array_single.tcl:5]
WARNING: [XPM_CDC_GRAY: TCL-1000] The source and destination clocks are the same. 
     Instance: design_1_i/mipi_csi2_rx_subsyst_0/inst/rx/mipi_csi2_rx_ctrl_v1_0_14_top_dut/AXI_LITE.reg_inf/gen_spkt_fifo/generic_pkt/gnuram_async_fifo.xpm_fifo_base_inst/gen_cdc_pntr.wr_pntr_cdc_inst 
  This will add unnecessary latency to the design. Please check the design for the following: 
 1) Manually instantiated XPM_CDC modules: AMD recommends that you remove these modules. 
 2) AMD IP that contains XPM_CDC modules: Verify the connections to the IP to determine whether you can safely ignore this message.
 [C:/AMDDesignTools/2025.2/Vivado/data/ip/xpm/xpm_cdc/tcl/xpm_cdc_gray.tcl:16]
WARNING: [XPM_CDC_GRAY: TCL-1000] The source and destination clocks are the same. 
     Instance: design_1_i/mipi_csi2_rx_subsyst_0/inst/rx/mipi_csi2_rx_ctrl_v1_0_14_top_dut/AXI_LITE.reg_inf/gen_spkt_fifo/generic_pkt/gnuram_async_fifo.xpm_fifo_base_inst/gen_cdc_pntr.rd_pntr_cdc_inst 
  This will add unnecessary latency to the design. Please check the design for the following: 
 1) Manually instantiated XPM_CDC modules: AMD recommends that you remove these modules. 
 2) AMD IP that contains XPM_CDC modules: Verify the connections to the IP to determine whether you can safely ignore this message.
 [C:/AMDDesignTools/2025.2/Vivado/data/ip/xpm/xpm_cdc/tcl/xpm_cdc_gray.tcl:16]
WARNING: [XPM_CDC_GRAY: TCL-1000] The source and destination clocks are the same. 
     Instance: design_1_i/mipi_csi2_rx_subsyst_0/inst/rx/mipi_csi2_rx_ctrl_v1_0_14_top_dut/AXI_LITE.reg_inf/gen_spkt_fifo/generic_pkt/gnuram_async_fifo.xpm_fifo_base_inst/gen_cdc_pntr.wr_pntr_cdc_dc_inst 
  This will add unnecessary latency to the design. Please check the design for the following: 
 1) Manually instantiated XPM_CDC modules: AMD recommends that you remove these modules. 
 2) AMD IP that contains XPM_CDC modules: Verify the connections to the IP to determine whether you can safely ignore this message.
 [C:/AMDDesignTools/2025.2/Vivado/data/ip/xpm/xpm_cdc/tcl/xpm_cdc_gray.tcl:16]
WARNING: [XPM_CDC_GRAY: TCL-1000] The source and destination clocks are the same. 
     Instance: design_1_i/mipi_csi2_rx_subsyst_0/inst/rx/mipi_csi2_rx_ctrl_v1_0_14_top_dut/AXI_LITE.reg_inf/gen_spkt_fifo/generic_pkt/gnuram_async_fifo.xpm_fifo_base_inst/gen_cdc_pntr.rd_pntr_cdc_dc_inst 
  This will add unnecessary latency to the design. Please check the design for the following: 
 1) Manually instantiated XPM_CDC modules: AMD recommends that you remove these modules. 
 2) AMD IP that contains XPM_CDC modules: Verify the connections to the IP to determine whether you can safely ignore this message.
 [C:/AMDDesignTools/2025.2/Vivado/data/ip/xpm/xpm_cdc/tcl/xpm_cdc_gray.tcl:16]
WARNING: [XPM_CDC_HANDSHAKE: TCL-1000] The source and destination clocks are the same. 
     Instance: design_1_i/mipi_csi2_rx_subsyst_0/inst/rx/mipi_csi2_rx_ctrl_v1_0_14_top_dut/AXI_LITE.isr_cdc/HSC2R_CDC[44].hsc2r_bus_cdc 
  This will add unnecessary latency to the design. Please check the design for the following: 
 1) Manually instantiated XPM_CDC modules: AMD recommends that you remove these modules. 
 2) AMD IP that contains XPM_CDC modules: Verify the connections to the IP to determine whether you can safely ignore this message.
 [C:/AMDDesignTools/2025.2/Vivado/data/ip/xpm/xpm_cdc/tcl/xpm_cdc_handshake.tcl:19]
WARNING: [XPM_CDC_HANDSHAKE: TCL-1000] The source and destination clocks are the same. 
     Instance: design_1_i/mipi_csi2_rx_subsyst_0/inst/rx/mipi_csi2_rx_ctrl_v1_0_14_top_dut/AXI_LITE.isr_cdc/HSC2R_CDC[0].hsc2r_bus_cdc 
  This will add unnecessary latency to the design. Please check the design for the following: 
 1) Manually instantiated XPM_CDC modules: AMD recommends that you remove these modules. 
 2) AMD IP that contains XPM_CDC modules: Verify the connections to the IP to determine whether you can safely ignore this message.
 [C:/AMDDesignTools/2025.2/Vivado/data/ip/xpm/xpm_cdc/tcl/xpm_cdc_handshake.tcl:19]
WARNING: [XPM_CDC_HANDSHAKE: TCL-1000] The source and destination clocks are the same. 
     Instance: design_1_i/mipi_csi2_rx_subsyst_0/inst/rx/mipi_csi2_rx_ctrl_v1_0_14_top_dut/AXI_LITE.isr_cdc/HSC2R_CDC[9].hsc2r_bus_cdc 
  This will add unnecessary latency to the design. Please check the design for the following: 
 1) Manually instantiated XPM_CDC modules: AMD recommends that you remove these modules. 
 2) AMD IP that contains XPM_CDC modules: Verify the connections to the IP to determine whether you can safely ignore this message.
 [C:/AMDDesignTools/2025.2/Vivado/data/ip/xpm/xpm_cdc/tcl/xpm_cdc_handshake.tcl:19]
WARNING: [XPM_CDC_HANDSHAKE: TCL-1000] The source and destination clocks are the same. 
     Instance: design_1_i/mipi_csi2_rx_subsyst_0/inst/rx/mipi_csi2_rx_ctrl_v1_0_14_top_dut/AXI_LITE.isr_cdc/HSC2R_CDC[10].hsc2r_bus_cdc 
  This will add unnecessary latency to the design. Please check the design for the following: 
 1) Manually instantiated XPM_CDC modules: AMD recommends that you remove these modules. 
 2) AMD IP that contains XPM_CDC modules: Verify the connections to the IP to determine whether you can safely ignore this message.
 [C:/AMDDesignTools/2025.2/Vivado/data/ip/xpm/xpm_cdc/tcl/xpm_cdc_handshake.tcl:19]
WARNING: [XPM_CDC_HANDSHAKE: TCL-1000] The source and destination clocks are the same. 
     Instance: design_1_i/mipi_csi2_rx_subsyst_0/inst/rx/mipi_csi2_rx_ctrl_v1_0_14_top_dut/AXI_LITE.isr_cdc/HSC2R_CDC[11].hsc2r_bus_cdc 
  This will add unnecessary latency to the design. Please check the design for the following: 
 1) Manually instantiated XPM_CDC modules: AMD recommends that you remove these modules. 
 2) AMD IP that contains XPM_CDC modules: Verify the connections to the IP to determine whether you can safely ignore this message.
 [C:/AMDDesignTools/2025.2/Vivado/data/ip/xpm/xpm_cdc/tcl/xpm_cdc_handshake.tcl:19]
WARNING: [XPM_CDC_HANDSHAKE: TCL-1000] The source and destination clocks are the same. 
     Instance: design_1_i/mipi_csi2_rx_subsyst_0/inst/rx/mipi_csi2_rx_ctrl_v1_0_14_top_dut/AXI_LITE.isr_cdc/HSC2R_CDC[12].hsc2r_bus_cdc 
  This will add unnecessary latency to the design. Please check the design for the following: 
 1) Manually instantiated XPM_CDC modules: AMD recommends that you remove these modules. 
 2) AMD IP that contains XPM_CDC modules: Verify the connections to the IP to determine whether you can safely ignore this message.
 [C:/AMDDesignTools/2025.2/Vivado/data/ip/xpm/xpm_cdc/tcl/xpm_cdc_handshake.tcl:19]
WARNING: [XPM_CDC_HANDSHAKE: TCL-1000] The source and destination clocks are the same. 
     Instance: design_1_i/mipi_csi2_rx_subsyst_0/inst/rx/mipi_csi2_rx_ctrl_v1_0_14_top_dut/AXI_LITE.isr_cdc/HSC2R_CDC[13].hsc2r_bus_cdc 
  This will add unnecessary latency to the design. Please check the design for the following: 
 1) Manually instantiated XPM_CDC modules: AMD recommends that you remove these modules. 
 2) AMD IP that contains XPM_CDC modules: Verify the connections to the IP to determine whether you can safely ignore this message.
 [C:/AMDDesignTools/2025.2/Vivado/data/ip/xpm/xpm_cdc/tcl/xpm_cdc_handshake.tcl:19]
WARNING: [XPM_CDC_HANDSHAKE: TCL-1000] The source and destination clocks are the same. 
     Instance: design_1_i/mipi_csi2_rx_subsyst_0/inst/rx/mipi_csi2_rx_ctrl_v1_0_14_top_dut/AXI_LITE.isr_cdc/HSC2R_CDC[14].hsc2r_bus_cdc 
  This will add unnecessary latency to the design. Please check the design for the following: 
 1) Manually instantiated XPM_CDC modules: AMD recommends that you remove these modules. 
 2) AMD IP that contains XPM_CDC modules: Verify the connections to the IP to determine whether you can safely ignore this message.
 [C:/AMDDesignTools/2025.2/Vivado/data/ip/xpm/xpm_cdc/tcl/xpm_cdc_handshake.tcl:19]
WARNING: [XPM_CDC_HANDSHAKE: TCL-1000] The source and destination clocks are the same. 
     Instance: design_1_i/mipi_csi2_rx_subsyst_0/inst/rx/mipi_csi2_rx_ctrl_v1_0_14_top_dut/AXI_LITE.isr_cdc/HSC2R_CDC[15].hsc2r_bus_cdc 
  This will add unnecessary latency to the design. Please check the design for the following: 
 1) Manually instantiated XPM_CDC modules: AMD recommends that you remove these modules. 
 2) AMD IP that contains XPM_CDC modules: Verify the connections to the IP to determine whether you can safely ignore this message.
 [C:/AMDDesignTools/2025.2/Vivado/data/ip/xpm/xpm_cdc/tcl/xpm_cdc_handshake.tcl:19]
WARNING: [XPM_CDC_HANDSHAKE: TCL-1000] The source and destination clocks are the same. 
     Instance: design_1_i/mipi_csi2_rx_subsyst_0/inst/rx/mipi_csi2_rx_ctrl_v1_0_14_top_dut/AXI_LITE.isr_cdc/HSC2R_CDC[16].hsc2r_bus_cdc 
  This will add unnecessary latency to the design. Please check the design for the following: 
 1) Manually instantiated XPM_CDC modules: AMD recommends that you remove these modules. 
 2) AMD IP that contains XPM_CDC modules: Verify the connections to the IP to determine whether you can safely ignore this message.
 [C:/AMDDesignTools/2025.2/Vivado/data/ip/xpm/xpm_cdc/tcl/xpm_cdc_handshake.tcl:19]
WARNING: [XPM_CDC_HANDSHAKE: TCL-1000] The source and destination clocks are the same. 
     Instance: design_1_i/mipi_csi2_rx_subsyst_0/inst/rx/mipi_csi2_rx_ctrl_v1_0_14_top_dut/AXI_LITE.isr_cdc/HSC2R_CDC[17].hsc2r_bus_cdc 
  This will add unnecessary latency to the design. Please check the design for the following: 
 1) Manually instantiated XPM_CDC modules: AMD recommends that you remove these modules. 
 2) AMD IP that contains XPM_CDC modules: Verify the connections to the IP to determine whether you can safely ignore this message.
 [C:/AMDDesignTools/2025.2/Vivado/data/ip/xpm/xpm_cdc/tcl/xpm_cdc_handshake.tcl:19]
WARNING: [XPM_CDC_HANDSHAKE: TCL-1000] The source and destination clocks are the same. 
     Instance: design_1_i/mipi_csi2_rx_subsyst_0/inst/rx/mipi_csi2_rx_ctrl_v1_0_14_top_dut/AXI_LITE.isr_cdc/HSC2R_CDC[18].hsc2r_bus_cdc 
  This will add unnecessary latency to the design. Please check the design for the following: 
 1) Manually instantiated XPM_CDC modules: AMD recommends that you remove these modules. 
 2) AMD IP that contains XPM_CDC modules: Verify the connections to the IP to determine whether you can safely ignore this message.
 [C:/AMDDesignTools/2025.2/Vivado/data/ip/xpm/xpm_cdc/tcl/xpm_cdc_handshake.tcl:19]
WARNING: [XPM_CDC_HANDSHAKE: TCL-1000] The source and destination clocks are the same. 
     Instance: design_1_i/mipi_csi2_rx_subsyst_0/inst/rx/mipi_csi2_rx_ctrl_v1_0_14_top_dut/AXI_LITE.isr_cdc/HSC2R_CDC[1].hsc2r_bus_cdc 
  This will add unnecessary latency to the design. Please check the design for the following: 
 1) Manually instantiated XPM_CDC modules: AMD recommends that you remove these modules. 
 2) AMD IP that contains XPM_CDC modules: Verify the connections to the IP to determine whether you can safely ignore this message.
 [C:/AMDDesignTools/2025.2/Vivado/data/ip/xpm/xpm_cdc/tcl/xpm_cdc_handshake.tcl:19]
WARNING: [XPM_CDC_HANDSHAKE: TCL-1000] The source and destination clocks are the same. 
     Instance: design_1_i/mipi_csi2_rx_subsyst_0/inst/rx/mipi_csi2_rx_ctrl_v1_0_14_top_dut/AXI_LITE.isr_cdc/HSC2R_CDC[19].hsc2r_bus_cdc 
  This will add unnecessary latency to the design. Please check the design for the following: 
 1) Manually instantiated XPM_CDC modules: AMD recommends that you remove these modules. 
 2) AMD IP that contains XPM_CDC modules: Verify the connections to the IP to determine whether you can safely ignore this message.
 [C:/AMDDesignTools/2025.2/Vivado/data/ip/xpm/xpm_cdc/tcl/xpm_cdc_handshake.tcl:19]
WARNING: [XPM_CDC_HANDSHAKE: TCL-1000] The source and destination clocks are the same. 
     Instance: design_1_i/mipi_csi2_rx_subsyst_0/inst/rx/mipi_csi2_rx_ctrl_v1_0_14_top_dut/AXI_LITE.isr_cdc/HSC2R_CDC[20].hsc2r_bus_cdc 
  This will add unnecessary latency to the design. Please check the design for the following: 
 1) Manually instantiated XPM_CDC modules: AMD recommends that you remove these modules. 
 2) AMD IP that contains XPM_CDC modules: Verify the connections to the IP to determine whether you can safely ignore this message.
 [C:/AMDDesignTools/2025.2/Vivado/data/ip/xpm/xpm_cdc/tcl/xpm_cdc_handshake.tcl:19]
WARNING: [XPM_CDC_HANDSHAKE: TCL-1000] The source and destination clocks are the same. 
     Instance: design_1_i/mipi_csi2_rx_subsyst_0/inst/rx/mipi_csi2_rx_ctrl_v1_0_14_top_dut/AXI_LITE.isr_cdc/HSC2R_CDC[21].hsc2r_bus_cdc 
  This will add unnecessary latency to the design. Please check the design for the following: 
 1) Manually instantiated XPM_CDC modules: AMD recommends that you remove these modules. 
 2) AMD IP that contains XPM_CDC modules: Verify the connections to the IP to determine whether you can safely ignore this message.
 [C:/AMDDesignTools/2025.2/Vivado/data/ip/xpm/xpm_cdc/tcl/xpm_cdc_handshake.tcl:19]
WARNING: [XPM_CDC_HANDSHAKE: TCL-1000] The source and destination clocks are the same. 
     Instance: design_1_i/mipi_csi2_rx_subsyst_0/inst/rx/mipi_csi2_rx_ctrl_v1_0_14_top_dut/AXI_LITE.isr_cdc/HSC2R_CDC[22].hsc2r_bus_cdc 
  This will add unnecessary latency to the design. Please check the design for the following: 
 1) Manually instantiated XPM_CDC modules: AMD recommends that you remove these modules. 
 2) AMD IP that contains XPM_CDC modules: Verify the connections to the IP to determine whether you can safely ignore this message.
 [C:/AMDDesignTools/2025.2/Vivado/data/ip/xpm/xpm_cdc/tcl/xpm_cdc_handshake.tcl:19]
WARNING: [XPM_CDC_HANDSHAKE: TCL-1000] The source and destination clocks are the same. 
     Instance: design_1_i/mipi_csi2_rx_subsyst_0/inst/rx/mipi_csi2_rx_ctrl_v1_0_14_top_dut/AXI_LITE.isr_cdc/HSC2R_CDC[23].hsc2r_bus_cdc 
  This will add unnecessary latency to the design. Please check the design for the following: 
 1) Manually instantiated XPM_CDC modules: AMD recommends that you remove these modules. 
 2) AMD IP that contains XPM_CDC modules: Verify the connections to the IP to determine whether you can safely ignore this message.
 [C:/AMDDesignTools/2025.2/Vivado/data/ip/xpm/xpm_cdc/tcl/xpm_cdc_handshake.tcl:19]
WARNING: [XPM_CDC_HANDSHAKE: TCL-1000] The source and destination clocks are the same. 
     Instance: design_1_i/mipi_csi2_rx_subsyst_0/inst/rx/mipi_csi2_rx_ctrl_v1_0_14_top_dut/AXI_LITE.isr_cdc/HSC2R_CDC[24].hsc2r_bus_cdc 
  This will add unnecessary latency to the design. Please check the design for the following: 
 1) Manually instantiated XPM_CDC modules: AMD recommends that you remove these modules. 
 2) AMD IP that contains XPM_CDC modules: Verify the connections to the IP to determine whether you can safely ignore this message.
 [C:/AMDDesignTools/2025.2/Vivado/data/ip/xpm/xpm_cdc/tcl/xpm_cdc_handshake.tcl:19]
WARNING: [XPM_CDC_HANDSHAKE: TCL-1000] The source and destination clocks are the same. 
     Instance: design_1_i/mipi_csi2_rx_subsyst_0/inst/rx/mipi_csi2_rx_ctrl_v1_0_14_top_dut/AXI_LITE.isr_cdc/HSC2R_CDC[25].hsc2r_bus_cdc 
  This will add unnecessary latency to the design. Please check the design for the following: 
 1) Manually instantiated XPM_CDC modules: AMD recommends that you remove these modules. 
 2) AMD IP that contains XPM_CDC modules: Verify the connections to the IP to determine whether you can safely ignore this message.
 [C:/AMDDesignTools/2025.2/Vivado/data/ip/xpm/xpm_cdc/tcl/xpm_cdc_handshake.tcl:19]
WARNING: [XPM_CDC_HANDSHAKE: TCL-1000] The source and destination clocks are the same. 
     Instance: design_1_i/mipi_csi2_rx_subsyst_0/inst/rx/mipi_csi2_rx_ctrl_v1_0_14_top_dut/AXI_LITE.isr_cdc/HSC2R_CDC[26].hsc2r_bus_cdc 
  This will add unnecessary latency to the design. Please check the design for the following: 
 1) Manually instantiated XPM_CDC modules: AMD recommends that you remove these modules. 
 2) AMD IP that contains XPM_CDC modules: Verify the connections to the IP to determine whether you can safely ignore this message.
 [C:/AMDDesignTools/2025.2/Vivado/data/ip/xpm/xpm_cdc/tcl/xpm_cdc_handshake.tcl:19]
WARNING: [XPM_CDC_HANDSHAKE: TCL-1000] The source and destination clocks are the same. 
     Instance: design_1_i/mipi_csi2_rx_subsyst_0/inst/rx/mipi_csi2_rx_ctrl_v1_0_14_top_dut/AXI_LITE.isr_cdc/HSC2R_CDC[27].hsc2r_bus_cdc 
  This will add unnecessary latency to the design. Please check the design for the following: 
 1) Manually instantiated XPM_CDC modules: AMD recommends that you remove these modules. 
 2) AMD IP that contains XPM_CDC modules: Verify the connections to the IP to determine whether you can safely ignore this message.
 [C:/AMDDesignTools/2025.2/Vivado/data/ip/xpm/xpm_cdc/tcl/xpm_cdc_handshake.tcl:19]
WARNING: [XPM_CDC_HANDSHAKE: TCL-1000] The source and destination clocks are the same. 
     Instance: design_1_i/mipi_csi2_rx_subsyst_0/inst/rx/mipi_csi2_rx_ctrl_v1_0_14_top_dut/AXI_LITE.isr_cdc/HSC2R_CDC[28].hsc2r_bus_cdc 
  This will add unnecessary latency to the design. Please check the design for the following: 
 1) Manually instantiated XPM_CDC modules: AMD recommends that you remove these modules. 
 2) AMD IP that contains XPM_CDC modules: Verify the connections to the IP to determine whether you can safely ignore this message.
 [C:/AMDDesignTools/2025.2/Vivado/data/ip/xpm/xpm_cdc/tcl/xpm_cdc_handshake.tcl:19]
WARNING: [XPM_CDC_HANDSHAKE: TCL-1000] The source and destination clocks are the same. 
     Instance: design_1_i/mipi_csi2_rx_subsyst_0/inst/rx/mipi_csi2_rx_ctrl_v1_0_14_top_dut/AXI_LITE.isr_cdc/HSC2R_CDC[2].hsc2r_bus_cdc 
  This will add unnecessary latency to the design. Please check the design for the following: 
 1) Manually instantiated XPM_CDC modules: AMD recommends that you remove these modules. 
 2) AMD IP that contains XPM_CDC modules: Verify the connections to the IP to determine whether you can safely ignore this message.
 [C:/AMDDesignTools/2025.2/Vivado/data/ip/xpm/xpm_cdc/tcl/xpm_cdc_handshake.tcl:19]
WARNING: [XPM_CDC_HANDSHAKE: TCL-1000] The source and destination clocks are the same. 
     Instance: design_1_i/mipi_csi2_rx_subsyst_0/inst/rx/mipi_csi2_rx_ctrl_v1_0_14_top_dut/AXI_LITE.isr_cdc/HSC2R_CDC[29].hsc2r_bus_cdc 
  This will add unnecessary latency to the design. Please check the design for the following: 
 1) Manually instantiated XPM_CDC modules: AMD recommends that you remove these modules. 
 2) AMD IP that contains XPM_CDC modules: Verify the connections to the IP to determine whether you can safely ignore this message.
 [C:/AMDDesignTools/2025.2/Vivado/data/ip/xpm/xpm_cdc/tcl/xpm_cdc_handshake.tcl:19]
WARNING: [XPM_CDC_HANDSHAKE: TCL-1000] The source and destination clocks are the same. 
     Instance: design_1_i/mipi_csi2_rx_subsyst_0/inst/rx/mipi_csi2_rx_ctrl_v1_0_14_top_dut/AXI_LITE.isr_cdc/HSC2R_CDC[30].hsc2r_bus_cdc 
  This will add unnecessary latency to the design. Please check the design for the following: 
 1) Manually instantiated XPM_CDC modules: AMD recommends that you remove these modules. 
 2) AMD IP that contains XPM_CDC modules: Verify the connections to the IP to determine whether you can safely ignore this message.
 [C:/AMDDesignTools/2025.2/Vivado/data/ip/xpm/xpm_cdc/tcl/xpm_cdc_handshake.tcl:19]
WARNING: [XPM_CDC_HANDSHAKE: TCL-1000] The source and destination clocks are the same. 
     Instance: design_1_i/mipi_csi2_rx_subsyst_0/inst/rx/mipi_csi2_rx_ctrl_v1_0_14_top_dut/AXI_LITE.isr_cdc/HSC2R_CDC[31].hsc2r_bus_cdc 
  This will add unnecessary latency to the design. Please check the design for the following: 
 1) Manually instantiated XPM_CDC modules: AMD recommends that you remove these modules. 
 2) AMD IP that contains XPM_CDC modules: Verify the connections to the IP to determine whether you can safely ignore this message.
 [C:/AMDDesignTools/2025.2/Vivado/data/ip/xpm/xpm_cdc/tcl/xpm_cdc_handshake.tcl:19]
WARNING: [XPM_CDC_HANDSHAKE: TCL-1000] The source and destination clocks are the same. 
     Instance: design_1_i/mipi_csi2_rx_subsyst_0/inst/rx/mipi_csi2_rx_ctrl_v1_0_14_top_dut/AXI_LITE.isr_cdc/HSC2R_CDC[32].hsc2r_bus_cdc 
  This will add unnecessary latency to the design. Please check the design for the following: 
 1) Manually instantiated XPM_CDC modules: AMD recommends that you remove these modules. 
 2) AMD IP that contains XPM_CDC modules: Verify the connections to the IP to determine whether you can safely ignore this message.
 [C:/AMDDesignTools/2025.2/Vivado/data/ip/xpm/xpm_cdc/tcl/xpm_cdc_handshake.tcl:19]
WARNING: [XPM_CDC_HANDSHAKE: TCL-1000] The source and destination clocks are the same. 
     Instance: design_1_i/mipi_csi2_rx_subsyst_0/inst/rx/mipi_csi2_rx_ctrl_v1_0_14_top_dut/AXI_LITE.isr_cdc/HSC2R_CDC[33].hsc2r_bus_cdc 
  This will add unnecessary latency to the design. Please check the design for the following: 
 1) Manually instantiated XPM_CDC modules: AMD recommends that you remove these modules. 
 2) AMD IP that contains XPM_CDC modules: Verify the connections to the IP to determine whether you can safely ignore this message.
 [C:/AMDDesignTools/2025.2/Vivado/data/ip/xpm/xpm_cdc/tcl/xpm_cdc_handshake.tcl:19]
WARNING: [XPM_CDC_HANDSHAKE: TCL-1000] The source and destination clocks are the same. 
     Instance: design_1_i/mipi_csi2_rx_subsyst_0/inst/rx/mipi_csi2_rx_ctrl_v1_0_14_top_dut/AXI_LITE.isr_cdc/HSC2R_CDC[34].hsc2r_bus_cdc 
  This will add unnecessary latency to the design. Please check the design for the following: 
 1) Manually instantiated XPM_CDC modules: AMD recommends that you remove these modules. 
 2) AMD IP that contains XPM_CDC modules: Verify the connections to the IP to determine whether you can safely ignore this message.
 [C:/AMDDesignTools/2025.2/Vivado/data/ip/xpm/xpm_cdc/tcl/xpm_cdc_handshake.tcl:19]
WARNING: [XPM_CDC_HANDSHAKE: TCL-1000] The source and destination clocks are the same. 
     Instance: design_1_i/mipi_csi2_rx_subsyst_0/inst/rx/mipi_csi2_rx_ctrl_v1_0_14_top_dut/AXI_LITE.isr_cdc/HSC2R_CDC[35].hsc2r_bus_cdc 
  This will add unnecessary latency to the design. Please check the design for the following: 
 1) Manually instantiated XPM_CDC modules: AMD recommends that you remove these modules. 
 2) AMD IP that contains XPM_CDC modules: Verify the connections to the IP to determine whether you can safely ignore this message.
 [C:/AMDDesignTools/2025.2/Vivado/data/ip/xpm/xpm_cdc/tcl/xpm_cdc_handshake.tcl:19]
WARNING: [XPM_CDC_HANDSHAKE: TCL-1000] The source and destination clocks are the same. 
     Instance: design_1_i/mipi_csi2_rx_subsyst_0/inst/rx/mipi_csi2_rx_ctrl_v1_0_14_top_dut/AXI_LITE.isr_cdc/HSC2R_CDC[36].hsc2r_bus_cdc 
  This will add unnecessary latency to the design. Please check the design for the following: 
 1) Manually instantiated XPM_CDC modules: AMD recommends that you remove these modules. 
 2) AMD IP that contains XPM_CDC modules: Verify the connections to the IP to determine whether you can safely ignore this message.
 [C:/AMDDesignTools/2025.2/Vivado/data/ip/xpm/xpm_cdc/tcl/xpm_cdc_handshake.tcl:19]
WARNING: [XPM_CDC_HANDSHAKE: TCL-1000] The source and destination clocks are the same. 
     Instance: design_1_i/mipi_csi2_rx_subsyst_0/inst/rx/mipi_csi2_rx_ctrl_v1_0_14_top_dut/AXI_LITE.isr_cdc/HSC2R_CDC[37].hsc2r_bus_cdc 
  This will add unnecessary latency to the design. Please check the design for the following: 
 1) Manually instantiated XPM_CDC modules: AMD recommends that you remove these modules. 
 2) AMD IP that contains XPM_CDC modules: Verify the connections to the IP to determine whether you can safely ignore this message.
 [C:/AMDDesignTools/2025.2/Vivado/data/ip/xpm/xpm_cdc/tcl/xpm_cdc_handshake.tcl:19]
WARNING: [XPM_CDC_HANDSHAKE: TCL-1000] The source and destination clocks are the same. 
     Instance: design_1_i/mipi_csi2_rx_subsyst_0/inst/rx/mipi_csi2_rx_ctrl_v1_0_14_top_dut/AXI_LITE.isr_cdc/HSC2R_CDC[38].hsc2r_bus_cdc 
  This will add unnecessary latency to the design. Please check the design for the following: 
 1) Manually instantiated XPM_CDC modules: AMD recommends that you remove these modules. 
 2) AMD IP that contains XPM_CDC modules: Verify the connections to the IP to determine whether you can safely ignore this message.
 [C:/AMDDesignTools/2025.2/Vivado/data/ip/xpm/xpm_cdc/tcl/xpm_cdc_handshake.tcl:19]
WARNING: [XPM_CDC_HANDSHAKE: TCL-1000] The source and destination clocks are the same. 
     Instance: design_1_i/mipi_csi2_rx_subsyst_0/inst/rx/mipi_csi2_rx_ctrl_v1_0_14_top_dut/AXI_LITE.isr_cdc/HSC2R_CDC[3].hsc2r_bus_cdc 
  This will add unnecessary latency to the design. Please check the design for the following: 
 1) Manually instantiated XPM_CDC modules: AMD recommends that you remove these modules. 
 2) AMD IP that contains XPM_CDC modules: Verify the connections to the IP to determine whether you can safely ignore this message.
 [C:/AMDDesignTools/2025.2/Vivado/data/ip/xpm/xpm_cdc/tcl/xpm_cdc_handshake.tcl:19]
WARNING: [XPM_CDC_HANDSHAKE: TCL-1000] The source and destination clocks are the same. 
     Instance: design_1_i/mipi_csi2_rx_subsyst_0/inst/rx/mipi_csi2_rx_ctrl_v1_0_14_top_dut/AXI_LITE.isr_cdc/HSC2R_CDC[39].hsc2r_bus_cdc 
  This will add unnecessary latency to the design. Please check the design for the following: 
 1) Manually instantiated XPM_CDC modules: AMD recommends that you remove these modules. 
 2) AMD IP that contains XPM_CDC modules: Verify the connections to the IP to determine whether you can safely ignore this message.
 [C:/AMDDesignTools/2025.2/Vivado/data/ip/xpm/xpm_cdc/tcl/xpm_cdc_handshake.tcl:19]
WARNING: [XPM_CDC_HANDSHAKE: TCL-1000] The source and destination clocks are the same. 
     Instance: design_1_i/mipi_csi2_rx_subsyst_0/inst/rx/mipi_csi2_rx_ctrl_v1_0_14_top_dut/AXI_LITE.isr_cdc/HSC2R_CDC[40].hsc2r_bus_cdc 
  This will add unnecessary latency to the design. Please check the design for the following: 
 1) Manually instantiated XPM_CDC modules: AMD recommends that you remove these modules. 
 2) AMD IP that contains XPM_CDC modules: Verify the connections to the IP to determine whether you can safely ignore this message.
 [C:/AMDDesignTools/2025.2/Vivado/data/ip/xpm/xpm_cdc/tcl/xpm_cdc_handshake.tcl:19]
WARNING: [XPM_CDC_HANDSHAKE: TCL-1000] The source and destination clocks are the same. 
     Instance: design_1_i/mipi_csi2_rx_subsyst_0/inst/rx/mipi_csi2_rx_ctrl_v1_0_14_top_dut/AXI_LITE.isr_cdc/HSC2R_CDC[41].hsc2r_bus_cdc 
  This will add unnecessary latency to the design. Please check the design for the following: 
 1) Manually instantiated XPM_CDC modules: AMD recommends that you remove these modules. 
 2) AMD IP that contains XPM_CDC modules: Verify the connections to the IP to determine whether you can safely ignore this message.
 [C:/AMDDesignTools/2025.2/Vivado/data/ip/xpm/xpm_cdc/tcl/xpm_cdc_handshake.tcl:19]
WARNING: [XPM_CDC_HANDSHAKE: TCL-1000] The source and destination clocks are the same. 
     Instance: design_1_i/mipi_csi2_rx_subsyst_0/inst/rx/mipi_csi2_rx_ctrl_v1_0_14_top_dut/AXI_LITE.isr_cdc/HSC2R_CDC[42].hsc2r_bus_cdc 
  This will add unnecessary latency to the design. Please check the design for the following: 
 1) Manually instantiated XPM_CDC modules: AMD recommends that you remove these modules. 
 2) AMD IP that contains XPM_CDC modules: Verify the connections to the IP to determine whether you can safely ignore this message.
 [C:/AMDDesignTools/2025.2/Vivado/data/ip/xpm/xpm_cdc/tcl/xpm_cdc_handshake.tcl:19]
WARNING: [XPM_CDC_HANDSHAKE: TCL-1000] The source and destination clocks are the same. 
     Instance: design_1_i/mipi_csi2_rx_subsyst_0/inst/rx/mipi_csi2_rx_ctrl_v1_0_14_top_dut/AXI_LITE.isr_cdc/HSC2R_CDC[43].hsc2r_bus_cdc 
  This will add unnecessary latency to the design. Please check the design for the following: 
 1) Manually instantiated XPM_CDC modules: AMD recommends that you remove these modules. 
 2) AMD IP that contains XPM_CDC modules: Verify the connections to the IP to determine whether you can safely ignore this message.
 [C:/AMDDesignTools/2025.2/Vivado/data/ip/xpm/xpm_cdc/tcl/xpm_cdc_handshake.tcl:19]
WARNING: [XPM_CDC_HANDSHAKE: TCL-1000] The source and destination clocks are the same. 
     Instance: design_1_i/mipi_csi2_rx_subsyst_0/inst/rx/mipi_csi2_rx_ctrl_v1_0_14_top_dut/AXI_LITE.isr_cdc/HSC2R_CDC[4].hsc2r_bus_cdc 
  This will add unnecessary latency to the design. Please check the design for the following: 
 1) Manually instantiated XPM_CDC modules: AMD recommends that you remove these modules. 
 2) AMD IP that contains XPM_CDC modules: Verify the connections to the IP to determine whether you can safely ignore this message.
 [C:/AMDDesignTools/2025.2/Vivado/data/ip/xpm/xpm_cdc/tcl/xpm_cdc_handshake.tcl:19]
WARNING: [XPM_CDC_HANDSHAKE: TCL-1000] The source and destination clocks are the same. 
     Instance: design_1_i/mipi_csi2_rx_subsyst_0/inst/rx/mipi_csi2_rx_ctrl_v1_0_14_top_dut/AXI_LITE.isr_cdc/HSC2R_CDC[5].hsc2r_bus_cdc 
  This will add unnecessary latency to the design. Please check the design for the following: 
 1) Manually instantiated XPM_CDC modules: AMD recommends that you remove these modules. 
 2) AMD IP that contains XPM_CDC modules: Verify the connections to the IP to determine whether you can safely ignore this message.
 [C:/AMDDesignTools/2025.2/Vivado/data/ip/xpm/xpm_cdc/tcl/xpm_cdc_handshake.tcl:19]
WARNING: [XPM_CDC_HANDSHAKE: TCL-1000] The source and destination clocks are the same. 
     Instance: design_1_i/mipi_csi2_rx_subsyst_0/inst/rx/mipi_csi2_rx_ctrl_v1_0_14_top_dut/AXI_LITE.isr_cdc/HSC2R_CDC[6].hsc2r_bus_cdc 
  This will add unnecessary latency to the design. Please check the design for the following: 
 1) Manually instantiated XPM_CDC modules: AMD recommends that you remove these modules. 
 2) AMD IP that contains XPM_CDC modules: Verify the connections to the IP to determine whether you can safely ignore this message.
 [C:/AMDDesignTools/2025.2/Vivado/data/ip/xpm/xpm_cdc/tcl/xpm_cdc_handshake.tcl:19]
WARNING: [XPM_CDC_HANDSHAKE: TCL-1000] The source and destination clocks are the same. 
     Instance: design_1_i/mipi_csi2_rx_subsyst_0/inst/rx/mipi_csi2_rx_ctrl_v1_0_14_top_dut/AXI_LITE.isr_cdc/HSC2R_CDC[7].hsc2r_bus_cdc 
  This will add unnecessary latency to the design. Please check the design for the following: 
 1) Manually instantiated XPM_CDC modules: AMD recommends that you remove these modules. 
 2) AMD IP that contains XPM_CDC modules: Verify the connections to the IP to determine whether you can safely ignore this message.
 [C:/AMDDesignTools/2025.2/Vivado/data/ip/xpm/xpm_cdc/tcl/xpm_cdc_handshake.tcl:19]
WARNING: [XPM_CDC_HANDSHAKE: TCL-1000] The source and destination clocks are the same. 
     Instance: design_1_i/mipi_csi2_rx_subsyst_0/inst/rx/mipi_csi2_rx_ctrl_v1_0_14_top_dut/AXI_LITE.isr_cdc/HSC2R_CDC[8].hsc2r_bus_cdc 
  This will add unnecessary latency to the design. Please check the design for the following: 
 1) Manually instantiated XPM_CDC modules: AMD recommends that you remove these modules. 
 2) AMD IP that contains XPM_CDC modules: Verify the connections to the IP to determine whether you can safely ignore this message.
 [C:/AMDDesignTools/2025.2/Vivado/data/ip/xpm/xpm_cdc/tcl/xpm_cdc_handshake.tcl:19]
WARNING: [XPM_CDC_HANDSHAKE: TCL-1000] The source and destination clocks are the same. 
     Instance: design_1_i/mipi_csi2_rx_subsyst_0/inst/rx/mipi_csi2_rx_ctrl_v1_0_14_top_dut/AXI_LITE.isr_cdc/ecc_cdc 
  This will add unnecessary latency to the design. Please check the design for the following: 
 1) Manually instantiated XPM_CDC modules: AMD recommends that you remove these modules. 
 2) AMD IP that contains XPM_CDC modules: Verify the connections to the IP to determine whether you can safely ignore this message.
 [C:/AMDDesignTools/2025.2/Vivado/data/ip/xpm/xpm_cdc/tcl/xpm_cdc_handshake.tcl:19]
WARNING: [XPM_CDC_HANDSHAKE: TCL-1000] The source and destination clocks are the same. 
     Instance: design_1_i/mipi_csi2_rx_subsyst_0/inst/rx/mipi_csi2_rx_ctrl_v1_0_14_top_dut/AXI_LITE.reg_inf/img_info_cdc 
  This will add unnecessary latency to the design. Please check the design for the following: 
 1) Manually instantiated XPM_CDC modules: AMD recommends that you remove these modules. 
 2) AMD IP that contains XPM_CDC modules: Verify the connections to the IP to determine whether you can safely ignore this message.
 [C:/AMDDesignTools/2025.2/Vivado/data/ip/xpm/xpm_cdc/tcl/xpm_cdc_handshake.tcl:19]
WARNING: [XPM_CDC_SINGLE: TCL-1000] The source and destination clocks are the same. 
     Instance: design_1_i/mipi_csi2_rx_subsyst_0/inst/rx/mipi_csi2_rx_ctrl_v1_0_14_top_dut/AXI_LITE.reg_inf/xpm_single_05 
  This will add unnecessary latency to the design. Please check the design for the following: 
 1) Manually instantiated XPM_CDC modules: AMD recommends that you remove these modules. 
 2) AMD IP that contains XPM_CDC modules: Verify the connections to the IP to determine whether you can safely ignore this message.
 [C:/AMDDesignTools/2025.2/Vivado/data/ip/xpm/xpm_cdc/tcl/xpm_cdc_single.tcl:5]
WARNING: [XPM_CDC_SINGLE: TCL-1000] The source and destination clocks are the same. 
     Instance: design_1_i/mipi_csi2_rx_subsyst_0/inst/rx/mipi_csi2_rx_ctrl_v1_0_14_top_dut/AXI_LITE.reg_inf/xpm_single_02 
  This will add unnecessary latency to the design. Please check the design for the following: 
 1) Manually instantiated XPM_CDC modules: AMD recommends that you remove these modules. 
 2) AMD IP that contains XPM_CDC modules: Verify the connections to the IP to determine whether you can safely ignore this message.
 [C:/AMDDesignTools/2025.2/Vivado/data/ip/xpm/xpm_cdc/tcl/xpm_cdc_single.tcl:5]
WARNING: [XPM_CDC_SINGLE: TCL-1000] The source and destination clocks are the same. 
     Instance: design_1_i/mipi_csi2_rx_subsyst_0/inst/rx/mipi_csi2_rx_ctrl_v1_0_14_top_dut/AXI_LITE.reg_inf/xpm_single_vfb_01 
  This will add unnecessary latency to the design. Please check the design for the following: 
 1) Manually instantiated XPM_CDC modules: AMD recommends that you remove these modules. 
 2) AMD IP that contains XPM_CDC modules: Verify the connections to the IP to determine whether you can safely ignore this message.
 [C:/AMDDesignTools/2025.2/Vivado/data/ip/xpm/xpm_cdc/tcl/xpm_cdc_single.tcl:5]
WARNING: [XPM_CDC_SINGLE: TCL-1000] The source and destination clocks are the same. 
     Instance: design_1_i/axi_vdma_0/U0/I_RST_MODULE/GEN_RESET_FOR_S2MM.RESET_I/GEN_RESET_FOR_ASYNC.AXIS_RESET_CDC_I 
  This will add unnecessary latency to the design. Please check the design for the following: 
 1) Manually instantiated XPM_CDC modules: AMD recommends that you remove these modules. 
 2) AMD IP that contains XPM_CDC modules: Verify the connections to the IP to determine whether you can safely ignore this message.
 [C:/AMDDesignTools/2025.2/Vivado/data/ip/xpm/xpm_cdc/tcl/xpm_cdc_single.tcl:5]
WARNING: [XPM_CDC_SINGLE: TCL-1000] The source and destination clocks are the same. 
     Instance: design_1_i/axi_vdma_0/U0/I_RST_MODULE/GEN_RESET_FOR_MM2S.RESET_I/GEN_RESET_FOR_ASYNC.AXIS_RESET_CDC_I 
  This will add unnecessary latency to the design. Please check the design for the following: 
 1) Manually instantiated XPM_CDC modules: AMD recommends that you remove these modules. 
 2) AMD IP that contains XPM_CDC modules: Verify the connections to the IP to determine whether you can safely ignore this message.
 [C:/AMDDesignTools/2025.2/Vivado/data/ip/xpm/xpm_cdc/tcl/xpm_cdc_single.tcl:5]
WARNING: [XPM_CDC_SINGLE: TCL-1000] The source and destination clocks are the same. 
     Instance: design_1_i/axi_vdma_0/U0/I_RST_MODULE/GEN_RESET_FOR_MM2S.RESET_I/GEN_MIN_FOR_ASYNC.AXIS_MIN_CDC_I 
  This will add unnecessary latency to the design. Please check the design for the following: 
 1) Manually instantiated XPM_CDC modules: AMD recommends that you remove these modules. 
 2) AMD IP that contains XPM_CDC modules: Verify the connections to the IP to determine whether you can safely ignore this message.
 [C:/AMDDesignTools/2025.2/Vivado/data/ip/xpm/xpm_cdc/tcl/xpm_cdc_single.tcl:5]
WARNING: [XPM_CDC_SINGLE: TCL-1000] The source and destination clocks are the same. 
     Instance: design_1_i/axi_vdma_0/U0/I_RST_MODULE/GEN_RESET_FOR_MM2S.RESET_I/GEN_RESET_FOR_ASYNC.HARD_RESET_CDC_I 
  This will add unnecessary latency to the design. Please check the design for the following: 
 1) Manually instantiated XPM_CDC modules: AMD recommends that you remove these modules. 
 2) AMD IP that contains XPM_CDC modules: Verify the connections to the IP to determine whether you can safely ignore this message.
 [C:/AMDDesignTools/2025.2/Vivado/data/ip/xpm/xpm_cdc/tcl/xpm_cdc_single.tcl:5]
WARNING: [XPM_CDC_SINGLE: TCL-1000] The source and destination clocks are the same. 
     Instance: design_1_i/axi_vdma_0/U0/I_RST_MODULE/GEN_RESET_FOR_S2MM.RESET_I/GEN_MIN_FOR_ASYNC.LITE_IDLE_CDC_I 
  This will add unnecessary latency to the design. Please check the design for the following: 
 1) Manually instantiated XPM_CDC modules: AMD recommends that you remove these modules. 
 2) AMD IP that contains XPM_CDC modules: Verify the connections to the IP to determine whether you can safely ignore this message.
 [C:/AMDDesignTools/2025.2/Vivado/data/ip/xpm/xpm_cdc/tcl/xpm_cdc_single.tcl:5]
WARNING: [XPM_CDC_SINGLE: TCL-1000] The source and destination clocks are the same. 
     Instance: design_1_i/axi_vdma_0/U0/I_RST_MODULE/GEN_RESET_FOR_S2MM.RESET_I/GEN_MIN_FOR_ASYNC.LITE_MIN_CDC_I 
  This will add unnecessary latency to the design. Please check the design for the following: 
 1) Manually instantiated XPM_CDC modules: AMD recommends that you remove these modules. 
 2) AMD IP that contains XPM_CDC modules: Verify the connections to the IP to determine whether you can safely ignore this message.
 [C:/AMDDesignTools/2025.2/Vivado/data/ip/xpm/xpm_cdc/tcl/xpm_cdc_single.tcl:5]
WARNING: [XPM_CDC_SINGLE: TCL-1000] The source and destination clocks are the same. 
     Instance: design_1_i/axi_vdma_0/U0/I_RST_MODULE/GEN_RESET_FOR_S2MM.RESET_I/GEN_MIN_FOR_ASYNC.AXIS_IDLE_CDC_I 
  This will add unnecessary latency to the design. Please check the design for the following: 
 1) Manually instantiated XPM_CDC modules: AMD recommends that you remove these modules. 
 2) AMD IP that contains XPM_CDC modules: Verify the connections to the IP to determine whether you can safely ignore this message.
 [C:/AMDDesignTools/2025.2/Vivado/data/ip/xpm/xpm_cdc/tcl/xpm_cdc_single.tcl:5]
WARNING: [XPM_CDC_SINGLE: TCL-1000] The source and destination clocks are the same. 
     Instance: design_1_i/axi_vdma_0/U0/I_RST_MODULE/GEN_RESET_FOR_S2MM.RESET_I/GEN_MIN_FOR_ASYNC.AXIS_MIN_CDC_I 
  This will add unnecessary latency to the design. Please check the design for the following: 
 1) Manually instantiated XPM_CDC modules: AMD recommends that you remove these modules. 
 2) AMD IP that contains XPM_CDC modules: Verify the connections to the IP to determine whether you can safely ignore this message.
 [C:/AMDDesignTools/2025.2/Vivado/data/ip/xpm/xpm_cdc/tcl/xpm_cdc_single.tcl:5]
WARNING: [XPM_CDC_SINGLE: TCL-1000] The source and destination clocks are the same. 
     Instance: design_1_i/axi_vdma_0/U0/I_RST_MODULE/GEN_RESET_FOR_S2MM.RESET_I/GEN_RESET_FOR_ASYNC.HARD_RESET_CDC_I 
  This will add unnecessary latency to the design. Please check the design for the following: 
 1) Manually instantiated XPM_CDC modules: AMD recommends that you remove these modules. 
 2) AMD IP that contains XPM_CDC modules: Verify the connections to the IP to determine whether you can safely ignore this message.
 [C:/AMDDesignTools/2025.2/Vivado/data/ip/xpm/xpm_cdc/tcl/xpm_cdc_single.tcl:5]
WARNING: [XPM_CDC_SINGLE: TCL-1000] The source and destination clocks are the same. 
     Instance: design_1_i/axi_vdma_0/U0/I_RST_MODULE/GEN_RESET_FOR_MM2S.RESET_I/GEN_MIN_FOR_ASYNC.LITE_IDLE_CDC_I 
  This will add unnecessary latency to the design. Please check the design for the following: 
 1) Manually instantiated XPM_CDC modules: AMD recommends that you remove these modules. 
 2) AMD IP that contains XPM_CDC modules: Verify the connections to the IP to determine whether you can safely ignore this message.
 [C:/AMDDesignTools/2025.2/Vivado/data/ip/xpm/xpm_cdc/tcl/xpm_cdc_single.tcl:5]
WARNING: [XPM_CDC_SINGLE: TCL-1000] The source and destination clocks are the same. 
     Instance: design_1_i/axi_vdma_0/U0/I_RST_MODULE/GEN_RESET_FOR_MM2S.RESET_I/GEN_MIN_FOR_ASYNC.LITE_MIN_CDC_I 
  This will add unnecessary latency to the design. Please check the design for the following: 
 1) Manually instantiated XPM_CDC modules: AMD recommends that you remove these modules. 
 2) AMD IP that contains XPM_CDC modules: Verify the connections to the IP to determine whether you can safely ignore this message.
 [C:/AMDDesignTools/2025.2/Vivado/data/ip/xpm/xpm_cdc/tcl/xpm_cdc_single.tcl:5]
WARNING: [XPM_CDC_SINGLE: TCL-1000] The source and destination clocks are the same. 
     Instance: design_1_i/axi_vdma_0/U0/I_RST_MODULE/GEN_RESET_FOR_MM2S.RESET_I/GEN_MIN_FOR_ASYNC.AXIS_IDLE_CDC_I 
  This will add unnecessary latency to the design. Please check the design for the following: 
 1) Manually instantiated XPM_CDC modules: AMD recommends that you remove these modules. 
 2) AMD IP that contains XPM_CDC modules: Verify the connections to the IP to determine whether you can safely ignore this message.
 [C:/AMDDesignTools/2025.2/Vivado/data/ip/xpm/xpm_cdc/tcl/xpm_cdc_single.tcl:5]
WARNING: [XPM_CDC_SINGLE: TCL-1000] The source and destination clocks are the same. 
     Instance: design_1_i/axi_vdma_0/U0/AXI_LITE_REG_INTERFACE_I/GEN_S2MM_LITE_CROSSINGS.GEN_S2MM_CROSSINGS_ASYNC.S2MM_INTRPT_CROSSING_I 
  This will add unnecessary latency to the design. Please check the design for the following: 
 1) Manually instantiated XPM_CDC modules: AMD recommends that you remove these modules. 
 2) AMD IP that contains XPM_CDC modules: Verify the connections to the IP to determine whether you can safely ignore this message.
 [C:/AMDDesignTools/2025.2/Vivado/data/ip/xpm/xpm_cdc/tcl/xpm_cdc_single.tcl:5]
WARNING: [XPM_CDC_SINGLE: TCL-1000] The source and destination clocks are the same. 
     Instance: design_1_i/axi_vdma_0/U0/AXI_LITE_REG_INTERFACE_I/GEN_MM2S_LITE_CROSSINGS.GEN_MM2S_CROSSINGS_ASYNC.MM2S_INTRPT_CROSSING_I 
  This will add unnecessary latency to the design. Please check the design for the following: 
 1) Manually instantiated XPM_CDC modules: AMD recommends that you remove these modules. 
 2) AMD IP that contains XPM_CDC modules: Verify the connections to the IP to determine whether you can safely ignore this message.
 [C:/AMDDesignTools/2025.2/Vivado/data/ip/xpm/xpm_cdc/tcl/xpm_cdc_single.tcl:5]
INFO: [Project 1-1714] 332 XPM XDC files have been applied to the design.
INFO: [Opt 31-138] Pushed 0 inverter(s) to 0 load pin(s).
Netlist sorting complete. Time (s): cpu = 00:00:00 ; elapsed = 00:00:00.051 . Memory (MB): peak = 1751.793 ; gain = 0.000
INFO: [Project 1-111] Unisim Transformation Summary:
  A total of 18 instances were transformed.
  IOBUF => IOBUF (IBUF, OBUFT): 3 instances
  RAM32M => RAM32M (RAMD32(x6), RAMS32(x2)): 12 instances
  RAM32X1D => RAM32X1D (RAMD32(x2)): 3 instances

35 Infos, 72 Warnings, 1 Critical Warnings and 0 Errors encountered.
link_design completed successfully
link_design: Time (s): cpu = 00:01:33 ; elapsed = 00:01:43 . Memory (MB): peak = 1751.793 ; gain = 1074.867
Command: opt_design
Attempting to get a license for feature 'Implementation' and/or device 'xc7z020'
INFO: [Common 17-349] Got license for feature 'Implementation' and/or device 'xc7z020'
Running DRC as a precondition to command opt_design

Starting DRC Task
INFO: [DRC 23-27] Running DRC with 2 threads
INFO: [Project 1-461] DRC finished with 0 Errors
INFO: [Project 1-462] Please refer to the DRC report (report_drc) for more information.

Time (s): cpu = 00:00:04 ; elapsed = 00:00:03 . Memory (MB): peak = 1751.793 ; gain = 0.000

Starting Cache Timing Information Task
INFO: [Timing 38-35] Done setting XDC timing constraints.
Ending Cache Timing Information Task | Checksum: 281f63051

Time (s): cpu = 00:00:06 ; elapsed = 00:00:05 . Memory (MB): peak = 1751.793 ; gain = 0.000

Starting Logic Optimization Task

Phase 1 Initialization

Phase 1.1 Core Generation And Design Setup
Phase 1.1 Core Generation And Design Setup | Checksum: 281f63051

Time (s): cpu = 00:00:00 ; elapsed = 00:00:00.108 . Memory (MB): peak = 2197.168 ; gain = 0.000

Phase 1.2 Setup Constraints And Sort Netlist
Phase 1.2 Setup Constraints And Sort Netlist | Checksum: 281f63051

Time (s): cpu = 00:00:00 ; elapsed = 00:00:00.189 . Memory (MB): peak = 2197.168 ; gain = 0.000
Phase 1 Initialization | Checksum: 281f63051

Time (s): cpu = 00:00:00 ; elapsed = 00:00:00.199 . Memory (MB): peak = 2197.168 ; gain = 0.000

Phase 2 Timer Update And Timing Data Collection

Phase 2.1 Detect if minReqCache needed
Phase 2.1 Detect if minReqCache needed | Checksum: 281f63051

Time (s): cpu = 00:00:00 ; elapsed = 00:00:00.265 . Memory (MB): peak = 2198.207 ; gain = 1.039

Phase 2.2 Timer Update
Phase 2.2 Timer Update | Checksum: 281f63051

Time (s): cpu = 00:00:04 ; elapsed = 00:00:03 . Memory (MB): peak = 2198.207 ; gain = 1.039

Phase 2.3 Timing Data Collection
Phase 2.3 Timing Data Collection | Checksum: 281f63051

Time (s): cpu = 00:00:04 ; elapsed = 00:00:03 . Memory (MB): peak = 2198.207 ; gain = 1.039
Phase 2 Timer Update And Timing Data Collection | Checksum: 281f63051

Time (s): cpu = 00:00:04 ; elapsed = 00:00:03 . Memory (MB): peak = 2198.207 ; gain = 1.039

Phase 3 Retarget
INFO: [Opt 31-1851] Number of loadless carry chains removed were: 0
INFO: [Opt 31-1834] Total Chains To Be Transformed Were: 0 AND Number of Transformed insts Created are: 0
INFO: [Opt 31-1566] Pulled 8 inverters resulting in an inversion of 80 pins
INFO: [Opt 31-138] Pushed 12 inverter(s) to 52 load pin(s).
INFO: [Opt 31-49] Retargeted 0 cell(s).
Phase 3 Retarget | Checksum: 1a9368f9a

Time (s): cpu = 00:00:07 ; elapsed = 00:00:06 . Memory (MB): peak = 2198.207 ; gain = 1.039
Retarget | Checksum: 1a9368f9a
INFO: [Opt 31-389] Phase Retarget created 279 cells and removed 935 cells
INFO: [Opt 31-1021] In phase Retarget, 267 netlist objects are constrained preventing optimization. Please run opt_design with -debug_log to get more detail. 

Phase 4 Constant propagation
INFO: [Opt 31-138] Pushed 0 inverter(s) to 0 load pin(s).
Phase 4 Constant propagation | Checksum: 1d0f921d8

Time (s): cpu = 00:00:08 ; elapsed = 00:00:07 . Memory (MB): peak = 2198.207 ; gain = 1.039
Constant propagation | Checksum: 1d0f921d8
INFO: [Opt 31-389] Phase Constant propagation created 68 cells and removed 686 cells
INFO: [Opt 31-1021] In phase Constant propagation, 679 netlist objects are constrained preventing optimization. Please run opt_design with -debug_log to get more detail. 

Phase 5 Sweep
INFO: [Constraints 18-11670] Building netlist checker database with flags, 0x8
Done building netlist checker database: Time (s): cpu = 00:00:00 ; elapsed = 00:00:00.045 . Memory (MB): peak = 2198.207 ; gain = 0.000
INFO: [Constraints 18-11670] Building netlist checker database with flags, 0x8
Done building netlist checker database: Time (s): cpu = 00:00:00 ; elapsed = 00:00:00.047 . Memory (MB): peak = 2198.207 ; gain = 0.000
Phase 5 Sweep | Checksum: 27abee918

Time (s): cpu = 00:00:13 ; elapsed = 00:00:13 . Memory (MB): peak = 2198.207 ; gain = 1.039
Sweep | Checksum: 27abee918
INFO: [Opt 31-389] Phase Sweep created 0 cells and removed 2770 cells
INFO: [Opt 31-1021] In phase Sweep, 613 netlist objects are constrained preventing optimization. Please run opt_design with -debug_log to get more detail. 

Phase 6 BUFG optimization
INFO: [Opt 31-194] Inserted BUFG design_1_i/rgb2dvi_0/U0/ClockGenInternal.ClockGenX/PixelClk_BUFG_inst to drive 8 load(s) on clock net design_1_i/rgb2dvi_0/U0/ClockGenInternal.ClockGenX/PixelClk_BUFG
INFO: [Opt 31-194] Inserted BUFG design_1_i/rgb2dvi_0/U0/ClockGenInternal.ClockGenX/SerialClk_BUFG_inst to drive 8 load(s) on clock net design_1_i/rgb2dvi_0/U0/ClockGenInternal.ClockGenX/SerialClk_BUFG
INFO: [Opt 31-193] Inserted 2 BUFG(s) on clock nets
Phase 6 BUFG optimization | Checksum: 20c304958

Time (s): cpu = 00:00:14 ; elapsed = 00:00:14 . Memory (MB): peak = 2198.207 ; gain = 1.039
BUFG optimization | Checksum: 20c304958
INFO: [Opt 31-662] Phase BUFG optimization created 2 cells of which 2 are BUFGs and removed 0 cells.

Phase 7 Shift Register Optimization
INFO: [Opt 31-1064] SRL Remap converted 0 SRLs to 0 registers and converted 0 registers of register chains to 0 SRLs
Phase 7 Shift Register Optimization | Checksum: 20c304958

Time (s): cpu = 00:00:15 ; elapsed = 00:00:14 . Memory (MB): peak = 2198.207 ; gain = 1.039
Shift Register Optimization | Checksum: 20c304958
INFO: [Opt 31-389] Phase Shift Register Optimization created 0 cells and removed 0 cells

Phase 8 Post Processing Netlist
Phase 8 Post Processing Netlist | Checksum: 21fcf07ee

Time (s): cpu = 00:00:15 ; elapsed = 00:00:14 . Memory (MB): peak = 2198.207 ; gain = 1.039
Post Processing Netlist | Checksum: 21fcf07ee
INFO: [Opt 31-389] Phase Post Processing Netlist created 0 cells and removed 0 cells
INFO: [Opt 31-1021] In phase Post Processing Netlist, 249 netlist objects are constrained preventing optimization. Please run opt_design with -debug_log to get more detail. 

Phase 9 Finalization

Phase 9.1 Finalizing Design Cores and Updating Shapes
Phase 9.1 Finalizing Design Cores and Updating Shapes | Checksum: 1cca5ca3f

Time (s): cpu = 00:00:17 ; elapsed = 00:00:17 . Memory (MB): peak = 2198.207 ; gain = 1.039

Phase 9.2 Verifying Netlist Connectivity

Starting Connectivity Check Task

Time (s): cpu = 00:00:00 ; elapsed = 00:00:00.143 . Memory (MB): peak = 2198.207 ; gain = 0.000
Phase 9.2 Verifying Netlist Connectivity | Checksum: 1cca5ca3f

Time (s): cpu = 00:00:17 ; elapsed = 00:00:17 . Memory (MB): peak = 2198.207 ; gain = 1.039
Phase 9 Finalization | Checksum: 1cca5ca3f

Time (s): cpu = 00:00:17 ; elapsed = 00:00:17 . Memory (MB): peak = 2198.207 ; gain = 1.039
Opt_design Change Summary
=========================


-------------------------------------------------------------------------------------------------------------------------
|  Phase                        |  #Cells created  |  #Cells Removed  |  #Constrained objects preventing optimizations  |
-------------------------------------------------------------------------------------------------------------------------
|  Retarget                     |             279  |             935  |                                            267  |
|  Constant propagation         |              68  |             686  |                                            679  |
|  Sweep                        |               0  |            2770  |                                            613  |
|  BUFG optimization            |               2  |               0  |                                              0  |
|  Shift Register Optimization  |               0  |               0  |                                              0  |
|  Post Processing Netlist      |               0  |               0  |                                            249  |
-------------------------------------------------------------------------------------------------------------------------


Ending Logic Optimization Task | Checksum: 1cca5ca3f

Time (s): cpu = 00:00:17 ; elapsed = 00:00:17 . Memory (MB): peak = 2198.207 ; gain = 1.039

Starting Power Optimization Task
INFO: [Pwropt 34-132] Skipping clock gating for clocks with a period < 2.00 ns.
INFO: [Pwropt 34-9] Applying IDT optimizations ...
INFO: [Pwropt 34-10] Applying ODC optimizations ...
INFO: [Timing 38-35] Done setting XDC timing constraints.
Running Vector-less Activity Propagation...

Finished Running Vector-less Activity Propagation


Starting PowerOpt Patch Enables Task
INFO: [Pwropt 34-162] WRITE_MODE attribute of 0 BRAM(s) out of a total of 38 has been updated to save power. Run report_power_opt to get a complete listing of the BRAMs updated.
INFO: [Pwropt 34-201] Structural ODC has moved 2 WE to EN ports
Number of BRAM Ports augmented: 29 newly gated: 3 Total Ports: 76
Number of Flops added for Enable Generation: 3

Ending PowerOpt Patch Enables Task | Checksum: 17bd82e1b

Time (s): cpu = 00:00:01 ; elapsed = 00:00:00.949 . Memory (MB): peak = 2324.531 ; gain = 0.000
Ending Power Optimization Task | Checksum: 17bd82e1b

Time (s): cpu = 00:00:36 ; elapsed = 00:00:25 . Memory (MB): peak = 2324.531 ; gain = 126.324

Starting Final Cleanup Task

Starting Logic Optimization Task
INFO: [Timing 38-35] Done setting XDC timing constraints.
Ending Logic Optimization Task | Checksum: 1de4bb9e0

Time (s): cpu = 00:00:11 ; elapsed = 00:00:08 . Memory (MB): peak = 2324.531 ; gain = 0.000
Ending Final Cleanup Task | Checksum: 1de4bb9e0

Time (s): cpu = 00:00:20 ; elapsed = 00:00:18 . Memory (MB): peak = 2324.531 ; gain = 0.000
Netlist sorting complete. Time (s): cpu = 00:00:00 ; elapsed = 00:00:00.040 . Memory (MB): peak = 2324.531 ; gain = 0.000
INFO: [Common 17-83] Releasing license: Implementation
70 Infos, 72 Warnings, 1 Critical Warnings and 0 Errors encountered.
opt_design completed successfully
opt_design: Time (s): cpu = 00:01:33 ; elapsed = 00:01:18 . Memory (MB): peak = 2324.531 ; gain = 572.738
INFO: [Vivado 12-24828] Executing command : report_drc -file design_1_wrapper_drc_opted.rpt -pb design_1_wrapper_drc_opted.pb -rpx design_1_wrapper_drc_opted.rpx
Command: report_drc -file design_1_wrapper_drc_opted.rpt -pb design_1_wrapper_drc_opted.pb -rpx design_1_wrapper_drc_opted.rpx
INFO: [IP_Flow 19-1839] IP Catalog is up to date.
INFO: [DRC 23-27] Running DRC with 2 threads
INFO: [Vivado_Tcl 2-168] The results of DRC are in file V:/zybo_z7_imx219/zybo_z7_imx219.runs/impl_1/design_1_wrapper_drc_opted.rpt.
report_drc completed successfully
report_drc: Time (s): cpu = 00:00:15 ; elapsed = 00:00:12 . Memory (MB): peak = 2324.531 ; gain = 0.000
generate_parallel_reports: Time (s): cpu = 00:00:15 ; elapsed = 00:00:12 . Memory (MB): peak = 2324.531 ; gain = 0.000
INFO: [Timing 38-480] Writing timing data to binary archive.
Wrote PlaceDB: Time (s): cpu = 00:00:00 ; elapsed = 00:00:00.001 . Memory (MB): peak = 2324.531 ; gain = 0.000
Wrote PulsedLatchDB: Time (s): cpu = 00:00:00 ; elapsed = 00:00:00 . Memory (MB): peak = 2324.531 ; gain = 0.000
Writing XDEF routing.
Writing XDEF routing logical nets.
Write ShapeDB Complete: Time (s): cpu = 00:00:01 ; elapsed = 00:00:00.174 . Memory (MB): peak = 2324.531 ; gain = 0.000
Writing XDEF routing special nets.
Wrote RouteStorage: Time (s): cpu = 00:00:00 ; elapsed = 00:00:00.173 . Memory (MB): peak = 2324.531 ; gain = 0.000
Wrote PlaceStorage: Time (s): cpu = 00:00:00 ; elapsed = 00:00:00.053 . Memory (MB): peak = 2324.531 ; gain = 0.000
Wrote Netlist Cache: Time (s): cpu = 00:00:00 ; elapsed = 00:00:00.005 . Memory (MB): peak = 2324.531 ; gain = 0.000
Wrote Device Cache: Time (s): cpu = 00:00:01 ; elapsed = 00:00:00.050 . Memory (MB): peak = 2324.531 ; gain = 0.000
Write Physdb Complete: Time (s): cpu = 00:00:02 ; elapsed = 00:00:00.363 . Memory (MB): peak = 2324.531 ; gain = 0.000
INFO: [Common 17-1381] The checkpoint 'V:/zybo_z7_imx219/zybo_z7_imx219.runs/impl_1/design_1_wrapper_opt.dcp' has been generated.
write_checkpoint: Time (s): cpu = 00:00:12 ; elapsed = 00:00:11 . Memory (MB): peak = 2324.531 ; gain = 0.000
Command: place_design
Attempting to get a license for feature 'Implementation' and/or device 'xc7z020'
INFO: [Common 17-349] Got license for feature 'Implementation' and/or device 'xc7z020'
INFO: [Common 17-83] Releasing license: Implementation
INFO: [DRC 23-27] Running DRC with 2 threads
INFO: [Vivado_Tcl 4-198] DRC finished with 0 Errors
INFO: [Vivado_Tcl 4-199] Please refer to the DRC report (report_drc) for more information.
INFO: [Timing 38-35] Done setting XDC timing constraints.
Running DRC as a precondition to command place_design
INFO: [DRC 23-27] Running DRC with 2 threads
INFO: [Vivado_Tcl 4-198] DRC finished with 0 Errors, 12 Warnings
INFO: [Vivado_Tcl 4-199] Please refer to the DRC report (report_drc) for more information.
INFO: [Place 30-611] Multithreading enabled for place_design using a maximum of 2 CPUs

Starting Placer Task

Phase 1 Placer Initialization

Phase 1.1 Placer Initialization Netlist Sorting
Netlist sorting complete. Time (s): cpu = 00:00:00 ; elapsed = 00:00:00.045 . Memory (MB): peak = 2324.531 ; gain = 0.000
Phase 1.1 Placer Initialization Netlist Sorting | Checksum: 1d793c4c8

Time (s): cpu = 00:00:00 ; elapsed = 00:00:00.061 . Memory (MB): peak = 2324.531 ; gain = 0.000
Netlist sorting complete. Time (s): cpu = 00:00:00 ; elapsed = 00:00:00.042 . Memory (MB): peak = 2324.531 ; gain = 0.000

Phase 1.2 IO Placement/ Clock Placement/ Build Placer Device
Phase 1.2 IO Placement/ Clock Placement/ Build Placer Device | Checksum: e3341ec7

Time (s): cpu = 00:00:07 ; elapsed = 00:00:06 . Memory (MB): peak = 2324.531 ; gain = 0.000

Phase 1.3 Build Placer Netlist Model
Phase 1.3 Build Placer Netlist Model | Checksum: d1bc34e0

Time (s): cpu = 00:00:34 ; elapsed = 00:00:25 . Memory (MB): peak = 2324.531 ; gain = 0.000

Phase 1.4 Constrain Clocks/Macros
Phase 1.4 Constrain Clocks/Macros | Checksum: d1bc34e0

Time (s): cpu = 00:00:34 ; elapsed = 00:00:25 . Memory (MB): peak = 2324.531 ; gain = 0.000
Phase 1 Placer Initialization | Checksum: d1bc34e0

Time (s): cpu = 00:00:35 ; elapsed = 00:00:25 . Memory (MB): peak = 2324.531 ; gain = 0.000

Phase 2 Global Placement

Phase 2.1 Floorplanning
Phase 2.1 Floorplanning | Checksum: bd712198

Time (s): cpu = 00:00:47 ; elapsed = 00:00:33 . Memory (MB): peak = 2324.531 ; gain = 0.000

Phase 2.2 Update Timing before SLR Path Opt
Phase 2.2 Update Timing before SLR Path Opt | Checksum: 1441bfe2b

Time (s): cpu = 00:00:58 ; elapsed = 00:00:40 . Memory (MB): peak = 2324.531 ; gain = 0.000

Phase 2.3 Post-Processing in Floorplanning
Phase 2.3 Post-Processing in Floorplanning | Checksum: 1441bfe2b

Time (s): cpu = 00:00:58 ; elapsed = 00:00:40 . Memory (MB): peak = 2324.531 ; gain = 0.000

Phase 2.4 Global Place Phase1
Phase 2.4 Global Place Phase1 | Checksum: 55c8862d

Time (s): cpu = 00:02:18 ; elapsed = 00:01:31 . Memory (MB): peak = 2324.531 ; gain = 0.000

Phase 2.5 Global Place Phase2

Phase 2.5.1 UpdateTiming Before Physical Synthesis
Phase 2.5.1 UpdateTiming Before Physical Synthesis | Checksum: 3cae6069

Time (s): cpu = 00:02:31 ; elapsed = 00:01:38 . Memory (MB): peak = 2324.531 ; gain = 0.000

Phase 2.5.2 Physical Synthesis In Placer
INFO: [Physopt 32-1035] Found 0 LUTNM shape to break, 1023 LUT instances to create LUTNM shape
INFO: [Physopt 32-1044] Break lutnm for timing: one critical 0, two critical 0, total 0, new lutff created 0
INFO: [Physopt 32-1138] End 1 Pass. Optimized 424 nets or LUTs. Breaked 0 LUT, combined 424 existing LUTs and moved 0 existing LUT
INFO: [Physopt 32-65] No nets found for high-fanout optimization.
INFO: [Physopt 32-232] Optimized 0 net. Created 0 new instance.
INFO: [Physopt 32-775] End 1 Pass. Optimized 0 net or cell. Created 0 new cell, deleted 0 existing cell and moved 0 existing cell
INFO: [Physopt 32-456] No candidate cells for DSP register optimization found in the design.
INFO: [Physopt 32-775] End 2 Pass. Optimized 0 net or cell. Created 0 new cell, deleted 0 existing cell and moved 0 existing cell
INFO: [Physopt 32-1123] No candidate cells found for Shift Register to Pipeline optimization
INFO: [Physopt 32-775] End 2 Pass. Optimized 0 net or cell. Created 0 new cell, deleted 0 existing cell and moved 0 existing cell
INFO: [Physopt 32-1401] No candidate cells found for Shift Register optimization.
INFO: [Physopt 32-677] No candidate cells for Shift Register optimization found in the design
INFO: [Physopt 32-775] End 1 Pass. Optimized 0 net or cell. Created 0 new cell, deleted 0 existing cell and moved 0 existing cell
INFO: [Physopt 32-526] No candidate cells for BRAM register optimization found in the design
INFO: [Physopt 32-775] End 1 Pass. Optimized 0 net or cell. Created 0 new cell, deleted 0 existing cell and moved 0 existing cell
INFO: [Physopt 32-846] No candidate cells for URAM register optimization found in the design
INFO: [Physopt 32-775] End 1 Pass. Optimized 0 net or cell. Created 0 new cell, deleted 0 existing cell and moved 0 existing cell
INFO: [Physopt 32-846] No candidate cells for URAM register optimization found in the design
INFO: [Physopt 32-775] End 1 Pass. Optimized 0 net or cell. Created 0 new cell, deleted 0 existing cell and moved 0 existing cell
INFO: [Physopt 32-949] No candidate nets found for dynamic/static region interface net replication
INFO: [Physopt 32-775] End 1 Pass. Optimized 0 net or cell. Created 0 new cell, deleted 0 existing cell and moved 0 existing cell
Netlist sorting complete. Time (s): cpu = 00:00:00 ; elapsed = 00:00:00.044 . Memory (MB): peak = 2324.531 ; gain = 0.000

Summary of Physical Synthesis Optimizations
============================================


-----------------------------------------------------------------------------------------------------------------------------------------------------------
|  Optimization                                     |  Added Cells  |  Removed Cells  |  Optimized Cells/Nets  |  Dont Touch  |  Iterations  |  Elapsed   |
-----------------------------------------------------------------------------------------------------------------------------------------------------------
|  LUT Combining                                    |            0  |            424  |                   424  |           0  |           1  |  00:00:02  |
|  Retime                                           |            0  |              0  |                     0  |           0  |           1  |  00:00:00  |
|  Very High Fanout                                 |            0  |              0  |                     0  |           0  |           1  |  00:00:00  |
|  DSP Register                                     |            0  |              0  |                     0  |           0  |           1  |  00:00:00  |
|  Shift Register to Pipeline                       |            0  |              0  |                     0  |           0  |           1  |  00:00:00  |
|  Shift Register                                   |            0  |              0  |                     0  |           0  |           1  |  00:00:00  |
|  BRAM Register                                    |            0  |              0  |                     0  |           0  |           1  |  00:00:00  |
|  URAM Register                                    |            0  |              0  |                     0  |           0  |           1  |  00:00:00  |
|  Dynamic/Static Region Interface Net Replication  |            0  |              0  |                     0  |           0  |           1  |  00:00:00  |
|  Total                                            |            0  |            424  |                   424  |           0  |           9  |  00:00:03  |
-----------------------------------------------------------------------------------------------------------------------------------------------------------


Phase 2.5.2 Physical Synthesis In Placer | Checksum: 9d3c79b7

Time (s): cpu = 00:02:46 ; elapsed = 00:01:50 . Memory (MB): peak = 2324.531 ; gain = 0.000
Phase 2.5 Global Place Phase2 | Checksum: 184c0266b

Time (s): cpu = 00:02:49 ; elapsed = 00:01:53 . Memory (MB): peak = 2324.531 ; gain = 0.000
Phase 2 Global Placement | Checksum: 184c0266b

Time (s): cpu = 00:02:49 ; elapsed = 00:01:53 . Memory (MB): peak = 2324.531 ; gain = 0.000

Phase 3 Detail Placement

Phase 3.1 Commit Multi Column Macros
Phase 3.1 Commit Multi Column Macros | Checksum: 1221b3032

Time (s): cpu = 00:03:01 ; elapsed = 00:02:00 . Memory (MB): peak = 2324.531 ; gain = 0.000

Phase 3.2 Commit Most Macros & LUTRAMs
Phase 3.2 Commit Most Macros & LUTRAMs | Checksum: 187c7bc8a

Time (s): cpu = 00:03:23 ; elapsed = 00:02:14 . Memory (MB): peak = 2324.531 ; gain = 0.000

Phase 3.3 Area Swap Optimization
Phase 3.3 Area Swap Optimization | Checksum: 1373f57fb

Time (s): cpu = 00:03:23 ; elapsed = 00:02:15 . Memory (MB): peak = 2324.531 ; gain = 0.000

Phase 3.4 Pipeline Register Optimization
Phase 3.4 Pipeline Register Optimization | Checksum: 1a3451a56

Time (s): cpu = 00:03:23 ; elapsed = 00:02:15 . Memory (MB): peak = 2324.531 ; gain = 0.000

Phase 3.5 Fast Optimization
Phase 3.5 Fast Optimization | Checksum: 1dba6b2e0

Time (s): cpu = 00:03:45 ; elapsed = 00:02:27 . Memory (MB): peak = 2324.531 ; gain = 0.000

Phase 3.6 Small Shape Detail Placement
Phase 3.6 Small Shape Detail Placement | Checksum: 16ae76257

Time (s): cpu = 00:04:15 ; elapsed = 00:03:02 . Memory (MB): peak = 2324.531 ; gain = 0.000

Phase 3.7 Re-assign LUT pins
Phase 3.7 Re-assign LUT pins | Checksum: 21bcdfe6e

Time (s): cpu = 00:04:22 ; elapsed = 00:03:09 . Memory (MB): peak = 2324.531 ; gain = 0.000

Phase 3.8 Pipeline Register Optimization
Phase 3.8 Pipeline Register Optimization | Checksum: 188a2cc05

Time (s): cpu = 00:04:23 ; elapsed = 00:03:10 . Memory (MB): peak = 2324.531 ; gain = 0.000

Phase 3.9 Fast Optimization
Phase 3.9 Fast Optimization | Checksum: 199c65625

Time (s): cpu = 00:04:51 ; elapsed = 00:03:25 . Memory (MB): peak = 2324.531 ; gain = 0.000
Phase 3 Detail Placement | Checksum: 199c65625

Time (s): cpu = 00:04:51 ; elapsed = 00:03:25 . Memory (MB): peak = 2324.531 ; gain = 0.000

Phase 4 Post Placement Optimization and Clean-Up

Phase 4.1 Post Commit Optimization
INFO: [Timing 38-35] Done setting XDC timing constraints.

Phase 4.1.1 Post Placement Optimization
Post Placement Optimization Initialization | Checksum: 18eb0baeb

Phase 4.1.1.1 BUFG Insertion

Starting Physical Synthesis Task

Phase 1 Physical Synthesis Initialization
INFO: [Physopt 32-721] Multithreading enabled for phys_opt_design using a maximum of 2 CPUs
INFO: [Physopt 32-619] Estimated Timing Summary | WNS=-0.039 | TNS=-0.039 |
Phase 1 Physical Synthesis Initialization | Checksum: ca81c272

Time (s): cpu = 00:00:05 ; elapsed = 00:00:03 . Memory (MB): peak = 2324.531 ; gain = 0.000
INFO: [Place 46-56] BUFG insertion identified 0 candidate nets. Inserted BUFG: 0, Replicated BUFG Driver: 0, Skipped due to Placement/Routing Conflicts: 0, Skipped due to Timing Degradation: 0, Skipped due to netlist editing failed: 0.
Ending Physical Synthesis Task | Checksum: 11f5112fa

Time (s): cpu = 00:00:05 ; elapsed = 00:00:04 . Memory (MB): peak = 2324.531 ; gain = 0.000
Phase 4.1.1.1 BUFG Insertion | Checksum: 18eb0baeb

Time (s): cpu = 00:05:26 ; elapsed = 00:03:49 . Memory (MB): peak = 2324.531 ; gain = 0.000

Phase 4.1.1.2 Post Placement Timing Optimization
INFO: [Place 30-746] Post Placement Timing Summary WNS=0.510. For the most accurate timing information please run report_timing.
Phase 4.1.1.2 Post Placement Timing Optimization | Checksum: 15017631a

Time (s): cpu = 00:05:38 ; elapsed = 00:04:03 . Memory (MB): peak = 2324.531 ; gain = 0.000

Time (s): cpu = 00:05:38 ; elapsed = 00:04:03 . Memory (MB): peak = 2324.531 ; gain = 0.000
Phase 4.1 Post Commit Optimization | Checksum: 15017631a

Time (s): cpu = 00:05:38 ; elapsed = 00:04:04 . Memory (MB): peak = 2324.531 ; gain = 0.000

Phase 4.2 Post Placement Cleanup
Phase 4.2 Post Placement Cleanup | Checksum: 15017631a

Time (s): cpu = 00:05:39 ; elapsed = 00:04:04 . Memory (MB): peak = 2324.531 ; gain = 0.000

Phase 4.3 Placer Reporting

Phase 4.3.1 Print Estimated Congestion
INFO: [Place 30-612] Post-Placement Estimated Congestion 
 ____________________________________________________
|           | Global Congestion | Short Congestion  |
| Direction | Region Size       | Region Size       |
|___________|___________________|___________________|
|      North|                1x1|                2x2|
|___________|___________________|___________________|
|      South|                1x1|                2x2|
|___________|___________________|___________________|
|       East|                1x1|                2x2|
|___________|___________________|___________________|
|       West|                1x1|                1x1|
|___________|___________________|___________________|

Phase 4.3.1 Print Estimated Congestion | Checksum: 15017631a

Time (s): cpu = 00:05:39 ; elapsed = 00:04:05 . Memory (MB): peak = 2324.531 ; gain = 0.000
Phase 4.3 Placer Reporting | Checksum: 15017631a

Time (s): cpu = 00:05:40 ; elapsed = 00:04:05 . Memory (MB): peak = 2324.531 ; gain = 0.000

Phase 4.4 Final Placement Cleanup
Netlist sorting complete. Time (s): cpu = 00:00:00 ; elapsed = 00:00:00.069 . Memory (MB): peak = 2324.531 ; gain = 0.000

Time (s): cpu = 00:05:40 ; elapsed = 00:04:05 . Memory (MB): peak = 2324.531 ; gain = 0.000
Phase 4 Post Placement Optimization and Clean-Up | Checksum: 180cdb0e2

Time (s): cpu = 00:05:40 ; elapsed = 00:04:05 . Memory (MB): peak = 2324.531 ; gain = 0.000
Ending Placer Task | Checksum: 10b6a9460

Time (s): cpu = 00:05:41 ; elapsed = 00:04:06 . Memory (MB): peak = 2324.531 ; gain = 0.000
113 Infos, 72 Warnings, 1 Critical Warnings and 0 Errors encountered.
place_design completed successfully
place_design: Time (s): cpu = 00:05:56 ; elapsed = 00:04:18 . Memory (MB): peak = 2324.531 ; gain = 0.000
INFO: [Vivado 12-24838] Running report commands "report_control_sets, report_io, report_utilization" in parallel.
Running report generation with 2 threads.
INFO: [Vivado 12-24828] Executing command : report_io -file design_1_wrapper_io_placed.rpt
report_io: Time (s): cpu = 00:00:01 ; elapsed = 00:00:00.655 . Memory (MB): peak = 2324.531 ; gain = 0.000
INFO: [Vivado 12-24828] Executing command : report_control_sets -verbose -file design_1_wrapper_control_sets_placed.rpt
report_control_sets: Time (s): cpu = 00:00:01 ; elapsed = 00:00:00.504 . Memory (MB): peak = 2324.531 ; gain = 0.000
INFO: [Vivado 12-24828] Executing command : report_utilization -file design_1_wrapper_utilization_placed.rpt -pb design_1_wrapper_utilization_placed.pb
INFO: [Timing 38-480] Writing timing data to binary archive.
Wrote PlaceDB: Time (s): cpu = 00:00:00 ; elapsed = 00:00:00.002 . Memory (MB): peak = 2324.531 ; gain = 0.000
Wrote PulsedLatchDB: Time (s): cpu = 00:00:00 ; elapsed = 00:00:00.001 . Memory (MB): peak = 2324.531 ; gain = 0.000
Writing XDEF routing.
Writing XDEF routing logical nets.
Writing XDEF routing special nets.
Wrote RouteStorage: Time (s): cpu = 00:00:01 ; elapsed = 00:00:00.205 . Memory (MB): peak = 2324.531 ; gain = 0.000
Write ShapeDB Complete: Time (s): cpu = 00:00:01 ; elapsed = 00:00:00.410 . Memory (MB): peak = 2324.531 ; gain = 0.000
Wrote PlaceStorage: Time (s): cpu = 00:00:16 ; elapsed = 00:00:11 . Memory (MB): peak = 2324.531 ; gain = 0.000
Wrote Netlist Cache: Time (s): cpu = 00:00:00 ; elapsed = 00:00:00.222 . Memory (MB): peak = 2324.531 ; gain = 0.000
Wrote Device Cache: Time (s): cpu = 00:00:00 ; elapsed = 00:00:00.121 . Memory (MB): peak = 2324.531 ; gain = 0.000
Write Physdb Complete: Time (s): cpu = 00:00:17 ; elapsed = 00:00:12 . Memory (MB): peak = 2324.531 ; gain = 0.000
INFO: [Common 17-1381] The checkpoint 'V:/zybo_z7_imx219/zybo_z7_imx219.runs/impl_1/design_1_wrapper_placed.dcp' has been generated.
write_checkpoint: Time (s): cpu = 00:00:21 ; elapsed = 00:00:18 . Memory (MB): peak = 2324.531 ; gain = 0.000
Command: phys_opt_design
Attempting to get a license for feature 'Implementation' and/or device 'xc7z020'
INFO: [Common 17-349] Got license for feature 'Implementation' and/or device 'xc7z020'

Starting Initial Update Timing Task

Time (s): cpu = 00:00:30 ; elapsed = 00:00:20 . Memory (MB): peak = 2324.531 ; gain = 0.000
INFO: [Vivado_Tcl 4-2279] Estimated Timing Summary | WNS= 0.510 | TNS= 0.000 | 
INFO: [Vivado_Tcl 4-383] Design worst setup slack (WNS) is greater than or equal to 0.000 ns. All physical synthesis setup optimizations will be skipped.
INFO: [Vivado_Tcl 4-232] No setup violation found. The netlist was not modified.
INFO: [Common 17-83] Releasing license: Implementation
124 Infos, 72 Warnings, 1 Critical Warnings and 0 Errors encountered.
phys_opt_design completed successfully
phys_opt_design: Time (s): cpu = 00:00:30 ; elapsed = 00:00:21 . Memory (MB): peak = 2324.531 ; gain = 0.000
Wrote PlaceDB: Time (s): cpu = 00:00:00 ; elapsed = 00:00:00.001 . Memory (MB): peak = 2324.531 ; gain = 0.000
INFO: [Timing 38-480] Writing timing data to binary archive.
Wrote PulsedLatchDB: Time (s): cpu = 00:00:00 ; elapsed = 00:00:00.001 . Memory (MB): peak = 2324.531 ; gain = 0.000
Writing XDEF routing.
Writing XDEF routing logical nets.
Writing XDEF routing special nets.
Wrote RouteStorage: Time (s): cpu = 00:00:01 ; elapsed = 00:00:00.198 . Memory (MB): peak = 2324.531 ; gain = 0.000
Write ShapeDB Complete: Time (s): cpu = 00:00:01 ; elapsed = 00:00:00.379 . Memory (MB): peak = 2324.531 ; gain = 0.000
Wrote PlaceStorage: Time (s): cpu = 00:00:14 ; elapsed = 00:00:06 . Memory (MB): peak = 2324.531 ; gain = 0.000
Wrote Netlist Cache: Time (s): cpu = 00:00:00 ; elapsed = 00:00:00.156 . Memory (MB): peak = 2324.531 ; gain = 0.000
Wrote Device Cache: Time (s): cpu = 00:00:01 ; elapsed = 00:00:00.052 . Memory (MB): peak = 2324.531 ; gain = 0.000
Write Physdb Complete: Time (s): cpu = 00:00:16 ; elapsed = 00:00:07 . Memory (MB): peak = 2324.531 ; gain = 0.000
INFO: [Common 17-1381] The checkpoint 'V:/zybo_z7_imx219/zybo_z7_imx219.runs/impl_1/design_1_wrapper_physopt.dcp' has been generated.
write_checkpoint: Time (s): cpu = 00:00:20 ; elapsed = 00:00:13 . Memory (MB): peak = 2324.531 ; gain = 0.000
Command: route_design
Attempting to get a license for feature 'Implementation' and/or device 'xc7z020'
INFO: [Common 17-349] Got license for feature 'Implementation' and/or device 'xc7z020'


Starting Routing Task
INFO: [Route 35-254] Multithreading enabled for route_design using a maximum of 2 CPUs

Phase 1 Build RT Design
Checksum: PlaceDB: a94ffac2 ConstDB: 0 ShapeSum: 4c2126ae RouteDB: 15f972f0
Post Restoration Checksum: NetGraph: a887cef1 | NumContArr: 8271c9e7 | Constraints: c2a8fa9d | Timing: c2a8fa9d
Phase 1 Build RT Design | Checksum: 2b04b8e12

Time (s): cpu = 00:02:04 ; elapsed = 00:01:47 . Memory (MB): peak = 2324.531 ; gain = 0.000

Phase 2 Router Initialization

Phase 2.1 Fix Topology Constraints
Phase 2.1 Fix Topology Constraints | Checksum: 2b04b8e12

Time (s): cpu = 00:02:05 ; elapsed = 00:01:48 . Memory (MB): peak = 2324.531 ; gain = 0.000

Phase 2.2 Pre Route Cleanup
Phase 2.2 Pre Route Cleanup | Checksum: 2b04b8e12

Time (s): cpu = 00:02:05 ; elapsed = 00:01:48 . Memory (MB): peak = 2324.531 ; gain = 0.000
 Number of Nodes with overlaps = 0

Phase 2.3 Update Timing
Phase 2.3 Update Timing | Checksum: 257db0bf8

Time (s): cpu = 00:02:52 ; elapsed = 00:02:18 . Memory (MB): peak = 2351.457 ; gain = 26.926
INFO: [Route 35-416] Intermediate Timing Summary | WNS=0.525  | TNS=0.000  | WHS=-2.302 | THS=-463.195|


Phase 2.4 Update Timing for Bus Skew

Phase 2.4.1 Update Timing
Phase 2.4.1 Update Timing | Checksum: 2358a9b6b

Time (s): cpu = 00:03:27 ; elapsed = 00:02:41 . Memory (MB): peak = 2351.457 ; gain = 26.926
INFO: [Route 35-416] Intermediate Timing Summary | WNS=0.525  | TNS=0.000  | WHS=-3.389 | THS=-117.041|

Phase 2.4 Update Timing for Bus Skew | Checksum: 2358e209f

Time (s): cpu = 00:03:28 ; elapsed = 00:02:42 . Memory (MB): peak = 2351.457 ; gain = 26.926

Phase 2.5 Soft Constraint Pins - Fast Budgeting
Phase 2.5 Soft Constraint Pins - Fast Budgeting | Checksum: 2358e209f

Time (s): cpu = 00:03:28 ; elapsed = 00:02:42 . Memory (MB): peak = 2376.559 ; gain = 52.027

Router Utilization Summary
  Global Vertical Routing Utilization    = 0 %
  Global Horizontal Routing Utilization  = 0 %
  Routable Net Status*
  *Does not include unroutable nets such as driverless and loadless.
  Run report_route_status for detailed report.
  Number of Failed Nets               = 25347
    (Failed Nets is the sum of unrouted and partially routed nets)
  Number of Unrouted Nets             = 25347
  Number of Partially Routed Nets     = 0
  Number of Node Overlaps             = 0

Phase 2 Router Initialization | Checksum: 2126c9b66

Time (s): cpu = 00:03:30 ; elapsed = 00:02:43 . Memory (MB): peak = 2376.559 ; gain = 52.027

Phase 3 Global Routing
Phase 3 Global Routing | Checksum: 2126c9b66

Time (s): cpu = 00:03:30 ; elapsed = 00:02:43 . Memory (MB): peak = 2376.559 ; gain = 52.027

Phase 4 Initial Routing

Phase 4.1 Initial Net Routing Pass
Phase 4.1 Initial Net Routing Pass | Checksum: 2b6ecc85f

Time (s): cpu = 00:03:48 ; elapsed = 00:02:53 . Memory (MB): peak = 2376.559 ; gain = 52.027
Phase 4 Initial Routing | Checksum: 2b6ecc85f

Time (s): cpu = 00:03:48 ; elapsed = 00:02:53 . Memory (MB): peak = 2376.559 ; gain = 52.027
INFO: [Route 35-580] Design has 27 pins with tight setup and hold constraints.

The top 5 pins with tight setup and hold constraints:

+==================================+==================================+=============================================================================+
| Launch Setup Clock               | Launch Hold Clock                | Pin                                                                         |
+==================================+==================================+=============================================================================+
| clk_out1_design_1_clk_wiz_hdmi_0 | clk_out1_design_1_clk_wiz_hdmi_0 | design_1_i/rgb2dvi_0/U0/DataEncoders[0].DataSerializer/SerializerSlave/RST  |
| clk_out1_design_1_clk_wiz_hdmi_0 | clk_out1_design_1_clk_wiz_hdmi_0 | design_1_i/rgb2dvi_0/U0/DataEncoders[2].DataSerializer/SerializerSlave/RST  |
| clk_out1_design_1_clk_wiz_hdmi_0 | clk_out1_design_1_clk_wiz_hdmi_0 | design_1_i/rgb2dvi_0/U0/DataEncoders[0].DataSerializer/SerializerMaster/RST |
| clk_out1_design_1_clk_wiz_hdmi_0 | clk_out1_design_1_clk_wiz_hdmi_0 | design_1_i/rgb2dvi_0/U0/DataEncoders[2].DataSerializer/SerializerMaster/RST |
| clk_out1_design_1_clk_wiz_hdmi_0 | clk_out1_design_1_clk_wiz_hdmi_0 | design_1_i/rgb2dvi_0/U0/DataEncoders[1].DataSerializer/SerializerSlave/RST  |
+----------------------------------+----------------------------------+-----------------------------------------------------------------------------+

File with complete list of pins: tight_setup_hold_pins.txt


Phase 5 Rip-up And Reroute

Phase 5.1 Global Iteration 0
 Number of Nodes with overlaps = 2024
 Number of Nodes with overlaps = 176
 Number of Nodes with overlaps = 53
 Number of Nodes with overlaps = 22
 Number of Nodes with overlaps = 9
 Number of Nodes with overlaps = 8
 Number of Nodes with overlaps = 2
 Number of Nodes with overlaps = 0
INFO: [Route 35-416] Intermediate Timing Summary | WNS=0.479  | TNS=0.000  | WHS=N/A    | THS=N/A    |

Phase 5.1 Global Iteration 0 | Checksum: 164c09b5b

Time (s): cpu = 00:04:38 ; elapsed = 00:03:33 . Memory (MB): peak = 2376.559 ; gain = 52.027

Phase 5.2 Global Iteration 1
 Number of Nodes with overlaps = 3
 Number of Nodes with overlaps = 0
INFO: [Route 35-416] Intermediate Timing Summary | WNS=0.479  | TNS=0.000  | WHS=N/A    | THS=N/A    |

Phase 5.2 Global Iteration 1 | Checksum: 276d8114d

Time (s): cpu = 00:04:40 ; elapsed = 00:03:34 . Memory (MB): peak = 2376.559 ; gain = 52.027
Phase 5 Rip-up And Reroute | Checksum: 276d8114d

Time (s): cpu = 00:04:40 ; elapsed = 00:03:35 . Memory (MB): peak = 2376.559 ; gain = 52.027

Phase 6 Delay and Skew Optimization

Phase 6.1 Delay CleanUp

Phase 6.1.1 Update Timing
Phase 6.1.1 Update Timing | Checksum: 2665bd537

Time (s): cpu = 00:04:45 ; elapsed = 00:03:37 . Memory (MB): peak = 2376.559 ; gain = 52.027
INFO: [Route 35-416] Intermediate Timing Summary | WNS=0.600  | TNS=0.000  | WHS=N/A    | THS=N/A    |

Phase 6.1 Delay CleanUp | Checksum: 221b4ce3c

Time (s): cpu = 00:04:45 ; elapsed = 00:03:38 . Memory (MB): peak = 2376.559 ; gain = 52.027

Phase 6.2 Clock Skew Optimization
Phase 6.2 Clock Skew Optimization | Checksum: 221b4ce3c

Time (s): cpu = 00:04:45 ; elapsed = 00:03:38 . Memory (MB): peak = 2376.559 ; gain = 52.027
Phase 6 Delay and Skew Optimization | Checksum: 221b4ce3c

Time (s): cpu = 00:04:45 ; elapsed = 00:03:38 . Memory (MB): peak = 2376.559 ; gain = 52.027

Phase 7 Post Hold Fix

Phase 7.1 Hold Fix Iter
INFO: [Route 35-416] Intermediate Timing Summary | WNS=0.600  | TNS=0.000  | WHS=0.016  | THS=0.000  |

Phase 7.1 Hold Fix Iter | Checksum: 1e279b6f9

Time (s): cpu = 00:04:52 ; elapsed = 00:03:41 . Memory (MB): peak = 2376.559 ; gain = 52.027
Phase 7 Post Hold Fix | Checksum: 1e279b6f9

Time (s): cpu = 00:04:52 ; elapsed = 00:03:41 . Memory (MB): peak = 2376.559 ; gain = 52.027

Phase 8 Route finalize

Router Utilization Summary
  Global Vertical Routing Utilization    = 4.64109 %
  Global Horizontal Routing Utilization  = 5.53313 %
  Routable Net Status*
  *Does not include unroutable nets such as driverless and loadless.
  Run report_route_status for detailed report.
  Number of Failed Nets               = 0
    (Failed Nets is the sum of unrouted and partially routed nets)
  Number of Unrouted Nets             = 0
  Number of Partially Routed Nets     = 0
  Number of Node Overlaps             = 0

Phase 8 Route finalize | Checksum: 1e279b6f9

Time (s): cpu = 00:04:52 ; elapsed = 00:03:41 . Memory (MB): peak = 2376.559 ; gain = 52.027

Phase 9 Verifying routed nets

 Verification completed successfully
Phase 9 Verifying routed nets | Checksum: 1e279b6f9

Time (s): cpu = 00:04:52 ; elapsed = 00:03:42 . Memory (MB): peak = 2376.559 ; gain = 52.027

Phase 10 Depositing Routes
Phase 10 Depositing Routes | Checksum: 2a9cfa50a

Time (s): cpu = 00:05:03 ; elapsed = 00:03:51 . Memory (MB): peak = 2376.559 ; gain = 52.027

Phase 11 Post Process Routing
Phase 11 Post Process Routing | Checksum: 2a9cfa50a

Time (s): cpu = 00:05:03 ; elapsed = 00:03:51 . Memory (MB): peak = 2376.559 ; gain = 52.027

Phase 12 Post Router Timing
INFO: [Route 35-57] Estimated Timing Summary | WNS=0.600  | TNS=0.000  | WHS=0.016  | THS=0.000  |

INFO: [Route 35-327] The final timing numbers are based on the router estimated timing analysis. For a complete and accurate timing signoff, please run report_timing_summary.
Phase 12 Post Router Timing | Checksum: 2a9cfa50a

Time (s): cpu = 00:05:03 ; elapsed = 00:03:52 . Memory (MB): peak = 2376.559 ; gain = 52.027
Total Elapsed time in route_design: 231.604 secs

Phase 13 Post-Route Event Processing
Phase 13 Post-Route Event Processing | Checksum: de882e2b

Time (s): cpu = 00:05:03 ; elapsed = 00:03:52 . Memory (MB): peak = 2376.559 ; gain = 52.027
INFO: [Route 35-16] Router Completed Successfully
Ending Routing Task | Checksum: de882e2b

Time (s): cpu = 00:05:04 ; elapsed = 00:03:52 . Memory (MB): peak = 2376.559 ; gain = 52.027

Routing Is Done.
INFO: [Common 17-83] Releasing license: Implementation
139 Infos, 72 Warnings, 1 Critical Warnings and 0 Errors encountered.
route_design completed successfully
route_design: Time (s): cpu = 00:05:04 ; elapsed = 00:03:53 . Memory (MB): peak = 2376.559 ; gain = 52.027
INFO: [Vivado 12-24828] Executing command : report_drc -file design_1_wrapper_drc_routed.rpt -pb design_1_wrapper_drc_routed.pb -rpx design_1_wrapper_drc_routed.rpx
Command: report_drc -file design_1_wrapper_drc_routed.rpt -pb design_1_wrapper_drc_routed.pb -rpx design_1_wrapper_drc_routed.rpx
INFO: [IP_Flow 19-1839] IP Catalog is up to date.
INFO: [DRC 23-27] Running DRC with 2 threads
INFO: [Vivado_Tcl 2-168] The results of DRC are in file V:/zybo_z7_imx219/zybo_z7_imx219.runs/impl_1/design_1_wrapper_drc_routed.rpt.
report_drc completed successfully
report_drc: Time (s): cpu = 00:00:23 ; elapsed = 00:00:15 . Memory (MB): peak = 2376.559 ; gain = 0.000
INFO: [Vivado 12-24828] Executing command : report_methodology -file design_1_wrapper_methodology_drc_routed.rpt -pb design_1_wrapper_methodology_drc_routed.pb -rpx design_1_wrapper_methodology_drc_routed.rpx
Command: report_methodology -file design_1_wrapper_methodology_drc_routed.rpt -pb design_1_wrapper_methodology_drc_routed.pb -rpx design_1_wrapper_methodology_drc_routed.rpx
INFO: [Timing 38-35] Done setting XDC timing constraints.
INFO: [DRC 23-133] Running Methodology with 2 threads
INFO: [Vivado_Tcl 2-1520] The results of Report Methodology are in file V:/zybo_z7_imx219/zybo_z7_imx219.runs/impl_1/design_1_wrapper_methodology_drc_routed.rpt.
report_methodology completed successfully
report_drc: Time (s): cpu = 00:00:56 ; elapsed = 00:00:32 . Memory (MB): peak = 2376.559 ; gain = 0.000
INFO: [Vivado 12-24828] Executing command : report_timing_summary -max_paths 10 -routable_nets -report_unconstrained -file design_1_wrapper_timing_summary_routed.rpt -pb design_1_wrapper_timing_summary_routed.pb -rpx design_1_wrapper_timing_summary_routed.rpx -warn_on_violation 
INFO: [Timing 38-35] Done setting XDC timing constraints.
INFO: [Timing 38-91] UpdateTimingParams: Speed grade: -1, Delay Type: min_max.
INFO: [Timing 38-191] Multithreading enabled for timing update using a maximum of 2 CPUs
CRITICAL WARNING: [Timing 38-282] The design failed to meet the timing requirements. Please see the timing summary report for details on the timing violations.
WARNING: [Timing 38-436] There are set_bus_skew constraint(s) in this design. Please run report_bus_skew to ensure that bus skew requirements are met.
report_timing_summary: Time (s): cpu = 00:00:47 ; elapsed = 00:00:37 . Memory (MB): peak = 2376.559 ; gain = 0.000
INFO: [Vivado 12-24838] Running report commands "report_incremental_reuse, report_route_status" in parallel.
Running report generation with 2 threads.
INFO: [Vivado 12-24828] Executing command : report_incremental_reuse -file design_1_wrapper_incremental_reuse_routed.rpt
INFO: [Vivado_Tcl 4-1062] Incremental flow is disabled. No incremental reuse Info to report.
INFO: [Vivado 12-24828] Executing command : report_route_status -file design_1_wrapper_route_status.rpt -pb design_1_wrapper_route_status.pb
INFO: [Vivado 12-24828] Executing command : report_power -file design_1_wrapper_power_routed.rpt -pb design_1_wrapper_power_summary_routed.pb -rpx design_1_wrapper_power_routed.rpx
Command: report_power -file design_1_wrapper_power_routed.rpt -pb design_1_wrapper_power_summary_routed.pb -rpx design_1_wrapper_power_routed.rpx
Running Vector-less Activity Propagation...

Finished Running Vector-less Activity Propagation
WARNING: [Power 33-332] Found switching activity that implies high-fanout reset nets being asserted for excessive periods of time which may result in inaccurate power analysis.
Resolution: To review and fix problems, please run Power Constraints Advisor in the GUI from Tools > Power Constraints Advisor or run report_power with the -advisory option to generate a text report.
156 Infos, 74 Warnings, 2 Critical Warnings and 0 Errors encountered.
report_power completed successfully
report_power: Time (s): cpu = 00:00:26 ; elapsed = 00:00:24 . Memory (MB): peak = 2376.676 ; gain = 0.117
INFO: [Vivado 12-24828] Executing command : report_clock_utilization -file design_1_wrapper_clock_utilization_routed.rpt
report_clock_utilization: Time (s): cpu = 00:00:04 ; elapsed = 00:00:05 . Memory (MB): peak = 2376.676 ; gain = 0.000
INFO: [Vivado 12-24828] Executing command : report_bus_skew -warn_on_violation -file design_1_wrapper_bus_skew_routed.rpt -pb design_1_wrapper_bus_skew_routed.pb -rpx design_1_wrapper_bus_skew_routed.rpx
INFO: [Timing 38-91] UpdateTimingParams: Speed grade: -1, Delay Type: min_max.
INFO: [Timing 38-191] Multithreading enabled for timing update using a maximum of 2 CPUs
generate_parallel_reports: Time (s): cpu = 00:02:38 ; elapsed = 00:01:55 . Memory (MB): peak = 2376.676 ; gain = 0.117
INFO: [Timing 38-480] Writing timing data to binary archive.
Wrote PlaceDB: Time (s): cpu = 00:00:00 ; elapsed = 00:00:00.001 . Memory (MB): peak = 2383.684 ; gain = 0.000
Wrote PulsedLatchDB: Time (s): cpu = 00:00:00 ; elapsed = 00:00:00 . Memory (MB): peak = 2383.684 ; gain = 0.000
Writing XDEF routing.
Writing XDEF routing logical nets.
Write ShapeDB Complete: Time (s): cpu = 00:00:02 ; elapsed = 00:00:00.450 . Memory (MB): peak = 2404.566 ; gain = 20.883
Writing XDEF routing special nets.
Wrote RouteStorage: Time (s): cpu = 00:00:04 ; elapsed = 00:00:01 . Memory (MB): peak = 2407.613 ; gain = 23.770
Wrote PlaceStorage: Time (s): cpu = 00:00:13 ; elapsed = 00:00:07 . Memory (MB): peak = 2407.871 ; gain = 0.258
Wrote Netlist Cache: Time (s): cpu = 00:00:00 ; elapsed = 00:00:00.156 . Memory (MB): peak = 2407.871 ; gain = 0.000
Wrote Device Cache: Time (s): cpu = 00:00:00 ; elapsed = 00:00:00.057 . Memory (MB): peak = 2407.871 ; gain = 0.000
Write Physdb Complete: Time (s): cpu = 00:00:17 ; elapsed = 00:00:09 . Memory (MB): peak = 2407.871 ; gain = 24.188
INFO: [Common 17-1381] The checkpoint 'V:/zybo_z7_imx219/zybo_z7_imx219.runs/impl_1/design_1_wrapper_routed.dcp' has been generated.
write_checkpoint: Time (s): cpu = 00:00:21 ; elapsed = 00:00:17 . Memory (MB): peak = 2407.871 ; gain = 31.195
INFO: [Memdata 28-208] The XPM instance: <design_1_i/v_axi4s_vid_out_0/inst/COUPLER_INST/generate_async_fifo.FIFO_INST/XPM_FIFO_ASYNC_INST/gnuram_async_fifo.xpm_fifo_base_inst/gen_sdpram.xpm_memory_base_inst> is part of IP: <design_1_i/v_axi4s_vid_out_0>. This XPM instance will be excluded from the .mmi because updatemem is prohibited from making changes to an XPM that is part of an IP.
INFO: [Memdata 28-208] The XPM instance: <design_1_i/mipi_csi2_rx_subsyst_0/inst/rx/mipi_csi2_rx_ctrl_v1_0_14_top_dut/gen_pkt_fifo/pkt_fifo/gnuram_async_fifo.xpm_fifo_base_inst/gen_sdpram.xpm_memory_base_inst> is part of IP: <design_1_i/mipi_csi2_rx_subsyst_0/inst>. This XPM instance will be excluded from the .mmi because updatemem is prohibited from making changes to an XPM that is part of an IP.
INFO: [Memdata 28-208] The XPM instance: <design_1_i/mipi_csi2_rx_subsyst_0/inst/rx/mipi_csi2_rx_ctrl_v1_0_14_top_dut/RX_1500M.line_buffer/line_buf/xpm_fifo_base_inst/gen_sdpram.xpm_memory_base_inst> is part of IP: <design_1_i/mipi_csi2_rx_subsyst_0/inst>. This XPM instance will be excluded from the .mmi because updatemem is prohibited from making changes to an XPM that is part of an IP.
INFO: [Memdata 28-167] Found XPM memory block design_1_i/mipi_csi2_rx_subsyst_0/inst/rx/mipi_csi2_rx_ctrl_v1_0_14_top_dut/LANE_2.ppi_fifo1/CSI_OPT3_OFF.ppi_fifo/xpm_fifo_base_inst/gen_sdpram.xpm_memory_base_inst with a P_MEMORY_PRIMITIVE property set to auto. A value of block is required. You will not be able to use the updatemem program to update the bitstream with new data for the design_1_i/mipi_csi2_rx_subsyst_0/inst/rx/mipi_csi2_rx_ctrl_v1_0_14_top_dut/LANE_2.ppi_fifo1/CSI_OPT3_OFF.ppi_fifo/xpm_fifo_base_inst/gen_sdpram.xpm_memory_base_inst block.
INFO: [Memdata 28-167] Found XPM memory block design_1_i/mipi_csi2_rx_subsyst_0/inst/rx/mipi_csi2_rx_ctrl_v1_0_14_top_dut/LANE_1.ppi_fifo0/CSI_OPT3_OFF.ppi_fifo/xpm_fifo_base_inst/gen_sdpram.xpm_memory_base_inst with a P_MEMORY_PRIMITIVE property set to auto. A value of block is required. You will not be able to use the updatemem program to update the bitstream with new data for the design_1_i/mipi_csi2_rx_subsyst_0/inst/rx/mipi_csi2_rx_ctrl_v1_0_14_top_dut/LANE_1.ppi_fifo0/CSI_OPT3_OFF.ppi_fifo/xpm_fifo_base_inst/gen_sdpram.xpm_memory_base_inst block.
INFO: [Memdata 28-167] Found XPM memory block design_1_i/mipi_csi2_rx_subsyst_0/inst/rx/mipi_csi2_rx_ctrl_v1_0_14_top_dut/AXI_LITE.reg_inf/gen_spkt_fifo/generic_pkt/gnuram_async_fifo.xpm_fifo_base_inst/gen_sdpram.xpm_memory_base_inst with a P_MEMORY_PRIMITIVE property set to auto. A value of block is required. You will not be able to use the updatemem program to update the bitstream with new data for the design_1_i/mipi_csi2_rx_subsyst_0/inst/rx/mipi_csi2_rx_ctrl_v1_0_14_top_dut/AXI_LITE.reg_inf/gen_spkt_fifo/generic_pkt/gnuram_async_fifo.xpm_fifo_base_inst/gen_sdpram.xpm_memory_base_inst block.
INFO: [Memdata 28-167] Found XPM memory block design_1_i/axi_vdma_0/U0/I_PRMRY_DATAMOVER/GEN_S2MM_FULL.I_S2MM_FULL_WRAPPER/GEN_ENABLE_INDET_BTT_SF.I_INDET_BTT/I_XD_FIFO/NON_BLK_MEM.I_SYNC_FIFOGEN_FIFO/xpm_fifo_base_inst/gen_sdpram.xpm_memory_base_inst with a P_MEMORY_PRIMITIVE property set to auto. A value of block is required. You will not be able to use the updatemem program to update the bitstream with new data for the design_1_i/axi_vdma_0/U0/I_PRMRY_DATAMOVER/GEN_S2MM_FULL.I_S2MM_FULL_WRAPPER/GEN_ENABLE_INDET_BTT_SF.I_INDET_BTT/I_XD_FIFO/NON_BLK_MEM.I_SYNC_FIFOGEN_FIFO/xpm_fifo_base_inst/gen_sdpram.xpm_memory_base_inst block.
INFO: [Memdata 28-208] The XPM instance: <design_1_i/axi_vdma_0/U0/I_PRMRY_DATAMOVER/GEN_S2MM_FULL.I_S2MM_FULL_WRAPPER/GEN_ENABLE_INDET_BTT_SF.I_INDET_BTT/I_DATA_FIFO/BLK_MEM.I_SYNC_FIFOGEN_FIFO/xpm_fifo_base_inst/gen_sdpram.xpm_memory_base_inst> is part of IP: <design_1_i/axi_vdma_0>. This XPM instance will be excluded from the .mmi because updatemem is prohibited from making changes to an XPM that is part of an IP.
INFO: [Memdata 28-208] The XPM instance: <design_1_i/axi_vdma_0/U0/I_PRMRY_DATAMOVER/GEN_MM2S_FULL.I_MM2S_FULL_WRAPPER/GEN_INCLUDE_MM2S_SF.I_RD_SF/I_DATA_FIFO/BLK_MEM.I_SYNC_FIFOGEN_FIFO/xpm_fifo_base_inst/gen_sdpram.xpm_memory_base_inst> is part of IP: <design_1_i/axi_vdma_0>. This XPM instance will be excluded from the .mmi because updatemem is prohibited from making changes to an XPM that is part of an IP.
INFO: [Memdata 28-208] The XPM instance: <design_1_i/axi_vdma_0/U0/GEN_SPRT_FOR_S2MM.S2MM_LINEBUFFER_I/GEN_NO_FSYNC_LOGIC.GEN_LINEBUFFER.GEN_SYNC_FIFO.I_LINEBUFFER_FIFO/xpm_fifo_sync_inst/xpm_fifo_base_inst/gen_sdpram.xpm_memory_base_inst> is part of IP: <design_1_i/axi_vdma_0>. This XPM instance will be excluded from the .mmi because updatemem is prohibited from making changes to an XPM that is part of an IP.
INFO: [Memdata 28-208] The XPM instance: <design_1_i/axi_vdma_0/U0/GEN_SPRT_FOR_MM2S.MM2S_LINEBUFFER_I/GEN_LINEBUF_NO_SOF.GEN_LINEBUFFER.GEN_SYNC_FIFO.I_LINEBUFFER_FIFO/xpm_fifo_sync_inst/xpm_fifo_base_inst/gen_sdpram.xpm_memory_base_inst> is part of IP: <design_1_i/axi_vdma_0>. This XPM instance will be excluded from the .mmi because updatemem is prohibited from making changes to an XPM that is part of an IP.
Command: write_bitstream -force design_1_wrapper.bit
Attempting to get a license for feature 'Implementation' and/or device 'xc7z020'
INFO: [Common 17-349] Got license for feature 'Implementation' and/or device 'xc7z020'
Running DRC as a precondition to command write_bitstream
INFO: [IP_Flow 19-1839] IP Catalog is up to date.
INFO: [DRC 23-27] Running DRC with 2 threads
INFO: [Vivado 12-3199] DRC finished with 0 Errors
INFO: [Vivado 12-3200] Please refer to the DRC report (report_drc) for more information.
Integrating Hard IP ELF/MEM with the PDI.
INFO: [Designutils 20-2272] Running write_bitstream with 2 threads.
Loading data files...
Loading site data...
Loading route data...
Processing options...
Creating bitmap...
Creating bitstream...
Writing bitstream ./design_1_wrapper.bit...
INFO: [Vivado 12-1842] Bitgen Completed Successfully.
INFO: [Common 17-83] Releasing license: Implementation
181 Infos, 74 Warnings, 2 Critical Warnings and 0 Errors encountered.
write_bitstream completed successfully
write_bitstream: Time (s): cpu = 00:02:05 ; elapsed = 00:01:39 . Memory (MB): peak = 2779.789 ; gain = 371.918
INFO: [Common 17-206] Exiting Vivado at Sun Sep 13 01:06:03 2026...
[Sun Sep 13 01:06:09 2026] impl_1 finished
wait_on_runs: Time (s): cpu = 00:00:28 ; elapsed = 00:29:21 . Memory (MB): peak = 921.156 ; gain = 0.000
# set impl_status [get_property STATUS [get_runs impl_1]]
# set impl_progress [get_property PROGRESS [get_runs impl_1]]
# puts "IMPL STATUS=$impl_status PROGRESS=$impl_progress"
IMPL STATUS=write_bitstream Complete! PROGRESS=100%
# if {[get_property PROGRESS [get_runs impl_1]] != "100%"} {
#   error "Implementation failed: $impl_status"
# }
# write_hw_platform -fixed -include_bit -force $xsa_out
INFO: [Projectvivado 1-1918] Creating Hardware Platform: V:/zybo_z7_imx219/design_1_wrapper.xsa ...
WARNING: [Projectvivado 1-645] Board images not set in Hardware Platform.
INFO: [Projectvivado 1-1943] The Hardware Platform can be used for Hardware
INFO: [Projectvivado 1-1941] Successfully created Hardware Platform: V:/zybo_z7_imx219/design_1_wrapper.xsa
INFO: [Hsi 55-2053] elapsed time for repository (C:/AMDDesignTools/2025.2/Vivado/data/embeddedsw) loading 1 seconds
write_hw_platform: Time (s): cpu = 00:00:08 ; elapsed = 00:00:10 . Memory (MB): peak = 1086.895 ; gain = 165.738
# puts "XSA written: $xsa_out"
XSA written: V:/zybo_z7_imx219/design_1_wrapper.xsa
# exit 0
INFO: [Common 17-206] Exiting Vivado at Sun Sep 13 01:06:19 2026...
