ECHO is off.
"PYTHONPATH" variable is set greater than default max string limit of "519" characters.
Please ignore this, if you have already made changes to your system registry to accept more than
default limit of 519 characters.
ECHO is off.
  **** HLS Build v2025.2 6295257
Sourcing Tcl script 'C:/github/zybo_z7_cam_rpi_v2_5mp_hdmi/zybo_z7_imx219/zybo_z7_imx219.runs/design_1_v_demosaic_0_0_synth_1/runhls.tcl'
INFO: [HLS 200-1510] Running: open_project -reset prj 
WARNING: [HLS 200-2182] The 'prj' project will not automatically appear within Vitis IDE workspaces and is meant only for TCL batch use.  Please use open_component instead of open_project/open_solution to generate Vitis IDE compatible component files and directory structure.
Resolution: For help on HLS 200-2182 see docs.amd.com/access/sources/dita/topic?Doc_Version=2025.2%20English&url=ug1448-hls-guidance&resourceid=200-2182.html
INFO: [HLS 200-10] Creating and opening solution 'C:/github/zybo_z7_cam_rpi_v2_5mp_hdmi/zybo_z7_imx219/zybo_z7_imx219.runs/design_1_v_demosaic_0_0_synth_1/prj'.
INFO: [HLS 200-1510] Running: set_top v_demosaic 
INFO: [HLS 200-1510] Running: open_solution sol 
INFO: [HLS 200-10] Creating and opening solution 'C:/github/zybo_z7_cam_rpi_v2_5mp_hdmi/zybo_z7_imx219/zybo_z7_imx219.runs/design_1_v_demosaic_0_0_synth_1/prj/sol'.
INFO: [HLS 200-1505] Using default flow_target 'vivado'
Resolution: For help on HLS 200-1505 see docs.amd.com/access/sources/dita/topic?Doc_Version=2025.2%20English&url=ug1448-hls-guidance&resourceid=200-1505.html
INFO: [HLS 200-1510] Running: set_part xc7z020clg400-1 
INFO: [HLS 200-1611] Setting target device to 'xc7z020-clg400-1'
INFO: [HLS 200-1510] Running: add_files -cflags  -I c:/github/zybo_z7_cam_rpi_v2_5mp_hdmi/zybo_z7_imx219/zybo_z7_imx219.gen/sources_1/bd/design_1/ip/design_1_v_demosaic_0_0/src/hls -I c:/github/zybo_z7_cam_rpi_v2_5mp_hdmi/zybo_z7_imx219/zybo_z7_imx219.gen/sources_1/bd/design_1/ip/design_1_v_demosaic_0_0/src  c:/github/zybo_z7_cam_rpi_v2_5mp_hdmi/zybo_z7_imx219/zybo_z7_imx219.gen/sources_1/bd/design_1/ip/design_1_v_demosaic_0_0/src/v_demosaic_config.h 
INFO: [HLS 200-10] Adding design file 'c:/github/zybo_z7_cam_rpi_v2_5mp_hdmi/zybo_z7_imx219/zybo_z7_imx219.gen/sources_1/bd/design_1/ip/design_1_v_demosaic_0_0/src/v_demosaic_config.h' to the project
INFO: [HLS 200-1510] Running: add_files -cflags  -I c:/github/zybo_z7_cam_rpi_v2_5mp_hdmi/zybo_z7_imx219/zybo_z7_imx219.gen/sources_1/bd/design_1/ip/design_1_v_demosaic_0_0/src/hls -I c:/github/zybo_z7_cam_rpi_v2_5mp_hdmi/zybo_z7_imx219/zybo_z7_imx219.gen/sources_1/bd/design_1/ip/design_1_v_demosaic_0_0/src  c:/github/zybo_z7_cam_rpi_v2_5mp_hdmi/zybo_z7_imx219/zybo_z7_imx219.gen/sources_1/bd/design_1/ip/design_1_v_demosaic_0_0/src/v_demosaic.cpp 
INFO: [HLS 200-10] Adding design file 'c:/github/zybo_z7_cam_rpi_v2_5mp_hdmi/zybo_z7_imx219/zybo_z7_imx219.gen/sources_1/bd/design_1/ip/design_1_v_demosaic_0_0/src/v_demosaic.cpp' to the project
INFO: [HLS 200-1510] Running: add_files -cflags  -I c:/github/zybo_z7_cam_rpi_v2_5mp_hdmi/zybo_z7_imx219/zybo_z7_imx219.gen/sources_1/bd/design_1/ip/design_1_v_demosaic_0_0/src/hls -I c:/github/zybo_z7_cam_rpi_v2_5mp_hdmi/zybo_z7_imx219/zybo_z7_imx219.gen/sources_1/bd/design_1/ip/design_1_v_demosaic_0_0/src  c:/github/zybo_z7_cam_rpi_v2_5mp_hdmi/zybo_z7_imx219/zybo_z7_imx219.gen/sources_1/bd/design_1/ip/design_1_v_demosaic_0_0/src/v_demosaic.h 
INFO: [HLS 200-10] Adding design file 'c:/github/zybo_z7_cam_rpi_v2_5mp_hdmi/zybo_z7_imx219/zybo_z7_imx219.gen/sources_1/bd/design_1/ip/design_1_v_demosaic_0_0/src/v_demosaic.h' to the project
INFO: [HLS 200-1510] Running: add_files -cflags  -I c:/github/zybo_z7_cam_rpi_v2_5mp_hdmi/zybo_z7_imx219/zybo_z7_imx219.gen/sources_1/bd/design_1/ip/design_1_v_demosaic_0_0/src/hls -I c:/github/zybo_z7_cam_rpi_v2_5mp_hdmi/zybo_z7_imx219/zybo_z7_imx219.gen/sources_1/bd/design_1/ip/design_1_v_demosaic_0_0/src  c:/github/zybo_z7_cam_rpi_v2_5mp_hdmi/zybo_z7_imx219/zybo_z7_imx219.gen/sources_1/bd/design_1/ip/design_1_v_demosaic_0_0/src/hls_video.h 
INFO: [HLS 200-10] Adding design file 'c:/github/zybo_z7_cam_rpi_v2_5mp_hdmi/zybo_z7_imx219/zybo_z7_imx219.gen/sources_1/bd/design_1/ip/design_1_v_demosaic_0_0/src/hls_video.h' to the project
INFO: [HLS 200-1510] Running: add_files -cflags  -I c:/github/zybo_z7_cam_rpi_v2_5mp_hdmi/zybo_z7_imx219/zybo_z7_imx219.gen/sources_1/bd/design_1/ip/design_1_v_demosaic_0_0/src/hls -I c:/github/zybo_z7_cam_rpi_v2_5mp_hdmi/zybo_z7_imx219/zybo_z7_imx219.gen/sources_1/bd/design_1/ip/design_1_v_demosaic_0_0/src  c:/github/zybo_z7_cam_rpi_v2_5mp_hdmi/zybo_z7_imx219/zybo_z7_imx219.gen/sources_1/bd/design_1/ip/design_1_v_demosaic_0_0/src/hls_opencv.h 
INFO: [HLS 200-10] Adding design file 'c:/github/zybo_z7_cam_rpi_v2_5mp_hdmi/zybo_z7_imx219/zybo_z7_imx219.gen/sources_1/bd/design_1/ip/design_1_v_demosaic_0_0/src/hls_opencv.h' to the project
INFO: [HLS 200-1510] Running: add_files -cflags  -I c:/github/zybo_z7_cam_rpi_v2_5mp_hdmi/zybo_z7_imx219/zybo_z7_imx219.gen/sources_1/bd/design_1/ip/design_1_v_demosaic_0_0/src/hls -I c:/github/zybo_z7_cam_rpi_v2_5mp_hdmi/zybo_z7_imx219/zybo_z7_imx219.gen/sources_1/bd/design_1/ip/design_1_v_demosaic_0_0/src  c:/github/zybo_z7_cam_rpi_v2_5mp_hdmi/zybo_z7_imx219/zybo_z7_imx219.gen/sources_1/bd/design_1/ip/design_1_v_demosaic_0_0/src/hls/hls_axi_io.h 
INFO: [HLS 200-10] Adding design file 'c:/github/zybo_z7_cam_rpi_v2_5mp_hdmi/zybo_z7_imx219/zybo_z7_imx219.gen/sources_1/bd/design_1/ip/design_1_v_demosaic_0_0/src/hls/hls_axi_io.h' to the project
INFO: [HLS 200-1510] Running: add_files -cflags  -I c:/github/zybo_z7_cam_rpi_v2_5mp_hdmi/zybo_z7_imx219/zybo_z7_imx219.gen/sources_1/bd/design_1/ip/design_1_v_demosaic_0_0/src/hls -I c:/github/zybo_z7_cam_rpi_v2_5mp_hdmi/zybo_z7_imx219/zybo_z7_imx219.gen/sources_1/bd/design_1/ip/design_1_v_demosaic_0_0/src  c:/github/zybo_z7_cam_rpi_v2_5mp_hdmi/zybo_z7_imx219/zybo_z7_imx219.gen/sources_1/bd/design_1/ip/design_1_v_demosaic_0_0/src/hls/hls_video_arithm.h 
INFO: [HLS 200-10] Adding design file 'c:/github/zybo_z7_cam_rpi_v2_5mp_hdmi/zybo_z7_imx219/zybo_z7_imx219.gen/sources_1/bd/design_1/ip/design_1_v_demosaic_0_0/src/hls/hls_video_arithm.h' to the project
INFO: [HLS 200-1510] Running: add_files -cflags  -I c:/github/zybo_z7_cam_rpi_v2_5mp_hdmi/zybo_z7_imx219/zybo_z7_imx219.gen/sources_1/bd/design_1/ip/design_1_v_demosaic_0_0/src/hls -I c:/github/zybo_z7_cam_rpi_v2_5mp_hdmi/zybo_z7_imx219/zybo_z7_imx219.gen/sources_1/bd/design_1/ip/design_1_v_demosaic_0_0/src  c:/github/zybo_z7_cam_rpi_v2_5mp_hdmi/zybo_z7_imx219/zybo_z7_imx219.gen/sources_1/bd/design_1/ip/design_1_v_demosaic_0_0/src/hls/hls_video_core.h 
INFO: [HLS 200-10] Adding design file 'c:/github/zybo_z7_cam_rpi_v2_5mp_hdmi/zybo_z7_imx219/zybo_z7_imx219.gen/sources_1/bd/design_1/ip/design_1_v_demosaic_0_0/src/hls/hls_video_core.h' to the project
INFO: [HLS 200-1510] Running: add_files -cflags  -I c:/github/zybo_z7_cam_rpi_v2_5mp_hdmi/zybo_z7_imx219/zybo_z7_imx219.gen/sources_1/bd/design_1/ip/design_1_v_demosaic_0_0/src/hls -I c:/github/zybo_z7_cam_rpi_v2_5mp_hdmi/zybo_z7_imx219/zybo_z7_imx219.gen/sources_1/bd/design_1/ip/design_1_v_demosaic_0_0/src  c:/github/zybo_z7_cam_rpi_v2_5mp_hdmi/zybo_z7_imx219/zybo_z7_imx219.gen/sources_1/bd/design_1/ip/design_1_v_demosaic_0_0/src/hls/hls_video_fast.h 
INFO: [HLS 200-10] Adding design file 'c:/github/zybo_z7_cam_rpi_v2_5mp_hdmi/zybo_z7_imx219/zybo_z7_imx219.gen/sources_1/bd/design_1/ip/design_1_v_demosaic_0_0/src/hls/hls_video_fast.h' to the project
INFO: [HLS 200-1510] Running: add_files -cflags  -I c:/github/zybo_z7_cam_rpi_v2_5mp_hdmi/zybo_z7_imx219/zybo_z7_imx219.gen/sources_1/bd/design_1/ip/design_1_v_demosaic_0_0/src/hls -I c:/github/zybo_z7_cam_rpi_v2_5mp_hdmi/zybo_z7_imx219/zybo_z7_imx219.gen/sources_1/bd/design_1/ip/design_1_v_demosaic_0_0/src  c:/github/zybo_z7_cam_rpi_v2_5mp_hdmi/zybo_z7_imx219/zybo_z7_imx219.gen/sources_1/bd/design_1/ip/design_1_v_demosaic_0_0/src/hls/hls_video_haar.h 
INFO: [HLS 200-10] Adding design file 'c:/github/zybo_z7_cam_rpi_v2_5mp_hdmi/zybo_z7_imx219/zybo_z7_imx219.gen/sources_1/bd/design_1/ip/design_1_v_demosaic_0_0/src/hls/hls_video_haar.h' to the project
INFO: [HLS 200-1510] Running: add_files -cflags  -I c:/github/zybo_z7_cam_rpi_v2_5mp_hdmi/zybo_z7_imx219/zybo_z7_imx219.gen/sources_1/bd/design_1/ip/design_1_v_demosaic_0_0/src/hls -I c:/github/zybo_z7_cam_rpi_v2_5mp_hdmi/zybo_z7_imx219/zybo_z7_imx219.gen/sources_1/bd/design_1/ip/design_1_v_demosaic_0_0/src  c:/github/zybo_z7_cam_rpi_v2_5mp_hdmi/zybo_z7_imx219/zybo_z7_imx219.gen/sources_1/bd/design_1/ip/design_1_v_demosaic_0_0/src/hls/hls_video_harris.h 
INFO: [HLS 200-10] Adding design file 'c:/github/zybo_z7_cam_rpi_v2_5mp_hdmi/zybo_z7_imx219/zybo_z7_imx219.gen/sources_1/bd/design_1/ip/design_1_v_demosaic_0_0/src/hls/hls_video_harris.h' to the project
INFO: [HLS 200-1510] Running: add_files -cflags  -I c:/github/zybo_z7_cam_rpi_v2_5mp_hdmi/zybo_z7_imx219/zybo_z7_imx219.gen/sources_1/bd/design_1/ip/design_1_v_demosaic_0_0/src/hls -I c:/github/zybo_z7_cam_rpi_v2_5mp_hdmi/zybo_z7_imx219/zybo_z7_imx219.gen/sources_1/bd/design_1/ip/design_1_v_demosaic_0_0/src  c:/github/zybo_z7_cam_rpi_v2_5mp_hdmi/zybo_z7_imx219/zybo_z7_imx219.gen/sources_1/bd/design_1/ip/design_1_v_demosaic_0_0/src/hls/hls_video_histogram.h 
INFO: [HLS 200-10] Adding design file 'c:/github/zybo_z7_cam_rpi_v2_5mp_hdmi/zybo_z7_imx219/zybo_z7_imx219.gen/sources_1/bd/design_1/ip/design_1_v_demosaic_0_0/src/hls/hls_video_histogram.h' to the project
INFO: [HLS 200-1510] Running: add_files -cflags  -I c:/github/zybo_z7_cam_rpi_v2_5mp_hdmi/zybo_z7_imx219/zybo_z7_imx219.gen/sources_1/bd/design_1/ip/design_1_v_demosaic_0_0/src/hls -I c:/github/zybo_z7_cam_rpi_v2_5mp_hdmi/zybo_z7_imx219/zybo_z7_imx219.gen/sources_1/bd/design_1/ip/design_1_v_demosaic_0_0/src  c:/github/zybo_z7_cam_rpi_v2_5mp_hdmi/zybo_z7_imx219/zybo_z7_imx219.gen/sources_1/bd/design_1/ip/design_1_v_demosaic_0_0/src/hls/hls_video_hough.h 
INFO: [HLS 200-10] Adding design file 'c:/github/zybo_z7_cam_rpi_v2_5mp_hdmi/zybo_z7_imx219/zybo_z7_imx219.gen/sources_1/bd/design_1/ip/design_1_v_demosaic_0_0/src/hls/hls_video_hough.h' to the project
INFO: [HLS 200-1510] Running: add_files -cflags  -I c:/github/zybo_z7_cam_rpi_v2_5mp_hdmi/zybo_z7_imx219/zybo_z7_imx219.gen/sources_1/bd/design_1/ip/design_1_v_demosaic_0_0/src/hls -I c:/github/zybo_z7_cam_rpi_v2_5mp_hdmi/zybo_z7_imx219/zybo_z7_imx219.gen/sources_1/bd/design_1/ip/design_1_v_demosaic_0_0/src  c:/github/zybo_z7_cam_rpi_v2_5mp_hdmi/zybo_z7_imx219/zybo_z7_imx219.gen/sources_1/bd/design_1/ip/design_1_v_demosaic_0_0/src/hls/hls_video_imgbase.h 
INFO: [HLS 200-10] Adding design file 'c:/github/zybo_z7_cam_rpi_v2_5mp_hdmi/zybo_z7_imx219/zybo_z7_imx219.gen/sources_1/bd/design_1/ip/design_1_v_demosaic_0_0/src/hls/hls_video_imgbase.h' to the project
INFO: [HLS 200-1510] Running: add_files -cflags  -I c:/github/zybo_z7_cam_rpi_v2_5mp_hdmi/zybo_z7_imx219/zybo_z7_imx219.gen/sources_1/bd/design_1/ip/design_1_v_demosaic_0_0/src/hls -I c:/github/zybo_z7_cam_rpi_v2_5mp_hdmi/zybo_z7_imx219/zybo_z7_imx219.gen/sources_1/bd/design_1/ip/design_1_v_demosaic_0_0/src  c:/github/zybo_z7_cam_rpi_v2_5mp_hdmi/zybo_z7_imx219/zybo_z7_imx219.gen/sources_1/bd/design_1/ip/design_1_v_demosaic_0_0/src/hls/hls_video_imgproc.h 
INFO: [HLS 200-10] Adding design file 'c:/github/zybo_z7_cam_rpi_v2_5mp_hdmi/zybo_z7_imx219/zybo_z7_imx219.gen/sources_1/bd/design_1/ip/design_1_v_demosaic_0_0/src/hls/hls_video_imgproc.h' to the project
INFO: [HLS 200-1510] Running: add_files -cflags  -I c:/github/zybo_z7_cam_rpi_v2_5mp_hdmi/zybo_z7_imx219/zybo_z7_imx219.gen/sources_1/bd/design_1/ip/design_1_v_demosaic_0_0/src/hls -I c:/github/zybo_z7_cam_rpi_v2_5mp_hdmi/zybo_z7_imx219/zybo_z7_imx219.gen/sources_1/bd/design_1/ip/design_1_v_demosaic_0_0/src  c:/github/zybo_z7_cam_rpi_v2_5mp_hdmi/zybo_z7_imx219/zybo_z7_imx219.gen/sources_1/bd/design_1/ip/design_1_v_demosaic_0_0/src/hls/hls_video_io.h 
INFO: [HLS 200-10] Adding design file 'c:/github/zybo_z7_cam_rpi_v2_5mp_hdmi/zybo_z7_imx219/zybo_z7_imx219.gen/sources_1/bd/design_1/ip/design_1_v_demosaic_0_0/src/hls/hls_video_io.h' to the project
INFO: [HLS 200-1510] Running: add_files -cflags  -I c:/github/zybo_z7_cam_rpi_v2_5mp_hdmi/zybo_z7_imx219/zybo_z7_imx219.gen/sources_1/bd/design_1/ip/design_1_v_demosaic_0_0/src/hls -I c:/github/zybo_z7_cam_rpi_v2_5mp_hdmi/zybo_z7_imx219/zybo_z7_imx219.gen/sources_1/bd/design_1/ip/design_1_v_demosaic_0_0/src  c:/github/zybo_z7_cam_rpi_v2_5mp_hdmi/zybo_z7_imx219/zybo_z7_imx219.gen/sources_1/bd/design_1/ip/design_1_v_demosaic_0_0/src/hls/hls_video_mem.h 
INFO: [HLS 200-10] Adding design file 'c:/github/zybo_z7_cam_rpi_v2_5mp_hdmi/zybo_z7_imx219/zybo_z7_imx219.gen/sources_1/bd/design_1/ip/design_1_v_demosaic_0_0/src/hls/hls_video_mem.h' to the project
INFO: [HLS 200-1510] Running: add_files -cflags  -I c:/github/zybo_z7_cam_rpi_v2_5mp_hdmi/zybo_z7_imx219/zybo_z7_imx219.gen/sources_1/bd/design_1/ip/design_1_v_demosaic_0_0/src/hls -I c:/github/zybo_z7_cam_rpi_v2_5mp_hdmi/zybo_z7_imx219/zybo_z7_imx219.gen/sources_1/bd/design_1/ip/design_1_v_demosaic_0_0/src  c:/github/zybo_z7_cam_rpi_v2_5mp_hdmi/zybo_z7_imx219/zybo_z7_imx219.gen/sources_1/bd/design_1/ip/design_1_v_demosaic_0_0/src/hls/hls_video_stereobm.h 
INFO: [HLS 200-10] Adding design file 'c:/github/zybo_z7_cam_rpi_v2_5mp_hdmi/zybo_z7_imx219/zybo_z7_imx219.gen/sources_1/bd/design_1/ip/design_1_v_demosaic_0_0/src/hls/hls_video_stereobm.h' to the project
INFO: [HLS 200-1510] Running: add_files -cflags  -I c:/github/zybo_z7_cam_rpi_v2_5mp_hdmi/zybo_z7_imx219/zybo_z7_imx219.gen/sources_1/bd/design_1/ip/design_1_v_demosaic_0_0/src/hls -I c:/github/zybo_z7_cam_rpi_v2_5mp_hdmi/zybo_z7_imx219/zybo_z7_imx219.gen/sources_1/bd/design_1/ip/design_1_v_demosaic_0_0/src  c:/github/zybo_z7_cam_rpi_v2_5mp_hdmi/zybo_z7_imx219/zybo_z7_imx219.gen/sources_1/bd/design_1/ip/design_1_v_demosaic_0_0/src/hls/hls_video_types.h 
INFO: [HLS 200-10] Adding design file 'c:/github/zybo_z7_cam_rpi_v2_5mp_hdmi/zybo_z7_imx219/zybo_z7_imx219.gen/sources_1/bd/design_1/ip/design_1_v_demosaic_0_0/src/hls/hls_video_types.h' to the project
INFO: [HLS 200-1510] Running: add_files -cflags  -I c:/github/zybo_z7_cam_rpi_v2_5mp_hdmi/zybo_z7_imx219/zybo_z7_imx219.gen/sources_1/bd/design_1/ip/design_1_v_demosaic_0_0/src/hls -I c:/github/zybo_z7_cam_rpi_v2_5mp_hdmi/zybo_z7_imx219/zybo_z7_imx219.gen/sources_1/bd/design_1/ip/design_1_v_demosaic_0_0/src  c:/github/zybo_z7_cam_rpi_v2_5mp_hdmi/zybo_z7_imx219/zybo_z7_imx219.gen/sources_1/bd/design_1/ip/design_1_v_demosaic_0_0/src/hls/hls_video_undistort.h 
INFO: [HLS 200-10] Adding design file 'c:/github/zybo_z7_cam_rpi_v2_5mp_hdmi/zybo_z7_imx219/zybo_z7_imx219.gen/sources_1/bd/design_1/ip/design_1_v_demosaic_0_0/src/hls/hls_video_undistort.h' to the project
INFO: [HLS 200-1510] Running: create_clock -period 10 -name ap_clk 
INFO: [SYN 201-201] Setting up clock 'ap_clk' with a period of 10ns.
INFO: [HLS 200-1510] Running: config_rtl -module_prefix design_1_v_demosaic_0_0_ 
INFO: [HLS 200-1510] Running: config_export -vendor xilinx.com -library ip -version 1.1 
INFO: [HLS 200-1510] Running: csynth_design 
INFO: [HLS 200-111] Finished File checks and directory preparation: CPU user time: 0 seconds. CPU system time: 0 seconds. Elapsed time: 0.401 seconds; current allocated memory: 134.145 MB.
INFO: [HLS 200-2191] C-Synthesis will use clang-16 as the compiler
INFO: [HLS 200-10] Analyzing design file 'C:/github/zybo_z7_cam_rpi_v2_5mp_hdmi/zybo_z7_imx219/zybo_z7_imx219.gen/sources_1/bd/design_1/ip/design_1_v_demosaic_0_0/src/v_demosaic.cpp' ... 
WARNING: [HLS 207-6998] 'Ap_stable' in '#pragma HLS INTERFACE' is deprecated, use 'Stable Pragma' instead (C:/github/zybo_z7_cam_rpi_v2_5mp_hdmi/zybo_z7_imx219/zybo_z7_imx219.runs/design_1_v_demosaic_0_0_synth_1/prj/sol/.autopilot/db/v_demosaic.cpp:102:23)
WARNING: [HLS 207-6998] 'Ap_stable' in '#pragma HLS INTERFACE' is deprecated, use 'Stable Pragma' instead (C:/github/zybo_z7_cam_rpi_v2_5mp_hdmi/zybo_z7_imx219/zybo_z7_imx219.runs/design_1_v_demosaic_0_0_synth_1/prj/sol/.autopilot/db/v_demosaic.cpp:104:23)
INFO: [HLS 200-111] Finished Source Code Analysis and Preprocessing: CPU user time: 6 seconds. CPU system time: 1 seconds. Elapsed time: 69.842 seconds; current allocated memory: 153.598 MB.
INFO: [HLS 200-777] Using interface defaults for 'Vivado' flow target.
INFO: [HLS 200-1995] There were 25,179 instructions in the design after the 'Compile/Link' phase of compilation. See the Design Size Report for more details (C:/github/zybo_z7_cam_rpi_v2_5mp_hdmi/zybo_z7_imx219/zybo_z7_imx219.runs/design_1_v_demosaic_0_0_synth_1/prj/sol/syn/report/csynth_design_size.rpt:2)
INFO: [HLS 200-1995] There were 4,716 instructions in the design after the 'Unroll/Inline (step 1)' phase of compilation. See the Design Size Report for more details (C:/github/zybo_z7_cam_rpi_v2_5mp_hdmi/zybo_z7_imx219/zybo_z7_imx219.runs/design_1_v_demosaic_0_0_synth_1/prj/sol/syn/report/csynth_design_size.rpt:2)
INFO: [HLS 200-1995] There were 2,732 instructions in the design after the 'Unroll/Inline (step 2)' phase of compilation. See the Design Size Report for more details (C:/github/zybo_z7_cam_rpi_v2_5mp_hdmi/zybo_z7_imx219/zybo_z7_imx219.runs/design_1_v_demosaic_0_0_synth_1/prj/sol/syn/report/csynth_design_size.rpt:2)
INFO: [HLS 200-1995] There were 2,321 instructions in the design after the 'Unroll/Inline (step 3)' phase of compilation. See the Design Size Report for more details (C:/github/zybo_z7_cam_rpi_v2_5mp_hdmi/zybo_z7_imx219/zybo_z7_imx219.runs/design_1_v_demosaic_0_0_synth_1/prj/sol/syn/report/csynth_design_size.rpt:2)
INFO: [HLS 200-1995] There were 2,171 instructions in the design after the 'Unroll/Inline (step 4)' phase of compilation. See the Design Size Report for more details (C:/github/zybo_z7_cam_rpi_v2_5mp_hdmi/zybo_z7_imx219/zybo_z7_imx219.runs/design_1_v_demosaic_0_0_synth_1/prj/sol/syn/report/csynth_design_size.rpt:2)
INFO: [HLS 200-1995] There were 2,055 instructions in the design after the 'Array/Struct (step 1)' phase of compilation. See the Design Size Report for more details (C:/github/zybo_z7_cam_rpi_v2_5mp_hdmi/zybo_z7_imx219/zybo_z7_imx219.runs/design_1_v_demosaic_0_0_synth_1/prj/sol/syn/report/csynth_design_size.rpt:2)
INFO: [HLS 200-1995] There were 1,863 instructions in the design after the 'Array/Struct (step 2)' phase of compilation. See the Design Size Report for more details (C:/github/zybo_z7_cam_rpi_v2_5mp_hdmi/zybo_z7_imx219/zybo_z7_imx219.runs/design_1_v_demosaic_0_0_synth_1/prj/sol/syn/report/csynth_design_size.rpt:2)
INFO: [HLS 200-1995] There were 1,873 instructions in the design after the 'Array/Struct (step 3)' phase of compilation. See the Design Size Report for more details (C:/github/zybo_z7_cam_rpi_v2_5mp_hdmi/zybo_z7_imx219/zybo_z7_imx219.runs/design_1_v_demosaic_0_0_synth_1/prj/sol/syn/report/csynth_design_size.rpt:2)
INFO: [HLS 200-1995] There were 2,035 instructions in the design after the 'Array/Struct (step 4)' phase of compilation. See the Design Size Report for more details (C:/github/zybo_z7_cam_rpi_v2_5mp_hdmi/zybo_z7_imx219/zybo_z7_imx219.runs/design_1_v_demosaic_0_0_synth_1/prj/sol/syn/report/csynth_design_size.rpt:2)
INFO: [HLS 200-1995] There were 2,199 instructions in the design after the 'Array/Struct (step 5)' phase of compilation. See the Design Size Report for more details (C:/github/zybo_z7_cam_rpi_v2_5mp_hdmi/zybo_z7_imx219/zybo_z7_imx219.runs/design_1_v_demosaic_0_0_synth_1/prj/sol/syn/report/csynth_design_size.rpt:2)
INFO: [HLS 200-1995] There were 2,170 instructions in the design after the 'Performance (step 1)' phase of compilation. See the Design Size Report for more details (C:/github/zybo_z7_cam_rpi_v2_5mp_hdmi/zybo_z7_imx219/zybo_z7_imx219.runs/design_1_v_demosaic_0_0_synth_1/prj/sol/syn/report/csynth_design_size.rpt:2)
INFO: [HLS 200-1995] There were 2,063 instructions in the design after the 'Performance (step 2)' phase of compilation. See the Design Size Report for more details (C:/github/zybo_z7_cam_rpi_v2_5mp_hdmi/zybo_z7_imx219/zybo_z7_imx219.runs/design_1_v_demosaic_0_0_synth_1/prj/sol/syn/report/csynth_design_size.rpt:2)
INFO: [HLS 200-1995] There were 1,985 instructions in the design after the 'Performance (step 3)' phase of compilation. See the Design Size Report for more details (C:/github/zybo_z7_cam_rpi_v2_5mp_hdmi/zybo_z7_imx219/zybo_z7_imx219.runs/design_1_v_demosaic_0_0_synth_1/prj/sol/syn/report/csynth_design_size.rpt:2)
INFO: [HLS 200-1995] There were 1,976 instructions in the design after the 'Performance (step 4)' phase of compilation. See the Design Size Report for more details (C:/github/zybo_z7_cam_rpi_v2_5mp_hdmi/zybo_z7_imx219/zybo_z7_imx219.runs/design_1_v_demosaic_0_0_synth_1/prj/sol/syn/report/csynth_design_size.rpt:2)
INFO: [HLS 200-1995] There were 1,895 instructions in the design after the 'HW Transforms (step 1)' phase of compilation. See the Design Size Report for more details (C:/github/zybo_z7_cam_rpi_v2_5mp_hdmi/zybo_z7_imx219/zybo_z7_imx219.runs/design_1_v_demosaic_0_0_synth_1/prj/sol/syn/report/csynth_design_size.rpt:2)
INFO: [HLS 200-1995] There were 1,848 instructions in the design after the 'HW Transforms (step 2)' phase of compilation. See the Design Size Report for more details (C:/github/zybo_z7_cam_rpi_v2_5mp_hdmi/zybo_z7_imx219/zybo_z7_imx219.runs/design_1_v_demosaic_0_0_synth_1/prj/sol/syn/report/csynth_design_size.rpt:2)
INFO: [HLS 214-131] Inlining function 'void hls::AXIGetBitFields<10, ap_uint<10> >(ap_uint<10>, int, int, ap_uint<10>&)' into 'void hls::AXIGetBitFields<10, ap_uint<10> >(hls::axis<ap_uint<10>, 1ul, 1ul, 1ul, (unsigned char)56, false>, int, int, ap_uint<10>&)' (c:/github/zybo_z7_cam_rpi_v2_5mp_hdmi/zybo_z7_imx219/zybo_z7_imx219.gen/sources_1/bd/design_1/ip/design_1_v_demosaic_0_0/src/hls/hls_axi_io.h:85:5)
INFO: [HLS 214-131] Inlining function 'hls::Scalar<1, ap_uint<10> >::Scalar()' into 'AXIvideo2MultiBayer(hls::stream<hls::axis<ap_uint<10>, 1ul, 1ul, 1ul, (unsigned char)56, false>, 0>&, hls::stream<hls::Scalar<1, ap_uint<10> >, 0>&, unsigned short&, unsigned short&)' (C:/github/zybo_z7_cam_rpi_v2_5mp_hdmi/zybo_z7_imx219/zybo_z7_imx219.runs/design_1_v_demosaic_0_0_synth_1/prj/sol/.autopilot/db/v_demosaic.cpp:142:23)
INFO: [HLS 214-131] Inlining function 'void hls::AXIGetBitFields<10, ap_uint<10> >(hls::axis<ap_uint<10>, 1ul, 1ul, 1ul, (unsigned char)56, false>, int, int, ap_uint<10>&)' into 'AXIvideo2MultiBayer(hls::stream<hls::axis<ap_uint<10>, 1ul, 1ul, 1ul, (unsigned char)56, false>, 0>&, hls::stream<hls::Scalar<1, ap_uint<10> >, 0>&, unsigned short&, unsigned short&)' (C:/github/zybo_z7_cam_rpi_v2_5mp_hdmi/zybo_z7_imx219/zybo_z7_imx219.runs/design_1_v_demosaic_0_0_synth_1/prj/sol/.autopilot/db/v_demosaic.cpp:182:17)
INFO: [HLS 214-131] Inlining function 'hls::Scalar<3, ap_uint<10> >::Scalar()' into 'DebayerG(hls::stream<hls::Scalar<1, ap_uint<10> >, 0>&, hls::stream<hls::Scalar<3, ap_uint<10> >, 0>&, unsigned short&, unsigned short&, unsigned short&)' (C:/github/zybo_z7_cam_rpi_v2_5mp_hdmi/zybo_z7_imx219/zybo_z7_imx219.runs/design_1_v_demosaic_0_0_synth_1/prj/sol/.autopilot/db/v_demosaic.cpp:278:21)
INFO: [HLS 214-131] Inlining function 'hls::Scalar<1, ap_uint<10> >::Scalar()' into 'DebayerG(hls::stream<hls::Scalar<1, ap_uint<10> >, 0>&, hls::stream<hls::Scalar<3, ap_uint<10> >, 0>&, unsigned short&, unsigned short&, unsigned short&)' (C:/github/zybo_z7_cam_rpi_v2_5mp_hdmi/zybo_z7_imx219/zybo_z7_imx219.runs/design_1_v_demosaic_0_0_synth_1/prj/sol/.autopilot/db/v_demosaic.cpp:280:23)
INFO: [HLS 214-131] Inlining function 'hls::Scalar<3, ap_uint<10> >::Scalar()' into 'hls::Window<3, 3, hls::Scalar<3, ap_uint<10> > >::Window()' (c:/github/zybo_z7_cam_rpi_v2_5mp_hdmi/zybo_z7_imx219/zybo_z7_imx219.gen/sources_1/bd/design_1/ip/design_1_v_demosaic_0_0/src/hls/hls_video_mem.h:65:5)
INFO: [HLS 214-131] Inlining function 'hls::Scalar<3, ap_uint<10> >::Scalar()' into 'DebayerRatBorBatR(hls::stream<hls::Scalar<3, ap_uint<10> >, 0>&, hls::stream<hls::Scalar<3, ap_uint<10> >, 0>&, unsigned short&, unsigned short&, unsigned short&)' (C:/github/zybo_z7_cam_rpi_v2_5mp_hdmi/zybo_z7_imx219/zybo_z7_imx219.runs/design_1_v_demosaic_0_0_synth_1/prj/sol/.autopilot/db/v_demosaic.cpp:610:21)
INFO: [HLS 214-131] Inlining function 'hls::Scalar<3, ap_uint<10> >::Scalar()' into 'DebayerRandBatG(hls::stream<hls::Scalar<3, ap_uint<10> >, 0>&, hls::stream<hls::Scalar<3, ap_uint<10> >, 0>&, unsigned short&, unsigned short&, unsigned short&)' (C:/github/zybo_z7_cam_rpi_v2_5mp_hdmi/zybo_z7_imx219/zybo_z7_imx219.runs/design_1_v_demosaic_0_0_synth_1/prj/sol/.autopilot/db/v_demosaic.cpp:858:21)
INFO: [HLS 214-131] Inlining function 'hls::Scalar<3, ap_uint<10> >::Scalar()' into 'ZipperRemoval(hls::stream<hls::Scalar<3, ap_uint<10> >, 0>&, hls::stream<hls::Scalar<3, ap_uint<10> >, 0>&, unsigned short&, unsigned short&)' (C:/github/zybo_z7_cam_rpi_v2_5mp_hdmi/zybo_z7_imx219/zybo_z7_imx219.runs/design_1_v_demosaic_0_0_synth_1/prj/sol/.autopilot/db/v_demosaic.cpp:1087:21)
INFO: [HLS 214-131] Inlining function 'hls::Scalar<3, ap_uint<10> >::Scalar()' into 'MultiPixStream2AXIvideo(hls::stream<hls::Scalar<3, ap_uint<10> >, 0>&, hls::stream<hls::axis<ap_uint<30>, 1ul, 1ul, 1ul, (unsigned char)56, false>, 0>&, unsigned short&, unsigned short&)' (C:/github/zybo_z7_cam_rpi_v2_5mp_hdmi/zybo_z7_imx219/zybo_z7_imx219.runs/design_1_v_demosaic_0_0_synth_1/prj/sol/.autopilot/db/v_demosaic.cpp:215:21)
INFO: [HLS 214-377] Adding 'pixWindow' into disaggregation list because there's array-partition pragma applied on the struct field (C:/github/zybo_z7_cam_rpi_v2_5mp_hdmi/zybo_z7_imx219/zybo_z7_imx219.runs/design_1_v_demosaic_0_0_synth_1/prj/sol/.autopilot/db/v_demosaic.cpp:857:66)
INFO: [HLS 214-377] Adding 'pixWindow' into disaggregation list because there's array-partition pragma applied on the struct field (C:/github/zybo_z7_cam_rpi_v2_5mp_hdmi/zybo_z7_imx219/zybo_z7_imx219.runs/design_1_v_demosaic_0_0_synth_1/prj/sol/.autopilot/db/v_demosaic.cpp:609:66)
INFO: [HLS 214-377] Adding 'bayerWindow' into disaggregation list because there's array-partition pragma applied on the struct field (C:/github/zybo_z7_cam_rpi_v2_5mp_hdmi/zybo_z7_imx219/zybo_z7_imx219.runs/design_1_v_demosaic_0_0_synth_1/prj/sol/.autopilot/db/v_demosaic.cpp:277:18)
INFO: [HLS 214-377] Adding 'pix' into disaggregation list because there's array-partition pragma applied on the struct field (c:/github/zybo_z7_cam_rpi_v2_5mp_hdmi/zybo_z7_imx219/zybo_z7_imx219.gen/sources_1/bd/design_1/ip/design_1_v_demosaic_0_0/src/hls/hls_video_core.h:198:1)
INFO: [HLS 214-377] Adding 'outpix' into disaggregation list because there's array-partition pragma applied on the struct field (c:/github/zybo_z7_cam_rpi_v2_5mp_hdmi/zybo_z7_imx219/zybo_z7_imx219.gen/sources_1/bd/design_1/ip/design_1_v_demosaic_0_0/src/hls/hls_video_core.h:198:1)
INFO: [HLS 214-377] Adding 'inpix' into disaggregation list because there's array-partition pragma applied on the struct field (c:/github/zybo_z7_cam_rpi_v2_5mp_hdmi/zybo_z7_imx219/zybo_z7_imx219.gen/sources_1/bd/design_1/ip/design_1_v_demosaic_0_0/src/hls/hls_video_core.h:198:1)
INFO: [HLS 214-377] Adding 'p' into disaggregation list because there's array-partition pragma applied on the struct field (c:/github/zybo_z7_cam_rpi_v2_5mp_hdmi/zybo_z7_imx219/zybo_z7_imx219.gen/sources_1/bd/design_1/ip/design_1_v_demosaic_0_0/src/hls/hls_video_core.h:198:1)
INFO: [HLS 214-377] Adding 'p164' into disaggregation list because there's array-partition pragma applied on the struct field (c:/github/zybo_z7_cam_rpi_v2_5mp_hdmi/zybo_z7_imx219/zybo_z7_imx219.gen/sources_1/bd/design_1/ip/design_1_v_demosaic_0_0/src/hls/hls_video_core.h:198:1)
INFO: [HLS 214-377] Adding 'PixBufVal' into disaggregation list because there's array-partition pragma applied on the struct field (c:/github/zybo_z7_cam_rpi_v2_5mp_hdmi/zybo_z7_imx219/zybo_z7_imx219.gen/sources_1/bd/design_1/ip/design_1_v_demosaic_0_0/src/hls/hls_video_core.h:198:1)
INFO: [HLS 214-377] Adding 'p253' into disaggregation list because there's array-partition pragma applied on the struct field (c:/github/zybo_z7_cam_rpi_v2_5mp_hdmi/zybo_z7_imx219/zybo_z7_imx219.gen/sources_1/bd/design_1/ip/design_1_v_demosaic_0_0/src/hls/hls_video_core.h:198:1)
INFO: [HLS 214-377] Adding 'lineBuffer' into disaggregation list because there's array-partition pragma applied on the struct field (C:/github/zybo_z7_cam_rpi_v2_5mp_hdmi/zybo_z7_imx219/zybo_z7_imx219.runs/design_1_v_demosaic_0_0_synth_1/prj/sol/.autopilot/db/v_demosaic.cpp:862:67)
INFO: [HLS 214-377] Adding 'pixBuf' into disaggregation list because there's array-partition pragma applied on the struct field (c:/github/zybo_z7_cam_rpi_v2_5mp_hdmi/zybo_z7_imx219/zybo_z7_imx219.gen/sources_1/bd/design_1/ip/design_1_v_demosaic_0_0/src/hls/hls_video_core.h:198:1)
INFO: [HLS 214-377] Adding 'lineBuffer' into disaggregation list because there's array-partition pragma applied on the struct field (C:/github/zybo_z7_cam_rpi_v2_5mp_hdmi/zybo_z7_imx219/zybo_z7_imx219.runs/design_1_v_demosaic_0_0_synth_1/prj/sol/.autopilot/db/v_demosaic.cpp:614:67)
INFO: [HLS 214-377] Adding 'linebuf_yuv' into disaggregation list because there's array-partition pragma applied on the struct field (C:/github/zybo_z7_cam_rpi_v2_5mp_hdmi/zybo_z7_imx219/zybo_z7_imx219.runs/design_1_v_demosaic_0_0_synth_1/prj/sol/.autopilot/db/v_demosaic.cpp:283:61)
INFO: [HLS 214-210] Disaggregating variable 'pix' (C:/github/zybo_z7_cam_rpi_v2_5mp_hdmi/zybo_z7_imx219/zybo_z7_imx219.runs/design_1_v_demosaic_0_0_synth_1/prj/sol/.autopilot/db/v_demosaic.cpp:142:23)
Resolution: For help on HLS 214-210 see docs.amd.com/access/sources/dita/topic?Doc_Version=2025.2%20English&url=ug1448-hls-guidance&resourceid=214-210.html
INFO: [HLS 214-210] Disaggregating variable 'PixBufVal' (C:/github/zybo_z7_cam_rpi_v2_5mp_hdmi/zybo_z7_imx219/zybo_z7_imx219.runs/design_1_v_demosaic_0_0_synth_1/prj/sol/.autopilot/db/v_demosaic.cpp:402:39)
Resolution: For help on HLS 214-210 see docs.amd.com/access/sources/dita/topic?Doc_Version=2025.2%20English&url=ug1448-hls-guidance&resourceid=214-210.html
INFO: [HLS 214-210] Disaggregating variable 'linebuf_yuv' (C:/github/zybo_z7_cam_rpi_v2_5mp_hdmi/zybo_z7_imx219/zybo_z7_imx219.runs/design_1_v_demosaic_0_0_synth_1/prj/sol/.autopilot/db/v_demosaic.cpp:283:61)
Resolution: For help on HLS 214-210 see docs.amd.com/access/sources/dita/topic?Doc_Version=2025.2%20English&url=ug1448-hls-guidance&resourceid=214-210.html
INFO: [HLS 214-210] Disaggregating variable 'pixBuf' (C:/github/zybo_z7_cam_rpi_v2_5mp_hdmi/zybo_z7_imx219/zybo_z7_imx219.runs/design_1_v_demosaic_0_0_synth_1/prj/sol/.autopilot/db/v_demosaic.cpp:281:23)
Resolution: For help on HLS 214-210 see docs.amd.com/access/sources/dita/topic?Doc_Version=2025.2%20English&url=ug1448-hls-guidance&resourceid=214-210.html
INFO: [HLS 214-210] Disaggregating variable 'pix' (C:/github/zybo_z7_cam_rpi_v2_5mp_hdmi/zybo_z7_imx219/zybo_z7_imx219.runs/design_1_v_demosaic_0_0_synth_1/prj/sol/.autopilot/db/v_demosaic.cpp:280:23)
Resolution: For help on HLS 214-210 see docs.amd.com/access/sources/dita/topic?Doc_Version=2025.2%20English&url=ug1448-hls-guidance&resourceid=214-210.html
INFO: [HLS 214-210] Disaggregating variable 'outpix' (C:/github/zybo_z7_cam_rpi_v2_5mp_hdmi/zybo_z7_imx219/zybo_z7_imx219.runs/design_1_v_demosaic_0_0_synth_1/prj/sol/.autopilot/db/v_demosaic.cpp:278:21)
Resolution: For help on HLS 214-210 see docs.amd.com/access/sources/dita/topic?Doc_Version=2025.2%20English&url=ug1448-hls-guidance&resourceid=214-210.html
INFO: [HLS 214-210] Disaggregating variable 'bayerWindow' (C:/github/zybo_z7_cam_rpi_v2_5mp_hdmi/zybo_z7_imx219/zybo_z7_imx219.runs/design_1_v_demosaic_0_0_synth_1/prj/sol/.autopilot/db/v_demosaic.cpp:277:18)
Resolution: For help on HLS 214-210 see docs.amd.com/access/sources/dita/topic?Doc_Version=2025.2%20English&url=ug1448-hls-guidance&resourceid=214-210.html
INFO: [HLS 214-210] Disaggregating variable 'p253' (C:/github/zybo_z7_cam_rpi_v2_5mp_hdmi/zybo_z7_imx219/zybo_z7_imx219.runs/design_1_v_demosaic_0_0_synth_1/prj/sol/.autopilot/db/v_demosaic.cpp:748:31)
Resolution: For help on HLS 214-210 see docs.amd.com/access/sources/dita/topic?Doc_Version=2025.2%20English&url=ug1448-hls-guidance&resourceid=214-210.html
INFO: [HLS 214-210] Disaggregating variable 'PixBufVal' (C:/github/zybo_z7_cam_rpi_v2_5mp_hdmi/zybo_z7_imx219/zybo_z7_imx219.runs/design_1_v_demosaic_0_0_synth_1/prj/sol/.autopilot/db/v_demosaic.cpp:727:37)
Resolution: For help on HLS 214-210 see docs.amd.com/access/sources/dita/topic?Doc_Version=2025.2%20English&url=ug1448-hls-guidance&resourceid=214-210.html
INFO: [HLS 214-210] Disaggregating variable 'p164' (C:/github/zybo_z7_cam_rpi_v2_5mp_hdmi/zybo_z7_imx219/zybo_z7_imx219.runs/design_1_v_demosaic_0_0_synth_1/prj/sol/.autopilot/db/v_demosaic.cpp:712:35)
Resolution: For help on HLS 214-210 see docs.amd.com/access/sources/dita/topic?Doc_Version=2025.2%20English&url=ug1448-hls-guidance&resourceid=214-210.html
INFO: [HLS 214-210] Disaggregating variable 'p' (C:/github/zybo_z7_cam_rpi_v2_5mp_hdmi/zybo_z7_imx219/zybo_z7_imx219.runs/design_1_v_demosaic_0_0_synth_1/prj/sol/.autopilot/db/v_demosaic.cpp:702:35)
Resolution: For help on HLS 214-210 see docs.amd.com/access/sources/dita/topic?Doc_Version=2025.2%20English&url=ug1448-hls-guidance&resourceid=214-210.html
INFO: [HLS 214-210] Disaggregating variable 'lineBuffer' (C:/github/zybo_z7_cam_rpi_v2_5mp_hdmi/zybo_z7_imx219/zybo_z7_imx219.runs/design_1_v_demosaic_0_0_synth_1/prj/sol/.autopilot/db/v_demosaic.cpp:614:67)
Resolution: For help on HLS 214-210 see docs.amd.com/access/sources/dita/topic?Doc_Version=2025.2%20English&url=ug1448-hls-guidance&resourceid=214-210.html
INFO: [HLS 214-210] Disaggregating variable 'pixBuf' (C:/github/zybo_z7_cam_rpi_v2_5mp_hdmi/zybo_z7_imx219/zybo_z7_imx219.runs/design_1_v_demosaic_0_0_synth_1/prj/sol/.autopilot/db/v_demosaic.cpp:612:21)
Resolution: For help on HLS 214-210 see docs.amd.com/access/sources/dita/topic?Doc_Version=2025.2%20English&url=ug1448-hls-guidance&resourceid=214-210.html
INFO: [HLS 214-210] Disaggregating variable 'outpix' (C:/github/zybo_z7_cam_rpi_v2_5mp_hdmi/zybo_z7_imx219/zybo_z7_imx219.runs/design_1_v_demosaic_0_0_synth_1/prj/sol/.autopilot/db/v_demosaic.cpp:610:26)
Resolution: For help on HLS 214-210 see docs.amd.com/access/sources/dita/topic?Doc_Version=2025.2%20English&url=ug1448-hls-guidance&resourceid=214-210.html
INFO: [HLS 214-210] Disaggregating variable 'pix' (C:/github/zybo_z7_cam_rpi_v2_5mp_hdmi/zybo_z7_imx219/zybo_z7_imx219.runs/design_1_v_demosaic_0_0_synth_1/prj/sol/.autopilot/db/v_demosaic.cpp:610:21)
Resolution: For help on HLS 214-210 see docs.amd.com/access/sources/dita/topic?Doc_Version=2025.2%20English&url=ug1448-hls-guidance&resourceid=214-210.html
INFO: [HLS 214-210] Disaggregating variable 'pixWindow' (C:/github/zybo_z7_cam_rpi_v2_5mp_hdmi/zybo_z7_imx219/zybo_z7_imx219.runs/design_1_v_demosaic_0_0_synth_1/prj/sol/.autopilot/db/v_demosaic.cpp:609:66)
Resolution: For help on HLS 214-210 see docs.amd.com/access/sources/dita/topic?Doc_Version=2025.2%20English&url=ug1448-hls-guidance&resourceid=214-210.html
INFO: [HLS 214-210] Disaggregating variable 'p253' (C:/github/zybo_z7_cam_rpi_v2_5mp_hdmi/zybo_z7_imx219/zybo_z7_imx219.runs/design_1_v_demosaic_0_0_synth_1/prj/sol/.autopilot/db/v_demosaic.cpp:995:31)
Resolution: For help on HLS 214-210 see docs.amd.com/access/sources/dita/topic?Doc_Version=2025.2%20English&url=ug1448-hls-guidance&resourceid=214-210.html
INFO: [HLS 214-210] Disaggregating variable 'PixBufVal' (C:/github/zybo_z7_cam_rpi_v2_5mp_hdmi/zybo_z7_imx219/zybo_z7_imx219.runs/design_1_v_demosaic_0_0_synth_1/prj/sol/.autopilot/db/v_demosaic.cpp:974:37)
Resolution: For help on HLS 214-210 see docs.amd.com/access/sources/dita/topic?Doc_Version=2025.2%20English&url=ug1448-hls-guidance&resourceid=214-210.html
INFO: [HLS 214-210] Disaggregating variable 'p164' (C:/github/zybo_z7_cam_rpi_v2_5mp_hdmi/zybo_z7_imx219/zybo_z7_imx219.runs/design_1_v_demosaic_0_0_synth_1/prj/sol/.autopilot/db/v_demosaic.cpp:959:35)
Resolution: For help on HLS 214-210 see docs.amd.com/access/sources/dita/topic?Doc_Version=2025.2%20English&url=ug1448-hls-guidance&resourceid=214-210.html
INFO: [HLS 214-210] Disaggregating variable 'p' (C:/github/zybo_z7_cam_rpi_v2_5mp_hdmi/zybo_z7_imx219/zybo_z7_imx219.runs/design_1_v_demosaic_0_0_synth_1/prj/sol/.autopilot/db/v_demosaic.cpp:949:35)
Resolution: For help on HLS 214-210 see docs.amd.com/access/sources/dita/topic?Doc_Version=2025.2%20English&url=ug1448-hls-guidance&resourceid=214-210.html
INFO: [HLS 214-210] Disaggregating variable 'lineBuffer' (C:/github/zybo_z7_cam_rpi_v2_5mp_hdmi/zybo_z7_imx219/zybo_z7_imx219.runs/design_1_v_demosaic_0_0_synth_1/prj/sol/.autopilot/db/v_demosaic.cpp:862:67)
Resolution: For help on HLS 214-210 see docs.amd.com/access/sources/dita/topic?Doc_Version=2025.2%20English&url=ug1448-hls-guidance&resourceid=214-210.html
INFO: [HLS 214-210] Disaggregating variable 'pixBuf' (C:/github/zybo_z7_cam_rpi_v2_5mp_hdmi/zybo_z7_imx219/zybo_z7_imx219.runs/design_1_v_demosaic_0_0_synth_1/prj/sol/.autopilot/db/v_demosaic.cpp:860:21)
Resolution: For help on HLS 214-210 see docs.amd.com/access/sources/dita/topic?Doc_Version=2025.2%20English&url=ug1448-hls-guidance&resourceid=214-210.html
INFO: [HLS 214-210] Disaggregating variable 'outpix' (C:/github/zybo_z7_cam_rpi_v2_5mp_hdmi/zybo_z7_imx219/zybo_z7_imx219.runs/design_1_v_demosaic_0_0_synth_1/prj/sol/.autopilot/db/v_demosaic.cpp:858:26)
Resolution: For help on HLS 214-210 see docs.amd.com/access/sources/dita/topic?Doc_Version=2025.2%20English&url=ug1448-hls-guidance&resourceid=214-210.html
INFO: [HLS 214-210] Disaggregating variable 'pix' (C:/github/zybo_z7_cam_rpi_v2_5mp_hdmi/zybo_z7_imx219/zybo_z7_imx219.runs/design_1_v_demosaic_0_0_synth_1/prj/sol/.autopilot/db/v_demosaic.cpp:858:21)
Resolution: For help on HLS 214-210 see docs.amd.com/access/sources/dita/topic?Doc_Version=2025.2%20English&url=ug1448-hls-guidance&resourceid=214-210.html
INFO: [HLS 214-210] Disaggregating variable 'pixWindow' (C:/github/zybo_z7_cam_rpi_v2_5mp_hdmi/zybo_z7_imx219/zybo_z7_imx219.runs/design_1_v_demosaic_0_0_synth_1/prj/sol/.autopilot/db/v_demosaic.cpp:857:66)
Resolution: For help on HLS 214-210 see docs.amd.com/access/sources/dita/topic?Doc_Version=2025.2%20English&url=ug1448-hls-guidance&resourceid=214-210.html
INFO: [HLS 214-210] Disaggregating variable 'outpix' (C:/github/zybo_z7_cam_rpi_v2_5mp_hdmi/zybo_z7_imx219/zybo_z7_imx219.runs/design_1_v_demosaic_0_0_synth_1/prj/sol/.autopilot/db/v_demosaic.cpp:1087:28)
Resolution: For help on HLS 214-210 see docs.amd.com/access/sources/dita/topic?Doc_Version=2025.2%20English&url=ug1448-hls-guidance&resourceid=214-210.html
INFO: [HLS 214-210] Disaggregating variable 'inpix' (C:/github/zybo_z7_cam_rpi_v2_5mp_hdmi/zybo_z7_imx219/zybo_z7_imx219.runs/design_1_v_demosaic_0_0_synth_1/prj/sol/.autopilot/db/v_demosaic.cpp:1087:21)
Resolution: For help on HLS 214-210 see docs.amd.com/access/sources/dita/topic?Doc_Version=2025.2%20English&url=ug1448-hls-guidance&resourceid=214-210.html
INFO: [HLS 214-210] Disaggregating variable 'pix' (C:/github/zybo_z7_cam_rpi_v2_5mp_hdmi/zybo_z7_imx219/zybo_z7_imx219.runs/design_1_v_demosaic_0_0_synth_1/prj/sol/.autopilot/db/v_demosaic.cpp:215:21)
Resolution: For help on HLS 214-210 see docs.amd.com/access/sources/dita/topic?Doc_Version=2025.2%20English&url=ug1448-hls-guidance&resourceid=214-210.html
INFO: [HLS 214-291] Loop 'VITIS_LOOP_248_3' is marked as complete unroll implied by the pipeline pragma (C:/github/zybo_z7_cam_rpi_v2_5mp_hdmi/zybo_z7_imx219/zybo_z7_imx219.runs/design_1_v_demosaic_0_0_synth_1/prj/sol/.autopilot/db/v_demosaic.cpp:248:31)
INFO: [HLS 214-291] Loop 'VITIS_LOOP_250_4' is marked as complete unroll implied by the pipeline pragma (C:/github/zybo_z7_cam_rpi_v2_5mp_hdmi/zybo_z7_imx219/zybo_z7_imx219.runs/design_1_v_demosaic_0_0_synth_1/prj/sol/.autopilot/db/v_demosaic.cpp:250:35)
INFO: [HLS 214-291] Loop 'VITIS_LOOP_1112_3' is marked as complete unroll implied by the pipeline pragma (C:/github/zybo_z7_cam_rpi_v2_5mp_hdmi/zybo_z7_imx219/zybo_z7_imx219.runs/design_1_v_demosaic_0_0_synth_1/prj/sol/.autopilot/db/v_demosaic.cpp:1112:32)
INFO: [HLS 214-291] Loop 'VITIS_LOOP_1115_4' is marked as complete unroll implied by the pipeline pragma (C:/github/zybo_z7_cam_rpi_v2_5mp_hdmi/zybo_z7_imx219/zybo_z7_imx219.runs/design_1_v_demosaic_0_0_synth_1/prj/sol/.autopilot/db/v_demosaic.cpp:1115:36)
INFO: [HLS 214-291] Loop 'VITIS_LOOP_1135_5' is marked as complete unroll implied by the pipeline pragma (C:/github/zybo_z7_cam_rpi_v2_5mp_hdmi/zybo_z7_imx219/zybo_z7_imx219.runs/design_1_v_demosaic_0_0_synth_1/prj/sol/.autopilot/db/v_demosaic.cpp:1135:32)
INFO: [HLS 214-291] Loop 'VITIS_LOOP_894_3' is marked as complete unroll implied by the pipeline pragma (C:/github/zybo_z7_cam_rpi_v2_5mp_hdmi/zybo_z7_imx219/zybo_z7_imx219.runs/design_1_v_demosaic_0_0_synth_1/prj/sol/.autopilot/db/v_demosaic.cpp:894:35)
INFO: [HLS 214-291] Loop 'VITIS_LOOP_897_4' is marked as complete unroll implied by the pipeline pragma (C:/github/zybo_z7_cam_rpi_v2_5mp_hdmi/zybo_z7_imx219/zybo_z7_imx219.runs/design_1_v_demosaic_0_0_synth_1/prj/sol/.autopilot/db/v_demosaic.cpp:897:39)
INFO: [HLS 214-291] Loop 'VITIS_LOOP_899_5' is marked as complete unroll implied by the pipeline pragma (C:/github/zybo_z7_cam_rpi_v2_5mp_hdmi/zybo_z7_imx219/zybo_z7_imx219.runs/design_1_v_demosaic_0_0_synth_1/prj/sol/.autopilot/db/v_demosaic.cpp:899:43)
INFO: [HLS 214-291] Loop 'VITIS_LOOP_907_6' is marked as complete unroll implied by the pipeline pragma (C:/github/zybo_z7_cam_rpi_v2_5mp_hdmi/zybo_z7_imx219/zybo_z7_imx219.runs/design_1_v_demosaic_0_0_synth_1/prj/sol/.autopilot/db/v_demosaic.cpp:907:35)
INFO: [HLS 214-291] Loop 'VITIS_LOOP_914_7' is marked as complete unroll implied by the pipeline pragma (C:/github/zybo_z7_cam_rpi_v2_5mp_hdmi/zybo_z7_imx219/zybo_z7_imx219.runs/design_1_v_demosaic_0_0_synth_1/prj/sol/.autopilot/db/v_demosaic.cpp:914:39)
INFO: [HLS 214-291] Loop 'VITIS_LOOP_916_8' is marked as complete unroll implied by the pipeline pragma (C:/github/zybo_z7_cam_rpi_v2_5mp_hdmi/zybo_z7_imx219/zybo_z7_imx219.runs/design_1_v_demosaic_0_0_synth_1/prj/sol/.autopilot/db/v_demosaic.cpp:916:43)
INFO: [HLS 214-291] Loop 'VITIS_LOOP_929_9' is marked as complete unroll implied by the pipeline pragma (C:/github/zybo_z7_cam_rpi_v2_5mp_hdmi/zybo_z7_imx219/zybo_z7_imx219.runs/design_1_v_demosaic_0_0_synth_1/prj/sol/.autopilot/db/v_demosaic.cpp:929:31)
INFO: [HLS 214-291] Loop 'VITIS_LOOP_931_10' is marked as complete unroll implied by the pipeline pragma (C:/github/zybo_z7_cam_rpi_v2_5mp_hdmi/zybo_z7_imx219/zybo_z7_imx219.runs/design_1_v_demosaic_0_0_synth_1/prj/sol/.autopilot/db/v_demosaic.cpp:931:36)
INFO: [HLS 214-291] Loop 'VITIS_LOOP_993_17' is marked as complete unroll implied by the pipeline pragma (C:/github/zybo_z7_cam_rpi_v2_5mp_hdmi/zybo_z7_imx219/zybo_z7_imx219.runs/design_1_v_demosaic_0_0_synth_1/prj/sol/.autopilot/db/v_demosaic.cpp:993:36)
INFO: [HLS 214-291] Loop 'VITIS_LOOP_999_18' is marked as complete unroll implied by the pipeline pragma (C:/github/zybo_z7_cam_rpi_v2_5mp_hdmi/zybo_z7_imx219/zybo_z7_imx219.runs/design_1_v_demosaic_0_0_synth_1/prj/sol/.autopilot/db/v_demosaic.cpp:999:40)
INFO: [HLS 214-291] Loop 'VITIS_LOOP_940_11' is marked as complete unroll implied by the pipeline pragma (C:/github/zybo_z7_cam_rpi_v2_5mp_hdmi/zybo_z7_imx219/zybo_z7_imx219.runs/design_1_v_demosaic_0_0_synth_1/prj/sol/.autopilot/db/v_demosaic.cpp:940:36)
INFO: [HLS 214-291] Loop 'VITIS_LOOP_943_12' is marked as complete unroll implied by the pipeline pragma (C:/github/zybo_z7_cam_rpi_v2_5mp_hdmi/zybo_z7_imx219/zybo_z7_imx219.runs/design_1_v_demosaic_0_0_synth_1/prj/sol/.autopilot/db/v_demosaic.cpp:943:40)
INFO: [HLS 214-291] Loop 'VITIS_LOOP_963_13' is marked as complete unroll implied by the pipeline pragma (C:/github/zybo_z7_cam_rpi_v2_5mp_hdmi/zybo_z7_imx219/zybo_z7_imx219.runs/design_1_v_demosaic_0_0_synth_1/prj/sol/.autopilot/db/v_demosaic.cpp:963:44)
INFO: [HLS 214-291] Loop 'VITIS_LOOP_971_14' is marked as complete unroll implied by the pipeline pragma (C:/github/zybo_z7_cam_rpi_v2_5mp_hdmi/zybo_z7_imx219/zybo_z7_imx219.runs/design_1_v_demosaic_0_0_synth_1/prj/sol/.autopilot/db/v_demosaic.cpp:971:36)
INFO: [HLS 214-291] Loop 'VITIS_LOOP_979_15' is marked as complete unroll implied by the pipeline pragma (C:/github/zybo_z7_cam_rpi_v2_5mp_hdmi/zybo_z7_imx219/zybo_z7_imx219.runs/design_1_v_demosaic_0_0_synth_1/prj/sol/.autopilot/db/v_demosaic.cpp:979:40)
INFO: [HLS 214-291] Loop 'VITIS_LOOP_981_16' is marked as complete unroll implied by the pipeline pragma (C:/github/zybo_z7_cam_rpi_v2_5mp_hdmi/zybo_z7_imx219/zybo_z7_imx219.runs/design_1_v_demosaic_0_0_synth_1/prj/sol/.autopilot/db/v_demosaic.cpp:981:44)
INFO: [HLS 214-291] Loop 'VITIS_LOOP_1006_19' is marked as complete unroll implied by the pipeline pragma (C:/github/zybo_z7_cam_rpi_v2_5mp_hdmi/zybo_z7_imx219/zybo_z7_imx219.runs/design_1_v_demosaic_0_0_synth_1/prj/sol/.autopilot/db/v_demosaic.cpp:1006:33)
INFO: [HLS 214-291] Loop 'VITIS_LOOP_646_3' is marked as complete unroll implied by the pipeline pragma (C:/github/zybo_z7_cam_rpi_v2_5mp_hdmi/zybo_z7_imx219/zybo_z7_imx219.runs/design_1_v_demosaic_0_0_synth_1/prj/sol/.autopilot/db/v_demosaic.cpp:646:35)
INFO: [HLS 214-291] Loop 'VITIS_LOOP_649_4' is marked as complete unroll implied by the pipeline pragma (C:/github/zybo_z7_cam_rpi_v2_5mp_hdmi/zybo_z7_imx219/zybo_z7_imx219.runs/design_1_v_demosaic_0_0_synth_1/prj/sol/.autopilot/db/v_demosaic.cpp:649:39)
INFO: [HLS 214-291] Loop 'VITIS_LOOP_651_5' is marked as complete unroll implied by the pipeline pragma (C:/github/zybo_z7_cam_rpi_v2_5mp_hdmi/zybo_z7_imx219/zybo_z7_imx219.runs/design_1_v_demosaic_0_0_synth_1/prj/sol/.autopilot/db/v_demosaic.cpp:651:43)
INFO: [HLS 214-291] Loop 'VITIS_LOOP_660_6' is marked as complete unroll implied by the pipeline pragma (C:/github/zybo_z7_cam_rpi_v2_5mp_hdmi/zybo_z7_imx219/zybo_z7_imx219.runs/design_1_v_demosaic_0_0_synth_1/prj/sol/.autopilot/db/v_demosaic.cpp:660:35)
INFO: [HLS 214-291] Loop 'VITIS_LOOP_667_7' is marked as complete unroll implied by the pipeline pragma (C:/github/zybo_z7_cam_rpi_v2_5mp_hdmi/zybo_z7_imx219/zybo_z7_imx219.runs/design_1_v_demosaic_0_0_synth_1/prj/sol/.autopilot/db/v_demosaic.cpp:667:39)
INFO: [HLS 214-291] Loop 'VITIS_LOOP_669_8' is marked as complete unroll implied by the pipeline pragma (C:/github/zybo_z7_cam_rpi_v2_5mp_hdmi/zybo_z7_imx219/zybo_z7_imx219.runs/design_1_v_demosaic_0_0_synth_1/prj/sol/.autopilot/db/v_demosaic.cpp:669:43)
INFO: [HLS 214-291] Loop 'VITIS_LOOP_682_9' is marked as complete unroll implied by the pipeline pragma (C:/github/zybo_z7_cam_rpi_v2_5mp_hdmi/zybo_z7_imx219/zybo_z7_imx219.runs/design_1_v_demosaic_0_0_synth_1/prj/sol/.autopilot/db/v_demosaic.cpp:682:31)
INFO: [HLS 214-291] Loop 'VITIS_LOOP_684_10' is marked as complete unroll implied by the pipeline pragma (C:/github/zybo_z7_cam_rpi_v2_5mp_hdmi/zybo_z7_imx219/zybo_z7_imx219.runs/design_1_v_demosaic_0_0_synth_1/prj/sol/.autopilot/db/v_demosaic.cpp:684:36)
INFO: [HLS 214-291] Loop 'VITIS_LOOP_746_17' is marked as complete unroll implied by the pipeline pragma (C:/github/zybo_z7_cam_rpi_v2_5mp_hdmi/zybo_z7_imx219/zybo_z7_imx219.runs/design_1_v_demosaic_0_0_synth_1/prj/sol/.autopilot/db/v_demosaic.cpp:746:36)
INFO: [HLS 214-291] Loop 'VITIS_LOOP_752_18' is marked as complete unroll implied by the pipeline pragma (C:/github/zybo_z7_cam_rpi_v2_5mp_hdmi/zybo_z7_imx219/zybo_z7_imx219.runs/design_1_v_demosaic_0_0_synth_1/prj/sol/.autopilot/db/v_demosaic.cpp:752:40)
INFO: [HLS 214-291] Loop 'VITIS_LOOP_693_11' is marked as complete unroll implied by the pipeline pragma (C:/github/zybo_z7_cam_rpi_v2_5mp_hdmi/zybo_z7_imx219/zybo_z7_imx219.runs/design_1_v_demosaic_0_0_synth_1/prj/sol/.autopilot/db/v_demosaic.cpp:693:36)
INFO: [HLS 214-291] Loop 'VITIS_LOOP_696_12' is marked as complete unroll implied by the pipeline pragma (C:/github/zybo_z7_cam_rpi_v2_5mp_hdmi/zybo_z7_imx219/zybo_z7_imx219.runs/design_1_v_demosaic_0_0_synth_1/prj/sol/.autopilot/db/v_demosaic.cpp:696:40)
INFO: [HLS 214-291] Loop 'VITIS_LOOP_716_13' is marked as complete unroll implied by the pipeline pragma (C:/github/zybo_z7_cam_rpi_v2_5mp_hdmi/zybo_z7_imx219/zybo_z7_imx219.runs/design_1_v_demosaic_0_0_synth_1/prj/sol/.autopilot/db/v_demosaic.cpp:716:44)
INFO: [HLS 214-291] Loop 'VITIS_LOOP_724_14' is marked as complete unroll implied by the pipeline pragma (C:/github/zybo_z7_cam_rpi_v2_5mp_hdmi/zybo_z7_imx219/zybo_z7_imx219.runs/design_1_v_demosaic_0_0_synth_1/prj/sol/.autopilot/db/v_demosaic.cpp:724:36)
INFO: [HLS 214-291] Loop 'VITIS_LOOP_732_15' is marked as complete unroll implied by the pipeline pragma (C:/github/zybo_z7_cam_rpi_v2_5mp_hdmi/zybo_z7_imx219/zybo_z7_imx219.runs/design_1_v_demosaic_0_0_synth_1/prj/sol/.autopilot/db/v_demosaic.cpp:732:40)
INFO: [HLS 214-291] Loop 'VITIS_LOOP_734_16' is marked as complete unroll implied by the pipeline pragma (C:/github/zybo_z7_cam_rpi_v2_5mp_hdmi/zybo_z7_imx219/zybo_z7_imx219.runs/design_1_v_demosaic_0_0_synth_1/prj/sol/.autopilot/db/v_demosaic.cpp:734:44)
INFO: [HLS 214-291] Loop 'VITIS_LOOP_760_19' is marked as complete unroll implied by the pipeline pragma (C:/github/zybo_z7_cam_rpi_v2_5mp_hdmi/zybo_z7_imx219/zybo_z7_imx219.runs/design_1_v_demosaic_0_0_synth_1/prj/sol/.autopilot/db/v_demosaic.cpp:760:32)
INFO: [HLS 214-291] Loop 'VITIS_LOOP_331_5' is marked as complete unroll implied by the pipeline pragma (C:/github/zybo_z7_cam_rpi_v2_5mp_hdmi/zybo_z7_imx219/zybo_z7_imx219.runs/design_1_v_demosaic_0_0_synth_1/prj/sol/.autopilot/db/v_demosaic.cpp:331:35)
INFO: [HLS 214-291] Loop 'VITIS_LOOP_334_6' is marked as complete unroll implied by the pipeline pragma (C:/github/zybo_z7_cam_rpi_v2_5mp_hdmi/zybo_z7_imx219/zybo_z7_imx219.runs/design_1_v_demosaic_0_0_synth_1/prj/sol/.autopilot/db/v_demosaic.cpp:334:39)
INFO: [HLS 214-291] Loop 'VITIS_LOOP_342_7' is marked as complete unroll implied by the pipeline pragma (C:/github/zybo_z7_cam_rpi_v2_5mp_hdmi/zybo_z7_imx219/zybo_z7_imx219.runs/design_1_v_demosaic_0_0_synth_1/prj/sol/.autopilot/db/v_demosaic.cpp:342:35)
INFO: [HLS 214-291] Loop 'VITIS_LOOP_349_8' is marked as complete unroll implied by the pipeline pragma (C:/github/zybo_z7_cam_rpi_v2_5mp_hdmi/zybo_z7_imx219/zybo_z7_imx219.runs/design_1_v_demosaic_0_0_synth_1/prj/sol/.autopilot/db/v_demosaic.cpp:349:39)
INFO: [HLS 214-291] Loop 'VITIS_LOOP_361_9' is marked as complete unroll implied by the pipeline pragma (C:/github/zybo_z7_cam_rpi_v2_5mp_hdmi/zybo_z7_imx219/zybo_z7_imx219.runs/design_1_v_demosaic_0_0_synth_1/prj/sol/.autopilot/db/v_demosaic.cpp:361:31)
INFO: [HLS 214-291] Loop 'VITIS_LOOP_363_10' is marked as complete unroll implied by the pipeline pragma (C:/github/zybo_z7_cam_rpi_v2_5mp_hdmi/zybo_z7_imx219/zybo_z7_imx219.runs/design_1_v_demosaic_0_0_synth_1/prj/sol/.autopilot/db/v_demosaic.cpp:363:36)
INFO: [HLS 214-291] Loop 'VITIS_LOOP_418_16' is marked as complete unroll implied by the pipeline pragma (C:/github/zybo_z7_cam_rpi_v2_5mp_hdmi/zybo_z7_imx219/zybo_z7_imx219.runs/design_1_v_demosaic_0_0_synth_1/prj/sol/.autopilot/db/v_demosaic.cpp:418:36)
INFO: [HLS 214-291] Loop 'VITIS_LOOP_422_17' is marked as complete unroll implied by the pipeline pragma (C:/github/zybo_z7_cam_rpi_v2_5mp_hdmi/zybo_z7_imx219/zybo_z7_imx219.runs/design_1_v_demosaic_0_0_synth_1/prj/sol/.autopilot/db/v_demosaic.cpp:422:40)
INFO: [HLS 214-291] Loop 'VITIS_LOOP_372_11' is marked as complete unroll implied by the pipeline pragma (C:/github/zybo_z7_cam_rpi_v2_5mp_hdmi/zybo_z7_imx219/zybo_z7_imx219.runs/design_1_v_demosaic_0_0_synth_1/prj/sol/.autopilot/db/v_demosaic.cpp:372:36)
INFO: [HLS 214-291] Loop 'VITIS_LOOP_375_12' is marked as complete unroll implied by the pipeline pragma (C:/github/zybo_z7_cam_rpi_v2_5mp_hdmi/zybo_z7_imx219/zybo_z7_imx219.runs/design_1_v_demosaic_0_0_synth_1/prj/sol/.autopilot/db/v_demosaic.cpp:375:40)
INFO: [HLS 214-291] Loop 'VITIS_LOOP_391_13' is marked as complete unroll implied by the pipeline pragma (C:/github/zybo_z7_cam_rpi_v2_5mp_hdmi/zybo_z7_imx219/zybo_z7_imx219.runs/design_1_v_demosaic_0_0_synth_1/prj/sol/.autopilot/db/v_demosaic.cpp:391:44)
INFO: [HLS 214-291] Loop 'VITIS_LOOP_399_14' is marked as complete unroll implied by the pipeline pragma (C:/github/zybo_z7_cam_rpi_v2_5mp_hdmi/zybo_z7_imx219/zybo_z7_imx219.runs/design_1_v_demosaic_0_0_synth_1/prj/sol/.autopilot/db/v_demosaic.cpp:399:36)
INFO: [HLS 214-291] Loop 'VITIS_LOOP_407_15' is marked as complete unroll implied by the pipeline pragma (C:/github/zybo_z7_cam_rpi_v2_5mp_hdmi/zybo_z7_imx219/zybo_z7_imx219.runs/design_1_v_demosaic_0_0_synth_1/prj/sol/.autopilot/db/v_demosaic.cpp:407:40)
INFO: [HLS 214-291] Loop 'VITIS_LOOP_429_18' is marked as complete unroll implied by the pipeline pragma (C:/github/zybo_z7_cam_rpi_v2_5mp_hdmi/zybo_z7_imx219/zybo_z7_imx219.runs/design_1_v_demosaic_0_0_synth_1/prj/sol/.autopilot/db/v_demosaic.cpp:429:32)
INFO: [HLS 214-291] Loop 'VITIS_LOOP_472_19' is marked as complete unroll implied by the pipeline pragma (C:/github/zybo_z7_cam_rpi_v2_5mp_hdmi/zybo_z7_imx219/zybo_z7_imx219.runs/design_1_v_demosaic_0_0_synth_1/prj/sol/.autopilot/db/v_demosaic.cpp:472:40)
INFO: [HLS 214-291] Loop 'VITIS_LOOP_490_20' is marked as complete unroll implied by the pipeline pragma (C:/github/zybo_z7_cam_rpi_v2_5mp_hdmi/zybo_z7_imx219/zybo_z7_imx219.runs/design_1_v_demosaic_0_0_synth_1/prj/sol/.autopilot/db/v_demosaic.cpp:490:40)
INFO: [HLS 214-291] Loop 'VITIS_LOOP_499_21' is marked as complete unroll implied by the pipeline pragma (C:/github/zybo_z7_cam_rpi_v2_5mp_hdmi/zybo_z7_imx219/zybo_z7_imx219.runs/design_1_v_demosaic_0_0_synth_1/prj/sol/.autopilot/db/v_demosaic.cpp:499:40)
INFO: [HLS 214-291] Loop 'VITIS_LOOP_180_1' is marked as complete unroll implied by the pipeline pragma (C:/github/zybo_z7_cam_rpi_v2_5mp_hdmi/zybo_z7_imx219/zybo_z7_imx219.runs/design_1_v_demosaic_0_0_synth_1/prj/sol/.autopilot/db/v_demosaic.cpp:180:31)
INFO: [HLS 214-186] Unrolling loop 'VITIS_LOOP_248_3' (C:/github/zybo_z7_cam_rpi_v2_5mp_hdmi/zybo_z7_imx219/zybo_z7_imx219.runs/design_1_v_demosaic_0_0_synth_1/prj/sol/.autopilot/db/v_demosaic.cpp:248:31) in function 'MultiPixStream2AXIvideo' completely with a factor of 1 (C:/github/zybo_z7_cam_rpi_v2_5mp_hdmi/zybo_z7_imx219/zybo_z7_imx219.runs/design_1_v_demosaic_0_0_synth_1/prj/sol/.autopilot/db/v_demosaic.cpp:213:0)
INFO: [HLS 214-186] Unrolling loop 'VITIS_LOOP_250_4' (C:/github/zybo_z7_cam_rpi_v2_5mp_hdmi/zybo_z7_imx219/zybo_z7_imx219.runs/design_1_v_demosaic_0_0_synth_1/prj/sol/.autopilot/db/v_demosaic.cpp:250:35) in function 'MultiPixStream2AXIvideo' completely with a factor of 3 (C:/github/zybo_z7_cam_rpi_v2_5mp_hdmi/zybo_z7_imx219/zybo_z7_imx219.runs/design_1_v_demosaic_0_0_synth_1/prj/sol/.autopilot/db/v_demosaic.cpp:213:0)
INFO: [HLS 214-186] Unrolling loop 'VITIS_LOOP_1112_3' (C:/github/zybo_z7_cam_rpi_v2_5mp_hdmi/zybo_z7_imx219/zybo_z7_imx219.runs/design_1_v_demosaic_0_0_synth_1/prj/sol/.autopilot/db/v_demosaic.cpp:1112:32) in function 'ZipperRemoval' completely with a factor of 1 (C:/github/zybo_z7_cam_rpi_v2_5mp_hdmi/zybo_z7_imx219/zybo_z7_imx219.runs/design_1_v_demosaic_0_0_synth_1/prj/sol/.autopilot/db/v_demosaic.cpp:1082:0)
INFO: [HLS 214-186] Unrolling loop 'VITIS_LOOP_1115_4' (C:/github/zybo_z7_cam_rpi_v2_5mp_hdmi/zybo_z7_imx219/zybo_z7_imx219.runs/design_1_v_demosaic_0_0_synth_1/prj/sol/.autopilot/db/v_demosaic.cpp:1115:36) in function 'ZipperRemoval' completely with a factor of 2 (C:/github/zybo_z7_cam_rpi_v2_5mp_hdmi/zybo_z7_imx219/zybo_z7_imx219.runs/design_1_v_demosaic_0_0_synth_1/prj/sol/.autopilot/db/v_demosaic.cpp:1082:0)
INFO: [HLS 214-186] Unrolling loop 'VITIS_LOOP_1135_5' (C:/github/zybo_z7_cam_rpi_v2_5mp_hdmi/zybo_z7_imx219/zybo_z7_imx219.runs/design_1_v_demosaic_0_0_synth_1/prj/sol/.autopilot/db/v_demosaic.cpp:1135:32) in function 'ZipperRemoval' completely with a factor of 1 (C:/github/zybo_z7_cam_rpi_v2_5mp_hdmi/zybo_z7_imx219/zybo_z7_imx219.runs/design_1_v_demosaic_0_0_synth_1/prj/sol/.autopilot/db/v_demosaic.cpp:1082:0)
INFO: [HLS 214-186] Unrolling loop 'VITIS_LOOP_894_3' (C:/github/zybo_z7_cam_rpi_v2_5mp_hdmi/zybo_z7_imx219/zybo_z7_imx219.runs/design_1_v_demosaic_0_0_synth_1/prj/sol/.autopilot/db/v_demosaic.cpp:894:35) in function 'DebayerRandBatG' completely with a factor of 3 (C:/github/zybo_z7_cam_rpi_v2_5mp_hdmi/zybo_z7_imx219/zybo_z7_imx219.runs/design_1_v_demosaic_0_0_synth_1/prj/sol/.autopilot/db/v_demosaic.cpp:847:0)
INFO: [HLS 214-186] Unrolling loop 'VITIS_LOOP_897_4' (C:/github/zybo_z7_cam_rpi_v2_5mp_hdmi/zybo_z7_imx219/zybo_z7_imx219.runs/design_1_v_demosaic_0_0_synth_1/prj/sol/.autopilot/db/v_demosaic.cpp:897:39) in function 'DebayerRandBatG' completely with a factor of 1 (C:/github/zybo_z7_cam_rpi_v2_5mp_hdmi/zybo_z7_imx219/zybo_z7_imx219.runs/design_1_v_demosaic_0_0_synth_1/prj/sol/.autopilot/db/v_demosaic.cpp:847:0)
INFO: [HLS 214-186] Unrolling loop 'VITIS_LOOP_899_5' (C:/github/zybo_z7_cam_rpi_v2_5mp_hdmi/zybo_z7_imx219/zybo_z7_imx219.runs/design_1_v_demosaic_0_0_synth_1/prj/sol/.autopilot/db/v_demosaic.cpp:899:43) in function 'DebayerRandBatG' completely with a factor of 3 (C:/github/zybo_z7_cam_rpi_v2_5mp_hdmi/zybo_z7_imx219/zybo_z7_imx219.runs/design_1_v_demosaic_0_0_synth_1/prj/sol/.autopilot/db/v_demosaic.cpp:847:0)
INFO: [HLS 214-186] Unrolling loop 'VITIS_LOOP_907_6' (C:/github/zybo_z7_cam_rpi_v2_5mp_hdmi/zybo_z7_imx219/zybo_z7_imx219.runs/design_1_v_demosaic_0_0_synth_1/prj/sol/.autopilot/db/v_demosaic.cpp:907:35) in function 'DebayerRandBatG' completely with a factor of 2 (C:/github/zybo_z7_cam_rpi_v2_5mp_hdmi/zybo_z7_imx219/zybo_z7_imx219.runs/design_1_v_demosaic_0_0_synth_1/prj/sol/.autopilot/db/v_demosaic.cpp:847:0)
INFO: [HLS 214-186] Unrolling loop 'VITIS_LOOP_914_7' (C:/github/zybo_z7_cam_rpi_v2_5mp_hdmi/zybo_z7_imx219/zybo_z7_imx219.runs/design_1_v_demosaic_0_0_synth_1/prj/sol/.autopilot/db/v_demosaic.cpp:914:39) in function 'DebayerRandBatG' completely with a factor of 1 (C:/github/zybo_z7_cam_rpi_v2_5mp_hdmi/zybo_z7_imx219/zybo_z7_imx219.runs/design_1_v_demosaic_0_0_synth_1/prj/sol/.autopilot/db/v_demosaic.cpp:847:0)
INFO: [HLS 214-186] Unrolling loop 'VITIS_LOOP_916_8' (C:/github/zybo_z7_cam_rpi_v2_5mp_hdmi/zybo_z7_imx219/zybo_z7_imx219.runs/design_1_v_demosaic_0_0_synth_1/prj/sol/.autopilot/db/v_demosaic.cpp:916:43) in function 'DebayerRandBatG' completely with a factor of 3 (C:/github/zybo_z7_cam_rpi_v2_5mp_hdmi/zybo_z7_imx219/zybo_z7_imx219.runs/design_1_v_demosaic_0_0_synth_1/prj/sol/.autopilot/db/v_demosaic.cpp:847:0)
INFO: [HLS 214-186] Unrolling loop 'VITIS_LOOP_929_9' (C:/github/zybo_z7_cam_rpi_v2_5mp_hdmi/zybo_z7_imx219/zybo_z7_imx219.runs/design_1_v_demosaic_0_0_synth_1/prj/sol/.autopilot/db/v_demosaic.cpp:929:31) in function 'DebayerRandBatG' completely with a factor of 3 (C:/github/zybo_z7_cam_rpi_v2_5mp_hdmi/zybo_z7_imx219/zybo_z7_imx219.runs/design_1_v_demosaic_0_0_synth_1/prj/sol/.autopilot/db/v_demosaic.cpp:847:0)
INFO: [HLS 214-186] Unrolling loop 'VITIS_LOOP_931_10' (C:/github/zybo_z7_cam_rpi_v2_5mp_hdmi/zybo_z7_imx219/zybo_z7_imx219.runs/design_1_v_demosaic_0_0_synth_1/prj/sol/.autopilot/db/v_demosaic.cpp:931:36) in function 'DebayerRandBatG' completely with a factor of 2 (C:/github/zybo_z7_cam_rpi_v2_5mp_hdmi/zybo_z7_imx219/zybo_z7_imx219.runs/design_1_v_demosaic_0_0_synth_1/prj/sol/.autopilot/db/v_demosaic.cpp:847:0)
INFO: [HLS 214-186] Unrolling loop 'VITIS_LOOP_993_17' (C:/github/zybo_z7_cam_rpi_v2_5mp_hdmi/zybo_z7_imx219/zybo_z7_imx219.runs/design_1_v_demosaic_0_0_synth_1/prj/sol/.autopilot/db/v_demosaic.cpp:993:36) in function 'DebayerRandBatG' completely with a factor of 3 (C:/github/zybo_z7_cam_rpi_v2_5mp_hdmi/zybo_z7_imx219/zybo_z7_imx219.runs/design_1_v_demosaic_0_0_synth_1/prj/sol/.autopilot/db/v_demosaic.cpp:847:0)
INFO: [HLS 214-186] Unrolling loop 'VITIS_LOOP_999_18' (C:/github/zybo_z7_cam_rpi_v2_5mp_hdmi/zybo_z7_imx219/zybo_z7_imx219.runs/design_1_v_demosaic_0_0_synth_1/prj/sol/.autopilot/db/v_demosaic.cpp:999:40) in function 'DebayerRandBatG' completely with a factor of 1 (C:/github/zybo_z7_cam_rpi_v2_5mp_hdmi/zybo_z7_imx219/zybo_z7_imx219.runs/design_1_v_demosaic_0_0_synth_1/prj/sol/.autopilot/db/v_demosaic.cpp:847:0)
INFO: [HLS 214-186] Unrolling loop 'VITIS_LOOP_940_11' (C:/github/zybo_z7_cam_rpi_v2_5mp_hdmi/zybo_z7_imx219/zybo_z7_imx219.runs/design_1_v_demosaic_0_0_synth_1/prj/sol/.autopilot/db/v_demosaic.cpp:940:36) in function 'DebayerRandBatG' completely with a factor of 3 (C:/github/zybo_z7_cam_rpi_v2_5mp_hdmi/zybo_z7_imx219/zybo_z7_imx219.runs/design_1_v_demosaic_0_0_synth_1/prj/sol/.autopilot/db/v_demosaic.cpp:847:0)
INFO: [HLS 214-186] Unrolling loop 'VITIS_LOOP_963_13' (C:/github/zybo_z7_cam_rpi_v2_5mp_hdmi/zybo_z7_imx219/zybo_z7_imx219.runs/design_1_v_demosaic_0_0_synth_1/prj/sol/.autopilot/db/v_demosaic.cpp:963:44) in function 'DebayerRandBatG' completely with a factor of 2 (C:/github/zybo_z7_cam_rpi_v2_5mp_hdmi/zybo_z7_imx219/zybo_z7_imx219.runs/design_1_v_demosaic_0_0_synth_1/prj/sol/.autopilot/db/v_demosaic.cpp:847:0)
INFO: [HLS 214-186] Unrolling loop 'VITIS_LOOP_943_12' (C:/github/zybo_z7_cam_rpi_v2_5mp_hdmi/zybo_z7_imx219/zybo_z7_imx219.runs/design_1_v_demosaic_0_0_synth_1/prj/sol/.autopilot/db/v_demosaic.cpp:943:40) in function 'DebayerRandBatG' completely with a factor of 1 (C:/github/zybo_z7_cam_rpi_v2_5mp_hdmi/zybo_z7_imx219/zybo_z7_imx219.runs/design_1_v_demosaic_0_0_synth_1/prj/sol/.autopilot/db/v_demosaic.cpp:847:0)
INFO: [HLS 214-186] Unrolling loop 'VITIS_LOOP_971_14' (C:/github/zybo_z7_cam_rpi_v2_5mp_hdmi/zybo_z7_imx219/zybo_z7_imx219.runs/design_1_v_demosaic_0_0_synth_1/prj/sol/.autopilot/db/v_demosaic.cpp:971:36) in function 'DebayerRandBatG' completely with a factor of 2 (C:/github/zybo_z7_cam_rpi_v2_5mp_hdmi/zybo_z7_imx219/zybo_z7_imx219.runs/design_1_v_demosaic_0_0_synth_1/prj/sol/.autopilot/db/v_demosaic.cpp:847:0)
INFO: [HLS 214-186] Unrolling loop 'VITIS_LOOP_979_15' (C:/github/zybo_z7_cam_rpi_v2_5mp_hdmi/zybo_z7_imx219/zybo_z7_imx219.runs/design_1_v_demosaic_0_0_synth_1/prj/sol/.autopilot/db/v_demosaic.cpp:979:40) in function 'DebayerRandBatG' completely with a factor of 1 (C:/github/zybo_z7_cam_rpi_v2_5mp_hdmi/zybo_z7_imx219/zybo_z7_imx219.runs/design_1_v_demosaic_0_0_synth_1/prj/sol/.autopilot/db/v_demosaic.cpp:847:0)
INFO: [HLS 214-186] Unrolling loop 'VITIS_LOOP_981_16' (C:/github/zybo_z7_cam_rpi_v2_5mp_hdmi/zybo_z7_imx219/zybo_z7_imx219.runs/design_1_v_demosaic_0_0_synth_1/prj/sol/.autopilot/db/v_demosaic.cpp:981:44) in function 'DebayerRandBatG' completely with a factor of 3 (C:/github/zybo_z7_cam_rpi_v2_5mp_hdmi/zybo_z7_imx219/zybo_z7_imx219.runs/design_1_v_demosaic_0_0_synth_1/prj/sol/.autopilot/db/v_demosaic.cpp:847:0)
INFO: [HLS 214-186] Unrolling loop 'VITIS_LOOP_1006_19' (C:/github/zybo_z7_cam_rpi_v2_5mp_hdmi/zybo_z7_imx219/zybo_z7_imx219.runs/design_1_v_demosaic_0_0_synth_1/prj/sol/.autopilot/db/v_demosaic.cpp:1006:33) in function 'DebayerRandBatG' completely with a factor of 1 (C:/github/zybo_z7_cam_rpi_v2_5mp_hdmi/zybo_z7_imx219/zybo_z7_imx219.runs/design_1_v_demosaic_0_0_synth_1/prj/sol/.autopilot/db/v_demosaic.cpp:847:0)
INFO: [HLS 214-186] Unrolling loop 'VITIS_LOOP_646_3' (C:/github/zybo_z7_cam_rpi_v2_5mp_hdmi/zybo_z7_imx219/zybo_z7_imx219.runs/design_1_v_demosaic_0_0_synth_1/prj/sol/.autopilot/db/v_demosaic.cpp:646:35) in function 'DebayerRatBorBatR' completely with a factor of 3 (C:/github/zybo_z7_cam_rpi_v2_5mp_hdmi/zybo_z7_imx219/zybo_z7_imx219.runs/design_1_v_demosaic_0_0_synth_1/prj/sol/.autopilot/db/v_demosaic.cpp:599:0)
INFO: [HLS 214-186] Unrolling loop 'VITIS_LOOP_649_4' (C:/github/zybo_z7_cam_rpi_v2_5mp_hdmi/zybo_z7_imx219/zybo_z7_imx219.runs/design_1_v_demosaic_0_0_synth_1/prj/sol/.autopilot/db/v_demosaic.cpp:649:39) in function 'DebayerRatBorBatR' completely with a factor of 1 (C:/github/zybo_z7_cam_rpi_v2_5mp_hdmi/zybo_z7_imx219/zybo_z7_imx219.runs/design_1_v_demosaic_0_0_synth_1/prj/sol/.autopilot/db/v_demosaic.cpp:599:0)
INFO: [HLS 214-186] Unrolling loop 'VITIS_LOOP_651_5' (C:/github/zybo_z7_cam_rpi_v2_5mp_hdmi/zybo_z7_imx219/zybo_z7_imx219.runs/design_1_v_demosaic_0_0_synth_1/prj/sol/.autopilot/db/v_demosaic.cpp:651:43) in function 'DebayerRatBorBatR' completely with a factor of 3 (C:/github/zybo_z7_cam_rpi_v2_5mp_hdmi/zybo_z7_imx219/zybo_z7_imx219.runs/design_1_v_demosaic_0_0_synth_1/prj/sol/.autopilot/db/v_demosaic.cpp:599:0)
INFO: [HLS 214-186] Unrolling loop 'VITIS_LOOP_660_6' (C:/github/zybo_z7_cam_rpi_v2_5mp_hdmi/zybo_z7_imx219/zybo_z7_imx219.runs/design_1_v_demosaic_0_0_synth_1/prj/sol/.autopilot/db/v_demosaic.cpp:660:35) in function 'DebayerRatBorBatR' completely with a factor of 2 (C:/github/zybo_z7_cam_rpi_v2_5mp_hdmi/zybo_z7_imx219/zybo_z7_imx219.runs/design_1_v_demosaic_0_0_synth_1/prj/sol/.autopilot/db/v_demosaic.cpp:599:0)
INFO: [HLS 214-186] Unrolling loop 'VITIS_LOOP_667_7' (C:/github/zybo_z7_cam_rpi_v2_5mp_hdmi/zybo_z7_imx219/zybo_z7_imx219.runs/design_1_v_demosaic_0_0_synth_1/prj/sol/.autopilot/db/v_demosaic.cpp:667:39) in function 'DebayerRatBorBatR' completely with a factor of 1 (C:/github/zybo_z7_cam_rpi_v2_5mp_hdmi/zybo_z7_imx219/zybo_z7_imx219.runs/design_1_v_demosaic_0_0_synth_1/prj/sol/.autopilot/db/v_demosaic.cpp:599:0)
INFO: [HLS 214-186] Unrolling loop 'VITIS_LOOP_669_8' (C:/github/zybo_z7_cam_rpi_v2_5mp_hdmi/zybo_z7_imx219/zybo_z7_imx219.runs/design_1_v_demosaic_0_0_synth_1/prj/sol/.autopilot/db/v_demosaic.cpp:669:43) in function 'DebayerRatBorBatR' completely with a factor of 3 (C:/github/zybo_z7_cam_rpi_v2_5mp_hdmi/zybo_z7_imx219/zybo_z7_imx219.runs/design_1_v_demosaic_0_0_synth_1/prj/sol/.autopilot/db/v_demosaic.cpp:599:0)
INFO: [HLS 214-186] Unrolling loop 'VITIS_LOOP_682_9' (C:/github/zybo_z7_cam_rpi_v2_5mp_hdmi/zybo_z7_imx219/zybo_z7_imx219.runs/design_1_v_demosaic_0_0_synth_1/prj/sol/.autopilot/db/v_demosaic.cpp:682:31) in function 'DebayerRatBorBatR' completely with a factor of 3 (C:/github/zybo_z7_cam_rpi_v2_5mp_hdmi/zybo_z7_imx219/zybo_z7_imx219.runs/design_1_v_demosaic_0_0_synth_1/prj/sol/.autopilot/db/v_demosaic.cpp:599:0)
INFO: [HLS 214-186] Unrolling loop 'VITIS_LOOP_684_10' (C:/github/zybo_z7_cam_rpi_v2_5mp_hdmi/zybo_z7_imx219/zybo_z7_imx219.runs/design_1_v_demosaic_0_0_synth_1/prj/sol/.autopilot/db/v_demosaic.cpp:684:36) in function 'DebayerRatBorBatR' completely with a factor of 2 (C:/github/zybo_z7_cam_rpi_v2_5mp_hdmi/zybo_z7_imx219/zybo_z7_imx219.runs/design_1_v_demosaic_0_0_synth_1/prj/sol/.autopilot/db/v_demosaic.cpp:599:0)
INFO: [HLS 214-186] Unrolling loop 'VITIS_LOOP_746_17' (C:/github/zybo_z7_cam_rpi_v2_5mp_hdmi/zybo_z7_imx219/zybo_z7_imx219.runs/design_1_v_demosaic_0_0_synth_1/prj/sol/.autopilot/db/v_demosaic.cpp:746:36) in function 'DebayerRatBorBatR' completely with a factor of 3 (C:/github/zybo_z7_cam_rpi_v2_5mp_hdmi/zybo_z7_imx219/zybo_z7_imx219.runs/design_1_v_demosaic_0_0_synth_1/prj/sol/.autopilot/db/v_demosaic.cpp:599:0)
INFO: [HLS 214-186] Unrolling loop 'VITIS_LOOP_752_18' (C:/github/zybo_z7_cam_rpi_v2_5mp_hdmi/zybo_z7_imx219/zybo_z7_imx219.runs/design_1_v_demosaic_0_0_synth_1/prj/sol/.autopilot/db/v_demosaic.cpp:752:40) in function 'DebayerRatBorBatR' completely with a factor of 1 (C:/github/zybo_z7_cam_rpi_v2_5mp_hdmi/zybo_z7_imx219/zybo_z7_imx219.runs/design_1_v_demosaic_0_0_synth_1/prj/sol/.autopilot/db/v_demosaic.cpp:599:0)
INFO: [HLS 214-186] Unrolling loop 'VITIS_LOOP_693_11' (C:/github/zybo_z7_cam_rpi_v2_5mp_hdmi/zybo_z7_imx219/zybo_z7_imx219.runs/design_1_v_demosaic_0_0_synth_1/prj/sol/.autopilot/db/v_demosaic.cpp:693:36) in function 'DebayerRatBorBatR' completely with a factor of 3 (C:/github/zybo_z7_cam_rpi_v2_5mp_hdmi/zybo_z7_imx219/zybo_z7_imx219.runs/design_1_v_demosaic_0_0_synth_1/prj/sol/.autopilot/db/v_demosaic.cpp:599:0)
INFO: [HLS 214-186] Unrolling loop 'VITIS_LOOP_716_13' (C:/github/zybo_z7_cam_rpi_v2_5mp_hdmi/zybo_z7_imx219/zybo_z7_imx219.runs/design_1_v_demosaic_0_0_synth_1/prj/sol/.autopilot/db/v_demosaic.cpp:716:44) in function 'DebayerRatBorBatR' completely with a factor of 2 (C:/github/zybo_z7_cam_rpi_v2_5mp_hdmi/zybo_z7_imx219/zybo_z7_imx219.runs/design_1_v_demosaic_0_0_synth_1/prj/sol/.autopilot/db/v_demosaic.cpp:599:0)
INFO: [HLS 214-186] Unrolling loop 'VITIS_LOOP_696_12' (C:/github/zybo_z7_cam_rpi_v2_5mp_hdmi/zybo_z7_imx219/zybo_z7_imx219.runs/design_1_v_demosaic_0_0_synth_1/prj/sol/.autopilot/db/v_demosaic.cpp:696:40) in function 'DebayerRatBorBatR' completely with a factor of 1 (C:/github/zybo_z7_cam_rpi_v2_5mp_hdmi/zybo_z7_imx219/zybo_z7_imx219.runs/design_1_v_demosaic_0_0_synth_1/prj/sol/.autopilot/db/v_demosaic.cpp:599:0)
INFO: [HLS 214-186] Unrolling loop 'VITIS_LOOP_724_14' (C:/github/zybo_z7_cam_rpi_v2_5mp_hdmi/zybo_z7_imx219/zybo_z7_imx219.runs/design_1_v_demosaic_0_0_synth_1/prj/sol/.autopilot/db/v_demosaic.cpp:724:36) in function 'DebayerRatBorBatR' completely with a factor of 2 (C:/github/zybo_z7_cam_rpi_v2_5mp_hdmi/zybo_z7_imx219/zybo_z7_imx219.runs/design_1_v_demosaic_0_0_synth_1/prj/sol/.autopilot/db/v_demosaic.cpp:599:0)
INFO: [HLS 214-186] Unrolling loop 'VITIS_LOOP_732_15' (C:/github/zybo_z7_cam_rpi_v2_5mp_hdmi/zybo_z7_imx219/zybo_z7_imx219.runs/design_1_v_demosaic_0_0_synth_1/prj/sol/.autopilot/db/v_demosaic.cpp:732:40) in function 'DebayerRatBorBatR' completely with a factor of 1 (C:/github/zybo_z7_cam_rpi_v2_5mp_hdmi/zybo_z7_imx219/zybo_z7_imx219.runs/design_1_v_demosaic_0_0_synth_1/prj/sol/.autopilot/db/v_demosaic.cpp:599:0)
INFO: [HLS 214-186] Unrolling loop 'VITIS_LOOP_734_16' (C:/github/zybo_z7_cam_rpi_v2_5mp_hdmi/zybo_z7_imx219/zybo_z7_imx219.runs/design_1_v_demosaic_0_0_synth_1/prj/sol/.autopilot/db/v_demosaic.cpp:734:44) in function 'DebayerRatBorBatR' completely with a factor of 3 (C:/github/zybo_z7_cam_rpi_v2_5mp_hdmi/zybo_z7_imx219/zybo_z7_imx219.runs/design_1_v_demosaic_0_0_synth_1/prj/sol/.autopilot/db/v_demosaic.cpp:599:0)
INFO: [HLS 214-186] Unrolling loop 'VITIS_LOOP_760_19' (C:/github/zybo_z7_cam_rpi_v2_5mp_hdmi/zybo_z7_imx219/zybo_z7_imx219.runs/design_1_v_demosaic_0_0_synth_1/prj/sol/.autopilot/db/v_demosaic.cpp:760:32) in function 'DebayerRatBorBatR' completely with a factor of 1 (C:/github/zybo_z7_cam_rpi_v2_5mp_hdmi/zybo_z7_imx219/zybo_z7_imx219.runs/design_1_v_demosaic_0_0_synth_1/prj/sol/.autopilot/db/v_demosaic.cpp:599:0)
INFO: [HLS 214-186] Unrolling loop 'VITIS_LOOP_331_5' (C:/github/zybo_z7_cam_rpi_v2_5mp_hdmi/zybo_z7_imx219/zybo_z7_imx219.runs/design_1_v_demosaic_0_0_synth_1/prj/sol/.autopilot/db/v_demosaic.cpp:331:35) in function 'DebayerG' completely with a factor of 5 (C:/github/zybo_z7_cam_rpi_v2_5mp_hdmi/zybo_z7_imx219/zybo_z7_imx219.runs/design_1_v_demosaic_0_0_synth_1/prj/sol/.autopilot/db/v_demosaic.cpp:270:0)
INFO: [HLS 214-186] Unrolling loop 'VITIS_LOOP_334_6' (C:/github/zybo_z7_cam_rpi_v2_5mp_hdmi/zybo_z7_imx219/zybo_z7_imx219.runs/design_1_v_demosaic_0_0_synth_1/prj/sol/.autopilot/db/v_demosaic.cpp:334:39) in function 'DebayerG' completely with a factor of 1 (C:/github/zybo_z7_cam_rpi_v2_5mp_hdmi/zybo_z7_imx219/zybo_z7_imx219.runs/design_1_v_demosaic_0_0_synth_1/prj/sol/.autopilot/db/v_demosaic.cpp:270:0)
INFO: [HLS 214-186] Unrolling loop 'VITIS_LOOP_342_7' (C:/github/zybo_z7_cam_rpi_v2_5mp_hdmi/zybo_z7_imx219/zybo_z7_imx219.runs/design_1_v_demosaic_0_0_synth_1/prj/sol/.autopilot/db/v_demosaic.cpp:342:35) in function 'DebayerG' completely with a factor of 4 (C:/github/zybo_z7_cam_rpi_v2_5mp_hdmi/zybo_z7_imx219/zybo_z7_imx219.runs/design_1_v_demosaic_0_0_synth_1/prj/sol/.autopilot/db/v_demosaic.cpp:270:0)
INFO: [HLS 214-186] Unrolling loop 'VITIS_LOOP_349_8' (C:/github/zybo_z7_cam_rpi_v2_5mp_hdmi/zybo_z7_imx219/zybo_z7_imx219.runs/design_1_v_demosaic_0_0_synth_1/prj/sol/.autopilot/db/v_demosaic.cpp:349:39) in function 'DebayerG' completely with a factor of 1 (C:/github/zybo_z7_cam_rpi_v2_5mp_hdmi/zybo_z7_imx219/zybo_z7_imx219.runs/design_1_v_demosaic_0_0_synth_1/prj/sol/.autopilot/db/v_demosaic.cpp:270:0)
INFO: [HLS 214-186] Unrolling loop 'VITIS_LOOP_361_9' (C:/github/zybo_z7_cam_rpi_v2_5mp_hdmi/zybo_z7_imx219/zybo_z7_imx219.runs/design_1_v_demosaic_0_0_synth_1/prj/sol/.autopilot/db/v_demosaic.cpp:361:31) in function 'DebayerG' completely with a factor of 5 (C:/github/zybo_z7_cam_rpi_v2_5mp_hdmi/zybo_z7_imx219/zybo_z7_imx219.runs/design_1_v_demosaic_0_0_synth_1/prj/sol/.autopilot/db/v_demosaic.cpp:270:0)
INFO: [HLS 214-186] Unrolling loop 'VITIS_LOOP_363_10' (C:/github/zybo_z7_cam_rpi_v2_5mp_hdmi/zybo_z7_imx219/zybo_z7_imx219.runs/design_1_v_demosaic_0_0_synth_1/prj/sol/.autopilot/db/v_demosaic.cpp:363:36) in function 'DebayerG' completely with a factor of 4 (C:/github/zybo_z7_cam_rpi_v2_5mp_hdmi/zybo_z7_imx219/zybo_z7_imx219.runs/design_1_v_demosaic_0_0_synth_1/prj/sol/.autopilot/db/v_demosaic.cpp:270:0)
INFO: [HLS 214-186] Unrolling loop 'VITIS_LOOP_418_16' (C:/github/zybo_z7_cam_rpi_v2_5mp_hdmi/zybo_z7_imx219/zybo_z7_imx219.runs/design_1_v_demosaic_0_0_synth_1/prj/sol/.autopilot/db/v_demosaic.cpp:418:36) in function 'DebayerG' completely with a factor of 5 (C:/github/zybo_z7_cam_rpi_v2_5mp_hdmi/zybo_z7_imx219/zybo_z7_imx219.runs/design_1_v_demosaic_0_0_synth_1/prj/sol/.autopilot/db/v_demosaic.cpp:270:0)
INFO: [HLS 214-186] Unrolling loop 'VITIS_LOOP_422_17' (C:/github/zybo_z7_cam_rpi_v2_5mp_hdmi/zybo_z7_imx219/zybo_z7_imx219.runs/design_1_v_demosaic_0_0_synth_1/prj/sol/.autopilot/db/v_demosaic.cpp:422:40) in function 'DebayerG' completely with a factor of 1 (C:/github/zybo_z7_cam_rpi_v2_5mp_hdmi/zybo_z7_imx219/zybo_z7_imx219.runs/design_1_v_demosaic_0_0_synth_1/prj/sol/.autopilot/db/v_demosaic.cpp:270:0)
INFO: [HLS 214-186] Unrolling loop 'VITIS_LOOP_372_11' (C:/github/zybo_z7_cam_rpi_v2_5mp_hdmi/zybo_z7_imx219/zybo_z7_imx219.runs/design_1_v_demosaic_0_0_synth_1/prj/sol/.autopilot/db/v_demosaic.cpp:372:36) in function 'DebayerG' completely with a factor of 5 (C:/github/zybo_z7_cam_rpi_v2_5mp_hdmi/zybo_z7_imx219/zybo_z7_imx219.runs/design_1_v_demosaic_0_0_synth_1/prj/sol/.autopilot/db/v_demosaic.cpp:270:0)
INFO: [HLS 214-186] Unrolling loop 'VITIS_LOOP_391_13' (C:/github/zybo_z7_cam_rpi_v2_5mp_hdmi/zybo_z7_imx219/zybo_z7_imx219.runs/design_1_v_demosaic_0_0_synth_1/prj/sol/.autopilot/db/v_demosaic.cpp:391:44) in function 'DebayerG' completely with a factor of 4 (C:/github/zybo_z7_cam_rpi_v2_5mp_hdmi/zybo_z7_imx219/zybo_z7_imx219.runs/design_1_v_demosaic_0_0_synth_1/prj/sol/.autopilot/db/v_demosaic.cpp:270:0)
INFO: [HLS 214-186] Unrolling loop 'VITIS_LOOP_375_12' (C:/github/zybo_z7_cam_rpi_v2_5mp_hdmi/zybo_z7_imx219/zybo_z7_imx219.runs/design_1_v_demosaic_0_0_synth_1/prj/sol/.autopilot/db/v_demosaic.cpp:375:40) in function 'DebayerG' completely with a factor of 1 (C:/github/zybo_z7_cam_rpi_v2_5mp_hdmi/zybo_z7_imx219/zybo_z7_imx219.runs/design_1_v_demosaic_0_0_synth_1/prj/sol/.autopilot/db/v_demosaic.cpp:270:0)
INFO: [HLS 214-186] Unrolling loop 'VITIS_LOOP_399_14' (C:/github/zybo_z7_cam_rpi_v2_5mp_hdmi/zybo_z7_imx219/zybo_z7_imx219.runs/design_1_v_demosaic_0_0_synth_1/prj/sol/.autopilot/db/v_demosaic.cpp:399:36) in function 'DebayerG' completely with a factor of 4 (C:/github/zybo_z7_cam_rpi_v2_5mp_hdmi/zybo_z7_imx219/zybo_z7_imx219.runs/design_1_v_demosaic_0_0_synth_1/prj/sol/.autopilot/db/v_demosaic.cpp:270:0)
INFO: [HLS 214-186] Unrolling loop 'VITIS_LOOP_407_15' (C:/github/zybo_z7_cam_rpi_v2_5mp_hdmi/zybo_z7_imx219/zybo_z7_imx219.runs/design_1_v_demosaic_0_0_synth_1/prj/sol/.autopilot/db/v_demosaic.cpp:407:40) in function 'DebayerG' completely with a factor of 1 (C:/github/zybo_z7_cam_rpi_v2_5mp_hdmi/zybo_z7_imx219/zybo_z7_imx219.runs/design_1_v_demosaic_0_0_synth_1/prj/sol/.autopilot/db/v_demosaic.cpp:270:0)
INFO: [HLS 214-186] Unrolling loop 'VITIS_LOOP_429_18' (C:/github/zybo_z7_cam_rpi_v2_5mp_hdmi/zybo_z7_imx219/zybo_z7_imx219.runs/design_1_v_demosaic_0_0_synth_1/prj/sol/.autopilot/db/v_demosaic.cpp:429:32) in function 'DebayerG' completely with a factor of 1 (C:/github/zybo_z7_cam_rpi_v2_5mp_hdmi/zybo_z7_imx219/zybo_z7_imx219.runs/design_1_v_demosaic_0_0_synth_1/prj/sol/.autopilot/db/v_demosaic.cpp:270:0)
INFO: [HLS 214-186] Unrolling loop 'VITIS_LOOP_499_21' (C:/github/zybo_z7_cam_rpi_v2_5mp_hdmi/zybo_z7_imx219/zybo_z7_imx219.runs/design_1_v_demosaic_0_0_synth_1/prj/sol/.autopilot/db/v_demosaic.cpp:499:40) in function 'DebayerG' completely with a factor of 4 (C:/github/zybo_z7_cam_rpi_v2_5mp_hdmi/zybo_z7_imx219/zybo_z7_imx219.runs/design_1_v_demosaic_0_0_synth_1/prj/sol/.autopilot/db/v_demosaic.cpp:270:0)
INFO: [HLS 214-186] Unrolling loop 'VITIS_LOOP_490_20' (C:/github/zybo_z7_cam_rpi_v2_5mp_hdmi/zybo_z7_imx219/zybo_z7_imx219.runs/design_1_v_demosaic_0_0_synth_1/prj/sol/.autopilot/db/v_demosaic.cpp:490:40) in function 'DebayerG' completely with a factor of 4 (C:/github/zybo_z7_cam_rpi_v2_5mp_hdmi/zybo_z7_imx219/zybo_z7_imx219.runs/design_1_v_demosaic_0_0_synth_1/prj/sol/.autopilot/db/v_demosaic.cpp:270:0)
INFO: [HLS 214-186] Unrolling loop 'VITIS_LOOP_472_19' (C:/github/zybo_z7_cam_rpi_v2_5mp_hdmi/zybo_z7_imx219/zybo_z7_imx219.runs/design_1_v_demosaic_0_0_synth_1/prj/sol/.autopilot/db/v_demosaic.cpp:472:40) in function 'DebayerG' completely with a factor of 4 (C:/github/zybo_z7_cam_rpi_v2_5mp_hdmi/zybo_z7_imx219/zybo_z7_imx219.runs/design_1_v_demosaic_0_0_synth_1/prj/sol/.autopilot/db/v_demosaic.cpp:270:0)
INFO: [HLS 214-186] Unrolling loop 'VITIS_LOOP_180_1' (C:/github/zybo_z7_cam_rpi_v2_5mp_hdmi/zybo_z7_imx219/zybo_z7_imx219.runs/design_1_v_demosaic_0_0_synth_1/prj/sol/.autopilot/db/v_demosaic.cpp:180:31) in function 'AXIvideo2MultiBayer' completely with a factor of 1 (C:/github/zybo_z7_cam_rpi_v2_5mp_hdmi/zybo_z7_imx219/zybo_z7_imx219.runs/design_1_v_demosaic_0_0_synth_1/prj/sol/.autopilot/db/v_demosaic.cpp:139:0)
INFO: [HLS 214-178] Inlining function 'hls::axis<ap_uint<10>, 1ul, 1ul, 1ul, (unsigned char)56, false>::axis()' into 'AXIvideo2MultiBayer(hls::stream<hls::axis<ap_uint<10>, 1ul, 1ul, 1ul, (unsigned char)56, false>, 0>&, hls::stream<hls::Scalar<1, ap_uint<10> >, 0>&, unsigned short&, unsigned short&)' (C:/github/zybo_z7_cam_rpi_v2_5mp_hdmi/zybo_z7_imx219/zybo_z7_imx219.runs/design_1_v_demosaic_0_0_synth_1/prj/sol/.autopilot/db/v_demosaic.cpp:139:0)
INFO: [HLS 214-178] Inlining function 'std::abs(long long)' into 'DebayerG(hls::stream<hls::Scalar<1, ap_uint<10> >, 0>&, hls::stream<hls::Scalar<3, ap_uint<10> >, 0>&, unsigned short&, unsigned short&, unsigned short&)' (C:/github/zybo_z7_cam_rpi_v2_5mp_hdmi/zybo_z7_imx219/zybo_z7_imx219.runs/design_1_v_demosaic_0_0_synth_1/prj/sol/.autopilot/db/v_demosaic.cpp:270:0)
INFO: [HLS 214-178] Inlining function 'std::abs(long long)' into 'DebayerRatBorBatR(hls::stream<hls::Scalar<3, ap_uint<10> >, 0>&, hls::stream<hls::Scalar<3, ap_uint<10> >, 0>&, unsigned short&, unsigned short&, unsigned short&)' (C:/github/zybo_z7_cam_rpi_v2_5mp_hdmi/zybo_z7_imx219/zybo_z7_imx219.runs/design_1_v_demosaic_0_0_synth_1/prj/sol/.autopilot/db/v_demosaic.cpp:599:0)
INFO: [HLS 214-178] Inlining function 'std::abs(long long)' into 'DebayerRandBatG(hls::stream<hls::Scalar<3, ap_uint<10> >, 0>&, hls::stream<hls::Scalar<3, ap_uint<10> >, 0>&, unsigned short&, unsigned short&, unsigned short&)' (C:/github/zybo_z7_cam_rpi_v2_5mp_hdmi/zybo_z7_imx219/zybo_z7_imx219.runs/design_1_v_demosaic_0_0_synth_1/prj/sol/.autopilot/db/v_demosaic.cpp:847:0)
INFO: [HLS 214-178] Inlining function 'hls::axis<ap_uint<30>, 1ul, 1ul, 1ul, (unsigned char)56, false>::axis()' into 'MultiPixStream2AXIvideo(hls::stream<hls::Scalar<3, ap_uint<10> >, 0>&, hls::stream<hls::axis<ap_uint<30>, 1ul, 1ul, 1ul, (unsigned char)56, false>, 0>&, unsigned short&, unsigned short&)' (C:/github/zybo_z7_cam_rpi_v2_5mp_hdmi/zybo_z7_imx219/zybo_z7_imx219.runs/design_1_v_demosaic_0_0_synth_1/prj/sol/.autopilot/db/v_demosaic.cpp:213:0)
INFO: [HLS 214-248] Applying array_partition to 'linebuf_yuv': Complete partitioning on dimension 1. (C:/github/zybo_z7_cam_rpi_v2_5mp_hdmi/zybo_z7_imx219/zybo_z7_imx219.runs/design_1_v_demosaic_0_0_synth_1/prj/sol/.autopilot/db/v_demosaic.cpp:283:61)
INFO: [HLS 214-248] Applying array_partition to 'lineBuffer': Complete partitioning on dimension 1. (C:/github/zybo_z7_cam_rpi_v2_5mp_hdmi/zybo_z7_imx219/zybo_z7_imx219.runs/design_1_v_demosaic_0_0_synth_1/prj/sol/.autopilot/db/v_demosaic.cpp:614:67)
INFO: [HLS 214-248] Applying array_partition to 'upleft': Complete partitioning on dimension 1. (C:/github/zybo_z7_cam_rpi_v2_5mp_hdmi/zybo_z7_imx219/zybo_z7_imx219.runs/design_1_v_demosaic_0_0_synth_1/prj/sol/.autopilot/db/v_demosaic.cpp:775:31)
INFO: [HLS 214-248] Applying array_partition to 'upright': Complete partitioning on dimension 1. (C:/github/zybo_z7_cam_rpi_v2_5mp_hdmi/zybo_z7_imx219/zybo_z7_imx219.runs/design_1_v_demosaic_0_0_synth_1/prj/sol/.autopilot/db/v_demosaic.cpp:776:31)
INFO: [HLS 214-248] Applying array_partition to 'downleft': Complete partitioning on dimension 1. (C:/github/zybo_z7_cam_rpi_v2_5mp_hdmi/zybo_z7_imx219/zybo_z7_imx219.runs/design_1_v_demosaic_0_0_synth_1/prj/sol/.autopilot/db/v_demosaic.cpp:777:31)
INFO: [HLS 214-248] Applying array_partition to 'downright': Complete partitioning on dimension 1. (C:/github/zybo_z7_cam_rpi_v2_5mp_hdmi/zybo_z7_imx219/zybo_z7_imx219.runs/design_1_v_demosaic_0_0_synth_1/prj/sol/.autopilot/db/v_demosaic.cpp:778:31)
INFO: [HLS 214-248] Applying array_partition to 'center': Complete partitioning on dimension 1. (C:/github/zybo_z7_cam_rpi_v2_5mp_hdmi/zybo_z7_imx219/zybo_z7_imx219.runs/design_1_v_demosaic_0_0_synth_1/prj/sol/.autopilot/db/v_demosaic.cpp:779:31)
INFO: [HLS 214-248] Applying array_partition to 'lineBuffer': Complete partitioning on dimension 1. (C:/github/zybo_z7_cam_rpi_v2_5mp_hdmi/zybo_z7_imx219/zybo_z7_imx219.runs/design_1_v_demosaic_0_0_synth_1/prj/sol/.autopilot/db/v_demosaic.cpp:862:67)
INFO: [HLS 214-248] Applying array_partition to 'luma': Complete partitioning on dimension 1. (C:/github/zybo_z7_cam_rpi_v2_5mp_hdmi/zybo_z7_imx219/zybo_z7_imx219.runs/design_1_v_demosaic_0_0_synth_1/prj/sol/.autopilot/db/v_demosaic.cpp:1089:16)
INFO: [HLS 214-248] Applying array_partition to 'r': Complete partitioning on dimension 1. (C:/github/zybo_z7_cam_rpi_v2_5mp_hdmi/zybo_z7_imx219/zybo_z7_imx219.runs/design_1_v_demosaic_0_0_synth_1/prj/sol/.autopilot/db/v_demosaic.cpp:1090:16)
INFO: [HLS 214-248] Applying array_partition to 'g': Complete partitioning on dimension 1. (C:/github/zybo_z7_cam_rpi_v2_5mp_hdmi/zybo_z7_imx219/zybo_z7_imx219.runs/design_1_v_demosaic_0_0_synth_1/prj/sol/.autopilot/db/v_demosaic.cpp:1091:16)
INFO: [HLS 214-248] Applying array_partition to 'b': Complete partitioning on dimension 1. (C:/github/zybo_z7_cam_rpi_v2_5mp_hdmi/zybo_z7_imx219/zybo_z7_imx219.runs/design_1_v_demosaic_0_0_synth_1/prj/sol/.autopilot/db/v_demosaic.cpp:1092:16)
INFO: [HLS 214-241] Aggregating fifo (hls::stream) variable 'imgUnzip' with compact=bit mode in 30-bits (C:/github/zybo_z7_cam_rpi_v2_5mp_hdmi/zybo_z7_imx219/zybo_z7_imx219.runs/design_1_v_demosaic_0_0_synth_1/prj/sol/.autopilot/db/v_demosaic.cpp:110:21)
INFO: [HLS 214-241] Aggregating fifo (hls::stream) variable 'imgRgb' with compact=bit mode in 30-bits (C:/github/zybo_z7_cam_rpi_v2_5mp_hdmi/zybo_z7_imx219/zybo_z7_imx219.runs/design_1_v_demosaic_0_0_synth_1/prj/sol/.autopilot/db/v_demosaic.cpp:109:21)
INFO: [HLS 214-241] Aggregating fifo (hls::stream) variable 'imgRB' with compact=bit mode in 30-bits (C:/github/zybo_z7_cam_rpi_v2_5mp_hdmi/zybo_z7_imx219/zybo_z7_imx219.runs/design_1_v_demosaic_0_0_synth_1/prj/sol/.autopilot/db/v_demosaic.cpp:1067:27)
INFO: [HLS 214-241] Aggregating fifo (hls::stream) variable 'imgG' with compact=bit mode in 30-bits (C:/github/zybo_z7_cam_rpi_v2_5mp_hdmi/zybo_z7_imx219/zybo_z7_imx219.runs/design_1_v_demosaic_0_0_synth_1/prj/sol/.autopilot/db/v_demosaic.cpp:1067:21)
INFO: [HLS 214-241] Aggregating fifo (hls::stream) variable 'imgBayer' with compact=bit mode in 10-bits (C:/github/zybo_z7_cam_rpi_v2_5mp_hdmi/zybo_z7_imx219/zybo_z7_imx219.runs/design_1_v_demosaic_0_0_synth_1/prj/sol/.autopilot/db/v_demosaic.cpp:108:23)
INFO: [HLS 214-376] Pipelining loop< unknown> at C:/github/zybo_z7_cam_rpi_v2_5mp_hdmi/zybo_z7_imx219/zybo_z7_imx219.runs/design_1_v_demosaic_0_0_synth_1/prj/sol/.autopilot/db/v_demosaic.cpp:1089:33 due to pipeline_loops threshold
INFO: [HLS 214-376] Pipelining loop< unknown> at C:/github/zybo_z7_cam_rpi_v2_5mp_hdmi/zybo_z7_imx219/zybo_z7_imx219.runs/design_1_v_demosaic_0_0_synth_1/prj/sol/.autopilot/db/v_demosaic.cpp:1090:30 due to pipeline_loops threshold
INFO: [HLS 214-376] Pipelining loop< unknown> at C:/github/zybo_z7_cam_rpi_v2_5mp_hdmi/zybo_z7_imx219/zybo_z7_imx219.runs/design_1_v_demosaic_0_0_synth_1/prj/sol/.autopilot/db/v_demosaic.cpp:1091:30 due to pipeline_loops threshold
INFO: [HLS 214-376] Pipelining loop< unknown> at C:/github/zybo_z7_cam_rpi_v2_5mp_hdmi/zybo_z7_imx219/zybo_z7_imx219.runs/design_1_v_demosaic_0_0_synth_1/prj/sol/.autopilot/db/v_demosaic.cpp:1092:30 due to pipeline_loops threshold
INFO: [HLS 200-111] Finished Compiling Optimization and Transform: CPU user time: 2 seconds. CPU system time: 0 seconds. Elapsed time: 34.018 seconds; current allocated memory: 156.480 MB.
INFO: [HLS 200-111] Finished Checking Pragmas: CPU user time: 0 seconds. CPU system time: 0 seconds. Elapsed time: 0.003 seconds; current allocated memory: 156.480 MB.
INFO: [HLS 200-10] Starting code transformations ...
INFO: [HLS 200-111] Finished Standard Transforms: CPU user time: 0 seconds. CPU system time: 0 seconds. Elapsed time: 0.121 seconds; current allocated memory: 164.711 MB.
INFO: [HLS 200-10] Checking synthesizability ...
INFO: [HLS 200-111] Finished Checking Synthesizability: CPU user time: 0 seconds. CPU system time: 0 seconds. Elapsed time: 0.152 seconds; current allocated memory: 169.574 MB.
WARNING: [XFORM 203-561] Updating loop upper bound from 65535 to 1920 for loop 'VITIS_LOOP_230_2' (C:/github/zybo_z7_cam_rpi_v2_5mp_hdmi/zybo_z7_imx219/zybo_z7_imx219.runs/design_1_v_demosaic_0_0_synth_1/prj/sol/.autopilot/db/v_demosaic.cpp:230:43) in function 'MultiPixStream2AXIvideo'.
WARNING: [XFORM 203-561] Ignored invalid trip count directive (MAX (= 1920) < AVE (= 32767)) for loop 'VITIS_LOOP_230_2' (C:/github/zybo_z7_cam_rpi_v2_5mp_hdmi/zybo_z7_imx219/zybo_z7_imx219.runs/design_1_v_demosaic_0_0_synth_1/prj/sol/.autopilot/db/v_demosaic.cpp:230:43) in function 'MultiPixStream2AXIvideo'.
WARNING: [XFORM 203-561] Updating loop upper bound from 65535 to 1080 for loop 'VITIS_LOOP_228_1' (C:/github/zybo_z7_cam_rpi_v2_5mp_hdmi/zybo_z7_imx219/zybo_z7_imx219.runs/design_1_v_demosaic_0_0_synth_1/prj/sol/.autopilot/db/v_demosaic.cpp:228:39) in function 'MultiPixStream2AXIvideo'.
WARNING: [XFORM 203-561] Ignored invalid trip count directive (MAX (= 1080) < AVE (= 32767)) for loop 'VITIS_LOOP_228_1' (C:/github/zybo_z7_cam_rpi_v2_5mp_hdmi/zybo_z7_imx219/zybo_z7_imx219.runs/design_1_v_demosaic_0_0_synth_1/prj/sol/.autopilot/db/v_demosaic.cpp:228:39) in function 'MultiPixStream2AXIvideo'.
WARNING: [XFORM 203-561] Updating loop upper bound from 65536 to 1921 for loop 'VITIS_LOOP_633_2' (C:/github/zybo_z7_cam_rpi_v2_5mp_hdmi/zybo_z7_imx219/zybo_z7_imx219.runs/design_1_v_demosaic_0_0_synth_1/prj/sol/.autopilot/db/v_demosaic.cpp:632:13) in function 'DebayerRatBorBatR'.
WARNING: [XFORM 203-561] Ignored invalid trip count directive (MAX (= 1921) < AVE (= 32768)) for loop 'VITIS_LOOP_633_2' (C:/github/zybo_z7_cam_rpi_v2_5mp_hdmi/zybo_z7_imx219/zybo_z7_imx219.runs/design_1_v_demosaic_0_0_synth_1/prj/sol/.autopilot/db/v_demosaic.cpp:632:13) in function 'DebayerRatBorBatR'.
WARNING: [XFORM 203-561] Updating loop upper bound from 65536 to 1081 for loop 'VITIS_LOOP_630_1' (C:/github/zybo_z7_cam_rpi_v2_5mp_hdmi/zybo_z7_imx219/zybo_z7_imx219.runs/design_1_v_demosaic_0_0_synth_1/prj/sol/.autopilot/db/v_demosaic.cpp:603:9) in function 'DebayerRatBorBatR'.
WARNING: [XFORM 203-561] Ignored invalid trip count directive (MAX (= 1081) < AVE (= 32768)) for loop 'VITIS_LOOP_630_1' (C:/github/zybo_z7_cam_rpi_v2_5mp_hdmi/zybo_z7_imx219/zybo_z7_imx219.runs/design_1_v_demosaic_0_0_synth_1/prj/sol/.autopilot/db/v_demosaic.cpp:603:9) in function 'DebayerRatBorBatR'.
WARNING: [XFORM 203-561] Updating loop upper bound from 65536 to 1921 for loop 'VITIS_LOOP_881_2' (C:/github/zybo_z7_cam_rpi_v2_5mp_hdmi/zybo_z7_imx219/zybo_z7_imx219.runs/design_1_v_demosaic_0_0_synth_1/prj/sol/.autopilot/db/v_demosaic.cpp:880:13) in function 'DebayerRandBatG'.
WARNING: [XFORM 203-561] Ignored invalid trip count directive (MAX (= 1921) < AVE (= 32768)) for loop 'VITIS_LOOP_881_2' (C:/github/zybo_z7_cam_rpi_v2_5mp_hdmi/zybo_z7_imx219/zybo_z7_imx219.runs/design_1_v_demosaic_0_0_synth_1/prj/sol/.autopilot/db/v_demosaic.cpp:880:13) in function 'DebayerRandBatG'.
WARNING: [XFORM 203-561] Updating loop upper bound from 65536 to 1081 for loop 'VITIS_LOOP_878_1' (C:/github/zybo_z7_cam_rpi_v2_5mp_hdmi/zybo_z7_imx219/zybo_z7_imx219.runs/design_1_v_demosaic_0_0_synth_1/prj/sol/.autopilot/db/v_demosaic.cpp:851:9) in function 'DebayerRandBatG'.
WARNING: [XFORM 203-561] Ignored invalid trip count directive (MAX (= 1081) < AVE (= 32768)) for loop 'VITIS_LOOP_878_1' (C:/github/zybo_z7_cam_rpi_v2_5mp_hdmi/zybo_z7_imx219/zybo_z7_imx219.runs/design_1_v_demosaic_0_0_synth_1/prj/sol/.autopilot/db/v_demosaic.cpp:851:9) in function 'DebayerRandBatG'.
WARNING: [XFORM 203-561] Updating loop upper bound from 65535 to 1920 for loop 'loop_width' (C:/github/zybo_z7_cam_rpi_v2_5mp_hdmi/zybo_z7_imx219/zybo_z7_imx219.runs/design_1_v_demosaic_0_0_synth_1/prj/sol/.autopilot/db/v_demosaic.cpp:153:10) in function 'AXIvideo2MultiBayer'.
WARNING: [XFORM 203-561] Ignored invalid trip count directive (MAX (= 1920) < AVE (= 32767)) for loop 'loop_width' (C:/github/zybo_z7_cam_rpi_v2_5mp_hdmi/zybo_z7_imx219/zybo_z7_imx219.runs/design_1_v_demosaic_0_0_synth_1/prj/sol/.autopilot/db/v_demosaic.cpp:153:10) in function 'AXIvideo2MultiBayer'.
WARNING: [XFORM 203-561] Updating loop upper bound from 65535 to 1080 for loop 'loop_height' (C:/github/zybo_z7_cam_rpi_v2_5mp_hdmi/zybo_z7_imx219/zybo_z7_imx219.runs/design_1_v_demosaic_0_0_synth_1/prj/sol/.autopilot/db/v_demosaic.cpp:153:10) in function 'AXIvideo2MultiBayer'.
WARNING: [XFORM 203-561] Ignored invalid trip count directive (MAX (= 1080) < AVE (= 32767)) for loop 'loop_height' (C:/github/zybo_z7_cam_rpi_v2_5mp_hdmi/zybo_z7_imx219/zybo_z7_imx219.runs/design_1_v_demosaic_0_0_synth_1/prj/sol/.autopilot/db/v_demosaic.cpp:153:10) in function 'AXIvideo2MultiBayer'.
WARNING: [HLS 200-805] An internal stream 'imgBayer' (C:/github/zybo_z7_cam_rpi_v2_5mp_hdmi/zybo_z7_imx219/zybo_z7_imx219.runs/design_1_v_demosaic_0_0_synth_1/prj/sol/.autopilot/db/v_demosaic.cpp:108) with default size can result in deadlock. Please consider resizing the stream using the directive 'set_directive_stream' or the 'HLS stream' pragma.
WARNING: [HLS 200-805] An internal stream 'imgRgb' (C:/github/zybo_z7_cam_rpi_v2_5mp_hdmi/zybo_z7_imx219/zybo_z7_imx219.runs/design_1_v_demosaic_0_0_synth_1/prj/sol/.autopilot/db/v_demosaic.cpp:109) with default size can result in deadlock. Please consider resizing the stream using the directive 'set_directive_stream' or the 'HLS stream' pragma.
WARNING: [HLS 200-805] An internal stream 'imgUnzip' (C:/github/zybo_z7_cam_rpi_v2_5mp_hdmi/zybo_z7_imx219/zybo_z7_imx219.runs/design_1_v_demosaic_0_0_synth_1/prj/sol/.autopilot/db/v_demosaic.cpp:110) with default size can result in deadlock. Please consider resizing the stream using the directive 'set_directive_stream' or the 'HLS stream' pragma.
WARNING: [HLS 200-805] An internal stream 'imgG' (C:/github/zybo_z7_cam_rpi_v2_5mp_hdmi/zybo_z7_imx219/zybo_z7_imx219.runs/design_1_v_demosaic_0_0_synth_1/prj/sol/.autopilot/db/v_demosaic.cpp:1067) with default size can result in deadlock. Please consider resizing the stream using the directive 'set_directive_stream' or the 'HLS stream' pragma.
WARNING: [HLS 200-805] An internal stream 'imgRB' (C:/github/zybo_z7_cam_rpi_v2_5mp_hdmi/zybo_z7_imx219/zybo_z7_imx219.runs/design_1_v_demosaic_0_0_synth_1/prj/sol/.autopilot/db/v_demosaic.cpp:1067) with default size can result in deadlock. Please consider resizing the stream using the directive 'set_directive_stream' or the 'HLS stream' pragma.
INFO: [XFORM 203-712] Applying dataflow to function 'Debayer' (C:/github/zybo_z7_cam_rpi_v2_5mp_hdmi/zybo_z7_imx219/zybo_z7_imx219.runs/design_1_v_demosaic_0_0_synth_1/prj/sol/.autopilot/db/v_demosaic.cpp:1067:1), detected/extracted 3 process function(s): 
	 'DebayerG'
	 'DebayerRatBorBatR'
	 'DebayerRandBatG'.
INFO: [XFORM 203-712] Applying dataflow to function 'v_demosaic' (C:/github/zybo_z7_cam_rpi_v2_5mp_hdmi/zybo_z7_imx219/zybo_z7_imx219.runs/design_1_v_demosaic_0_0_synth_1/prj/sol/.autopilot/db/v_demosaic.cpp:89), detected/extracted 5 process function(s): 
	 'entry_proc'
	 'AXIvideo2MultiBayer'
	 'Debayer'
	 'ZipperRemoval'
	 'MultiPixStream2AXIvideo'.
INFO: [XFORM 203-401] Performing if-conversion on hyperblock from (C:/github/zybo_z7_cam_rpi_v2_5mp_hdmi/zybo_z7_imx219/zybo_z7_imx219.runs/design_1_v_demosaic_0_0_synth_1/prj/sol/.autopilot/db/v_demosaic.cpp:1089:33) to (C:/github/zybo_z7_cam_rpi_v2_5mp_hdmi/zybo_z7_imx219/zybo_z7_imx219.runs/design_1_v_demosaic_0_0_synth_1/prj/sol/.autopilot/db/v_demosaic.cpp:1089:33) in function 'ZipperRemoval'... converting 3 basic blocks.
INFO: [XFORM 203-401] Performing if-conversion on hyperblock from (C:/github/zybo_z7_cam_rpi_v2_5mp_hdmi/zybo_z7_imx219/zybo_z7_imx219.runs/design_1_v_demosaic_0_0_synth_1/prj/sol/.autopilot/db/v_demosaic.cpp:1090:30) to (C:/github/zybo_z7_cam_rpi_v2_5mp_hdmi/zybo_z7_imx219/zybo_z7_imx219.runs/design_1_v_demosaic_0_0_synth_1/prj/sol/.autopilot/db/v_demosaic.cpp:1090:30) in function 'ZipperRemoval'... converting 3 basic blocks.
INFO: [XFORM 203-401] Performing if-conversion on hyperblock from (C:/github/zybo_z7_cam_rpi_v2_5mp_hdmi/zybo_z7_imx219/zybo_z7_imx219.runs/design_1_v_demosaic_0_0_synth_1/prj/sol/.autopilot/db/v_demosaic.cpp:1091:30) to (C:/github/zybo_z7_cam_rpi_v2_5mp_hdmi/zybo_z7_imx219/zybo_z7_imx219.runs/design_1_v_demosaic_0_0_synth_1/prj/sol/.autopilot/db/v_demosaic.cpp:1091:30) in function 'ZipperRemoval'... converting 3 basic blocks.
INFO: [XFORM 203-401] Performing if-conversion on hyperblock from (C:/github/zybo_z7_cam_rpi_v2_5mp_hdmi/zybo_z7_imx219/zybo_z7_imx219.runs/design_1_v_demosaic_0_0_synth_1/prj/sol/.autopilot/db/v_demosaic.cpp:1092:30) to (C:/github/zybo_z7_cam_rpi_v2_5mp_hdmi/zybo_z7_imx219/zybo_z7_imx219.runs/design_1_v_demosaic_0_0_synth_1/prj/sol/.autopilot/db/v_demosaic.cpp:1092:30) in function 'ZipperRemoval'... converting 3 basic blocks.
INFO: [XFORM 203-401] Performing if-conversion on hyperblock from (C:/github/zybo_z7_cam_rpi_v2_5mp_hdmi/zybo_z7_imx219/zybo_z7_imx219.runs/design_1_v_demosaic_0_0_synth_1/prj/sol/.autopilot/db/v_demosaic.cpp:1129:51) to (C:/github/zybo_z7_cam_rpi_v2_5mp_hdmi/zybo_z7_imx219/zybo_z7_imx219.runs/design_1_v_demosaic_0_0_synth_1/prj/sol/.autopilot/db/v_demosaic.cpp:1159:17) in function 'ZipperRemoval'... converting 4 basic blocks.
INFO: [XFORM 203-401] Performing if-conversion on hyperblock from (C:/github/zybo_z7_cam_rpi_v2_5mp_hdmi/zybo_z7_imx219/zybo_z7_imx219.runs/design_1_v_demosaic_0_0_synth_1/prj/sol/.autopilot/db/v_demosaic.cpp:1009:27) to (C:/github/zybo_z7_cam_rpi_v2_5mp_hdmi/zybo_z7_imx219/zybo_z7_imx219.runs/design_1_v_demosaic_0_0_synth_1/prj/sol/.autopilot/db/v_demosaic.cpp:1052:27) in function 'DebayerRandBatG'... converting 6 basic blocks.
INFO: [XFORM 203-401] Performing if-conversion on hyperblock from (C:/github/zybo_z7_cam_rpi_v2_5mp_hdmi/zybo_z7_imx219/zybo_z7_imx219.runs/design_1_v_demosaic_0_0_synth_1/prj/sol/.autopilot/db/v_demosaic.cpp:439:65) to (C:/github/zybo_z7_cam_rpi_v2_5mp_hdmi/zybo_z7_imx219/zybo_z7_imx219.runs/design_1_v_demosaic_0_0_synth_1/prj/sol/.autopilot/db/v_demosaic.cpp:585:27) in function 'DebayerG'... converting 4 basic blocks.
INFO: [HLS 200-111] Finished Loop, function and other optimizations: CPU user time: 1 seconds. CPU system time: 0 seconds. Elapsed time: 3.8 seconds; current allocated memory: 197.070 MB.
WARNING: [ANALYSIS 214-52] Found false inter dependency for variable 'lineBuffer.1' (C:/github/zybo_z7_cam_rpi_v2_5mp_hdmi/zybo_z7_imx219/zybo_z7_imx219.runs/design_1_v_demosaic_0_0_synth_1/prj/sol/.autopilot/db/v_demosaic.cpp:614).
WARNING: [ANALYSIS 214-52] Found false inter dependency for variable 'lineBuffer' (C:/github/zybo_z7_cam_rpi_v2_5mp_hdmi/zybo_z7_imx219/zybo_z7_imx219.runs/design_1_v_demosaic_0_0_synth_1/prj/sol/.autopilot/db/v_demosaic.cpp:614).
WARNING: [ANALYSIS 214-52] Found false intra dependency for variable 'lineBuffer.1' (C:/github/zybo_z7_cam_rpi_v2_5mp_hdmi/zybo_z7_imx219/zybo_z7_imx219.runs/design_1_v_demosaic_0_0_synth_1/prj/sol/.autopilot/db/v_demosaic.cpp:614).
WARNING: [ANALYSIS 214-52] Found false intra dependency for variable 'lineBuffer' (C:/github/zybo_z7_cam_rpi_v2_5mp_hdmi/zybo_z7_imx219/zybo_z7_imx219.runs/design_1_v_demosaic_0_0_synth_1/prj/sol/.autopilot/db/v_demosaic.cpp:614).
WARNING: [ANALYSIS 214-52] Found false inter dependency for variable 'lineBuffer.2' (C:/github/zybo_z7_cam_rpi_v2_5mp_hdmi/zybo_z7_imx219/zybo_z7_imx219.runs/design_1_v_demosaic_0_0_synth_1/prj/sol/.autopilot/db/v_demosaic.cpp:862).
WARNING: [ANALYSIS 214-52] Found false inter dependency for variable 'lineBuffer' (C:/github/zybo_z7_cam_rpi_v2_5mp_hdmi/zybo_z7_imx219/zybo_z7_imx219.runs/design_1_v_demosaic_0_0_synth_1/prj/sol/.autopilot/db/v_demosaic.cpp:862).
WARNING: [ANALYSIS 214-52] Found false intra dependency for variable 'lineBuffer.2' (C:/github/zybo_z7_cam_rpi_v2_5mp_hdmi/zybo_z7_imx219/zybo_z7_imx219.runs/design_1_v_demosaic_0_0_synth_1/prj/sol/.autopilot/db/v_demosaic.cpp:862).
WARNING: [ANALYSIS 214-52] Found false intra dependency for variable 'lineBuffer' (C:/github/zybo_z7_cam_rpi_v2_5mp_hdmi/zybo_z7_imx219/zybo_z7_imx219.runs/design_1_v_demosaic_0_0_synth_1/prj/sol/.autopilot/db/v_demosaic.cpp:862).
WARNING: [ANALYSIS 214-52] Found false inter dependency for variable 'linebuf_yuv.3' (C:/github/zybo_z7_cam_rpi_v2_5mp_hdmi/zybo_z7_imx219/zybo_z7_imx219.runs/design_1_v_demosaic_0_0_synth_1/prj/sol/.autopilot/db/v_demosaic.cpp:283).
WARNING: [ANALYSIS 214-52] Found false inter dependency for variable 'linebuf_yuv.2' (C:/github/zybo_z7_cam_rpi_v2_5mp_hdmi/zybo_z7_imx219/zybo_z7_imx219.runs/design_1_v_demosaic_0_0_synth_1/prj/sol/.autopilot/db/v_demosaic.cpp:283).
WARNING: [ANALYSIS 214-52] Found false inter dependency for variable 'linebuf_yuv.1' (C:/github/zybo_z7_cam_rpi_v2_5mp_hdmi/zybo_z7_imx219/zybo_z7_imx219.runs/design_1_v_demosaic_0_0_synth_1/prj/sol/.autopilot/db/v_demosaic.cpp:283).
WARNING: [ANALYSIS 214-52] Found false inter dependency for variable 'linebuf_yuv' (C:/github/zybo_z7_cam_rpi_v2_5mp_hdmi/zybo_z7_imx219/zybo_z7_imx219.runs/design_1_v_demosaic_0_0_synth_1/prj/sol/.autopilot/db/v_demosaic.cpp:283).
WARNING: [ANALYSIS 214-52] Found false intra dependency for variable 'linebuf_yuv.3' (C:/github/zybo_z7_cam_rpi_v2_5mp_hdmi/zybo_z7_imx219/zybo_z7_imx219.runs/design_1_v_demosaic_0_0_synth_1/prj/sol/.autopilot/db/v_demosaic.cpp:283).
WARNING: [ANALYSIS 214-52] Found false intra dependency for variable 'linebuf_yuv.2' (C:/github/zybo_z7_cam_rpi_v2_5mp_hdmi/zybo_z7_imx219/zybo_z7_imx219.runs/design_1_v_demosaic_0_0_synth_1/prj/sol/.autopilot/db/v_demosaic.cpp:283).
WARNING: [ANALYSIS 214-52] Found false intra dependency for variable 'linebuf_yuv.1' (C:/github/zybo_z7_cam_rpi_v2_5mp_hdmi/zybo_z7_imx219/zybo_z7_imx219.runs/design_1_v_demosaic_0_0_synth_1/prj/sol/.autopilot/db/v_demosaic.cpp:283).
WARNING: [ANALYSIS 214-52] Found false intra dependency for variable 'linebuf_yuv' (C:/github/zybo_z7_cam_rpi_v2_5mp_hdmi/zybo_z7_imx219/zybo_z7_imx219.runs/design_1_v_demosaic_0_0_synth_1/prj/sol/.autopilot/db/v_demosaic.cpp:283).
INFO: [HLS 200-111] Finished Architecture Synthesis: CPU user time: 0 seconds. CPU system time: 0 seconds. Elapsed time: 2.401 seconds; current allocated memory: 344.824 MB.
INFO: [HLS 200-10] Starting hardware synthesis ...
INFO: [HLS 200-10] Synthesizing 'v_demosaic' ...
WARNING: [SYN 201-103] Legalizing function name 'reg<unsigned short>' to 'reg_unsigned_short_s'.
INFO: [HLS 200-10] ----------------------------------------------------------------
INFO: [HLS 200-42] -- Implementing module 'entry_proc' 
INFO: [HLS 200-10] ----------------------------------------------------------------
INFO: [SCHED 204-11] Starting scheduling ...
INFO: [SCHED 204-11] Finished scheduling.
INFO: [HLS 200-111] Finished Scheduling: CPU user time: 0 seconds. CPU system time: 0 seconds. Elapsed time: 0.212 seconds; current allocated memory: 348.461 MB.
INFO: [BIND 205-100] Starting micro-architecture generation ...
INFO: [BIND 205-101] Performing variable lifetime analysis.
INFO: [BIND 205-101] Exploring resource sharing.
INFO: [BIND 205-101] Binding ...
INFO: [BIND 205-100] Finished micro-architecture generation.
INFO: [HLS 200-111] Finished Binding: CPU user time: 0 seconds. CPU system time: 0 seconds. Elapsed time: 0.022 seconds; current allocated memory: 349.594 MB.
INFO: [HLS 200-10] ----------------------------------------------------------------
INFO: [HLS 200-42] -- Implementing module 'reg_unsigned_short_s' 
INFO: [HLS 200-10] ----------------------------------------------------------------
INFO: [SCHED 204-11] Starting scheduling ...
INFO: [SCHED 204-61] Pipelining function 'reg<unsigned short>'.
INFO: [HLS 200-1470] Pipelining result : Target II = 1, Final II = 1, Depth = 2, function 'reg<unsigned short>'
INFO: [SCHED 204-11] Finished scheduling.
INFO: [HLS 200-111] Finished Scheduling: CPU user time: 0 seconds. CPU system time: 0 seconds. Elapsed time: 0.028 seconds; current allocated memory: 350.402 MB.
INFO: [BIND 205-100] Starting micro-architecture generation ...
INFO: [BIND 205-101] Performing variable lifetime analysis.
INFO: [BIND 205-101] Exploring resource sharing.
INFO: [BIND 205-101] Binding ...
INFO: [BIND 205-100] Finished micro-architecture generation.
INFO: [HLS 200-111] Finished Binding: CPU user time: 0 seconds. CPU system time: 0 seconds. Elapsed time: 0.025 seconds; current allocated memory: 350.469 MB.
INFO: [HLS 200-10] ----------------------------------------------------------------
INFO: [HLS 200-42] -- Implementing module 'AXIvideo2MultiBayer_Pipeline_loop_wait_for_start' 
INFO: [HLS 200-10] ----------------------------------------------------------------
INFO: [SCHED 204-11] Starting scheduling ...
INFO: [SCHED 204-61] Pipelining loop 'loop_wait_for_start'.
INFO: [HLS 200-1470] Pipelining result : Target II = 1, Final II = 1, Depth = 1, loop 'loop_wait_for_start'
INFO: [SCHED 204-11] Finished scheduling.
INFO: [HLS 200-111] Finished Scheduling: CPU user time: 0 seconds. CPU system time: 0 seconds. Elapsed time: 0.035 seconds; current allocated memory: 350.953 MB.
INFO: [BIND 205-100] Starting micro-architecture generation ...
INFO: [BIND 205-101] Performing variable lifetime analysis.
INFO: [BIND 205-101] Exploring resource sharing.
INFO: [BIND 205-101] Binding ...
INFO: [BIND 205-100] Finished micro-architecture generation.
INFO: [HLS 200-111] Finished Binding: CPU user time: 0 seconds. CPU system time: 0 seconds. Elapsed time: 0.026 seconds; current allocated memory: 351.211 MB.
INFO: [HLS 200-10] ----------------------------------------------------------------
INFO: [HLS 200-42] -- Implementing module 'AXIvideo2MultiBayer_Pipeline_loop_width' 
INFO: [HLS 200-10] ----------------------------------------------------------------
INFO: [SCHED 204-11] Starting scheduling ...
INFO: [SCHED 204-61] Pipelining loop 'loop_width'.
INFO: [HLS 200-1470] Pipelining result : Target II = 1, Final II = 1, Depth = 3, loop 'loop_width'
INFO: [SCHED 204-11] Finished scheduling.
INFO: [HLS 200-111] Finished Scheduling: CPU user time: 0 seconds. CPU system time: 0 seconds. Elapsed time: 0.056 seconds; current allocated memory: 351.816 MB.
INFO: [BIND 205-100] Starting micro-architecture generation ...
INFO: [BIND 205-101] Performing variable lifetime analysis.
INFO: [BIND 205-101] Exploring resource sharing.
INFO: [BIND 205-101] Binding ...
INFO: [BIND 205-100] Finished micro-architecture generation.
INFO: [HLS 200-111] Finished Binding: CPU user time: 1 seconds. CPU system time: 0 seconds. Elapsed time: 0.04 seconds; current allocated memory: 351.922 MB.
INFO: [HLS 200-10] ----------------------------------------------------------------
INFO: [HLS 200-42] -- Implementing module 'AXIvideo2MultiBayer_Pipeline_loop_wait_for_eol' 
INFO: [HLS 200-10] ----------------------------------------------------------------
INFO: [SCHED 204-11] Starting scheduling ...
INFO: [SCHED 204-61] Pipelining loop 'loop_wait_for_eol'.
INFO: [HLS 200-1470] Pipelining result : Target II = 1, Final II = 1, Depth = 1, loop 'loop_wait_for_eol'
INFO: [SCHED 204-11] Finished scheduling.
INFO: [HLS 200-111] Finished Scheduling: CPU user time: 0 seconds. CPU system time: 0 seconds. Elapsed time: 0.089 seconds; current allocated memory: 352.102 MB.
INFO: [BIND 205-100] Starting micro-architecture generation ...
INFO: [BIND 205-101] Performing variable lifetime analysis.
INFO: [BIND 205-101] Exploring resource sharing.
INFO: [BIND 205-101] Binding ...
INFO: [BIND 205-100] Finished micro-architecture generation.
INFO: [HLS 200-111] Finished Binding: CPU user time: 0 seconds. CPU system time: 0 seconds. Elapsed time: 0.026 seconds; current allocated memory: 352.102 MB.
INFO: [HLS 200-10] ----------------------------------------------------------------
INFO: [HLS 200-42] -- Implementing module 'AXIvideo2MultiBayer' 
INFO: [HLS 200-10] ----------------------------------------------------------------
INFO: [SCHED 204-11] Starting scheduling ...
INFO: [SCHED 204-11] Finished scheduling.
INFO: [HLS 200-111] Finished Scheduling: CPU user time: 0 seconds. CPU system time: 0 seconds. Elapsed time: 0.038 seconds; current allocated memory: 352.488 MB.
INFO: [BIND 205-100] Starting micro-architecture generation ...
INFO: [BIND 205-101] Performing variable lifetime analysis.
INFO: [BIND 205-101] Exploring resource sharing.
INFO: [BIND 205-101] Binding ...
INFO: [BIND 205-100] Finished micro-architecture generation.
INFO: [HLS 200-111] Finished Binding: CPU user time: 0 seconds. CPU system time: 0 seconds. Elapsed time: 0.041 seconds; current allocated memory: 352.797 MB.
INFO: [HLS 200-10] ----------------------------------------------------------------
INFO: [HLS 200-42] -- Implementing module 'DebayerG_Pipeline_VITIS_LOOP_318_4' 
INFO: [HLS 200-10] ----------------------------------------------------------------
INFO: [SCHED 204-11] Starting scheduling ...
INFO: [HLS 200-486] Changing DSP latency (root=add_ln504_1) to 3 in order to utilize available DSP registers.
INFO: [HLS 200-486] Changing DSP latency (root=add_ln504) to 3 in order to utilize available DSP registers.
INFO: [SCHED 204-61] Pipelining loop 'VITIS_LOOP_318_4'.
INFO: [HLS 200-1470] Pipelining result : Target II = 1, Final II = 1, Depth = 15, loop 'VITIS_LOOP_318_4'
INFO: [SCHED 204-11] Finished scheduling.
INFO: [HLS 200-111] Finished Scheduling: CPU user time: 0 seconds. CPU system time: 0 seconds. Elapsed time: 0.513 seconds; current allocated memory: 363.332 MB.
INFO: [BIND 205-100] Starting micro-architecture generation ...
INFO: [BIND 205-101] Performing variable lifetime analysis.
INFO: [BIND 205-101] Exploring resource sharing.
INFO: [BIND 205-101] Binding ...
INFO: [BIND 205-100] Finished micro-architecture generation.
INFO: [HLS 200-111] Finished Binding: CPU user time: 0 seconds. CPU system time: 0 seconds. Elapsed time: 1.254 seconds; current allocated memory: 363.516 MB.
INFO: [HLS 200-10] ----------------------------------------------------------------
INFO: [HLS 200-42] -- Implementing module 'DebayerG' 
INFO: [HLS 200-10] ----------------------------------------------------------------
INFO: [SCHED 204-11] Starting scheduling ...
INFO: [SCHED 204-11] Finished scheduling.
INFO: [HLS 200-111] Finished Scheduling: CPU user time: 0 seconds. CPU system time: 0 seconds. Elapsed time: 0.222 seconds; current allocated memory: 363.566 MB.
INFO: [BIND 205-100] Starting micro-architecture generation ...
INFO: [BIND 205-101] Performing variable lifetime analysis.
INFO: [BIND 205-101] Exploring resource sharing.
INFO: [BIND 205-101] Binding ...
INFO: [BIND 205-100] Finished micro-architecture generation.
INFO: [HLS 200-111] Finished Binding: CPU user time: 1 seconds. CPU system time: 0 seconds. Elapsed time: 0.044 seconds; current allocated memory: 363.570 MB.
INFO: [HLS 200-10] ----------------------------------------------------------------
INFO: [HLS 200-42] -- Implementing module 'DebayerRatBorBatR_Pipeline_VITIS_LOOP_633_2' 
INFO: [HLS 200-10] ----------------------------------------------------------------
INFO: [SCHED 204-11] Starting scheduling ...
INFO: [SCHED 204-61] Pipelining loop 'VITIS_LOOP_633_2'.
INFO: [HLS 200-1470] Pipelining result : Target II = 1, Final II = 1, Depth = 7, loop 'VITIS_LOOP_633_2'
INFO: [SCHED 204-11] Finished scheduling.
INFO: [HLS 200-111] Finished Scheduling: CPU user time: 0 seconds. CPU system time: 0 seconds. Elapsed time: 0.292 seconds; current allocated memory: 364.027 MB.
INFO: [BIND 205-100] Starting micro-architecture generation ...
INFO: [BIND 205-101] Performing variable lifetime analysis.
INFO: [BIND 205-101] Exploring resource sharing.
INFO: [BIND 205-101] Binding ...
INFO: [BIND 205-100] Finished micro-architecture generation.
INFO: [HLS 200-111] Finished Binding: CPU user time: 0 seconds. CPU system time: 0 seconds. Elapsed time: 0.13 seconds; current allocated memory: 364.027 MB.
INFO: [HLS 200-10] ----------------------------------------------------------------
INFO: [HLS 200-42] -- Implementing module 'DebayerRatBorBatR' 
INFO: [HLS 200-10] ----------------------------------------------------------------
INFO: [SCHED 204-11] Starting scheduling ...
INFO: [SCHED 204-11] Finished scheduling.
INFO: [HLS 200-111] Finished Scheduling: CPU user time: 0 seconds. CPU system time: 0 seconds. Elapsed time: 0.148 seconds; current allocated memory: 364.051 MB.
INFO: [BIND 205-100] Starting micro-architecture generation ...
INFO: [BIND 205-101] Performing variable lifetime analysis.
INFO: [BIND 205-101] Exploring resource sharing.
INFO: [BIND 205-101] Binding ...
INFO: [BIND 205-100] Finished micro-architecture generation.
INFO: [HLS 200-111] Finished Binding: CPU user time: 0 seconds. CPU system time: 0 seconds. Elapsed time: 0.044 seconds; current allocated memory: 364.051 MB.
INFO: [HLS 200-10] ----------------------------------------------------------------
INFO: [HLS 200-42] -- Implementing module 'DebayerRandBatG_Pipeline_VITIS_LOOP_881_2' 
INFO: [HLS 200-10] ----------------------------------------------------------------
INFO: [SCHED 204-11] Starting scheduling ...
INFO: [SCHED 204-61] Pipelining loop 'VITIS_LOOP_881_2'.
INFO: [HLS 200-1470] Pipelining result : Target II = 1, Final II = 1, Depth = 5, loop 'VITIS_LOOP_881_2'
INFO: [SCHED 204-11] Finished scheduling.
INFO: [HLS 200-111] Finished Scheduling: CPU user time: 0 seconds. CPU system time: 1 seconds. Elapsed time: 0.215 seconds; current allocated memory: 366.320 MB.
INFO: [BIND 205-100] Starting micro-architecture generation ...
INFO: [BIND 205-101] Performing variable lifetime analysis.
INFO: [BIND 205-101] Exploring resource sharing.
INFO: [BIND 205-101] Binding ...
INFO: [BIND 205-100] Finished micro-architecture generation.
INFO: [HLS 200-111] Finished Binding: CPU user time: 0 seconds. CPU system time: 0 seconds. Elapsed time: 0.855 seconds; current allocated memory: 366.387 MB.
INFO: [HLS 200-10] ----------------------------------------------------------------
INFO: [HLS 200-42] -- Implementing module 'DebayerRandBatG' 
INFO: [HLS 200-10] ----------------------------------------------------------------
INFO: [SCHED 204-11] Starting scheduling ...
INFO: [SCHED 204-11] Finished scheduling.
INFO: [HLS 200-111] Finished Scheduling: CPU user time: 0 seconds. CPU system time: 0 seconds. Elapsed time: 0.119 seconds; current allocated memory: 366.422 MB.
INFO: [BIND 205-100] Starting micro-architecture generation ...
INFO: [BIND 205-101] Performing variable lifetime analysis.
INFO: [BIND 205-101] Exploring resource sharing.
INFO: [BIND 205-101] Binding ...
INFO: [BIND 205-100] Finished micro-architecture generation.
INFO: [HLS 200-111] Finished Binding: CPU user time: 0 seconds. CPU system time: 0 seconds. Elapsed time: 0.038 seconds; current allocated memory: 366.422 MB.
INFO: [HLS 200-10] ----------------------------------------------------------------
INFO: [HLS 200-42] -- Implementing module 'Debayer' 
INFO: [HLS 200-10] ----------------------------------------------------------------
INFO: [SCHED 204-11] Starting scheduling ...
INFO: [SCHED 204-11] Finished scheduling.
INFO: [HLS 200-111] Finished Scheduling: CPU user time: 0 seconds. CPU system time: 0 seconds. Elapsed time: 0.057 seconds; current allocated memory: 366.469 MB.
INFO: [BIND 205-100] Starting micro-architecture generation ...
INFO: [BIND 205-101] Performing variable lifetime analysis.
INFO: [BIND 205-101] Exploring resource sharing.
INFO: [BIND 205-101] Binding ...
INFO: [BIND 205-100] Finished micro-architecture generation.
INFO: [HLS 200-111] Finished Binding: CPU user time: 0 seconds. CPU system time: 0 seconds. Elapsed time: 0.034 seconds; current allocated memory: 366.480 MB.
INFO: [HLS 200-10] ----------------------------------------------------------------
INFO: [HLS 200-42] -- Implementing module 'ZipperRemoval_Pipeline_VITIS_LOOP_1101_2' 
INFO: [HLS 200-10] ----------------------------------------------------------------
INFO: [SCHED 204-11] Starting scheduling ...
INFO: [SCHED 204-61] Pipelining loop 'VITIS_LOOP_1101_2'.
INFO: [HLS 200-1470] Pipelining result : Target II = 1, Final II = 1, Depth = 4, loop 'VITIS_LOOP_1101_2'
INFO: [SCHED 204-11] Finished scheduling.
INFO: [HLS 200-111] Finished Scheduling: CPU user time: 1 seconds. CPU system time: 0 seconds. Elapsed time: 0.102 seconds; current allocated memory: 366.914 MB.
INFO: [BIND 205-100] Starting micro-architecture generation ...
INFO: [BIND 205-101] Performing variable lifetime analysis.
INFO: [BIND 205-101] Exploring resource sharing.
INFO: [BIND 205-101] Binding ...
INFO: [BIND 205-100] Finished micro-architecture generation.
INFO: [HLS 200-111] Finished Binding: CPU user time: 0 seconds. CPU system time: 0 seconds. Elapsed time: 0.062 seconds; current allocated memory: 367.262 MB.
INFO: [HLS 200-10] ----------------------------------------------------------------
INFO: [HLS 200-42] -- Implementing module 'ZipperRemoval' 
INFO: [HLS 200-10] ----------------------------------------------------------------
INFO: [SCHED 204-11] Starting scheduling ...
INFO: [SCHED 204-11] Finished scheduling.
INFO: [HLS 200-111] Finished Scheduling: CPU user time: 0 seconds. CPU system time: 0 seconds. Elapsed time: 0.074 seconds; current allocated memory: 367.590 MB.
INFO: [BIND 205-100] Starting micro-architecture generation ...
INFO: [BIND 205-101] Performing variable lifetime analysis.
INFO: [BIND 205-101] Exploring resource sharing.
INFO: [BIND 205-101] Binding ...
INFO: [BIND 205-100] Finished micro-architecture generation.
INFO: [HLS 200-111] Finished Binding: CPU user time: 0 seconds. CPU system time: 0 seconds. Elapsed time: 0.036 seconds; current allocated memory: 367.676 MB.
INFO: [HLS 200-10] ----------------------------------------------------------------
INFO: [HLS 200-42] -- Implementing module 'MultiPixStream2AXIvideo_Pipeline_VITIS_LOOP_230_2' 
INFO: [HLS 200-10] ----------------------------------------------------------------
INFO: [SCHED 204-11] Starting scheduling ...
INFO: [SCHED 204-61] Pipelining loop 'VITIS_LOOP_230_2'.
INFO: [HLS 200-1470] Pipelining result : Target II = 1, Final II = 1, Depth = 2, loop 'VITIS_LOOP_230_2'
INFO: [SCHED 204-11] Finished scheduling.
INFO: [HLS 200-111] Finished Scheduling: CPU user time: 0 seconds. CPU system time: 0 seconds. Elapsed time: 1.492 seconds; current allocated memory: 367.793 MB.
INFO: [BIND 205-100] Starting micro-architecture generation ...
INFO: [BIND 205-101] Performing variable lifetime analysis.
INFO: [BIND 205-101] Exploring resource sharing.
INFO: [BIND 205-101] Binding ...
INFO: [BIND 205-100] Finished micro-architecture generation.
INFO: [HLS 200-111] Finished Binding: CPU user time: 0 seconds. CPU system time: 0 seconds. Elapsed time: 0.027 seconds; current allocated memory: 367.793 MB.
INFO: [HLS 200-10] ----------------------------------------------------------------
INFO: [HLS 200-42] -- Implementing module 'MultiPixStream2AXIvideo' 
INFO: [HLS 200-10] ----------------------------------------------------------------
INFO: [SCHED 204-11] Starting scheduling ...
INFO: [SCHED 204-11] Finished scheduling.
INFO: [HLS 200-111] Finished Scheduling: CPU user time: 0 seconds. CPU system time: 0 seconds. Elapsed time: 0.038 seconds; current allocated memory: 367.844 MB.
INFO: [BIND 205-100] Starting micro-architecture generation ...
INFO: [BIND 205-101] Performing variable lifetime analysis.
INFO: [BIND 205-101] Exploring resource sharing.
INFO: [BIND 205-101] Binding ...
INFO: [BIND 205-100] Finished micro-architecture generation.
INFO: [HLS 200-111] Finished Binding: CPU user time: 0 seconds. CPU system time: 0 seconds. Elapsed time: 0.037 seconds; current allocated memory: 367.844 MB.
INFO: [HLS 200-10] ----------------------------------------------------------------
INFO: [HLS 200-42] -- Implementing module 'v_demosaic' 
INFO: [HLS 200-10] ----------------------------------------------------------------
INFO: [SCHED 204-11] Starting scheduling ...
INFO: [SCHED 204-11] Finished scheduling.
INFO: [HLS 200-111] Finished Scheduling: CPU user time: 0 seconds. CPU system time: 0 seconds. Elapsed time: 0.051 seconds; current allocated memory: 368.109 MB.
INFO: [BIND 205-100] Starting micro-architecture generation ...
INFO: [BIND 205-101] Performing variable lifetime analysis.
INFO: [BIND 205-101] Exploring resource sharing.
INFO: [BIND 205-101] Binding ...
INFO: [BIND 205-100] Finished micro-architecture generation.
INFO: [HLS 200-111] Finished Binding: CPU user time: 0 seconds. CPU system time: 0 seconds. Elapsed time: 0.042 seconds; current allocated memory: 368.469 MB.
INFO: [HLS 200-10] ----------------------------------------------------------------
INFO: [HLS 200-10] -- Generating RTL for module 'entry_proc' 
INFO: [HLS 200-10] ----------------------------------------------------------------
INFO: [RTGEN 206-100] Finished creating RTL model for 'entry_proc'.
INFO: [HLS 200-111] Finished Creating RTL model: CPU user time: 0 seconds. CPU system time: 0 seconds. Elapsed time: 0.105 seconds; current allocated memory: 369.691 MB.
INFO: [HLS 200-10] ----------------------------------------------------------------
INFO: [HLS 200-10] -- Generating RTL for module 'reg_unsigned_short_s' 
INFO: [HLS 200-10] ----------------------------------------------------------------
INFO: [HLS 200-1030] Apply Unified Pipeline Control on module 'reg_unsigned_short_s' pipeline 'reg<unsigned short>' pipeline type 'function pipeline'
INFO: [RTGEN 206-100] Finished creating RTL model for 'reg_unsigned_short_s'.
INFO: [HLS 200-111] Finished Creating RTL model: CPU user time: 0 seconds. CPU system time: 0 seconds. Elapsed time: 0.101 seconds; current allocated memory: 370.734 MB.
INFO: [HLS 200-10] ----------------------------------------------------------------
INFO: [HLS 200-10] -- Generating RTL for module 'AXIvideo2MultiBayer_Pipeline_loop_wait_for_start' 
INFO: [HLS 200-10] ----------------------------------------------------------------
INFO: [RTGEN 206-100] Finished creating RTL model for 'AXIvideo2MultiBayer_Pipeline_loop_wait_for_start'.
INFO: [HLS 200-111] Finished Creating RTL model: CPU user time: 0 seconds. CPU system time: 0 seconds. Elapsed time: 1.594 seconds; current allocated memory: 371.098 MB.
INFO: [HLS 200-10] ----------------------------------------------------------------
INFO: [HLS 200-10] -- Generating RTL for module 'AXIvideo2MultiBayer_Pipeline_loop_width' 
INFO: [HLS 200-10] ----------------------------------------------------------------
INFO: [HLS 200-1030] Apply Unified Pipeline Control on module 'AXIvideo2MultiBayer_Pipeline_loop_width' pipeline 'loop_width' pipeline type 'loop pipeline'
INFO: [RTGEN 206-100] Finished creating RTL model for 'AXIvideo2MultiBayer_Pipeline_loop_width'.
INFO: [HLS 200-111] Finished Creating RTL model: CPU user time: 0 seconds. CPU system time: 0 seconds. Elapsed time: 0.121 seconds; current allocated memory: 371.789 MB.
INFO: [HLS 200-10] ----------------------------------------------------------------
INFO: [HLS 200-10] -- Generating RTL for module 'AXIvideo2MultiBayer_Pipeline_loop_wait_for_eol' 
INFO: [HLS 200-10] ----------------------------------------------------------------
INFO: [RTGEN 206-100] Finished creating RTL model for 'AXIvideo2MultiBayer_Pipeline_loop_wait_for_eol'.
INFO: [HLS 200-111] Finished Creating RTL model: CPU user time: 0 seconds. CPU system time: 0 seconds. Elapsed time: 0.136 seconds; current allocated memory: 372.965 MB.
INFO: [HLS 200-10] ----------------------------------------------------------------
INFO: [HLS 200-10] -- Generating RTL for module 'AXIvideo2MultiBayer' 
INFO: [HLS 200-10] ----------------------------------------------------------------
INFO: [RTGEN 206-100] Finished creating RTL model for 'AXIvideo2MultiBayer'.
INFO: [HLS 200-111] Finished Creating RTL model: CPU user time: 0 seconds. CPU system time: 0 seconds. Elapsed time: 0.162 seconds; current allocated memory: 374.285 MB.
INFO: [HLS 200-10] ----------------------------------------------------------------
INFO: [HLS 200-10] -- Generating RTL for module 'DebayerG_Pipeline_VITIS_LOOP_318_4' 
INFO: [HLS 200-10] ----------------------------------------------------------------
INFO: [HLS 200-1030] Apply Unified Pipeline Control on module 'DebayerG_Pipeline_VITIS_LOOP_318_4' pipeline 'VITIS_LOOP_318_4' pipeline type 'loop pipeline'
INFO: [RTGEN 206-100] Generating core module 'mac_muladd_14s_10ns_24s_25_4_1': 2 instance(s).
INFO: [RTGEN 206-100] Generating core module 'mul_14s_10ns_24_1_1': 2 instance(s).
INFO: [RTGEN 206-100] Generating core module 'mul_18s_8ns_18_1_1': 2 instance(s).
INFO: [RTGEN 206-100] Generating core module 'mul_18s_9ns_18_1_1': 2 instance(s).
INFO: [RTGEN 206-100] Finished creating RTL model for 'DebayerG_Pipeline_VITIS_LOOP_318_4'.
INFO: [HLS 200-2168] Implementing memory 'design_1_v_demosaic_0_0_DebayerG_Pipeline_VITIS_LOOP_318_4_DIV1_TABLE_ROM_AUTO_1R' using auto ROMs with 4 copies to ensure enough ports to satisfy II or latency constraints.
INFO: [RTMG 210-279] Implementing memory 'design_1_v_demosaic_0_0_DebayerG_Pipeline_VITIS_LOOP_318_4_DIV2_TABLE_ROM_AUTO_1R' using auto ROMs.
INFO: [RTMG 210-278] Implementing memory 'design_1_v_demosaic_0_0_DebayerG_Pipeline_VITIS_LOOP_318_4_linebuf_yuv_3_RAM_AUTO_1R1W' using auto RAMs.
INFO: [HLS 200-111] Finished Creating RTL model: CPU user time: 1 seconds. CPU system time: 0 seconds. Elapsed time: 0.603 seconds; current allocated memory: 382.316 MB.
INFO: [HLS 200-10] ----------------------------------------------------------------
INFO: [HLS 200-10] -- Generating RTL for module 'DebayerG' 
INFO: [HLS 200-10] ----------------------------------------------------------------
INFO: [RTGEN 206-100] Finished creating RTL model for 'DebayerG'.
INFO: [HLS 200-111] Finished Creating RTL model: CPU user time: 0 seconds. CPU system time: 0 seconds. Elapsed time: 0.685 seconds; current allocated memory: 395.016 MB.
INFO: [HLS 200-10] ----------------------------------------------------------------
INFO: [HLS 200-10] -- Generating RTL for module 'DebayerRatBorBatR_Pipeline_VITIS_LOOP_633_2' 
INFO: [HLS 200-10] ----------------------------------------------------------------
INFO: [HLS 200-1030] Apply Unified Pipeline Control on module 'DebayerRatBorBatR_Pipeline_VITIS_LOOP_633_2' pipeline 'VITIS_LOOP_633_2' pipeline type 'loop pipeline'
INFO: [RTGEN 206-100] Finished creating RTL model for 'DebayerRatBorBatR_Pipeline_VITIS_LOOP_633_2'.
INFO: [RTMG 210-278] Implementing memory 'design_1_v_demosaic_0_0_DebayerRatBorBatR_Pipeline_VITIS_LOOP_633_2_lineBuffer_1_RAM_AUTO_1R1W' using auto RAMs.
INFO: [HLS 200-111] Finished Creating RTL model: CPU user time: 0 seconds. CPU system time: 0 seconds. Elapsed time: 0.464 seconds; current allocated memory: 395.016 MB.
INFO: [HLS 200-10] ----------------------------------------------------------------
INFO: [HLS 200-10] -- Generating RTL for module 'DebayerRatBorBatR' 
INFO: [HLS 200-10] ----------------------------------------------------------------
INFO: [RTGEN 206-100] Finished creating RTL model for 'DebayerRatBorBatR'.
INFO: [HLS 200-111] Finished Creating RTL model: CPU user time: 1 seconds. CPU system time: 0 seconds. Elapsed time: 0.452 seconds; current allocated memory: 402.586 MB.
INFO: [HLS 200-10] ----------------------------------------------------------------
INFO: [HLS 200-10] -- Generating RTL for module 'DebayerRandBatG_Pipeline_VITIS_LOOP_881_2' 
INFO: [HLS 200-10] ----------------------------------------------------------------
INFO: [HLS 200-1030] Apply Unified Pipeline Control on module 'DebayerRandBatG_Pipeline_VITIS_LOOP_881_2' pipeline 'VITIS_LOOP_881_2' pipeline type 'loop pipeline'
INFO: [RTGEN 206-100] Finished creating RTL model for 'DebayerRandBatG_Pipeline_VITIS_LOOP_881_2'.
INFO: [HLS 200-111] Finished Creating RTL model: CPU user time: 0 seconds. CPU system time: 0 seconds. Elapsed time: 0.273 seconds; current allocated memory: 404.609 MB.
INFO: [HLS 200-10] ----------------------------------------------------------------
INFO: [HLS 200-10] -- Generating RTL for module 'DebayerRandBatG' 
INFO: [HLS 200-10] ----------------------------------------------------------------
INFO: [RTGEN 206-100] Finished creating RTL model for 'DebayerRandBatG'.
INFO: [HLS 200-111] Finished Creating RTL model: CPU user time: 0 seconds. CPU system time: 0 seconds. Elapsed time: 0.359 seconds; current allocated memory: 411.895 MB.
INFO: [HLS 200-10] ----------------------------------------------------------------
INFO: [HLS 200-10] -- Generating RTL for module 'Debayer' 
INFO: [HLS 200-10] ----------------------------------------------------------------
WARNING: [RTGEN 206-101] Setting dangling out port 'Debayer/imgRgb_read' to 0.
INFO: [RTGEN 206-100] Finished creating RTL model for 'Debayer'.
INFO: [RTMG 210-285] Implementing FIFO 'imgG_U(design_1_v_demosaic_0_0_fifo_w30_d2_S)' using Shift Registers.
INFO: [RTMG 210-285] Implementing FIFO 'height_val4_c3_U(design_1_v_demosaic_0_0_fifo_w11_d2_S)' using Shift Registers.
INFO: [RTMG 210-285] Implementing FIFO 'width_val8_c4_U(design_1_v_demosaic_0_0_fifo_w11_d2_S)' using Shift Registers.
INFO: [RTMG 210-285] Implementing FIFO 'bayerPhase_val11_c5_U(design_1_v_demosaic_0_0_fifo_w16_d2_S)' using Shift Registers.
INFO: [RTMG 210-285] Implementing FIFO 'imgRB_U(design_1_v_demosaic_0_0_fifo_w30_d2_S)' using Shift Registers.
INFO: [RTMG 210-285] Implementing FIFO 'height_val4_c_U(design_1_v_demosaic_0_0_fifo_w11_d2_S)' using Shift Registers.
INFO: [RTMG 210-285] Implementing FIFO 'width_val8_c_U(design_1_v_demosaic_0_0_fifo_w11_d2_S)' using Shift Registers.
INFO: [RTMG 210-285] Implementing FIFO 'bayerPhase_val11_c_U(design_1_v_demosaic_0_0_fifo_w16_d2_S)' using Shift Registers.
INFO: [RTMG 210-285] Implementing FIFO 'start_for_DebayerRatBorBatR_U0_U(design_1_v_demosaic_0_0_start_for_DebayerRatBorBatR_U0)' using Shift Registers.
INFO: [RTMG 210-285] Implementing FIFO 'start_for_DebayerRandBatG_U0_U(design_1_v_demosaic_0_0_start_for_DebayerRandBatG_U0)' using Shift Registers.
INFO: [HLS 200-111] Finished Creating RTL model: CPU user time: 0 seconds. CPU system time: 0 seconds. Elapsed time: 0.216 seconds; current allocated memory: 413.027 MB.
INFO: [HLS 200-10] ----------------------------------------------------------------
INFO: [HLS 200-10] -- Generating RTL for module 'ZipperRemoval_Pipeline_VITIS_LOOP_1101_2' 
INFO: [HLS 200-10] ----------------------------------------------------------------
INFO: [HLS 200-1030] Apply Unified Pipeline Control on module 'ZipperRemoval_Pipeline_VITIS_LOOP_1101_2' pipeline 'VITIS_LOOP_1101_2' pipeline type 'loop pipeline'
INFO: [RTGEN 206-100] Finished creating RTL model for 'ZipperRemoval_Pipeline_VITIS_LOOP_1101_2'.
INFO: [HLS 200-111] Finished Creating RTL model: CPU user time: 0 seconds. CPU system time: 0 seconds. Elapsed time: 0.203 seconds; current allocated memory: 414.543 MB.
INFO: [HLS 200-10] ----------------------------------------------------------------
INFO: [HLS 200-10] -- Generating RTL for module 'ZipperRemoval' 
INFO: [HLS 200-10] ----------------------------------------------------------------
INFO: [RTGEN 206-100] Finished creating RTL model for 'ZipperRemoval'.
INFO: [HLS 200-111] Finished Creating RTL model: CPU user time: 1 seconds. CPU system time: 0 seconds. Elapsed time: 0.202 seconds; current allocated memory: 416.711 MB.
INFO: [HLS 200-10] ----------------------------------------------------------------
INFO: [HLS 200-10] -- Generating RTL for module 'MultiPixStream2AXIvideo_Pipeline_VITIS_LOOP_230_2' 
INFO: [HLS 200-10] ----------------------------------------------------------------
INFO: [HLS 200-1030] Apply Unified Pipeline Control on module 'MultiPixStream2AXIvideo_Pipeline_VITIS_LOOP_230_2' pipeline 'VITIS_LOOP_230_2' pipeline type 'loop pipeline'
INFO: [RTGEN 206-100] Finished creating RTL model for 'MultiPixStream2AXIvideo_Pipeline_VITIS_LOOP_230_2'.
INFO: [HLS 200-111] Finished Creating RTL model: CPU user time: 0 seconds. CPU system time: 1 seconds. Elapsed time: 0.165 seconds; current allocated memory: 418.160 MB.
INFO: [HLS 200-10] ----------------------------------------------------------------
INFO: [HLS 200-10] -- Generating RTL for module 'MultiPixStream2AXIvideo' 
INFO: [HLS 200-10] ----------------------------------------------------------------
INFO: [RTGEN 206-100] Finished creating RTL model for 'MultiPixStream2AXIvideo'.
INFO: [HLS 200-111] Finished Creating RTL model: CPU user time: 0 seconds. CPU system time: 0 seconds. Elapsed time: 0.171 seconds; current allocated memory: 418.770 MB.
INFO: [HLS 200-10] ----------------------------------------------------------------
INFO: [HLS 200-10] -- Generating RTL for module 'v_demosaic' 
INFO: [HLS 200-10] ----------------------------------------------------------------
WARNING: [RTGEN 206-101] Design contains AXI ports. Reset is fixed to synchronous and active low.
INFO: [RTGEN 206-500] Setting interface mode on port 'v_demosaic/width' to 's_axilite & ap_stable'.
INFO: [RTGEN 206-500] Setting interface mode on port 'v_demosaic/height' to 's_axilite & ap_stable'.
INFO: [RTGEN 206-500] Setting interface mode on port 'v_demosaic/bayer_phase' to 's_axilite & ap_none'.
INFO: [RTGEN 206-500] Setting interface mode on port 'v_demosaic/s_axis_video_V_data_V' to 'axis' (register, both mode).
INFO: [RTGEN 206-500] Setting interface mode on port 'v_demosaic/s_axis_video_V_keep_V' to 'axis' (register, both mode).
INFO: [RTGEN 206-500] Setting interface mode on port 'v_demosaic/s_axis_video_V_strb_V' to 'axis' (register, both mode).
INFO: [RTGEN 206-500] Setting interface mode on port 'v_demosaic/s_axis_video_V_user_V' to 'axis' (register, both mode).
INFO: [RTGEN 206-500] Setting interface mode on port 'v_demosaic/s_axis_video_V_last_V' to 'axis' (register, both mode).
INFO: [RTGEN 206-500] Setting interface mode on port 'v_demosaic/s_axis_video_V_id_V' to 'axis' (register, both mode).
INFO: [RTGEN 206-500] Setting interface mode on port 'v_demosaic/s_axis_video_V_dest_V' to 'axis' (register, both mode).
INFO: [RTGEN 206-500] Setting interface mode on port 'v_demosaic/m_axis_video_V_data_V' to 'axis' (register, both mode).
INFO: [RTGEN 206-500] Setting interface mode on port 'v_demosaic/m_axis_video_V_keep_V' to 'axis' (register, both mode).
INFO: [RTGEN 206-500] Setting interface mode on port 'v_demosaic/m_axis_video_V_strb_V' to 'axis' (register, both mode).
INFO: [RTGEN 206-500] Setting interface mode on port 'v_demosaic/m_axis_video_V_user_V' to 'axis' (register, both mode).
INFO: [RTGEN 206-500] Setting interface mode on port 'v_demosaic/m_axis_video_V_last_V' to 'axis' (register, both mode).
INFO: [RTGEN 206-500] Setting interface mode on port 'v_demosaic/m_axis_video_V_id_V' to 'axis' (register, both mode).
INFO: [RTGEN 206-500] Setting interface mode on port 'v_demosaic/m_axis_video_V_dest_V' to 'axis' (register, both mode).
INFO: [RTGEN 206-500] Setting interface mode on function 'v_demosaic' to 's_axilite & ap_ctrl_hs'.
INFO: [RTGEN 206-100] Bundling port 'width', 'height', 'bayer_phase' and 'return' to AXI-Lite port CTRL.
WARNING: [RTGEN 206-101] RTL name 'fifo_w30_d2_S' is changed to 'fifo_w30_d2_S_x' due to conflict.
INFO: [RTGEN 206-100] Finished creating RTL model for 'v_demosaic'.
INFO: [RTMG 210-285] Implementing FIFO 'bayer_phase_c_U(design_1_v_demosaic_0_0_fifo_w16_d3_S)' using Shift Registers.
INFO: [RTMG 210-285] Implementing FIFO 'imgBayer_U(design_1_v_demosaic_0_0_fifo_w10_d2_S)' using Shift Registers.
INFO: [RTMG 210-285] Implementing FIFO 'imgRgb_U(design_1_v_demosaic_0_0_fifo_w30_d2_S_x)' using Shift Registers.
INFO: [RTMG 210-285] Implementing FIFO 'imgUnzip_U(design_1_v_demosaic_0_0_fifo_w30_d2_S_x)' using Shift Registers.
INFO: [RTMG 210-285] Implementing FIFO 'start_for_Debayer_U0_U(design_1_v_demosaic_0_0_start_for_Debayer_U0)' using Shift Registers.
INFO: [RTMG 210-285] Implementing FIFO 'start_for_ZipperRemoval_U0_U(design_1_v_demosaic_0_0_start_for_ZipperRemoval_U0)' using Shift Registers.
INFO: [RTMG 210-285] Implementing FIFO 'start_for_MultiPixStream2AXIvideo_U0_U(design_1_v_demosaic_0_0_start_for_MultiPixStream2AXIvideo_U0)' using Shift Registers.
INFO: [HLS 200-111] Finished Creating RTL model: CPU user time: 0 seconds. CPU system time: 0 seconds. Elapsed time: 1.314 seconds; current allocated memory: 420.203 MB.
INFO: [HLS 200-111] Finished Generating all RTL models: CPU user time: 1 seconds. CPU system time: 0 seconds. Elapsed time: 1.531 seconds; current allocated memory: 424.418 MB.
INFO: [HLS 200-2225] Wrote inferred directives to file C:/github/zybo_z7_cam_rpi_v2_5mp_hdmi/zybo_z7_imx219/zybo_z7_imx219.runs/design_1_v_demosaic_0_0_synth_1/prj/sol/syn/inferred_directives.ini
INFO: [HLS 200-111] Finished Updating report files: CPU user time: 2 seconds. CPU system time: 3 seconds. Elapsed time: 5.865 seconds; current allocated memory: 437.508 MB.
INFO: [VHDL 208-304] Generating VHDL RTL for v_demosaic with prefix design_1_v_demosaic_0_0_.
INFO: [VLOG 209-307] Generating Verilog RTL for v_demosaic with prefix design_1_v_demosaic_0_0_.
INFO: [HLS 200-790] **** Loop Constraint Status: All loop constraints were satisfied.
INFO: [HLS 200-789] **** Estimated Fmax: 137.32 MHz
INFO: [HLS 200-2161] Finished Command csynth_design Elapsed time: 00:02:13; Allocated memory: 303.727 MB.
INFO: [HLS 200-1510] Running: export_design -format ip_catalog 
INFO: [IMPL 213-8] Exporting RTL as a Vivado IP.
!! WARNING !!
"PYTHONPATH" variable is set greater than default max string limit of "519" characters.
Please ignore this, if you have already made changes to your system registry to accept more than
default limit of 519 characters.
!! WARNING !!

****** Vivado v2025.2 (64-bit)
  **** SW Build 6299465 on Fri Nov 14 19:35:11 GMT 2025
  **** IP Build 6300035 on Fri Nov 14 10:48:45 MST 2025
  **** SharedData Build 6298862 on Thu Nov 13 04:50:51 MST 2025
  **** Start of session at: Mon Sep 21 19:19:30 2026
    ** Copyright 1986-2022 Xilinx, Inc. All Rights Reserved.
    ** Copyright 2022-2025 Advanced Micro Devices, Inc. All Rights Reserved.

source run_ippack.tcl -notrace
INFO: calling package_hls_ip ip_types=vitis sysgen json_file=C:/github/zybo_z7_cam_rpi_v2_5mp_hdmi/zybo_z7_imx219/zybo_z7_imx219.runs/design_1_v_demosaic_0_0_synth_1/prj/sol/sol_data.json outdir=C:/github/zybo_z7_cam_rpi_v2_5mp_hdmi/zybo_z7_imx219/zybo_z7_imx219.runs/design_1_v_demosaic_0_0_synth_1/prj/sol/impl/ip srcdir=C:/github/zybo_z7_cam_rpi_v2_5mp_hdmi/zybo_z7_imx219/zybo_z7_imx219.runs/design_1_v_demosaic_0_0_synth_1/prj/sol ippack_options_dict=subcore_use_xci_files false ippack_options_dict=subcore_use_xci_files false
INFO: Copied 1 ipmisc file(s) to C:/github/zybo_z7_cam_rpi_v2_5mp_hdmi/zybo_z7_imx219/zybo_z7_imx219.runs/design_1_v_demosaic_0_0_synth_1/prj/sol/impl/ip/misc
INFO: Copied 48 verilog file(s) to C:/github/zybo_z7_cam_rpi_v2_5mp_hdmi/zybo_z7_imx219/zybo_z7_imx219.runs/design_1_v_demosaic_0_0_synth_1/prj/sol/impl/ip/hdl/verilog
INFO: Copied 40 vhdl file(s) to C:/github/zybo_z7_cam_rpi_v2_5mp_hdmi/zybo_z7_imx219/zybo_z7_imx219.runs/design_1_v_demosaic_0_0_synth_1/prj/sol/impl/ip/hdl/vhdl
INFO: Copied 10 swdriver file(s) to C:/github/zybo_z7_cam_rpi_v2_5mp_hdmi/zybo_z7_imx219/zybo_z7_imx219.runs/design_1_v_demosaic_0_0_synth_1/prj/sol/impl/ip/drivers
ipx::create_core: Time (s): cpu = 00:00:14 ; elapsed = 00:00:09 . Memory (MB): peak = 532.301 ; gain = 214.172
INFO: Import ports from HDL: C:/github/zybo_z7_cam_rpi_v2_5mp_hdmi/zybo_z7_imx219/zybo_z7_imx219.runs/design_1_v_demosaic_0_0_synth_1/prj/sol/impl/ip/hdl/vhdl/design_1_v_demosaic_0_0_v_demosaic.vhd (design_1_v_demosaic_0_0_v_demosaic)
INFO: Add axi4lite interface s_axi_CTRL
INFO: Add clock interface ap_clk
INFO: Add reset interface ap_rst_n
INFO: Add interrupt interface interrupt
INFO: [IP_Flow 19-234] Refreshing IP repositories
INFO: [IP_Flow 19-1704] No user IP repositories specified
INFO: [IP_Flow 19-2313] Loaded Vivado IP repository 'C:/AMDDesignTools/2025.2/Vivado/data/ip'.
INFO: Add axi4stream interface s_axis_video
INFO: Add axi4stream interface m_axis_video
INFO: Calling post_process_vitis to specialize IP
INFO: Calling post_process_sysgen to specialize IP
Generating sysgen info xml from json file
INFO: Created IP C:/github/zybo_z7_cam_rpi_v2_5mp_hdmi/zybo_z7_imx219/zybo_z7_imx219.runs/design_1_v_demosaic_0_0_synth_1/prj/sol/impl/ip/component.xml
INFO: Created IP archive C:/github/zybo_z7_cam_rpi_v2_5mp_hdmi/zybo_z7_imx219/zybo_z7_imx219.runs/design_1_v_demosaic_0_0_synth_1/prj/sol/impl/ip/xilinx_com_ip_v_demosaic_1_1.zip
INFO: [Common 17-206] Exiting Vivado at Mon Sep 21 19:19:49 2026...
INFO: [HLS 200-802] Generated output file prj/sol/impl/export.zip
INFO: [HLS 200-2161] Finished Command export_design Elapsed time: 00:00:22; Allocated memory: 4.355 MB.
INFO: [HLS 200-112] Total CPU user time: 21 seconds. Total CPU system time: 9 seconds. Total elapsed time: 162.687 seconds; peak allocated memory: 441.902 MB.
INFO: [vitis-run 60-791] Total elapsed time: 0h 2m 45s
INFO: [vitis-run 60-1662] Stopping dispatch session having empty uuid.
