
*** Running vivado
    with args -log design_1_axi_vdma_0_0.vds -m64 -product Vivado -mode batch -messageDb vivado.pb -notrace -source design_1_axi_vdma_0_0.tcl



****** Vivado v2025.2 (64-bit)
  **** SW Build 6299465 on Fri Nov 14 19:35:11 GMT 2025
  **** IP Build 6300035 on Fri Nov 14 10:48:45 MST 2025
  **** SharedData Build 6298862 on Thu Nov 13 04:50:51 MST 2025
  **** Start of session at: Sun Sep 13 18:39:07 2026
    ** Copyright 1986-2022 Xilinx, Inc. All Rights Reserved.
    ** Copyright 2022-2025 Advanced Micro Devices, Inc. All Rights Reserved.

source design_1_axi_vdma_0_0.tcl -notrace
create_project: Time (s): cpu = 00:00:24 ; elapsed = 00:00:44 . Memory (MB): peak = 528.973 ; gain = 222.086
INFO: [IP_Flow 19-234] Refreshing IP repositories
INFO: [IP_Flow 19-1700] Loaded user IP repository 'v:/vivado-library'.
INFO: [IP_Flow 19-2313] Loaded Vivado IP repository 'C:/AMDDesignTools/2025.2/Vivado/data/ip'.
Command: synth_design -top design_1_axi_vdma_0_0 -part xc7z020clg400-1 -incremental_mode off -mode out_of_context
Starting synth_design
Attempting to get a license for feature 'Synthesis' and/or device 'xc7z020'
INFO: [Common 17-349] Got license for feature 'Synthesis' and/or device 'xc7z020'
INFO: [Device 21-403] Loading part xc7z020clg400-1
INFO: [Synth 8-7079] Multithreading enabled for synth_design using a maximum of 2 processes.
INFO: [Synth 8-7078] Launching helper process for spawning children vivado processes
INFO: [Synth 8-7075] Helper process launched with PID 19584
---------------------------------------------------------------------------------
Starting RTL Elaboration : Time (s): cpu = 00:00:25 ; elapsed = 00:00:44 . Memory (MB): peak = 1379.246 ; gain = 538.789
---------------------------------------------------------------------------------
INFO: [Synth 8-638] synthesizing module 'design_1_axi_vdma_0_0' [v:/zybo_z7_imx219/zybo_z7_imx219.gen/sources_1/bd/design_1/ip/design_1_axi_vdma_0_0/synth/design_1_axi_vdma_0_0.vhd:132]
	Parameter C_S_AXI_LITE_ADDR_WIDTH bound to: 9 - type: integer 
	Parameter C_S_AXI_LITE_DATA_WIDTH bound to: 32 - type: integer 
	Parameter C_DLYTMR_RESOLUTION bound to: 125 - type: integer 
	Parameter C_PRMRY_IS_ACLK_ASYNC bound to: 1 - type: integer 
	Parameter C_ENABLE_VIDPRMTR_READS bound to: 1 - type: integer 
	Parameter C_DYNAMIC_RESOLUTION bound to: 1 - type: integer 
	Parameter C_NUM_FSTORES bound to: 5 - type: integer 
	Parameter C_USE_FSYNC bound to: 1 - type: integer 
	Parameter C_USE_MM2S_FSYNC bound to: 0 - type: integer 
	Parameter C_USE_S2MM_FSYNC bound to: 2 - type: integer 
	Parameter C_FLUSH_ON_FSYNC bound to: 1 - type: integer 
	Parameter C_INCLUDE_INTERNAL_GENLOCK bound to: 1 - type: integer 
	Parameter C_INCLUDE_SG bound to: 0 - type: integer 
	Parameter C_M_AXI_SG_ADDR_WIDTH bound to: 32 - type: integer 
	Parameter C_M_AXI_SG_DATA_WIDTH bound to: 32 - type: integer 
	Parameter C_INCLUDE_MM2S bound to: 1 - type: integer 
	Parameter C_MM2S_GENLOCK_MODE bound to: 3 - type: integer 
	Parameter C_MM2S_GENLOCK_NUM_MASTERS bound to: 1 - type: integer 
	Parameter C_MM2S_GENLOCK_REPEAT_EN bound to: 0 - type: integer 
	Parameter C_MM2S_SOF_ENABLE bound to: 1 - type: integer 
	Parameter C_INCLUDE_MM2S_DRE bound to: 0 - type: integer 
	Parameter C_INCLUDE_MM2S_SF bound to: 0 - type: integer 
	Parameter C_MM2S_LINEBUFFER_DEPTH bound to: 4096 - type: integer 
	Parameter C_MM2S_LINEBUFFER_THRESH bound to: 4 - type: integer 
	Parameter C_MM2S_MAX_BURST_LENGTH bound to: 32 - type: integer 
	Parameter C_M_AXI_MM2S_ADDR_WIDTH bound to: 32 - type: integer 
	Parameter C_M_AXI_MM2S_DATA_WIDTH bound to: 64 - type: integer 
	Parameter C_M_AXIS_MM2S_TDATA_WIDTH bound to: 24 - type: integer 
	Parameter C_M_AXIS_MM2S_TUSER_BITS bound to: 1 - type: integer 
	Parameter C_INCLUDE_S2MM bound to: 1 - type: integer 
	Parameter C_S2MM_GENLOCK_MODE bound to: 0 - type: integer 
	Parameter C_S2MM_GENLOCK_NUM_MASTERS bound to: 1 - type: integer 
	Parameter C_S2MM_GENLOCK_REPEAT_EN bound to: 0 - type: integer 
	Parameter C_S2MM_SOF_ENABLE bound to: 1 - type: integer 
	Parameter C_INCLUDE_S2MM_DRE bound to: 0 - type: integer 
	Parameter C_INCLUDE_S2MM_SF bound to: 1 - type: integer 
	Parameter C_S2MM_LINEBUFFER_DEPTH bound to: 4096 - type: integer 
	Parameter C_S2MM_LINEBUFFER_THRESH bound to: 4 - type: integer 
	Parameter C_S2MM_MAX_BURST_LENGTH bound to: 32 - type: integer 
	Parameter C_M_AXI_S2MM_ADDR_WIDTH bound to: 32 - type: integer 
	Parameter C_M_AXI_S2MM_DATA_WIDTH bound to: 64 - type: integer 
	Parameter C_S_AXIS_S2MM_TDATA_WIDTH bound to: 24 - type: integer 
	Parameter C_S_AXIS_S2MM_TUSER_BITS bound to: 1 - type: integer 
	Parameter C_ENABLE_DEBUG_ALL bound to: 0 - type: integer 
	Parameter C_ENABLE_DEBUG_INFO_0 bound to: 0 - type: integer 
	Parameter C_ENABLE_DEBUG_INFO_1 bound to: 0 - type: integer 
	Parameter C_ENABLE_DEBUG_INFO_2 bound to: 0 - type: integer 
	Parameter C_ENABLE_DEBUG_INFO_3 bound to: 0 - type: integer 
	Parameter C_ENABLE_DEBUG_INFO_4 bound to: 0 - type: integer 
	Parameter C_ENABLE_DEBUG_INFO_5 bound to: 0 - type: integer 
	Parameter C_ENABLE_DEBUG_INFO_6 bound to: 1 - type: integer 
	Parameter C_ENABLE_DEBUG_INFO_7 bound to: 1 - type: integer 
	Parameter C_ENABLE_DEBUG_INFO_8 bound to: 0 - type: integer 
	Parameter C_ENABLE_DEBUG_INFO_9 bound to: 0 - type: integer 
	Parameter C_ENABLE_DEBUG_INFO_10 bound to: 0 - type: integer 
	Parameter C_ENABLE_DEBUG_INFO_11 bound to: 0 - type: integer 
	Parameter C_ENABLE_DEBUG_INFO_12 bound to: 0 - type: integer 
	Parameter C_ENABLE_DEBUG_INFO_13 bound to: 0 - type: integer 
	Parameter C_ENABLE_DEBUG_INFO_14 bound to: 1 - type: integer 
	Parameter C_ENABLE_DEBUG_INFO_15 bound to: 1 - type: integer 
	Parameter C_INSTANCE bound to: axi_vdma - type: string 
	Parameter C_SELECT_XPM bound to: 0 - type: integer 
	Parameter C_ENABLE_VERT_FLIP bound to: 0 - type: integer 
	Parameter C_FAMILY bound to: zynq - type: string 
INFO: [Synth 8-3491] module 'axi_vdma' declared at 'v:/zybo_z7_imx219/zybo_z7_imx219.gen/sources_1/bd/design_1/ipshared/7e8c/hdl/axi_vdma_v6_3_rfs.vhd:68582' bound to instance 'U0' of component 'axi_vdma' [v:/zybo_z7_imx219/zybo_z7_imx219.gen/sources_1/bd/design_1/ip/design_1_axi_vdma_0_0/synth/design_1_axi_vdma_0_0.vhd:414]
INFO: [Synth 8-638] synthesizing module 'axi_vdma' [v:/zybo_z7_imx219/zybo_z7_imx219.gen/sources_1/bd/design_1/ipshared/7e8c/hdl/axi_vdma_v6_3_rfs.vhd:69021]
INFO: [Synth 8-638] synthesizing module 'axi_vdma_rst_module' [v:/zybo_z7_imx219/zybo_z7_imx219.gen/sources_1/bd/design_1/ipshared/7e8c/hdl/axi_vdma_v6_3_rfs.vhd:16221]
INFO: [Synth 8-638] synthesizing module 'axi_vdma_reset' [v:/zybo_z7_imx219/zybo_z7_imx219.gen/sources_1/bd/design_1/ipshared/7e8c/hdl/axi_vdma_v6_3_rfs.vhd:14734]
	Parameter DEST_SYNC_FF bound to: 4 - type: integer 
	Parameter INIT_SYNC_FF bound to: 0 - type: integer 
	Parameter REG_OUTPUT bound to: 0 - type: integer 
	Parameter RST_USED bound to: 0 - type: integer 
	Parameter SIM_ASSERT_CHK bound to: 0 - type: integer 
INFO: [Synth 8-3491] module 'xpm_cdc_pulse' declared at 'C:/AMDDesignTools/2025.2/Vivado/data/ip/xpm/xpm_cdc/hdl/xpm_cdc.sv:714' bound to instance 'LITE_RESET_CDC_I' of component 'xpm_cdc_pulse' [v:/zybo_z7_imx219/zybo_z7_imx219.gen/sources_1/bd/design_1/ipshared/7e8c/hdl/axi_vdma_v6_3_rfs.vhd:14942]
INFO: [Synth 8-6157] synthesizing module 'xpm_cdc_pulse' [C:/AMDDesignTools/2025.2/Vivado/data/ip/xpm/xpm_cdc/hdl/xpm_cdc.sv:714]
INFO: [Synth 8-6157] synthesizing module 'xpm_cdc_single' [C:/AMDDesignTools/2025.2/Vivado/data/ip/xpm/xpm_cdc/hdl/xpm_cdc.sv:152]
INFO: [Synth 8-6155] done synthesizing module 'xpm_cdc_single' (0#1) [C:/AMDDesignTools/2025.2/Vivado/data/ip/xpm/xpm_cdc/hdl/xpm_cdc.sv:152]
INFO: [Synth 8-6155] done synthesizing module 'xpm_cdc_pulse' (0#1) [C:/AMDDesignTools/2025.2/Vivado/data/ip/xpm/xpm_cdc/hdl/xpm_cdc.sv:714]
	Parameter DEST_SYNC_FF bound to: 4 - type: integer 
	Parameter INIT_SYNC_FF bound to: 0 - type: integer 
	Parameter SIM_ASSERT_CHK bound to: 0 - type: integer 
	Parameter SRC_INPUT_REG bound to: 1 - type: integer 
INFO: [Synth 8-3491] module 'xpm_cdc_single' declared at 'C:/AMDDesignTools/2025.2/Vivado/data/ip/xpm/xpm_cdc/hdl/xpm_cdc.sv:152' bound to instance 'LITE_IDLE_CDC_I' of component 'xpm_cdc_single' [v:/zybo_z7_imx219/zybo_z7_imx219.gen/sources_1/bd/design_1/ipshared/7e8c/hdl/axi_vdma_v6_3_rfs.vhd:14988]
INFO: [Synth 8-6157] synthesizing module 'xpm_cdc_single__parameterized1' [C:/AMDDesignTools/2025.2/Vivado/data/ip/xpm/xpm_cdc/hdl/xpm_cdc.sv:152]
INFO: [Synth 8-6155] done synthesizing module 'xpm_cdc_single__parameterized1' (0#1) [C:/AMDDesignTools/2025.2/Vivado/data/ip/xpm/xpm_cdc/hdl/xpm_cdc.sv:152]
	Parameter DEST_SYNC_FF bound to: 4 - type: integer 
	Parameter INIT_SYNC_FF bound to: 0 - type: integer 
	Parameter SIM_ASSERT_CHK bound to: 0 - type: integer 
	Parameter SRC_INPUT_REG bound to: 1 - type: integer 
INFO: [Synth 8-3491] module 'xpm_cdc_single' declared at 'C:/AMDDesignTools/2025.2/Vivado/data/ip/xpm/xpm_cdc/hdl/xpm_cdc.sv:152' bound to instance 'LITE_MIN_CDC_I' of component 'xpm_cdc_single' [v:/zybo_z7_imx219/zybo_z7_imx219.gen/sources_1/bd/design_1/ipshared/7e8c/hdl/axi_vdma_v6_3_rfs.vhd:15055]
	Parameter DEST_SYNC_FF bound to: 4 - type: integer 
	Parameter INIT_SYNC_FF bound to: 0 - type: integer 
	Parameter REG_OUTPUT bound to: 0 - type: integer 
	Parameter RST_USED bound to: 0 - type: integer 
	Parameter SIM_ASSERT_CHK bound to: 0 - type: integer 
INFO: [Synth 8-3491] module 'xpm_cdc_pulse' declared at 'C:/AMDDesignTools/2025.2/Vivado/data/ip/xpm/xpm_cdc/hdl/xpm_cdc.sv:714' bound to instance 'LITE_CLR_CDC_I' of component 'xpm_cdc_pulse' [v:/zybo_z7_imx219/zybo_z7_imx219.gen/sources_1/bd/design_1/ipshared/7e8c/hdl/axi_vdma_v6_3_rfs.vhd:15097]
	Parameter DEST_SYNC_FF bound to: 4 - type: integer 
	Parameter INIT_SYNC_FF bound to: 0 - type: integer 
	Parameter REG_OUTPUT bound to: 0 - type: integer 
	Parameter RST_USED bound to: 0 - type: integer 
	Parameter SIM_ASSERT_CHK bound to: 0 - type: integer 
INFO: [Synth 8-3491] module 'xpm_cdc_pulse' declared at 'C:/AMDDesignTools/2025.2/Vivado/data/ip/xpm/xpm_cdc/hdl/xpm_cdc.sv:714' bound to instance 'AXIS_RESET_CDC_I' of component 'xpm_cdc_pulse' [v:/zybo_z7_imx219/zybo_z7_imx219.gen/sources_1/bd/design_1/ipshared/7e8c/hdl/axi_vdma_v6_3_rfs.vhd:15147]
	Parameter DEST_SYNC_FF bound to: 4 - type: integer 
	Parameter INIT_SYNC_FF bound to: 0 - type: integer 
	Parameter SIM_ASSERT_CHK bound to: 0 - type: integer 
	Parameter SRC_INPUT_REG bound to: 1 - type: integer 
INFO: [Synth 8-3491] module 'xpm_cdc_single' declared at 'C:/AMDDesignTools/2025.2/Vivado/data/ip/xpm/xpm_cdc/hdl/xpm_cdc.sv:152' bound to instance 'AXIS_IDLE_CDC_I' of component 'xpm_cdc_single' [v:/zybo_z7_imx219/zybo_z7_imx219.gen/sources_1/bd/design_1/ipshared/7e8c/hdl/axi_vdma_v6_3_rfs.vhd:15194]
	Parameter DEST_SYNC_FF bound to: 4 - type: integer 
	Parameter INIT_SYNC_FF bound to: 0 - type: integer 
	Parameter SIM_ASSERT_CHK bound to: 0 - type: integer 
	Parameter SRC_INPUT_REG bound to: 1 - type: integer 
INFO: [Synth 8-3491] module 'xpm_cdc_single' declared at 'C:/AMDDesignTools/2025.2/Vivado/data/ip/xpm/xpm_cdc/hdl/xpm_cdc.sv:152' bound to instance 'AXIS_MIN_CDC_I' of component 'xpm_cdc_single' [v:/zybo_z7_imx219/zybo_z7_imx219.gen/sources_1/bd/design_1/ipshared/7e8c/hdl/axi_vdma_v6_3_rfs.vhd:15256]
	Parameter DEST_SYNC_FF bound to: 4 - type: integer 
	Parameter INIT_SYNC_FF bound to: 0 - type: integer 
	Parameter REG_OUTPUT bound to: 0 - type: integer 
	Parameter RST_USED bound to: 0 - type: integer 
	Parameter SIM_ASSERT_CHK bound to: 0 - type: integer 
INFO: [Synth 8-3491] module 'xpm_cdc_pulse' declared at 'C:/AMDDesignTools/2025.2/Vivado/data/ip/xpm/xpm_cdc/hdl/xpm_cdc.sv:714' bound to instance 'AXIS_CLR_CDC_I' of component 'xpm_cdc_pulse' [v:/zybo_z7_imx219/zybo_z7_imx219.gen/sources_1/bd/design_1/ipshared/7e8c/hdl/axi_vdma_v6_3_rfs.vhd:15299]
	Parameter DEST_SYNC_FF bound to: 4 - type: integer 
	Parameter INIT_SYNC_FF bound to: 0 - type: integer 
	Parameter SIM_ASSERT_CHK bound to: 0 - type: integer 
	Parameter SRC_INPUT_REG bound to: 1 - type: integer 
INFO: [Synth 8-3491] module 'xpm_cdc_single' declared at 'C:/AMDDesignTools/2025.2/Vivado/data/ip/xpm/xpm_cdc/hdl/xpm_cdc.sv:152' bound to instance 'HARD_RESET_CDC_I' of component 'xpm_cdc_single' [v:/zybo_z7_imx219/zybo_z7_imx219.gen/sources_1/bd/design_1/ipshared/7e8c/hdl/axi_vdma_v6_3_rfs.vhd:15769]
	Parameter DEST_SYNC_FF bound to: 4 - type: integer 
	Parameter INIT_SYNC_FF bound to: 0 - type: integer 
	Parameter SIM_ASSERT_CHK bound to: 0 - type: integer 
	Parameter SRC_INPUT_REG bound to: 1 - type: integer 
INFO: [Synth 8-3491] module 'xpm_cdc_single' declared at 'C:/AMDDesignTools/2025.2/Vivado/data/ip/xpm/xpm_cdc/hdl/xpm_cdc.sv:152' bound to instance 'AXIS_RESET_CDC_I' of component 'xpm_cdc_single' [v:/zybo_z7_imx219/zybo_z7_imx219.gen/sources_1/bd/design_1/ipshared/7e8c/hdl/axi_vdma_v6_3_rfs.vhd:15901]
INFO: [Synth 8-256] done synthesizing module 'axi_vdma_reset' (0#1) [v:/zybo_z7_imx219/zybo_z7_imx219.gen/sources_1/bd/design_1/ipshared/7e8c/hdl/axi_vdma_v6_3_rfs.vhd:14734]
INFO: [Synth 8-256] done synthesizing module 'axi_vdma_rst_module' (0#1) [v:/zybo_z7_imx219/zybo_z7_imx219.gen/sources_1/bd/design_1/ipshared/7e8c/hdl/axi_vdma_v6_3_rfs.vhd:16221]
INFO: [Synth 8-638] synthesizing module 'axi_vdma_reg_if' [v:/zybo_z7_imx219/zybo_z7_imx219.gen/sources_1/bd/design_1/ipshared/7e8c/hdl/axi_vdma_v6_3_rfs.vhd:39626]
INFO: [Synth 8-638] synthesizing module 'axi_vdma_lite_if' [v:/zybo_z7_imx219/zybo_z7_imx219.gen/sources_1/bd/design_1/ipshared/7e8c/hdl/axi_vdma_v6_3_rfs.vhd:16708]
	Parameter DEST_SYNC_FF bound to: 4 - type: integer 
	Parameter INIT_SYNC_FF bound to: 0 - type: integer 
	Parameter REG_OUTPUT bound to: 0 - type: integer 
	Parameter RST_USED bound to: 1 - type: integer 
	Parameter SIM_ASSERT_CHK bound to: 0 - type: integer 
INFO: [Synth 8-3491] module 'xpm_cdc_pulse' declared at 'C:/AMDDesignTools/2025.2/Vivado/data/ip/xpm/xpm_cdc/hdl/xpm_cdc.sv:714' bound to instance 'LITE_WVALID_MM2S_CDC_I' of component 'xpm_cdc_pulse' [v:/zybo_z7_imx219/zybo_z7_imx219.gen/sources_1/bd/design_1/ipshared/7e8c/hdl/axi_vdma_v6_3_rfs.vhd:17302]
INFO: [Synth 8-6157] synthesizing module 'xpm_cdc_pulse__parameterized2' [C:/AMDDesignTools/2025.2/Vivado/data/ip/xpm/xpm_cdc/hdl/xpm_cdc.sv:714]
INFO: [Synth 8-6155] done synthesizing module 'xpm_cdc_pulse__parameterized2' (0#1) [C:/AMDDesignTools/2025.2/Vivado/data/ip/xpm/xpm_cdc/hdl/xpm_cdc.sv:714]
	Parameter DEST_SYNC_FF bound to: 4 - type: integer 
	Parameter INIT_SYNC_FF bound to: 0 - type: integer 
	Parameter REG_OUTPUT bound to: 0 - type: integer 
	Parameter RST_USED bound to: 1 - type: integer 
	Parameter SIM_ASSERT_CHK bound to: 0 - type: integer 
INFO: [Synth 8-3491] module 'xpm_cdc_pulse' declared at 'C:/AMDDesignTools/2025.2/Vivado/data/ip/xpm/xpm_cdc/hdl/xpm_cdc.sv:714' bound to instance 'LITE_WVALID_S2MM_CDC_I' of component 'xpm_cdc_pulse' [v:/zybo_z7_imx219/zybo_z7_imx219.gen/sources_1/bd/design_1/ipshared/7e8c/hdl/axi_vdma_v6_3_rfs.vhd:17372]
INFO: [Synth 8-256] done synthesizing module 'axi_vdma_lite_if' (0#1) [v:/zybo_z7_imx219/zybo_z7_imx219.gen/sources_1/bd/design_1/ipshared/7e8c/hdl/axi_vdma_v6_3_rfs.vhd:16708]
	Parameter DEST_SYNC_FF bound to: 3 - type: integer 
	Parameter INIT_SYNC_FF bound to: 0 - type: integer 
	Parameter SIM_ASSERT_CHK bound to: 0 - type: integer 
	Parameter SRC_INPUT_REG bound to: 1 - type: integer 
INFO: [Synth 8-3491] module 'xpm_cdc_single' declared at 'C:/AMDDesignTools/2025.2/Vivado/data/ip/xpm/xpm_cdc/hdl/xpm_cdc.sv:152' bound to instance 'MM2S_INTRPT_CROSSING_I' of component 'xpm_cdc_single' [v:/zybo_z7_imx219/zybo_z7_imx219.gen/sources_1/bd/design_1/ipshared/7e8c/hdl/axi_vdma_v6_3_rfs.vhd:39844]
INFO: [Synth 8-6157] synthesizing module 'xpm_cdc_single__parameterized3' [C:/AMDDesignTools/2025.2/Vivado/data/ip/xpm/xpm_cdc/hdl/xpm_cdc.sv:152]
INFO: [Synth 8-6155] done synthesizing module 'xpm_cdc_single__parameterized3' (0#1) [C:/AMDDesignTools/2025.2/Vivado/data/ip/xpm/xpm_cdc/hdl/xpm_cdc.sv:152]
	Parameter DEST_SYNC_FF bound to: 3 - type: integer 
	Parameter INIT_SYNC_FF bound to: 0 - type: integer 
	Parameter SIM_ASSERT_CHK bound to: 0 - type: integer 
	Parameter SRC_INPUT_REG bound to: 1 - type: integer 
INFO: [Synth 8-3491] module 'xpm_cdc_single' declared at 'C:/AMDDesignTools/2025.2/Vivado/data/ip/xpm/xpm_cdc/hdl/xpm_cdc.sv:152' bound to instance 'S2MM_INTRPT_CROSSING_I' of component 'xpm_cdc_single' [v:/zybo_z7_imx219/zybo_z7_imx219.gen/sources_1/bd/design_1/ipshared/7e8c/hdl/axi_vdma_v6_3_rfs.vhd:39929]
INFO: [Synth 8-256] done synthesizing module 'axi_vdma_reg_if' (0#1) [v:/zybo_z7_imx219/zybo_z7_imx219.gen/sources_1/bd/design_1/ipshared/7e8c/hdl/axi_vdma_v6_3_rfs.vhd:39626]
INFO: [Synth 8-638] synthesizing module 'axi_vdma_intrpt' [v:/zybo_z7_imx219/zybo_z7_imx219.gen/sources_1/bd/design_1/ipshared/7e8c/hdl/axi_vdma_v6_3_rfs.vhd:40326]
INFO: [Synth 8-256] done synthesizing module 'axi_vdma_intrpt' (0#1) [v:/zybo_z7_imx219/zybo_z7_imx219.gen/sources_1/bd/design_1/ipshared/7e8c/hdl/axi_vdma_v6_3_rfs.vhd:40326]
INFO: [Synth 8-638] synthesizing module 'axi_vdma_mm2s_axis_dwidth_converter' [v:/zybo_z7_imx219/zybo_z7_imx219.gen/sources_1/bd/design_1/ipshared/7e8c/hdl/axi_vdma_v6_3_rfs.vhd:67723]
	Parameter C_S_AXIS_TDATA_WIDTH bound to: 32 - type: integer 
	Parameter C_M_AXIS_TDATA_WIDTH bound to: 24 - type: integer 
	Parameter C_AXIS_TID_WIDTH bound to: 1 - type: integer 
	Parameter C_AXIS_TDEST_WIDTH bound to: 1 - type: integer 
	Parameter C_S_AXIS_TUSER_WIDTH bound to: 4 - type: integer 
	Parameter C_M_AXIS_TUSER_WIDTH bound to: 3 - type: integer 
	Parameter C_FAMILY bound to: zynq - type: string 
INFO: [Synth 8-3491] module 'axi_vdma_v6_3_24_axis_dwidth_converter_v1_0_axis_dwidth_converter' declared at 'v:/zybo_z7_imx219/zybo_z7_imx219.gen/sources_1/bd/design_1/ipshared/7e8c/hdl/axi_vdma_v6_3_rfs.v:1930' bound to instance 'MM2S_AXIS_DWIDTH_CONVERTER_I' of component 'axi_vdma_v6_3_24_axis_dwidth_converter_v1_0_axis_dwidth_converter' [v:/zybo_z7_imx219/zybo_z7_imx219.gen/sources_1/bd/design_1/ipshared/7e8c/hdl/axi_vdma_v6_3_rfs.vhd:67814]
INFO: [Synth 8-6157] synthesizing module 'axi_vdma_v6_3_24_axis_dwidth_converter_v1_0_axis_dwidth_converter' [v:/zybo_z7_imx219/zybo_z7_imx219.gen/sources_1/bd/design_1/ipshared/7e8c/hdl/axi_vdma_v6_3_rfs.v:1930]
INFO: [Synth 8-6157] synthesizing module 'axi_vdma_v6_3_24_axis_dwidth_converter_v1_0_axisc_upsizer' [v:/zybo_z7_imx219/zybo_z7_imx219.gen/sources_1/bd/design_1/ipshared/7e8c/hdl/axi_vdma_v6_3_rfs.v:1185]
INFO: [Synth 8-6155] done synthesizing module 'axi_vdma_v6_3_24_axis_dwidth_converter_v1_0_axisc_upsizer' (0#1) [v:/zybo_z7_imx219/zybo_z7_imx219.gen/sources_1/bd/design_1/ipshared/7e8c/hdl/axi_vdma_v6_3_rfs.v:1185]
INFO: [Synth 8-6157] synthesizing module 'axi_vdma_v6_3_24_axis_dwidth_converter_v1_0_axisc_downsizer' [v:/zybo_z7_imx219/zybo_z7_imx219.gen/sources_1/bd/design_1/ipshared/7e8c/hdl/axi_vdma_v6_3_rfs.v:1551]
INFO: [Synth 8-6155] done synthesizing module 'axi_vdma_v6_3_24_axis_dwidth_converter_v1_0_axisc_downsizer' (0#1) [v:/zybo_z7_imx219/zybo_z7_imx219.gen/sources_1/bd/design_1/ipshared/7e8c/hdl/axi_vdma_v6_3_rfs.v:1551]
INFO: [Synth 8-6157] synthesizing module 'axi_vdma_v6_3_24_axis_register_slice_v1_0_axis_register_slice' [v:/zybo_z7_imx219/zybo_z7_imx219.gen/sources_1/bd/design_1/ipshared/7e8c/hdl/axi_vdma_v6_3_rfs.v:974]
INFO: [Synth 8-6157] synthesizing module 'axi_vdma_v6_3_24_axis_infrastructure_v1_0_util_axis2vector' [v:/zybo_z7_imx219/zybo_z7_imx219.gen/sources_1/bd/design_1/ipshared/7e8c/hdl/axi_vdma_v6_3_rfs.v:61]
INFO: [Synth 8-6155] done synthesizing module 'axi_vdma_v6_3_24_axis_infrastructure_v1_0_util_axis2vector' (0#1) [v:/zybo_z7_imx219/zybo_z7_imx219.gen/sources_1/bd/design_1/ipshared/7e8c/hdl/axi_vdma_v6_3_rfs.v:61]
INFO: [Synth 8-6157] synthesizing module 'axi_vdma_v6_3_24_axis_register_slice_v1_0_axisc_register_slice' [v:/zybo_z7_imx219/zybo_z7_imx219.gen/sources_1/bd/design_1/ipshared/7e8c/hdl/axi_vdma_v6_3_rfs.v:387]
INFO: [Synth 8-6155] done synthesizing module 'axi_vdma_v6_3_24_axis_register_slice_v1_0_axisc_register_slice' (0#1) [v:/zybo_z7_imx219/zybo_z7_imx219.gen/sources_1/bd/design_1/ipshared/7e8c/hdl/axi_vdma_v6_3_rfs.v:387]
INFO: [Synth 8-6157] synthesizing module 'axi_vdma_v6_3_24_axis_infrastructure_v1_0_util_vector2axis' [v:/zybo_z7_imx219/zybo_z7_imx219.gen/sources_1/bd/design_1/ipshared/7e8c/hdl/axi_vdma_v6_3_rfs.v:225]
INFO: [Synth 8-6155] done synthesizing module 'axi_vdma_v6_3_24_axis_infrastructure_v1_0_util_vector2axis' (0#1) [v:/zybo_z7_imx219/zybo_z7_imx219.gen/sources_1/bd/design_1/ipshared/7e8c/hdl/axi_vdma_v6_3_rfs.v:225]
INFO: [Synth 8-6155] done synthesizing module 'axi_vdma_v6_3_24_axis_register_slice_v1_0_axis_register_slice' (0#1) [v:/zybo_z7_imx219/zybo_z7_imx219.gen/sources_1/bd/design_1/ipshared/7e8c/hdl/axi_vdma_v6_3_rfs.v:974]
INFO: [Synth 8-6157] synthesizing module 'axi_vdma_v6_3_24_axis_register_slice_v1_0_axis_register_slice__parameterized0' [v:/zybo_z7_imx219/zybo_z7_imx219.gen/sources_1/bd/design_1/ipshared/7e8c/hdl/axi_vdma_v6_3_rfs.v:974]
INFO: [Synth 8-6157] synthesizing module 'axi_vdma_v6_3_24_axis_infrastructure_v1_0_util_axis2vector__parameterized0' [v:/zybo_z7_imx219/zybo_z7_imx219.gen/sources_1/bd/design_1/ipshared/7e8c/hdl/axi_vdma_v6_3_rfs.v:61]
INFO: [Synth 8-6155] done synthesizing module 'axi_vdma_v6_3_24_axis_infrastructure_v1_0_util_axis2vector__parameterized0' (0#1) [v:/zybo_z7_imx219/zybo_z7_imx219.gen/sources_1/bd/design_1/ipshared/7e8c/hdl/axi_vdma_v6_3_rfs.v:61]
INFO: [Synth 8-6157] synthesizing module 'axi_vdma_v6_3_24_axis_register_slice_v1_0_axisc_register_slice__parameterized0' [v:/zybo_z7_imx219/zybo_z7_imx219.gen/sources_1/bd/design_1/ipshared/7e8c/hdl/axi_vdma_v6_3_rfs.v:387]
INFO: [Synth 8-6155] done synthesizing module 'axi_vdma_v6_3_24_axis_register_slice_v1_0_axisc_register_slice__parameterized0' (0#1) [v:/zybo_z7_imx219/zybo_z7_imx219.gen/sources_1/bd/design_1/ipshared/7e8c/hdl/axi_vdma_v6_3_rfs.v:387]
INFO: [Synth 8-6157] synthesizing module 'axi_vdma_v6_3_24_axis_infrastructure_v1_0_util_vector2axis__parameterized0' [v:/zybo_z7_imx219/zybo_z7_imx219.gen/sources_1/bd/design_1/ipshared/7e8c/hdl/axi_vdma_v6_3_rfs.v:225]
INFO: [Synth 8-6155] done synthesizing module 'axi_vdma_v6_3_24_axis_infrastructure_v1_0_util_vector2axis__parameterized0' (0#1) [v:/zybo_z7_imx219/zybo_z7_imx219.gen/sources_1/bd/design_1/ipshared/7e8c/hdl/axi_vdma_v6_3_rfs.v:225]
INFO: [Synth 8-6155] done synthesizing module 'axi_vdma_v6_3_24_axis_register_slice_v1_0_axis_register_slice__parameterized0' (0#1) [v:/zybo_z7_imx219/zybo_z7_imx219.gen/sources_1/bd/design_1/ipshared/7e8c/hdl/axi_vdma_v6_3_rfs.v:974]
INFO: [Synth 8-6155] done synthesizing module 'axi_vdma_v6_3_24_axis_dwidth_converter_v1_0_axis_dwidth_converter' (0#1) [v:/zybo_z7_imx219/zybo_z7_imx219.gen/sources_1/bd/design_1/ipshared/7e8c/hdl/axi_vdma_v6_3_rfs.v:1930]
INFO: [Synth 8-256] done synthesizing module 'axi_vdma_mm2s_axis_dwidth_converter' (0#1) [v:/zybo_z7_imx219/zybo_z7_imx219.gen/sources_1/bd/design_1/ipshared/7e8c/hdl/axi_vdma_v6_3_rfs.vhd:67723]
INFO: [Synth 8-638] synthesizing module 'axi_vdma_reg_module' [v:/zybo_z7_imx219/zybo_z7_imx219.gen/sources_1/bd/design_1/ipshared/7e8c/hdl/axi_vdma_v6_3_rfs.vhd:38785]
INFO: [Synth 8-638] synthesizing module 'axi_vdma_register' [v:/zybo_z7_imx219/zybo_z7_imx219.gen/sources_1/bd/design_1/ipshared/7e8c/hdl/axi_vdma_v6_3_rfs.vhd:18449]
INFO: [Synth 8-256] done synthesizing module 'axi_vdma_register' (0#1) [v:/zybo_z7_imx219/zybo_z7_imx219.gen/sources_1/bd/design_1/ipshared/7e8c/hdl/axi_vdma_v6_3_rfs.vhd:18449]
INFO: [Synth 8-638] synthesizing module 'axi_vdma_regdirect' [v:/zybo_z7_imx219/zybo_z7_imx219.gen/sources_1/bd/design_1/ipshared/7e8c/hdl/axi_vdma_v6_3_rfs.vhd:20259]
INFO: [Synth 8-256] done synthesizing module 'axi_vdma_regdirect' (0#1) [v:/zybo_z7_imx219/zybo_z7_imx219.gen/sources_1/bd/design_1/ipshared/7e8c/hdl/axi_vdma_v6_3_rfs.vhd:20259]
INFO: [Synth 8-638] synthesizing module 'axi_vdma_reg_mux' [v:/zybo_z7_imx219/zybo_z7_imx219.gen/sources_1/bd/design_1/ipshared/7e8c/hdl/axi_vdma_v6_3_rfs.vhd:29316]
INFO: [Synth 8-256] done synthesizing module 'axi_vdma_reg_mux' (0#1) [v:/zybo_z7_imx219/zybo_z7_imx219.gen/sources_1/bd/design_1/ipshared/7e8c/hdl/axi_vdma_v6_3_rfs.vhd:29316]
INFO: [Synth 8-256] done synthesizing module 'axi_vdma_reg_module' (0#1) [v:/zybo_z7_imx219/zybo_z7_imx219.gen/sources_1/bd/design_1/ipshared/7e8c/hdl/axi_vdma_v6_3_rfs.vhd:38785]
INFO: [Synth 8-638] synthesizing module 'axi_vdma_mngr' [v:/zybo_z7_imx219/zybo_z7_imx219.gen/sources_1/bd/design_1/ipshared/7e8c/hdl/axi_vdma_v6_3_rfs.vhd:63367]
INFO: [Synth 8-638] synthesizing module 'axi_vdma_sm' [v:/zybo_z7_imx219/zybo_z7_imx219.gen/sources_1/bd/design_1/ipshared/7e8c/hdl/axi_vdma_v6_3_rfs.vhd:61047]
INFO: [Synth 8-256] done synthesizing module 'axi_vdma_sm' (0#1) [v:/zybo_z7_imx219/zybo_z7_imx219.gen/sources_1/bd/design_1/ipshared/7e8c/hdl/axi_vdma_v6_3_rfs.vhd:61047]
INFO: [Synth 8-638] synthesizing module 'axi_vdma_cmdsts_if' [v:/zybo_z7_imx219/zybo_z7_imx219.gen/sources_1/bd/design_1/ipshared/7e8c/hdl/axi_vdma_v6_3_rfs.vhd:62256]
INFO: [Synth 8-256] done synthesizing module 'axi_vdma_cmdsts_if' (0#1) [v:/zybo_z7_imx219/zybo_z7_imx219.gen/sources_1/bd/design_1/ipshared/7e8c/hdl/axi_vdma_v6_3_rfs.vhd:62256]
INFO: [Synth 8-638] synthesizing module 'axi_vdma_sts_mngr' [v:/zybo_z7_imx219/zybo_z7_imx219.gen/sources_1/bd/design_1/ipshared/7e8c/hdl/axi_vdma_v6_3_rfs.vhd:62757]
INFO: [Synth 8-256] done synthesizing module 'axi_vdma_sts_mngr' (0#1) [v:/zybo_z7_imx219/zybo_z7_imx219.gen/sources_1/bd/design_1/ipshared/7e8c/hdl/axi_vdma_v6_3_rfs.vhd:62757]
INFO: [Synth 8-638] synthesizing module 'axi_vdma_vidreg_module' [v:/zybo_z7_imx219/zybo_z7_imx219.gen/sources_1/bd/design_1/ipshared/7e8c/hdl/axi_vdma_v6_3_rfs.vhd:55268]
INFO: [Synth 8-638] synthesizing module 'axi_vdma_vregister' [v:/zybo_z7_imx219/zybo_z7_imx219.gen/sources_1/bd/design_1/ipshared/7e8c/hdl/axi_vdma_v6_3_rfs.vhd:53192]
INFO: [Synth 8-256] done synthesizing module 'axi_vdma_vregister' (0#1) [v:/zybo_z7_imx219/zybo_z7_imx219.gen/sources_1/bd/design_1/ipshared/7e8c/hdl/axi_vdma_v6_3_rfs.vhd:53192]
INFO: [Synth 8-638] synthesizing module 'axi_vdma_vaddrreg_mux' [v:/zybo_z7_imx219/zybo_z7_imx219.gen/sources_1/bd/design_1/ipshared/7e8c/hdl/axi_vdma_v6_3_rfs.vhd:54757]
INFO: [Synth 8-256] done synthesizing module 'axi_vdma_vaddrreg_mux' (0#1) [v:/zybo_z7_imx219/zybo_z7_imx219.gen/sources_1/bd/design_1/ipshared/7e8c/hdl/axi_vdma_v6_3_rfs.vhd:54757]
INFO: [Synth 8-256] done synthesizing module 'axi_vdma_vidreg_module' (0#1) [v:/zybo_z7_imx219/zybo_z7_imx219.gen/sources_1/bd/design_1/ipshared/7e8c/hdl/axi_vdma_v6_3_rfs.vhd:55268]
INFO: [Synth 8-638] synthesizing module 'axi_vdma_genlock_mngr' [v:/zybo_z7_imx219/zybo_z7_imx219.gen/sources_1/bd/design_1/ipshared/7e8c/hdl/axi_vdma_v6_3_rfs.vhd:57783]
INFO: [Synth 8-638] synthesizing module 'axi_vdma_genlock_mux' [v:/zybo_z7_imx219/zybo_z7_imx219.gen/sources_1/bd/design_1/ipshared/7e8c/hdl/axi_vdma_v6_3_rfs.vhd:56537]
INFO: [Synth 8-256] done synthesizing module 'axi_vdma_genlock_mux' (0#1) [v:/zybo_z7_imx219/zybo_z7_imx219.gen/sources_1/bd/design_1/ipshared/7e8c/hdl/axi_vdma_v6_3_rfs.vhd:56537]
INFO: [Synth 8-638] synthesizing module 'axi_vdma_greycoder' [v:/zybo_z7_imx219/zybo_z7_imx219.gen/sources_1/bd/design_1/ipshared/7e8c/hdl/axi_vdma_v6_3_rfs.vhd:57506]
INFO: [Synth 8-256] done synthesizing module 'axi_vdma_greycoder' (0#1) [v:/zybo_z7_imx219/zybo_z7_imx219.gen/sources_1/bd/design_1/ipshared/7e8c/hdl/axi_vdma_v6_3_rfs.vhd:57506]
INFO: [Synth 8-638] synthesizing module 'axi_vdma_greycoder__parameterized0' [v:/zybo_z7_imx219/zybo_z7_imx219.gen/sources_1/bd/design_1/ipshared/7e8c/hdl/axi_vdma_v6_3_rfs.vhd:57506]
INFO: [Synth 8-256] done synthesizing module 'axi_vdma_greycoder__parameterized0' (0#1) [v:/zybo_z7_imx219/zybo_z7_imx219.gen/sources_1/bd/design_1/ipshared/7e8c/hdl/axi_vdma_v6_3_rfs.vhd:57506]
INFO: [Synth 8-256] done synthesizing module 'axi_vdma_genlock_mngr' (0#1) [v:/zybo_z7_imx219/zybo_z7_imx219.gen/sources_1/bd/design_1/ipshared/7e8c/hdl/axi_vdma_v6_3_rfs.vhd:57783]
INFO: [Synth 8-256] done synthesizing module 'axi_vdma_mngr' (0#1) [v:/zybo_z7_imx219/zybo_z7_imx219.gen/sources_1/bd/design_1/ipshared/7e8c/hdl/axi_vdma_v6_3_rfs.vhd:63367]
INFO: [Synth 8-638] synthesizing module 'axi_vdma_fsync_gen' [v:/zybo_z7_imx219/zybo_z7_imx219.gen/sources_1/bd/design_1/ipshared/7e8c/hdl/axi_vdma_v6_3_rfs.vhd:52331]
INFO: [Synth 8-256] done synthesizing module 'axi_vdma_fsync_gen' (0#1) [v:/zybo_z7_imx219/zybo_z7_imx219.gen/sources_1/bd/design_1/ipshared/7e8c/hdl/axi_vdma_v6_3_rfs.vhd:52331]
INFO: [Synth 8-638] synthesizing module 'axi_vdma_vid_cdc' [v:/zybo_z7_imx219/zybo_z7_imx219.gen/sources_1/bd/design_1/ipshared/7e8c/hdl/axi_vdma_v6_3_rfs.vhd:13230]
	Parameter DEST_SYNC_FF bound to: 4 - type: integer 
	Parameter INIT_SYNC_FF bound to: 0 - type: integer 
	Parameter REG_OUTPUT bound to: 0 - type: integer 
	Parameter RST_USED bound to: 1 - type: integer 
	Parameter SIM_ASSERT_CHK bound to: 0 - type: integer 
INFO: [Synth 8-3491] module 'xpm_cdc_pulse' declared at 'C:/AMDDesignTools/2025.2/Vivado/data/ip/xpm/xpm_cdc/hdl/xpm_cdc.sv:714' bound to instance 'M_PTR_OUT_CDC_I' of component 'xpm_cdc_pulse' [v:/zybo_z7_imx219/zybo_z7_imx219.gen/sources_1/bd/design_1/ipshared/7e8c/hdl/axi_vdma_v6_3_rfs.vhd:13339]
	Parameter DEST_SYNC_FF bound to: 4 - type: integer 
	Parameter INIT_SYNC_FF bound to: 0 - type: integer 
	Parameter REG_OUTPUT bound to: 0 - type: integer 
	Parameter RST_USED bound to: 1 - type: integer 
	Parameter SIM_ASSERT_CHK bound to: 0 - type: integer 
INFO: [Synth 8-3491] module 'xpm_cdc_pulse' declared at 'C:/AMDDesignTools/2025.2/Vivado/data/ip/xpm/xpm_cdc/hdl/xpm_cdc.sv:714' bound to instance 'OTHR_FSYNC_CDC_I' of component 'xpm_cdc_pulse' [v:/zybo_z7_imx219/zybo_z7_imx219.gen/sources_1/bd/design_1/ipshared/7e8c/hdl/axi_vdma_v6_3_rfs.vhd:13462]
	Parameter DEST_SYNC_FF bound to: 4 - type: integer 
	Parameter INIT_SYNC_FF bound to: 0 - type: integer 
	Parameter REG_OUTPUT bound to: 0 - type: integer 
	Parameter RST_USED bound to: 1 - type: integer 
	Parameter SIM_ASSERT_CHK bound to: 0 - type: integer 
INFO: [Synth 8-3491] module 'xpm_cdc_pulse' declared at 'C:/AMDDesignTools/2025.2/Vivado/data/ip/xpm/xpm_cdc/hdl/xpm_cdc.sv:714' bound to instance 'SOF_CDC_I' of component 'xpm_cdc_pulse' [v:/zybo_z7_imx219/zybo_z7_imx219.gen/sources_1/bd/design_1/ipshared/7e8c/hdl/axi_vdma_v6_3_rfs.vhd:13511]
	Parameter DEST_SYNC_FF bound to: 4 - type: integer 
	Parameter INIT_SYNC_FF bound to: 0 - type: integer 
	Parameter REG_OUTPUT bound to: 0 - type: integer 
	Parameter RST_USED bound to: 1 - type: integer 
	Parameter SIM_ASSERT_CHK bound to: 0 - type: integer 
INFO: [Synth 8-3491] module 'xpm_cdc_pulse' declared at 'C:/AMDDesignTools/2025.2/Vivado/data/ip/xpm/xpm_cdc/hdl/xpm_cdc.sv:714' bound to instance 'FSYNC_IN_CDC_I' of component 'xpm_cdc_pulse' [v:/zybo_z7_imx219/zybo_z7_imx219.gen/sources_1/bd/design_1/ipshared/7e8c/hdl/axi_vdma_v6_3_rfs.vhd:13562]
	Parameter DEST_SYNC_FF bound to: 4 - type: integer 
	Parameter INIT_SYNC_FF bound to: 0 - type: integer 
	Parameter REG_OUTPUT bound to: 0 - type: integer 
	Parameter RST_USED bound to: 1 - type: integer 
	Parameter SIM_ASSERT_CHK bound to: 0 - type: integer 
INFO: [Synth 8-3491] module 'xpm_cdc_pulse' declared at 'C:/AMDDesignTools/2025.2/Vivado/data/ip/xpm/xpm_cdc/hdl/xpm_cdc.sv:714' bound to instance 'FSYNC_OUT_CDC_I' of component 'xpm_cdc_pulse' [v:/zybo_z7_imx219/zybo_z7_imx219.gen/sources_1/bd/design_1/ipshared/7e8c/hdl/axi_vdma_v6_3_rfs.vhd:13611]
	Parameter DEST_SYNC_FF bound to: 4 - type: integer 
	Parameter INIT_SYNC_FF bound to: 0 - type: integer 
	Parameter REG_OUTPUT bound to: 0 - type: integer 
	Parameter RST_USED bound to: 1 - type: integer 
	Parameter SIM_ASSERT_CHK bound to: 0 - type: integer 
INFO: [Synth 8-3491] module 'xpm_cdc_pulse' declared at 'C:/AMDDesignTools/2025.2/Vivado/data/ip/xpm/xpm_cdc/hdl/xpm_cdc.sv:714' bound to instance 'PRMTR_UPDT_CDC_I' of component 'xpm_cdc_pulse' [v:/zybo_z7_imx219/zybo_z7_imx219.gen/sources_1/bd/design_1/ipshared/7e8c/hdl/axi_vdma_v6_3_rfs.vhd:13659]
INFO: [Synth 8-256] done synthesizing module 'axi_vdma_vid_cdc' (0#1) [v:/zybo_z7_imx219/zybo_z7_imx219.gen/sources_1/bd/design_1/ipshared/7e8c/hdl/axi_vdma_v6_3_rfs.vhd:13230]
INFO: [Synth 8-638] synthesizing module 'axi_vdma_sof_gen' [v:/zybo_z7_imx219/zybo_z7_imx219.gen/sources_1/bd/design_1/ipshared/7e8c/hdl/axi_vdma_v6_3_rfs.vhd:40930]
INFO: [Synth 8-256] done synthesizing module 'axi_vdma_sof_gen' (0#1) [v:/zybo_z7_imx219/zybo_z7_imx219.gen/sources_1/bd/design_1/ipshared/7e8c/hdl/axi_vdma_v6_3_rfs.vhd:40930]
INFO: [Synth 8-638] synthesizing module 'axi_vdma_mm2s_linebuf' [v:/zybo_z7_imx219/zybo_z7_imx219.gen/sources_1/bd/design_1/ipshared/7e8c/hdl/axi_vdma_v6_3_rfs.vhd:46006]
INFO: [Synth 8-638] synthesizing module 'axi_vdma_afifo_builtin' [v:/zybo_z7_imx219/zybo_z7_imx219.gen/sources_1/bd/design_1/ipshared/7e8c/hdl/axi_vdma_v6_3_rfs.vhd:43231]
INFO: [Synth 8-256] done synthesizing module 'axi_vdma_afifo_builtin' (0#1) [v:/zybo_z7_imx219/zybo_z7_imx219.gen/sources_1/bd/design_1/ipshared/7e8c/hdl/axi_vdma_v6_3_rfs.vhd:43231]
INFO: [Synth 8-638] synthesizing module 'axi_vdma_skid_buf' [v:/zybo_z7_imx219/zybo_z7_imx219.gen/sources_1/bd/design_1/ipshared/7e8c/hdl/axi_vdma_v6_3_rfs.vhd:41171]
INFO: [Synth 8-256] done synthesizing module 'axi_vdma_skid_buf' (0#1) [v:/zybo_z7_imx219/zybo_z7_imx219.gen/sources_1/bd/design_1/ipshared/7e8c/hdl/axi_vdma_v6_3_rfs.vhd:41171]
	Parameter DEST_SYNC_FF bound to: 4 - type: integer 
	Parameter INIT_SYNC_FF bound to: 0 - type: integer 
	Parameter SIM_ASSERT_CHK bound to: 0 - type: integer 
	Parameter SRC_INPUT_REG bound to: 1 - type: integer 
INFO: [Synth 8-3491] module 'xpm_cdc_single' declared at 'C:/AMDDesignTools/2025.2/Vivado/data/ip/xpm/xpm_cdc/hdl/xpm_cdc.sv:152' bound to instance 'SHUTDOWN_RST_CDC_I' of component 'xpm_cdc_single' [v:/zybo_z7_imx219/zybo_z7_imx219.gen/sources_1/bd/design_1/ipshared/7e8c/hdl/axi_vdma_v6_3_rfs.vhd:46752]
	Parameter DEST_SYNC_FF bound to: 4 - type: integer 
	Parameter INIT_SYNC_FF bound to: 0 - type: integer 
	Parameter SIM_ASSERT_CHK bound to: 0 - type: integer 
	Parameter SRC_INPUT_REG bound to: 1 - type: integer 
INFO: [Synth 8-3491] module 'xpm_cdc_single' declared at 'C:/AMDDesignTools/2025.2/Vivado/data/ip/xpm/xpm_cdc/hdl/xpm_cdc.sv:152' bound to instance 'ALL_LINES_XFRED_P_S_CDC_I' of component 'xpm_cdc_single' [v:/zybo_z7_imx219/zybo_z7_imx219.gen/sources_1/bd/design_1/ipshared/7e8c/hdl/axi_vdma_v6_3_rfs.vhd:46773]
	Parameter DEST_SYNC_FF bound to: 4 - type: integer 
	Parameter INIT_SYNC_FF bound to: 0 - type: integer 
	Parameter SIM_ASSERT_CHK bound to: 0 - type: integer 
	Parameter SRC_INPUT_REG bound to: 1 - type: integer 
INFO: [Synth 8-3491] module 'xpm_cdc_single' declared at 'C:/AMDDesignTools/2025.2/Vivado/data/ip/xpm/xpm_cdc/hdl/xpm_cdc.sv:152' bound to instance 'ALL_LINES_XFRED_S_P_CDC_I' of component 'xpm_cdc_single' [v:/zybo_z7_imx219/zybo_z7_imx219.gen/sources_1/bd/design_1/ipshared/7e8c/hdl/axi_vdma_v6_3_rfs.vhd:46795]
	Parameter DEST_SYNC_FF bound to: 4 - type: integer 
	Parameter INIT_SYNC_FF bound to: 0 - type: integer 
	Parameter SIM_ASSERT_CHK bound to: 0 - type: integer 
	Parameter SRC_INPUT_REG bound to: 1 - type: integer 
INFO: [Synth 8-3491] module 'xpm_cdc_single' declared at 'C:/AMDDesignTools/2025.2/Vivado/data/ip/xpm/xpm_cdc/hdl/xpm_cdc.sv:152' bound to instance 'STOP_CDC_I' of component 'xpm_cdc_single' [v:/zybo_z7_imx219/zybo_z7_imx219.gen/sources_1/bd/design_1/ipshared/7e8c/hdl/axi_vdma_v6_3_rfs.vhd:46827]
	Parameter DEST_SYNC_FF bound to: 4 - type: integer 
	Parameter INIT_SYNC_FF bound to: 0 - type: integer 
	Parameter SIM_ASSERT_CHK bound to: 0 - type: integer 
	Parameter SRC_INPUT_REG bound to: 1 - type: integer 
INFO: [Synth 8-3491] module 'xpm_cdc_single' declared at 'C:/AMDDesignTools/2025.2/Vivado/data/ip/xpm/xpm_cdc/hdl/xpm_cdc.sv:152' bound to instance 'HALT_CDC_I' of component 'xpm_cdc_single' [v:/zybo_z7_imx219/zybo_z7_imx219.gen/sources_1/bd/design_1/ipshared/7e8c/hdl/axi_vdma_v6_3_rfs.vhd:46867]
INFO: [Synth 8-256] done synthesizing module 'axi_vdma_mm2s_linebuf' (0#1) [v:/zybo_z7_imx219/zybo_z7_imx219.gen/sources_1/bd/design_1/ipshared/7e8c/hdl/axi_vdma_v6_3_rfs.vhd:46006]
INFO: [Synth 8-638] synthesizing module 'axi_vdma_skid_buf__parameterized0' [v:/zybo_z7_imx219/zybo_z7_imx219.gen/sources_1/bd/design_1/ipshared/7e8c/hdl/axi_vdma_v6_3_rfs.vhd:41171]
INFO: [Synth 8-256] done synthesizing module 'axi_vdma_skid_buf__parameterized0' (0#1) [v:/zybo_z7_imx219/zybo_z7_imx219.gen/sources_1/bd/design_1/ipshared/7e8c/hdl/axi_vdma_v6_3_rfs.vhd:41171]
	Parameter DEST_SYNC_FF bound to: 4 - type: integer 
	Parameter INIT_SYNC_FF bound to: 0 - type: integer 
	Parameter REG_OUTPUT bound to: 0 - type: integer 
	Parameter RST_USED bound to: 1 - type: integer 
	Parameter SIM_ASSERT_CHK bound to: 0 - type: integer 
INFO: [Synth 8-3491] module 'xpm_cdc_pulse' declared at 'C:/AMDDesignTools/2025.2/Vivado/data/ip/xpm/xpm_cdc/hdl/xpm_cdc.sv:714' bound to instance 'S2MM_PRM_UPDT_CDC_I' of component 'xpm_cdc_pulse' [v:/zybo_z7_imx219/zybo_z7_imx219.gen/sources_1/bd/design_1/ipshared/7e8c/hdl/axi_vdma_v6_3_rfs.vhd:72098]
	Parameter DEST_SYNC_FF bound to: 4 - type: integer 
	Parameter INIT_SYNC_FF bound to: 0 - type: integer 
	Parameter SIM_ASSERT_CHK bound to: 0 - type: integer 
	Parameter SRC_INPUT_REG bound to: 1 - type: integer 
INFO: [Synth 8-3491] module 'xpm_cdc_single' declared at 'C:/AMDDesignTools/2025.2/Vivado/data/ip/xpm/xpm_cdc/hdl/xpm_cdc.sv:152' bound to instance 'S2MM_HALTED_CDC_I' of component 'xpm_cdc_single' [v:/zybo_z7_imx219/zybo_z7_imx219.gen/sources_1/bd/design_1/ipshared/7e8c/hdl/axi_vdma_v6_3_rfs.vhd:72146]
	Parameter DEST_SYNC_FF bound to: 4 - type: integer 
	Parameter INIT_SYNC_FF bound to: 0 - type: integer 
	Parameter SIM_ASSERT_CHK bound to: 0 - type: integer 
	Parameter SRC_INPUT_REG bound to: 1 - type: integer 
INFO: [Synth 8-3491] module 'xpm_cdc_single' declared at 'C:/AMDDesignTools/2025.2/Vivado/data/ip/xpm/xpm_cdc/hdl/xpm_cdc.sv:152' bound to instance 'SOF_LATE_CDC_I' of component 'xpm_cdc_single' [v:/zybo_z7_imx219/zybo_z7_imx219.gen/sources_1/bd/design_1/ipshared/7e8c/hdl/axi_vdma_v6_3_rfs.vhd:72191]
INFO: [Synth 8-638] synthesizing module 'axi_vdma_s2mm_axis_dwidth_converter' [v:/zybo_z7_imx219/zybo_z7_imx219.gen/sources_1/bd/design_1/ipshared/7e8c/hdl/axi_vdma_v6_3_rfs.vhd:68211]
	Parameter C_S_AXIS_TDATA_WIDTH bound to: 24 - type: integer 
	Parameter C_M_AXIS_TDATA_WIDTH bound to: 32 - type: integer 
	Parameter C_AXIS_TID_WIDTH bound to: 1 - type: integer 
	Parameter C_AXIS_TDEST_WIDTH bound to: 1 - type: integer 
	Parameter C_S_AXIS_TUSER_WIDTH bound to: 3 - type: integer 
	Parameter C_M_AXIS_TUSER_WIDTH bound to: 4 - type: integer 
	Parameter C_FAMILY bound to: zynq - type: string 
INFO: [Synth 8-3491] module 'axi_vdma_v6_3_24_axis_dwidth_converter_v1_0_axis_dwidth_converter' declared at 'v:/zybo_z7_imx219/zybo_z7_imx219.gen/sources_1/bd/design_1/ipshared/7e8c/hdl/axi_vdma_v6_3_rfs.v:1930' bound to instance 'S2MM_AXIS_DWIDTH_CONVERTER_I' of component 'axi_vdma_v6_3_24_axis_dwidth_converter_v1_0_axis_dwidth_converter' [v:/zybo_z7_imx219/zybo_z7_imx219.gen/sources_1/bd/design_1/ipshared/7e8c/hdl/axi_vdma_v6_3_rfs.vhd:68342]
INFO: [Synth 8-6157] synthesizing module 'axi_vdma_v6_3_24_axis_dwidth_converter_v1_0_axis_dwidth_converter__parameterized1' [v:/zybo_z7_imx219/zybo_z7_imx219.gen/sources_1/bd/design_1/ipshared/7e8c/hdl/axi_vdma_v6_3_rfs.v:1930]
INFO: [Synth 8-6157] synthesizing module 'axi_vdma_v6_3_24_axis_dwidth_converter_v1_0_axisc_upsizer__parameterized0' [v:/zybo_z7_imx219/zybo_z7_imx219.gen/sources_1/bd/design_1/ipshared/7e8c/hdl/axi_vdma_v6_3_rfs.v:1185]
INFO: [Synth 8-6155] done synthesizing module 'axi_vdma_v6_3_24_axis_dwidth_converter_v1_0_axisc_upsizer__parameterized0' (0#1) [v:/zybo_z7_imx219/zybo_z7_imx219.gen/sources_1/bd/design_1/ipshared/7e8c/hdl/axi_vdma_v6_3_rfs.v:1185]
INFO: [Synth 8-6157] synthesizing module 'axi_vdma_v6_3_24_axis_dwidth_converter_v1_0_axisc_downsizer__parameterized0' [v:/zybo_z7_imx219/zybo_z7_imx219.gen/sources_1/bd/design_1/ipshared/7e8c/hdl/axi_vdma_v6_3_rfs.v:1551]
INFO: [Synth 8-6155] done synthesizing module 'axi_vdma_v6_3_24_axis_dwidth_converter_v1_0_axisc_downsizer__parameterized0' (0#1) [v:/zybo_z7_imx219/zybo_z7_imx219.gen/sources_1/bd/design_1/ipshared/7e8c/hdl/axi_vdma_v6_3_rfs.v:1551]
INFO: [Synth 8-6155] done synthesizing module 'axi_vdma_v6_3_24_axis_dwidth_converter_v1_0_axis_dwidth_converter__parameterized1' (0#1) [v:/zybo_z7_imx219/zybo_z7_imx219.gen/sources_1/bd/design_1/ipshared/7e8c/hdl/axi_vdma_v6_3_rfs.v:1930]
INFO: [Synth 8-256] done synthesizing module 'axi_vdma_s2mm_axis_dwidth_converter' (0#1) [v:/zybo_z7_imx219/zybo_z7_imx219.gen/sources_1/bd/design_1/ipshared/7e8c/hdl/axi_vdma_v6_3_rfs.vhd:68211]
INFO: [Synth 8-638] synthesizing module 'axi_vdma_reg_module__parameterized0' [v:/zybo_z7_imx219/zybo_z7_imx219.gen/sources_1/bd/design_1/ipshared/7e8c/hdl/axi_vdma_v6_3_rfs.vhd:38785]
INFO: [Synth 8-638] synthesizing module 'axi_vdma_register__parameterized0' [v:/zybo_z7_imx219/zybo_z7_imx219.gen/sources_1/bd/design_1/ipshared/7e8c/hdl/axi_vdma_v6_3_rfs.vhd:18449]
INFO: [Synth 8-256] done synthesizing module 'axi_vdma_register__parameterized0' (0#1) [v:/zybo_z7_imx219/zybo_z7_imx219.gen/sources_1/bd/design_1/ipshared/7e8c/hdl/axi_vdma_v6_3_rfs.vhd:18449]
INFO: [Synth 8-638] synthesizing module 'axi_vdma_regdirect__parameterized0' [v:/zybo_z7_imx219/zybo_z7_imx219.gen/sources_1/bd/design_1/ipshared/7e8c/hdl/axi_vdma_v6_3_rfs.vhd:20259]
INFO: [Synth 8-256] done synthesizing module 'axi_vdma_regdirect__parameterized0' (0#1) [v:/zybo_z7_imx219/zybo_z7_imx219.gen/sources_1/bd/design_1/ipshared/7e8c/hdl/axi_vdma_v6_3_rfs.vhd:20259]
INFO: [Synth 8-638] synthesizing module 'axi_vdma_reg_mux__parameterized0' [v:/zybo_z7_imx219/zybo_z7_imx219.gen/sources_1/bd/design_1/ipshared/7e8c/hdl/axi_vdma_v6_3_rfs.vhd:29316]
INFO: [Synth 8-256] done synthesizing module 'axi_vdma_reg_mux__parameterized0' (0#1) [v:/zybo_z7_imx219/zybo_z7_imx219.gen/sources_1/bd/design_1/ipshared/7e8c/hdl/axi_vdma_v6_3_rfs.vhd:29316]
INFO: [Synth 8-256] done synthesizing module 'axi_vdma_reg_module__parameterized0' (0#1) [v:/zybo_z7_imx219/zybo_z7_imx219.gen/sources_1/bd/design_1/ipshared/7e8c/hdl/axi_vdma_v6_3_rfs.vhd:38785]
INFO: [Synth 8-638] synthesizing module 'axi_vdma_mngr__parameterized0' [v:/zybo_z7_imx219/zybo_z7_imx219.gen/sources_1/bd/design_1/ipshared/7e8c/hdl/axi_vdma_v6_3_rfs.vhd:63367]
INFO: [Synth 8-638] synthesizing module 'axi_vdma_sm__parameterized0' [v:/zybo_z7_imx219/zybo_z7_imx219.gen/sources_1/bd/design_1/ipshared/7e8c/hdl/axi_vdma_v6_3_rfs.vhd:61047]
	Parameter DEST_SYNC_FF bound to: 4 - type: integer 
	Parameter INIT_SYNC_FF bound to: 0 - type: integer 
	Parameter REG_OUTPUT bound to: 0 - type: integer 
	Parameter RST_USED bound to: 1 - type: integer 
	Parameter SIM_ASSERT_CHK bound to: 0 - type: integer 
INFO: [Synth 8-3491] module 'xpm_cdc_pulse' declared at 'C:/AMDDesignTools/2025.2/Vivado/data/ip/xpm/xpm_cdc/hdl/xpm_cdc.sv:714' bound to instance 'FSIZE_MISMATCH_CDC_I_FLUSH_SOF' of component 'xpm_cdc_pulse' [v:/zybo_z7_imx219/zybo_z7_imx219.gen/sources_1/bd/design_1/ipshared/7e8c/hdl/axi_vdma_v6_3_rfs.vhd:61857]
INFO: [Synth 8-256] done synthesizing module 'axi_vdma_sm__parameterized0' (0#1) [v:/zybo_z7_imx219/zybo_z7_imx219.gen/sources_1/bd/design_1/ipshared/7e8c/hdl/axi_vdma_v6_3_rfs.vhd:61047]
INFO: [Synth 8-638] synthesizing module 'axi_vdma_cmdsts_if__parameterized0' [v:/zybo_z7_imx219/zybo_z7_imx219.gen/sources_1/bd/design_1/ipshared/7e8c/hdl/axi_vdma_v6_3_rfs.vhd:62256]
INFO: [Synth 8-256] done synthesizing module 'axi_vdma_cmdsts_if__parameterized0' (0#1) [v:/zybo_z7_imx219/zybo_z7_imx219.gen/sources_1/bd/design_1/ipshared/7e8c/hdl/axi_vdma_v6_3_rfs.vhd:62256]
INFO: [Synth 8-638] synthesizing module 'axi_vdma_genlock_mngr__parameterized0' [v:/zybo_z7_imx219/zybo_z7_imx219.gen/sources_1/bd/design_1/ipshared/7e8c/hdl/axi_vdma_v6_3_rfs.vhd:57783]
INFO: [Synth 8-256] done synthesizing module 'axi_vdma_genlock_mngr__parameterized0' (0#1) [v:/zybo_z7_imx219/zybo_z7_imx219.gen/sources_1/bd/design_1/ipshared/7e8c/hdl/axi_vdma_v6_3_rfs.vhd:57783]
INFO: [Synth 8-256] done synthesizing module 'axi_vdma_mngr__parameterized0' (0#1) [v:/zybo_z7_imx219/zybo_z7_imx219.gen/sources_1/bd/design_1/ipshared/7e8c/hdl/axi_vdma_v6_3_rfs.vhd:63367]
INFO: [Synth 8-638] synthesizing module 'axi_vdma_fsync_gen__parameterized0' [v:/zybo_z7_imx219/zybo_z7_imx219.gen/sources_1/bd/design_1/ipshared/7e8c/hdl/axi_vdma_v6_3_rfs.vhd:52331]
INFO: [Synth 8-256] done synthesizing module 'axi_vdma_fsync_gen__parameterized0' (0#1) [v:/zybo_z7_imx219/zybo_z7_imx219.gen/sources_1/bd/design_1/ipshared/7e8c/hdl/axi_vdma_v6_3_rfs.vhd:52331]
INFO: [Synth 8-638] synthesizing module 'axi_vdma_s2mm_linebuf' [v:/zybo_z7_imx219/zybo_z7_imx219.gen/sources_1/bd/design_1/ipshared/7e8c/hdl/axi_vdma_v6_3_rfs.vhd:48773]
INFO: [Synth 8-638] synthesizing module 'axi_vdma_afifo_builtin__parameterized0' [v:/zybo_z7_imx219/zybo_z7_imx219.gen/sources_1/bd/design_1/ipshared/7e8c/hdl/axi_vdma_v6_3_rfs.vhd:43231]
INFO: [Synth 8-256] done synthesizing module 'axi_vdma_afifo_builtin__parameterized0' (0#1) [v:/zybo_z7_imx219/zybo_z7_imx219.gen/sources_1/bd/design_1/ipshared/7e8c/hdl/axi_vdma_v6_3_rfs.vhd:43231]
	Parameter DEST_SYNC_FF bound to: 4 - type: integer 
	Parameter INIT_SYNC_FF bound to: 0 - type: integer 
	Parameter SIM_ASSERT_CHK bound to: 0 - type: integer 
	Parameter SRC_INPUT_REG bound to: 1 - type: integer 
INFO: [Synth 8-3491] module 'xpm_cdc_single' declared at 'C:/AMDDesignTools/2025.2/Vivado/data/ip/xpm/xpm_cdc/hdl/xpm_cdc.sv:152' bound to instance 'STRM_WR_HALT_CDC_I' of component 'xpm_cdc_single' [v:/zybo_z7_imx219/zybo_z7_imx219.gen/sources_1/bd/design_1/ipshared/7e8c/hdl/axi_vdma_v6_3_rfs.vhd:51296]
	Parameter DEST_SYNC_FF bound to: 4 - type: integer 
	Parameter INIT_SYNC_FF bound to: 0 - type: integer 
	Parameter SIM_ASSERT_CHK bound to: 0 - type: integer 
	Parameter SRC_INPUT_REG bound to: 1 - type: integer 
INFO: [Synth 8-3491] module 'xpm_cdc_single' declared at 'C:/AMDDesignTools/2025.2/Vivado/data/ip/xpm/xpm_cdc/hdl/xpm_cdc.sv:152' bound to instance 'RUNSTOP_AXIS_0_CDC_I_FLUSH_SOF' of component 'xpm_cdc_single' [v:/zybo_z7_imx219/zybo_z7_imx219.gen/sources_1/bd/design_1/ipshared/7e8c/hdl/axi_vdma_v6_3_rfs.vhd:51358]
	Parameter DEST_SYNC_FF bound to: 4 - type: integer 
	Parameter INIT_SYNC_FF bound to: 0 - type: integer 
	Parameter REG_OUTPUT bound to: 0 - type: integer 
	Parameter RST_USED bound to: 1 - type: integer 
	Parameter SIM_ASSERT_CHK bound to: 0 - type: integer 
INFO: [Synth 8-3491] module 'xpm_cdc_pulse' declared at 'C:/AMDDesignTools/2025.2/Vivado/data/ip/xpm/xpm_cdc/hdl/xpm_cdc.sv:714' bound to instance 'FSYNC_OUT_CDC_I_FLUSH_SOF' of component 'xpm_cdc_pulse' [v:/zybo_z7_imx219/zybo_z7_imx219.gen/sources_1/bd/design_1/ipshared/7e8c/hdl/axi_vdma_v6_3_rfs.vhd:51400]
	Parameter DEST_SYNC_FF bound to: 4 - type: integer 
	Parameter INIT_SYNC_FF bound to: 0 - type: integer 
	Parameter REG_OUTPUT bound to: 0 - type: integer 
	Parameter RST_USED bound to: 1 - type: integer 
	Parameter SIM_ASSERT_CHK bound to: 0 - type: integer 
INFO: [Synth 8-3491] module 'xpm_cdc_pulse' declared at 'C:/AMDDesignTools/2025.2/Vivado/data/ip/xpm/xpm_cdc/hdl/xpm_cdc.sv:714' bound to instance 'TUSER_CDC_I_FLUSH_SOF' of component 'xpm_cdc_pulse' [v:/zybo_z7_imx219/zybo_z7_imx219.gen/sources_1/bd/design_1/ipshared/7e8c/hdl/axi_vdma_v6_3_rfs.vhd:51446]
	Parameter DEST_SYNC_FF bound to: 4 - type: integer 
	Parameter INIT_SYNC_FF bound to: 0 - type: integer 
	Parameter SIM_ASSERT_CHK bound to: 0 - type: integer 
	Parameter SRC_INPUT_REG bound to: 1 - type: integer 
INFO: [Synth 8-3491] module 'xpm_cdc_single' declared at 'C:/AMDDesignTools/2025.2/Vivado/data/ip/xpm/xpm_cdc/hdl/xpm_cdc.sv:152' bound to instance 'MMAP_NOT_FINISHED_CDC_I_FLUSH_SOF' of component 'xpm_cdc_single' [v:/zybo_z7_imx219/zybo_z7_imx219.gen/sources_1/bd/design_1/ipshared/7e8c/hdl/axi_vdma_v6_3_rfs.vhd:51491]
	Parameter DEST_SYNC_FF bound to: 4 - type: integer 
	Parameter INIT_SYNC_FF bound to: 0 - type: integer 
	Parameter REG_OUTPUT bound to: 0 - type: integer 
	Parameter RST_USED bound to: 1 - type: integer 
	Parameter SIM_ASSERT_CHK bound to: 0 - type: integer 
INFO: [Synth 8-3491] module 'xpm_cdc_pulse' declared at 'C:/AMDDesignTools/2025.2/Vivado/data/ip/xpm/xpm_cdc/hdl/xpm_cdc.sv:714' bound to instance 'CROSS_FSYNC_CDC_I_FLUSH_SOF' of component 'xpm_cdc_pulse' [v:/zybo_z7_imx219/zybo_z7_imx219.gen/sources_1/bd/design_1/ipshared/7e8c/hdl/axi_vdma_v6_3_rfs.vhd:51550]
INFO: [Synth 8-256] done synthesizing module 'axi_vdma_s2mm_linebuf' (0#1) [v:/zybo_z7_imx219/zybo_z7_imx219.gen/sources_1/bd/design_1/ipshared/7e8c/hdl/axi_vdma_v6_3_rfs.vhd:48773]
INFO: [Synth 8-638] synthesizing module 'axi_datamover' [v:/zybo_z7_imx219/zybo_z7_imx219.gen/sources_1/bd/design_1/ipshared/d44a/hdl/axi_datamover_v5_1_vh_rfs.vhd:55430]
INFO: [Synth 8-638] synthesizing module 'axi_datamover_mm2s_full_wrap' [v:/zybo_z7_imx219/zybo_z7_imx219.gen/sources_1/bd/design_1/ipshared/d44a/hdl/axi_datamover_v5_1_vh_rfs.vhd:53569]
INFO: [Synth 8-638] synthesizing module 'axi_datamover_reset' [v:/zybo_z7_imx219/zybo_z7_imx219.gen/sources_1/bd/design_1/ipshared/d44a/hdl/axi_datamover_v5_1_vh_rfs.vhd:259]
INFO: [Synth 8-256] done synthesizing module 'axi_datamover_reset' (0#1) [v:/zybo_z7_imx219/zybo_z7_imx219.gen/sources_1/bd/design_1/ipshared/d44a/hdl/axi_datamover_v5_1_vh_rfs.vhd:259]
INFO: [Synth 8-638] synthesizing module 'axi_datamover_cmd_status' [v:/zybo_z7_imx219/zybo_z7_imx219.gen/sources_1/bd/design_1/ipshared/d44a/hdl/axi_datamover_v5_1_vh_rfs.vhd:2913]
INFO: [Synth 8-638] synthesizing module 'axi_datamover_fifo' [v:/zybo_z7_imx219/zybo_z7_imx219.gen/sources_1/bd/design_1/ipshared/d44a/hdl/axi_datamover_v5_1_vh_rfs.vhd:2109]
INFO: [Synth 8-638] synthesizing module 'srl_fifo' [v:/zybo_z7_imx219/zybo_z7_imx219.gen/sources_1/bd/design_1/ipshared/d44a/hdl/axi_datamover_v5_1_vh_rfs.vhd:1881]
INFO: [Synth 8-256] done synthesizing module 'srl_fifo' (0#1) [v:/zybo_z7_imx219/zybo_z7_imx219.gen/sources_1/bd/design_1/ipshared/d44a/hdl/axi_datamover_v5_1_vh_rfs.vhd:1881]
INFO: [Synth 8-256] done synthesizing module 'axi_datamover_fifo' (0#1) [v:/zybo_z7_imx219/zybo_z7_imx219.gen/sources_1/bd/design_1/ipshared/d44a/hdl/axi_datamover_v5_1_vh_rfs.vhd:2109]
INFO: [Synth 8-638] synthesizing module 'axi_datamover_fifo__parameterized0' [v:/zybo_z7_imx219/zybo_z7_imx219.gen/sources_1/bd/design_1/ipshared/d44a/hdl/axi_datamover_v5_1_vh_rfs.vhd:2109]
INFO: [Synth 8-638] synthesizing module 'srl_fifo__parameterized0' [v:/zybo_z7_imx219/zybo_z7_imx219.gen/sources_1/bd/design_1/ipshared/d44a/hdl/axi_datamover_v5_1_vh_rfs.vhd:1881]
INFO: [Synth 8-256] done synthesizing module 'srl_fifo__parameterized0' (0#1) [v:/zybo_z7_imx219/zybo_z7_imx219.gen/sources_1/bd/design_1/ipshared/d44a/hdl/axi_datamover_v5_1_vh_rfs.vhd:1881]
INFO: [Synth 8-256] done synthesizing module 'axi_datamover_fifo__parameterized0' (0#1) [v:/zybo_z7_imx219/zybo_z7_imx219.gen/sources_1/bd/design_1/ipshared/d44a/hdl/axi_datamover_v5_1_vh_rfs.vhd:2109]
INFO: [Synth 8-256] done synthesizing module 'axi_datamover_cmd_status' (0#1) [v:/zybo_z7_imx219/zybo_z7_imx219.gen/sources_1/bd/design_1/ipshared/d44a/hdl/axi_datamover_v5_1_vh_rfs.vhd:2913]
INFO: [Synth 8-638] synthesizing module 'axi_datamover_rd_status_cntl' [v:/zybo_z7_imx219/zybo_z7_imx219.gen/sources_1/bd/design_1/ipshared/d44a/hdl/axi_datamover_v5_1_vh_rfs.vhd:13919]
INFO: [Synth 8-256] done synthesizing module 'axi_datamover_rd_status_cntl' (0#1) [v:/zybo_z7_imx219/zybo_z7_imx219.gen/sources_1/bd/design_1/ipshared/d44a/hdl/axi_datamover_v5_1_vh_rfs.vhd:13919]
INFO: [Synth 8-638] synthesizing module 'axi_datamover_pcc' [v:/zybo_z7_imx219/zybo_z7_imx219.gen/sources_1/bd/design_1/ipshared/d44a/hdl/axi_datamover_v5_1_vh_rfs.vhd:7613]
INFO: [Synth 8-638] synthesizing module 'axi_datamover_strb_gen2' [v:/zybo_z7_imx219/zybo_z7_imx219.gen/sources_1/bd/design_1/ipshared/d44a/hdl/axi_datamover_v5_1_vh_rfs.vhd:4545]
INFO: [Synth 8-256] done synthesizing module 'axi_datamover_strb_gen2' (0#1) [v:/zybo_z7_imx219/zybo_z7_imx219.gen/sources_1/bd/design_1/ipshared/d44a/hdl/axi_datamover_v5_1_vh_rfs.vhd:4545]
INFO: [Synth 8-638] synthesizing module 'axi_datamover_strb_gen2__parameterized0' [v:/zybo_z7_imx219/zybo_z7_imx219.gen/sources_1/bd/design_1/ipshared/d44a/hdl/axi_datamover_v5_1_vh_rfs.vhd:4545]
INFO: [Synth 8-256] done synthesizing module 'axi_datamover_strb_gen2__parameterized0' (0#1) [v:/zybo_z7_imx219/zybo_z7_imx219.gen/sources_1/bd/design_1/ipshared/d44a/hdl/axi_datamover_v5_1_vh_rfs.vhd:4545]
INFO: [Synth 8-226] default block is never used [v:/zybo_z7_imx219/zybo_z7_imx219.gen/sources_1/bd/design_1/ipshared/d44a/hdl/axi_datamover_v5_1_vh_rfs.vhd:9687]
INFO: [Synth 8-256] done synthesizing module 'axi_datamover_pcc' (0#1) [v:/zybo_z7_imx219/zybo_z7_imx219.gen/sources_1/bd/design_1/ipshared/d44a/hdl/axi_datamover_v5_1_vh_rfs.vhd:7613]
INFO: [Synth 8-638] synthesizing module 'axi_datamover_addr_cntl' [v:/zybo_z7_imx219/zybo_z7_imx219.gen/sources_1/bd/design_1/ipshared/d44a/hdl/axi_datamover_v5_1_vh_rfs.vhd:10191]
INFO: [Synth 8-638] synthesizing module 'axi_datamover_fifo__parameterized1' [v:/zybo_z7_imx219/zybo_z7_imx219.gen/sources_1/bd/design_1/ipshared/d44a/hdl/axi_datamover_v5_1_vh_rfs.vhd:2109]
INFO: [Synth 8-638] synthesizing module 'srl_fifo__parameterized1' [v:/zybo_z7_imx219/zybo_z7_imx219.gen/sources_1/bd/design_1/ipshared/d44a/hdl/axi_datamover_v5_1_vh_rfs.vhd:1881]
INFO: [Synth 8-256] done synthesizing module 'srl_fifo__parameterized1' (0#1) [v:/zybo_z7_imx219/zybo_z7_imx219.gen/sources_1/bd/design_1/ipshared/d44a/hdl/axi_datamover_v5_1_vh_rfs.vhd:1881]
INFO: [Synth 8-256] done synthesizing module 'axi_datamover_fifo__parameterized1' (0#1) [v:/zybo_z7_imx219/zybo_z7_imx219.gen/sources_1/bd/design_1/ipshared/d44a/hdl/axi_datamover_v5_1_vh_rfs.vhd:2109]
INFO: [Synth 8-256] done synthesizing module 'axi_datamover_addr_cntl' (0#1) [v:/zybo_z7_imx219/zybo_z7_imx219.gen/sources_1/bd/design_1/ipshared/d44a/hdl/axi_datamover_v5_1_vh_rfs.vhd:10191]
INFO: [Synth 8-638] synthesizing module 'axi_datamover_rddata_cntl' [v:/zybo_z7_imx219/zybo_z7_imx219.gen/sources_1/bd/design_1/ipshared/d44a/hdl/axi_datamover_v5_1_vh_rfs.vhd:12364]
INFO: [Synth 8-638] synthesizing module 'axi_datamover_rdmux' [v:/zybo_z7_imx219/zybo_z7_imx219.gen/sources_1/bd/design_1/ipshared/d44a/hdl/axi_datamover_v5_1_vh_rfs.vhd:10866]
INFO: [Synth 8-256] done synthesizing module 'axi_datamover_rdmux' (0#1) [v:/zybo_z7_imx219/zybo_z7_imx219.gen/sources_1/bd/design_1/ipshared/d44a/hdl/axi_datamover_v5_1_vh_rfs.vhd:10866]
INFO: [Synth 8-638] synthesizing module 'axi_datamover_fifo__parameterized2' [v:/zybo_z7_imx219/zybo_z7_imx219.gen/sources_1/bd/design_1/ipshared/d44a/hdl/axi_datamover_v5_1_vh_rfs.vhd:2109]
INFO: [Synth 8-638] synthesizing module 'srl_fifo__parameterized2' [v:/zybo_z7_imx219/zybo_z7_imx219.gen/sources_1/bd/design_1/ipshared/d44a/hdl/axi_datamover_v5_1_vh_rfs.vhd:1881]
INFO: [Synth 8-256] done synthesizing module 'srl_fifo__parameterized2' (0#1) [v:/zybo_z7_imx219/zybo_z7_imx219.gen/sources_1/bd/design_1/ipshared/d44a/hdl/axi_datamover_v5_1_vh_rfs.vhd:1881]
INFO: [Synth 8-256] done synthesizing module 'axi_datamover_fifo__parameterized2' (0#1) [v:/zybo_z7_imx219/zybo_z7_imx219.gen/sources_1/bd/design_1/ipshared/d44a/hdl/axi_datamover_v5_1_vh_rfs.vhd:2109]
INFO: [Synth 8-256] done synthesizing module 'axi_datamover_rddata_cntl' (0#1) [v:/zybo_z7_imx219/zybo_z7_imx219.gen/sources_1/bd/design_1/ipshared/d44a/hdl/axi_datamover_v5_1_vh_rfs.vhd:12364]
INFO: [Synth 8-638] synthesizing module 'axi_datamover_rd_sf' [v:/zybo_z7_imx219/zybo_z7_imx219.gen/sources_1/bd/design_1/ipshared/d44a/hdl/axi_datamover_v5_1_vh_rfs.vhd:20342]
INFO: [Synth 8-638] synthesizing module 'axi_datamover_sfifo_autord' [v:/zybo_z7_imx219/zybo_z7_imx219.gen/sources_1/bd/design_1/ipshared/d44a/hdl/axi_datamover_v5_1_vh_rfs.vhd:1372]
	Parameter FIFO_MEMORY_TYPE bound to: block - type: string 
	Parameter FIFO_WRITE_DEPTH bound to: 256 - type: integer 
	Parameter WRITE_DATA_WIDTH bound to: 75 - type: integer 
	Parameter READ_MODE bound to: fwft - type: string 
	Parameter FIFO_READ_LATENCY bound to: 0 - type: integer 
	Parameter FULL_RESET_VALUE bound to: 1 - type: integer 
	Parameter USE_ADV_FEATURES bound to: 1F1F - type: string 
	Parameter READ_DATA_WIDTH bound to: 75 - type: integer 
	Parameter WR_DATA_COUNT_WIDTH bound to: 9 - type: integer 
	Parameter PROG_FULL_THRESH bound to: 10 - type: integer 
	Parameter RD_DATA_COUNT_WIDTH bound to: 9 - type: integer 
	Parameter PROG_EMPTY_THRESH bound to: 10 - type: integer 
	Parameter DOUT_RESET_VALUE bound to: 0 - type: string 
	Parameter ECC_MODE bound to: no_ecc - type: string 
	Parameter WAKEUP_TIME bound to: 0 - type: integer 
INFO: [Synth 8-3491] module 'xpm_fifo_sync' declared at 'C:/AMDDesignTools/2025.2/Vivado/data/ip/xpm/xpm_fifo/hdl/xpm_fifo.sv:1975' bound to instance 'I_SYNC_FIFOGEN_FIFO' of component 'xpm_fifo_sync' [v:/zybo_z7_imx219/zybo_z7_imx219.gen/sources_1/bd/design_1/ipshared/d44a/hdl/axi_datamover_v5_1_vh_rfs.vhd:1498]
INFO: [Synth 8-6157] synthesizing module 'xpm_fifo_sync' [C:/AMDDesignTools/2025.2/Vivado/data/ip/xpm/xpm_fifo/hdl/xpm_fifo.sv:1975]
INFO: [Synth 8-6157] synthesizing module 'xpm_fifo_base' [C:/AMDDesignTools/2025.2/Vivado/data/ip/xpm/xpm_fifo/hdl/xpm_fifo.sv:53]
INFO: [Synth 8-6157] synthesizing module 'xpm_counter_updn' [C:/AMDDesignTools/2025.2/Vivado/data/ip/xpm/xpm_fifo/hdl/xpm_fifo.sv:1879]
INFO: [Synth 8-6155] done synthesizing module 'xpm_counter_updn' (0#1) [C:/AMDDesignTools/2025.2/Vivado/data/ip/xpm/xpm_fifo/hdl/xpm_fifo.sv:1879]
INFO: [Synth 8-6157] synthesizing module 'xpm_counter_updn__parameterized0' [C:/AMDDesignTools/2025.2/Vivado/data/ip/xpm/xpm_fifo/hdl/xpm_fifo.sv:1879]
INFO: [Synth 8-6155] done synthesizing module 'xpm_counter_updn__parameterized0' (0#1) [C:/AMDDesignTools/2025.2/Vivado/data/ip/xpm/xpm_fifo/hdl/xpm_fifo.sv:1879]
INFO: [Synth 8-6157] synthesizing module 'xpm_memory_base' [C:/AMDDesignTools/2025.2/Vivado/data/ip/xpm/xpm_memory/hdl/xpm_memory.sv:54]
INFO: [Synth 8-6155] done synthesizing module 'xpm_memory_base' (0#1) [C:/AMDDesignTools/2025.2/Vivado/data/ip/xpm/xpm_memory/hdl/xpm_memory.sv:54]
INFO: [Synth 8-226] default block is never used [C:/AMDDesignTools/2025.2/Vivado/data/ip/xpm/xpm_fifo/hdl/xpm_fifo.sv:1220]
INFO: [Synth 8-226] default block is never used [C:/AMDDesignTools/2025.2/Vivado/data/ip/xpm/xpm_fifo/hdl/xpm_fifo.sv:1287]
INFO: [Synth 8-226] default block is never used [C:/AMDDesignTools/2025.2/Vivado/data/ip/xpm/xpm_fifo/hdl/xpm_fifo.sv:1309]
INFO: [Synth 8-6157] synthesizing module 'xpm_fifo_reg_bit' [C:/AMDDesignTools/2025.2/Vivado/data/ip/xpm/xpm_fifo/hdl/xpm_fifo.sv:1927]
INFO: [Synth 8-6155] done synthesizing module 'xpm_fifo_reg_bit' (0#1) [C:/AMDDesignTools/2025.2/Vivado/data/ip/xpm/xpm_fifo/hdl/xpm_fifo.sv:1927]
INFO: [Synth 8-6157] synthesizing module 'xpm_counter_updn__parameterized1' [C:/AMDDesignTools/2025.2/Vivado/data/ip/xpm/xpm_fifo/hdl/xpm_fifo.sv:1879]
INFO: [Synth 8-6155] done synthesizing module 'xpm_counter_updn__parameterized1' (0#1) [C:/AMDDesignTools/2025.2/Vivado/data/ip/xpm/xpm_fifo/hdl/xpm_fifo.sv:1879]
INFO: [Synth 8-6157] synthesizing module 'xpm_fifo_rst' [C:/AMDDesignTools/2025.2/Vivado/data/ip/xpm/xpm_fifo/hdl/xpm_fifo.sv:1639]
INFO: [Synth 8-6155] done synthesizing module 'xpm_fifo_rst' (0#1) [C:/AMDDesignTools/2025.2/Vivado/data/ip/xpm/xpm_fifo/hdl/xpm_fifo.sv:1639]
INFO: [Synth 8-6157] synthesizing module 'xpm_counter_updn__parameterized2' [C:/AMDDesignTools/2025.2/Vivado/data/ip/xpm/xpm_fifo/hdl/xpm_fifo.sv:1879]
INFO: [Synth 8-6155] done synthesizing module 'xpm_counter_updn__parameterized2' (0#1) [C:/AMDDesignTools/2025.2/Vivado/data/ip/xpm/xpm_fifo/hdl/xpm_fifo.sv:1879]
INFO: [Synth 8-6157] synthesizing module 'xpm_counter_updn__parameterized3' [C:/AMDDesignTools/2025.2/Vivado/data/ip/xpm/xpm_fifo/hdl/xpm_fifo.sv:1879]
INFO: [Synth 8-6155] done synthesizing module 'xpm_counter_updn__parameterized3' (0#1) [C:/AMDDesignTools/2025.2/Vivado/data/ip/xpm/xpm_fifo/hdl/xpm_fifo.sv:1879]
INFO: [Synth 8-6155] done synthesizing module 'xpm_fifo_base' (0#1) [C:/AMDDesignTools/2025.2/Vivado/data/ip/xpm/xpm_fifo/hdl/xpm_fifo.sv:53]
INFO: [Synth 8-6155] done synthesizing module 'xpm_fifo_sync' (0#1) [C:/AMDDesignTools/2025.2/Vivado/data/ip/xpm/xpm_fifo/hdl/xpm_fifo.sv:1975]
INFO: [Synth 8-256] done synthesizing module 'axi_datamover_sfifo_autord' (0#1) [v:/zybo_z7_imx219/zybo_z7_imx219.gen/sources_1/bd/design_1/ipshared/d44a/hdl/axi_datamover_v5_1_vh_rfs.vhd:1372]
INFO: [Synth 8-256] done synthesizing module 'axi_datamover_rd_sf' (0#1) [v:/zybo_z7_imx219/zybo_z7_imx219.gen/sources_1/bd/design_1/ipshared/d44a/hdl/axi_datamover_v5_1_vh_rfs.vhd:20342]
INFO: [Synth 8-256] done synthesizing module 'axi_datamover_mm2s_full_wrap' (0#1) [v:/zybo_z7_imx219/zybo_z7_imx219.gen/sources_1/bd/design_1/ipshared/d44a/hdl/axi_datamover_v5_1_vh_rfs.vhd:53569]
INFO: [Synth 8-638] synthesizing module 'axi_datamover_s2mm_full_wrap' [v:/zybo_z7_imx219/zybo_z7_imx219.gen/sources_1/bd/design_1/ipshared/d44a/hdl/axi_datamover_v5_1_vh_rfs.vhd:50012]
INFO: [Synth 8-638] synthesizing module 'axi_datamover_cmd_status__parameterized0' [v:/zybo_z7_imx219/zybo_z7_imx219.gen/sources_1/bd/design_1/ipshared/d44a/hdl/axi_datamover_v5_1_vh_rfs.vhd:2913]
INFO: [Synth 8-638] synthesizing module 'axi_datamover_fifo__parameterized3' [v:/zybo_z7_imx219/zybo_z7_imx219.gen/sources_1/bd/design_1/ipshared/d44a/hdl/axi_datamover_v5_1_vh_rfs.vhd:2109]
INFO: [Synth 8-638] synthesizing module 'srl_fifo__parameterized3' [v:/zybo_z7_imx219/zybo_z7_imx219.gen/sources_1/bd/design_1/ipshared/d44a/hdl/axi_datamover_v5_1_vh_rfs.vhd:1881]
INFO: [Synth 8-256] done synthesizing module 'srl_fifo__parameterized3' (0#1) [v:/zybo_z7_imx219/zybo_z7_imx219.gen/sources_1/bd/design_1/ipshared/d44a/hdl/axi_datamover_v5_1_vh_rfs.vhd:1881]
INFO: [Synth 8-256] done synthesizing module 'axi_datamover_fifo__parameterized3' (0#1) [v:/zybo_z7_imx219/zybo_z7_imx219.gen/sources_1/bd/design_1/ipshared/d44a/hdl/axi_datamover_v5_1_vh_rfs.vhd:2109]
INFO: [Synth 8-256] done synthesizing module 'axi_datamover_cmd_status__parameterized0' (0#1) [v:/zybo_z7_imx219/zybo_z7_imx219.gen/sources_1/bd/design_1/ipshared/d44a/hdl/axi_datamover_v5_1_vh_rfs.vhd:2913]
INFO: [Synth 8-638] synthesizing module 'axi_datamover_wr_status_cntl' [v:/zybo_z7_imx219/zybo_z7_imx219.gen/sources_1/bd/design_1/ipshared/d44a/hdl/axi_datamover_v5_1_vh_rfs.vhd:17859]
INFO: [Synth 8-638] synthesizing module 'axi_datamover_fifo__parameterized4' [v:/zybo_z7_imx219/zybo_z7_imx219.gen/sources_1/bd/design_1/ipshared/d44a/hdl/axi_datamover_v5_1_vh_rfs.vhd:2109]
INFO: [Synth 8-638] synthesizing module 'srl_fifo__parameterized4' [v:/zybo_z7_imx219/zybo_z7_imx219.gen/sources_1/bd/design_1/ipshared/d44a/hdl/axi_datamover_v5_1_vh_rfs.vhd:1881]
INFO: [Synth 8-256] done synthesizing module 'srl_fifo__parameterized4' (0#1) [v:/zybo_z7_imx219/zybo_z7_imx219.gen/sources_1/bd/design_1/ipshared/d44a/hdl/axi_datamover_v5_1_vh_rfs.vhd:1881]
INFO: [Synth 8-256] done synthesizing module 'axi_datamover_fifo__parameterized4' (0#1) [v:/zybo_z7_imx219/zybo_z7_imx219.gen/sources_1/bd/design_1/ipshared/d44a/hdl/axi_datamover_v5_1_vh_rfs.vhd:2109]
INFO: [Synth 8-638] synthesizing module 'axi_datamover_fifo__parameterized5' [v:/zybo_z7_imx219/zybo_z7_imx219.gen/sources_1/bd/design_1/ipshared/d44a/hdl/axi_datamover_v5_1_vh_rfs.vhd:2109]
INFO: [Synth 8-638] synthesizing module 'srl_fifo__parameterized5' [v:/zybo_z7_imx219/zybo_z7_imx219.gen/sources_1/bd/design_1/ipshared/d44a/hdl/axi_datamover_v5_1_vh_rfs.vhd:1881]
INFO: [Synth 8-256] done synthesizing module 'srl_fifo__parameterized5' (0#1) [v:/zybo_z7_imx219/zybo_z7_imx219.gen/sources_1/bd/design_1/ipshared/d44a/hdl/axi_datamover_v5_1_vh_rfs.vhd:1881]
INFO: [Synth 8-256] done synthesizing module 'axi_datamover_fifo__parameterized5' (0#1) [v:/zybo_z7_imx219/zybo_z7_imx219.gen/sources_1/bd/design_1/ipshared/d44a/hdl/axi_datamover_v5_1_vh_rfs.vhd:2109]
INFO: [Synth 8-256] done synthesizing module 'axi_datamover_wr_status_cntl' (0#1) [v:/zybo_z7_imx219/zybo_z7_imx219.gen/sources_1/bd/design_1/ipshared/d44a/hdl/axi_datamover_v5_1_vh_rfs.vhd:17859]
INFO: [Synth 8-638] synthesizing module 'axi_datamover_ibttcc' [v:/zybo_z7_imx219/zybo_z7_imx219.gen/sources_1/bd/design_1/ipshared/d44a/hdl/axi_datamover_v5_1_vh_rfs.vhd:25827]
INFO: [Synth 8-256] done synthesizing module 'axi_datamover_ibttcc' (0#1) [v:/zybo_z7_imx219/zybo_z7_imx219.gen/sources_1/bd/design_1/ipshared/d44a/hdl/axi_datamover_v5_1_vh_rfs.vhd:25827]
INFO: [Synth 8-638] synthesizing module 'axi_datamover_s2mm_realign' [v:/zybo_z7_imx219/zybo_z7_imx219.gen/sources_1/bd/design_1/ipshared/d44a/hdl/axi_datamover_v5_1_vh_rfs.vhd:47044]
INFO: [Synth 8-638] synthesizing module 'axi_datamover_fifo__parameterized6' [v:/zybo_z7_imx219/zybo_z7_imx219.gen/sources_1/bd/design_1/ipshared/d44a/hdl/axi_datamover_v5_1_vh_rfs.vhd:2109]
INFO: [Synth 8-638] synthesizing module 'srl_fifo__parameterized6' [v:/zybo_z7_imx219/zybo_z7_imx219.gen/sources_1/bd/design_1/ipshared/d44a/hdl/axi_datamover_v5_1_vh_rfs.vhd:1881]
INFO: [Synth 8-256] done synthesizing module 'srl_fifo__parameterized6' (0#1) [v:/zybo_z7_imx219/zybo_z7_imx219.gen/sources_1/bd/design_1/ipshared/d44a/hdl/axi_datamover_v5_1_vh_rfs.vhd:1881]
INFO: [Synth 8-256] done synthesizing module 'axi_datamover_fifo__parameterized6' (0#1) [v:/zybo_z7_imx219/zybo_z7_imx219.gen/sources_1/bd/design_1/ipshared/d44a/hdl/axi_datamover_v5_1_vh_rfs.vhd:2109]
INFO: [Synth 8-638] synthesizing module 'axi_datamover_s2mm_scatter' [v:/zybo_z7_imx219/zybo_z7_imx219.gen/sources_1/bd/design_1/ipshared/d44a/hdl/axi_datamover_v5_1_vh_rfs.vhd:45156]
INFO: [Synth 8-638] synthesizing module 'axi_datamover_mssai_skid_buf' [v:/zybo_z7_imx219/zybo_z7_imx219.gen/sources_1/bd/design_1/ipshared/d44a/hdl/axi_datamover_v5_1_vh_rfs.vhd:44213]
INFO: [Synth 8-638] synthesizing module 'axi_datamover_ms_strb_set' [v:/zybo_z7_imx219/zybo_z7_imx219.gen/sources_1/bd/design_1/ipshared/d44a/hdl/axi_datamover_v5_1_vh_rfs.vhd:42655]
INFO: [Synth 8-256] done synthesizing module 'axi_datamover_ms_strb_set' (0#1) [v:/zybo_z7_imx219/zybo_z7_imx219.gen/sources_1/bd/design_1/ipshared/d44a/hdl/axi_datamover_v5_1_vh_rfs.vhd:42655]
INFO: [Synth 8-256] done synthesizing module 'axi_datamover_mssai_skid_buf' (0#1) [v:/zybo_z7_imx219/zybo_z7_imx219.gen/sources_1/bd/design_1/ipshared/d44a/hdl/axi_datamover_v5_1_vh_rfs.vhd:44213]
INFO: [Synth 8-638] synthesizing module 'axi_datamover_strb_gen2__parameterized1' [v:/zybo_z7_imx219/zybo_z7_imx219.gen/sources_1/bd/design_1/ipshared/d44a/hdl/axi_datamover_v5_1_vh_rfs.vhd:4545]
INFO: [Synth 8-256] done synthesizing module 'axi_datamover_strb_gen2__parameterized1' (0#1) [v:/zybo_z7_imx219/zybo_z7_imx219.gen/sources_1/bd/design_1/ipshared/d44a/hdl/axi_datamover_v5_1_vh_rfs.vhd:4545]
INFO: [Synth 8-638] synthesizing module 'axi_datamover_slice' [v:/zybo_z7_imx219/zybo_z7_imx219.gen/sources_1/bd/design_1/ipshared/d44a/hdl/axi_datamover_v5_1_vh_rfs.vhd:44901]
INFO: [Synth 8-256] done synthesizing module 'axi_datamover_slice' (0#1) [v:/zybo_z7_imx219/zybo_z7_imx219.gen/sources_1/bd/design_1/ipshared/d44a/hdl/axi_datamover_v5_1_vh_rfs.vhd:44901]
INFO: [Synth 8-638] synthesizing module 'axi_datamover_fifo__parameterized7' [v:/zybo_z7_imx219/zybo_z7_imx219.gen/sources_1/bd/design_1/ipshared/d44a/hdl/axi_datamover_v5_1_vh_rfs.vhd:2109]
INFO: [Synth 8-638] synthesizing module 'srl_fifo__parameterized7' [v:/zybo_z7_imx219/zybo_z7_imx219.gen/sources_1/bd/design_1/ipshared/d44a/hdl/axi_datamover_v5_1_vh_rfs.vhd:1881]
INFO: [Synth 8-256] done synthesizing module 'srl_fifo__parameterized7' (0#1) [v:/zybo_z7_imx219/zybo_z7_imx219.gen/sources_1/bd/design_1/ipshared/d44a/hdl/axi_datamover_v5_1_vh_rfs.vhd:1881]
INFO: [Synth 8-256] done synthesizing module 'axi_datamover_fifo__parameterized7' (0#1) [v:/zybo_z7_imx219/zybo_z7_imx219.gen/sources_1/bd/design_1/ipshared/d44a/hdl/axi_datamover_v5_1_vh_rfs.vhd:2109]
INFO: [Synth 8-256] done synthesizing module 'axi_datamover_s2mm_scatter' (0#1) [v:/zybo_z7_imx219/zybo_z7_imx219.gen/sources_1/bd/design_1/ipshared/d44a/hdl/axi_datamover_v5_1_vh_rfs.vhd:45156]
INFO: [Synth 8-256] done synthesizing module 'axi_datamover_s2mm_realign' (0#1) [v:/zybo_z7_imx219/zybo_z7_imx219.gen/sources_1/bd/design_1/ipshared/d44a/hdl/axi_datamover_v5_1_vh_rfs.vhd:47044]
INFO: [Synth 8-638] synthesizing module 'axi_datamover_indet_btt' [v:/zybo_z7_imx219/zybo_z7_imx219.gen/sources_1/bd/design_1/ipshared/d44a/hdl/axi_datamover_v5_1_vh_rfs.vhd:28518]
INFO: [Synth 8-638] synthesizing module 'axi_datamover_stbs_set' [v:/zybo_z7_imx219/zybo_z7_imx219.gen/sources_1/bd/design_1/ipshared/d44a/hdl/axi_datamover_v5_1_vh_rfs.vhd:23518]
INFO: [Synth 8-256] done synthesizing module 'axi_datamover_stbs_set' (0#1) [v:/zybo_z7_imx219/zybo_z7_imx219.gen/sources_1/bd/design_1/ipshared/d44a/hdl/axi_datamover_v5_1_vh_rfs.vhd:23518]
INFO: [Synth 8-638] synthesizing module 'axi_datamover_sfifo_autord__parameterized0' [v:/zybo_z7_imx219/zybo_z7_imx219.gen/sources_1/bd/design_1/ipshared/d44a/hdl/axi_datamover_v5_1_vh_rfs.vhd:1372]
	Parameter FIFO_MEMORY_TYPE bound to: auto - type: string 
	Parameter FIFO_WRITE_DEPTH bound to: 16 - type: integer 
	Parameter WRITE_DATA_WIDTH bound to: 11 - type: integer 
	Parameter READ_MODE bound to: fwft - type: string 
	Parameter FIFO_READ_LATENCY bound to: 0 - type: integer 
	Parameter FULL_RESET_VALUE bound to: 1 - type: integer 
	Parameter USE_ADV_FEATURES bound to: 1F1F - type: string 
	Parameter READ_DATA_WIDTH bound to: 11 - type: integer 
	Parameter WR_DATA_COUNT_WIDTH bound to: 5 - type: integer 
	Parameter PROG_FULL_THRESH bound to: 10 - type: integer 
	Parameter RD_DATA_COUNT_WIDTH bound to: 5 - type: integer 
	Parameter PROG_EMPTY_THRESH bound to: 10 - type: integer 
	Parameter DOUT_RESET_VALUE bound to: 0 - type: string 
	Parameter ECC_MODE bound to: no_ecc - type: string 
	Parameter WAKEUP_TIME bound to: 0 - type: integer 
INFO: [Synth 8-3491] module 'xpm_fifo_sync' declared at 'C:/AMDDesignTools/2025.2/Vivado/data/ip/xpm/xpm_fifo/hdl/xpm_fifo.sv:1975' bound to instance 'I_SYNC_FIFOGEN_FIFO' of component 'xpm_fifo_sync' [v:/zybo_z7_imx219/zybo_z7_imx219.gen/sources_1/bd/design_1/ipshared/d44a/hdl/axi_datamover_v5_1_vh_rfs.vhd:1449]
INFO: [Synth 8-6157] synthesizing module 'xpm_fifo_sync__parameterized1' [C:/AMDDesignTools/2025.2/Vivado/data/ip/xpm/xpm_fifo/hdl/xpm_fifo.sv:1975]
INFO: [Synth 8-6157] synthesizing module 'xpm_fifo_base__parameterized0' [C:/AMDDesignTools/2025.2/Vivado/data/ip/xpm/xpm_fifo/hdl/xpm_fifo.sv:53]
INFO: [Synth 8-6157] synthesizing module 'xpm_counter_updn__parameterized4' [C:/AMDDesignTools/2025.2/Vivado/data/ip/xpm/xpm_fifo/hdl/xpm_fifo.sv:1879]
INFO: [Synth 8-6155] done synthesizing module 'xpm_counter_updn__parameterized4' (0#1) [C:/AMDDesignTools/2025.2/Vivado/data/ip/xpm/xpm_fifo/hdl/xpm_fifo.sv:1879]
INFO: [Synth 8-6157] synthesizing module 'xpm_counter_updn__parameterized5' [C:/AMDDesignTools/2025.2/Vivado/data/ip/xpm/xpm_fifo/hdl/xpm_fifo.sv:1879]
INFO: [Synth 8-6155] done synthesizing module 'xpm_counter_updn__parameterized5' (0#1) [C:/AMDDesignTools/2025.2/Vivado/data/ip/xpm/xpm_fifo/hdl/xpm_fifo.sv:1879]
INFO: [Synth 8-6157] synthesizing module 'xpm_memory_base__parameterized0' [C:/AMDDesignTools/2025.2/Vivado/data/ip/xpm/xpm_memory/hdl/xpm_memory.sv:54]
INFO: [Synth 8-6059] Synth Info: [XPM_MEMORY 20-1] MEMORY_PRIMITIVE (0) instructs Vivado Synthesis to choose the memory primitive type. Depending on their values, other XPM_MEMORY parameters may preclude the choice of certain memory primitive types. Review XPM_MEMORY documentation and parameter values to understand any limitations, or set MEMORY_PRIMITIVE to a different value.   [C:/AMDDesignTools/2025.2/Vivado/data/ip/xpm/xpm_memory/hdl/xpm_memory.sv:522]
INFO: [Synth 8-6155] done synthesizing module 'xpm_memory_base__parameterized0' (0#1) [C:/AMDDesignTools/2025.2/Vivado/data/ip/xpm/xpm_memory/hdl/xpm_memory.sv:54]
INFO: [Synth 8-226] default block is never used [C:/AMDDesignTools/2025.2/Vivado/data/ip/xpm/xpm_fifo/hdl/xpm_fifo.sv:1220]
INFO: [Synth 8-226] default block is never used [C:/AMDDesignTools/2025.2/Vivado/data/ip/xpm/xpm_fifo/hdl/xpm_fifo.sv:1287]
INFO: [Synth 8-226] default block is never used [C:/AMDDesignTools/2025.2/Vivado/data/ip/xpm/xpm_fifo/hdl/xpm_fifo.sv:1309]
INFO: [Synth 8-6157] synthesizing module 'xpm_counter_updn__parameterized6' [C:/AMDDesignTools/2025.2/Vivado/data/ip/xpm/xpm_fifo/hdl/xpm_fifo.sv:1879]
INFO: [Synth 8-6155] done synthesizing module 'xpm_counter_updn__parameterized6' (0#1) [C:/AMDDesignTools/2025.2/Vivado/data/ip/xpm/xpm_fifo/hdl/xpm_fifo.sv:1879]
INFO: [Synth 8-6157] synthesizing module 'xpm_counter_updn__parameterized7' [C:/AMDDesignTools/2025.2/Vivado/data/ip/xpm/xpm_fifo/hdl/xpm_fifo.sv:1879]
INFO: [Synth 8-6155] done synthesizing module 'xpm_counter_updn__parameterized7' (0#1) [C:/AMDDesignTools/2025.2/Vivado/data/ip/xpm/xpm_fifo/hdl/xpm_fifo.sv:1879]
INFO: [Synth 8-6155] done synthesizing module 'xpm_fifo_base__parameterized0' (0#1) [C:/AMDDesignTools/2025.2/Vivado/data/ip/xpm/xpm_fifo/hdl/xpm_fifo.sv:53]
INFO: [Synth 8-6155] done synthesizing module 'xpm_fifo_sync__parameterized1' (0#1) [C:/AMDDesignTools/2025.2/Vivado/data/ip/xpm/xpm_fifo/hdl/xpm_fifo.sv:1975]
INFO: [Synth 8-256] done synthesizing module 'axi_datamover_sfifo_autord__parameterized0' (0#1) [v:/zybo_z7_imx219/zybo_z7_imx219.gen/sources_1/bd/design_1/ipshared/d44a/hdl/axi_datamover_v5_1_vh_rfs.vhd:1372]
INFO: [Synth 8-638] synthesizing module 'axi_datamover_sfifo_autord__parameterized1' [v:/zybo_z7_imx219/zybo_z7_imx219.gen/sources_1/bd/design_1/ipshared/d44a/hdl/axi_datamover_v5_1_vh_rfs.vhd:1372]
	Parameter FIFO_MEMORY_TYPE bound to: block - type: string 
	Parameter FIFO_WRITE_DEPTH bound to: 256 - type: integer 
	Parameter WRITE_DATA_WIDTH bound to: 74 - type: integer 
	Parameter READ_MODE bound to: fwft - type: string 
	Parameter FIFO_READ_LATENCY bound to: 0 - type: integer 
	Parameter FULL_RESET_VALUE bound to: 1 - type: integer 
	Parameter USE_ADV_FEATURES bound to: 1F1F - type: string 
	Parameter READ_DATA_WIDTH bound to: 74 - type: integer 
	Parameter WR_DATA_COUNT_WIDTH bound to: 9 - type: integer 
	Parameter PROG_FULL_THRESH bound to: 10 - type: integer 
	Parameter RD_DATA_COUNT_WIDTH bound to: 9 - type: integer 
	Parameter PROG_EMPTY_THRESH bound to: 10 - type: integer 
	Parameter DOUT_RESET_VALUE bound to: 0 - type: string 
	Parameter ECC_MODE bound to: no_ecc - type: string 
	Parameter WAKEUP_TIME bound to: 0 - type: integer 
INFO: [Synth 8-3491] module 'xpm_fifo_sync' declared at 'C:/AMDDesignTools/2025.2/Vivado/data/ip/xpm/xpm_fifo/hdl/xpm_fifo.sv:1975' bound to instance 'I_SYNC_FIFOGEN_FIFO' of component 'xpm_fifo_sync' [v:/zybo_z7_imx219/zybo_z7_imx219.gen/sources_1/bd/design_1/ipshared/d44a/hdl/axi_datamover_v5_1_vh_rfs.vhd:1498]
INFO: [Synth 8-6157] synthesizing module 'xpm_fifo_sync__parameterized3' [C:/AMDDesignTools/2025.2/Vivado/data/ip/xpm/xpm_fifo/hdl/xpm_fifo.sv:1975]
INFO: [Synth 8-6157] synthesizing module 'xpm_fifo_base__parameterized1' [C:/AMDDesignTools/2025.2/Vivado/data/ip/xpm/xpm_fifo/hdl/xpm_fifo.sv:53]
INFO: [Synth 8-6157] synthesizing module 'xpm_memory_base__parameterized1' [C:/AMDDesignTools/2025.2/Vivado/data/ip/xpm/xpm_memory/hdl/xpm_memory.sv:54]
INFO: [Synth 8-6155] done synthesizing module 'xpm_memory_base__parameterized1' (0#1) [C:/AMDDesignTools/2025.2/Vivado/data/ip/xpm/xpm_memory/hdl/xpm_memory.sv:54]
INFO: [Synth 8-226] default block is never used [C:/AMDDesignTools/2025.2/Vivado/data/ip/xpm/xpm_fifo/hdl/xpm_fifo.sv:1220]
INFO: [Synth 8-226] default block is never used [C:/AMDDesignTools/2025.2/Vivado/data/ip/xpm/xpm_fifo/hdl/xpm_fifo.sv:1287]
INFO: [Synth 8-226] default block is never used [C:/AMDDesignTools/2025.2/Vivado/data/ip/xpm/xpm_fifo/hdl/xpm_fifo.sv:1309]
INFO: [Synth 8-6155] done synthesizing module 'xpm_fifo_base__parameterized1' (0#1) [C:/AMDDesignTools/2025.2/Vivado/data/ip/xpm/xpm_fifo/hdl/xpm_fifo.sv:53]
INFO: [Synth 8-6155] done synthesizing module 'xpm_fifo_sync__parameterized3' (0#1) [C:/AMDDesignTools/2025.2/Vivado/data/ip/xpm/xpm_fifo/hdl/xpm_fifo.sv:1975]
INFO: [Synth 8-256] done synthesizing module 'axi_datamover_sfifo_autord__parameterized1' (0#1) [v:/zybo_z7_imx219/zybo_z7_imx219.gen/sources_1/bd/design_1/ipshared/d44a/hdl/axi_datamover_v5_1_vh_rfs.vhd:1372]
INFO: [Synth 8-638] synthesizing module 'axi_datamover_stbs_set__parameterized0' [v:/zybo_z7_imx219/zybo_z7_imx219.gen/sources_1/bd/design_1/ipshared/d44a/hdl/axi_datamover_v5_1_vh_rfs.vhd:23518]
INFO: [Synth 8-256] done synthesizing module 'axi_datamover_stbs_set__parameterized0' (0#1) [v:/zybo_z7_imx219/zybo_z7_imx219.gen/sources_1/bd/design_1/ipshared/d44a/hdl/axi_datamover_v5_1_vh_rfs.vhd:23518]
INFO: [Synth 8-638] synthesizing module 'axi_datamover_skid_buf' [v:/zybo_z7_imx219/zybo_z7_imx219.gen/sources_1/bd/design_1/ipshared/d44a/hdl/axi_datamover_v5_1_vh_rfs.vhd:19643]
INFO: [Synth 8-256] done synthesizing module 'axi_datamover_skid_buf' (0#1) [v:/zybo_z7_imx219/zybo_z7_imx219.gen/sources_1/bd/design_1/ipshared/d44a/hdl/axi_datamover_v5_1_vh_rfs.vhd:19643]
INFO: [Synth 8-256] done synthesizing module 'axi_datamover_indet_btt' (0#1) [v:/zybo_z7_imx219/zybo_z7_imx219.gen/sources_1/bd/design_1/ipshared/d44a/hdl/axi_datamover_v5_1_vh_rfs.vhd:28518]
INFO: [Synth 8-638] synthesizing module 'axi_datamover_addr_cntl__parameterized0' [v:/zybo_z7_imx219/zybo_z7_imx219.gen/sources_1/bd/design_1/ipshared/d44a/hdl/axi_datamover_v5_1_vh_rfs.vhd:10191]
INFO: [Synth 8-256] done synthesizing module 'axi_datamover_addr_cntl__parameterized0' (0#1) [v:/zybo_z7_imx219/zybo_z7_imx219.gen/sources_1/bd/design_1/ipshared/d44a/hdl/axi_datamover_v5_1_vh_rfs.vhd:10191]
INFO: [Synth 8-638] synthesizing module 'axi_datamover_wrdata_cntl' [v:/zybo_z7_imx219/zybo_z7_imx219.gen/sources_1/bd/design_1/ipshared/d44a/hdl/axi_datamover_v5_1_vh_rfs.vhd:15835]
INFO: [Synth 8-638] synthesizing module 'axi_datamover_fifo__parameterized8' [v:/zybo_z7_imx219/zybo_z7_imx219.gen/sources_1/bd/design_1/ipshared/d44a/hdl/axi_datamover_v5_1_vh_rfs.vhd:2109]
INFO: [Synth 8-638] synthesizing module 'srl_fifo__parameterized8' [v:/zybo_z7_imx219/zybo_z7_imx219.gen/sources_1/bd/design_1/ipshared/d44a/hdl/axi_datamover_v5_1_vh_rfs.vhd:1881]
INFO: [Synth 8-256] done synthesizing module 'srl_fifo__parameterized8' (0#1) [v:/zybo_z7_imx219/zybo_z7_imx219.gen/sources_1/bd/design_1/ipshared/d44a/hdl/axi_datamover_v5_1_vh_rfs.vhd:1881]
INFO: [Synth 8-256] done synthesizing module 'axi_datamover_fifo__parameterized8' (0#1) [v:/zybo_z7_imx219/zybo_z7_imx219.gen/sources_1/bd/design_1/ipshared/d44a/hdl/axi_datamover_v5_1_vh_rfs.vhd:2109]
INFO: [Synth 8-256] done synthesizing module 'axi_datamover_wrdata_cntl' (0#1) [v:/zybo_z7_imx219/zybo_z7_imx219.gen/sources_1/bd/design_1/ipshared/d44a/hdl/axi_datamover_v5_1_vh_rfs.vhd:15835]
INFO: [Synth 8-638] synthesizing module 'axi_datamover_skid2mm_buf' [v:/zybo_z7_imx219/zybo_z7_imx219.gen/sources_1/bd/design_1/ipshared/d44a/hdl/axi_datamover_v5_1_vh_rfs.vhd:19147]
INFO: [Synth 8-638] synthesizing module 'axi_datamover_wr_demux' [v:/zybo_z7_imx219/zybo_z7_imx219.gen/sources_1/bd/design_1/ipshared/d44a/hdl/axi_datamover_v5_1_vh_rfs.vhd:14284]
INFO: [Synth 8-256] done synthesizing module 'axi_datamover_wr_demux' (0#1) [v:/zybo_z7_imx219/zybo_z7_imx219.gen/sources_1/bd/design_1/ipshared/d44a/hdl/axi_datamover_v5_1_vh_rfs.vhd:14284]
INFO: [Synth 8-256] done synthesizing module 'axi_datamover_skid2mm_buf' (0#1) [v:/zybo_z7_imx219/zybo_z7_imx219.gen/sources_1/bd/design_1/ipshared/d44a/hdl/axi_datamover_v5_1_vh_rfs.vhd:19147]
INFO: [Synth 8-256] done synthesizing module 'axi_datamover_s2mm_full_wrap' (0#1) [v:/zybo_z7_imx219/zybo_z7_imx219.gen/sources_1/bd/design_1/ipshared/d44a/hdl/axi_datamover_v5_1_vh_rfs.vhd:50012]
INFO: [Synth 8-256] done synthesizing module 'axi_datamover' (0#1) [v:/zybo_z7_imx219/zybo_z7_imx219.gen/sources_1/bd/design_1/ipshared/d44a/hdl/axi_datamover_v5_1_vh_rfs.vhd:55430]
INFO: [Synth 8-256] done synthesizing module 'axi_vdma' (0#1) [v:/zybo_z7_imx219/zybo_z7_imx219.gen/sources_1/bd/design_1/ipshared/7e8c/hdl/axi_vdma_v6_3_rfs.vhd:69021]
INFO: [Synth 8-256] done synthesizing module 'design_1_axi_vdma_0_0' (0#1) [v:/zybo_z7_imx219/zybo_z7_imx219.gen/sources_1/bd/design_1/ip/design_1_axi_vdma_0_0/synth/design_1_axi_vdma_0_0.vhd:132]
WARNING: [Synth 8-6014] Unused sequential element dest_pulse_ff_reg was removed.  [C:/AMDDesignTools/2025.2/Vivado/data/ip/xpm/xpm_cdc/hdl/xpm_cdc.sv:860]
WARNING: [Synth 8-6014] Unused sequential element dest_pulse_ff_reg was removed.  [C:/AMDDesignTools/2025.2/Vivado/data/ip/xpm/xpm_cdc/hdl/xpm_cdc.sv:860]
INFO: [Synth 8-3936] Found unconnected internal register 'DYNAMIC_GENLOCK_FOR_SLAVE.grey_frmstr_adjusted_reg' and it is trimmed from '6' to '3' bits. [v:/zybo_z7_imx219/zybo_z7_imx219.gen/sources_1/bd/design_1/ipshared/7e8c/hdl/axi_vdma_v6_3_rfs.vhd:59736]
INFO: [Synth 8-6014] Unused sequential element DYNAMIC_SLAVE_MODE_FRAME_CNT.frame_sync_d1_reg was removed.  [v:/zybo_z7_imx219/zybo_z7_imx219.gen/sources_1/bd/design_1/ipshared/7e8c/hdl/axi_vdma_v6_3_rfs.vhd:63816]
INFO: [Synth 8-6014] Unused sequential element DYNAMIC_SLAVE_MODE_FRAME_CNT.frame_sync_d2_reg was removed.  [v:/zybo_z7_imx219/zybo_z7_imx219.gen/sources_1/bd/design_1/ipshared/7e8c/hdl/axi_vdma_v6_3_rfs.vhd:63817]
INFO: [Synth 8-6014] Unused sequential element DYNAMIC_SLAVE_MODE_FRAME_CNT.genlock_pair_frame_reg was removed.  [v:/zybo_z7_imx219/zybo_z7_imx219.gen/sources_1/bd/design_1/ipshared/7e8c/hdl/axi_vdma_v6_3_rfs.vhd:63897]
INFO: [Synth 8-6014] Unused sequential element GEN_LINEBUF_NO_SOF.m_skid_reset_reg was removed.  [v:/zybo_z7_imx219/zybo_z7_imx219.gen/sources_1/bd/design_1/ipshared/7e8c/hdl/axi_vdma_v6_3_rfs.vhd:47024]
INFO: [Synth 8-6014] Unused sequential element GEN_FRMSTORE_EXTFSYNC.all_idle_d1_reg was removed.  [v:/zybo_z7_imx219/zybo_z7_imx219.gen/sources_1/bd/design_1/ipshared/7e8c/hdl/axi_vdma_v6_3_rfs.vhd:63553]
INFO: [Synth 8-6014] Unused sequential element GEN_FRMSTORE_EXTFSYNC.late_idle_reg was removed.  [v:/zybo_z7_imx219/zybo_z7_imx219.gen/sources_1/bd/design_1/ipshared/7e8c/hdl/axi_vdma_v6_3_rfs.vhd:63569]
INFO: [Synth 8-6014] Unused sequential element sig_input_reg_full_reg was removed.  [v:/zybo_z7_imx219/zybo_z7_imx219.gen/sources_1/bd/design_1/ipshared/d44a/hdl/axi_datamover_v5_1_vh_rfs.vhd:8245]
INFO: [Synth 8-6014] Unused sequential element sig_xfer_reg_full_reg was removed.  [v:/zybo_z7_imx219/zybo_z7_imx219.gen/sources_1/bd/design_1/ipshared/d44a/hdl/axi_datamover_v5_1_vh_rfs.vhd:8556]
INFO: [Synth 8-6014] Unused sequential element sig_next_tag_reg_reg was removed.  [v:/zybo_z7_imx219/zybo_z7_imx219.gen/sources_1/bd/design_1/ipshared/d44a/hdl/axi_datamover_v5_1_vh_rfs.vhd:10601]
INFO: [Synth 8-6014] Unused sequential element sig_next_cmd_cmplt_reg_reg was removed.  [v:/zybo_z7_imx219/zybo_z7_imx219.gen/sources_1/bd/design_1/ipshared/d44a/hdl/axi_datamover_v5_1_vh_rfs.vhd:10608]
INFO: [Synth 8-6014] Unused sequential element sig_next_dre_src_align_reg_reg was removed.  [v:/zybo_z7_imx219/zybo_z7_imx219.gen/sources_1/bd/design_1/ipshared/d44a/hdl/axi_datamover_v5_1_vh_rfs.vhd:13065]
INFO: [Synth 8-6014] Unused sequential element sig_next_dre_dest_align_reg_reg was removed.  [v:/zybo_z7_imx219/zybo_z7_imx219.gen/sources_1/bd/design_1/ipshared/d44a/hdl/axi_datamover_v5_1_vh_rfs.vhd:13066]
INFO: [Synth 8-6014] Unused sequential element sig_coelsc_reg_empty_reg was removed.  [v:/zybo_z7_imx219/zybo_z7_imx219.gen/sources_1/bd/design_1/ipshared/d44a/hdl/axi_datamover_v5_1_vh_rfs.vhd:13404]
WARNING: [Synth 8-6014] Unused sequential element gen_rd_b.gen_doutb_pipe.enb_pipe_reg[0] was removed.  [C:/AMDDesignTools/2025.2/Vivado/data/ip/xpm/xpm_memory/hdl/xpm_memory.sv:3087]
WARNING: [Synth 8-6014] Unused sequential element gdvld.data_valid_std_reg was removed.  [C:/AMDDesignTools/2025.2/Vivado/data/ip/xpm/xpm_fifo/hdl/xpm_fifo.sv:550]
WARNING: [Synth 8-6014] Unused sequential element gen_pntr_flags_cc.gae_cc_std.ram_aempty_i_reg was removed.  [C:/AMDDesignTools/2025.2/Vivado/data/ip/xpm/xpm_fifo/hdl/xpm_fifo.sv:982]
WARNING: [Synth 8-6014] Unused sequential element gen_fwft.empty_fwft_fb_reg was removed.  [C:/AMDDesignTools/2025.2/Vivado/data/ip/xpm/xpm_fifo/hdl/xpm_fifo.sv:1404]
INFO: [Synth 8-6014] Unused sequential element hold_ff_q_reg was removed.  [v:/zybo_z7_imx219/zybo_z7_imx219.gen/sources_1/bd/design_1/ipshared/d44a/hdl/axi_datamover_v5_1_vh_rfs.vhd:1586]
INFO: [Synth 8-6014] Unused sequential element sig_input_reg_full_reg was removed.  [v:/zybo_z7_imx219/zybo_z7_imx219.gen/sources_1/bd/design_1/ipshared/d44a/hdl/axi_datamover_v5_1_vh_rfs.vhd:26470]
INFO: [Synth 8-6014] Unused sequential element sig_psm_ld_calc2_reg was removed.  [v:/zybo_z7_imx219/zybo_z7_imx219.gen/sources_1/bd/design_1/ipshared/d44a/hdl/axi_datamover_v5_1_vh_rfs.vhd:26674]
INFO: [Synth 8-6014] Unused sequential element sig_child_cmd_reg_empty_reg was removed.  [v:/zybo_z7_imx219/zybo_z7_imx219.gen/sources_1/bd/design_1/ipshared/d44a/hdl/axi_datamover_v5_1_vh_rfs.vhd:27130]
INFO: [Synth 8-6014] Unused sequential element sig_first_child_xfer_reg was removed.  [v:/zybo_z7_imx219/zybo_z7_imx219.gen/sources_1/bd/design_1/ipshared/d44a/hdl/axi_datamover_v5_1_vh_rfs.vhd:27675]
INFO: [Synth 8-6014] Unused sequential element sig_xfer_is_seq_reg was removed.  [v:/zybo_z7_imx219/zybo_z7_imx219.gen/sources_1/bd/design_1/ipshared/d44a/hdl/axi_datamover_v5_1_vh_rfs.vhd:28174]
INFO: [Synth 8-6014] Unused sequential element sig_xfer_reg_empty_reg was removed.  [v:/zybo_z7_imx219/zybo_z7_imx219.gen/sources_1/bd/design_1/ipshared/d44a/hdl/axi_datamover_v5_1_vh_rfs.vhd:28267]
INFO: [Synth 8-6014] Unused sequential element sig_xfer_reg_full_reg was removed.  [v:/zybo_z7_imx219/zybo_z7_imx219.gen/sources_1/bd/design_1/ipshared/d44a/hdl/axi_datamover_v5_1_vh_rfs.vhd:28268]
INFO: [Synth 8-6014] Unused sequential element sig_sm_ld_scatter_cmd_reg was removed.  [v:/zybo_z7_imx219/zybo_z7_imx219.gen/sources_1/bd/design_1/ipshared/d44a/hdl/axi_datamover_v5_1_vh_rfs.vhd:47543]
WARNING: [Synth 8-6014] Unused sequential element gen_rd_b.gen_doutb_pipe.enb_pipe_reg[0] was removed.  [C:/AMDDesignTools/2025.2/Vivado/data/ip/xpm/xpm_memory/hdl/xpm_memory.sv:3087]
WARNING: [Synth 8-6014] Unused sequential element gdvld.data_valid_std_reg was removed.  [C:/AMDDesignTools/2025.2/Vivado/data/ip/xpm/xpm_fifo/hdl/xpm_fifo.sv:550]
WARNING: [Synth 8-6014] Unused sequential element gen_pntr_flags_cc.gae_cc_std.ram_aempty_i_reg was removed.  [C:/AMDDesignTools/2025.2/Vivado/data/ip/xpm/xpm_fifo/hdl/xpm_fifo.sv:982]
WARNING: [Synth 8-6014] Unused sequential element gen_fwft.empty_fwft_fb_reg was removed.  [C:/AMDDesignTools/2025.2/Vivado/data/ip/xpm/xpm_fifo/hdl/xpm_fifo.sv:1404]
INFO: [Synth 8-6014] Unused sequential element hold_ff_q_reg was removed.  [v:/zybo_z7_imx219/zybo_z7_imx219.gen/sources_1/bd/design_1/ipshared/d44a/hdl/axi_datamover_v5_1_vh_rfs.vhd:1586]
WARNING: [Synth 8-6014] Unused sequential element gen_rd_b.gen_doutb_pipe.enb_pipe_reg[0] was removed.  [C:/AMDDesignTools/2025.2/Vivado/data/ip/xpm/xpm_memory/hdl/xpm_memory.sv:3087]
WARNING: [Synth 8-6014] Unused sequential element gdvld.data_valid_std_reg was removed.  [C:/AMDDesignTools/2025.2/Vivado/data/ip/xpm/xpm_fifo/hdl/xpm_fifo.sv:550]
WARNING: [Synth 8-6014] Unused sequential element gen_pntr_flags_cc.gae_cc_std.ram_aempty_i_reg was removed.  [C:/AMDDesignTools/2025.2/Vivado/data/ip/xpm/xpm_fifo/hdl/xpm_fifo.sv:982]
WARNING: [Synth 8-6014] Unused sequential element gen_fwft.empty_fwft_fb_reg was removed.  [C:/AMDDesignTools/2025.2/Vivado/data/ip/xpm/xpm_fifo/hdl/xpm_fifo.sv:1404]
INFO: [Synth 8-6014] Unused sequential element hold_ff_q_reg was removed.  [v:/zybo_z7_imx219/zybo_z7_imx219.gen/sources_1/bd/design_1/ipshared/d44a/hdl/axi_datamover_v5_1_vh_rfs.vhd:1586]
INFO: [Synth 8-6014] Unused sequential element INCLUDE_PACKING.lsig_packer_empty_reg was removed.  [v:/zybo_z7_imx219/zybo_z7_imx219.gen/sources_1/bd/design_1/ipshared/d44a/hdl/axi_datamover_v5_1_vh_rfs.vhd:29405]
INFO: [Synth 8-6014] Unused sequential element sig_next_tag_reg_reg was removed.  [v:/zybo_z7_imx219/zybo_z7_imx219.gen/sources_1/bd/design_1/ipshared/d44a/hdl/axi_datamover_v5_1_vh_rfs.vhd:10601]
INFO: [Synth 8-6014] Unused sequential element sig_next_cmd_cmplt_reg_reg was removed.  [v:/zybo_z7_imx219/zybo_z7_imx219.gen/sources_1/bd/design_1/ipshared/d44a/hdl/axi_datamover_v5_1_vh_rfs.vhd:10608]
INFO: [Synth 8-6014] Unused sequential element sig_next_last_strb_reg_reg was removed.  [v:/zybo_z7_imx219/zybo_z7_imx219.gen/sources_1/bd/design_1/ipshared/d44a/hdl/axi_datamover_v5_1_vh_rfs.vhd:17126]
INFO: [Synth 8-6014] Unused sequential element sig_next_eof_reg_reg was removed.  [v:/zybo_z7_imx219/zybo_z7_imx219.gen/sources_1/bd/design_1/ipshared/d44a/hdl/axi_datamover_v5_1_vh_rfs.vhd:17131]
INFO: [Synth 8-6014] Unused sequential element GEN_SPRT_FOR_S2MM.GEN_FLUSH_SOF_TREADY.d_tready_after_fsize_less_err_flag_00_01_reg was removed.  [v:/zybo_z7_imx219/zybo_z7_imx219.gen/sources_1/bd/design_1/ipshared/7e8c/hdl/axi_vdma_v6_3_rfs.vhd:71954]
INFO: [Synth 8-6014] Unused sequential element GEN_SPRT_FOR_S2MM.GEN_FLUSH_SOF_TREADY.after_vcount_flag_sel_00_01_reg was removed.  [v:/zybo_z7_imx219/zybo_z7_imx219.gen/sources_1/bd/design_1/ipshared/7e8c/hdl/axi_vdma_v6_3_rfs.vhd:71972]
INFO: [Synth 8-6014] Unused sequential element GEN_SPRT_FOR_S2MM.GEN_FLUSH_SOF_TREADY.d_tready_before_fsync_sel_00_01_reg was removed.  [v:/zybo_z7_imx219/zybo_z7_imx219.gen/sources_1/bd/design_1/ipshared/7e8c/hdl/axi_vdma_v6_3_rfs.vhd:71984]
INFO: [Synth 8-6014] Unused sequential element GEN_SPRT_FOR_S2MM.GEN_FLUSH_SOF_TREADY.d_tready_before_fsync_clrd_sel_00_01_reg was removed.  [v:/zybo_z7_imx219/zybo_z7_imx219.gen/sources_1/bd/design_1/ipshared/7e8c/hdl/axi_vdma_v6_3_rfs.vhd:72013]
INFO: [Synth 8-6014] Unused sequential element GEN_SPRT_FOR_S2MM.GEN_FLUSH_SOF_TREADY.s2mm_fsize_less_err_flag_00_01_reg was removed.  [v:/zybo_z7_imx219/zybo_z7_imx219.gen/sources_1/bd/design_1/ipshared/7e8c/hdl/axi_vdma_v6_3_rfs.vhd:72042]
INFO: [Synth 8-7129] Port debeat_saddr_lsb[2] in module axi_datamover_wr_demux is either unconnected or has no load
INFO: [Synth 8-7129] Port debeat_saddr_lsb[1] in module axi_datamover_wr_demux is either unconnected or has no load
INFO: [Synth 8-7129] Port debeat_saddr_lsb[0] in module axi_datamover_wr_demux is either unconnected or has no load
INFO: [Synth 8-7129] Port fifo_async_rd_reset in module axi_datamover_fifo__parameterized8 is either unconnected or has no load
INFO: [Synth 8-7129] Port fifo_async_rd_clk in module axi_datamover_fifo__parameterized8 is either unconnected or has no load
INFO: [Synth 8-7129] Port end_addr_offset[2] in module axi_datamover_strb_gen2 is either unconnected or has no load
INFO: [Synth 8-7129] Port end_addr_offset[1] in module axi_datamover_strb_gen2 is either unconnected or has no load
INFO: [Synth 8-7129] Port end_addr_offset[0] in module axi_datamover_strb_gen2 is either unconnected or has no load
INFO: [Synth 8-7129] Port realign2wdc_eop_error in module axi_datamover_wrdata_cntl is either unconnected or has no load
INFO: [Synth 8-7129] Port fifo_async_rd_reset in module axi_datamover_fifo__parameterized1 is either unconnected or has no load
INFO: [Synth 8-7129] Port fifo_async_rd_clk in module axi_datamover_fifo__parameterized1 is either unconnected or has no load
INFO: [Synth 8-7129] Port data2addr_data_rdy in module axi_datamover_addr_cntl__parameterized0 is either unconnected or has no load
INFO: [Synth 8-7129] Port rd_clk in module xpm_fifo_rst is either unconnected or has no load
INFO: [Synth 8-7129] Port sleep in module xpm_memory_base__parameterized1 is either unconnected or has no load
INFO: [Synth 8-7129] Port rsta in module xpm_memory_base__parameterized1 is either unconnected or has no load
INFO: [Synth 8-7129] Port regcea in module xpm_memory_base__parameterized1 is either unconnected or has no load
INFO: [Synth 8-7129] Port injectsbiterra in module xpm_memory_base__parameterized1 is either unconnected or has no load
INFO: [Synth 8-7129] Port injectdbiterra in module xpm_memory_base__parameterized1 is either unconnected or has no load
INFO: [Synth 8-7129] Port clkb in module xpm_memory_base__parameterized1 is either unconnected or has no load
INFO: [Synth 8-7129] Port dinb[73] in module xpm_memory_base__parameterized1 is either unconnected or has no load
INFO: [Synth 8-7129] Port dinb[72] in module xpm_memory_base__parameterized1 is either unconnected or has no load
INFO: [Synth 8-7129] Port dinb[71] in module xpm_memory_base__parameterized1 is either unconnected or has no load
INFO: [Synth 8-7129] Port dinb[70] in module xpm_memory_base__parameterized1 is either unconnected or has no load
INFO: [Synth 8-7129] Port dinb[69] in module xpm_memory_base__parameterized1 is either unconnected or has no load
INFO: [Synth 8-7129] Port dinb[68] in module xpm_memory_base__parameterized1 is either unconnected or has no load
INFO: [Synth 8-7129] Port dinb[67] in module xpm_memory_base__parameterized1 is either unconnected or has no load
INFO: [Synth 8-7129] Port dinb[66] in module xpm_memory_base__parameterized1 is either unconnected or has no load
INFO: [Synth 8-7129] Port dinb[65] in module xpm_memory_base__parameterized1 is either unconnected or has no load
INFO: [Synth 8-7129] Port dinb[64] in module xpm_memory_base__parameterized1 is either unconnected or has no load
INFO: [Synth 8-7129] Port dinb[63] in module xpm_memory_base__parameterized1 is either unconnected or has no load
INFO: [Synth 8-7129] Port dinb[62] in module xpm_memory_base__parameterized1 is either unconnected or has no load
INFO: [Synth 8-7129] Port dinb[61] in module xpm_memory_base__parameterized1 is either unconnected or has no load
INFO: [Synth 8-7129] Port dinb[60] in module xpm_memory_base__parameterized1 is either unconnected or has no load
INFO: [Synth 8-7129] Port dinb[59] in module xpm_memory_base__parameterized1 is either unconnected or has no load
INFO: [Synth 8-7129] Port dinb[58] in module xpm_memory_base__parameterized1 is either unconnected or has no load
INFO: [Synth 8-7129] Port dinb[57] in module xpm_memory_base__parameterized1 is either unconnected or has no load
INFO: [Synth 8-7129] Port dinb[56] in module xpm_memory_base__parameterized1 is either unconnected or has no load
INFO: [Synth 8-7129] Port dinb[55] in module xpm_memory_base__parameterized1 is either unconnected or has no load
INFO: [Synth 8-7129] Port dinb[54] in module xpm_memory_base__parameterized1 is either unconnected or has no load
INFO: [Synth 8-7129] Port dinb[53] in module xpm_memory_base__parameterized1 is either unconnected or has no load
INFO: [Synth 8-7129] Port dinb[52] in module xpm_memory_base__parameterized1 is either unconnected or has no load
INFO: [Synth 8-7129] Port dinb[51] in module xpm_memory_base__parameterized1 is either unconnected or has no load
INFO: [Synth 8-7129] Port dinb[50] in module xpm_memory_base__parameterized1 is either unconnected or has no load
INFO: [Synth 8-7129] Port dinb[49] in module xpm_memory_base__parameterized1 is either unconnected or has no load
INFO: [Synth 8-7129] Port dinb[48] in module xpm_memory_base__parameterized1 is either unconnected or has no load
INFO: [Synth 8-7129] Port dinb[47] in module xpm_memory_base__parameterized1 is either unconnected or has no load
INFO: [Synth 8-7129] Port dinb[46] in module xpm_memory_base__parameterized1 is either unconnected or has no load
INFO: [Synth 8-7129] Port dinb[45] in module xpm_memory_base__parameterized1 is either unconnected or has no load
INFO: [Synth 8-7129] Port dinb[44] in module xpm_memory_base__parameterized1 is either unconnected or has no load
INFO: [Synth 8-7129] Port dinb[43] in module xpm_memory_base__parameterized1 is either unconnected or has no load
INFO: [Synth 8-7129] Port dinb[42] in module xpm_memory_base__parameterized1 is either unconnected or has no load
INFO: [Synth 8-7129] Port dinb[41] in module xpm_memory_base__parameterized1 is either unconnected or has no load
INFO: [Synth 8-7129] Port dinb[40] in module xpm_memory_base__parameterized1 is either unconnected or has no load
INFO: [Synth 8-7129] Port dinb[39] in module xpm_memory_base__parameterized1 is either unconnected or has no load
INFO: [Synth 8-7129] Port dinb[38] in module xpm_memory_base__parameterized1 is either unconnected or has no load
INFO: [Synth 8-7129] Port dinb[37] in module xpm_memory_base__parameterized1 is either unconnected or has no load
INFO: [Synth 8-7129] Port dinb[36] in module xpm_memory_base__parameterized1 is either unconnected or has no load
INFO: [Synth 8-7129] Port dinb[35] in module xpm_memory_base__parameterized1 is either unconnected or has no load
INFO: [Synth 8-7129] Port dinb[34] in module xpm_memory_base__parameterized1 is either unconnected or has no load
INFO: [Synth 8-7129] Port dinb[33] in module xpm_memory_base__parameterized1 is either unconnected or has no load
INFO: [Synth 8-7129] Port dinb[32] in module xpm_memory_base__parameterized1 is either unconnected or has no load
INFO: [Synth 8-7129] Port dinb[31] in module xpm_memory_base__parameterized1 is either unconnected or has no load
INFO: [Synth 8-7129] Port dinb[30] in module xpm_memory_base__parameterized1 is either unconnected or has no load
INFO: [Synth 8-7129] Port dinb[29] in module xpm_memory_base__parameterized1 is either unconnected or has no load
INFO: [Synth 8-7129] Port dinb[28] in module xpm_memory_base__parameterized1 is either unconnected or has no load
INFO: [Synth 8-7129] Port dinb[27] in module xpm_memory_base__parameterized1 is either unconnected or has no load
INFO: [Synth 8-7129] Port dinb[26] in module xpm_memory_base__parameterized1 is either unconnected or has no load
INFO: [Synth 8-7129] Port dinb[25] in module xpm_memory_base__parameterized1 is either unconnected or has no load
INFO: [Synth 8-7129] Port dinb[24] in module xpm_memory_base__parameterized1 is either unconnected or has no load
INFO: [Synth 8-7129] Port dinb[23] in module xpm_memory_base__parameterized1 is either unconnected or has no load
INFO: [Synth 8-7129] Port dinb[22] in module xpm_memory_base__parameterized1 is either unconnected or has no load
INFO: [Synth 8-7129] Port dinb[21] in module xpm_memory_base__parameterized1 is either unconnected or has no load
INFO: [Synth 8-7129] Port dinb[20] in module xpm_memory_base__parameterized1 is either unconnected or has no load
INFO: [Synth 8-7129] Port dinb[19] in module xpm_memory_base__parameterized1 is either unconnected or has no load
INFO: [Synth 8-7129] Port dinb[18] in module xpm_memory_base__parameterized1 is either unconnected or has no load
INFO: [Synth 8-7129] Port dinb[17] in module xpm_memory_base__parameterized1 is either unconnected or has no load
INFO: [Synth 8-7129] Port dinb[16] in module xpm_memory_base__parameterized1 is either unconnected or has no load
INFO: [Synth 8-7129] Port dinb[15] in module xpm_memory_base__parameterized1 is either unconnected or has no load
INFO: [Synth 8-7129] Port dinb[14] in module xpm_memory_base__parameterized1 is either unconnected or has no load
INFO: [Synth 8-7129] Port dinb[13] in module xpm_memory_base__parameterized1 is either unconnected or has no load
INFO: [Synth 8-7129] Port dinb[12] in module xpm_memory_base__parameterized1 is either unconnected or has no load
INFO: [Synth 8-7129] Port dinb[11] in module xpm_memory_base__parameterized1 is either unconnected or has no load
INFO: [Synth 8-7129] Port dinb[10] in module xpm_memory_base__parameterized1 is either unconnected or has no load
INFO: [Synth 8-7129] Port dinb[9] in module xpm_memory_base__parameterized1 is either unconnected or has no load
INFO: [Synth 8-7129] Port dinb[8] in module xpm_memory_base__parameterized1 is either unconnected or has no load
INFO: [Synth 8-7129] Port dinb[7] in module xpm_memory_base__parameterized1 is either unconnected or has no load
INFO: [Synth 8-7129] Port dinb[6] in module xpm_memory_base__parameterized1 is either unconnected or has no load
INFO: [Synth 8-7129] Port dinb[5] in module xpm_memory_base__parameterized1 is either unconnected or has no load
INFO: [Synth 8-7129] Port dinb[4] in module xpm_memory_base__parameterized1 is either unconnected or has no load
INFO: [Synth 8-7129] Port dinb[3] in module xpm_memory_base__parameterized1 is either unconnected or has no load
INFO: [Synth 8-7129] Port dinb[2] in module xpm_memory_base__parameterized1 is either unconnected or has no load
INFO: [Synth 8-7129] Port dinb[1] in module xpm_memory_base__parameterized1 is either unconnected or has no load
INFO: [Synth 8-7129] Port dinb[0] in module xpm_memory_base__parameterized1 is either unconnected or has no load
INFO: [Synth 8-7129] Port injectsbiterrb in module xpm_memory_base__parameterized1 is either unconnected or has no load
INFO: [Synth 8-7129] Port injectdbiterrb in module xpm_memory_base__parameterized1 is either unconnected or has no load
INFO: [Synth 8-7129] Port SFIFO_Clr_Rd_Data_Valid in module axi_datamover_sfifo_autord__parameterized1 is either unconnected or has no load
INFO: [Synth 8-7129] Port sleep in module xpm_memory_base__parameterized0 is either unconnected or has no load
INFO: [Synth 8-7129] Port rsta in module xpm_memory_base__parameterized0 is either unconnected or has no load
INFO: [Synth 8-7129] Port regcea in module xpm_memory_base__parameterized0 is either unconnected or has no load
INFO: [Synth 8-7129] Port injectsbiterra in module xpm_memory_base__parameterized0 is either unconnected or has no load
INFO: [Common 17-14] Message 'Synth 8-7129' appears 100 times and further instances of the messages will be disabled. Use the Tcl command set_msg_config to change the current settings.
---------------------------------------------------------------------------------
Finished RTL Elaboration : Time (s): cpu = 00:01:01 ; elapsed = 00:01:44 . Memory (MB): peak = 1767.219 ; gain = 926.762
---------------------------------------------------------------------------------
---------------------------------------------------------------------------------
Start Handling Custom Attributes
---------------------------------------------------------------------------------
---------------------------------------------------------------------------------
Finished Handling Custom Attributes : Time (s): cpu = 00:01:02 ; elapsed = 00:01:46 . Memory (MB): peak = 1767.219 ; gain = 926.762
---------------------------------------------------------------------------------
---------------------------------------------------------------------------------
Finished RTL Optimization Phase 1 : Time (s): cpu = 00:01:02 ; elapsed = 00:01:46 . Memory (MB): peak = 1767.219 ; gain = 926.762
---------------------------------------------------------------------------------
Netlist sorting complete. Time (s): cpu = 00:00:00 ; elapsed = 00:00:02 . Memory (MB): peak = 1767.219 ; gain = 0.000
INFO: [Netlist 29-17] Analyzing 10 Unisim elements for replacement
INFO: [Netlist 29-28] Unisim Transformation completed in 0 CPU seconds
INFO: [Project 1-570] Preparing netlist for logic optimization

Processing XDC Constraints
Initializing timing engine
Parsing XDC File [v:/zybo_z7_imx219/zybo_z7_imx219.gen/sources_1/bd/design_1/ip/design_1_axi_vdma_0_0/design_1_axi_vdma_0_0_ooc.xdc] for cell 'U0'
Finished Parsing XDC File [v:/zybo_z7_imx219/zybo_z7_imx219.gen/sources_1/bd/design_1/ip/design_1_axi_vdma_0_0/design_1_axi_vdma_0_0_ooc.xdc] for cell 'U0'
Parsing XDC File [v:/zybo_z7_imx219/zybo_z7_imx219.gen/sources_1/bd/design_1/ip/design_1_axi_vdma_0_0/design_1_axi_vdma_0_0.xdc] for cell 'U0'
get_cells: Time (s): cpu = 00:00:03 ; elapsed = 00:00:06 . Memory (MB): peak = 1767.219 ; gain = 0.000
Finished Parsing XDC File [v:/zybo_z7_imx219/zybo_z7_imx219.gen/sources_1/bd/design_1/ip/design_1_axi_vdma_0_0/design_1_axi_vdma_0_0.xdc] for cell 'U0'
INFO: [Project 1-236] Implementation specific constraints were found while reading constraint file [v:/zybo_z7_imx219/zybo_z7_imx219.gen/sources_1/bd/design_1/ip/design_1_axi_vdma_0_0/design_1_axi_vdma_0_0.xdc]. These constraints will be ignored for synthesis but will be used in implementation. Impacted constraints are listed in the file [.Xil/design_1_axi_vdma_0_0_propImpl.xdc].
Resolution: To avoid this warning, move constraints listed in [.Xil/design_1_axi_vdma_0_0_propImpl.xdc] to another XDC file and exclude this new file from synthesis with the used_in_synthesis property (File Properties dialog in GUI) and re-run elaboration/synthesis.
Parsing XDC File [V:/zybo_z7_imx219/zybo_z7_imx219.runs/design_1_axi_vdma_0_0_synth_1/dont_touch.xdc]
Finished Parsing XDC File [V:/zybo_z7_imx219/zybo_z7_imx219.runs/design_1_axi_vdma_0_0_synth_1/dont_touch.xdc]
Parsing XDC File [v:/zybo_z7_imx219/zybo_z7_imx219.gen/sources_1/bd/design_1/ip/design_1_axi_vdma_0_0/design_1_axi_vdma_0_0_clocks.xdc] for cell 'U0'
Finished Parsing XDC File [v:/zybo_z7_imx219/zybo_z7_imx219.gen/sources_1/bd/design_1/ip/design_1_axi_vdma_0_0/design_1_axi_vdma_0_0_clocks.xdc] for cell 'U0'
INFO: [Project 1-236] Implementation specific constraints were found while reading constraint file [C:/AMDDesignTools/2025.2/Vivado/data/ip/xpm/xpm_cdc/tcl/xpm_cdc_single.tcl]. These constraints will be ignored for synthesis but will be used in implementation. Impacted constraints are listed in the file [.Xil/design_1_axi_vdma_0_0_propImpl.xdc].
Resolution: To avoid this warning, move constraints listed in [.Xil/design_1_axi_vdma_0_0_propImpl.xdc] to another XDC file and exclude this new file from synthesis with the used_in_synthesis property (File Properties dialog in GUI) and re-run elaboration/synthesis.
INFO: [Project 1-236] Implementation specific constraints were found while reading constraint file [C:/AMDDesignTools/2025.2/Vivado/data/ip/xpm/xpm_fifo/tcl/xpm_fifo_rst.tcl]. These constraints will be ignored for synthesis but will be used in implementation. Impacted constraints are listed in the file [.Xil/design_1_axi_vdma_0_0_propImpl.xdc].
Resolution: To avoid this warning, move constraints listed in [.Xil/design_1_axi_vdma_0_0_propImpl.xdc] to another XDC file and exclude this new file from synthesis with the used_in_synthesis property (File Properties dialog in GUI) and re-run elaboration/synthesis.
INFO: [Project 1-1714] 54 XPM XDC files have been applied to the design.
Completed Processing XDC Constraints

Netlist sorting complete. Time (s): cpu = 00:00:00 ; elapsed = 00:00:00.046 . Memory (MB): peak = 1767.219 ; gain = 0.000
INFO: [Project 1-111] Unisim Transformation Summary:
No Unisim elements were transformed.

Constraint Validation Runtime : Time (s): cpu = 00:00:01 ; elapsed = 00:00:00.872 . Memory (MB): peak = 1767.219 ; gain = 0.000
INFO: [Designutils 20-5008] Incremental synthesis strategy off
---------------------------------------------------------------------------------
Finished Constraint Validation : Time (s): cpu = 00:01:51 ; elapsed = 00:03:01 . Memory (MB): peak = 1767.219 ; gain = 926.762
---------------------------------------------------------------------------------
---------------------------------------------------------------------------------
Start Loading Part and Timing Information
---------------------------------------------------------------------------------
Loading part: xc7z020clg400-1
---------------------------------------------------------------------------------
Finished Loading Part and Timing Information : Time (s): cpu = 00:01:51 ; elapsed = 00:03:01 . Memory (MB): peak = 1767.219 ; gain = 926.762
---------------------------------------------------------------------------------
---------------------------------------------------------------------------------
Start Applying 'set_property' XDC Constraints
---------------------------------------------------------------------------------
---------------------------------------------------------------------------------
Finished applying 'set_property' XDC Constraints : Time (s): cpu = 00:01:52 ; elapsed = 00:03:01 . Memory (MB): peak = 1767.219 ; gain = 926.762
---------------------------------------------------------------------------------
INFO: [Synth 8-802] inferred FSM for state register 'state_reg' in module 'axi_vdma_v6_3_24_axis_dwidth_converter_v1_0_axisc_upsizer'
INFO: [Synth 8-802] inferred FSM for state register 'state_reg' in module 'axi_vdma_v6_3_24_axis_dwidth_converter_v1_0_axisc_downsizer'
INFO: [Synth 8-802] inferred FSM for state register 'dmacntrl_cs_reg' in module 'axi_vdma_sm'
INFO: [Synth 8-802] inferred FSM for state register 'state_reg' in module 'axi_vdma_v6_3_24_axis_dwidth_converter_v1_0_axisc_upsizer__parameterized0'
INFO: [Synth 8-802] inferred FSM for state register 'state_reg' in module 'axi_vdma_v6_3_24_axis_dwidth_converter_v1_0_axisc_downsizer__parameterized0'
INFO: [Synth 8-802] inferred FSM for state register 'dmacntrl_cs_reg' in module 'axi_vdma_sm__parameterized0'
INFO: [Synth 8-802] inferred FSM for state register 'sig_pcc_sm_state_reg' in module 'axi_datamover_pcc'
INFO: [Synth 8-802] inferred FSM for state register 'gen_fwft.curr_fwft_state_reg' in module 'xpm_fifo_base'
INFO: [Synth 8-802] inferred FSM for state register 'sig_psm_state_reg' in module 'axi_datamover_ibttcc'
INFO: [Synth 8-802] inferred FSM for state register 'sig_csm_state_reg' in module 'axi_datamover_ibttcc'
INFO: [Synth 8-802] inferred FSM for state register 'sig_cmdcntl_sm_state_reg' in module 'axi_datamover_s2mm_realign'
INFO: [Synth 8-802] inferred FSM for state register 'gen_fwft.curr_fwft_state_reg' in module 'xpm_fifo_base__parameterized0'
INFO: [Synth 8-802] inferred FSM for state register 'gen_fwft.curr_fwft_state_reg' in module 'xpm_fifo_base__parameterized1'
---------------------------------------------------------------------------------------------------
                   State |                     New Encoding |                Previous Encoding 
---------------------------------------------------------------------------------------------------
                SM_RESET |                            10000 |                              000
                 SM_IDLE |                            00001 |                              001
               SM_ACTIVE |                            00100 |                              101
                  SM_END |                            01000 |                              011
        SM_END_TO_ACTIVE |                            00010 |                              010
---------------------------------------------------------------------------------------------------
INFO: [Synth 8-3354] encoded FSM with state register 'state_reg' using encoding 'one-hot' in module 'axi_vdma_v6_3_24_axis_dwidth_converter_v1_0_axisc_upsizer'
---------------------------------------------------------------------------------------------------
                   State |                     New Encoding |                Previous Encoding 
---------------------------------------------------------------------------------------------------
                SM_RESET |                            10000 |                              000
                 SM_IDLE |                            00001 |                              001
               SM_ACTIVE |                            00100 |                              010
                  SM_END |                            01000 |                              011
        SM_END_TO_ACTIVE |                            00010 |                              110
---------------------------------------------------------------------------------------------------
INFO: [Synth 8-3354] encoded FSM with state register 'state_reg' using encoding 'one-hot' in module 'axi_vdma_v6_3_24_axis_dwidth_converter_v1_0_axisc_downsizer'
---------------------------------------------------------------------------------------------------
                   State |                     New Encoding |                Previous Encoding 
---------------------------------------------------------------------------------------------------
                    idle |                              000 |                              000
              wait_pipe1 |                              001 |                              001
              wait_pipe2 |                              010 |                              010
            execute_xfer |                              011 |                              100
              check_done |                              100 |                              101
           calc_cmd_addr |                              101 |                              011
---------------------------------------------------------------------------------------------------
INFO: [Synth 8-3354] encoded FSM with state register 'dmacntrl_cs_reg' using encoding 'sequential' in module 'axi_vdma_sm'
---------------------------------------------------------------------------------------------------
                   State |                     New Encoding |                Previous Encoding 
---------------------------------------------------------------------------------------------------
                SM_RESET |                            10000 |                              000
                 SM_IDLE |                            00001 |                              001
               SM_ACTIVE |                            00100 |                              101
                  SM_END |                            01000 |                              011
        SM_END_TO_ACTIVE |                            00010 |                              010
---------------------------------------------------------------------------------------------------
INFO: [Synth 8-3354] encoded FSM with state register 'state_reg' using encoding 'one-hot' in module 'axi_vdma_v6_3_24_axis_dwidth_converter_v1_0_axisc_upsizer__parameterized0'
---------------------------------------------------------------------------------------------------
                   State |                     New Encoding |                Previous Encoding 
---------------------------------------------------------------------------------------------------
                SM_RESET |                            10000 |                              000
                 SM_IDLE |                            00001 |                              001
               SM_ACTIVE |                            00100 |                              010
                  SM_END |                            01000 |                              011
        SM_END_TO_ACTIVE |                            00010 |                              110
---------------------------------------------------------------------------------------------------
INFO: [Synth 8-3354] encoded FSM with state register 'state_reg' using encoding 'one-hot' in module 'axi_vdma_v6_3_24_axis_dwidth_converter_v1_0_axisc_downsizer__parameterized0'
---------------------------------------------------------------------------------------------------
                   State |                     New Encoding |                Previous Encoding 
---------------------------------------------------------------------------------------------------
                    idle |                              000 |                              000
              wait_pipe1 |                              001 |                              001
              wait_pipe2 |                              010 |                              010
            execute_xfer |                              011 |                              100
              check_done |                              100 |                              101
           calc_cmd_addr |                              101 |                              011
---------------------------------------------------------------------------------------------------
INFO: [Synth 8-3354] encoded FSM with state register 'dmacntrl_cs_reg' using encoding 'sequential' in module 'axi_vdma_sm__parameterized0'
---------------------------------------------------------------------------------------------------
                   State |                     New Encoding |                Previous Encoding 
---------------------------------------------------------------------------------------------------
                    init |                         00000001 |                              000
            wait_for_cmd |                         00000010 |                              001
                  calc_1 |                         00000100 |                              010
                  calc_2 |                         00001000 |                              011
                  calc_3 |                         00010000 |                              100
       wait_on_xfer_push |                         00100000 |                              101
             chk_if_done |                         01000000 |                              110
              error_trap |                         10000000 |                              111
---------------------------------------------------------------------------------------------------
INFO: [Synth 8-3354] encoded FSM with state register 'sig_pcc_sm_state_reg' using encoding 'one-hot' in module 'axi_datamover_pcc'
INFO: [Synth 8-5775] Found 'rw_addr_collision' attribute set to 'no' on SDP RAM gen_wr_a.gen_word_narrow.mem_reg. Setting write mode to NO_CHANGE 
---------------------------------------------------------------------------------------------------
                   State |                     New Encoding |                Previous Encoding 
---------------------------------------------------------------------------------------------------
                 invalid |                               00 |                               00
            stage1_valid |                               01 |                               10
       both_stages_valid |                               10 |                               11
            stage2_valid |                               11 |                               01
---------------------------------------------------------------------------------------------------
INFO: [Synth 8-3354] encoded FSM with state register 'gen_fwft.curr_fwft_state_reg' using encoding 'sequential' in module 'xpm_fifo_base'
---------------------------------------------------------------------------------------------------
                   State |                     New Encoding |                Previous Encoding 
---------------------------------------------------------------------------------------------------
                 ch_init |                          0000001 |                              000
           wait_for_pcmd |                          0000010 |                              001
          ch_error_trap1 |                          0000100 |                              101
          ch_error_trap2 |                          0001000 |                              110
      ch_wait_for_sf_cmd |                          0010000 |                              010
         ch_ld_child_cmd |                          0100000 |                              011
          ch_chk_if_done |                          1000000 |                              100
---------------------------------------------------------------------------------------------------
INFO: [Synth 8-3354] encoded FSM with state register 'sig_csm_state_reg' using encoding 'one-hot' in module 'axi_datamover_ibttcc'
---------------------------------------------------------------------------------------------------
                   State |                     New Encoding |                Previous Encoding 
---------------------------------------------------------------------------------------------------
                  p_init |                              000 |                              000
          p_wait_for_cmd |                              001 |                              001
          p_ld_first_cmd |                              010 |                              010
          p_ld_child_cmd |                              011 |                              011
            p_error_trap |                              100 |                              111
           p_ld_last_cmd |                              101 |                              100
---------------------------------------------------------------------------------------------------
INFO: [Synth 8-3354] encoded FSM with state register 'sig_psm_state_reg' using encoding 'sequential' in module 'axi_datamover_ibttcc'
---------------------------------------------------------------------------------------------------
                   State |                     New Encoding |                Previous Encoding 
---------------------------------------------------------------------------------------------------
                    init |                              000 |                              000
    ld_dre_scatter_first |                              001 |                              001
           chk_pop_first |                              010 |                              010
   ld_dre_scatter_second |                              011 |                              011
              error_trap |                              100 |                              101
          chk_pop_second |                              101 |                              100
---------------------------------------------------------------------------------------------------
INFO: [Synth 8-3354] encoded FSM with state register 'sig_cmdcntl_sm_state_reg' using encoding 'sequential' in module 'axi_datamover_s2mm_realign'
---------------------------------------------------------------------------------------------------
                   State |                     New Encoding |                Previous Encoding 
---------------------------------------------------------------------------------------------------
                 invalid |                               00 |                               00
            stage1_valid |                               01 |                               10
       both_stages_valid |                               10 |                               11
            stage2_valid |                               11 |                               01
---------------------------------------------------------------------------------------------------
INFO: [Synth 8-3354] encoded FSM with state register 'gen_fwft.curr_fwft_state_reg' using encoding 'sequential' in module 'xpm_fifo_base__parameterized0'
INFO: [Synth 8-5775] Found 'rw_addr_collision' attribute set to 'no' on SDP RAM gen_wr_a.gen_word_narrow.mem_reg. Setting write mode to NO_CHANGE 
---------------------------------------------------------------------------------------------------
                   State |                     New Encoding |                Previous Encoding 
---------------------------------------------------------------------------------------------------
                 invalid |                               00 |                               00
            stage1_valid |                               01 |                               10
       both_stages_valid |                               10 |                               11
            stage2_valid |                               11 |                               01
---------------------------------------------------------------------------------------------------
INFO: [Synth 8-3354] encoded FSM with state register 'gen_fwft.curr_fwft_state_reg' using encoding 'sequential' in module 'xpm_fifo_base__parameterized1'
---------------------------------------------------------------------------------
Finished RTL Optimization Phase 2 : Time (s): cpu = 00:02:03 ; elapsed = 00:03:16 . Memory (MB): peak = 1767.219 ; gain = 926.762
---------------------------------------------------------------------------------
---------------------------------------------------------------------------------
Start RTL Component Statistics 
---------------------------------------------------------------------------------
---------------------------------------------------------------------------------
Finished RTL Component Statistics 
---------------------------------------------------------------------------------
---------------------------------------------------------------------------------
Start Part Resource Summary
---------------------------------------------------------------------------------
Part Resources:
DSPs: 220 (col length:60)
BRAMs: 280 (col length: RAMB18 60 RAMB36 30)
---------------------------------------------------------------------------------
Finished Part Resource Summary
---------------------------------------------------------------------------------
---------------------------------------------------------------------------------
Start Cross Boundary and Area Optimization
---------------------------------------------------------------------------------
INFO: [Synth 8-5775] Found 'rw_addr_collision' attribute set to 'no' on SDP RAM gen_wr_a.gen_word_narrow.mem_reg. Setting write mode to NO_CHANGE 
INFO: [Synth 8-5775] Found 'rw_addr_collision' attribute set to 'no' on SDP RAM gen_wr_a.gen_word_narrow.mem_reg. Setting write mode to NO_CHANGE 
INFO: [Synth 8-5775] Found 'rw_addr_collision' attribute set to 'no' on SDP RAM gen_wr_a.gen_word_narrow.mem_reg. Setting write mode to NO_CHANGE 
INFO: [Synth 8-5775] Found 'rw_addr_collision' attribute set to 'no' on SDP RAM gen_wr_a.gen_word_narrow.mem_reg. Setting write mode to NO_CHANGE 
INFO: [Synth 8-5784] Optimized 1 bits of RAM "gen_wr_a.gen_word_narrow.mem_reg" due to constant propagation. Old ram width 75 bits, new ram width 74 bits.
INFO: [Synth 8-5775] Found 'rw_addr_collision' attribute set to 'no' on SDP RAM gen_wr_a.gen_word_narrow.mem_reg. Setting write mode to NO_CHANGE 
INFO: [Synth 8-5775] Found 'rw_addr_collision' attribute set to 'no' on SDP RAM gen_wr_a.gen_word_narrow.mem_reg. Setting write mode to NO_CHANGE 
INFO: [Synth 8-5775] Found 'rw_addr_collision' attribute set to 'no' on SDP RAM gen_wr_a.gen_word_narrow.mem_reg. Setting write mode to NO_CHANGE 
INFO: [Synth 8-5775] Found 'rw_addr_collision' attribute set to 'no' on SDP RAM gen_wr_a.gen_word_narrow.mem_reg. Setting write mode to NO_CHANGE 
INFO: [Synth 8-5775] Found 'rw_addr_collision' attribute set to 'no' on SDP RAM gen_wr_a.gen_word_narrow.mem_reg. Setting write mode to NO_CHANGE 
INFO: [Synth 8-5775] Found 'rw_addr_collision' attribute set to 'no' on SDP RAM gen_wr_a.gen_word_narrow.mem_reg. Setting write mode to NO_CHANGE 
INFO: [Synth 8-5775] Found 'rw_addr_collision' attribute set to 'no' on SDP RAM gen_wr_a.gen_word_narrow.mem_reg. Setting write mode to NO_CHANGE 
INFO: [Synth 8-5775] Found 'rw_addr_collision' attribute set to 'no' on SDP RAM gen_wr_a.gen_word_narrow.mem_reg. Setting write mode to NO_CHANGE 
INFO: [Synth 8-5775] Found 'rw_addr_collision' attribute set to 'no' on SDP RAM gen_wr_a.gen_word_narrow.mem_reg. Setting write mode to NO_CHANGE 
INFO: [Synth 8-5775] Found 'rw_addr_collision' attribute set to 'no' on SDP RAM gen_wr_a.gen_word_narrow.mem_reg. Setting write mode to NO_CHANGE 
INFO: [Synth 8-5775] Found 'rw_addr_collision' attribute set to 'no' on SDP RAM gen_wr_a.gen_word_narrow.mem_reg. Setting write mode to NO_CHANGE 
INFO: [Synth 8-5775] Found 'rw_addr_collision' attribute set to 'no' on SDP RAM gen_wr_a.gen_word_narrow.mem_reg. Setting write mode to NO_CHANGE 
INFO: [Synth 8-5775] Found 'rw_addr_collision' attribute set to 'no' on SDP RAM gen_wr_a.gen_word_narrow.mem_reg. Setting write mode to NO_CHANGE 
INFO: [Synth 8-3332] Sequential element (GEN_S2MM_FULL.I_S2MM_FULL_WRAPPER/GEN_INCLUDE_IBTTCC.I_S2MM_MSTR_IBTTCC/FSM_onehot_sig_csm_state_reg[3]) is unused and will be removed from module axi_datamover.
---------------------------------------------------------------------------------
Finished Cross Boundary and Area Optimization : Time (s): cpu = 00:02:56 ; elapsed = 00:04:19 . Memory (MB): peak = 1767.219 ; gain = 926.762
---------------------------------------------------------------------------------
INFO: [Synth 8-5775] Found 'rw_addr_collision' attribute set to 'no' on SDP RAM gen_wr_a.gen_word_narrow.mem_reg. Setting write mode to NO_CHANGE 
INFO: [Synth 8-5775] Found 'rw_addr_collision' attribute set to 'no' on SDP RAM gen_wr_a.gen_word_narrow.mem_reg. Setting write mode to NO_CHANGE 
INFO: [Synth 8-5775] Found 'rw_addr_collision' attribute set to 'no' on SDP RAM gen_wr_a.gen_word_narrow.mem_reg. Setting write mode to NO_CHANGE 
INFO: [Synth 8-5775] Found 'rw_addr_collision' attribute set to 'no' on SDP RAM gen_wr_a.gen_word_narrow.mem_reg. Setting write mode to NO_CHANGE 
INFO: [Synth 8-5775] Found 'rw_addr_collision' attribute set to 'no' on SDP RAM gen_wr_a.gen_word_narrow.mem_reg. Setting write mode to NO_CHANGE 
---------------------------------------------------------------------------------
Start Applying XDC Timing Constraints
---------------------------------------------------------------------------------
---------------------------------------------------------------------------------
Finished Applying XDC Timing Constraints : Time (s): cpu = 00:03:14 ; elapsed = 00:04:38 . Memory (MB): peak = 1806.586 ; gain = 966.129
---------------------------------------------------------------------------------
---------------------------------------------------------------------------------
Start Timing Optimization
---------------------------------------------------------------------------------
INFO: [Synth 8-5775] Found 'rw_addr_collision' attribute set to 'no' on SDP RAM gen_wr_a.gen_word_narrow.mem_reg. Setting write mode to NO_CHANGE 
INFO: [Synth 8-5775] Found 'rw_addr_collision' attribute set to 'no' on SDP RAM gen_wr_a.gen_word_narrow.mem_reg. Setting write mode to NO_CHANGE 
INFO: [Synth 8-5775] Found 'rw_addr_collision' attribute set to 'no' on SDP RAM gen_wr_a.gen_word_narrow.mem_reg. Setting write mode to NO_CHANGE 
INFO: [Synth 8-5775] Found 'rw_addr_collision' attribute set to 'no' on SDP RAM gen_wr_a.gen_word_narrow.mem_reg. Setting write mode to NO_CHANGE 
INFO: [Synth 8-5775] Found 'rw_addr_collision' attribute set to 'no' on SDP RAM gen_wr_a.gen_word_narrow.mem_reg. Setting write mode to NO_CHANGE 
---------------------------------------------------------------------------------
Finished Timing Optimization : Time (s): cpu = 00:03:19 ; elapsed = 00:04:44 . Memory (MB): peak = 1838.934 ; gain = 998.477
---------------------------------------------------------------------------------
---------------------------------------------------------------------------------
Start Technology Mapping
---------------------------------------------------------------------------------
---------------------------------------------------------------------------------
Finished Technology Mapping : Time (s): cpu = 00:03:28 ; elapsed = 00:04:54 . Memory (MB): peak = 1865.172 ; gain = 1024.715
---------------------------------------------------------------------------------
---------------------------------------------------------------------------------
Start IO Insertion
---------------------------------------------------------------------------------
---------------------------------------------------------------------------------
Start Flattening Before IO Insertion
---------------------------------------------------------------------------------
---------------------------------------------------------------------------------
Finished Flattening Before IO Insertion
---------------------------------------------------------------------------------
---------------------------------------------------------------------------------
Start Final Netlist Cleanup
---------------------------------------------------------------------------------
---------------------------------------------------------------------------------
Finished Final Netlist Cleanup
---------------------------------------------------------------------------------
---------------------------------------------------------------------------------
Finished IO Insertion : Time (s): cpu = 00:03:40 ; elapsed = 00:05:07 . Memory (MB): peak = 2072.117 ; gain = 1231.660
---------------------------------------------------------------------------------
---------------------------------------------------------------------------------
Start Renaming Generated Instances
---------------------------------------------------------------------------------
---------------------------------------------------------------------------------
Finished Renaming Generated Instances : Time (s): cpu = 00:03:40 ; elapsed = 00:05:07 . Memory (MB): peak = 2072.117 ; gain = 1231.660
---------------------------------------------------------------------------------
---------------------------------------------------------------------------------
Start Rebuilding User Hierarchy
---------------------------------------------------------------------------------
---------------------------------------------------------------------------------
Finished Rebuilding User Hierarchy : Time (s): cpu = 00:03:42 ; elapsed = 00:05:09 . Memory (MB): peak = 2072.117 ; gain = 1231.660
---------------------------------------------------------------------------------
---------------------------------------------------------------------------------
Start Renaming Generated Ports
---------------------------------------------------------------------------------
---------------------------------------------------------------------------------
Finished Renaming Generated Ports : Time (s): cpu = 00:03:42 ; elapsed = 00:05:10 . Memory (MB): peak = 2072.117 ; gain = 1231.660
---------------------------------------------------------------------------------
---------------------------------------------------------------------------------
Start Handling Custom Attributes
---------------------------------------------------------------------------------
---------------------------------------------------------------------------------
Finished Handling Custom Attributes : Time (s): cpu = 00:03:43 ; elapsed = 00:05:10 . Memory (MB): peak = 2072.117 ; gain = 1231.660
---------------------------------------------------------------------------------
---------------------------------------------------------------------------------
Start Renaming Generated Nets
---------------------------------------------------------------------------------
---------------------------------------------------------------------------------
Finished Renaming Generated Nets : Time (s): cpu = 00:03:43 ; elapsed = 00:05:10 . Memory (MB): peak = 2072.117 ; gain = 1231.660
---------------------------------------------------------------------------------
---------------------------------------------------------------------------------
Start Writing Synthesis Report
---------------------------------------------------------------------------------

Report BlackBoxes: 
+-+--------------+----------+
| |BlackBox name |Instances |
+-+--------------+----------+
+-+--------------+----------+

Report Cell Usage: 
+------+---------+------+
|      |Cell     |Count |
+------+---------+------+
|1     |CARRY4   |    95|
|2     |FIFO36E1 |    10|
|3     |LUT1     |   243|
|4     |LUT2     |   422|
|5     |LUT3     |   599|
|6     |LUT4     |   495|
|7     |LUT5     |   505|
|8     |LUT6     |   839|
|9     |MUXF7    |     5|
|10    |RAM32M   |     2|
|11    |RAMB18E1 |     2|
|12    |RAMB36E1 |     2|
|13    |SRL16E   |   298|
|14    |FDPE     |    10|
|15    |FDRE     |  4565|
|16    |FDSE     |   120|
+------+---------+------+
---------------------------------------------------------------------------------
Finished Writing Synthesis Report : Time (s): cpu = 00:03:43 ; elapsed = 00:05:10 . Memory (MB): peak = 2072.117 ; gain = 1231.660
---------------------------------------------------------------------------------
Synthesis finished with 0 errors, 0 critical warnings and 0 warnings.
Synthesis Optimization Runtime : Time (s): cpu = 00:02:12 ; elapsed = 00:04:25 . Memory (MB): peak = 2072.117 ; gain = 1231.660
Synthesis Optimization Complete : Time (s): cpu = 00:03:43 ; elapsed = 00:05:11 . Memory (MB): peak = 2072.117 ; gain = 1231.660
INFO: [Project 1-571] Translating synthesized netlist
Netlist sorting complete. Time (s): cpu = 00:00:00 ; elapsed = 00:00:00.550 . Memory (MB): peak = 2079.746 ; gain = 0.000
INFO: [Netlist 29-17] Analyzing 116 Unisim elements for replacement
INFO: [Netlist 29-28] Unisim Transformation completed in 1 CPU seconds
INFO: [Project 1-570] Preparing netlist for logic optimization
INFO: [Opt 31-138] Pushed 0 inverter(s) to 0 load pin(s).
Netlist sorting complete. Time (s): cpu = 00:00:00 ; elapsed = 00:00:00.008 . Memory (MB): peak = 2087.418 ; gain = 0.000
INFO: [Project 1-111] Unisim Transformation Summary:
  A total of 2 instances were transformed.
  RAM32M => RAM32M (RAMD32(x6), RAMS32(x2)): 2 instances

Synth Design complete | Checksum: 1ca5d80d
INFO: [Common 17-83] Releasing license: Synthesis
537 Infos, 14 Warnings, 0 Critical Warnings and 0 Errors encountered.
synth_design completed successfully
synth_design: Time (s): cpu = 00:04:02 ; elapsed = 00:05:42 . Memory (MB): peak = 2087.418 ; gain = 1468.215
Write ShapeDB Complete: Time (s): cpu = 00:00:00 ; elapsed = 00:00:00.033 . Memory (MB): peak = 2087.418 ; gain = 0.000
INFO: [Common 17-1381] The checkpoint 'V:/zybo_z7_imx219/zybo_z7_imx219.runs/design_1_axi_vdma_0_0_synth_1/design_1_axi_vdma_0_0.dcp' has been generated.
INFO: [Coretcl 2-1648] Added synthesis output to IP cache for IP design_1_axi_vdma_0_0, cache-ID = 0560a2d7c0e82a6e
INFO: [Coretcl 2-1174] Renamed 244 cell refs.
Write ShapeDB Complete: Time (s): cpu = 00:00:00 ; elapsed = 00:00:00.031 . Memory (MB): peak = 2087.418 ; gain = 0.000
INFO: [Common 17-1381] The checkpoint 'V:/zybo_z7_imx219/zybo_z7_imx219.runs/design_1_axi_vdma_0_0_synth_1/design_1_axi_vdma_0_0.dcp' has been generated.
INFO: [Vivado 12-24828] Executing command : report_utilization -file design_1_axi_vdma_0_0_utilization_synth.rpt -pb design_1_axi_vdma_0_0_utilization_synth.pb
INFO: [Common 17-206] Exiting Vivado at Sun Sep 13 18:46:38 2026...
