Execute       source -notrace -encoding utf-8 C:/AMDDesignTools/2025.2/Vitis/tps/tcl/tcl8.6/clock.tcl 
Execute         source -encoding utf-8 C:/AMDDesignTools/2025.2/Vitis/tps/tcl/tcl8/8.5/msgcat-1.6.1.tm 
Execute         source C:/AMDDesignTools/2025.2/Vitis/tps/tcl/tcllib2.0/0compatibility/pkgIndex.tcl 
Execute         source C:/AMDDesignTools/2025.2/Vitis/tps/tcl/tcllib2.0/amazon-s3/pkgIndex.tcl 
Execute         source C:/AMDDesignTools/2025.2/Vitis/tps/tcl/tcllib2.0/asn/pkgIndex.tcl 
Execute         source C:/AMDDesignTools/2025.2/Vitis/tps/tcl/tcllib2.0/base32/pkgIndex.tcl 
Execute         source C:/AMDDesignTools/2025.2/Vitis/tps/tcl/tcllib2.0/base64/pkgIndex.tcl 
Execute         source C:/AMDDesignTools/2025.2/Vitis/tps/tcl/tcllib2.0/bee/pkgIndex.tcl 
Execute         source C:/AMDDesignTools/2025.2/Vitis/tps/tcl/tcllib2.0/bench/pkgIndex.tcl 
Execute         source C:/AMDDesignTools/2025.2/Vitis/tps/tcl/tcllib2.0/bibtex/pkgIndex.tcl 
Execute         source C:/AMDDesignTools/2025.2/Vitis/tps/tcl/tcllib2.0/cache/pkgIndex.tcl 
Execute         source C:/AMDDesignTools/2025.2/Vitis/tps/tcl/tcllib2.0/clay/pkgIndex.tcl 
Execute         source C:/AMDDesignTools/2025.2/Vitis/tps/tcl/tcllib2.0/clock/pkgIndex.tcl 
Execute         source C:/AMDDesignTools/2025.2/Vitis/tps/tcl/tcllib2.0/cmdline/pkgIndex.tcl 
Execute         source C:/AMDDesignTools/2025.2/Vitis/tps/tcl/tcllib2.0/comm/pkgIndex.tcl 
Execute         source C:/AMDDesignTools/2025.2/Vitis/tps/tcl/tcllib2.0/control/pkgIndex.tcl 
Execute         source C:/AMDDesignTools/2025.2/Vitis/tps/tcl/tcllib2.0/coroutine/pkgIndex.tcl 
Execute         source C:/AMDDesignTools/2025.2/Vitis/tps/tcl/tcllib2.0/counter/pkgIndex.tcl 
Execute         source C:/AMDDesignTools/2025.2/Vitis/tps/tcl/tcllib2.0/crc/pkgIndex.tcl 
Execute         source C:/AMDDesignTools/2025.2/Vitis/tps/tcl/tcllib2.0/cron/pkgIndex.tcl 
Execute         source C:/AMDDesignTools/2025.2/Vitis/tps/tcl/tcllib2.0/csv/pkgIndex.tcl 
Execute         source C:/AMDDesignTools/2025.2/Vitis/tps/tcl/tcllib2.0/debug/pkgIndex.tcl 
Execute         source C:/AMDDesignTools/2025.2/Vitis/tps/tcl/tcllib2.0/defer/pkgIndex.tcl 
Execute         source C:/AMDDesignTools/2025.2/Vitis/tps/tcl/tcllib2.0/dicttool/pkgIndex.tcl 
Execute         source C:/AMDDesignTools/2025.2/Vitis/tps/tcl/tcllib2.0/dns/pkgIndex.tcl 
Execute         source C:/AMDDesignTools/2025.2/Vitis/tps/tcl/tcllib2.0/docstrip/pkgIndex.tcl 
Execute         source C:/AMDDesignTools/2025.2/Vitis/tps/tcl/tcllib2.0/doctools/pkgIndex.tcl 
Execute         source C:/AMDDesignTools/2025.2/Vitis/tps/tcl/tcllib2.0/doctools2base/pkgIndex.tcl 
Execute         source C:/AMDDesignTools/2025.2/Vitis/tps/tcl/tcllib2.0/doctools2idx/pkgIndex.tcl 
Execute         source C:/AMDDesignTools/2025.2/Vitis/tps/tcl/tcllib2.0/doctools2toc/pkgIndex.tcl 
Execute         source C:/AMDDesignTools/2025.2/Vitis/tps/tcl/tcllib2.0/dtplite/pkgIndex.tcl 
Execute         source C:/AMDDesignTools/2025.2/Vitis/tps/tcl/tcllib2.0/fileutil/pkgIndex.tcl 
Execute         source C:/AMDDesignTools/2025.2/Vitis/tps/tcl/tcllib2.0/ftp/pkgIndex.tcl 
Execute         source C:/AMDDesignTools/2025.2/Vitis/tps/tcl/tcllib2.0/ftpd/pkgIndex.tcl 
Execute         source C:/AMDDesignTools/2025.2/Vitis/tps/tcl/tcllib2.0/fumagic/pkgIndex.tcl 
Execute         source C:/AMDDesignTools/2025.2/Vitis/tps/tcl/tcllib2.0/generator/pkgIndex.tcl 
Execute         source C:/AMDDesignTools/2025.2/Vitis/tps/tcl/tcllib2.0/gpx/pkgIndex.tcl 
Execute         source C:/AMDDesignTools/2025.2/Vitis/tps/tcl/tcllib2.0/grammar_aycock/pkgIndex.tcl 
Execute         source C:/AMDDesignTools/2025.2/Vitis/tps/tcl/tcllib2.0/grammar_fa/pkgIndex.tcl 
Execute         source C:/AMDDesignTools/2025.2/Vitis/tps/tcl/tcllib2.0/grammar_me/pkgIndex.tcl 
Execute         source C:/AMDDesignTools/2025.2/Vitis/tps/tcl/tcllib2.0/grammar_peg/pkgIndex.tcl 
Execute         source C:/AMDDesignTools/2025.2/Vitis/tps/tcl/tcllib2.0/hook/pkgIndex.tcl 
Execute         source C:/AMDDesignTools/2025.2/Vitis/tps/tcl/tcllib2.0/html/pkgIndex.tcl 
Execute         source C:/AMDDesignTools/2025.2/Vitis/tps/tcl/tcllib2.0/htmlparse/pkgIndex.tcl 
Execute         source C:/AMDDesignTools/2025.2/Vitis/tps/tcl/tcllib2.0/http/pkgIndex.tcl 
Execute         source C:/AMDDesignTools/2025.2/Vitis/tps/tcl/tcllib2.0/httpd/pkgIndex.tcl 
Execute         source C:/AMDDesignTools/2025.2/Vitis/tps/tcl/tcllib2.0/httpwget/pkgIndex.tcl 
Execute         source C:/AMDDesignTools/2025.2/Vitis/tps/tcl/tcllib2.0/ident/pkgIndex.tcl 
Execute         source C:/AMDDesignTools/2025.2/Vitis/tps/tcl/tcllib2.0/imap4/pkgIndex.tcl 
Execute         source C:/AMDDesignTools/2025.2/Vitis/tps/tcl/tcllib2.0/inifile/pkgIndex.tcl 
Execute         source C:/AMDDesignTools/2025.2/Vitis/tps/tcl/tcllib2.0/interp/pkgIndex.tcl 
Execute         source C:/AMDDesignTools/2025.2/Vitis/tps/tcl/tcllib2.0/irc/pkgIndex.tcl 
Execute         source C:/AMDDesignTools/2025.2/Vitis/tps/tcl/tcllib2.0/javascript/pkgIndex.tcl 
Execute         source C:/AMDDesignTools/2025.2/Vitis/tps/tcl/tcllib2.0/jpeg/pkgIndex.tcl 
Execute         source C:/AMDDesignTools/2025.2/Vitis/tps/tcl/tcllib2.0/json/pkgIndex.tcl 
Execute         source C:/AMDDesignTools/2025.2/Vitis/tps/tcl/tcllib2.0/lambda/pkgIndex.tcl 
Execute         source C:/AMDDesignTools/2025.2/Vitis/tps/tcl/tcllib2.0/lazyset/pkgIndex.tcl 
Execute         source C:/AMDDesignTools/2025.2/Vitis/tps/tcl/tcllib2.0/ldap/pkgIndex.tcl 
Execute         source C:/AMDDesignTools/2025.2/Vitis/tps/tcl/tcllib2.0/log/pkgIndex.tcl 
Execute         source C:/AMDDesignTools/2025.2/Vitis/tps/tcl/tcllib2.0/map/pkgIndex.tcl 
Execute         source C:/AMDDesignTools/2025.2/Vitis/tps/tcl/tcllib2.0/mapproj/pkgIndex.tcl 
Execute         source C:/AMDDesignTools/2025.2/Vitis/tps/tcl/tcllib2.0/markdown/pkgIndex.tcl 
Execute         source C:/AMDDesignTools/2025.2/Vitis/tps/tcl/tcllib2.0/math/pkgIndex.tcl 
Execute         source C:/AMDDesignTools/2025.2/Vitis/tps/tcl/tcllib2.0/md4/pkgIndex.tcl 
Execute         source C:/AMDDesignTools/2025.2/Vitis/tps/tcl/tcllib2.0/md5/pkgIndex.tcl 
Execute         source C:/AMDDesignTools/2025.2/Vitis/tps/tcl/tcllib2.0/md5crypt/pkgIndex.tcl 
Execute         source C:/AMDDesignTools/2025.2/Vitis/tps/tcl/tcllib2.0/mime/pkgIndex.tcl 
Execute         source C:/AMDDesignTools/2025.2/Vitis/tps/tcl/tcllib2.0/mkdoc/pkgIndex.tcl 
Execute         source C:/AMDDesignTools/2025.2/Vitis/tps/tcl/tcllib2.0/multiplexer/pkgIndex.tcl 
Execute         source C:/AMDDesignTools/2025.2/Vitis/tps/tcl/tcllib2.0/namespacex/pkgIndex.tcl 
Execute         source C:/AMDDesignTools/2025.2/Vitis/tps/tcl/tcllib2.0/ncgi/pkgIndex.tcl 
Execute         source C:/AMDDesignTools/2025.2/Vitis/tps/tcl/tcllib2.0/nettool/pkgIndex.tcl 
Execute         source C:/AMDDesignTools/2025.2/Vitis/tps/tcl/tcllib2.0/nmea/pkgIndex.tcl 
Execute         source C:/AMDDesignTools/2025.2/Vitis/tps/tcl/tcllib2.0/nns/pkgIndex.tcl 
Execute         source C:/AMDDesignTools/2025.2/Vitis/tps/tcl/tcllib2.0/nntp/pkgIndex.tcl 
Execute         source C:/AMDDesignTools/2025.2/Vitis/tps/tcl/tcllib2.0/ntp/pkgIndex.tcl 
Execute         source C:/AMDDesignTools/2025.2/Vitis/tps/tcl/tcllib2.0/oauth/pkgIndex.tcl 
Execute         source C:/AMDDesignTools/2025.2/Vitis/tps/tcl/tcllib2.0/oodialect/pkgIndex.tcl 
Execute         source C:/AMDDesignTools/2025.2/Vitis/tps/tcl/tcllib2.0/oometa/pkgIndex.tcl 
Execute         source C:/AMDDesignTools/2025.2/Vitis/tps/tcl/tcllib2.0/ooutil/pkgIndex.tcl 
Execute         source C:/AMDDesignTools/2025.2/Vitis/tps/tcl/tcllib2.0/otp/pkgIndex.tcl 
Execute         source C:/AMDDesignTools/2025.2/Vitis/tps/tcl/tcllib2.0/page/pkgIndex.tcl 
Execute         source C:/AMDDesignTools/2025.2/Vitis/tps/tcl/tcllib2.0/pluginmgr/pkgIndex.tcl 
Execute         source C:/AMDDesignTools/2025.2/Vitis/tps/tcl/tcllib2.0/png/pkgIndex.tcl 
Execute         source C:/AMDDesignTools/2025.2/Vitis/tps/tcl/tcllib2.0/pop3/pkgIndex.tcl 
Execute         source C:/AMDDesignTools/2025.2/Vitis/tps/tcl/tcllib2.0/pop3d/pkgIndex.tcl 
Execute         source C:/AMDDesignTools/2025.2/Vitis/tps/tcl/tcllib2.0/practcl/pkgIndex.tcl 
Execute         source C:/AMDDesignTools/2025.2/Vitis/tps/tcl/tcllib2.0/processman/pkgIndex.tcl 
Execute         source C:/AMDDesignTools/2025.2/Vitis/tps/tcl/tcllib2.0/profiler/pkgIndex.tcl 
Execute         source C:/AMDDesignTools/2025.2/Vitis/tps/tcl/tcllib2.0/pt/pkgIndex.tcl 
Execute         source C:/AMDDesignTools/2025.2/Vitis/tps/tcl/tcllib2.0/rcs/pkgIndex.tcl 
Execute         source C:/AMDDesignTools/2025.2/Vitis/tps/tcl/tcllib2.0/report/pkgIndex.tcl 
Execute         source C:/AMDDesignTools/2025.2/Vitis/tps/tcl/tcllib2.0/rest/pkgIndex.tcl 
Execute         source C:/AMDDesignTools/2025.2/Vitis/tps/tcl/tcllib2.0/ripemd/pkgIndex.tcl 
Execute         source C:/AMDDesignTools/2025.2/Vitis/tps/tcl/tcllib2.0/sasl/pkgIndex.tcl 
Execute         source C:/AMDDesignTools/2025.2/Vitis/tps/tcl/tcllib2.0/sha1/pkgIndex.tcl 
Execute         source C:/AMDDesignTools/2025.2/Vitis/tps/tcl/tcllib2.0/simulation/pkgIndex.tcl 
Execute         source C:/AMDDesignTools/2025.2/Vitis/tps/tcl/tcllib2.0/smtpd/pkgIndex.tcl 
Execute         source C:/AMDDesignTools/2025.2/Vitis/tps/tcl/tcllib2.0/snit/pkgIndex.tcl 
Execute         source C:/AMDDesignTools/2025.2/Vitis/tps/tcl/tcllib2.0/soundex/pkgIndex.tcl 
Execute         source C:/AMDDesignTools/2025.2/Vitis/tps/tcl/tcllib2.0/stooop/pkgIndex.tcl 
Execute         source C:/AMDDesignTools/2025.2/Vitis/tps/tcl/tcllib2.0/string/pkgIndex.tcl 
Execute         source C:/AMDDesignTools/2025.2/Vitis/tps/tcl/tcllib2.0/stringprep/pkgIndex.tcl 
Execute         source C:/AMDDesignTools/2025.2/Vitis/tps/tcl/tcllib2.0/struct/pkgIndex.tcl 
Execute         source C:/AMDDesignTools/2025.2/Vitis/tps/tcl/tcllib2.0/tar/pkgIndex.tcl 
Execute         source C:/AMDDesignTools/2025.2/Vitis/tps/tcl/tcllib2.0/tepam/pkgIndex.tcl 
Execute         source C:/AMDDesignTools/2025.2/Vitis/tps/tcl/tcllib2.0/term/pkgIndex.tcl 
Execute         source C:/AMDDesignTools/2025.2/Vitis/tps/tcl/tcllib2.0/textutil/pkgIndex.tcl 
Execute         source C:/AMDDesignTools/2025.2/Vitis/tps/tcl/tcllib2.0/tie/pkgIndex.tcl 
Execute         source C:/AMDDesignTools/2025.2/Vitis/tps/tcl/tcllib2.0/tiff/pkgIndex.tcl 
Execute         source C:/AMDDesignTools/2025.2/Vitis/tps/tcl/tcllib2.0/tool/pkgIndex.tcl 
Execute         source C:/AMDDesignTools/2025.2/Vitis/tps/tcl/tcllib2.0/transfer/pkgIndex.tcl 
Execute         source C:/AMDDesignTools/2025.2/Vitis/tps/tcl/tcllib2.0/treeql/pkgIndex.tcl 
Execute         source C:/AMDDesignTools/2025.2/Vitis/tps/tcl/tcllib2.0/try/pkgIndex.tcl 
Execute         source C:/AMDDesignTools/2025.2/Vitis/tps/tcl/tcllib2.0/udpcluster/pkgIndex.tcl 
Execute         source C:/AMDDesignTools/2025.2/Vitis/tps/tcl/tcllib2.0/uev/pkgIndex.tcl 
Execute         source C:/AMDDesignTools/2025.2/Vitis/tps/tcl/tcllib2.0/units/pkgIndex.tcl 
Execute         source C:/AMDDesignTools/2025.2/Vitis/tps/tcl/tcllib2.0/uri/pkgIndex.tcl 
Execute         source C:/AMDDesignTools/2025.2/Vitis/tps/tcl/tcllib2.0/uuid/pkgIndex.tcl 
Execute         source C:/AMDDesignTools/2025.2/Vitis/tps/tcl/tcllib2.0/valtype/pkgIndex.tcl 
Execute         source C:/AMDDesignTools/2025.2/Vitis/tps/tcl/tcllib2.0/virtchannel_base/pkgIndex.tcl 
Execute         source C:/AMDDesignTools/2025.2/Vitis/tps/tcl/tcllib2.0/virtchannel_core/pkgIndex.tcl 
Execute         source C:/AMDDesignTools/2025.2/Vitis/tps/tcl/tcllib2.0/virtchannel_transform/pkgIndex.tcl 
Execute         source C:/AMDDesignTools/2025.2/Vitis/tps/tcl/tcllib2.0/websocket/pkgIndex.tcl 
Execute         source C:/AMDDesignTools/2025.2/Vitis/tps/tcl/tcllib2.0/wip/pkgIndex.tcl 
Execute         source C:/AMDDesignTools/2025.2/Vitis/tps/tcl/tcllib2.0/yaml/pkgIndex.tcl 
Execute         source C:/AMDDesignTools/2025.2/Vitis/tps/tcl/tcllib2.0/zip/pkgIndex.tcl 
Execute         source C:/AMDDesignTools/2025.2/Vitis/tps/tcl/tcllib2.0/pkgIndex.tcl 
Execute           source C:/AMDDesignTools/2025.2/Vitis/tps/tcl/tcllib2.0/0compatibility/pkgIndex.tcl 
Execute           source C:/AMDDesignTools/2025.2/Vitis/tps/tcl/tcllib2.0/amazon-s3/pkgIndex.tcl 
Execute           source C:/AMDDesignTools/2025.2/Vitis/tps/tcl/tcllib2.0/asn/pkgIndex.tcl 
Execute           source C:/AMDDesignTools/2025.2/Vitis/tps/tcl/tcllib2.0/base32/pkgIndex.tcl 
Execute           source C:/AMDDesignTools/2025.2/Vitis/tps/tcl/tcllib2.0/base64/pkgIndex.tcl 
Execute           source C:/AMDDesignTools/2025.2/Vitis/tps/tcl/tcllib2.0/bee/pkgIndex.tcl 
Execute           source C:/AMDDesignTools/2025.2/Vitis/tps/tcl/tcllib2.0/bench/pkgIndex.tcl 
Execute           source C:/AMDDesignTools/2025.2/Vitis/tps/tcl/tcllib2.0/bibtex/pkgIndex.tcl 
Execute           source C:/AMDDesignTools/2025.2/Vitis/tps/tcl/tcllib2.0/cache/pkgIndex.tcl 
Execute           source C:/AMDDesignTools/2025.2/Vitis/tps/tcl/tcllib2.0/clay/pkgIndex.tcl 
Execute           source C:/AMDDesignTools/2025.2/Vitis/tps/tcl/tcllib2.0/clock/pkgIndex.tcl 
Execute           source C:/AMDDesignTools/2025.2/Vitis/tps/tcl/tcllib2.0/cmdline/pkgIndex.tcl 
Execute           source C:/AMDDesignTools/2025.2/Vitis/tps/tcl/tcllib2.0/comm/pkgIndex.tcl 
Execute           source C:/AMDDesignTools/2025.2/Vitis/tps/tcl/tcllib2.0/control/pkgIndex.tcl 
Execute           source C:/AMDDesignTools/2025.2/Vitis/tps/tcl/tcllib2.0/coroutine/pkgIndex.tcl 
Execute           source C:/AMDDesignTools/2025.2/Vitis/tps/tcl/tcllib2.0/counter/pkgIndex.tcl 
Execute           source C:/AMDDesignTools/2025.2/Vitis/tps/tcl/tcllib2.0/crc/pkgIndex.tcl 
Execute           source C:/AMDDesignTools/2025.2/Vitis/tps/tcl/tcllib2.0/cron/pkgIndex.tcl 
Execute           source C:/AMDDesignTools/2025.2/Vitis/tps/tcl/tcllib2.0/csv/pkgIndex.tcl 
Execute           source C:/AMDDesignTools/2025.2/Vitis/tps/tcl/tcllib2.0/debug/pkgIndex.tcl 
Execute           source C:/AMDDesignTools/2025.2/Vitis/tps/tcl/tcllib2.0/defer/pkgIndex.tcl 
Execute           source C:/AMDDesignTools/2025.2/Vitis/tps/tcl/tcllib2.0/dicttool/pkgIndex.tcl 
Execute           source C:/AMDDesignTools/2025.2/Vitis/tps/tcl/tcllib2.0/dns/pkgIndex.tcl 
Execute           source C:/AMDDesignTools/2025.2/Vitis/tps/tcl/tcllib2.0/docstrip/pkgIndex.tcl 
Execute           source C:/AMDDesignTools/2025.2/Vitis/tps/tcl/tcllib2.0/doctools/pkgIndex.tcl 
Execute           source C:/AMDDesignTools/2025.2/Vitis/tps/tcl/tcllib2.0/doctools2base/pkgIndex.tcl 
Execute           source C:/AMDDesignTools/2025.2/Vitis/tps/tcl/tcllib2.0/doctools2idx/pkgIndex.tcl 
Execute           source C:/AMDDesignTools/2025.2/Vitis/tps/tcl/tcllib2.0/doctools2toc/pkgIndex.tcl 
Execute           source C:/AMDDesignTools/2025.2/Vitis/tps/tcl/tcllib2.0/dtplite/pkgIndex.tcl 
Execute           source C:/AMDDesignTools/2025.2/Vitis/tps/tcl/tcllib2.0/fileutil/pkgIndex.tcl 
Execute           source C:/AMDDesignTools/2025.2/Vitis/tps/tcl/tcllib2.0/ftp/pkgIndex.tcl 
Execute           source C:/AMDDesignTools/2025.2/Vitis/tps/tcl/tcllib2.0/ftpd/pkgIndex.tcl 
Execute           source C:/AMDDesignTools/2025.2/Vitis/tps/tcl/tcllib2.0/fumagic/pkgIndex.tcl 
Execute           source C:/AMDDesignTools/2025.2/Vitis/tps/tcl/tcllib2.0/generator/pkgIndex.tcl 
Execute           source C:/AMDDesignTools/2025.2/Vitis/tps/tcl/tcllib2.0/gpx/pkgIndex.tcl 
Execute           source C:/AMDDesignTools/2025.2/Vitis/tps/tcl/tcllib2.0/grammar_aycock/pkgIndex.tcl 
Execute           source C:/AMDDesignTools/2025.2/Vitis/tps/tcl/tcllib2.0/grammar_fa/pkgIndex.tcl 
Execute           source C:/AMDDesignTools/2025.2/Vitis/tps/tcl/tcllib2.0/grammar_me/pkgIndex.tcl 
Execute           source C:/AMDDesignTools/2025.2/Vitis/tps/tcl/tcllib2.0/grammar_peg/pkgIndex.tcl 
Execute           source C:/AMDDesignTools/2025.2/Vitis/tps/tcl/tcllib2.0/hook/pkgIndex.tcl 
Execute           source C:/AMDDesignTools/2025.2/Vitis/tps/tcl/tcllib2.0/html/pkgIndex.tcl 
Execute           source C:/AMDDesignTools/2025.2/Vitis/tps/tcl/tcllib2.0/htmlparse/pkgIndex.tcl 
Execute           source C:/AMDDesignTools/2025.2/Vitis/tps/tcl/tcllib2.0/http/pkgIndex.tcl 
Execute           source C:/AMDDesignTools/2025.2/Vitis/tps/tcl/tcllib2.0/httpd/pkgIndex.tcl 
Execute           source C:/AMDDesignTools/2025.2/Vitis/tps/tcl/tcllib2.0/httpwget/pkgIndex.tcl 
Execute           source C:/AMDDesignTools/2025.2/Vitis/tps/tcl/tcllib2.0/ident/pkgIndex.tcl 
Execute           source C:/AMDDesignTools/2025.2/Vitis/tps/tcl/tcllib2.0/imap4/pkgIndex.tcl 
Execute           source C:/AMDDesignTools/2025.2/Vitis/tps/tcl/tcllib2.0/inifile/pkgIndex.tcl 
Execute           source C:/AMDDesignTools/2025.2/Vitis/tps/tcl/tcllib2.0/interp/pkgIndex.tcl 
Execute           source C:/AMDDesignTools/2025.2/Vitis/tps/tcl/tcllib2.0/irc/pkgIndex.tcl 
Execute           source C:/AMDDesignTools/2025.2/Vitis/tps/tcl/tcllib2.0/javascript/pkgIndex.tcl 
Execute           source C:/AMDDesignTools/2025.2/Vitis/tps/tcl/tcllib2.0/jpeg/pkgIndex.tcl 
Execute           source C:/AMDDesignTools/2025.2/Vitis/tps/tcl/tcllib2.0/json/pkgIndex.tcl 
Execute           source C:/AMDDesignTools/2025.2/Vitis/tps/tcl/tcllib2.0/lambda/pkgIndex.tcl 
Execute           source C:/AMDDesignTools/2025.2/Vitis/tps/tcl/tcllib2.0/lazyset/pkgIndex.tcl 
Execute           source C:/AMDDesignTools/2025.2/Vitis/tps/tcl/tcllib2.0/ldap/pkgIndex.tcl 
Execute           source C:/AMDDesignTools/2025.2/Vitis/tps/tcl/tcllib2.0/log/pkgIndex.tcl 
Execute           source C:/AMDDesignTools/2025.2/Vitis/tps/tcl/tcllib2.0/map/pkgIndex.tcl 
Execute           source C:/AMDDesignTools/2025.2/Vitis/tps/tcl/tcllib2.0/mapproj/pkgIndex.tcl 
Execute           source C:/AMDDesignTools/2025.2/Vitis/tps/tcl/tcllib2.0/markdown/pkgIndex.tcl 
Execute           source C:/AMDDesignTools/2025.2/Vitis/tps/tcl/tcllib2.0/math/pkgIndex.tcl 
Execute           source C:/AMDDesignTools/2025.2/Vitis/tps/tcl/tcllib2.0/md4/pkgIndex.tcl 
Execute           source C:/AMDDesignTools/2025.2/Vitis/tps/tcl/tcllib2.0/md5/pkgIndex.tcl 
Execute           source C:/AMDDesignTools/2025.2/Vitis/tps/tcl/tcllib2.0/md5crypt/pkgIndex.tcl 
Execute           source C:/AMDDesignTools/2025.2/Vitis/tps/tcl/tcllib2.0/mime/pkgIndex.tcl 
Execute           source C:/AMDDesignTools/2025.2/Vitis/tps/tcl/tcllib2.0/mkdoc/pkgIndex.tcl 
Execute           source C:/AMDDesignTools/2025.2/Vitis/tps/tcl/tcllib2.0/multiplexer/pkgIndex.tcl 
Execute           source C:/AMDDesignTools/2025.2/Vitis/tps/tcl/tcllib2.0/namespacex/pkgIndex.tcl 
Execute           source C:/AMDDesignTools/2025.2/Vitis/tps/tcl/tcllib2.0/ncgi/pkgIndex.tcl 
Execute           source C:/AMDDesignTools/2025.2/Vitis/tps/tcl/tcllib2.0/nettool/pkgIndex.tcl 
Execute           source C:/AMDDesignTools/2025.2/Vitis/tps/tcl/tcllib2.0/nmea/pkgIndex.tcl 
Execute           source C:/AMDDesignTools/2025.2/Vitis/tps/tcl/tcllib2.0/nns/pkgIndex.tcl 
Execute           source C:/AMDDesignTools/2025.2/Vitis/tps/tcl/tcllib2.0/nntp/pkgIndex.tcl 
Execute           source C:/AMDDesignTools/2025.2/Vitis/tps/tcl/tcllib2.0/ntp/pkgIndex.tcl 
Execute           source C:/AMDDesignTools/2025.2/Vitis/tps/tcl/tcllib2.0/oauth/pkgIndex.tcl 
Execute           source C:/AMDDesignTools/2025.2/Vitis/tps/tcl/tcllib2.0/oodialect/pkgIndex.tcl 
Execute           source C:/AMDDesignTools/2025.2/Vitis/tps/tcl/tcllib2.0/oometa/pkgIndex.tcl 
Execute           source C:/AMDDesignTools/2025.2/Vitis/tps/tcl/tcllib2.0/ooutil/pkgIndex.tcl 
Execute           source C:/AMDDesignTools/2025.2/Vitis/tps/tcl/tcllib2.0/otp/pkgIndex.tcl 
Execute           source C:/AMDDesignTools/2025.2/Vitis/tps/tcl/tcllib2.0/page/pkgIndex.tcl 
Execute           source C:/AMDDesignTools/2025.2/Vitis/tps/tcl/tcllib2.0/pluginmgr/pkgIndex.tcl 
Execute           source C:/AMDDesignTools/2025.2/Vitis/tps/tcl/tcllib2.0/png/pkgIndex.tcl 
Execute           source C:/AMDDesignTools/2025.2/Vitis/tps/tcl/tcllib2.0/pop3/pkgIndex.tcl 
Execute           source C:/AMDDesignTools/2025.2/Vitis/tps/tcl/tcllib2.0/pop3d/pkgIndex.tcl 
Execute           source C:/AMDDesignTools/2025.2/Vitis/tps/tcl/tcllib2.0/practcl/pkgIndex.tcl 
Execute           source C:/AMDDesignTools/2025.2/Vitis/tps/tcl/tcllib2.0/processman/pkgIndex.tcl 
Execute           source C:/AMDDesignTools/2025.2/Vitis/tps/tcl/tcllib2.0/profiler/pkgIndex.tcl 
Execute           source C:/AMDDesignTools/2025.2/Vitis/tps/tcl/tcllib2.0/pt/pkgIndex.tcl 
Execute           source C:/AMDDesignTools/2025.2/Vitis/tps/tcl/tcllib2.0/rcs/pkgIndex.tcl 
Execute           source C:/AMDDesignTools/2025.2/Vitis/tps/tcl/tcllib2.0/report/pkgIndex.tcl 
Execute           source C:/AMDDesignTools/2025.2/Vitis/tps/tcl/tcllib2.0/rest/pkgIndex.tcl 
Execute           source C:/AMDDesignTools/2025.2/Vitis/tps/tcl/tcllib2.0/ripemd/pkgIndex.tcl 
Execute           source C:/AMDDesignTools/2025.2/Vitis/tps/tcl/tcllib2.0/sasl/pkgIndex.tcl 
Execute           source C:/AMDDesignTools/2025.2/Vitis/tps/tcl/tcllib2.0/sha1/pkgIndex.tcl 
Execute           source C:/AMDDesignTools/2025.2/Vitis/tps/tcl/tcllib2.0/simulation/pkgIndex.tcl 
Execute           source C:/AMDDesignTools/2025.2/Vitis/tps/tcl/tcllib2.0/smtpd/pkgIndex.tcl 
Execute           source C:/AMDDesignTools/2025.2/Vitis/tps/tcl/tcllib2.0/snit/pkgIndex.tcl 
Execute           source C:/AMDDesignTools/2025.2/Vitis/tps/tcl/tcllib2.0/soundex/pkgIndex.tcl 
Execute           source C:/AMDDesignTools/2025.2/Vitis/tps/tcl/tcllib2.0/stooop/pkgIndex.tcl 
Execute           source C:/AMDDesignTools/2025.2/Vitis/tps/tcl/tcllib2.0/string/pkgIndex.tcl 
Execute           source C:/AMDDesignTools/2025.2/Vitis/tps/tcl/tcllib2.0/stringprep/pkgIndex.tcl 
Execute           source C:/AMDDesignTools/2025.2/Vitis/tps/tcl/tcllib2.0/struct/pkgIndex.tcl 
Execute           source C:/AMDDesignTools/2025.2/Vitis/tps/tcl/tcllib2.0/tar/pkgIndex.tcl 
Execute           source C:/AMDDesignTools/2025.2/Vitis/tps/tcl/tcllib2.0/tepam/pkgIndex.tcl 
Execute           source C:/AMDDesignTools/2025.2/Vitis/tps/tcl/tcllib2.0/term/pkgIndex.tcl 
Execute           source C:/AMDDesignTools/2025.2/Vitis/tps/tcl/tcllib2.0/textutil/pkgIndex.tcl 
Execute           source C:/AMDDesignTools/2025.2/Vitis/tps/tcl/tcllib2.0/tie/pkgIndex.tcl 
Execute           source C:/AMDDesignTools/2025.2/Vitis/tps/tcl/tcllib2.0/tiff/pkgIndex.tcl 
Execute           source C:/AMDDesignTools/2025.2/Vitis/tps/tcl/tcllib2.0/tool/pkgIndex.tcl 
Execute           source C:/AMDDesignTools/2025.2/Vitis/tps/tcl/tcllib2.0/transfer/pkgIndex.tcl 
Execute           source C:/AMDDesignTools/2025.2/Vitis/tps/tcl/tcllib2.0/treeql/pkgIndex.tcl 
Execute           source C:/AMDDesignTools/2025.2/Vitis/tps/tcl/tcllib2.0/try/pkgIndex.tcl 
Execute           source C:/AMDDesignTools/2025.2/Vitis/tps/tcl/tcllib2.0/udpcluster/pkgIndex.tcl 
Execute           source C:/AMDDesignTools/2025.2/Vitis/tps/tcl/tcllib2.0/uev/pkgIndex.tcl 
Execute           source C:/AMDDesignTools/2025.2/Vitis/tps/tcl/tcllib2.0/units/pkgIndex.tcl 
Execute           source C:/AMDDesignTools/2025.2/Vitis/tps/tcl/tcllib2.0/uri/pkgIndex.tcl 
Execute           source C:/AMDDesignTools/2025.2/Vitis/tps/tcl/tcllib2.0/uuid/pkgIndex.tcl 
Execute           source C:/AMDDesignTools/2025.2/Vitis/tps/tcl/tcllib2.0/valtype/pkgIndex.tcl 
Execute           source C:/AMDDesignTools/2025.2/Vitis/tps/tcl/tcllib2.0/virtchannel_base/pkgIndex.tcl 
Execute           source C:/AMDDesignTools/2025.2/Vitis/tps/tcl/tcllib2.0/virtchannel_core/pkgIndex.tcl 
Execute           source C:/AMDDesignTools/2025.2/Vitis/tps/tcl/tcllib2.0/virtchannel_transform/pkgIndex.tcl 
Execute           source C:/AMDDesignTools/2025.2/Vitis/tps/tcl/tcllib2.0/websocket/pkgIndex.tcl 
Execute           source C:/AMDDesignTools/2025.2/Vitis/tps/tcl/tcllib2.0/wip/pkgIndex.tcl 
Execute           source C:/AMDDesignTools/2025.2/Vitis/tps/tcl/tcllib2.0/yaml/pkgIndex.tcl 
Execute           source C:/AMDDesignTools/2025.2/Vitis/tps/tcl/tcllib2.0/zip/pkgIndex.tcl 
Command         ap_source done; 0.192 sec.
Execute         source C:/AMDDesignTools/2025.2/Vitis/tps/tcl/tdom/pkgIndex.tcl 
Execute         source C:/AMDDesignTools/2025.2/Vitis/tps/tcl/tk8.6/pkgIndex.tcl 
Execute         source C:/AMDDesignTools/2025.2/Vitis/tps/tcl/tcl8.6/opt0.4/pkgIndex.tcl 
Execute         source C:/AMDDesignTools/2025.2/Vitis/tps/tcl/tcl8.6/pkgs/win/thread2.8.7/pkgIndex.tcl 
Command       ap_source done; 0.421 sec.
INFO-FLOW: Workspace C:/github/zybo_z7_cam_rpi_v2_5mp_hdmi/zybo_z7_imx219/zybo_z7_imx219.runs/design_1_v_demosaic_0_0_synth_1/prj/sol opened at Mon Sep 21 19:17:08 +0300 2026
Execute       send_msg_by_id INFO @200-1505@%s%s default  vivado 
INFO: [HLS 200-1505] Using default flow_target 'vivado'
Command     open_solution done; 0.516 sec.
Execute     set_part xc7z020clg400-1 
INFO: [HLS 200-1510] Running: set_part xc7z020clg400-1 
Execute       create_platform xc7z020clg400-1 -board  
DBG:HLSDevice: Trying to load device library: C:/AMDDesignTools/2025.2/Vitis\lib\win64.o\xv_hlsvwrap.dll
DBG:HLSDevice: first parts/arch.xml in RDI_DATADIR: C:/AMDDesignTools/2025.2/Vivado/data/parts/arch.xml
DBG:HLSDevice: init success
INFO: [HLS 200-1611] Setting target device to 'xc7z020-clg400-1'
Command       create_platform done; 1.404 sec.
Execute       source C:/AMDDesignTools/2025.2/Vitis/common/technology/xilinx/common/xilinx.gen 
Execute         source C:/AMDDesignTools/2025.2/Vitis/common/technology/xilinx/interface/plb46.gen 
Execute         source C:/AMDDesignTools/2025.2/Vitis/common/technology/xilinx/interface/axi4.gen 
Execute         source C:/AMDDesignTools/2025.2/Vitis/common/technology/xilinx/interface/nativeAXI4.gen 
Execute           source C:/AMDDesignTools/2025.2/Vitis/common/technology/xilinx/interface/saxilite.gen 
Execute         source C:/AMDDesignTools/2025.2/Vitis/common/technology/xilinx/scripts/xilinxcoregen.gen 
Execute         source C:/AMDDesignTools/2025.2/Vitis/common/technology/xilinx/interface/XilEDKCoreGen.gen 
Execute         source C:/AMDDesignTools/2025.2/Vitis/common/technology/xilinx/ip/dds_compiler.gen 
Execute         source C:/AMDDesignTools/2025.2/Vitis/common/technology/xilinx/ip/util.gen 
Execute         source C:/AMDDesignTools/2025.2/Vitis/common/technology/xilinx/ip/xfft.gen 
Command         ap_source done; 0.131 sec.
Execute         source C:/AMDDesignTools/2025.2/Vitis/common/technology/xilinx/ip/xfir.gen 
Execute         source C:/AMDDesignTools/2025.2/Vitis/common/technology/xilinx/DSP48/dsp48.gen 
Command       ap_source done; 0.182 sec.
Execute       ap_part_info -name xc7z020-clg400-1 -data info 
Execute       config_compile -quiet -complex-mul-dsp=0 
Command     set_part done; 1.627 sec.
Execute     add_files -cflags  -I c:/github/zybo_z7_cam_rpi_v2_5mp_hdmi/zybo_z7_imx219/zybo_z7_imx219.gen/sources_1/bd/design_1/ip/design_1_v_demosaic_0_0/src/hls -I c:/github/zybo_z7_cam_rpi_v2_5mp_hdmi/zybo_z7_imx219/zybo_z7_imx219.gen/sources_1/bd/design_1/ip/design_1_v_demosaic_0_0/src  c:/github/zybo_z7_cam_rpi_v2_5mp_hdmi/zybo_z7_imx219/zybo_z7_imx219.gen/sources_1/bd/design_1/ip/design_1_v_demosaic_0_0/src/v_demosaic_config.h 
INFO: [HLS 200-1510] Running: add_files -cflags  -I c:/github/zybo_z7_cam_rpi_v2_5mp_hdmi/zybo_z7_imx219/zybo_z7_imx219.gen/sources_1/bd/design_1/ip/design_1_v_demosaic_0_0/src/hls -I c:/github/zybo_z7_cam_rpi_v2_5mp_hdmi/zybo_z7_imx219/zybo_z7_imx219.gen/sources_1/bd/design_1/ip/design_1_v_demosaic_0_0/src  c:/github/zybo_z7_cam_rpi_v2_5mp_hdmi/zybo_z7_imx219/zybo_z7_imx219.gen/sources_1/bd/design_1/ip/design_1_v_demosaic_0_0/src/v_demosaic_config.h 
INFO: [HLS 200-10] Adding design file 'c:/github/zybo_z7_cam_rpi_v2_5mp_hdmi/zybo_z7_imx219/zybo_z7_imx219.gen/sources_1/bd/design_1/ip/design_1_v_demosaic_0_0/src/v_demosaic_config.h' to the project
Execute     add_files -cflags  -I c:/github/zybo_z7_cam_rpi_v2_5mp_hdmi/zybo_z7_imx219/zybo_z7_imx219.gen/sources_1/bd/design_1/ip/design_1_v_demosaic_0_0/src/hls -I c:/github/zybo_z7_cam_rpi_v2_5mp_hdmi/zybo_z7_imx219/zybo_z7_imx219.gen/sources_1/bd/design_1/ip/design_1_v_demosaic_0_0/src  c:/github/zybo_z7_cam_rpi_v2_5mp_hdmi/zybo_z7_imx219/zybo_z7_imx219.gen/sources_1/bd/design_1/ip/design_1_v_demosaic_0_0/src/v_demosaic.cpp 
INFO: [HLS 200-1510] Running: add_files -cflags  -I c:/github/zybo_z7_cam_rpi_v2_5mp_hdmi/zybo_z7_imx219/zybo_z7_imx219.gen/sources_1/bd/design_1/ip/design_1_v_demosaic_0_0/src/hls -I c:/github/zybo_z7_cam_rpi_v2_5mp_hdmi/zybo_z7_imx219/zybo_z7_imx219.gen/sources_1/bd/design_1/ip/design_1_v_demosaic_0_0/src  c:/github/zybo_z7_cam_rpi_v2_5mp_hdmi/zybo_z7_imx219/zybo_z7_imx219.gen/sources_1/bd/design_1/ip/design_1_v_demosaic_0_0/src/v_demosaic.cpp 
INFO: [HLS 200-10] Adding design file 'c:/github/zybo_z7_cam_rpi_v2_5mp_hdmi/zybo_z7_imx219/zybo_z7_imx219.gen/sources_1/bd/design_1/ip/design_1_v_demosaic_0_0/src/v_demosaic.cpp' to the project
Execute     add_files -cflags  -I c:/github/zybo_z7_cam_rpi_v2_5mp_hdmi/zybo_z7_imx219/zybo_z7_imx219.gen/sources_1/bd/design_1/ip/design_1_v_demosaic_0_0/src/hls -I c:/github/zybo_z7_cam_rpi_v2_5mp_hdmi/zybo_z7_imx219/zybo_z7_imx219.gen/sources_1/bd/design_1/ip/design_1_v_demosaic_0_0/src  c:/github/zybo_z7_cam_rpi_v2_5mp_hdmi/zybo_z7_imx219/zybo_z7_imx219.gen/sources_1/bd/design_1/ip/design_1_v_demosaic_0_0/src/v_demosaic.h 
INFO: [HLS 200-1510] Running: add_files -cflags  -I c:/github/zybo_z7_cam_rpi_v2_5mp_hdmi/zybo_z7_imx219/zybo_z7_imx219.gen/sources_1/bd/design_1/ip/design_1_v_demosaic_0_0/src/hls -I c:/github/zybo_z7_cam_rpi_v2_5mp_hdmi/zybo_z7_imx219/zybo_z7_imx219.gen/sources_1/bd/design_1/ip/design_1_v_demosaic_0_0/src  c:/github/zybo_z7_cam_rpi_v2_5mp_hdmi/zybo_z7_imx219/zybo_z7_imx219.gen/sources_1/bd/design_1/ip/design_1_v_demosaic_0_0/src/v_demosaic.h 
INFO: [HLS 200-10] Adding design file 'c:/github/zybo_z7_cam_rpi_v2_5mp_hdmi/zybo_z7_imx219/zybo_z7_imx219.gen/sources_1/bd/design_1/ip/design_1_v_demosaic_0_0/src/v_demosaic.h' to the project
Execute     add_files -cflags  -I c:/github/zybo_z7_cam_rpi_v2_5mp_hdmi/zybo_z7_imx219/zybo_z7_imx219.gen/sources_1/bd/design_1/ip/design_1_v_demosaic_0_0/src/hls -I c:/github/zybo_z7_cam_rpi_v2_5mp_hdmi/zybo_z7_imx219/zybo_z7_imx219.gen/sources_1/bd/design_1/ip/design_1_v_demosaic_0_0/src  c:/github/zybo_z7_cam_rpi_v2_5mp_hdmi/zybo_z7_imx219/zybo_z7_imx219.gen/sources_1/bd/design_1/ip/design_1_v_demosaic_0_0/src/hls_video.h 
INFO: [HLS 200-1510] Running: add_files -cflags  -I c:/github/zybo_z7_cam_rpi_v2_5mp_hdmi/zybo_z7_imx219/zybo_z7_imx219.gen/sources_1/bd/design_1/ip/design_1_v_demosaic_0_0/src/hls -I c:/github/zybo_z7_cam_rpi_v2_5mp_hdmi/zybo_z7_imx219/zybo_z7_imx219.gen/sources_1/bd/design_1/ip/design_1_v_demosaic_0_0/src  c:/github/zybo_z7_cam_rpi_v2_5mp_hdmi/zybo_z7_imx219/zybo_z7_imx219.gen/sources_1/bd/design_1/ip/design_1_v_demosaic_0_0/src/hls_video.h 
INFO: [HLS 200-10] Adding design file 'c:/github/zybo_z7_cam_rpi_v2_5mp_hdmi/zybo_z7_imx219/zybo_z7_imx219.gen/sources_1/bd/design_1/ip/design_1_v_demosaic_0_0/src/hls_video.h' to the project
Execute     add_files -cflags  -I c:/github/zybo_z7_cam_rpi_v2_5mp_hdmi/zybo_z7_imx219/zybo_z7_imx219.gen/sources_1/bd/design_1/ip/design_1_v_demosaic_0_0/src/hls -I c:/github/zybo_z7_cam_rpi_v2_5mp_hdmi/zybo_z7_imx219/zybo_z7_imx219.gen/sources_1/bd/design_1/ip/design_1_v_demosaic_0_0/src  c:/github/zybo_z7_cam_rpi_v2_5mp_hdmi/zybo_z7_imx219/zybo_z7_imx219.gen/sources_1/bd/design_1/ip/design_1_v_demosaic_0_0/src/hls_opencv.h 
INFO: [HLS 200-1510] Running: add_files -cflags  -I c:/github/zybo_z7_cam_rpi_v2_5mp_hdmi/zybo_z7_imx219/zybo_z7_imx219.gen/sources_1/bd/design_1/ip/design_1_v_demosaic_0_0/src/hls -I c:/github/zybo_z7_cam_rpi_v2_5mp_hdmi/zybo_z7_imx219/zybo_z7_imx219.gen/sources_1/bd/design_1/ip/design_1_v_demosaic_0_0/src  c:/github/zybo_z7_cam_rpi_v2_5mp_hdmi/zybo_z7_imx219/zybo_z7_imx219.gen/sources_1/bd/design_1/ip/design_1_v_demosaic_0_0/src/hls_opencv.h 
INFO: [HLS 200-10] Adding design file 'c:/github/zybo_z7_cam_rpi_v2_5mp_hdmi/zybo_z7_imx219/zybo_z7_imx219.gen/sources_1/bd/design_1/ip/design_1_v_demosaic_0_0/src/hls_opencv.h' to the project
Execute     add_files -cflags  -I c:/github/zybo_z7_cam_rpi_v2_5mp_hdmi/zybo_z7_imx219/zybo_z7_imx219.gen/sources_1/bd/design_1/ip/design_1_v_demosaic_0_0/src/hls -I c:/github/zybo_z7_cam_rpi_v2_5mp_hdmi/zybo_z7_imx219/zybo_z7_imx219.gen/sources_1/bd/design_1/ip/design_1_v_demosaic_0_0/src  c:/github/zybo_z7_cam_rpi_v2_5mp_hdmi/zybo_z7_imx219/zybo_z7_imx219.gen/sources_1/bd/design_1/ip/design_1_v_demosaic_0_0/src/hls/hls_axi_io.h 
INFO: [HLS 200-1510] Running: add_files -cflags  -I c:/github/zybo_z7_cam_rpi_v2_5mp_hdmi/zybo_z7_imx219/zybo_z7_imx219.gen/sources_1/bd/design_1/ip/design_1_v_demosaic_0_0/src/hls -I c:/github/zybo_z7_cam_rpi_v2_5mp_hdmi/zybo_z7_imx219/zybo_z7_imx219.gen/sources_1/bd/design_1/ip/design_1_v_demosaic_0_0/src  c:/github/zybo_z7_cam_rpi_v2_5mp_hdmi/zybo_z7_imx219/zybo_z7_imx219.gen/sources_1/bd/design_1/ip/design_1_v_demosaic_0_0/src/hls/hls_axi_io.h 
INFO: [HLS 200-10] Adding design file 'c:/github/zybo_z7_cam_rpi_v2_5mp_hdmi/zybo_z7_imx219/zybo_z7_imx219.gen/sources_1/bd/design_1/ip/design_1_v_demosaic_0_0/src/hls/hls_axi_io.h' to the project
Execute     add_files -cflags  -I c:/github/zybo_z7_cam_rpi_v2_5mp_hdmi/zybo_z7_imx219/zybo_z7_imx219.gen/sources_1/bd/design_1/ip/design_1_v_demosaic_0_0/src/hls -I c:/github/zybo_z7_cam_rpi_v2_5mp_hdmi/zybo_z7_imx219/zybo_z7_imx219.gen/sources_1/bd/design_1/ip/design_1_v_demosaic_0_0/src  c:/github/zybo_z7_cam_rpi_v2_5mp_hdmi/zybo_z7_imx219/zybo_z7_imx219.gen/sources_1/bd/design_1/ip/design_1_v_demosaic_0_0/src/hls/hls_video_arithm.h 
INFO: [HLS 200-1510] Running: add_files -cflags  -I c:/github/zybo_z7_cam_rpi_v2_5mp_hdmi/zybo_z7_imx219/zybo_z7_imx219.gen/sources_1/bd/design_1/ip/design_1_v_demosaic_0_0/src/hls -I c:/github/zybo_z7_cam_rpi_v2_5mp_hdmi/zybo_z7_imx219/zybo_z7_imx219.gen/sources_1/bd/design_1/ip/design_1_v_demosaic_0_0/src  c:/github/zybo_z7_cam_rpi_v2_5mp_hdmi/zybo_z7_imx219/zybo_z7_imx219.gen/sources_1/bd/design_1/ip/design_1_v_demosaic_0_0/src/hls/hls_video_arithm.h 
INFO: [HLS 200-10] Adding design file 'c:/github/zybo_z7_cam_rpi_v2_5mp_hdmi/zybo_z7_imx219/zybo_z7_imx219.gen/sources_1/bd/design_1/ip/design_1_v_demosaic_0_0/src/hls/hls_video_arithm.h' to the project
Execute     add_files -cflags  -I c:/github/zybo_z7_cam_rpi_v2_5mp_hdmi/zybo_z7_imx219/zybo_z7_imx219.gen/sources_1/bd/design_1/ip/design_1_v_demosaic_0_0/src/hls -I c:/github/zybo_z7_cam_rpi_v2_5mp_hdmi/zybo_z7_imx219/zybo_z7_imx219.gen/sources_1/bd/design_1/ip/design_1_v_demosaic_0_0/src  c:/github/zybo_z7_cam_rpi_v2_5mp_hdmi/zybo_z7_imx219/zybo_z7_imx219.gen/sources_1/bd/design_1/ip/design_1_v_demosaic_0_0/src/hls/hls_video_core.h 
INFO: [HLS 200-1510] Running: add_files -cflags  -I c:/github/zybo_z7_cam_rpi_v2_5mp_hdmi/zybo_z7_imx219/zybo_z7_imx219.gen/sources_1/bd/design_1/ip/design_1_v_demosaic_0_0/src/hls -I c:/github/zybo_z7_cam_rpi_v2_5mp_hdmi/zybo_z7_imx219/zybo_z7_imx219.gen/sources_1/bd/design_1/ip/design_1_v_demosaic_0_0/src  c:/github/zybo_z7_cam_rpi_v2_5mp_hdmi/zybo_z7_imx219/zybo_z7_imx219.gen/sources_1/bd/design_1/ip/design_1_v_demosaic_0_0/src/hls/hls_video_core.h 
INFO: [HLS 200-10] Adding design file 'c:/github/zybo_z7_cam_rpi_v2_5mp_hdmi/zybo_z7_imx219/zybo_z7_imx219.gen/sources_1/bd/design_1/ip/design_1_v_demosaic_0_0/src/hls/hls_video_core.h' to the project
Execute     add_files -cflags  -I c:/github/zybo_z7_cam_rpi_v2_5mp_hdmi/zybo_z7_imx219/zybo_z7_imx219.gen/sources_1/bd/design_1/ip/design_1_v_demosaic_0_0/src/hls -I c:/github/zybo_z7_cam_rpi_v2_5mp_hdmi/zybo_z7_imx219/zybo_z7_imx219.gen/sources_1/bd/design_1/ip/design_1_v_demosaic_0_0/src  c:/github/zybo_z7_cam_rpi_v2_5mp_hdmi/zybo_z7_imx219/zybo_z7_imx219.gen/sources_1/bd/design_1/ip/design_1_v_demosaic_0_0/src/hls/hls_video_fast.h 
INFO: [HLS 200-1510] Running: add_files -cflags  -I c:/github/zybo_z7_cam_rpi_v2_5mp_hdmi/zybo_z7_imx219/zybo_z7_imx219.gen/sources_1/bd/design_1/ip/design_1_v_demosaic_0_0/src/hls -I c:/github/zybo_z7_cam_rpi_v2_5mp_hdmi/zybo_z7_imx219/zybo_z7_imx219.gen/sources_1/bd/design_1/ip/design_1_v_demosaic_0_0/src  c:/github/zybo_z7_cam_rpi_v2_5mp_hdmi/zybo_z7_imx219/zybo_z7_imx219.gen/sources_1/bd/design_1/ip/design_1_v_demosaic_0_0/src/hls/hls_video_fast.h 
INFO: [HLS 200-10] Adding design file 'c:/github/zybo_z7_cam_rpi_v2_5mp_hdmi/zybo_z7_imx219/zybo_z7_imx219.gen/sources_1/bd/design_1/ip/design_1_v_demosaic_0_0/src/hls/hls_video_fast.h' to the project
Execute     add_files -cflags  -I c:/github/zybo_z7_cam_rpi_v2_5mp_hdmi/zybo_z7_imx219/zybo_z7_imx219.gen/sources_1/bd/design_1/ip/design_1_v_demosaic_0_0/src/hls -I c:/github/zybo_z7_cam_rpi_v2_5mp_hdmi/zybo_z7_imx219/zybo_z7_imx219.gen/sources_1/bd/design_1/ip/design_1_v_demosaic_0_0/src  c:/github/zybo_z7_cam_rpi_v2_5mp_hdmi/zybo_z7_imx219/zybo_z7_imx219.gen/sources_1/bd/design_1/ip/design_1_v_demosaic_0_0/src/hls/hls_video_haar.h 
INFO: [HLS 200-1510] Running: add_files -cflags  -I c:/github/zybo_z7_cam_rpi_v2_5mp_hdmi/zybo_z7_imx219/zybo_z7_imx219.gen/sources_1/bd/design_1/ip/design_1_v_demosaic_0_0/src/hls -I c:/github/zybo_z7_cam_rpi_v2_5mp_hdmi/zybo_z7_imx219/zybo_z7_imx219.gen/sources_1/bd/design_1/ip/design_1_v_demosaic_0_0/src  c:/github/zybo_z7_cam_rpi_v2_5mp_hdmi/zybo_z7_imx219/zybo_z7_imx219.gen/sources_1/bd/design_1/ip/design_1_v_demosaic_0_0/src/hls/hls_video_haar.h 
INFO: [HLS 200-10] Adding design file 'c:/github/zybo_z7_cam_rpi_v2_5mp_hdmi/zybo_z7_imx219/zybo_z7_imx219.gen/sources_1/bd/design_1/ip/design_1_v_demosaic_0_0/src/hls/hls_video_haar.h' to the project
Execute     add_files -cflags  -I c:/github/zybo_z7_cam_rpi_v2_5mp_hdmi/zybo_z7_imx219/zybo_z7_imx219.gen/sources_1/bd/design_1/ip/design_1_v_demosaic_0_0/src/hls -I c:/github/zybo_z7_cam_rpi_v2_5mp_hdmi/zybo_z7_imx219/zybo_z7_imx219.gen/sources_1/bd/design_1/ip/design_1_v_demosaic_0_0/src  c:/github/zybo_z7_cam_rpi_v2_5mp_hdmi/zybo_z7_imx219/zybo_z7_imx219.gen/sources_1/bd/design_1/ip/design_1_v_demosaic_0_0/src/hls/hls_video_harris.h 
INFO: [HLS 200-1510] Running: add_files -cflags  -I c:/github/zybo_z7_cam_rpi_v2_5mp_hdmi/zybo_z7_imx219/zybo_z7_imx219.gen/sources_1/bd/design_1/ip/design_1_v_demosaic_0_0/src/hls -I c:/github/zybo_z7_cam_rpi_v2_5mp_hdmi/zybo_z7_imx219/zybo_z7_imx219.gen/sources_1/bd/design_1/ip/design_1_v_demosaic_0_0/src  c:/github/zybo_z7_cam_rpi_v2_5mp_hdmi/zybo_z7_imx219/zybo_z7_imx219.gen/sources_1/bd/design_1/ip/design_1_v_demosaic_0_0/src/hls/hls_video_harris.h 
INFO: [HLS 200-10] Adding design file 'c:/github/zybo_z7_cam_rpi_v2_5mp_hdmi/zybo_z7_imx219/zybo_z7_imx219.gen/sources_1/bd/design_1/ip/design_1_v_demosaic_0_0/src/hls/hls_video_harris.h' to the project
Execute     add_files -cflags  -I c:/github/zybo_z7_cam_rpi_v2_5mp_hdmi/zybo_z7_imx219/zybo_z7_imx219.gen/sources_1/bd/design_1/ip/design_1_v_demosaic_0_0/src/hls -I c:/github/zybo_z7_cam_rpi_v2_5mp_hdmi/zybo_z7_imx219/zybo_z7_imx219.gen/sources_1/bd/design_1/ip/design_1_v_demosaic_0_0/src  c:/github/zybo_z7_cam_rpi_v2_5mp_hdmi/zybo_z7_imx219/zybo_z7_imx219.gen/sources_1/bd/design_1/ip/design_1_v_demosaic_0_0/src/hls/hls_video_histogram.h 
INFO: [HLS 200-1510] Running: add_files -cflags  -I c:/github/zybo_z7_cam_rpi_v2_5mp_hdmi/zybo_z7_imx219/zybo_z7_imx219.gen/sources_1/bd/design_1/ip/design_1_v_demosaic_0_0/src/hls -I c:/github/zybo_z7_cam_rpi_v2_5mp_hdmi/zybo_z7_imx219/zybo_z7_imx219.gen/sources_1/bd/design_1/ip/design_1_v_demosaic_0_0/src  c:/github/zybo_z7_cam_rpi_v2_5mp_hdmi/zybo_z7_imx219/zybo_z7_imx219.gen/sources_1/bd/design_1/ip/design_1_v_demosaic_0_0/src/hls/hls_video_histogram.h 
INFO: [HLS 200-10] Adding design file 'c:/github/zybo_z7_cam_rpi_v2_5mp_hdmi/zybo_z7_imx219/zybo_z7_imx219.gen/sources_1/bd/design_1/ip/design_1_v_demosaic_0_0/src/hls/hls_video_histogram.h' to the project
Execute     add_files -cflags  -I c:/github/zybo_z7_cam_rpi_v2_5mp_hdmi/zybo_z7_imx219/zybo_z7_imx219.gen/sources_1/bd/design_1/ip/design_1_v_demosaic_0_0/src/hls -I c:/github/zybo_z7_cam_rpi_v2_5mp_hdmi/zybo_z7_imx219/zybo_z7_imx219.gen/sources_1/bd/design_1/ip/design_1_v_demosaic_0_0/src  c:/github/zybo_z7_cam_rpi_v2_5mp_hdmi/zybo_z7_imx219/zybo_z7_imx219.gen/sources_1/bd/design_1/ip/design_1_v_demosaic_0_0/src/hls/hls_video_hough.h 
INFO: [HLS 200-1510] Running: add_files -cflags  -I c:/github/zybo_z7_cam_rpi_v2_5mp_hdmi/zybo_z7_imx219/zybo_z7_imx219.gen/sources_1/bd/design_1/ip/design_1_v_demosaic_0_0/src/hls -I c:/github/zybo_z7_cam_rpi_v2_5mp_hdmi/zybo_z7_imx219/zybo_z7_imx219.gen/sources_1/bd/design_1/ip/design_1_v_demosaic_0_0/src  c:/github/zybo_z7_cam_rpi_v2_5mp_hdmi/zybo_z7_imx219/zybo_z7_imx219.gen/sources_1/bd/design_1/ip/design_1_v_demosaic_0_0/src/hls/hls_video_hough.h 
INFO: [HLS 200-10] Adding design file 'c:/github/zybo_z7_cam_rpi_v2_5mp_hdmi/zybo_z7_imx219/zybo_z7_imx219.gen/sources_1/bd/design_1/ip/design_1_v_demosaic_0_0/src/hls/hls_video_hough.h' to the project
Execute     add_files -cflags  -I c:/github/zybo_z7_cam_rpi_v2_5mp_hdmi/zybo_z7_imx219/zybo_z7_imx219.gen/sources_1/bd/design_1/ip/design_1_v_demosaic_0_0/src/hls -I c:/github/zybo_z7_cam_rpi_v2_5mp_hdmi/zybo_z7_imx219/zybo_z7_imx219.gen/sources_1/bd/design_1/ip/design_1_v_demosaic_0_0/src  c:/github/zybo_z7_cam_rpi_v2_5mp_hdmi/zybo_z7_imx219/zybo_z7_imx219.gen/sources_1/bd/design_1/ip/design_1_v_demosaic_0_0/src/hls/hls_video_imgbase.h 
INFO: [HLS 200-1510] Running: add_files -cflags  -I c:/github/zybo_z7_cam_rpi_v2_5mp_hdmi/zybo_z7_imx219/zybo_z7_imx219.gen/sources_1/bd/design_1/ip/design_1_v_demosaic_0_0/src/hls -I c:/github/zybo_z7_cam_rpi_v2_5mp_hdmi/zybo_z7_imx219/zybo_z7_imx219.gen/sources_1/bd/design_1/ip/design_1_v_demosaic_0_0/src  c:/github/zybo_z7_cam_rpi_v2_5mp_hdmi/zybo_z7_imx219/zybo_z7_imx219.gen/sources_1/bd/design_1/ip/design_1_v_demosaic_0_0/src/hls/hls_video_imgbase.h 
INFO: [HLS 200-10] Adding design file 'c:/github/zybo_z7_cam_rpi_v2_5mp_hdmi/zybo_z7_imx219/zybo_z7_imx219.gen/sources_1/bd/design_1/ip/design_1_v_demosaic_0_0/src/hls/hls_video_imgbase.h' to the project
Execute     add_files -cflags  -I c:/github/zybo_z7_cam_rpi_v2_5mp_hdmi/zybo_z7_imx219/zybo_z7_imx219.gen/sources_1/bd/design_1/ip/design_1_v_demosaic_0_0/src/hls -I c:/github/zybo_z7_cam_rpi_v2_5mp_hdmi/zybo_z7_imx219/zybo_z7_imx219.gen/sources_1/bd/design_1/ip/design_1_v_demosaic_0_0/src  c:/github/zybo_z7_cam_rpi_v2_5mp_hdmi/zybo_z7_imx219/zybo_z7_imx219.gen/sources_1/bd/design_1/ip/design_1_v_demosaic_0_0/src/hls/hls_video_imgproc.h 
INFO: [HLS 200-1510] Running: add_files -cflags  -I c:/github/zybo_z7_cam_rpi_v2_5mp_hdmi/zybo_z7_imx219/zybo_z7_imx219.gen/sources_1/bd/design_1/ip/design_1_v_demosaic_0_0/src/hls -I c:/github/zybo_z7_cam_rpi_v2_5mp_hdmi/zybo_z7_imx219/zybo_z7_imx219.gen/sources_1/bd/design_1/ip/design_1_v_demosaic_0_0/src  c:/github/zybo_z7_cam_rpi_v2_5mp_hdmi/zybo_z7_imx219/zybo_z7_imx219.gen/sources_1/bd/design_1/ip/design_1_v_demosaic_0_0/src/hls/hls_video_imgproc.h 
INFO: [HLS 200-10] Adding design file 'c:/github/zybo_z7_cam_rpi_v2_5mp_hdmi/zybo_z7_imx219/zybo_z7_imx219.gen/sources_1/bd/design_1/ip/design_1_v_demosaic_0_0/src/hls/hls_video_imgproc.h' to the project
Execute     add_files -cflags  -I c:/github/zybo_z7_cam_rpi_v2_5mp_hdmi/zybo_z7_imx219/zybo_z7_imx219.gen/sources_1/bd/design_1/ip/design_1_v_demosaic_0_0/src/hls -I c:/github/zybo_z7_cam_rpi_v2_5mp_hdmi/zybo_z7_imx219/zybo_z7_imx219.gen/sources_1/bd/design_1/ip/design_1_v_demosaic_0_0/src  c:/github/zybo_z7_cam_rpi_v2_5mp_hdmi/zybo_z7_imx219/zybo_z7_imx219.gen/sources_1/bd/design_1/ip/design_1_v_demosaic_0_0/src/hls/hls_video_io.h 
INFO: [HLS 200-1510] Running: add_files -cflags  -I c:/github/zybo_z7_cam_rpi_v2_5mp_hdmi/zybo_z7_imx219/zybo_z7_imx219.gen/sources_1/bd/design_1/ip/design_1_v_demosaic_0_0/src/hls -I c:/github/zybo_z7_cam_rpi_v2_5mp_hdmi/zybo_z7_imx219/zybo_z7_imx219.gen/sources_1/bd/design_1/ip/design_1_v_demosaic_0_0/src  c:/github/zybo_z7_cam_rpi_v2_5mp_hdmi/zybo_z7_imx219/zybo_z7_imx219.gen/sources_1/bd/design_1/ip/design_1_v_demosaic_0_0/src/hls/hls_video_io.h 
INFO: [HLS 200-10] Adding design file 'c:/github/zybo_z7_cam_rpi_v2_5mp_hdmi/zybo_z7_imx219/zybo_z7_imx219.gen/sources_1/bd/design_1/ip/design_1_v_demosaic_0_0/src/hls/hls_video_io.h' to the project
Execute     add_files -cflags  -I c:/github/zybo_z7_cam_rpi_v2_5mp_hdmi/zybo_z7_imx219/zybo_z7_imx219.gen/sources_1/bd/design_1/ip/design_1_v_demosaic_0_0/src/hls -I c:/github/zybo_z7_cam_rpi_v2_5mp_hdmi/zybo_z7_imx219/zybo_z7_imx219.gen/sources_1/bd/design_1/ip/design_1_v_demosaic_0_0/src  c:/github/zybo_z7_cam_rpi_v2_5mp_hdmi/zybo_z7_imx219/zybo_z7_imx219.gen/sources_1/bd/design_1/ip/design_1_v_demosaic_0_0/src/hls/hls_video_mem.h 
INFO: [HLS 200-1510] Running: add_files -cflags  -I c:/github/zybo_z7_cam_rpi_v2_5mp_hdmi/zybo_z7_imx219/zybo_z7_imx219.gen/sources_1/bd/design_1/ip/design_1_v_demosaic_0_0/src/hls -I c:/github/zybo_z7_cam_rpi_v2_5mp_hdmi/zybo_z7_imx219/zybo_z7_imx219.gen/sources_1/bd/design_1/ip/design_1_v_demosaic_0_0/src  c:/github/zybo_z7_cam_rpi_v2_5mp_hdmi/zybo_z7_imx219/zybo_z7_imx219.gen/sources_1/bd/design_1/ip/design_1_v_demosaic_0_0/src/hls/hls_video_mem.h 
INFO: [HLS 200-10] Adding design file 'c:/github/zybo_z7_cam_rpi_v2_5mp_hdmi/zybo_z7_imx219/zybo_z7_imx219.gen/sources_1/bd/design_1/ip/design_1_v_demosaic_0_0/src/hls/hls_video_mem.h' to the project
Execute     add_files -cflags  -I c:/github/zybo_z7_cam_rpi_v2_5mp_hdmi/zybo_z7_imx219/zybo_z7_imx219.gen/sources_1/bd/design_1/ip/design_1_v_demosaic_0_0/src/hls -I c:/github/zybo_z7_cam_rpi_v2_5mp_hdmi/zybo_z7_imx219/zybo_z7_imx219.gen/sources_1/bd/design_1/ip/design_1_v_demosaic_0_0/src  c:/github/zybo_z7_cam_rpi_v2_5mp_hdmi/zybo_z7_imx219/zybo_z7_imx219.gen/sources_1/bd/design_1/ip/design_1_v_demosaic_0_0/src/hls/hls_video_stereobm.h 
INFO: [HLS 200-1510] Running: add_files -cflags  -I c:/github/zybo_z7_cam_rpi_v2_5mp_hdmi/zybo_z7_imx219/zybo_z7_imx219.gen/sources_1/bd/design_1/ip/design_1_v_demosaic_0_0/src/hls -I c:/github/zybo_z7_cam_rpi_v2_5mp_hdmi/zybo_z7_imx219/zybo_z7_imx219.gen/sources_1/bd/design_1/ip/design_1_v_demosaic_0_0/src  c:/github/zybo_z7_cam_rpi_v2_5mp_hdmi/zybo_z7_imx219/zybo_z7_imx219.gen/sources_1/bd/design_1/ip/design_1_v_demosaic_0_0/src/hls/hls_video_stereobm.h 
INFO: [HLS 200-10] Adding design file 'c:/github/zybo_z7_cam_rpi_v2_5mp_hdmi/zybo_z7_imx219/zybo_z7_imx219.gen/sources_1/bd/design_1/ip/design_1_v_demosaic_0_0/src/hls/hls_video_stereobm.h' to the project
Execute     add_files -cflags  -I c:/github/zybo_z7_cam_rpi_v2_5mp_hdmi/zybo_z7_imx219/zybo_z7_imx219.gen/sources_1/bd/design_1/ip/design_1_v_demosaic_0_0/src/hls -I c:/github/zybo_z7_cam_rpi_v2_5mp_hdmi/zybo_z7_imx219/zybo_z7_imx219.gen/sources_1/bd/design_1/ip/design_1_v_demosaic_0_0/src  c:/github/zybo_z7_cam_rpi_v2_5mp_hdmi/zybo_z7_imx219/zybo_z7_imx219.gen/sources_1/bd/design_1/ip/design_1_v_demosaic_0_0/src/hls/hls_video_types.h 
INFO: [HLS 200-1510] Running: add_files -cflags  -I c:/github/zybo_z7_cam_rpi_v2_5mp_hdmi/zybo_z7_imx219/zybo_z7_imx219.gen/sources_1/bd/design_1/ip/design_1_v_demosaic_0_0/src/hls -I c:/github/zybo_z7_cam_rpi_v2_5mp_hdmi/zybo_z7_imx219/zybo_z7_imx219.gen/sources_1/bd/design_1/ip/design_1_v_demosaic_0_0/src  c:/github/zybo_z7_cam_rpi_v2_5mp_hdmi/zybo_z7_imx219/zybo_z7_imx219.gen/sources_1/bd/design_1/ip/design_1_v_demosaic_0_0/src/hls/hls_video_types.h 
INFO: [HLS 200-10] Adding design file 'c:/github/zybo_z7_cam_rpi_v2_5mp_hdmi/zybo_z7_imx219/zybo_z7_imx219.gen/sources_1/bd/design_1/ip/design_1_v_demosaic_0_0/src/hls/hls_video_types.h' to the project
Execute     add_files -cflags  -I c:/github/zybo_z7_cam_rpi_v2_5mp_hdmi/zybo_z7_imx219/zybo_z7_imx219.gen/sources_1/bd/design_1/ip/design_1_v_demosaic_0_0/src/hls -I c:/github/zybo_z7_cam_rpi_v2_5mp_hdmi/zybo_z7_imx219/zybo_z7_imx219.gen/sources_1/bd/design_1/ip/design_1_v_demosaic_0_0/src  c:/github/zybo_z7_cam_rpi_v2_5mp_hdmi/zybo_z7_imx219/zybo_z7_imx219.gen/sources_1/bd/design_1/ip/design_1_v_demosaic_0_0/src/hls/hls_video_undistort.h 
INFO: [HLS 200-1510] Running: add_files -cflags  -I c:/github/zybo_z7_cam_rpi_v2_5mp_hdmi/zybo_z7_imx219/zybo_z7_imx219.gen/sources_1/bd/design_1/ip/design_1_v_demosaic_0_0/src/hls -I c:/github/zybo_z7_cam_rpi_v2_5mp_hdmi/zybo_z7_imx219/zybo_z7_imx219.gen/sources_1/bd/design_1/ip/design_1_v_demosaic_0_0/src  c:/github/zybo_z7_cam_rpi_v2_5mp_hdmi/zybo_z7_imx219/zybo_z7_imx219.gen/sources_1/bd/design_1/ip/design_1_v_demosaic_0_0/src/hls/hls_video_undistort.h 
INFO: [HLS 200-10] Adding design file 'c:/github/zybo_z7_cam_rpi_v2_5mp_hdmi/zybo_z7_imx219/zybo_z7_imx219.gen/sources_1/bd/design_1/ip/design_1_v_demosaic_0_0/src/hls/hls_video_undistort.h' to the project
Execute     create_clock -period 10 -name ap_clk 
INFO: [HLS 200-1510] Running: create_clock -period 10 -name ap_clk 
Execute       ap_set_clock -name ap_clk -period 10 -unit ns -default=false 
INFO: [SYN 201-201] Setting up clock 'ap_clk' with a period of 10ns.
Execute     config_rtl -module_prefix design_1_v_demosaic_0_0_ 
INFO: [HLS 200-1510] Running: config_rtl -module_prefix design_1_v_demosaic_0_0_ 
Execute     config_export -vendor xilinx.com -library ip -version 1.1 
INFO: [HLS 200-1510] Running: config_export -vendor xilinx.com -library ip -version 1.1 
Execute     csynth_design 
INFO: [HLS 200-1510] Running: csynth_design 
Execute       ::AP::init_summary_file csynth 
Execute       AP::msg_collection_file -open C:/github/zybo_z7_cam_rpi_v2_5mp_hdmi/zybo_z7_imx219/zybo_z7_imx219.runs/design_1_v_demosaic_0_0_synth_1/prj/sol/.autopilot/db/be_messages.xml 
Execute       ap_part_info -name xc7z020-clg400-1 -data info 
INFO-FLOW: run_clang v_demosaic.cpp.xilinx-performance-pragma-detector exec: C:/AMDDesignTools/2025.2/Vitis/win64/tools/clang-16/bin/xilinx-performance-pragma-detector C:/github/zybo_z7_cam_rpi_v2_5mp_hdmi/zybo_z7_imx219/zybo_z7_imx219.gen/sources_1/bd/design_1/ip/design_1_v_demosaic_0_0/src/v_demosaic.cpp -- -fhls -Ic:/github/zybo_z7_cam_rpi_v2_5mp_hdmi/zybo_z7_imx219/zybo_z7_imx219.gen/sources_1/bd/design_1/ip/design_1_v_demosaic_0_0/src/hls -Ic:/github/zybo_z7_cam_rpi_v2_5mp_hdmi/zybo_z7_imx219/zybo_z7_imx219.gen/sources_1/bd/design_1/ip/design_1_v_demosaic_0_0/src -D__VITIS_HLS__ -DAESL_SYN -D__SYNTHESIS__ -D__HLS_SYN__ -I C:/AMDDesignTools/2025.2/Vitis/common/technology/autopilot -I C:/AMDDesignTools/2025.2/Vitis/common/technology/autopilot/ap_sysc -include etc/autopilot_ssdm_op.h -D__DSP48E1__ -target fpga64-xilinx-mingw32 --sysroot C:/AMDDesignTools/2025.2/Vitis/tps/mingw/8.3.0/win64.o/nt {-hls-platform-db-name=C:/AMDDesignTools/2025.2/Vitis\common/technology\xilinx/common/platform.db} -hls-platform-name=zynq_slow -device-resource-info=BRAM_280.000000_DSP_220.000000_FF_106400.000000_LUT_53200.000000_SLICE_13300.000000_URAM_0.000000 -device-name-info=xc7z020clg400-1 > C:/github/zybo_z7_cam_rpi_v2_5mp_hdmi/zybo_z7_imx219/zybo_z7_imx219.runs/design_1_v_demosaic_0_0_synth_1/prj/sol/.autopilot/db/v_demosaic.cpp.xilinx-performance-pragma-detector.out.log 2> C:/github/zybo_z7_cam_rpi_v2_5mp_hdmi/zybo_z7_imx219/zybo_z7_imx219.runs/design_1_v_demosaic_0_0_synth_1/prj/sol/.autopilot/db/v_demosaic.cpp.xilinx-performance-pragma-detector.err.log
INFO-FLOW: run_clang result=success num-err-msgs=0 num-stderr-lines=44
Execute       elaborate -effort=medium -skip_syncheck=0 -keep_printf=0 -skip_cdt=0 -skip_transform=0 -ng=0 -g=0 -from_csynth_design=1 
INFO: [HLS 200-111] Finished File checks and directory preparation: CPU user time: 0 seconds. CPU system time: 0 seconds. Elapsed time: 0.401 seconds; current allocated memory: 134.145 MB.
Execute         send_msg_by_id INFO @200-2191@%s%s C-Synthesis clang-16 
INFO: [HLS 200-2191] C-Synthesis will use clang-16 as the compiler
Execute         set_directive_top v_demosaic -name=v_demosaic 
Execute         source C:/AMDDesignTools/2025.2/Vitis/tps/tcl/tcllib2.0/yaml/huddle.tcl 
Execute           source C:/AMDDesignTools/2025.2/Vitis/tps/tcl/tcllib2.0/yaml/huddle_types.tcl 
Execute         source C:/AMDDesignTools/2025.2/Vitis/tps/tcl/tcllib2.0/yaml/json2huddle.tcl 
Execute           source C:/AMDDesignTools/2025.2/Vitis/tps/tcl/tcllib2.0/try/try.tcl 
INFO: [HLS 200-10] Analyzing design file 'C:/github/zybo_z7_cam_rpi_v2_5mp_hdmi/zybo_z7_imx219/zybo_z7_imx219.gen/sources_1/bd/design_1/ip/design_1_v_demosaic_0_0/src/v_demosaic.cpp' ... 
INFO-FLOW: Compiling one TU...
INFO-FLOW: Handling C:/github/zybo_z7_cam_rpi_v2_5mp_hdmi/zybo_z7_imx219/zybo_z7_imx219.gen/sources_1/bd/design_1/ip/design_1_v_demosaic_0_0/src/v_demosaic.cpp as C++
Execute         ap_part_info -name xc7z020-clg400-1 -data info 
INFO-FLOW: Running: GCC PP 39
INFO-FLOW: Source preprocessing
INFO-FLOW: run_clang v_demosaic.cpp.clang exec: C:/AMDDesignTools/2025.2/Vitis/win64/tools/clang-16/bin/clang C:/github/zybo_z7_cam_rpi_v2_5mp_hdmi/zybo_z7_imx219/zybo_z7_imx219.runs/design_1_v_demosaic_0_0_synth_1/prj/sol/.autopilot/db/v_demosaic.cpp -foptimization-record-file=C:/github/zybo_z7_cam_rpi_v2_5mp_hdmi/zybo_z7_imx219/zybo_z7_imx219.runs/design_1_v_demosaic_0_0_synth_1/prj/sol/.autopilot/db/v_demosaic.cpp.clang.diag.yml -mllvm -pass-remarks-missed=reflow|pasta|unroll|inline -mllvm -pass-remarks=reflow|pasta|unroll|inline -fno-limit-debug-info --sysroot C:/AMDDesignTools/2025.2/Vitis/tps/mingw/8.3.0/win64.o/nt -fhls -fno-exceptions -insert-hls-directive=C:/github/zybo_z7_cam_rpi_v2_5mp_hdmi/zybo_z7_imx219/zybo_z7_imx219.runs/design_1_v_demosaic_0_0_synth_1/prj/sol/.autopilot/db/all.directive.json -hls-directive-location -E -Ic:/github/zybo_z7_cam_rpi_v2_5mp_hdmi/zybo_z7_imx219/zybo_z7_imx219.gen/sources_1/bd/design_1/ip/design_1_v_demosaic_0_0/src/hls -Ic:/github/zybo_z7_cam_rpi_v2_5mp_hdmi/zybo_z7_imx219/zybo_z7_imx219.gen/sources_1/bd/design_1/ip/design_1_v_demosaic_0_0/src -fno-math-errno -c -emit-llvm -mllvm -disable-llvm-optzns -Xclang -no-opaque-pointers -Xclang -fmerge-all-constants -Werror=implicit-hls-streams -Werror=return-type -Wpragmas -Wunused-parameter -Wdump-hls-pragmas -Wno-error=dump-hls-pragmas -hls-clock-period=10 -fno-threadsafe-statics -fno-use-cxa-atexit -target fpga64-xilinx-mingw32 -fno-threadsafe-statics -fno-use-cxa-atexit -D__VITIS_HLS__ -DAESL_SYN -D__SYNTHESIS__ -D__HLS_SYN__ -I C:/AMDDesignTools/2025.2/Vitis/common/technology/autopilot -I C:/AMDDesignTools/2025.2/Vitis/common/technology/autopilot/ap_sysc -include etc/autopilot_ssdm_op.h -D__DSP48E1__ -o C:/github/zybo_z7_cam_rpi_v2_5mp_hdmi/zybo_z7_imx219/zybo_z7_imx219.runs/design_1_v_demosaic_0_0_synth_1/prj/sol/.autopilot/db/v_demosaic.pp.0.cpp {-hls-platform-db-name=C:/AMDDesignTools/2025.2/Vitis\common/technology\xilinx/common/platform.db} -hls-platform-name=zynq_slow -device-resource-info=BRAM_280.000000_DSP_220.000000_FF_106400.000000_LUT_53200.000000_SLICE_13300.000000_URAM_0.000000 -device-name-info=xc7z020clg400-1 > C:/github/zybo_z7_cam_rpi_v2_5mp_hdmi/zybo_z7_imx219/zybo_z7_imx219.runs/design_1_v_demosaic_0_0_synth_1/prj/sol/.autopilot/db/v_demosaic.cpp.clang.out.log 2> C:/github/zybo_z7_cam_rpi_v2_5mp_hdmi/zybo_z7_imx219/zybo_z7_imx219.runs/design_1_v_demosaic_0_0_synth_1/prj/sol/.autopilot/db/v_demosaic.cpp.clang.err.log
INFO-FLOW: run_clang result=success num-err-msgs=0 num-stderr-lines=0
INFO-FLOW: Done: GCC PP 39 time: 2.7 seconds 
INFO-FLOW: Source syntax check for synthesis
INFO-FLOW: run_clang clang exec: C:/AMDDesignTools/2025.2/Vitis/win64/tools/clang-16/bin/clang -foptimization-record-file=C:/github/zybo_z7_cam_rpi_v2_5mp_hdmi/zybo_z7_imx219/zybo_z7_imx219.runs/design_1_v_demosaic_0_0_synth_1/prj/sol/.autopilot/db/clang.diag.yml -mllvm -pass-remarks-missed=reflow|pasta|unroll|inline -mllvm -pass-remarks=reflow|pasta|unroll|inline -fsyntax-only -fhls -target fpga64-xilinx-linux-gnu C:/github/zybo_z7_cam_rpi_v2_5mp_hdmi/zybo_z7_imx219/zybo_z7_imx219.runs/design_1_v_demosaic_0_0_synth_1/prj/sol/.autopilot/db/v_demosaic.pp.0.cpp {-hls-platform-db-name=C:/AMDDesignTools/2025.2/Vitis\common/technology\xilinx/common/platform.db} -hls-platform-name=zynq_slow -device-resource-info=BRAM_280.000000_DSP_220.000000_FF_106400.000000_LUT_53200.000000_SLICE_13300.000000_URAM_0.000000 -device-name-info=xc7z020clg400-1 > C:/github/zybo_z7_cam_rpi_v2_5mp_hdmi/zybo_z7_imx219/zybo_z7_imx219.runs/design_1_v_demosaic_0_0_synth_1/prj/sol/.autopilot/db/clang.out.log 2> C:/github/zybo_z7_cam_rpi_v2_5mp_hdmi/zybo_z7_imx219/zybo_z7_imx219.runs/design_1_v_demosaic_0_0_synth_1/prj/sol/.autopilot/db/clang.err.log
WARNING: [HLS 207-6998] 'Ap_stable' in '#pragma HLS INTERFACE' is deprecated, use 'Stable Pragma' instead (C:/github/zybo_z7_cam_rpi_v2_5mp_hdmi/zybo_z7_imx219/zybo_z7_imx219.runs/design_1_v_demosaic_0_0_synth_1/prj/sol/.autopilot/db/v_demosaic.cpp:102:23)
WARNING: [HLS 207-6998] 'Ap_stable' in '#pragma HLS INTERFACE' is deprecated, use 'Stable Pragma' instead (C:/github/zybo_z7_cam_rpi_v2_5mp_hdmi/zybo_z7_imx219/zybo_z7_imx219.runs/design_1_v_demosaic_0_0_synth_1/prj/sol/.autopilot/db/v_demosaic.cpp:104:23)
INFO-FLOW: run_clang result=success num-err-msgs=0 num-stderr-lines=0
Execute         clang_tidy xilinx-systemc-detector -desc systemc-detector C:/github/zybo_z7_cam_rpi_v2_5mp_hdmi/zybo_z7_imx219/zybo_z7_imx219.runs/design_1_v_demosaic_0_0_synth_1/prj/sol/.autopilot/db/v_demosaic.pp.0.cpp  -target fpga -directive=C:/github/zybo_z7_cam_rpi_v2_5mp_hdmi/zybo_z7_imx219/zybo_z7_imx219.runs/design_1_v_demosaic_0_0_synth_1/prj/sol/.autopilot/db/.systemc_flag 
INFO-FLOW: exec C:/AMDDesignTools/2025.2/Vitis/win64/tools/clang-16/bin/clang-tidy -header-filter=.* --checks=-*,xilinx-systemc-detector -import-directive=C:/github/zybo_z7_cam_rpi_v2_5mp_hdmi/zybo_z7_imx219/zybo_z7_imx219.runs/design_1_v_demosaic_0_0_synth_1/prj/sol/.autopilot/db/.systemc_flag -fix-errors C:/github/zybo_z7_cam_rpi_v2_5mp_hdmi/zybo_z7_imx219/zybo_z7_imx219.runs/design_1_v_demosaic_0_0_synth_1/prj/sol/.autopilot/db/v_demosaic.pp.0.cpp -- - -target fpga -fhls -ferror-limit=0
Command         clang_tidy done; 8.889 sec.
INFO-FLOW: Running: clang-tidy CDT preprocess 39
Execute         clang_tidy xilinx-directive2pragma -desc directive2pragma C:/github/zybo_z7_cam_rpi_v2_5mp_hdmi/zybo_z7_imx219/zybo_z7_imx219.runs/design_1_v_demosaic_0_0_synth_1/prj/sol/.autopilot/db/v_demosaic.pp.0.cpp  -target fpga -directive=C:/github/zybo_z7_cam_rpi_v2_5mp_hdmi/zybo_z7_imx219/zybo_z7_imx219.runs/design_1_v_demosaic_0_0_synth_1/prj/sol/.autopilot/db/all.directive.json 
INFO-FLOW: exec C:/AMDDesignTools/2025.2/Vitis/win64/tools/clang-16/bin/clang-tidy -header-filter=.* --checks=-*,xilinx-directive2pragma -import-directive=C:/github/zybo_z7_cam_rpi_v2_5mp_hdmi/zybo_z7_imx219/zybo_z7_imx219.runs/design_1_v_demosaic_0_0_synth_1/prj/sol/.autopilot/db/all.directive.json -fix-errors C:/github/zybo_z7_cam_rpi_v2_5mp_hdmi/zybo_z7_imx219/zybo_z7_imx219.runs/design_1_v_demosaic_0_0_synth_1/prj/sol/.autopilot/db/v_demosaic.pp.0.cpp -- - -target fpga -fhls -ferror-limit=0
Command         clang_tidy done; 9.643 sec.
INFO-FLOW: Done: clang-tidy CDT preprocess 39 time: 9.6 seconds 
INFO-FLOW: Calling xilinx-label-all-loops ... 
INFO-FLOW: Calling xilinx-aggregate-on-hls-vector ... 
Execute         clang_tidy -errorcheck -desc loop-label xilinx-label-all-loops,xilinx-aggregate-on-hls-vector,,xilinx-warn-mayneed-no-ctor-attribute C:/github/zybo_z7_cam_rpi_v2_5mp_hdmi/zybo_z7_imx219/zybo_z7_imx219.runs/design_1_v_demosaic_0_0_synth_1/prj/sol/.autopilot/db/v_demosaic.pp.0.cpp  -target fpga 
INFO-FLOW: run_clang loop-label exec: C:/AMDDesignTools/2025.2/Vitis/win64/tools/clang-16/bin/clang-tidy -export-fixes=C:/github/zybo_z7_cam_rpi_v2_5mp_hdmi/zybo_z7_imx219/zybo_z7_imx219.runs/design_1_v_demosaic_0_0_synth_1/prj/sol/.autopilot/db/v_demosaic.pp.0.cpp.clang-tidy.loop-label.diag.yml -header-filter=.* --checks=-*,xilinx-label-all-loops,xilinx-aggregate-on-hls-vector,,xilinx-warn-mayneed-no-ctor-attribute -fix-errors C:/github/zybo_z7_cam_rpi_v2_5mp_hdmi/zybo_z7_imx219/zybo_z7_imx219.runs/design_1_v_demosaic_0_0_synth_1/prj/sol/.autopilot/db/v_demosaic.pp.0.cpp -- - -target fpga -fhls -ferror-limit=0 > C:/github/zybo_z7_cam_rpi_v2_5mp_hdmi/zybo_z7_imx219/zybo_z7_imx219.runs/design_1_v_demosaic_0_0_synth_1/prj/sol/.autopilot/db/v_demosaic.pp.0.cpp.clang-tidy.loop-label.out.log 2> C:/github/zybo_z7_cam_rpi_v2_5mp_hdmi/zybo_z7_imx219/zybo_z7_imx219.runs/design_1_v_demosaic_0_0_synth_1/prj/sol/.autopilot/db/v_demosaic.pp.0.cpp.clang-tidy.loop-label.err.log
Execute           source C:/AMDDesignTools/2025.2/Vitis/tps/tcl/tcllib2.0/yaml/yaml.tcl 
Execute             source C:/AMDDesignTools/2025.2/Vitis/tps/tcl/tcllib2.0/cmdline/cmdline.tcl 
INFO-FLOW: run_clang result=success num-err-msgs=0 num-stderr-lines=2049
Command         clang_tidy done; 23.481 sec.
INFO-FLOW: run_clang v_demosaic.pp.0.cpp.xilinx-dataflow-lawyer exec: C:/AMDDesignTools/2025.2/Vitis/win64/tools/clang-16/bin/xilinx-dataflow-lawyer -export-fixes=C:/github/zybo_z7_cam_rpi_v2_5mp_hdmi/zybo_z7_imx219/zybo_z7_imx219.runs/design_1_v_demosaic_0_0_synth_1/prj/sol/.autopilot/db/v_demosaic.pp.0.cpp.xilinx-dataflow-lawyer.diag.yml C:/github/zybo_z7_cam_rpi_v2_5mp_hdmi/zybo_z7_imx219/zybo_z7_imx219.runs/design_1_v_demosaic_0_0_synth_1/prj/sol/.autopilot/db/v_demosaic.pp.0.cpp -- - -target fpga -fhls -ferror-limit=0 -fstrict-dataflow > C:/github/zybo_z7_cam_rpi_v2_5mp_hdmi/zybo_z7_imx219/zybo_z7_imx219.runs/design_1_v_demosaic_0_0_synth_1/prj/sol/.autopilot/db/v_demosaic.pp.0.cpp.xilinx-dataflow-lawyer.out.log 2> C:/github/zybo_z7_cam_rpi_v2_5mp_hdmi/zybo_z7_imx219/zybo_z7_imx219.runs/design_1_v_demosaic_0_0_synth_1/prj/sol/.autopilot/db/v_demosaic.pp.0.cpp.xilinx-dataflow-lawyer.err.log
INFO-FLOW: run_clang result=success num-err-msgs=0 num-stderr-lines=0
Execute         ap_part_info -name xc7z020-clg400-1 -data info 
INFO-FLOW: compiling source code to llvm bc
INFO-FLOW: run_clang v_demosaic.pp.0.cpp.clang exec: C:/AMDDesignTools/2025.2/Vitis/win64/tools/clang-16/bin/clang -foptimization-record-file=C:/github/zybo_z7_cam_rpi_v2_5mp_hdmi/zybo_z7_imx219/zybo_z7_imx219.runs/design_1_v_demosaic_0_0_synth_1/prj/sol/.autopilot/db/v_demosaic.pp.0.cpp.clang.diag.yml -mllvm -pass-remarks-missed=reflow|pasta|unroll|inline -mllvm -pass-remarks=reflow|pasta|unroll|inline -flto -fno-exceptions -Wno-error=c++11-narrowing -fno-limit-debug-info -fhls -hls-emit-hint-scope C:/github/zybo_z7_cam_rpi_v2_5mp_hdmi/zybo_z7_imx219/zybo_z7_imx219.runs/design_1_v_demosaic_0_0_synth_1/prj/sol/.autopilot/db/v_demosaic.pp.0.cpp -Ic:/github/zybo_z7_cam_rpi_v2_5mp_hdmi/zybo_z7_imx219/zybo_z7_imx219.gen/sources_1/bd/design_1/ip/design_1_v_demosaic_0_0/src/hls -Ic:/github/zybo_z7_cam_rpi_v2_5mp_hdmi/zybo_z7_imx219/zybo_z7_imx219.gen/sources_1/bd/design_1/ip/design_1_v_demosaic_0_0/src -fno-math-errno -c -emit-llvm -mllvm -disable-llvm-optzns -Xclang -no-opaque-pointers -Xclang -fmerge-all-constants -Werror=implicit-hls-streams -Werror=return-type -Wpragmas -Wunused-parameter -Wdump-hls-pragmas -Wno-error=dump-hls-pragmas -hls-clock-period=10 -fno-threadsafe-statics -fno-use-cxa-atexit -target fpga64-xilinx-linux-gnu -D__VITIS_HLS__ -DAESL_SYN -D__SYNTHESIS__ -D__HLS_SYN__ -I C:/AMDDesignTools/2025.2/Vitis/common/technology/autopilot -I C:/AMDDesignTools/2025.2/Vitis/common/technology/autopilot/ap_sysc -include etc/autopilot_ssdm_op.h -D__DSP48E1__ -g -o C:/github/zybo_z7_cam_rpi_v2_5mp_hdmi/zybo_z7_imx219/zybo_z7_imx219.runs/design_1_v_demosaic_0_0_synth_1/prj/sol/.autopilot/db/v_demosaic.pre.g.bc {-hls-platform-db-name=C:/AMDDesignTools/2025.2/Vitis\common/technology\xilinx/common/platform.db} -hls-platform-name=zynq_slow -device-resource-info=BRAM_280.000000_DSP_220.000000_FF_106400.000000_LUT_53200.000000_SLICE_13300.000000_URAM_0.000000 -device-name-info=xc7z020clg400-1 > C:/github/zybo_z7_cam_rpi_v2_5mp_hdmi/zybo_z7_imx219/zybo_z7_imx219.runs/design_1_v_demosaic_0_0_synth_1/prj/sol/.autopilot/db/v_demosaic.pp.0.cpp.clang.out.log 2> C:/github/zybo_z7_cam_rpi_v2_5mp_hdmi/zybo_z7_imx219/zybo_z7_imx219.runs/design_1_v_demosaic_0_0_synth_1/prj/sol/.autopilot/db/v_demosaic.pp.0.cpp.clang.err.log
INFO-FLOW: run_clang result=success num-err-msgs=0 num-stderr-lines=0
INFO-FLOW: converting llvm 16.0.4 bc to downstrem bc
INFO-FLOW: run_clang v_demosaic.bc.llvm-converter exec: C:/AMDDesignTools/2025.2/Vitis/win64/tools/clang-16/bin/llvm-converter -opaque-pointers=0 C:/github/zybo_z7_cam_rpi_v2_5mp_hdmi/zybo_z7_imx219/zybo_z7_imx219.runs/design_1_v_demosaic_0_0_synth_1/prj/sol/.autopilot/db/v_demosaic.pre.g.bc -o C:/github/zybo_z7_cam_rpi_v2_5mp_hdmi/zybo_z7_imx219/zybo_z7_imx219.runs/design_1_v_demosaic_0_0_synth_1/prj/sol/.autopilot/db/v_demosaic.bc > C:/github/zybo_z7_cam_rpi_v2_5mp_hdmi/zybo_z7_imx219/zybo_z7_imx219.runs/design_1_v_demosaic_0_0_synth_1/prj/sol/.autopilot/db/v_demosaic.bc.llvm-converter.out.log 2> C:/github/zybo_z7_cam_rpi_v2_5mp_hdmi/zybo_z7_imx219/zybo_z7_imx219.runs/design_1_v_demosaic_0_0_synth_1/prj/sol/.autopilot/db/v_demosaic.bc.llvm-converter.err.log
INFO-FLOW: run_clang result=success num-err-msgs=0 num-stderr-lines=0
INFO: [HLS 200-111] Finished Source Code Analysis and Preprocessing: CPU user time: 6 seconds. CPU system time: 1 seconds. Elapsed time: 69.842 seconds; current allocated memory: 153.598 MB.
INFO-FLOW: Linking Debug ...
INFO-FLOW: Linking dut bc code.
Execute         run_link_or_opt -out C:/github/zybo_z7_cam_rpi_v2_5mp_hdmi/zybo_z7_imx219/zybo_z7_imx219.runs/design_1_v_demosaic_0_0_synth_1/prj/sol/.autopilot/db/a.g.ld.0.bc -args C:/github/zybo_z7_cam_rpi_v2_5mp_hdmi/zybo_z7_imx219/zybo_z7_imx219.runs/design_1_v_demosaic_0_0_synth_1/prj/sol/.autopilot/db/v_demosaic.bc 
INFO-FLOW: run_clang a.g.ld.0.bc.llvm-link exec: C:/AMDDesignTools/2025.2/Vitis/win64/tools/clang-3.9-csynth/bin/llvm-link C:/github/zybo_z7_cam_rpi_v2_5mp_hdmi/zybo_z7_imx219/zybo_z7_imx219.runs/design_1_v_demosaic_0_0_synth_1/prj/sol/.autopilot/db/v_demosaic.bc -o C:/github/zybo_z7_cam_rpi_v2_5mp_hdmi/zybo_z7_imx219/zybo_z7_imx219.runs/design_1_v_demosaic_0_0_synth_1/prj/sol/.autopilot/db/a.g.ld.0.bc > C:/github/zybo_z7_cam_rpi_v2_5mp_hdmi/zybo_z7_imx219/zybo_z7_imx219.runs/design_1_v_demosaic_0_0_synth_1/prj/sol/.autopilot/db/a.g.ld.0.bc.llvm-link.out.log 2> C:/github/zybo_z7_cam_rpi_v2_5mp_hdmi/zybo_z7_imx219/zybo_z7_imx219.runs/design_1_v_demosaic_0_0_synth_1/prj/sol/.autopilot/db/a.g.ld.0.bc.llvm-link.err.log
INFO-FLOW: run_clang result=success num-err-msgs=0 num-stderr-lines=0
Execute         run_link_or_opt -opt -out C:/github/zybo_z7_cam_rpi_v2_5mp_hdmi/zybo_z7_imx219/zybo_z7_imx219.runs/design_1_v_demosaic_0_0_synth_1/prj/sol/.autopilot/db/a.g.ld.1.lower.bc -args C:/github/zybo_z7_cam_rpi_v2_5mp_hdmi/zybo_z7_imx219/zybo_z7_imx219.runs/design_1_v_demosaic_0_0_synth_1/prj/sol/.autopilot/db/a.g.ld.0.bc -reflow-lower-math-intrinsics 
INFO-FLOW: run_clang a.g.ld.1.lower.bc.opt exec: C:/AMDDesignTools/2025.2/Vitis/win64/tools/clang-3.9-csynth/bin/opt -pass-remarks-missed=reflow|pasta|unroll|inline -pass-remarks=reflow|pasta|unroll|inline -pass-remarks-output=C:/github/zybo_z7_cam_rpi_v2_5mp_hdmi/zybo_z7_imx219/zybo_z7_imx219.runs/design_1_v_demosaic_0_0_synth_1/prj/sol/.autopilot/db/a.g.ld.1.lower.bc.opt.diag.yml C:/github/zybo_z7_cam_rpi_v2_5mp_hdmi/zybo_z7_imx219/zybo_z7_imx219.runs/design_1_v_demosaic_0_0_synth_1/prj/sol/.autopilot/db/a.g.ld.0.bc -reflow-lower-math-intrinsics -o C:/github/zybo_z7_cam_rpi_v2_5mp_hdmi/zybo_z7_imx219/zybo_z7_imx219.runs/design_1_v_demosaic_0_0_synth_1/prj/sol/.autopilot/db/a.g.ld.1.lower.bc > C:/github/zybo_z7_cam_rpi_v2_5mp_hdmi/zybo_z7_imx219/zybo_z7_imx219.runs/design_1_v_demosaic_0_0_synth_1/prj/sol/.autopilot/db/a.g.ld.1.lower.bc.opt.out.log 2> C:/github/zybo_z7_cam_rpi_v2_5mp_hdmi/zybo_z7_imx219/zybo_z7_imx219.runs/design_1_v_demosaic_0_0_synth_1/prj/sol/.autopilot/db/a.g.ld.1.lower.bc.opt.err.log
INFO-FLOW: run_clang result=success num-err-msgs=0 num-stderr-lines=0
INFO-FLOW: Running: gen_design_size_report post-opt
INFO-FLOW: Done: gen_design_size_report post-opt time: 0 seconds 
Command         run_link_or_opt done; 0.169 sec.
INFO-FLOW: Linking math bc lib
Execute         run_link_or_opt -out C:/github/zybo_z7_cam_rpi_v2_5mp_hdmi/zybo_z7_imx219/zybo_z7_imx219.runs/design_1_v_demosaic_0_0_synth_1/prj/sol/.autopilot/db/a.g.ld.2.m1.bc -args C:/github/zybo_z7_cam_rpi_v2_5mp_hdmi/zybo_z7_imx219/zybo_z7_imx219.runs/design_1_v_demosaic_0_0_synth_1/prj/sol/.autopilot/db/a.g.ld.1.lower.bc -only-needed C:/AMDDesignTools/2025.2/Vitis/win64/lib/libhlsm_39.bc C:/AMDDesignTools/2025.2/Vitis/win64/lib/libhlsmc++_39.bc 
INFO-FLOW: run_clang a.g.ld.2.m1.bc.llvm-link exec: C:/AMDDesignTools/2025.2/Vitis/win64/tools/clang-3.9-csynth/bin/llvm-link C:/github/zybo_z7_cam_rpi_v2_5mp_hdmi/zybo_z7_imx219/zybo_z7_imx219.runs/design_1_v_demosaic_0_0_synth_1/prj/sol/.autopilot/db/a.g.ld.1.lower.bc -only-needed C:/AMDDesignTools/2025.2/Vitis/win64/lib/libhlsm_39.bc C:/AMDDesignTools/2025.2/Vitis/win64/lib/libhlsmc++_39.bc -o C:/github/zybo_z7_cam_rpi_v2_5mp_hdmi/zybo_z7_imx219/zybo_z7_imx219.runs/design_1_v_demosaic_0_0_synth_1/prj/sol/.autopilot/db/a.g.ld.2.m1.bc > C:/github/zybo_z7_cam_rpi_v2_5mp_hdmi/zybo_z7_imx219/zybo_z7_imx219.runs/design_1_v_demosaic_0_0_synth_1/prj/sol/.autopilot/db/a.g.ld.2.m1.bc.llvm-link.out.log 2> C:/github/zybo_z7_cam_rpi_v2_5mp_hdmi/zybo_z7_imx219/zybo_z7_imx219.runs/design_1_v_demosaic_0_0_synth_1/prj/sol/.autopilot/db/a.g.ld.2.m1.bc.llvm-link.err.log
INFO-FLOW: run_clang result=success num-err-msgs=0 num-stderr-lines=0
Command         run_link_or_opt done; 3.101 sec.
Execute         run_link_or_opt -opt -out C:/github/zybo_z7_cam_rpi_v2_5mp_hdmi/zybo_z7_imx219/zybo_z7_imx219.runs/design_1_v_demosaic_0_0_synth_1/prj/sol/.autopilot/db/a.g.ld.3.fpc.bc -args C:/github/zybo_z7_cam_rpi_v2_5mp_hdmi/zybo_z7_imx219/zybo_z7_imx219.runs/design_1_v_demosaic_0_0_synth_1/prj/sol/.autopilot/db/a.g.ld.2.m1.bc -reflow-globaldce -hls-top-function-name=v_demosaic -reflow-float-conversion 
INFO-FLOW: run_clang a.g.ld.3.fpc.bc.opt exec: C:/AMDDesignTools/2025.2/Vitis/win64/tools/clang-3.9-csynth/bin/opt -pass-remarks-missed=reflow|pasta|unroll|inline -pass-remarks=reflow|pasta|unroll|inline -pass-remarks-output=C:/github/zybo_z7_cam_rpi_v2_5mp_hdmi/zybo_z7_imx219/zybo_z7_imx219.runs/design_1_v_demosaic_0_0_synth_1/prj/sol/.autopilot/db/a.g.ld.3.fpc.bc.opt.diag.yml C:/github/zybo_z7_cam_rpi_v2_5mp_hdmi/zybo_z7_imx219/zybo_z7_imx219.runs/design_1_v_demosaic_0_0_synth_1/prj/sol/.autopilot/db/a.g.ld.2.m1.bc -reflow-globaldce -hls-top-function-name=v_demosaic -reflow-float-conversion -o C:/github/zybo_z7_cam_rpi_v2_5mp_hdmi/zybo_z7_imx219/zybo_z7_imx219.runs/design_1_v_demosaic_0_0_synth_1/prj/sol/.autopilot/db/a.g.ld.3.fpc.bc > C:/github/zybo_z7_cam_rpi_v2_5mp_hdmi/zybo_z7_imx219/zybo_z7_imx219.runs/design_1_v_demosaic_0_0_synth_1/prj/sol/.autopilot/db/a.g.ld.3.fpc.bc.opt.out.log 2> C:/github/zybo_z7_cam_rpi_v2_5mp_hdmi/zybo_z7_imx219/zybo_z7_imx219.runs/design_1_v_demosaic_0_0_synth_1/prj/sol/.autopilot/db/a.g.ld.3.fpc.bc.opt.err.log
INFO-FLOW: run_clang result=success num-err-msgs=0 num-stderr-lines=0
INFO-FLOW: Running: gen_design_size_report post-opt
INFO-FLOW: Done: gen_design_size_report post-opt time: 0 seconds 
Command         run_link_or_opt done; 1.497 sec.
Execute         run_link_or_opt -out C:/github/zybo_z7_cam_rpi_v2_5mp_hdmi/zybo_z7_imx219/zybo_z7_imx219.runs/design_1_v_demosaic_0_0_synth_1/prj/sol/.autopilot/db/a.g.ld.4.m2.bc -args C:/github/zybo_z7_cam_rpi_v2_5mp_hdmi/zybo_z7_imx219/zybo_z7_imx219.runs/design_1_v_demosaic_0_0_synth_1/prj/sol/.autopilot/db/a.g.ld.3.fpc.bc -only-needed C:/AMDDesignTools/2025.2/Vitis/win64/lib/libfloatconversion_39.bc 
INFO-FLOW: run_clang a.g.ld.4.m2.bc.llvm-link exec: C:/AMDDesignTools/2025.2/Vitis/win64/tools/clang-3.9-csynth/bin/llvm-link C:/github/zybo_z7_cam_rpi_v2_5mp_hdmi/zybo_z7_imx219/zybo_z7_imx219.runs/design_1_v_demosaic_0_0_synth_1/prj/sol/.autopilot/db/a.g.ld.3.fpc.bc -only-needed C:/AMDDesignTools/2025.2/Vitis/win64/lib/libfloatconversion_39.bc -o C:/github/zybo_z7_cam_rpi_v2_5mp_hdmi/zybo_z7_imx219/zybo_z7_imx219.runs/design_1_v_demosaic_0_0_synth_1/prj/sol/.autopilot/db/a.g.ld.4.m2.bc > C:/github/zybo_z7_cam_rpi_v2_5mp_hdmi/zybo_z7_imx219/zybo_z7_imx219.runs/design_1_v_demosaic_0_0_synth_1/prj/sol/.autopilot/db/a.g.ld.4.m2.bc.llvm-link.out.log 2> C:/github/zybo_z7_cam_rpi_v2_5mp_hdmi/zybo_z7_imx219/zybo_z7_imx219.runs/design_1_v_demosaic_0_0_synth_1/prj/sol/.autopilot/db/a.g.ld.4.m2.bc.llvm-link.err.log
INFO-FLOW: run_clang result=success num-err-msgs=0 num-stderr-lines=0
Command         run_link_or_opt done; 0.143 sec.
Execute         run_link_or_opt -opt -out C:/github/zybo_z7_cam_rpi_v2_5mp_hdmi/zybo_z7_imx219/zybo_z7_imx219.runs/design_1_v_demosaic_0_0_synth_1/prj/sol/.autopilot/db/a.g.ld.5.gdce.bc -args C:/github/zybo_z7_cam_rpi_v2_5mp_hdmi/zybo_z7_imx219/zybo_z7_imx219.runs/design_1_v_demosaic_0_0_synth_1/prj/sol/.autopilot/db/a.g.ld.4.m2.bc -reflow-globaldce -hls-top-function-name=v_demosaic 
INFO-FLOW: run_clang a.g.ld.5.gdce.bc.opt exec: C:/AMDDesignTools/2025.2/Vitis/win64/tools/clang-3.9-csynth/bin/opt -pass-remarks-missed=reflow|pasta|unroll|inline -pass-remarks=reflow|pasta|unroll|inline -pass-remarks-output=C:/github/zybo_z7_cam_rpi_v2_5mp_hdmi/zybo_z7_imx219/zybo_z7_imx219.runs/design_1_v_demosaic_0_0_synth_1/prj/sol/.autopilot/db/a.g.ld.5.gdce.bc.opt.diag.yml C:/github/zybo_z7_cam_rpi_v2_5mp_hdmi/zybo_z7_imx219/zybo_z7_imx219.runs/design_1_v_demosaic_0_0_synth_1/prj/sol/.autopilot/db/a.g.ld.4.m2.bc -reflow-globaldce -hls-top-function-name=v_demosaic -o C:/github/zybo_z7_cam_rpi_v2_5mp_hdmi/zybo_z7_imx219/zybo_z7_imx219.runs/design_1_v_demosaic_0_0_synth_1/prj/sol/.autopilot/db/a.g.ld.5.gdce.bc > C:/github/zybo_z7_cam_rpi_v2_5mp_hdmi/zybo_z7_imx219/zybo_z7_imx219.runs/design_1_v_demosaic_0_0_synth_1/prj/sol/.autopilot/db/a.g.ld.5.gdce.bc.opt.out.log 2> C:/github/zybo_z7_cam_rpi_v2_5mp_hdmi/zybo_z7_imx219/zybo_z7_imx219.runs/design_1_v_demosaic_0_0_synth_1/prj/sol/.autopilot/db/a.g.ld.5.gdce.bc.opt.err.log
INFO-FLOW: run_clang result=success num-err-msgs=0 num-stderr-lines=0
INFO-FLOW: Running: gen_design_size_report post-opt
INFO-FLOW: Done: gen_design_size_report post-opt time: 0 seconds 
Command         run_link_or_opt done; 0.134 sec.
Execute         send_msg_by_id INFO @200-777@%s Vivado 
INFO: [HLS 200-777] Using interface defaults for 'Vivado' flow target.
Execute         is_m_axi_addr64 
INFO-FLOW: Doing LTO.
INFO-FLOW: run_clang reflow (background poll_ms 5000) exec: C:/AMDDesignTools/2025.2/Vitis/win64/tools/clang-3.9-csynth/bin/clang -foptimization-record-file=C:/github/zybo_z7_cam_rpi_v2_5mp_hdmi/zybo_z7_imx219/zybo_z7_imx219.runs/design_1_v_demosaic_0_0_synth_1/prj/sol/.autopilot/db/a.g.ld.0.bc.clang.reflow.diag.yml -mllvm -pass-remarks-missed=reflow|pasta|unroll|inline -mllvm -pass-remarks=reflow|pasta|unroll|inline -fhls -mllvm -hls-top-function-name=v_demosaic -mllvm -hls-db-dir -mllvm C:/github/zybo_z7_cam_rpi_v2_5mp_hdmi/zybo_z7_imx219/zybo_z7_imx219.runs/design_1_v_demosaic_0_0_synth_1/prj/sol/.autopilot/db -emit-llvm -c -target fpga64-xilinx-none -mllvm -xcl-xmlinfo=C:/github/zybo_z7_cam_rpi_v2_5mp_hdmi/zybo_z7_imx219/zybo_z7_imx219.runs/design_1_v_demosaic_0_0_synth_1/prj/sol/.autopilot/db/kernel.internal.xml -mllvm -top-io-mapping-info=C:/github/zybo_z7_cam_rpi_v2_5mp_hdmi/zybo_z7_imx219/zybo_z7_imx219.runs/design_1_v_demosaic_0_0_synth_1/prj/sol/.autopilot/db/top-io-fe.xml -mllvm -hls-bitcode-version=3.1 -mllvm -hls-top-function-prefix=design_1_v_demosaic_0_0_ -mllvm -reflow-enable-slave-interface-default-setting=true -mllvm -gen-kernel-xml=false -mllvm -default-maxi-offset=slave -mllvm -reflow-unroll-size-threshold=10000 -mllvm -reflow-unroll-cost-threshold=1000000 -mllvm -maxi-latency=0 -mllvm -hls-maxi-data-size-in-bits=8 -mllvm -hls-maxi-max-data-size-in-bits=1024 -mllvm -hls-max-widen-size-in-bits=0 -mllvm -xcl-kernel-max-mem-ports=0 -mllvm -maxi-read-trans=16 -mllvm -maxi-write-trans=16 -mllvm -maxi-read-burst-len=16 -mllvm -maxi-write-burst-len=16 -mllvm -reflow-enable-saxi-64bits=0 -mllvm -reflow-basic-block-instr-threshold=200000 -mllvm -reflow-auto-pipeline-threshold=64 -mllvm -reflow-enable-maxi-auto-id-channel=0 -mllvm -reflow-bdd-simplify-threshold=1048576 -mllvm -reflow-fanout-threshold=16 -mllvm -reflow-force-aggressive-unroll=0 -mllvm -reflow-aggressive-unroll-adjust-factor=1.000000 -mllvm -reflow-complete-threshold=4 -mllvm -reflow-array-promotion-threshold=64 -mllvm -reflow-enable-critical-path-for-performance=1 -mllvm -assume-maxi-align=1 -mllvm -reflow-enable-dataflow-strict-mode-checking=1 -ftime-report -mllvm -time-passes -mllvm -reflow-auto-array-partition-mode=default -mllvm -reflow-enable-auto-small-array-partition=true -mllvm -reflow-enable-auto-array-promotion=true -mllvm -reflow-enable-auto-array-partition-for-flatten=true -mllvm -reflow-enable-auto-parallel-performance-driven=true -mllvm -reflow-enable-partition-for-automation=true -mllvm -reflow-aggregate-bitwidth-threshold=4096 -mllvm -reflow-reserved-saxilite-registers=0 -mllvm -enable-reflow-auto-loop-pipeline -mllvm -reflow-max-unroll-threshold=409600 -mllvm -auto-unroll-tripcount-threshold=0 -mllvm -reflow-assume-no-address-wrap=true -mllvm -reflow-enable-occurrence-inference=true -mllvm -reflow-emit-hint-scope=true -mllvm -reflow-enable-codegen-with-if=true -mllvm -reflow-enable-dataflow-canon=true -mllvm -reflow-enable-dataflow-canon2=true -mllvm -reflow-dump-extra-complexity-metric=true -mllvm -reflow-enable-dse-loop-nest-extraction=false -mllvm -hls -mllvm -disable-inlined-alloca-merging=true -mllvm -default-clock-period=10 -mllvm -use_read_first_ram_in_loop=1 -mllvm -default-clock-uncertainty=2.7 -x ir C:/github/zybo_z7_cam_rpi_v2_5mp_hdmi/zybo_z7_imx219/zybo_z7_imx219.runs/design_1_v_demosaic_0_0_synth_1/prj/sol/.autopilot/db/a.g.ld.5.gdce.bc -o C:/github/zybo_z7_cam_rpi_v2_5mp_hdmi/zybo_z7_imx219/zybo_z7_imx219.runs/design_1_v_demosaic_0_0_synth_1/prj/sol/.autopilot/db/a.g.lto.bc {-hls-platform-db-name=C:/AMDDesignTools/2025.2/Vitis\common/technology\xilinx/common/platform.db} -hls-platform-name=zynq_slow -device-resource-info=BRAM_280.000000_DSP_220.000000_FF_106400.000000_LUT_53200.000000_SLICE_13300.000000_URAM_0.000000 -device-name-info=xc7z020clg400-1 2> C:/github/zybo_z7_cam_rpi_v2_5mp_hdmi/zybo_z7_imx219/zybo_z7_imx219.runs/design_1_v_demosaic_0_0_synth_1/prj/sol/.autopilot/db/a.g.ld.0.bc.clang.reflow.err.log bg_poll_cmd: ::AP::poll_clang_39_closed_source
Execute         send_msg_by_id INFO @200-1995@%s%s%s 25,179 Compile/Link (C:/github/zybo_z7_cam_rpi_v2_5mp_hdmi/zybo_z7_imx219/zybo_z7_imx219.runs/design_1_v_demosaic_0_0_synth_1/prj/sol/syn/report/csynth_design_size.rpt:2) 
INFO: [HLS 200-1995] There were 25,179 instructions in the design after the 'Compile/Link' phase of compilation. See the Design Size Report for more details (C:/github/zybo_z7_cam_rpi_v2_5mp_hdmi/zybo_z7_imx219/zybo_z7_imx219.runs/design_1_v_demosaic_0_0_synth_1/prj/sol/syn/report/csynth_design_size.rpt:2)
Execute         send_msg_by_id INFO @200-1995@%s%s%s 4,716 Unroll/Inline (step 1) (C:/github/zybo_z7_cam_rpi_v2_5mp_hdmi/zybo_z7_imx219/zybo_z7_imx219.runs/design_1_v_demosaic_0_0_synth_1/prj/sol/syn/report/csynth_design_size.rpt:2) 
INFO: [HLS 200-1995] There were 4,716 instructions in the design after the 'Unroll/Inline (step 1)' phase of compilation. See the Design Size Report for more details (C:/github/zybo_z7_cam_rpi_v2_5mp_hdmi/zybo_z7_imx219/zybo_z7_imx219.runs/design_1_v_demosaic_0_0_synth_1/prj/sol/syn/report/csynth_design_size.rpt:2)
Execute         send_msg_by_id INFO @200-1995@%s%s%s 2,732 Unroll/Inline (step 2) (C:/github/zybo_z7_cam_rpi_v2_5mp_hdmi/zybo_z7_imx219/zybo_z7_imx219.runs/design_1_v_demosaic_0_0_synth_1/prj/sol/syn/report/csynth_design_size.rpt:2) 
INFO: [HLS 200-1995] There were 2,732 instructions in the design after the 'Unroll/Inline (step 2)' phase of compilation. See the Design Size Report for more details (C:/github/zybo_z7_cam_rpi_v2_5mp_hdmi/zybo_z7_imx219/zybo_z7_imx219.runs/design_1_v_demosaic_0_0_synth_1/prj/sol/syn/report/csynth_design_size.rpt:2)
Execute         send_msg_by_id INFO @200-1995@%s%s%s 2,321 Unroll/Inline (step 3) (C:/github/zybo_z7_cam_rpi_v2_5mp_hdmi/zybo_z7_imx219/zybo_z7_imx219.runs/design_1_v_demosaic_0_0_synth_1/prj/sol/syn/report/csynth_design_size.rpt:2) 
INFO: [HLS 200-1995] There were 2,321 instructions in the design after the 'Unroll/Inline (step 3)' phase of compilation. See the Design Size Report for more details (C:/github/zybo_z7_cam_rpi_v2_5mp_hdmi/zybo_z7_imx219/zybo_z7_imx219.runs/design_1_v_demosaic_0_0_synth_1/prj/sol/syn/report/csynth_design_size.rpt:2)
Execute         send_msg_by_id INFO @200-1995@%s%s%s 2,171 Unroll/Inline (step 4) (C:/github/zybo_z7_cam_rpi_v2_5mp_hdmi/zybo_z7_imx219/zybo_z7_imx219.runs/design_1_v_demosaic_0_0_synth_1/prj/sol/syn/report/csynth_design_size.rpt:2) 
INFO: [HLS 200-1995] There were 2,171 instructions in the design after the 'Unroll/Inline (step 4)' phase of compilation. See the Design Size Report for more details (C:/github/zybo_z7_cam_rpi_v2_5mp_hdmi/zybo_z7_imx219/zybo_z7_imx219.runs/design_1_v_demosaic_0_0_synth_1/prj/sol/syn/report/csynth_design_size.rpt:2)
Execute         send_msg_by_id INFO @200-1995@%s%s%s 2,055 Array/Struct (step 1) (C:/github/zybo_z7_cam_rpi_v2_5mp_hdmi/zybo_z7_imx219/zybo_z7_imx219.runs/design_1_v_demosaic_0_0_synth_1/prj/sol/syn/report/csynth_design_size.rpt:2) 
INFO: [HLS 200-1995] There were 2,055 instructions in the design after the 'Array/Struct (step 1)' phase of compilation. See the Design Size Report for more details (C:/github/zybo_z7_cam_rpi_v2_5mp_hdmi/zybo_z7_imx219/zybo_z7_imx219.runs/design_1_v_demosaic_0_0_synth_1/prj/sol/syn/report/csynth_design_size.rpt:2)
Execute         send_msg_by_id INFO @200-1995@%s%s%s 1,863 Array/Struct (step 2) (C:/github/zybo_z7_cam_rpi_v2_5mp_hdmi/zybo_z7_imx219/zybo_z7_imx219.runs/design_1_v_demosaic_0_0_synth_1/prj/sol/syn/report/csynth_design_size.rpt:2) 
INFO: [HLS 200-1995] There were 1,863 instructions in the design after the 'Array/Struct (step 2)' phase of compilation. See the Design Size Report for more details (C:/github/zybo_z7_cam_rpi_v2_5mp_hdmi/zybo_z7_imx219/zybo_z7_imx219.runs/design_1_v_demosaic_0_0_synth_1/prj/sol/syn/report/csynth_design_size.rpt:2)
Execute         send_msg_by_id INFO @200-1995@%s%s%s 1,873 Array/Struct (step 3) (C:/github/zybo_z7_cam_rpi_v2_5mp_hdmi/zybo_z7_imx219/zybo_z7_imx219.runs/design_1_v_demosaic_0_0_synth_1/prj/sol/syn/report/csynth_design_size.rpt:2) 
INFO: [HLS 200-1995] There were 1,873 instructions in the design after the 'Array/Struct (step 3)' phase of compilation. See the Design Size Report for more details (C:/github/zybo_z7_cam_rpi_v2_5mp_hdmi/zybo_z7_imx219/zybo_z7_imx219.runs/design_1_v_demosaic_0_0_synth_1/prj/sol/syn/report/csynth_design_size.rpt:2)
Execute         send_msg_by_id INFO @200-1995@%s%s%s 2,035 Array/Struct (step 4) (C:/github/zybo_z7_cam_rpi_v2_5mp_hdmi/zybo_z7_imx219/zybo_z7_imx219.runs/design_1_v_demosaic_0_0_synth_1/prj/sol/syn/report/csynth_design_size.rpt:2) 
INFO: [HLS 200-1995] There were 2,035 instructions in the design after the 'Array/Struct (step 4)' phase of compilation. See the Design Size Report for more details (C:/github/zybo_z7_cam_rpi_v2_5mp_hdmi/zybo_z7_imx219/zybo_z7_imx219.runs/design_1_v_demosaic_0_0_synth_1/prj/sol/syn/report/csynth_design_size.rpt:2)
Execute         send_msg_by_id INFO @200-1995@%s%s%s 2,199 Array/Struct (step 5) (C:/github/zybo_z7_cam_rpi_v2_5mp_hdmi/zybo_z7_imx219/zybo_z7_imx219.runs/design_1_v_demosaic_0_0_synth_1/prj/sol/syn/report/csynth_design_size.rpt:2) 
INFO: [HLS 200-1995] There were 2,199 instructions in the design after the 'Array/Struct (step 5)' phase of compilation. See the Design Size Report for more details (C:/github/zybo_z7_cam_rpi_v2_5mp_hdmi/zybo_z7_imx219/zybo_z7_imx219.runs/design_1_v_demosaic_0_0_synth_1/prj/sol/syn/report/csynth_design_size.rpt:2)
Execute         send_msg_by_id INFO @200-1995@%s%s%s 2,170 Performance (step 1) (C:/github/zybo_z7_cam_rpi_v2_5mp_hdmi/zybo_z7_imx219/zybo_z7_imx219.runs/design_1_v_demosaic_0_0_synth_1/prj/sol/syn/report/csynth_design_size.rpt:2) 
INFO: [HLS 200-1995] There were 2,170 instructions in the design after the 'Performance (step 1)' phase of compilation. See the Design Size Report for more details (C:/github/zybo_z7_cam_rpi_v2_5mp_hdmi/zybo_z7_imx219/zybo_z7_imx219.runs/design_1_v_demosaic_0_0_synth_1/prj/sol/syn/report/csynth_design_size.rpt:2)
Execute         send_msg_by_id INFO @200-1995@%s%s%s 2,063 Performance (step 2) (C:/github/zybo_z7_cam_rpi_v2_5mp_hdmi/zybo_z7_imx219/zybo_z7_imx219.runs/design_1_v_demosaic_0_0_synth_1/prj/sol/syn/report/csynth_design_size.rpt:2) 
INFO: [HLS 200-1995] There were 2,063 instructions in the design after the 'Performance (step 2)' phase of compilation. See the Design Size Report for more details (C:/github/zybo_z7_cam_rpi_v2_5mp_hdmi/zybo_z7_imx219/zybo_z7_imx219.runs/design_1_v_demosaic_0_0_synth_1/prj/sol/syn/report/csynth_design_size.rpt:2)
Execute         send_msg_by_id INFO @200-1995@%s%s%s 1,985 Performance (step 3) (C:/github/zybo_z7_cam_rpi_v2_5mp_hdmi/zybo_z7_imx219/zybo_z7_imx219.runs/design_1_v_demosaic_0_0_synth_1/prj/sol/syn/report/csynth_design_size.rpt:2) 
INFO: [HLS 200-1995] There were 1,985 instructions in the design after the 'Performance (step 3)' phase of compilation. See the Design Size Report for more details (C:/github/zybo_z7_cam_rpi_v2_5mp_hdmi/zybo_z7_imx219/zybo_z7_imx219.runs/design_1_v_demosaic_0_0_synth_1/prj/sol/syn/report/csynth_design_size.rpt:2)
Command         send_msg_by_id done; 1.098 sec.
Execute         send_msg_by_id INFO @200-1995@%s%s%s 1,976 Performance (step 4) (C:/github/zybo_z7_cam_rpi_v2_5mp_hdmi/zybo_z7_imx219/zybo_z7_imx219.runs/design_1_v_demosaic_0_0_synth_1/prj/sol/syn/report/csynth_design_size.rpt:2) 
INFO: [HLS 200-1995] There were 1,976 instructions in the design after the 'Performance (step 4)' phase of compilation. See the Design Size Report for more details (C:/github/zybo_z7_cam_rpi_v2_5mp_hdmi/zybo_z7_imx219/zybo_z7_imx219.runs/design_1_v_demosaic_0_0_synth_1/prj/sol/syn/report/csynth_design_size.rpt:2)
Execute         send_msg_by_id INFO @200-1995@%s%s%s 1,895 HW Transforms (step 1) (C:/github/zybo_z7_cam_rpi_v2_5mp_hdmi/zybo_z7_imx219/zybo_z7_imx219.runs/design_1_v_demosaic_0_0_synth_1/prj/sol/syn/report/csynth_design_size.rpt:2) 
INFO: [HLS 200-1995] There were 1,895 instructions in the design after the 'HW Transforms (step 1)' phase of compilation. See the Design Size Report for more details (C:/github/zybo_z7_cam_rpi_v2_5mp_hdmi/zybo_z7_imx219/zybo_z7_imx219.runs/design_1_v_demosaic_0_0_synth_1/prj/sol/syn/report/csynth_design_size.rpt:2)
Execute         send_msg_by_id INFO @200-1995@%s%s%s 1,848 HW Transforms (step 2) (C:/github/zybo_z7_cam_rpi_v2_5mp_hdmi/zybo_z7_imx219/zybo_z7_imx219.runs/design_1_v_demosaic_0_0_synth_1/prj/sol/syn/report/csynth_design_size.rpt:2) 
INFO: [HLS 200-1995] There were 1,848 instructions in the design after the 'HW Transforms (step 2)' phase of compilation. See the Design Size Report for more details (C:/github/zybo_z7_cam_rpi_v2_5mp_hdmi/zybo_z7_imx219/zybo_z7_imx219.runs/design_1_v_demosaic_0_0_synth_1/prj/sol/syn/report/csynth_design_size.rpt:2)
INFO: [HLS 214-131] Inlining function 'void hls::AXIGetBitFields<10, ap_uint<10> >(ap_uint<10>, int, int, ap_uint<10>&)' into 'void hls::AXIGetBitFields<10, ap_uint<10> >(hls::axis<ap_uint<10>, 1ul, 1ul, 1ul, (unsigned char)56, false>, int, int, ap_uint<10>&)' (c:/github/zybo_z7_cam_rpi_v2_5mp_hdmi/zybo_z7_imx219/zybo_z7_imx219.gen/sources_1/bd/design_1/ip/design_1_v_demosaic_0_0/src/hls/hls_axi_io.h:85:5)
INFO: [HLS 214-131] Inlining function 'hls::Scalar<1, ap_uint<10> >::Scalar()' into 'AXIvideo2MultiBayer(hls::stream<hls::axis<ap_uint<10>, 1ul, 1ul, 1ul, (unsigned char)56, false>, 0>&, hls::stream<hls::Scalar<1, ap_uint<10> >, 0>&, unsigned short&, unsigned short&)' (C:/github/zybo_z7_cam_rpi_v2_5mp_hdmi/zybo_z7_imx219/zybo_z7_imx219.runs/design_1_v_demosaic_0_0_synth_1/prj/sol/.autopilot/db/v_demosaic.cpp:142:23)
INFO: [HLS 214-131] Inlining function 'void hls::AXIGetBitFields<10, ap_uint<10> >(hls::axis<ap_uint<10>, 1ul, 1ul, 1ul, (unsigned char)56, false>, int, int, ap_uint<10>&)' into 'AXIvideo2MultiBayer(hls::stream<hls::axis<ap_uint<10>, 1ul, 1ul, 1ul, (unsigned char)56, false>, 0>&, hls::stream<hls::Scalar<1, ap_uint<10> >, 0>&, unsigned short&, unsigned short&)' (C:/github/zybo_z7_cam_rpi_v2_5mp_hdmi/zybo_z7_imx219/zybo_z7_imx219.runs/design_1_v_demosaic_0_0_synth_1/prj/sol/.autopilot/db/v_demosaic.cpp:182:17)
INFO: [HLS 214-131] Inlining function 'hls::Scalar<3, ap_uint<10> >::Scalar()' into 'DebayerG(hls::stream<hls::Scalar<1, ap_uint<10> >, 0>&, hls::stream<hls::Scalar<3, ap_uint<10> >, 0>&, unsigned short&, unsigned short&, unsigned short&)' (C:/github/zybo_z7_cam_rpi_v2_5mp_hdmi/zybo_z7_imx219/zybo_z7_imx219.runs/design_1_v_demosaic_0_0_synth_1/prj/sol/.autopilot/db/v_demosaic.cpp:278:21)
INFO: [HLS 214-131] Inlining function 'hls::Scalar<1, ap_uint<10> >::Scalar()' into 'DebayerG(hls::stream<hls::Scalar<1, ap_uint<10> >, 0>&, hls::stream<hls::Scalar<3, ap_uint<10> >, 0>&, unsigned short&, unsigned short&, unsigned short&)' (C:/github/zybo_z7_cam_rpi_v2_5mp_hdmi/zybo_z7_imx219/zybo_z7_imx219.runs/design_1_v_demosaic_0_0_synth_1/prj/sol/.autopilot/db/v_demosaic.cpp:280:23)
INFO: [HLS 214-131] Inlining function 'hls::Scalar<3, ap_uint<10> >::Scalar()' into 'hls::Window<3, 3, hls::Scalar<3, ap_uint<10> > >::Window()' (c:/github/zybo_z7_cam_rpi_v2_5mp_hdmi/zybo_z7_imx219/zybo_z7_imx219.gen/sources_1/bd/design_1/ip/design_1_v_demosaic_0_0/src/hls/hls_video_mem.h:65:5)
INFO: [HLS 214-131] Inlining function 'hls::Scalar<3, ap_uint<10> >::Scalar()' into 'DebayerRatBorBatR(hls::stream<hls::Scalar<3, ap_uint<10> >, 0>&, hls::stream<hls::Scalar<3, ap_uint<10> >, 0>&, unsigned short&, unsigned short&, unsigned short&)' (C:/github/zybo_z7_cam_rpi_v2_5mp_hdmi/zybo_z7_imx219/zybo_z7_imx219.runs/design_1_v_demosaic_0_0_synth_1/prj/sol/.autopilot/db/v_demosaic.cpp:610:21)
INFO: [HLS 214-131] Inlining function 'hls::Scalar<3, ap_uint<10> >::Scalar()' into 'DebayerRandBatG(hls::stream<hls::Scalar<3, ap_uint<10> >, 0>&, hls::stream<hls::Scalar<3, ap_uint<10> >, 0>&, unsigned short&, unsigned short&, unsigned short&)' (C:/github/zybo_z7_cam_rpi_v2_5mp_hdmi/zybo_z7_imx219/zybo_z7_imx219.runs/design_1_v_demosaic_0_0_synth_1/prj/sol/.autopilot/db/v_demosaic.cpp:858:21)
INFO: [HLS 214-131] Inlining function 'hls::Scalar<3, ap_uint<10> >::Scalar()' into 'ZipperRemoval(hls::stream<hls::Scalar<3, ap_uint<10> >, 0>&, hls::stream<hls::Scalar<3, ap_uint<10> >, 0>&, unsigned short&, unsigned short&)' (C:/github/zybo_z7_cam_rpi_v2_5mp_hdmi/zybo_z7_imx219/zybo_z7_imx219.runs/design_1_v_demosaic_0_0_synth_1/prj/sol/.autopilot/db/v_demosaic.cpp:1087:21)
INFO: [HLS 214-131] Inlining function 'hls::Scalar<3, ap_uint<10> >::Scalar()' into 'MultiPixStream2AXIvideo(hls::stream<hls::Scalar<3, ap_uint<10> >, 0>&, hls::stream<hls::axis<ap_uint<30>, 1ul, 1ul, 1ul, (unsigned char)56, false>, 0>&, unsigned short&, unsigned short&)' (C:/github/zybo_z7_cam_rpi_v2_5mp_hdmi/zybo_z7_imx219/zybo_z7_imx219.runs/design_1_v_demosaic_0_0_synth_1/prj/sol/.autopilot/db/v_demosaic.cpp:215:21)
INFO: [HLS 214-377] Adding 'pixWindow' into disaggregation list because there's array-partition pragma applied on the struct field (C:/github/zybo_z7_cam_rpi_v2_5mp_hdmi/zybo_z7_imx219/zybo_z7_imx219.runs/design_1_v_demosaic_0_0_synth_1/prj/sol/.autopilot/db/v_demosaic.cpp:857:66)
INFO: [HLS 214-377] Adding 'pixWindow' into disaggregation list because there's array-partition pragma applied on the struct field (C:/github/zybo_z7_cam_rpi_v2_5mp_hdmi/zybo_z7_imx219/zybo_z7_imx219.runs/design_1_v_demosaic_0_0_synth_1/prj/sol/.autopilot/db/v_demosaic.cpp:609:66)
INFO: [HLS 214-377] Adding 'bayerWindow' into disaggregation list because there's array-partition pragma applied on the struct field (C:/github/zybo_z7_cam_rpi_v2_5mp_hdmi/zybo_z7_imx219/zybo_z7_imx219.runs/design_1_v_demosaic_0_0_synth_1/prj/sol/.autopilot/db/v_demosaic.cpp:277:18)
INFO: [HLS 214-377] Adding 'pix' into disaggregation list because there's array-partition pragma applied on the struct field (c:/github/zybo_z7_cam_rpi_v2_5mp_hdmi/zybo_z7_imx219/zybo_z7_imx219.gen/sources_1/bd/design_1/ip/design_1_v_demosaic_0_0/src/hls/hls_video_core.h:198:1)
INFO: [HLS 214-377] Adding 'outpix' into disaggregation list because there's array-partition pragma applied on the struct field (c:/github/zybo_z7_cam_rpi_v2_5mp_hdmi/zybo_z7_imx219/zybo_z7_imx219.gen/sources_1/bd/design_1/ip/design_1_v_demosaic_0_0/src/hls/hls_video_core.h:198:1)
INFO: [HLS 214-377] Adding 'inpix' into disaggregation list because there's array-partition pragma applied on the struct field (c:/github/zybo_z7_cam_rpi_v2_5mp_hdmi/zybo_z7_imx219/zybo_z7_imx219.gen/sources_1/bd/design_1/ip/design_1_v_demosaic_0_0/src/hls/hls_video_core.h:198:1)
INFO: [HLS 214-377] Adding 'p' into disaggregation list because there's array-partition pragma applied on the struct field (c:/github/zybo_z7_cam_rpi_v2_5mp_hdmi/zybo_z7_imx219/zybo_z7_imx219.gen/sources_1/bd/design_1/ip/design_1_v_demosaic_0_0/src/hls/hls_video_core.h:198:1)
INFO: [HLS 214-377] Adding 'p164' into disaggregation list because there's array-partition pragma applied on the struct field (c:/github/zybo_z7_cam_rpi_v2_5mp_hdmi/zybo_z7_imx219/zybo_z7_imx219.gen/sources_1/bd/design_1/ip/design_1_v_demosaic_0_0/src/hls/hls_video_core.h:198:1)
INFO: [HLS 214-377] Adding 'PixBufVal' into disaggregation list because there's array-partition pragma applied on the struct field (c:/github/zybo_z7_cam_rpi_v2_5mp_hdmi/zybo_z7_imx219/zybo_z7_imx219.gen/sources_1/bd/design_1/ip/design_1_v_demosaic_0_0/src/hls/hls_video_core.h:198:1)
INFO: [HLS 214-377] Adding 'p253' into disaggregation list because there's array-partition pragma applied on the struct field (c:/github/zybo_z7_cam_rpi_v2_5mp_hdmi/zybo_z7_imx219/zybo_z7_imx219.gen/sources_1/bd/design_1/ip/design_1_v_demosaic_0_0/src/hls/hls_video_core.h:198:1)
INFO: [HLS 214-377] Adding 'lineBuffer' into disaggregation list because there's array-partition pragma applied on the struct field (C:/github/zybo_z7_cam_rpi_v2_5mp_hdmi/zybo_z7_imx219/zybo_z7_imx219.runs/design_1_v_demosaic_0_0_synth_1/prj/sol/.autopilot/db/v_demosaic.cpp:862:67)
INFO: [HLS 214-377] Adding 'pixBuf' into disaggregation list because there's array-partition pragma applied on the struct field (c:/github/zybo_z7_cam_rpi_v2_5mp_hdmi/zybo_z7_imx219/zybo_z7_imx219.gen/sources_1/bd/design_1/ip/design_1_v_demosaic_0_0/src/hls/hls_video_core.h:198:1)
INFO: [HLS 214-377] Adding 'lineBuffer' into disaggregation list because there's array-partition pragma applied on the struct field (C:/github/zybo_z7_cam_rpi_v2_5mp_hdmi/zybo_z7_imx219/zybo_z7_imx219.runs/design_1_v_demosaic_0_0_synth_1/prj/sol/.autopilot/db/v_demosaic.cpp:614:67)
INFO: [HLS 214-377] Adding 'linebuf_yuv' into disaggregation list because there's array-partition pragma applied on the struct field (C:/github/zybo_z7_cam_rpi_v2_5mp_hdmi/zybo_z7_imx219/zybo_z7_imx219.runs/design_1_v_demosaic_0_0_synth_1/prj/sol/.autopilot/db/v_demosaic.cpp:283:61)
INFO: [HLS 214-210] Disaggregating variable 'pix' (C:/github/zybo_z7_cam_rpi_v2_5mp_hdmi/zybo_z7_imx219/zybo_z7_imx219.runs/design_1_v_demosaic_0_0_synth_1/prj/sol/.autopilot/db/v_demosaic.cpp:142:23)
INFO: [HLS 214-210] Disaggregating variable 'PixBufVal' (C:/github/zybo_z7_cam_rpi_v2_5mp_hdmi/zybo_z7_imx219/zybo_z7_imx219.runs/design_1_v_demosaic_0_0_synth_1/prj/sol/.autopilot/db/v_demosaic.cpp:402:39)
INFO: [HLS 214-210] Disaggregating variable 'linebuf_yuv' (C:/github/zybo_z7_cam_rpi_v2_5mp_hdmi/zybo_z7_imx219/zybo_z7_imx219.runs/design_1_v_demosaic_0_0_synth_1/prj/sol/.autopilot/db/v_demosaic.cpp:283:61)
INFO: [HLS 214-210] Disaggregating variable 'pixBuf' (C:/github/zybo_z7_cam_rpi_v2_5mp_hdmi/zybo_z7_imx219/zybo_z7_imx219.runs/design_1_v_demosaic_0_0_synth_1/prj/sol/.autopilot/db/v_demosaic.cpp:281:23)
INFO: [HLS 214-210] Disaggregating variable 'pix' (C:/github/zybo_z7_cam_rpi_v2_5mp_hdmi/zybo_z7_imx219/zybo_z7_imx219.runs/design_1_v_demosaic_0_0_synth_1/prj/sol/.autopilot/db/v_demosaic.cpp:280:23)
INFO: [HLS 214-210] Disaggregating variable 'outpix' (C:/github/zybo_z7_cam_rpi_v2_5mp_hdmi/zybo_z7_imx219/zybo_z7_imx219.runs/design_1_v_demosaic_0_0_synth_1/prj/sol/.autopilot/db/v_demosaic.cpp:278:21)
INFO: [HLS 214-210] Disaggregating variable 'bayerWindow' (C:/github/zybo_z7_cam_rpi_v2_5mp_hdmi/zybo_z7_imx219/zybo_z7_imx219.runs/design_1_v_demosaic_0_0_synth_1/prj/sol/.autopilot/db/v_demosaic.cpp:277:18)
INFO: [HLS 214-210] Disaggregating variable 'p253' (C:/github/zybo_z7_cam_rpi_v2_5mp_hdmi/zybo_z7_imx219/zybo_z7_imx219.runs/design_1_v_demosaic_0_0_synth_1/prj/sol/.autopilot/db/v_demosaic.cpp:748:31)
INFO: [HLS 214-210] Disaggregating variable 'PixBufVal' (C:/github/zybo_z7_cam_rpi_v2_5mp_hdmi/zybo_z7_imx219/zybo_z7_imx219.runs/design_1_v_demosaic_0_0_synth_1/prj/sol/.autopilot/db/v_demosaic.cpp:727:37)
INFO: [HLS 214-210] Disaggregating variable 'p164' (C:/github/zybo_z7_cam_rpi_v2_5mp_hdmi/zybo_z7_imx219/zybo_z7_imx219.runs/design_1_v_demosaic_0_0_synth_1/prj/sol/.autopilot/db/v_demosaic.cpp:712:35)
INFO: [HLS 214-210] Disaggregating variable 'p' (C:/github/zybo_z7_cam_rpi_v2_5mp_hdmi/zybo_z7_imx219/zybo_z7_imx219.runs/design_1_v_demosaic_0_0_synth_1/prj/sol/.autopilot/db/v_demosaic.cpp:702:35)
INFO: [HLS 214-210] Disaggregating variable 'lineBuffer' (C:/github/zybo_z7_cam_rpi_v2_5mp_hdmi/zybo_z7_imx219/zybo_z7_imx219.runs/design_1_v_demosaic_0_0_synth_1/prj/sol/.autopilot/db/v_demosaic.cpp:614:67)
INFO: [HLS 214-210] Disaggregating variable 'pixBuf' (C:/github/zybo_z7_cam_rpi_v2_5mp_hdmi/zybo_z7_imx219/zybo_z7_imx219.runs/design_1_v_demosaic_0_0_synth_1/prj/sol/.autopilot/db/v_demosaic.cpp:612:21)
INFO: [HLS 214-210] Disaggregating variable 'outpix' (C:/github/zybo_z7_cam_rpi_v2_5mp_hdmi/zybo_z7_imx219/zybo_z7_imx219.runs/design_1_v_demosaic_0_0_synth_1/prj/sol/.autopilot/db/v_demosaic.cpp:610:26)
INFO: [HLS 214-210] Disaggregating variable 'pix' (C:/github/zybo_z7_cam_rpi_v2_5mp_hdmi/zybo_z7_imx219/zybo_z7_imx219.runs/design_1_v_demosaic_0_0_synth_1/prj/sol/.autopilot/db/v_demosaic.cpp:610:21)
INFO: [HLS 214-210] Disaggregating variable 'pixWindow' (C:/github/zybo_z7_cam_rpi_v2_5mp_hdmi/zybo_z7_imx219/zybo_z7_imx219.runs/design_1_v_demosaic_0_0_synth_1/prj/sol/.autopilot/db/v_demosaic.cpp:609:66)
INFO: [HLS 214-210] Disaggregating variable 'p253' (C:/github/zybo_z7_cam_rpi_v2_5mp_hdmi/zybo_z7_imx219/zybo_z7_imx219.runs/design_1_v_demosaic_0_0_synth_1/prj/sol/.autopilot/db/v_demosaic.cpp:995:31)
INFO: [HLS 214-210] Disaggregating variable 'PixBufVal' (C:/github/zybo_z7_cam_rpi_v2_5mp_hdmi/zybo_z7_imx219/zybo_z7_imx219.runs/design_1_v_demosaic_0_0_synth_1/prj/sol/.autopilot/db/v_demosaic.cpp:974:37)
INFO: [HLS 214-210] Disaggregating variable 'p164' (C:/github/zybo_z7_cam_rpi_v2_5mp_hdmi/zybo_z7_imx219/zybo_z7_imx219.runs/design_1_v_demosaic_0_0_synth_1/prj/sol/.autopilot/db/v_demosaic.cpp:959:35)
INFO: [HLS 214-210] Disaggregating variable 'p' (C:/github/zybo_z7_cam_rpi_v2_5mp_hdmi/zybo_z7_imx219/zybo_z7_imx219.runs/design_1_v_demosaic_0_0_synth_1/prj/sol/.autopilot/db/v_demosaic.cpp:949:35)
INFO: [HLS 214-210] Disaggregating variable 'lineBuffer' (C:/github/zybo_z7_cam_rpi_v2_5mp_hdmi/zybo_z7_imx219/zybo_z7_imx219.runs/design_1_v_demosaic_0_0_synth_1/prj/sol/.autopilot/db/v_demosaic.cpp:862:67)
INFO: [HLS 214-210] Disaggregating variable 'pixBuf' (C:/github/zybo_z7_cam_rpi_v2_5mp_hdmi/zybo_z7_imx219/zybo_z7_imx219.runs/design_1_v_demosaic_0_0_synth_1/prj/sol/.autopilot/db/v_demosaic.cpp:860:21)
INFO: [HLS 214-210] Disaggregating variable 'outpix' (C:/github/zybo_z7_cam_rpi_v2_5mp_hdmi/zybo_z7_imx219/zybo_z7_imx219.runs/design_1_v_demosaic_0_0_synth_1/prj/sol/.autopilot/db/v_demosaic.cpp:858:26)
INFO: [HLS 214-210] Disaggregating variable 'pix' (C:/github/zybo_z7_cam_rpi_v2_5mp_hdmi/zybo_z7_imx219/zybo_z7_imx219.runs/design_1_v_demosaic_0_0_synth_1/prj/sol/.autopilot/db/v_demosaic.cpp:858:21)
INFO: [HLS 214-210] Disaggregating variable 'pixWindow' (C:/github/zybo_z7_cam_rpi_v2_5mp_hdmi/zybo_z7_imx219/zybo_z7_imx219.runs/design_1_v_demosaic_0_0_synth_1/prj/sol/.autopilot/db/v_demosaic.cpp:857:66)
INFO: [HLS 214-210] Disaggregating variable 'outpix' (C:/github/zybo_z7_cam_rpi_v2_5mp_hdmi/zybo_z7_imx219/zybo_z7_imx219.runs/design_1_v_demosaic_0_0_synth_1/prj/sol/.autopilot/db/v_demosaic.cpp:1087:28)
INFO: [HLS 214-210] Disaggregating variable 'inpix' (C:/github/zybo_z7_cam_rpi_v2_5mp_hdmi/zybo_z7_imx219/zybo_z7_imx219.runs/design_1_v_demosaic_0_0_synth_1/prj/sol/.autopilot/db/v_demosaic.cpp:1087:21)
INFO: [HLS 214-210] Disaggregating variable 'pix' (C:/github/zybo_z7_cam_rpi_v2_5mp_hdmi/zybo_z7_imx219/zybo_z7_imx219.runs/design_1_v_demosaic_0_0_synth_1/prj/sol/.autopilot/db/v_demosaic.cpp:215:21)
INFO: [HLS 214-291] Loop 'VITIS_LOOP_248_3' is marked as complete unroll implied by the pipeline pragma (C:/github/zybo_z7_cam_rpi_v2_5mp_hdmi/zybo_z7_imx219/zybo_z7_imx219.runs/design_1_v_demosaic_0_0_synth_1/prj/sol/.autopilot/db/v_demosaic.cpp:248:31)
INFO: [HLS 214-291] Loop 'VITIS_LOOP_250_4' is marked as complete unroll implied by the pipeline pragma (C:/github/zybo_z7_cam_rpi_v2_5mp_hdmi/zybo_z7_imx219/zybo_z7_imx219.runs/design_1_v_demosaic_0_0_synth_1/prj/sol/.autopilot/db/v_demosaic.cpp:250:35)
INFO: [HLS 214-291] Loop 'VITIS_LOOP_1112_3' is marked as complete unroll implied by the pipeline pragma (C:/github/zybo_z7_cam_rpi_v2_5mp_hdmi/zybo_z7_imx219/zybo_z7_imx219.runs/design_1_v_demosaic_0_0_synth_1/prj/sol/.autopilot/db/v_demosaic.cpp:1112:32)
INFO: [HLS 214-291] Loop 'VITIS_LOOP_1115_4' is marked as complete unroll implied by the pipeline pragma (C:/github/zybo_z7_cam_rpi_v2_5mp_hdmi/zybo_z7_imx219/zybo_z7_imx219.runs/design_1_v_demosaic_0_0_synth_1/prj/sol/.autopilot/db/v_demosaic.cpp:1115:36)
INFO: [HLS 214-291] Loop 'VITIS_LOOP_1135_5' is marked as complete unroll implied by the pipeline pragma (C:/github/zybo_z7_cam_rpi_v2_5mp_hdmi/zybo_z7_imx219/zybo_z7_imx219.runs/design_1_v_demosaic_0_0_synth_1/prj/sol/.autopilot/db/v_demosaic.cpp:1135:32)
INFO: [HLS 214-291] Loop 'VITIS_LOOP_894_3' is marked as complete unroll implied by the pipeline pragma (C:/github/zybo_z7_cam_rpi_v2_5mp_hdmi/zybo_z7_imx219/zybo_z7_imx219.runs/design_1_v_demosaic_0_0_synth_1/prj/sol/.autopilot/db/v_demosaic.cpp:894:35)
INFO: [HLS 214-291] Loop 'VITIS_LOOP_897_4' is marked as complete unroll implied by the pipeline pragma (C:/github/zybo_z7_cam_rpi_v2_5mp_hdmi/zybo_z7_imx219/zybo_z7_imx219.runs/design_1_v_demosaic_0_0_synth_1/prj/sol/.autopilot/db/v_demosaic.cpp:897:39)
INFO: [HLS 214-291] Loop 'VITIS_LOOP_899_5' is marked as complete unroll implied by the pipeline pragma (C:/github/zybo_z7_cam_rpi_v2_5mp_hdmi/zybo_z7_imx219/zybo_z7_imx219.runs/design_1_v_demosaic_0_0_synth_1/prj/sol/.autopilot/db/v_demosaic.cpp:899:43)
INFO: [HLS 214-291] Loop 'VITIS_LOOP_907_6' is marked as complete unroll implied by the pipeline pragma (C:/github/zybo_z7_cam_rpi_v2_5mp_hdmi/zybo_z7_imx219/zybo_z7_imx219.runs/design_1_v_demosaic_0_0_synth_1/prj/sol/.autopilot/db/v_demosaic.cpp:907:35)
INFO: [HLS 214-291] Loop 'VITIS_LOOP_914_7' is marked as complete unroll implied by the pipeline pragma (C:/github/zybo_z7_cam_rpi_v2_5mp_hdmi/zybo_z7_imx219/zybo_z7_imx219.runs/design_1_v_demosaic_0_0_synth_1/prj/sol/.autopilot/db/v_demosaic.cpp:914:39)
INFO: [HLS 214-291] Loop 'VITIS_LOOP_916_8' is marked as complete unroll implied by the pipeline pragma (C:/github/zybo_z7_cam_rpi_v2_5mp_hdmi/zybo_z7_imx219/zybo_z7_imx219.runs/design_1_v_demosaic_0_0_synth_1/prj/sol/.autopilot/db/v_demosaic.cpp:916:43)
INFO: [HLS 214-291] Loop 'VITIS_LOOP_929_9' is marked as complete unroll implied by the pipeline pragma (C:/github/zybo_z7_cam_rpi_v2_5mp_hdmi/zybo_z7_imx219/zybo_z7_imx219.runs/design_1_v_demosaic_0_0_synth_1/prj/sol/.autopilot/db/v_demosaic.cpp:929:31)
INFO: [HLS 214-291] Loop 'VITIS_LOOP_931_10' is marked as complete unroll implied by the pipeline pragma (C:/github/zybo_z7_cam_rpi_v2_5mp_hdmi/zybo_z7_imx219/zybo_z7_imx219.runs/design_1_v_demosaic_0_0_synth_1/prj/sol/.autopilot/db/v_demosaic.cpp:931:36)
INFO: [HLS 214-291] Loop 'VITIS_LOOP_993_17' is marked as complete unroll implied by the pipeline pragma (C:/github/zybo_z7_cam_rpi_v2_5mp_hdmi/zybo_z7_imx219/zybo_z7_imx219.runs/design_1_v_demosaic_0_0_synth_1/prj/sol/.autopilot/db/v_demosaic.cpp:993:36)
INFO: [HLS 214-291] Loop 'VITIS_LOOP_999_18' is marked as complete unroll implied by the pipeline pragma (C:/github/zybo_z7_cam_rpi_v2_5mp_hdmi/zybo_z7_imx219/zybo_z7_imx219.runs/design_1_v_demosaic_0_0_synth_1/prj/sol/.autopilot/db/v_demosaic.cpp:999:40)
INFO: [HLS 214-291] Loop 'VITIS_LOOP_940_11' is marked as complete unroll implied by the pipeline pragma (C:/github/zybo_z7_cam_rpi_v2_5mp_hdmi/zybo_z7_imx219/zybo_z7_imx219.runs/design_1_v_demosaic_0_0_synth_1/prj/sol/.autopilot/db/v_demosaic.cpp:940:36)
INFO: [HLS 214-291] Loop 'VITIS_LOOP_943_12' is marked as complete unroll implied by the pipeline pragma (C:/github/zybo_z7_cam_rpi_v2_5mp_hdmi/zybo_z7_imx219/zybo_z7_imx219.runs/design_1_v_demosaic_0_0_synth_1/prj/sol/.autopilot/db/v_demosaic.cpp:943:40)
INFO: [HLS 214-291] Loop 'VITIS_LOOP_963_13' is marked as complete unroll implied by the pipeline pragma (C:/github/zybo_z7_cam_rpi_v2_5mp_hdmi/zybo_z7_imx219/zybo_z7_imx219.runs/design_1_v_demosaic_0_0_synth_1/prj/sol/.autopilot/db/v_demosaic.cpp:963:44)
INFO: [HLS 214-291] Loop 'VITIS_LOOP_971_14' is marked as complete unroll implied by the pipeline pragma (C:/github/zybo_z7_cam_rpi_v2_5mp_hdmi/zybo_z7_imx219/zybo_z7_imx219.runs/design_1_v_demosaic_0_0_synth_1/prj/sol/.autopilot/db/v_demosaic.cpp:971:36)
INFO: [HLS 214-291] Loop 'VITIS_LOOP_979_15' is marked as complete unroll implied by the pipeline pragma (C:/github/zybo_z7_cam_rpi_v2_5mp_hdmi/zybo_z7_imx219/zybo_z7_imx219.runs/design_1_v_demosaic_0_0_synth_1/prj/sol/.autopilot/db/v_demosaic.cpp:979:40)
INFO: [HLS 214-291] Loop 'VITIS_LOOP_981_16' is marked as complete unroll implied by the pipeline pragma (C:/github/zybo_z7_cam_rpi_v2_5mp_hdmi/zybo_z7_imx219/zybo_z7_imx219.runs/design_1_v_demosaic_0_0_synth_1/prj/sol/.autopilot/db/v_demosaic.cpp:981:44)
INFO: [HLS 214-291] Loop 'VITIS_LOOP_1006_19' is marked as complete unroll implied by the pipeline pragma (C:/github/zybo_z7_cam_rpi_v2_5mp_hdmi/zybo_z7_imx219/zybo_z7_imx219.runs/design_1_v_demosaic_0_0_synth_1/prj/sol/.autopilot/db/v_demosaic.cpp:1006:33)
INFO: [HLS 214-291] Loop 'VITIS_LOOP_646_3' is marked as complete unroll implied by the pipeline pragma (C:/github/zybo_z7_cam_rpi_v2_5mp_hdmi/zybo_z7_imx219/zybo_z7_imx219.runs/design_1_v_demosaic_0_0_synth_1/prj/sol/.autopilot/db/v_demosaic.cpp:646:35)
INFO: [HLS 214-291] Loop 'VITIS_LOOP_649_4' is marked as complete unroll implied by the pipeline pragma (C:/github/zybo_z7_cam_rpi_v2_5mp_hdmi/zybo_z7_imx219/zybo_z7_imx219.runs/design_1_v_demosaic_0_0_synth_1/prj/sol/.autopilot/db/v_demosaic.cpp:649:39)
INFO: [HLS 214-291] Loop 'VITIS_LOOP_651_5' is marked as complete unroll implied by the pipeline pragma (C:/github/zybo_z7_cam_rpi_v2_5mp_hdmi/zybo_z7_imx219/zybo_z7_imx219.runs/design_1_v_demosaic_0_0_synth_1/prj/sol/.autopilot/db/v_demosaic.cpp:651:43)
INFO: [HLS 214-291] Loop 'VITIS_LOOP_660_6' is marked as complete unroll implied by the pipeline pragma (C:/github/zybo_z7_cam_rpi_v2_5mp_hdmi/zybo_z7_imx219/zybo_z7_imx219.runs/design_1_v_demosaic_0_0_synth_1/prj/sol/.autopilot/db/v_demosaic.cpp:660:35)
INFO: [HLS 214-291] Loop 'VITIS_LOOP_667_7' is marked as complete unroll implied by the pipeline pragma (C:/github/zybo_z7_cam_rpi_v2_5mp_hdmi/zybo_z7_imx219/zybo_z7_imx219.runs/design_1_v_demosaic_0_0_synth_1/prj/sol/.autopilot/db/v_demosaic.cpp:667:39)
INFO: [HLS 214-291] Loop 'VITIS_LOOP_669_8' is marked as complete unroll implied by the pipeline pragma (C:/github/zybo_z7_cam_rpi_v2_5mp_hdmi/zybo_z7_imx219/zybo_z7_imx219.runs/design_1_v_demosaic_0_0_synth_1/prj/sol/.autopilot/db/v_demosaic.cpp:669:43)
INFO: [HLS 214-291] Loop 'VITIS_LOOP_682_9' is marked as complete unroll implied by the pipeline pragma (C:/github/zybo_z7_cam_rpi_v2_5mp_hdmi/zybo_z7_imx219/zybo_z7_imx219.runs/design_1_v_demosaic_0_0_synth_1/prj/sol/.autopilot/db/v_demosaic.cpp:682:31)
INFO: [HLS 214-291] Loop 'VITIS_LOOP_684_10' is marked as complete unroll implied by the pipeline pragma (C:/github/zybo_z7_cam_rpi_v2_5mp_hdmi/zybo_z7_imx219/zybo_z7_imx219.runs/design_1_v_demosaic_0_0_synth_1/prj/sol/.autopilot/db/v_demosaic.cpp:684:36)
INFO: [HLS 214-291] Loop 'VITIS_LOOP_746_17' is marked as complete unroll implied by the pipeline pragma (C:/github/zybo_z7_cam_rpi_v2_5mp_hdmi/zybo_z7_imx219/zybo_z7_imx219.runs/design_1_v_demosaic_0_0_synth_1/prj/sol/.autopilot/db/v_demosaic.cpp:746:36)
INFO: [HLS 214-291] Loop 'VITIS_LOOP_752_18' is marked as complete unroll implied by the pipeline pragma (C:/github/zybo_z7_cam_rpi_v2_5mp_hdmi/zybo_z7_imx219/zybo_z7_imx219.runs/design_1_v_demosaic_0_0_synth_1/prj/sol/.autopilot/db/v_demosaic.cpp:752:40)
INFO: [HLS 214-291] Loop 'VITIS_LOOP_693_11' is marked as complete unroll implied by the pipeline pragma (C:/github/zybo_z7_cam_rpi_v2_5mp_hdmi/zybo_z7_imx219/zybo_z7_imx219.runs/design_1_v_demosaic_0_0_synth_1/prj/sol/.autopilot/db/v_demosaic.cpp:693:36)
INFO: [HLS 214-291] Loop 'VITIS_LOOP_696_12' is marked as complete unroll implied by the pipeline pragma (C:/github/zybo_z7_cam_rpi_v2_5mp_hdmi/zybo_z7_imx219/zybo_z7_imx219.runs/design_1_v_demosaic_0_0_synth_1/prj/sol/.autopilot/db/v_demosaic.cpp:696:40)
INFO: [HLS 214-291] Loop 'VITIS_LOOP_716_13' is marked as complete unroll implied by the pipeline pragma (C:/github/zybo_z7_cam_rpi_v2_5mp_hdmi/zybo_z7_imx219/zybo_z7_imx219.runs/design_1_v_demosaic_0_0_synth_1/prj/sol/.autopilot/db/v_demosaic.cpp:716:44)
INFO: [HLS 214-291] Loop 'VITIS_LOOP_724_14' is marked as complete unroll implied by the pipeline pragma (C:/github/zybo_z7_cam_rpi_v2_5mp_hdmi/zybo_z7_imx219/zybo_z7_imx219.runs/design_1_v_demosaic_0_0_synth_1/prj/sol/.autopilot/db/v_demosaic.cpp:724:36)
INFO: [HLS 214-291] Loop 'VITIS_LOOP_732_15' is marked as complete unroll implied by the pipeline pragma (C:/github/zybo_z7_cam_rpi_v2_5mp_hdmi/zybo_z7_imx219/zybo_z7_imx219.runs/design_1_v_demosaic_0_0_synth_1/prj/sol/.autopilot/db/v_demosaic.cpp:732:40)
INFO: [HLS 214-291] Loop 'VITIS_LOOP_734_16' is marked as complete unroll implied by the pipeline pragma (C:/github/zybo_z7_cam_rpi_v2_5mp_hdmi/zybo_z7_imx219/zybo_z7_imx219.runs/design_1_v_demosaic_0_0_synth_1/prj/sol/.autopilot/db/v_demosaic.cpp:734:44)
INFO: [HLS 214-291] Loop 'VITIS_LOOP_760_19' is marked as complete unroll implied by the pipeline pragma (C:/github/zybo_z7_cam_rpi_v2_5mp_hdmi/zybo_z7_imx219/zybo_z7_imx219.runs/design_1_v_demosaic_0_0_synth_1/prj/sol/.autopilot/db/v_demosaic.cpp:760:32)
INFO: [HLS 214-291] Loop 'VITIS_LOOP_331_5' is marked as complete unroll implied by the pipeline pragma (C:/github/zybo_z7_cam_rpi_v2_5mp_hdmi/zybo_z7_imx219/zybo_z7_imx219.runs/design_1_v_demosaic_0_0_synth_1/prj/sol/.autopilot/db/v_demosaic.cpp:331:35)
INFO: [HLS 214-291] Loop 'VITIS_LOOP_334_6' is marked as complete unroll implied by the pipeline pragma (C:/github/zybo_z7_cam_rpi_v2_5mp_hdmi/zybo_z7_imx219/zybo_z7_imx219.runs/design_1_v_demosaic_0_0_synth_1/prj/sol/.autopilot/db/v_demosaic.cpp:334:39)
INFO: [HLS 214-291] Loop 'VITIS_LOOP_342_7' is marked as complete unroll implied by the pipeline pragma (C:/github/zybo_z7_cam_rpi_v2_5mp_hdmi/zybo_z7_imx219/zybo_z7_imx219.runs/design_1_v_demosaic_0_0_synth_1/prj/sol/.autopilot/db/v_demosaic.cpp:342:35)
INFO: [HLS 214-291] Loop 'VITIS_LOOP_349_8' is marked as complete unroll implied by the pipeline pragma (C:/github/zybo_z7_cam_rpi_v2_5mp_hdmi/zybo_z7_imx219/zybo_z7_imx219.runs/design_1_v_demosaic_0_0_synth_1/prj/sol/.autopilot/db/v_demosaic.cpp:349:39)
INFO: [HLS 214-291] Loop 'VITIS_LOOP_361_9' is marked as complete unroll implied by the pipeline pragma (C:/github/zybo_z7_cam_rpi_v2_5mp_hdmi/zybo_z7_imx219/zybo_z7_imx219.runs/design_1_v_demosaic_0_0_synth_1/prj/sol/.autopilot/db/v_demosaic.cpp:361:31)
INFO: [HLS 214-291] Loop 'VITIS_LOOP_363_10' is marked as complete unroll implied by the pipeline pragma (C:/github/zybo_z7_cam_rpi_v2_5mp_hdmi/zybo_z7_imx219/zybo_z7_imx219.runs/design_1_v_demosaic_0_0_synth_1/prj/sol/.autopilot/db/v_demosaic.cpp:363:36)
INFO: [HLS 214-291] Loop 'VITIS_LOOP_418_16' is marked as complete unroll implied by the pipeline pragma (C:/github/zybo_z7_cam_rpi_v2_5mp_hdmi/zybo_z7_imx219/zybo_z7_imx219.runs/design_1_v_demosaic_0_0_synth_1/prj/sol/.autopilot/db/v_demosaic.cpp:418:36)
INFO: [HLS 214-291] Loop 'VITIS_LOOP_422_17' is marked as complete unroll implied by the pipeline pragma (C:/github/zybo_z7_cam_rpi_v2_5mp_hdmi/zybo_z7_imx219/zybo_z7_imx219.runs/design_1_v_demosaic_0_0_synth_1/prj/sol/.autopilot/db/v_demosaic.cpp:422:40)
INFO: [HLS 214-291] Loop 'VITIS_LOOP_372_11' is marked as complete unroll implied by the pipeline pragma (C:/github/zybo_z7_cam_rpi_v2_5mp_hdmi/zybo_z7_imx219/zybo_z7_imx219.runs/design_1_v_demosaic_0_0_synth_1/prj/sol/.autopilot/db/v_demosaic.cpp:372:36)
INFO: [HLS 214-291] Loop 'VITIS_LOOP_375_12' is marked as complete unroll implied by the pipeline pragma (C:/github/zybo_z7_cam_rpi_v2_5mp_hdmi/zybo_z7_imx219/zybo_z7_imx219.runs/design_1_v_demosaic_0_0_synth_1/prj/sol/.autopilot/db/v_demosaic.cpp:375:40)
INFO: [HLS 214-291] Loop 'VITIS_LOOP_391_13' is marked as complete unroll implied by the pipeline pragma (C:/github/zybo_z7_cam_rpi_v2_5mp_hdmi/zybo_z7_imx219/zybo_z7_imx219.runs/design_1_v_demosaic_0_0_synth_1/prj/sol/.autopilot/db/v_demosaic.cpp:391:44)
INFO: [HLS 214-291] Loop 'VITIS_LOOP_399_14' is marked as complete unroll implied by the pipeline pragma (C:/github/zybo_z7_cam_rpi_v2_5mp_hdmi/zybo_z7_imx219/zybo_z7_imx219.runs/design_1_v_demosaic_0_0_synth_1/prj/sol/.autopilot/db/v_demosaic.cpp:399:36)
INFO: [HLS 214-291] Loop 'VITIS_LOOP_407_15' is marked as complete unroll implied by the pipeline pragma (C:/github/zybo_z7_cam_rpi_v2_5mp_hdmi/zybo_z7_imx219/zybo_z7_imx219.runs/design_1_v_demosaic_0_0_synth_1/prj/sol/.autopilot/db/v_demosaic.cpp:407:40)
INFO: [HLS 214-291] Loop 'VITIS_LOOP_429_18' is marked as complete unroll implied by the pipeline pragma (C:/github/zybo_z7_cam_rpi_v2_5mp_hdmi/zybo_z7_imx219/zybo_z7_imx219.runs/design_1_v_demosaic_0_0_synth_1/prj/sol/.autopilot/db/v_demosaic.cpp:429:32)
INFO: [HLS 214-291] Loop 'VITIS_LOOP_472_19' is marked as complete unroll implied by the pipeline pragma (C:/github/zybo_z7_cam_rpi_v2_5mp_hdmi/zybo_z7_imx219/zybo_z7_imx219.runs/design_1_v_demosaic_0_0_synth_1/prj/sol/.autopilot/db/v_demosaic.cpp:472:40)
INFO: [HLS 214-291] Loop 'VITIS_LOOP_490_20' is marked as complete unroll implied by the pipeline pragma (C:/github/zybo_z7_cam_rpi_v2_5mp_hdmi/zybo_z7_imx219/zybo_z7_imx219.runs/design_1_v_demosaic_0_0_synth_1/prj/sol/.autopilot/db/v_demosaic.cpp:490:40)
INFO: [HLS 214-291] Loop 'VITIS_LOOP_499_21' is marked as complete unroll implied by the pipeline pragma (C:/github/zybo_z7_cam_rpi_v2_5mp_hdmi/zybo_z7_imx219/zybo_z7_imx219.runs/design_1_v_demosaic_0_0_synth_1/prj/sol/.autopilot/db/v_demosaic.cpp:499:40)
INFO: [HLS 214-291] Loop 'VITIS_LOOP_180_1' is marked as complete unroll implied by the pipeline pragma (C:/github/zybo_z7_cam_rpi_v2_5mp_hdmi/zybo_z7_imx219/zybo_z7_imx219.runs/design_1_v_demosaic_0_0_synth_1/prj/sol/.autopilot/db/v_demosaic.cpp:180:31)
INFO: [HLS 214-186] Unrolling loop 'VITIS_LOOP_248_3' (C:/github/zybo_z7_cam_rpi_v2_5mp_hdmi/zybo_z7_imx219/zybo_z7_imx219.runs/design_1_v_demosaic_0_0_synth_1/prj/sol/.autopilot/db/v_demosaic.cpp:248:31) in function 'MultiPixStream2AXIvideo' completely with a factor of 1 (C:/github/zybo_z7_cam_rpi_v2_5mp_hdmi/zybo_z7_imx219/zybo_z7_imx219.runs/design_1_v_demosaic_0_0_synth_1/prj/sol/.autopilot/db/v_demosaic.cpp:213:0)
INFO: [HLS 214-186] Unrolling loop 'VITIS_LOOP_250_4' (C:/github/zybo_z7_cam_rpi_v2_5mp_hdmi/zybo_z7_imx219/zybo_z7_imx219.runs/design_1_v_demosaic_0_0_synth_1/prj/sol/.autopilot/db/v_demosaic.cpp:250:35) in function 'MultiPixStream2AXIvideo' completely with a factor of 3 (C:/github/zybo_z7_cam_rpi_v2_5mp_hdmi/zybo_z7_imx219/zybo_z7_imx219.runs/design_1_v_demosaic_0_0_synth_1/prj/sol/.autopilot/db/v_demosaic.cpp:213:0)
INFO: [HLS 214-186] Unrolling loop 'VITIS_LOOP_1112_3' (C:/github/zybo_z7_cam_rpi_v2_5mp_hdmi/zybo_z7_imx219/zybo_z7_imx219.runs/design_1_v_demosaic_0_0_synth_1/prj/sol/.autopilot/db/v_demosaic.cpp:1112:32) in function 'ZipperRemoval' completely with a factor of 1 (C:/github/zybo_z7_cam_rpi_v2_5mp_hdmi/zybo_z7_imx219/zybo_z7_imx219.runs/design_1_v_demosaic_0_0_synth_1/prj/sol/.autopilot/db/v_demosaic.cpp:1082:0)
INFO: [HLS 214-186] Unrolling loop 'VITIS_LOOP_1115_4' (C:/github/zybo_z7_cam_rpi_v2_5mp_hdmi/zybo_z7_imx219/zybo_z7_imx219.runs/design_1_v_demosaic_0_0_synth_1/prj/sol/.autopilot/db/v_demosaic.cpp:1115:36) in function 'ZipperRemoval' completely with a factor of 2 (C:/github/zybo_z7_cam_rpi_v2_5mp_hdmi/zybo_z7_imx219/zybo_z7_imx219.runs/design_1_v_demosaic_0_0_synth_1/prj/sol/.autopilot/db/v_demosaic.cpp:1082:0)
INFO: [HLS 214-186] Unrolling loop 'VITIS_LOOP_1135_5' (C:/github/zybo_z7_cam_rpi_v2_5mp_hdmi/zybo_z7_imx219/zybo_z7_imx219.runs/design_1_v_demosaic_0_0_synth_1/prj/sol/.autopilot/db/v_demosaic.cpp:1135:32) in function 'ZipperRemoval' completely with a factor of 1 (C:/github/zybo_z7_cam_rpi_v2_5mp_hdmi/zybo_z7_imx219/zybo_z7_imx219.runs/design_1_v_demosaic_0_0_synth_1/prj/sol/.autopilot/db/v_demosaic.cpp:1082:0)
INFO: [HLS 214-186] Unrolling loop 'VITIS_LOOP_894_3' (C:/github/zybo_z7_cam_rpi_v2_5mp_hdmi/zybo_z7_imx219/zybo_z7_imx219.runs/design_1_v_demosaic_0_0_synth_1/prj/sol/.autopilot/db/v_demosaic.cpp:894:35) in function 'DebayerRandBatG' completely with a factor of 3 (C:/github/zybo_z7_cam_rpi_v2_5mp_hdmi/zybo_z7_imx219/zybo_z7_imx219.runs/design_1_v_demosaic_0_0_synth_1/prj/sol/.autopilot/db/v_demosaic.cpp:847:0)
INFO: [HLS 214-186] Unrolling loop 'VITIS_LOOP_897_4' (C:/github/zybo_z7_cam_rpi_v2_5mp_hdmi/zybo_z7_imx219/zybo_z7_imx219.runs/design_1_v_demosaic_0_0_synth_1/prj/sol/.autopilot/db/v_demosaic.cpp:897:39) in function 'DebayerRandBatG' completely with a factor of 1 (C:/github/zybo_z7_cam_rpi_v2_5mp_hdmi/zybo_z7_imx219/zybo_z7_imx219.runs/design_1_v_demosaic_0_0_synth_1/prj/sol/.autopilot/db/v_demosaic.cpp:847:0)
INFO: [HLS 214-186] Unrolling loop 'VITIS_LOOP_899_5' (C:/github/zybo_z7_cam_rpi_v2_5mp_hdmi/zybo_z7_imx219/zybo_z7_imx219.runs/design_1_v_demosaic_0_0_synth_1/prj/sol/.autopilot/db/v_demosaic.cpp:899:43) in function 'DebayerRandBatG' completely with a factor of 3 (C:/github/zybo_z7_cam_rpi_v2_5mp_hdmi/zybo_z7_imx219/zybo_z7_imx219.runs/design_1_v_demosaic_0_0_synth_1/prj/sol/.autopilot/db/v_demosaic.cpp:847:0)
INFO: [HLS 214-186] Unrolling loop 'VITIS_LOOP_907_6' (C:/github/zybo_z7_cam_rpi_v2_5mp_hdmi/zybo_z7_imx219/zybo_z7_imx219.runs/design_1_v_demosaic_0_0_synth_1/prj/sol/.autopilot/db/v_demosaic.cpp:907:35) in function 'DebayerRandBatG' completely with a factor of 2 (C:/github/zybo_z7_cam_rpi_v2_5mp_hdmi/zybo_z7_imx219/zybo_z7_imx219.runs/design_1_v_demosaic_0_0_synth_1/prj/sol/.autopilot/db/v_demosaic.cpp:847:0)
INFO: [HLS 214-186] Unrolling loop 'VITIS_LOOP_914_7' (C:/github/zybo_z7_cam_rpi_v2_5mp_hdmi/zybo_z7_imx219/zybo_z7_imx219.runs/design_1_v_demosaic_0_0_synth_1/prj/sol/.autopilot/db/v_demosaic.cpp:914:39) in function 'DebayerRandBatG' completely with a factor of 1 (C:/github/zybo_z7_cam_rpi_v2_5mp_hdmi/zybo_z7_imx219/zybo_z7_imx219.runs/design_1_v_demosaic_0_0_synth_1/prj/sol/.autopilot/db/v_demosaic.cpp:847:0)
INFO: [HLS 214-186] Unrolling loop 'VITIS_LOOP_916_8' (C:/github/zybo_z7_cam_rpi_v2_5mp_hdmi/zybo_z7_imx219/zybo_z7_imx219.runs/design_1_v_demosaic_0_0_synth_1/prj/sol/.autopilot/db/v_demosaic.cpp:916:43) in function 'DebayerRandBatG' completely with a factor of 3 (C:/github/zybo_z7_cam_rpi_v2_5mp_hdmi/zybo_z7_imx219/zybo_z7_imx219.runs/design_1_v_demosaic_0_0_synth_1/prj/sol/.autopilot/db/v_demosaic.cpp:847:0)
INFO: [HLS 214-186] Unrolling loop 'VITIS_LOOP_929_9' (C:/github/zybo_z7_cam_rpi_v2_5mp_hdmi/zybo_z7_imx219/zybo_z7_imx219.runs/design_1_v_demosaic_0_0_synth_1/prj/sol/.autopilot/db/v_demosaic.cpp:929:31) in function 'DebayerRandBatG' completely with a factor of 3 (C:/github/zybo_z7_cam_rpi_v2_5mp_hdmi/zybo_z7_imx219/zybo_z7_imx219.runs/design_1_v_demosaic_0_0_synth_1/prj/sol/.autopilot/db/v_demosaic.cpp:847:0)
INFO: [HLS 214-186] Unrolling loop 'VITIS_LOOP_931_10' (C:/github/zybo_z7_cam_rpi_v2_5mp_hdmi/zybo_z7_imx219/zybo_z7_imx219.runs/design_1_v_demosaic_0_0_synth_1/prj/sol/.autopilot/db/v_demosaic.cpp:931:36) in function 'DebayerRandBatG' completely with a factor of 2 (C:/github/zybo_z7_cam_rpi_v2_5mp_hdmi/zybo_z7_imx219/zybo_z7_imx219.runs/design_1_v_demosaic_0_0_synth_1/prj/sol/.autopilot/db/v_demosaic.cpp:847:0)
INFO: [HLS 214-186] Unrolling loop 'VITIS_LOOP_993_17' (C:/github/zybo_z7_cam_rpi_v2_5mp_hdmi/zybo_z7_imx219/zybo_z7_imx219.runs/design_1_v_demosaic_0_0_synth_1/prj/sol/.autopilot/db/v_demosaic.cpp:993:36) in function 'DebayerRandBatG' completely with a factor of 3 (C:/github/zybo_z7_cam_rpi_v2_5mp_hdmi/zybo_z7_imx219/zybo_z7_imx219.runs/design_1_v_demosaic_0_0_synth_1/prj/sol/.autopilot/db/v_demosaic.cpp:847:0)
INFO: [HLS 214-186] Unrolling loop 'VITIS_LOOP_999_18' (C:/github/zybo_z7_cam_rpi_v2_5mp_hdmi/zybo_z7_imx219/zybo_z7_imx219.runs/design_1_v_demosaic_0_0_synth_1/prj/sol/.autopilot/db/v_demosaic.cpp:999:40) in function 'DebayerRandBatG' completely with a factor of 1 (C:/github/zybo_z7_cam_rpi_v2_5mp_hdmi/zybo_z7_imx219/zybo_z7_imx219.runs/design_1_v_demosaic_0_0_synth_1/prj/sol/.autopilot/db/v_demosaic.cpp:847:0)
INFO: [HLS 214-186] Unrolling loop 'VITIS_LOOP_940_11' (C:/github/zybo_z7_cam_rpi_v2_5mp_hdmi/zybo_z7_imx219/zybo_z7_imx219.runs/design_1_v_demosaic_0_0_synth_1/prj/sol/.autopilot/db/v_demosaic.cpp:940:36) in function 'DebayerRandBatG' completely with a factor of 3 (C:/github/zybo_z7_cam_rpi_v2_5mp_hdmi/zybo_z7_imx219/zybo_z7_imx219.runs/design_1_v_demosaic_0_0_synth_1/prj/sol/.autopilot/db/v_demosaic.cpp:847:0)
INFO: [HLS 214-186] Unrolling loop 'VITIS_LOOP_963_13' (C:/github/zybo_z7_cam_rpi_v2_5mp_hdmi/zybo_z7_imx219/zybo_z7_imx219.runs/design_1_v_demosaic_0_0_synth_1/prj/sol/.autopilot/db/v_demosaic.cpp:963:44) in function 'DebayerRandBatG' completely with a factor of 2 (C:/github/zybo_z7_cam_rpi_v2_5mp_hdmi/zybo_z7_imx219/zybo_z7_imx219.runs/design_1_v_demosaic_0_0_synth_1/prj/sol/.autopilot/db/v_demosaic.cpp:847:0)
INFO: [HLS 214-186] Unrolling loop 'VITIS_LOOP_943_12' (C:/github/zybo_z7_cam_rpi_v2_5mp_hdmi/zybo_z7_imx219/zybo_z7_imx219.runs/design_1_v_demosaic_0_0_synth_1/prj/sol/.autopilot/db/v_demosaic.cpp:943:40) in function 'DebayerRandBatG' completely with a factor of 1 (C:/github/zybo_z7_cam_rpi_v2_5mp_hdmi/zybo_z7_imx219/zybo_z7_imx219.runs/design_1_v_demosaic_0_0_synth_1/prj/sol/.autopilot/db/v_demosaic.cpp:847:0)
INFO: [HLS 214-186] Unrolling loop 'VITIS_LOOP_971_14' (C:/github/zybo_z7_cam_rpi_v2_5mp_hdmi/zybo_z7_imx219/zybo_z7_imx219.runs/design_1_v_demosaic_0_0_synth_1/prj/sol/.autopilot/db/v_demosaic.cpp:971:36) in function 'DebayerRandBatG' completely with a factor of 2 (C:/github/zybo_z7_cam_rpi_v2_5mp_hdmi/zybo_z7_imx219/zybo_z7_imx219.runs/design_1_v_demosaic_0_0_synth_1/prj/sol/.autopilot/db/v_demosaic.cpp:847:0)
INFO: [HLS 214-186] Unrolling loop 'VITIS_LOOP_979_15' (C:/github/zybo_z7_cam_rpi_v2_5mp_hdmi/zybo_z7_imx219/zybo_z7_imx219.runs/design_1_v_demosaic_0_0_synth_1/prj/sol/.autopilot/db/v_demosaic.cpp:979:40) in function 'DebayerRandBatG' completely with a factor of 1 (C:/github/zybo_z7_cam_rpi_v2_5mp_hdmi/zybo_z7_imx219/zybo_z7_imx219.runs/design_1_v_demosaic_0_0_synth_1/prj/sol/.autopilot/db/v_demosaic.cpp:847:0)
INFO: [HLS 214-186] Unrolling loop 'VITIS_LOOP_981_16' (C:/github/zybo_z7_cam_rpi_v2_5mp_hdmi/zybo_z7_imx219/zybo_z7_imx219.runs/design_1_v_demosaic_0_0_synth_1/prj/sol/.autopilot/db/v_demosaic.cpp:981:44) in function 'DebayerRandBatG' completely with a factor of 3 (C:/github/zybo_z7_cam_rpi_v2_5mp_hdmi/zybo_z7_imx219/zybo_z7_imx219.runs/design_1_v_demosaic_0_0_synth_1/prj/sol/.autopilot/db/v_demosaic.cpp:847:0)
INFO: [HLS 214-186] Unrolling loop 'VITIS_LOOP_1006_19' (C:/github/zybo_z7_cam_rpi_v2_5mp_hdmi/zybo_z7_imx219/zybo_z7_imx219.runs/design_1_v_demosaic_0_0_synth_1/prj/sol/.autopilot/db/v_demosaic.cpp:1006:33) in function 'DebayerRandBatG' completely with a factor of 1 (C:/github/zybo_z7_cam_rpi_v2_5mp_hdmi/zybo_z7_imx219/zybo_z7_imx219.runs/design_1_v_demosaic_0_0_synth_1/prj/sol/.autopilot/db/v_demosaic.cpp:847:0)
INFO: [HLS 214-186] Unrolling loop 'VITIS_LOOP_646_3' (C:/github/zybo_z7_cam_rpi_v2_5mp_hdmi/zybo_z7_imx219/zybo_z7_imx219.runs/design_1_v_demosaic_0_0_synth_1/prj/sol/.autopilot/db/v_demosaic.cpp:646:35) in function 'DebayerRatBorBatR' completely with a factor of 3 (C:/github/zybo_z7_cam_rpi_v2_5mp_hdmi/zybo_z7_imx219/zybo_z7_imx219.runs/design_1_v_demosaic_0_0_synth_1/prj/sol/.autopilot/db/v_demosaic.cpp:599:0)
INFO: [HLS 214-186] Unrolling loop 'VITIS_LOOP_649_4' (C:/github/zybo_z7_cam_rpi_v2_5mp_hdmi/zybo_z7_imx219/zybo_z7_imx219.runs/design_1_v_demosaic_0_0_synth_1/prj/sol/.autopilot/db/v_demosaic.cpp:649:39) in function 'DebayerRatBorBatR' completely with a factor of 1 (C:/github/zybo_z7_cam_rpi_v2_5mp_hdmi/zybo_z7_imx219/zybo_z7_imx219.runs/design_1_v_demosaic_0_0_synth_1/prj/sol/.autopilot/db/v_demosaic.cpp:599:0)
INFO: [HLS 214-186] Unrolling loop 'VITIS_LOOP_651_5' (C:/github/zybo_z7_cam_rpi_v2_5mp_hdmi/zybo_z7_imx219/zybo_z7_imx219.runs/design_1_v_demosaic_0_0_synth_1/prj/sol/.autopilot/db/v_demosaic.cpp:651:43) in function 'DebayerRatBorBatR' completely with a factor of 3 (C:/github/zybo_z7_cam_rpi_v2_5mp_hdmi/zybo_z7_imx219/zybo_z7_imx219.runs/design_1_v_demosaic_0_0_synth_1/prj/sol/.autopilot/db/v_demosaic.cpp:599:0)
INFO: [HLS 214-186] Unrolling loop 'VITIS_LOOP_660_6' (C:/github/zybo_z7_cam_rpi_v2_5mp_hdmi/zybo_z7_imx219/zybo_z7_imx219.runs/design_1_v_demosaic_0_0_synth_1/prj/sol/.autopilot/db/v_demosaic.cpp:660:35) in function 'DebayerRatBorBatR' completely with a factor of 2 (C:/github/zybo_z7_cam_rpi_v2_5mp_hdmi/zybo_z7_imx219/zybo_z7_imx219.runs/design_1_v_demosaic_0_0_synth_1/prj/sol/.autopilot/db/v_demosaic.cpp:599:0)
INFO: [HLS 214-186] Unrolling loop 'VITIS_LOOP_667_7' (C:/github/zybo_z7_cam_rpi_v2_5mp_hdmi/zybo_z7_imx219/zybo_z7_imx219.runs/design_1_v_demosaic_0_0_synth_1/prj/sol/.autopilot/db/v_demosaic.cpp:667:39) in function 'DebayerRatBorBatR' completely with a factor of 1 (C:/github/zybo_z7_cam_rpi_v2_5mp_hdmi/zybo_z7_imx219/zybo_z7_imx219.runs/design_1_v_demosaic_0_0_synth_1/prj/sol/.autopilot/db/v_demosaic.cpp:599:0)
INFO: [HLS 214-186] Unrolling loop 'VITIS_LOOP_669_8' (C:/github/zybo_z7_cam_rpi_v2_5mp_hdmi/zybo_z7_imx219/zybo_z7_imx219.runs/design_1_v_demosaic_0_0_synth_1/prj/sol/.autopilot/db/v_demosaic.cpp:669:43) in function 'DebayerRatBorBatR' completely with a factor of 3 (C:/github/zybo_z7_cam_rpi_v2_5mp_hdmi/zybo_z7_imx219/zybo_z7_imx219.runs/design_1_v_demosaic_0_0_synth_1/prj/sol/.autopilot/db/v_demosaic.cpp:599:0)
INFO: [HLS 214-186] Unrolling loop 'VITIS_LOOP_682_9' (C:/github/zybo_z7_cam_rpi_v2_5mp_hdmi/zybo_z7_imx219/zybo_z7_imx219.runs/design_1_v_demosaic_0_0_synth_1/prj/sol/.autopilot/db/v_demosaic.cpp:682:31) in function 'DebayerRatBorBatR' completely with a factor of 3 (C:/github/zybo_z7_cam_rpi_v2_5mp_hdmi/zybo_z7_imx219/zybo_z7_imx219.runs/design_1_v_demosaic_0_0_synth_1/prj/sol/.autopilot/db/v_demosaic.cpp:599:0)
INFO: [HLS 214-186] Unrolling loop 'VITIS_LOOP_684_10' (C:/github/zybo_z7_cam_rpi_v2_5mp_hdmi/zybo_z7_imx219/zybo_z7_imx219.runs/design_1_v_demosaic_0_0_synth_1/prj/sol/.autopilot/db/v_demosaic.cpp:684:36) in function 'DebayerRatBorBatR' completely with a factor of 2 (C:/github/zybo_z7_cam_rpi_v2_5mp_hdmi/zybo_z7_imx219/zybo_z7_imx219.runs/design_1_v_demosaic_0_0_synth_1/prj/sol/.autopilot/db/v_demosaic.cpp:599:0)
INFO: [HLS 214-186] Unrolling loop 'VITIS_LOOP_746_17' (C:/github/zybo_z7_cam_rpi_v2_5mp_hdmi/zybo_z7_imx219/zybo_z7_imx219.runs/design_1_v_demosaic_0_0_synth_1/prj/sol/.autopilot/db/v_demosaic.cpp:746:36) in function 'DebayerRatBorBatR' completely with a factor of 3 (C:/github/zybo_z7_cam_rpi_v2_5mp_hdmi/zybo_z7_imx219/zybo_z7_imx219.runs/design_1_v_demosaic_0_0_synth_1/prj/sol/.autopilot/db/v_demosaic.cpp:599:0)
INFO: [HLS 214-186] Unrolling loop 'VITIS_LOOP_752_18' (C:/github/zybo_z7_cam_rpi_v2_5mp_hdmi/zybo_z7_imx219/zybo_z7_imx219.runs/design_1_v_demosaic_0_0_synth_1/prj/sol/.autopilot/db/v_demosaic.cpp:752:40) in function 'DebayerRatBorBatR' completely with a factor of 1 (C:/github/zybo_z7_cam_rpi_v2_5mp_hdmi/zybo_z7_imx219/zybo_z7_imx219.runs/design_1_v_demosaic_0_0_synth_1/prj/sol/.autopilot/db/v_demosaic.cpp:599:0)
INFO: [HLS 214-186] Unrolling loop 'VITIS_LOOP_693_11' (C:/github/zybo_z7_cam_rpi_v2_5mp_hdmi/zybo_z7_imx219/zybo_z7_imx219.runs/design_1_v_demosaic_0_0_synth_1/prj/sol/.autopilot/db/v_demosaic.cpp:693:36) in function 'DebayerRatBorBatR' completely with a factor of 3 (C:/github/zybo_z7_cam_rpi_v2_5mp_hdmi/zybo_z7_imx219/zybo_z7_imx219.runs/design_1_v_demosaic_0_0_synth_1/prj/sol/.autopilot/db/v_demosaic.cpp:599:0)
INFO: [HLS 214-186] Unrolling loop 'VITIS_LOOP_716_13' (C:/github/zybo_z7_cam_rpi_v2_5mp_hdmi/zybo_z7_imx219/zybo_z7_imx219.runs/design_1_v_demosaic_0_0_synth_1/prj/sol/.autopilot/db/v_demosaic.cpp:716:44) in function 'DebayerRatBorBatR' completely with a factor of 2 (C:/github/zybo_z7_cam_rpi_v2_5mp_hdmi/zybo_z7_imx219/zybo_z7_imx219.runs/design_1_v_demosaic_0_0_synth_1/prj/sol/.autopilot/db/v_demosaic.cpp:599:0)
INFO: [HLS 214-186] Unrolling loop 'VITIS_LOOP_696_12' (C:/github/zybo_z7_cam_rpi_v2_5mp_hdmi/zybo_z7_imx219/zybo_z7_imx219.runs/design_1_v_demosaic_0_0_synth_1/prj/sol/.autopilot/db/v_demosaic.cpp:696:40) in function 'DebayerRatBorBatR' completely with a factor of 1 (C:/github/zybo_z7_cam_rpi_v2_5mp_hdmi/zybo_z7_imx219/zybo_z7_imx219.runs/design_1_v_demosaic_0_0_synth_1/prj/sol/.autopilot/db/v_demosaic.cpp:599:0)
INFO: [HLS 214-186] Unrolling loop 'VITIS_LOOP_724_14' (C:/github/zybo_z7_cam_rpi_v2_5mp_hdmi/zybo_z7_imx219/zybo_z7_imx219.runs/design_1_v_demosaic_0_0_synth_1/prj/sol/.autopilot/db/v_demosaic.cpp:724:36) in function 'DebayerRatBorBatR' completely with a factor of 2 (C:/github/zybo_z7_cam_rpi_v2_5mp_hdmi/zybo_z7_imx219/zybo_z7_imx219.runs/design_1_v_demosaic_0_0_synth_1/prj/sol/.autopilot/db/v_demosaic.cpp:599:0)
INFO: [HLS 214-186] Unrolling loop 'VITIS_LOOP_732_15' (C:/github/zybo_z7_cam_rpi_v2_5mp_hdmi/zybo_z7_imx219/zybo_z7_imx219.runs/design_1_v_demosaic_0_0_synth_1/prj/sol/.autopilot/db/v_demosaic.cpp:732:40) in function 'DebayerRatBorBatR' completely with a factor of 1 (C:/github/zybo_z7_cam_rpi_v2_5mp_hdmi/zybo_z7_imx219/zybo_z7_imx219.runs/design_1_v_demosaic_0_0_synth_1/prj/sol/.autopilot/db/v_demosaic.cpp:599:0)
INFO: [HLS 214-186] Unrolling loop 'VITIS_LOOP_734_16' (C:/github/zybo_z7_cam_rpi_v2_5mp_hdmi/zybo_z7_imx219/zybo_z7_imx219.runs/design_1_v_demosaic_0_0_synth_1/prj/sol/.autopilot/db/v_demosaic.cpp:734:44) in function 'DebayerRatBorBatR' completely with a factor of 3 (C:/github/zybo_z7_cam_rpi_v2_5mp_hdmi/zybo_z7_imx219/zybo_z7_imx219.runs/design_1_v_demosaic_0_0_synth_1/prj/sol/.autopilot/db/v_demosaic.cpp:599:0)
INFO: [HLS 214-186] Unrolling loop 'VITIS_LOOP_760_19' (C:/github/zybo_z7_cam_rpi_v2_5mp_hdmi/zybo_z7_imx219/zybo_z7_imx219.runs/design_1_v_demosaic_0_0_synth_1/prj/sol/.autopilot/db/v_demosaic.cpp:760:32) in function 'DebayerRatBorBatR' completely with a factor of 1 (C:/github/zybo_z7_cam_rpi_v2_5mp_hdmi/zybo_z7_imx219/zybo_z7_imx219.runs/design_1_v_demosaic_0_0_synth_1/prj/sol/.autopilot/db/v_demosaic.cpp:599:0)
INFO: [HLS 214-186] Unrolling loop 'VITIS_LOOP_331_5' (C:/github/zybo_z7_cam_rpi_v2_5mp_hdmi/zybo_z7_imx219/zybo_z7_imx219.runs/design_1_v_demosaic_0_0_synth_1/prj/sol/.autopilot/db/v_demosaic.cpp:331:35) in function 'DebayerG' completely with a factor of 5 (C:/github/zybo_z7_cam_rpi_v2_5mp_hdmi/zybo_z7_imx219/zybo_z7_imx219.runs/design_1_v_demosaic_0_0_synth_1/prj/sol/.autopilot/db/v_demosaic.cpp:270:0)
INFO: [HLS 214-186] Unrolling loop 'VITIS_LOOP_334_6' (C:/github/zybo_z7_cam_rpi_v2_5mp_hdmi/zybo_z7_imx219/zybo_z7_imx219.runs/design_1_v_demosaic_0_0_synth_1/prj/sol/.autopilot/db/v_demosaic.cpp:334:39) in function 'DebayerG' completely with a factor of 1 (C:/github/zybo_z7_cam_rpi_v2_5mp_hdmi/zybo_z7_imx219/zybo_z7_imx219.runs/design_1_v_demosaic_0_0_synth_1/prj/sol/.autopilot/db/v_demosaic.cpp:270:0)
INFO: [HLS 214-186] Unrolling loop 'VITIS_LOOP_342_7' (C:/github/zybo_z7_cam_rpi_v2_5mp_hdmi/zybo_z7_imx219/zybo_z7_imx219.runs/design_1_v_demosaic_0_0_synth_1/prj/sol/.autopilot/db/v_demosaic.cpp:342:35) in function 'DebayerG' completely with a factor of 4 (C:/github/zybo_z7_cam_rpi_v2_5mp_hdmi/zybo_z7_imx219/zybo_z7_imx219.runs/design_1_v_demosaic_0_0_synth_1/prj/sol/.autopilot/db/v_demosaic.cpp:270:0)
INFO: [HLS 214-186] Unrolling loop 'VITIS_LOOP_349_8' (C:/github/zybo_z7_cam_rpi_v2_5mp_hdmi/zybo_z7_imx219/zybo_z7_imx219.runs/design_1_v_demosaic_0_0_synth_1/prj/sol/.autopilot/db/v_demosaic.cpp:349:39) in function 'DebayerG' completely with a factor of 1 (C:/github/zybo_z7_cam_rpi_v2_5mp_hdmi/zybo_z7_imx219/zybo_z7_imx219.runs/design_1_v_demosaic_0_0_synth_1/prj/sol/.autopilot/db/v_demosaic.cpp:270:0)
INFO: [HLS 214-186] Unrolling loop 'VITIS_LOOP_361_9' (C:/github/zybo_z7_cam_rpi_v2_5mp_hdmi/zybo_z7_imx219/zybo_z7_imx219.runs/design_1_v_demosaic_0_0_synth_1/prj/sol/.autopilot/db/v_demosaic.cpp:361:31) in function 'DebayerG' completely with a factor of 5 (C:/github/zybo_z7_cam_rpi_v2_5mp_hdmi/zybo_z7_imx219/zybo_z7_imx219.runs/design_1_v_demosaic_0_0_synth_1/prj/sol/.autopilot/db/v_demosaic.cpp:270:0)
INFO: [HLS 214-186] Unrolling loop 'VITIS_LOOP_363_10' (C:/github/zybo_z7_cam_rpi_v2_5mp_hdmi/zybo_z7_imx219/zybo_z7_imx219.runs/design_1_v_demosaic_0_0_synth_1/prj/sol/.autopilot/db/v_demosaic.cpp:363:36) in function 'DebayerG' completely with a factor of 4 (C:/github/zybo_z7_cam_rpi_v2_5mp_hdmi/zybo_z7_imx219/zybo_z7_imx219.runs/design_1_v_demosaic_0_0_synth_1/prj/sol/.autopilot/db/v_demosaic.cpp:270:0)
INFO: [HLS 214-186] Unrolling loop 'VITIS_LOOP_418_16' (C:/github/zybo_z7_cam_rpi_v2_5mp_hdmi/zybo_z7_imx219/zybo_z7_imx219.runs/design_1_v_demosaic_0_0_synth_1/prj/sol/.autopilot/db/v_demosaic.cpp:418:36) in function 'DebayerG' completely with a factor of 5 (C:/github/zybo_z7_cam_rpi_v2_5mp_hdmi/zybo_z7_imx219/zybo_z7_imx219.runs/design_1_v_demosaic_0_0_synth_1/prj/sol/.autopilot/db/v_demosaic.cpp:270:0)
INFO: [HLS 214-186] Unrolling loop 'VITIS_LOOP_422_17' (C:/github/zybo_z7_cam_rpi_v2_5mp_hdmi/zybo_z7_imx219/zybo_z7_imx219.runs/design_1_v_demosaic_0_0_synth_1/prj/sol/.autopilot/db/v_demosaic.cpp:422:40) in function 'DebayerG' completely with a factor of 1 (C:/github/zybo_z7_cam_rpi_v2_5mp_hdmi/zybo_z7_imx219/zybo_z7_imx219.runs/design_1_v_demosaic_0_0_synth_1/prj/sol/.autopilot/db/v_demosaic.cpp:270:0)
INFO: [HLS 214-186] Unrolling loop 'VITIS_LOOP_372_11' (C:/github/zybo_z7_cam_rpi_v2_5mp_hdmi/zybo_z7_imx219/zybo_z7_imx219.runs/design_1_v_demosaic_0_0_synth_1/prj/sol/.autopilot/db/v_demosaic.cpp:372:36) in function 'DebayerG' completely with a factor of 5 (C:/github/zybo_z7_cam_rpi_v2_5mp_hdmi/zybo_z7_imx219/zybo_z7_imx219.runs/design_1_v_demosaic_0_0_synth_1/prj/sol/.autopilot/db/v_demosaic.cpp:270:0)
INFO: [HLS 214-186] Unrolling loop 'VITIS_LOOP_391_13' (C:/github/zybo_z7_cam_rpi_v2_5mp_hdmi/zybo_z7_imx219/zybo_z7_imx219.runs/design_1_v_demosaic_0_0_synth_1/prj/sol/.autopilot/db/v_demosaic.cpp:391:44) in function 'DebayerG' completely with a factor of 4 (C:/github/zybo_z7_cam_rpi_v2_5mp_hdmi/zybo_z7_imx219/zybo_z7_imx219.runs/design_1_v_demosaic_0_0_synth_1/prj/sol/.autopilot/db/v_demosaic.cpp:270:0)
INFO: [HLS 214-186] Unrolling loop 'VITIS_LOOP_375_12' (C:/github/zybo_z7_cam_rpi_v2_5mp_hdmi/zybo_z7_imx219/zybo_z7_imx219.runs/design_1_v_demosaic_0_0_synth_1/prj/sol/.autopilot/db/v_demosaic.cpp:375:40) in function 'DebayerG' completely with a factor of 1 (C:/github/zybo_z7_cam_rpi_v2_5mp_hdmi/zybo_z7_imx219/zybo_z7_imx219.runs/design_1_v_demosaic_0_0_synth_1/prj/sol/.autopilot/db/v_demosaic.cpp:270:0)
INFO: [HLS 214-186] Unrolling loop 'VITIS_LOOP_399_14' (C:/github/zybo_z7_cam_rpi_v2_5mp_hdmi/zybo_z7_imx219/zybo_z7_imx219.runs/design_1_v_demosaic_0_0_synth_1/prj/sol/.autopilot/db/v_demosaic.cpp:399:36) in function 'DebayerG' completely with a factor of 4 (C:/github/zybo_z7_cam_rpi_v2_5mp_hdmi/zybo_z7_imx219/zybo_z7_imx219.runs/design_1_v_demosaic_0_0_synth_1/prj/sol/.autopilot/db/v_demosaic.cpp:270:0)
INFO: [HLS 214-186] Unrolling loop 'VITIS_LOOP_407_15' (C:/github/zybo_z7_cam_rpi_v2_5mp_hdmi/zybo_z7_imx219/zybo_z7_imx219.runs/design_1_v_demosaic_0_0_synth_1/prj/sol/.autopilot/db/v_demosaic.cpp:407:40) in function 'DebayerG' completely with a factor of 1 (C:/github/zybo_z7_cam_rpi_v2_5mp_hdmi/zybo_z7_imx219/zybo_z7_imx219.runs/design_1_v_demosaic_0_0_synth_1/prj/sol/.autopilot/db/v_demosaic.cpp:270:0)
INFO: [HLS 214-186] Unrolling loop 'VITIS_LOOP_429_18' (C:/github/zybo_z7_cam_rpi_v2_5mp_hdmi/zybo_z7_imx219/zybo_z7_imx219.runs/design_1_v_demosaic_0_0_synth_1/prj/sol/.autopilot/db/v_demosaic.cpp:429:32) in function 'DebayerG' completely with a factor of 1 (C:/github/zybo_z7_cam_rpi_v2_5mp_hdmi/zybo_z7_imx219/zybo_z7_imx219.runs/design_1_v_demosaic_0_0_synth_1/prj/sol/.autopilot/db/v_demosaic.cpp:270:0)
INFO: [HLS 214-186] Unrolling loop 'VITIS_LOOP_499_21' (C:/github/zybo_z7_cam_rpi_v2_5mp_hdmi/zybo_z7_imx219/zybo_z7_imx219.runs/design_1_v_demosaic_0_0_synth_1/prj/sol/.autopilot/db/v_demosaic.cpp:499:40) in function 'DebayerG' completely with a factor of 4 (C:/github/zybo_z7_cam_rpi_v2_5mp_hdmi/zybo_z7_imx219/zybo_z7_imx219.runs/design_1_v_demosaic_0_0_synth_1/prj/sol/.autopilot/db/v_demosaic.cpp:270:0)
INFO: [HLS 214-186] Unrolling loop 'VITIS_LOOP_490_20' (C:/github/zybo_z7_cam_rpi_v2_5mp_hdmi/zybo_z7_imx219/zybo_z7_imx219.runs/design_1_v_demosaic_0_0_synth_1/prj/sol/.autopilot/db/v_demosaic.cpp:490:40) in function 'DebayerG' completely with a factor of 4 (C:/github/zybo_z7_cam_rpi_v2_5mp_hdmi/zybo_z7_imx219/zybo_z7_imx219.runs/design_1_v_demosaic_0_0_synth_1/prj/sol/.autopilot/db/v_demosaic.cpp:270:0)
INFO: [HLS 214-186] Unrolling loop 'VITIS_LOOP_472_19' (C:/github/zybo_z7_cam_rpi_v2_5mp_hdmi/zybo_z7_imx219/zybo_z7_imx219.runs/design_1_v_demosaic_0_0_synth_1/prj/sol/.autopilot/db/v_demosaic.cpp:472:40) in function 'DebayerG' completely with a factor of 4 (C:/github/zybo_z7_cam_rpi_v2_5mp_hdmi/zybo_z7_imx219/zybo_z7_imx219.runs/design_1_v_demosaic_0_0_synth_1/prj/sol/.autopilot/db/v_demosaic.cpp:270:0)
INFO: [HLS 214-186] Unrolling loop 'VITIS_LOOP_180_1' (C:/github/zybo_z7_cam_rpi_v2_5mp_hdmi/zybo_z7_imx219/zybo_z7_imx219.runs/design_1_v_demosaic_0_0_synth_1/prj/sol/.autopilot/db/v_demosaic.cpp:180:31) in function 'AXIvideo2MultiBayer' completely with a factor of 1 (C:/github/zybo_z7_cam_rpi_v2_5mp_hdmi/zybo_z7_imx219/zybo_z7_imx219.runs/design_1_v_demosaic_0_0_synth_1/prj/sol/.autopilot/db/v_demosaic.cpp:139:0)
INFO: [HLS 214-178] Inlining function 'hls::axis<ap_uint<10>, 1ul, 1ul, 1ul, (unsigned char)56, false>::axis()' into 'AXIvideo2MultiBayer(hls::stream<hls::axis<ap_uint<10>, 1ul, 1ul, 1ul, (unsigned char)56, false>, 0>&, hls::stream<hls::Scalar<1, ap_uint<10> >, 0>&, unsigned short&, unsigned short&)' (C:/github/zybo_z7_cam_rpi_v2_5mp_hdmi/zybo_z7_imx219/zybo_z7_imx219.runs/design_1_v_demosaic_0_0_synth_1/prj/sol/.autopilot/db/v_demosaic.cpp:139:0)
INFO: [HLS 214-178] Inlining function 'std::abs(long long)' into 'DebayerG(hls::stream<hls::Scalar<1, ap_uint<10> >, 0>&, hls::stream<hls::Scalar<3, ap_uint<10> >, 0>&, unsigned short&, unsigned short&, unsigned short&)' (C:/github/zybo_z7_cam_rpi_v2_5mp_hdmi/zybo_z7_imx219/zybo_z7_imx219.runs/design_1_v_demosaic_0_0_synth_1/prj/sol/.autopilot/db/v_demosaic.cpp:270:0)
INFO: [HLS 214-178] Inlining function 'std::abs(long long)' into 'DebayerRatBorBatR(hls::stream<hls::Scalar<3, ap_uint<10> >, 0>&, hls::stream<hls::Scalar<3, ap_uint<10> >, 0>&, unsigned short&, unsigned short&, unsigned short&)' (C:/github/zybo_z7_cam_rpi_v2_5mp_hdmi/zybo_z7_imx219/zybo_z7_imx219.runs/design_1_v_demosaic_0_0_synth_1/prj/sol/.autopilot/db/v_demosaic.cpp:599:0)
INFO: [HLS 214-178] Inlining function 'std::abs(long long)' into 'DebayerRandBatG(hls::stream<hls::Scalar<3, ap_uint<10> >, 0>&, hls::stream<hls::Scalar<3, ap_uint<10> >, 0>&, unsigned short&, unsigned short&, unsigned short&)' (C:/github/zybo_z7_cam_rpi_v2_5mp_hdmi/zybo_z7_imx219/zybo_z7_imx219.runs/design_1_v_demosaic_0_0_synth_1/prj/sol/.autopilot/db/v_demosaic.cpp:847:0)
INFO: [HLS 214-178] Inlining function 'hls::axis<ap_uint<30>, 1ul, 1ul, 1ul, (unsigned char)56, false>::axis()' into 'MultiPixStream2AXIvideo(hls::stream<hls::Scalar<3, ap_uint<10> >, 0>&, hls::stream<hls::axis<ap_uint<30>, 1ul, 1ul, 1ul, (unsigned char)56, false>, 0>&, unsigned short&, unsigned short&)' (C:/github/zybo_z7_cam_rpi_v2_5mp_hdmi/zybo_z7_imx219/zybo_z7_imx219.runs/design_1_v_demosaic_0_0_synth_1/prj/sol/.autopilot/db/v_demosaic.cpp:213:0)
INFO: [HLS 214-248] Applying array_partition to 'linebuf_yuv': Complete partitioning on dimension 1. (C:/github/zybo_z7_cam_rpi_v2_5mp_hdmi/zybo_z7_imx219/zybo_z7_imx219.runs/design_1_v_demosaic_0_0_synth_1/prj/sol/.autopilot/db/v_demosaic.cpp:283:61)
INFO: [HLS 214-248] Applying array_partition to 'lineBuffer': Complete partitioning on dimension 1. (C:/github/zybo_z7_cam_rpi_v2_5mp_hdmi/zybo_z7_imx219/zybo_z7_imx219.runs/design_1_v_demosaic_0_0_synth_1/prj/sol/.autopilot/db/v_demosaic.cpp:614:67)
INFO: [HLS 214-248] Applying array_partition to 'upleft': Complete partitioning on dimension 1. (C:/github/zybo_z7_cam_rpi_v2_5mp_hdmi/zybo_z7_imx219/zybo_z7_imx219.runs/design_1_v_demosaic_0_0_synth_1/prj/sol/.autopilot/db/v_demosaic.cpp:775:31)
INFO: [HLS 214-248] Applying array_partition to 'upright': Complete partitioning on dimension 1. (C:/github/zybo_z7_cam_rpi_v2_5mp_hdmi/zybo_z7_imx219/zybo_z7_imx219.runs/design_1_v_demosaic_0_0_synth_1/prj/sol/.autopilot/db/v_demosaic.cpp:776:31)
INFO: [HLS 214-248] Applying array_partition to 'downleft': Complete partitioning on dimension 1. (C:/github/zybo_z7_cam_rpi_v2_5mp_hdmi/zybo_z7_imx219/zybo_z7_imx219.runs/design_1_v_demosaic_0_0_synth_1/prj/sol/.autopilot/db/v_demosaic.cpp:777:31)
INFO: [HLS 214-248] Applying array_partition to 'downright': Complete partitioning on dimension 1. (C:/github/zybo_z7_cam_rpi_v2_5mp_hdmi/zybo_z7_imx219/zybo_z7_imx219.runs/design_1_v_demosaic_0_0_synth_1/prj/sol/.autopilot/db/v_demosaic.cpp:778:31)
INFO: [HLS 214-248] Applying array_partition to 'center': Complete partitioning on dimension 1. (C:/github/zybo_z7_cam_rpi_v2_5mp_hdmi/zybo_z7_imx219/zybo_z7_imx219.runs/design_1_v_demosaic_0_0_synth_1/prj/sol/.autopilot/db/v_demosaic.cpp:779:31)
INFO: [HLS 214-248] Applying array_partition to 'lineBuffer': Complete partitioning on dimension 1. (C:/github/zybo_z7_cam_rpi_v2_5mp_hdmi/zybo_z7_imx219/zybo_z7_imx219.runs/design_1_v_demosaic_0_0_synth_1/prj/sol/.autopilot/db/v_demosaic.cpp:862:67)
INFO: [HLS 214-248] Applying array_partition to 'luma': Complete partitioning on dimension 1. (C:/github/zybo_z7_cam_rpi_v2_5mp_hdmi/zybo_z7_imx219/zybo_z7_imx219.runs/design_1_v_demosaic_0_0_synth_1/prj/sol/.autopilot/db/v_demosaic.cpp:1089:16)
INFO: [HLS 214-248] Applying array_partition to 'r': Complete partitioning on dimension 1. (C:/github/zybo_z7_cam_rpi_v2_5mp_hdmi/zybo_z7_imx219/zybo_z7_imx219.runs/design_1_v_demosaic_0_0_synth_1/prj/sol/.autopilot/db/v_demosaic.cpp:1090:16)
INFO: [HLS 214-248] Applying array_partition to 'g': Complete partitioning on dimension 1. (C:/github/zybo_z7_cam_rpi_v2_5mp_hdmi/zybo_z7_imx219/zybo_z7_imx219.runs/design_1_v_demosaic_0_0_synth_1/prj/sol/.autopilot/db/v_demosaic.cpp:1091:16)
INFO: [HLS 214-248] Applying array_partition to 'b': Complete partitioning on dimension 1. (C:/github/zybo_z7_cam_rpi_v2_5mp_hdmi/zybo_z7_imx219/zybo_z7_imx219.runs/design_1_v_demosaic_0_0_synth_1/prj/sol/.autopilot/db/v_demosaic.cpp:1092:16)
INFO: [HLS 214-241] Aggregating fifo (hls::stream) variable 'imgUnzip' with compact=bit mode in 30-bits (C:/github/zybo_z7_cam_rpi_v2_5mp_hdmi/zybo_z7_imx219/zybo_z7_imx219.runs/design_1_v_demosaic_0_0_synth_1/prj/sol/.autopilot/db/v_demosaic.cpp:110:21)
INFO: [HLS 214-241] Aggregating fifo (hls::stream) variable 'imgRgb' with compact=bit mode in 30-bits (C:/github/zybo_z7_cam_rpi_v2_5mp_hdmi/zybo_z7_imx219/zybo_z7_imx219.runs/design_1_v_demosaic_0_0_synth_1/prj/sol/.autopilot/db/v_demosaic.cpp:109:21)
INFO: [HLS 214-241] Aggregating fifo (hls::stream) variable 'imgRB' with compact=bit mode in 30-bits (C:/github/zybo_z7_cam_rpi_v2_5mp_hdmi/zybo_z7_imx219/zybo_z7_imx219.runs/design_1_v_demosaic_0_0_synth_1/prj/sol/.autopilot/db/v_demosaic.cpp:1067:27)
INFO: [HLS 214-241] Aggregating fifo (hls::stream) variable 'imgG' with compact=bit mode in 30-bits (C:/github/zybo_z7_cam_rpi_v2_5mp_hdmi/zybo_z7_imx219/zybo_z7_imx219.runs/design_1_v_demosaic_0_0_synth_1/prj/sol/.autopilot/db/v_demosaic.cpp:1067:21)
INFO: [HLS 214-241] Aggregating fifo (hls::stream) variable 'imgBayer' with compact=bit mode in 10-bits (C:/github/zybo_z7_cam_rpi_v2_5mp_hdmi/zybo_z7_imx219/zybo_z7_imx219.runs/design_1_v_demosaic_0_0_synth_1/prj/sol/.autopilot/db/v_demosaic.cpp:108:23)
INFO: [HLS 214-376] Pipelining loop< unknown> at C:/github/zybo_z7_cam_rpi_v2_5mp_hdmi/zybo_z7_imx219/zybo_z7_imx219.runs/design_1_v_demosaic_0_0_synth_1/prj/sol/.autopilot/db/v_demosaic.cpp:1089:33 due to pipeline_loops threshold
INFO: [HLS 214-376] Pipelining loop< unknown> at C:/github/zybo_z7_cam_rpi_v2_5mp_hdmi/zybo_z7_imx219/zybo_z7_imx219.runs/design_1_v_demosaic_0_0_synth_1/prj/sol/.autopilot/db/v_demosaic.cpp:1090:30 due to pipeline_loops threshold
INFO: [HLS 214-376] Pipelining loop< unknown> at C:/github/zybo_z7_cam_rpi_v2_5mp_hdmi/zybo_z7_imx219/zybo_z7_imx219.runs/design_1_v_demosaic_0_0_synth_1/prj/sol/.autopilot/db/v_demosaic.cpp:1091:30 due to pipeline_loops threshold
INFO: [HLS 214-376] Pipelining loop< unknown> at C:/github/zybo_z7_cam_rpi_v2_5mp_hdmi/zybo_z7_imx219/zybo_z7_imx219.runs/design_1_v_demosaic_0_0_synth_1/prj/sol/.autopilot/db/v_demosaic.cpp:1092:30 due to pipeline_loops threshold
INFO-FLOW: run_clang result=success num-err-msgs=0 num-stderr-lines=361
INFO-FLOW: DBG:PUTS: copy_raw_kernel_xml ap_link_39: kernel.xml not generated: C:/github/zybo_z7_cam_rpi_v2_5mp_hdmi/zybo_z7_imx219/zybo_z7_imx219.runs/design_1_v_demosaic_0_0_synth_1/prj/sol/.autopilot/db/kernel.internal.xml
INFO: [HLS 200-111] Finished Compiling Optimization and Transform: CPU user time: 2 seconds. CPU system time: 0 seconds. Elapsed time: 34.018 seconds; current allocated memory: 156.480 MB.
INFO: [HLS 200-111] Finished Checking Pragmas: CPU user time: 0 seconds. CPU system time: 0 seconds. Elapsed time: 0.003 seconds; current allocated memory: 156.480 MB.
Execute         opt_and_import_c a -opt_level=2 -skip_syncheck=0 -ng=0 -keep_printf=0 
Execute           cleanup_all_models 
INFO: [HLS 200-10] Starting code transformations ...
INFO-FLOW: Running Standard Transforms...
Execute           transform -hls -share-std-xform -demangle-name -inline-byval-memcpy -always-inline -promote-dbg-pointer -interface-preproc -mem2reg -reassociate -gvn -reassociate -scalarrepl -mem2reg -keep-read-access -instcombine -dce -promote-dbg-pointer -bitop-raise -loop-simplify -indvarspre -indvars -loop-simplify -constprop -instcombine -simplifycfg -indvars -simplifycfg -dce -globaldce -basicaa -simplifycfg -mem2reg -globalopt -global-constprop -deadargelim -instcombine -simplifycfg -scalarrepl -instcombine -reassociate -licm -simplifycfg -loop-simplify -indvars -instcombine -simplifycfg -mem2reg -loop-simplify -indvars -instcombine -gvn -gvn -instcombine -adce -break-crit-edges -simplifycfg -loop-delete -global-array-opt -dce -dse -adce -find-syn-modules -top v_demosaic -deadargelim -mem2reg -instcombine -dce -presyn-prepare -interface-preproc -syn-check -check-rec-only -find-region -simplifycfg -func-extr -function-inline -globaldce -mem2reg -instcombine -dce -gvn -globaldce -adce -adse -constprop -instcombine -bit-constprop -instcombine -dce -simplifycfg -bitop-raise -simplifycfg -dce -loop-delete -reassociate -globalopt -global-privatize -mem2reg -dce -global-constprop -pointer-simplify -constprop -dce -promote-dbg-pointer -norm-name C:/github/zybo_z7_cam_rpi_v2_5mp_hdmi/zybo_z7_imx219/zybo_z7_imx219.runs/design_1_v_demosaic_0_0_synth_1/prj/sol/.autopilot/db/a.g.0.bc -o C:/github/zybo_z7_cam_rpi_v2_5mp_hdmi/zybo_z7_imx219/zybo_z7_imx219.runs/design_1_v_demosaic_0_0_synth_1/prj/sol/.autopilot/db/a.g.1.bc -f -phase std-opt 
INFO: [HLS 200-111] Finished Standard Transforms: CPU user time: 0 seconds. CPU system time: 0 seconds. Elapsed time: 0.121 seconds; current allocated memory: 164.711 MB.
INFO: [HLS 200-10] Checking synthesizability ...
INFO-FLOW: Checking Synthesizability 1/2..
Execute           transform -hls -syn-check -check-rec-only -scalarrepl -norm-name -dce -mem2reg -instcombine -directive-preproc -mem2reg -dse -dce -dce -pag -array-normalize -instcombine -dce -array-seg-normalize -instcombine -dce -data-pack -instcombine -dce -inst-simplify -array-flatten -instcombine -dce -array-burst -dce -deadargelim -promote-global-argument -simplifycfg -mem2reg -globaldce -dce -deadargelim -dce -instcombine -function-inline -globaldce -dce -doublePtrSimplify -doublePtrElim -dce -doublePtrSimplify -promote-dbg-pointer -dce -scalarrepl -dse -adse -instcombine -ptrLegalization -simplifycfg -dce -instcombine -pointer-simplify -ptrArgReplace -dce -instcombine -resolve-double-ptr -scalarrepl -norm-name -dce -mem2reg -instcombine -ptrLegalization -simplifycfg -deadargelim -instcombine -dce -inst-simplify -directive-preproc -mem2reg -dse -dce -globaldce C:/github/zybo_z7_cam_rpi_v2_5mp_hdmi/zybo_z7_imx219/zybo_z7_imx219.runs/design_1_v_demosaic_0_0_synth_1/prj/sol/.autopilot/db/a.g.1.bc -o C:/github/zybo_z7_cam_rpi_v2_5mp_hdmi/zybo_z7_imx219/zybo_z7_imx219.runs/design_1_v_demosaic_0_0_synth_1/prj/sol/.autopilot/db/a.g.2.prechk.bc -f 
Command           transform done; 0.122 sec.
INFO-FLOW: Checking Synthesizability 2/2..
Execute           transform -syn-check C:/github/zybo_z7_cam_rpi_v2_5mp_hdmi/zybo_z7_imx219/zybo_z7_imx219.runs/design_1_v_demosaic_0_0_synth_1/prj/sol/.autopilot/db/a.g.2.prechk.bc -o C:/github/zybo_z7_cam_rpi_v2_5mp_hdmi/zybo_z7_imx219/zybo_z7_imx219.runs/design_1_v_demosaic_0_0_synth_1/prj/sol/.autopilot/db/a.g.2.bc -f -phase syn-check 
INFO: [HLS 200-111] Finished Checking Synthesizability: CPU user time: 0 seconds. CPU system time: 0 seconds. Elapsed time: 0.152 seconds; current allocated memory: 169.574 MB.
INFO-FLOW: Compiler optimizing ...
INFO-FLOW: Share syncheck's 1.bc for syn flow: copy C:/github/zybo_z7_cam_rpi_v2_5mp_hdmi/zybo_z7_imx219/zybo_z7_imx219.runs/design_1_v_demosaic_0_0_synth_1/prj/sol/.autopilot/db/a.g.1.bc to C:/github/zybo_z7_cam_rpi_v2_5mp_hdmi/zybo_z7_imx219/zybo_z7_imx219.runs/design_1_v_demosaic_0_0_synth_1/prj/sol/.autopilot/db/a.o.1.bc
INFO-FLOW: Presyn 1...
Execute           transform -hls -tmp C:/github/zybo_z7_cam_rpi_v2_5mp_hdmi/zybo_z7_imx219/zybo_z7_imx219.runs/design_1_v_demosaic_0_0_synth_1/prj/sol/.autopilot/db -interface-port-rename -directive-preproc -mem2reg -dse -dce -scalarrepl -norm-name -deadargelim -dce -hls-dead-arg-elim -deadargelim -mem2reg -instcombine -dce -simplifycfg -dce -resource-proc -clib-intrinsic-prepare -dce -func-buffer -dce -pag -array-normalize -func-legal -instcombine -gvn -constprop -dce -simplifycfg -mem2reg -globaldce -resolve-double-ptr -dce -deadargelim -dce -instcombine -ptrArgReplace -mem2reg -dce -array-seg-normalize -deadargelim -instcombine -dce -directive-preproc -mem2reg -dse -dce -pointer-simplify -dce -dce -interface-preproc -data-pack -instcombine -dce -basicaa -aggr-aa -aggrmodref-aa -aggr-aa -gvn -gvn -basicaa -aggr-aa -aggrmodref-aa -aggr-aa -dse -adse -adce -loop-simplify -indvars -instcombine -gvn -loop-simplify -mem2reg -dce -find-region -instcombine -inst-simplify -interface-preproc -cfgopt -instcombine -indvars -loop-simplify -loop-bound -constprop -instcombine -simplifycfg -indvars -simplifycfg -dce -globaldce -clean-region -attach-range -gvn -inst-simplify -constprop -simplifycfg -dce -pointer-simplify -dce -globalopt -constprop -dce -ptrArgReplace -mem2reg -simplifycfg -dce -instcombine -dce -array-transform-check -array-reshape -instcombine -simplifycfg -dce -ptrArgReplace -deadargelim -mem2reg -instcombine -simplifycfg -dce -indvars -loop-simplify -loop-bound -constprop -instcombine -simplifycfg -indvars -simplifycfg -dce -globaldce -basicaa -aggr-aa -aggrmodref-aa -aggr-aa -dse -duplicate-dataflow-processes -globaldce -instcombine -array-partition -prepare-dynamic-array-partition -instcombine -simplifycfg -dce -ptrArgReplace -global-constprop -deadargelim -mem2reg -func-legal -dce -global-constprop -deadargelim -mem2reg -simplifycfg -dce -merge-param -deadargelim -globalopt -constprop -dce -ptrArgReplace -mem2reg -simplifycfg -dce -mem-intrinsic-preproc -dce -global-internalize -global-privatize -mem2reg -globaldce -lcssa -loop-simplify -phi-select-elim -promote-global-argument -ptrArgReplace -mem2reg -dce -globalopt -mergereturn -simplify-global-access -mem2reg -dce -pointer-simplify -dce -basicaa -aggr-aa -aggrmodref-aa -aggr-aa -functionattrs -basicaa -aggr-aa -aggrmodref-aa -aggr-aa -gvn -gvn -basicaa -aggr-aa -aggrmodref-aa -aggr-aa -dse -adse -adce -dce -norm-name -basicaa -aggr-aa -aggrmodref-aa -aggr-aa -accesses-merge -function-inline -complex-op-raise -inst-simplify -globaldce -func-legal -dce -loop-bound -arraycheck -bitwidthmin2 -bitwidthmin2 -on-by-dataflow -loop-delete -instcombine -simplifycfg -globaldce -dce -gvn -deadargelim -dce -loop-simplify -clean-region -simplifycfg -propagate-stable-arguments -instcombine -simplifycfg -dce -globaldce -duplicate-dataflow-processes -stream-intrinsic-preproc -dce -check-ap-stream -loop-simplify -eliminate-keepreads -extract-dataflow-in-loop -loop-simplify -dce -gvn -deadargelim -dse -duplicate-dataflow-processes -check-dataflow-syntax -legalize-stream-variable -globaldce -extract-subproc -global-constprop -deadargelim -globaldce -legalize-global -dce -dead-channel-elimination -canonicalize-gep -globaldce -dce -gvn -hls-dead-arg-elim -deadargelim -canonicalize-dataflow -directive-preproc -dce -globaldce -scalar-preprocessing -scalar-propagation2 -scalar-stream -deadargelim -globaldce -mem2reg -check-dataflow-channels -function-stream -dce -globaldce -prop-fifo-spec -internal-stream-gen -canonicalize-gep -globaldce -dce -gvn -deadargelim -mergereturn -indvars -loop-simplify -instcombine -array-stream -array-seg-normalize -array-partition -clean-array-spec -func-legal -instcombine -simplifycfg -dce -bundle-memfifo-ops -deadargelim -directive-preproc -mem2reg -dse -dce -group-axi-access -licm -simplifycfg -dce -loop-delete -hls-display -norm-name C:/github/zybo_z7_cam_rpi_v2_5mp_hdmi/zybo_z7_imx219/zybo_z7_imx219.runs/design_1_v_demosaic_0_0_synth_1/prj/sol/.autopilot/db/a.o.1.bc -o C:/github/zybo_z7_cam_rpi_v2_5mp_hdmi/zybo_z7_imx219/zybo_z7_imx219.runs/design_1_v_demosaic_0_0_synth_1/prj/sol/.autopilot/db/a.o.1.tmp.bc -f 
WARNING: [XFORM 203-561] Updating loop upper bound from 65535 to 1920 for loop 'VITIS_LOOP_230_2' (C:/github/zybo_z7_cam_rpi_v2_5mp_hdmi/zybo_z7_imx219/zybo_z7_imx219.runs/design_1_v_demosaic_0_0_synth_1/prj/sol/.autopilot/db/v_demosaic.cpp:230:43) in function 'MultiPixStream2AXIvideo'.
WARNING: [XFORM 203-561] Ignored invalid trip count directive (MAX (= 1920) < AVE (= 32767)) for loop 'VITIS_LOOP_230_2' (C:/github/zybo_z7_cam_rpi_v2_5mp_hdmi/zybo_z7_imx219/zybo_z7_imx219.runs/design_1_v_demosaic_0_0_synth_1/prj/sol/.autopilot/db/v_demosaic.cpp:230:43) in function 'MultiPixStream2AXIvideo'.
WARNING: [XFORM 203-561] Updating loop upper bound from 65535 to 1080 for loop 'VITIS_LOOP_228_1' (C:/github/zybo_z7_cam_rpi_v2_5mp_hdmi/zybo_z7_imx219/zybo_z7_imx219.runs/design_1_v_demosaic_0_0_synth_1/prj/sol/.autopilot/db/v_demosaic.cpp:228:39) in function 'MultiPixStream2AXIvideo'.
WARNING: [XFORM 203-561] Ignored invalid trip count directive (MAX (= 1080) < AVE (= 32767)) for loop 'VITIS_LOOP_228_1' (C:/github/zybo_z7_cam_rpi_v2_5mp_hdmi/zybo_z7_imx219/zybo_z7_imx219.runs/design_1_v_demosaic_0_0_synth_1/prj/sol/.autopilot/db/v_demosaic.cpp:228:39) in function 'MultiPixStream2AXIvideo'.
WARNING: [XFORM 203-561] Updating loop upper bound from 65536 to 1921 for loop 'VITIS_LOOP_633_2' (C:/github/zybo_z7_cam_rpi_v2_5mp_hdmi/zybo_z7_imx219/zybo_z7_imx219.runs/design_1_v_demosaic_0_0_synth_1/prj/sol/.autopilot/db/v_demosaic.cpp:632:13) in function 'DebayerRatBorBatR'.
WARNING: [XFORM 203-561] Ignored invalid trip count directive (MAX (= 1921) < AVE (= 32768)) for loop 'VITIS_LOOP_633_2' (C:/github/zybo_z7_cam_rpi_v2_5mp_hdmi/zybo_z7_imx219/zybo_z7_imx219.runs/design_1_v_demosaic_0_0_synth_1/prj/sol/.autopilot/db/v_demosaic.cpp:632:13) in function 'DebayerRatBorBatR'.
WARNING: [XFORM 203-561] Updating loop upper bound from 65536 to 1081 for loop 'VITIS_LOOP_630_1' (C:/github/zybo_z7_cam_rpi_v2_5mp_hdmi/zybo_z7_imx219/zybo_z7_imx219.runs/design_1_v_demosaic_0_0_synth_1/prj/sol/.autopilot/db/v_demosaic.cpp:603:9) in function 'DebayerRatBorBatR'.
WARNING: [XFORM 203-561] Ignored invalid trip count directive (MAX (= 1081) < AVE (= 32768)) for loop 'VITIS_LOOP_630_1' (C:/github/zybo_z7_cam_rpi_v2_5mp_hdmi/zybo_z7_imx219/zybo_z7_imx219.runs/design_1_v_demosaic_0_0_synth_1/prj/sol/.autopilot/db/v_demosaic.cpp:603:9) in function 'DebayerRatBorBatR'.
WARNING: [XFORM 203-561] Updating loop upper bound from 65536 to 1921 for loop 'VITIS_LOOP_881_2' (C:/github/zybo_z7_cam_rpi_v2_5mp_hdmi/zybo_z7_imx219/zybo_z7_imx219.runs/design_1_v_demosaic_0_0_synth_1/prj/sol/.autopilot/db/v_demosaic.cpp:880:13) in function 'DebayerRandBatG'.
WARNING: [XFORM 203-561] Ignored invalid trip count directive (MAX (= 1921) < AVE (= 32768)) for loop 'VITIS_LOOP_881_2' (C:/github/zybo_z7_cam_rpi_v2_5mp_hdmi/zybo_z7_imx219/zybo_z7_imx219.runs/design_1_v_demosaic_0_0_synth_1/prj/sol/.autopilot/db/v_demosaic.cpp:880:13) in function 'DebayerRandBatG'.
WARNING: [XFORM 203-561] Updating loop upper bound from 65536 to 1081 for loop 'VITIS_LOOP_878_1' (C:/github/zybo_z7_cam_rpi_v2_5mp_hdmi/zybo_z7_imx219/zybo_z7_imx219.runs/design_1_v_demosaic_0_0_synth_1/prj/sol/.autopilot/db/v_demosaic.cpp:851:9) in function 'DebayerRandBatG'.
WARNING: [XFORM 203-561] Ignored invalid trip count directive (MAX (= 1081) < AVE (= 32768)) for loop 'VITIS_LOOP_878_1' (C:/github/zybo_z7_cam_rpi_v2_5mp_hdmi/zybo_z7_imx219/zybo_z7_imx219.runs/design_1_v_demosaic_0_0_synth_1/prj/sol/.autopilot/db/v_demosaic.cpp:851:9) in function 'DebayerRandBatG'.
WARNING: [XFORM 203-561] Updating loop upper bound from 65535 to 1920 for loop 'loop_width' (C:/github/zybo_z7_cam_rpi_v2_5mp_hdmi/zybo_z7_imx219/zybo_z7_imx219.runs/design_1_v_demosaic_0_0_synth_1/prj/sol/.autopilot/db/v_demosaic.cpp:153:10) in function 'AXIvideo2MultiBayer'.
WARNING: [XFORM 203-561] Ignored invalid trip count directive (MAX (= 1920) < AVE (= 32767)) for loop 'loop_width' (C:/github/zybo_z7_cam_rpi_v2_5mp_hdmi/zybo_z7_imx219/zybo_z7_imx219.runs/design_1_v_demosaic_0_0_synth_1/prj/sol/.autopilot/db/v_demosaic.cpp:153:10) in function 'AXIvideo2MultiBayer'.
WARNING: [XFORM 203-561] Updating loop upper bound from 65535 to 1080 for loop 'loop_height' (C:/github/zybo_z7_cam_rpi_v2_5mp_hdmi/zybo_z7_imx219/zybo_z7_imx219.runs/design_1_v_demosaic_0_0_synth_1/prj/sol/.autopilot/db/v_demosaic.cpp:153:10) in function 'AXIvideo2MultiBayer'.
WARNING: [XFORM 203-561] Ignored invalid trip count directive (MAX (= 1080) < AVE (= 32767)) for loop 'loop_height' (C:/github/zybo_z7_cam_rpi_v2_5mp_hdmi/zybo_z7_imx219/zybo_z7_imx219.runs/design_1_v_demosaic_0_0_synth_1/prj/sol/.autopilot/db/v_demosaic.cpp:153:10) in function 'AXIvideo2MultiBayer'.
WARNING: [HLS 200-805] An internal stream 'imgBayer' (C:/github/zybo_z7_cam_rpi_v2_5mp_hdmi/zybo_z7_imx219/zybo_z7_imx219.runs/design_1_v_demosaic_0_0_synth_1/prj/sol/.autopilot/db/v_demosaic.cpp:108) with default size can result in deadlock. Please consider resizing the stream using the directive 'set_directive_stream' or the 'HLS stream' pragma.
WARNING: [HLS 200-805] An internal stream 'imgRgb' (C:/github/zybo_z7_cam_rpi_v2_5mp_hdmi/zybo_z7_imx219/zybo_z7_imx219.runs/design_1_v_demosaic_0_0_synth_1/prj/sol/.autopilot/db/v_demosaic.cpp:109) with default size can result in deadlock. Please consider resizing the stream using the directive 'set_directive_stream' or the 'HLS stream' pragma.
WARNING: [HLS 200-805] An internal stream 'imgUnzip' (C:/github/zybo_z7_cam_rpi_v2_5mp_hdmi/zybo_z7_imx219/zybo_z7_imx219.runs/design_1_v_demosaic_0_0_synth_1/prj/sol/.autopilot/db/v_demosaic.cpp:110) with default size can result in deadlock. Please consider resizing the stream using the directive 'set_directive_stream' or the 'HLS stream' pragma.
WARNING: [HLS 200-805] An internal stream 'imgG' (C:/github/zybo_z7_cam_rpi_v2_5mp_hdmi/zybo_z7_imx219/zybo_z7_imx219.runs/design_1_v_demosaic_0_0_synth_1/prj/sol/.autopilot/db/v_demosaic.cpp:1067) with default size can result in deadlock. Please consider resizing the stream using the directive 'set_directive_stream' or the 'HLS stream' pragma.
WARNING: [HLS 200-805] An internal stream 'imgRB' (C:/github/zybo_z7_cam_rpi_v2_5mp_hdmi/zybo_z7_imx219/zybo_z7_imx219.runs/design_1_v_demosaic_0_0_synth_1/prj/sol/.autopilot/db/v_demosaic.cpp:1067) with default size can result in deadlock. Please consider resizing the stream using the directive 'set_directive_stream' or the 'HLS stream' pragma.
INFO: [XFORM 203-712] Applying dataflow to function 'Debayer' (C:/github/zybo_z7_cam_rpi_v2_5mp_hdmi/zybo_z7_imx219/zybo_z7_imx219.runs/design_1_v_demosaic_0_0_synth_1/prj/sol/.autopilot/db/v_demosaic.cpp:1067:1), detected/extracted 3 process function(s): 
	 'DebayerG'
	 'DebayerRatBorBatR'
	 'DebayerRandBatG'.
INFO: [XFORM 203-712] Applying dataflow to function 'v_demosaic' (C:/github/zybo_z7_cam_rpi_v2_5mp_hdmi/zybo_z7_imx219/zybo_z7_imx219.runs/design_1_v_demosaic_0_0_synth_1/prj/sol/.autopilot/db/v_demosaic.cpp:89), detected/extracted 5 process function(s): 
	 'entry_proc'
	 'AXIvideo2MultiBayer'
	 'Debayer'
	 'ZipperRemoval'
	 'MultiPixStream2AXIvideo'.
Command           transform done; 1.922 sec.
INFO-FLOW: Presyn 2...
Execute           transform -hls -keep-callgraph -scalarrepl -mem2reg -attach-range -dce -pipe-mux-gen -indvars -loop-bound -inst-simplify -instcombine -dce -merge-array-access -mem2reg -dce -clean-region -mergereturn -if-conv -instcombine -dce -constprop -basicaa -aggr-aa -aggrmodref-aa -aggr-aa -gvn -gvn -basicaa -aggr-aa -aggrmodref-aa -aggr-aa -dse -adse -adce -scalarrepl -mem2reg -global-constprop -deadargelim -deadargelim -instcombine -dce -simplifycfg -ptrArgReplace -mem2reg -function-inline -globaldce -mem2reg -instcombine -dce -expr-balance -instcombine -dce -bitwidthmin2 -bitwidthmin2 -interface-preproc -directive-preproc -inst-rectify -instcombine -dce -basicaa -aggr-aa -aggrmodref-aa -aggr-aa -functionattrs -constprop -instcombine -bit-constprop -simplify-global-access -globalopt -globaldce -inst-simplify -instcombine -elimdeaddata -dce -loop-delete -simplifycfg -loop-simplify -barrier -norm-name C:/github/zybo_z7_cam_rpi_v2_5mp_hdmi/zybo_z7_imx219/zybo_z7_imx219.runs/design_1_v_demosaic_0_0_synth_1/prj/sol/.autopilot/db/a.o.1.tmp.bc -o C:/github/zybo_z7_cam_rpi_v2_5mp_hdmi/zybo_z7_imx219/zybo_z7_imx219.runs/design_1_v_demosaic_0_0_synth_1/prj/sol/.autopilot/db/a.o.2.bc -f -phase presyn 
INFO: [XFORM 203-401] Performing if-conversion on hyperblock from (C:/github/zybo_z7_cam_rpi_v2_5mp_hdmi/zybo_z7_imx219/zybo_z7_imx219.runs/design_1_v_demosaic_0_0_synth_1/prj/sol/.autopilot/db/v_demosaic.cpp:1089:33) to (C:/github/zybo_z7_cam_rpi_v2_5mp_hdmi/zybo_z7_imx219/zybo_z7_imx219.runs/design_1_v_demosaic_0_0_synth_1/prj/sol/.autopilot/db/v_demosaic.cpp:1089:33) in function 'ZipperRemoval'... converting 3 basic blocks.
INFO: [XFORM 203-401] Performing if-conversion on hyperblock from (C:/github/zybo_z7_cam_rpi_v2_5mp_hdmi/zybo_z7_imx219/zybo_z7_imx219.runs/design_1_v_demosaic_0_0_synth_1/prj/sol/.autopilot/db/v_demosaic.cpp:1090:30) to (C:/github/zybo_z7_cam_rpi_v2_5mp_hdmi/zybo_z7_imx219/zybo_z7_imx219.runs/design_1_v_demosaic_0_0_synth_1/prj/sol/.autopilot/db/v_demosaic.cpp:1090:30) in function 'ZipperRemoval'... converting 3 basic blocks.
INFO: [XFORM 203-401] Performing if-conversion on hyperblock from (C:/github/zybo_z7_cam_rpi_v2_5mp_hdmi/zybo_z7_imx219/zybo_z7_imx219.runs/design_1_v_demosaic_0_0_synth_1/prj/sol/.autopilot/db/v_demosaic.cpp:1091:30) to (C:/github/zybo_z7_cam_rpi_v2_5mp_hdmi/zybo_z7_imx219/zybo_z7_imx219.runs/design_1_v_demosaic_0_0_synth_1/prj/sol/.autopilot/db/v_demosaic.cpp:1091:30) in function 'ZipperRemoval'... converting 3 basic blocks.
INFO: [XFORM 203-401] Performing if-conversion on hyperblock from (C:/github/zybo_z7_cam_rpi_v2_5mp_hdmi/zybo_z7_imx219/zybo_z7_imx219.runs/design_1_v_demosaic_0_0_synth_1/prj/sol/.autopilot/db/v_demosaic.cpp:1092:30) to (C:/github/zybo_z7_cam_rpi_v2_5mp_hdmi/zybo_z7_imx219/zybo_z7_imx219.runs/design_1_v_demosaic_0_0_synth_1/prj/sol/.autopilot/db/v_demosaic.cpp:1092:30) in function 'ZipperRemoval'... converting 3 basic blocks.
INFO: [XFORM 203-401] Performing if-conversion on hyperblock from (C:/github/zybo_z7_cam_rpi_v2_5mp_hdmi/zybo_z7_imx219/zybo_z7_imx219.runs/design_1_v_demosaic_0_0_synth_1/prj/sol/.autopilot/db/v_demosaic.cpp:1129:51) to (C:/github/zybo_z7_cam_rpi_v2_5mp_hdmi/zybo_z7_imx219/zybo_z7_imx219.runs/design_1_v_demosaic_0_0_synth_1/prj/sol/.autopilot/db/v_demosaic.cpp:1159:17) in function 'ZipperRemoval'... converting 4 basic blocks.
INFO: [XFORM 203-401] Performing if-conversion on hyperblock from (C:/github/zybo_z7_cam_rpi_v2_5mp_hdmi/zybo_z7_imx219/zybo_z7_imx219.runs/design_1_v_demosaic_0_0_synth_1/prj/sol/.autopilot/db/v_demosaic.cpp:1009:27) to (C:/github/zybo_z7_cam_rpi_v2_5mp_hdmi/zybo_z7_imx219/zybo_z7_imx219.runs/design_1_v_demosaic_0_0_synth_1/prj/sol/.autopilot/db/v_demosaic.cpp:1052:27) in function 'DebayerRandBatG'... converting 6 basic blocks.
INFO: [XFORM 203-401] Performing if-conversion on hyperblock from (C:/github/zybo_z7_cam_rpi_v2_5mp_hdmi/zybo_z7_imx219/zybo_z7_imx219.runs/design_1_v_demosaic_0_0_synth_1/prj/sol/.autopilot/db/v_demosaic.cpp:439:65) to (C:/github/zybo_z7_cam_rpi_v2_5mp_hdmi/zybo_z7_imx219/zybo_z7_imx219.runs/design_1_v_demosaic_0_0_synth_1/prj/sol/.autopilot/db/v_demosaic.cpp:585:27) in function 'DebayerG'... converting 4 basic blocks.
Command           transform done; 1.87 sec.
INFO: [HLS 200-111] Finished Loop, function and other optimizations: CPU user time: 1 seconds. CPU system time: 0 seconds. Elapsed time: 3.8 seconds; current allocated memory: 197.070 MB.
Execute           transform -hls -auto-function-inline -globaldce -ptrArgReplace -mem2reg -dce -reset-lda -loop-simplify -indvars -aggr-aa -licm -loop-dep -loop-bound -licm -loop-simplify -loop-sink-hoist -flattenloopnest -array-flatten -gvn -instcombine -dce -array-map -dce -func-legal -gvn -adce -instcombine -cfgopt -simplifycfg-lite -loop-simplify -array-burst -promote-global-argument -dce -array-seg-normalize -basicaa -aggrmodref-aa -globalsmodref-aa -aggr-aa -gvn -gvn -basicaa -aggrmodref-aa -globalsmodref-aa -aggr-aa -dse -adse -adce -licm -inst-simplify -dce -globaldce -instcombine -array-stream -eliminate-keepreads -instcombine -dce -deadargelim -doublePtrSimplify -doublePtrElim -dce -doublePtrSimplify -promote-dbg-pointer -dce -scalarrepl -mem2reg -norm-name -mem2reg -instcombine -dse -adse -adce -ptrLegalization -dce -array-flatten -dce -instcombine -check-doubleptr -loop-rot -constprop -inst-simplify -cfgopt -simplifycfg-lite -loop-simplify -indvars -pointer-simplify -dce -loop-bound -loop-simplify -loop-preproc -constprop -global-constprop -gvn -mem2reg -instcombine -dce -loop-bound -loop-merge -dce -deadargelim -dce -canonicalize-dataflow -dce -deadargelim -globaldce -mem2reg -bram-byte-enable -inst-simplify -inst-rectify -instcombine -adce -deadargelim -load-elim -read-loop-dep -loop-simplify -loop-rewind-sink-hoist -loop-outline -hls-dead-arg-elim -directive-preproc -bitwidthmin2 -bitwidthmin2 -read-loop-dep -interface-preproc -directive-preproc -interface-gen -bram-byte-enable-spec-prop -mul2addshift -deadargelim -inst-simplify -dce -mem2reg -instcombine -gvn -dce -adse -loop-bound -instcombine -cfgopt -simplifycfg-lite -loop-simplify -clean-region -io-protocol -find-region -mem2reg -bitop-raise -complex-op-raise -inst-simplify -inst-rectify -instcombine -gvn -adce -deadargelim -float-op-raise -loop-simplify -phi-opt -bitop-raise -cfgopt -simplifycfg-lite -strip-dead-prototypes -interface-lower -bitop-lower -intrinsic-lower -auto-function-inline -basicaa -aggrmodref-aa -globalsmodref-aa -aggr-aa -inst-simplify -simplifycfg-lite -loop-simplify -mergereturn -inst-simplify -inst-rectify -globaldce -dce -load-elim -bitop-lower -float-op-raise -fma-raise -loop-rewind -pointer-simplify -dce -cfgopt -dce -loop-bound -loop-dep -read-loop-dep -dce -dyn-mem-reuse -dce -recurrence-min -dce -share-scalar-alloca -deadargelim -dce -check-stream -norm-name -legalize -inst-clarity -bitwidth -dce -validate-dataflow -dump-loop-dep-to-ir -check-all-ssdm -drop-inferred-ii -dump-complexity-metric C:/github/zybo_z7_cam_rpi_v2_5mp_hdmi/zybo_z7_imx219/zybo_z7_imx219.runs/design_1_v_demosaic_0_0_synth_1/prj/sol/.autopilot/db/a.o.2.bc -o C:/github/zybo_z7_cam_rpi_v2_5mp_hdmi/zybo_z7_imx219/zybo_z7_imx219.runs/design_1_v_demosaic_0_0_synth_1/prj/sol/.autopilot/db/a.o.3.bc -f -phase build-ssdm 
WARNING: [ANALYSIS 214-52] Found false inter dependency for variable 'lineBuffer.1' (C:/github/zybo_z7_cam_rpi_v2_5mp_hdmi/zybo_z7_imx219/zybo_z7_imx219.runs/design_1_v_demosaic_0_0_synth_1/prj/sol/.autopilot/db/v_demosaic.cpp:614).
WARNING: [ANALYSIS 214-52] Found false inter dependency for variable 'lineBuffer' (C:/github/zybo_z7_cam_rpi_v2_5mp_hdmi/zybo_z7_imx219/zybo_z7_imx219.runs/design_1_v_demosaic_0_0_synth_1/prj/sol/.autopilot/db/v_demosaic.cpp:614).
WARNING: [ANALYSIS 214-52] Found false intra dependency for variable 'lineBuffer.1' (C:/github/zybo_z7_cam_rpi_v2_5mp_hdmi/zybo_z7_imx219/zybo_z7_imx219.runs/design_1_v_demosaic_0_0_synth_1/prj/sol/.autopilot/db/v_demosaic.cpp:614).
WARNING: [ANALYSIS 214-52] Found false intra dependency for variable 'lineBuffer' (C:/github/zybo_z7_cam_rpi_v2_5mp_hdmi/zybo_z7_imx219/zybo_z7_imx219.runs/design_1_v_demosaic_0_0_synth_1/prj/sol/.autopilot/db/v_demosaic.cpp:614).
WARNING: [ANALYSIS 214-52] Found false inter dependency for variable 'lineBuffer.2' (C:/github/zybo_z7_cam_rpi_v2_5mp_hdmi/zybo_z7_imx219/zybo_z7_imx219.runs/design_1_v_demosaic_0_0_synth_1/prj/sol/.autopilot/db/v_demosaic.cpp:862).
WARNING: [ANALYSIS 214-52] Found false inter dependency for variable 'lineBuffer' (C:/github/zybo_z7_cam_rpi_v2_5mp_hdmi/zybo_z7_imx219/zybo_z7_imx219.runs/design_1_v_demosaic_0_0_synth_1/prj/sol/.autopilot/db/v_demosaic.cpp:862).
WARNING: [ANALYSIS 214-52] Found false intra dependency for variable 'lineBuffer.2' (C:/github/zybo_z7_cam_rpi_v2_5mp_hdmi/zybo_z7_imx219/zybo_z7_imx219.runs/design_1_v_demosaic_0_0_synth_1/prj/sol/.autopilot/db/v_demosaic.cpp:862).
WARNING: [ANALYSIS 214-52] Found false intra dependency for variable 'lineBuffer' (C:/github/zybo_z7_cam_rpi_v2_5mp_hdmi/zybo_z7_imx219/zybo_z7_imx219.runs/design_1_v_demosaic_0_0_synth_1/prj/sol/.autopilot/db/v_demosaic.cpp:862).
WARNING: [ANALYSIS 214-52] Found false inter dependency for variable 'linebuf_yuv.3' (C:/github/zybo_z7_cam_rpi_v2_5mp_hdmi/zybo_z7_imx219/zybo_z7_imx219.runs/design_1_v_demosaic_0_0_synth_1/prj/sol/.autopilot/db/v_demosaic.cpp:283).
WARNING: [ANALYSIS 214-52] Found false inter dependency for variable 'linebuf_yuv.2' (C:/github/zybo_z7_cam_rpi_v2_5mp_hdmi/zybo_z7_imx219/zybo_z7_imx219.runs/design_1_v_demosaic_0_0_synth_1/prj/sol/.autopilot/db/v_demosaic.cpp:283).
WARNING: [ANALYSIS 214-52] Found false inter dependency for variable 'linebuf_yuv.1' (C:/github/zybo_z7_cam_rpi_v2_5mp_hdmi/zybo_z7_imx219/zybo_z7_imx219.runs/design_1_v_demosaic_0_0_synth_1/prj/sol/.autopilot/db/v_demosaic.cpp:283).
WARNING: [ANALYSIS 214-52] Found false inter dependency for variable 'linebuf_yuv' (C:/github/zybo_z7_cam_rpi_v2_5mp_hdmi/zybo_z7_imx219/zybo_z7_imx219.runs/design_1_v_demosaic_0_0_synth_1/prj/sol/.autopilot/db/v_demosaic.cpp:283).
WARNING: [ANALYSIS 214-52] Found false intra dependency for variable 'linebuf_yuv.3' (C:/github/zybo_z7_cam_rpi_v2_5mp_hdmi/zybo_z7_imx219/zybo_z7_imx219.runs/design_1_v_demosaic_0_0_synth_1/prj/sol/.autopilot/db/v_demosaic.cpp:283).
WARNING: [ANALYSIS 214-52] Found false intra dependency for variable 'linebuf_yuv.2' (C:/github/zybo_z7_cam_rpi_v2_5mp_hdmi/zybo_z7_imx219/zybo_z7_imx219.runs/design_1_v_demosaic_0_0_synth_1/prj/sol/.autopilot/db/v_demosaic.cpp:283).
WARNING: [ANALYSIS 214-52] Found false intra dependency for variable 'linebuf_yuv.1' (C:/github/zybo_z7_cam_rpi_v2_5mp_hdmi/zybo_z7_imx219/zybo_z7_imx219.runs/design_1_v_demosaic_0_0_synth_1/prj/sol/.autopilot/db/v_demosaic.cpp:283).
WARNING: [ANALYSIS 214-52] Found false intra dependency for variable 'linebuf_yuv' (C:/github/zybo_z7_cam_rpi_v2_5mp_hdmi/zybo_z7_imx219/zybo_z7_imx219.runs/design_1_v_demosaic_0_0_synth_1/prj/sol/.autopilot/db/v_demosaic.cpp:283).
Execute             AP::auto_get_db
Command           transform done; 2.153 sec.
INFO-FLOW: Building ssdm...
Execute           transform -hls -cdfg-build C:/github/zybo_z7_cam_rpi_v2_5mp_hdmi/zybo_z7_imx219/zybo_z7_imx219.runs/design_1_v_demosaic_0_0_synth_1/prj/sol/.autopilot/db/a.o.3.bc -o C:/github/zybo_z7_cam_rpi_v2_5mp_hdmi/zybo_z7_imx219/zybo_z7_imx219.runs/design_1_v_demosaic_0_0_synth_1/prj/sol/.autopilot/db/a.o.3.bc -f -phase build-ssdm 
Command           transform done; 0.247 sec.
INFO: [HLS 200-111] Finished Architecture Synthesis: CPU user time: 0 seconds. CPU system time: 0 seconds. Elapsed time: 2.401 seconds; current allocated memory: 344.824 MB.
INFO-FLOW: Finish building internal data model.
Command         opt_and_import_c done; 6.481 sec.
Command       elaborate done; 110.368 sec.
Execute       ap_eval exec zip -j C:/github/zybo_z7_cam_rpi_v2_5mp_hdmi/zybo_z7_imx219/zybo_z7_imx219.runs/design_1_v_demosaic_0_0_synth_1/prj/sol/.autopilot/db/dut.hcp $dbDir/a.o.3.bc $dbDir/${topname}.rtl_wrap.cfg.tcl $dbDir/apatb_${topname}.cpp $dbDir/apatb_${topname}_util.cpp $dbDir/apatb_${topname}_ir.ll $dbDir/mapper_${topname}.cpp $dbDir/top-io-fe.xml $dbDir/kernel.internal.xml $workdir/../hls.app 
Command       ap_eval done; 0.112 sec.
INFO: [HLS 200-10] Starting hardware synthesis ...
INFO-FLOW: Synthesizing C/C++ design AP::SynTopModule=v_demosaic
INFO: [HLS 200-10] Synthesizing 'v_demosaic' ...
Execute       ap_set_top_model v_demosaic 
WARNING: [SYN 201-103] Legalizing function name 'reg<unsigned short>' to 'reg_unsigned_short_s'.
Execute       get_model_list v_demosaic -filter all-wo-channel -topdown 
Execute       preproc_iomode -model v_demosaic 
Execute       preproc_iomode -model MultiPixStream2AXIvideo 
Execute       preproc_iomode -model MultiPixStream2AXIvideo_Pipeline_VITIS_LOOP_230_2 
Execute       preproc_iomode -model ZipperRemoval 
Execute       preproc_iomode -model ZipperRemoval_Pipeline_VITIS_LOOP_1101_2 
Execute       preproc_iomode -model Debayer 
Execute       preproc_iomode -model DebayerRandBatG 
Execute       preproc_iomode -model DebayerRandBatG_Pipeline_VITIS_LOOP_881_2 
Execute       preproc_iomode -model DebayerRatBorBatR 
Execute       preproc_iomode -model DebayerRatBorBatR_Pipeline_VITIS_LOOP_633_2 
Execute       preproc_iomode -model DebayerG 
Execute       preproc_iomode -model DebayerG_Pipeline_VITIS_LOOP_318_4 
Execute       preproc_iomode -model AXIvideo2MultiBayer 
Execute       preproc_iomode -model AXIvideo2MultiBayer_Pipeline_loop_wait_for_eol 
Execute       preproc_iomode -model AXIvideo2MultiBayer_Pipeline_loop_width 
Execute       preproc_iomode -model AXIvideo2MultiBayer_Pipeline_loop_wait_for_start 
Execute       preproc_iomode -model reg<unsigned short> 
Execute       preproc_iomode -model entry_proc 
Execute       get_model_list v_demosaic -filter all-wo-channel 
INFO-FLOW: Model list for configure: entry_proc {reg<unsigned short>} AXIvideo2MultiBayer_Pipeline_loop_wait_for_start AXIvideo2MultiBayer_Pipeline_loop_width AXIvideo2MultiBayer_Pipeline_loop_wait_for_eol AXIvideo2MultiBayer DebayerG_Pipeline_VITIS_LOOP_318_4 DebayerG DebayerRatBorBatR_Pipeline_VITIS_LOOP_633_2 DebayerRatBorBatR DebayerRandBatG_Pipeline_VITIS_LOOP_881_2 DebayerRandBatG Debayer ZipperRemoval_Pipeline_VITIS_LOOP_1101_2 ZipperRemoval MultiPixStream2AXIvideo_Pipeline_VITIS_LOOP_230_2 MultiPixStream2AXIvideo v_demosaic
INFO-FLOW: Configuring Module : entry_proc ...
Execute       set_default_model entry_proc 
Execute       apply_spec_resource_limit entry_proc 
INFO-FLOW: Configuring Module : reg<unsigned short> ...
Execute       set_default_model reg<unsigned short> 
Execute       apply_spec_resource_limit reg<unsigned short> 
INFO-FLOW: Configuring Module : AXIvideo2MultiBayer_Pipeline_loop_wait_for_start ...
Execute       set_default_model AXIvideo2MultiBayer_Pipeline_loop_wait_for_start 
Execute       apply_spec_resource_limit AXIvideo2MultiBayer_Pipeline_loop_wait_for_start 
INFO-FLOW: Configuring Module : AXIvideo2MultiBayer_Pipeline_loop_width ...
Execute       set_default_model AXIvideo2MultiBayer_Pipeline_loop_width 
Execute       apply_spec_resource_limit AXIvideo2MultiBayer_Pipeline_loop_width 
INFO-FLOW: Configuring Module : AXIvideo2MultiBayer_Pipeline_loop_wait_for_eol ...
Execute       set_default_model AXIvideo2MultiBayer_Pipeline_loop_wait_for_eol 
Execute       apply_spec_resource_limit AXIvideo2MultiBayer_Pipeline_loop_wait_for_eol 
INFO-FLOW: Configuring Module : AXIvideo2MultiBayer ...
Execute       set_default_model AXIvideo2MultiBayer 
Execute       apply_spec_resource_limit AXIvideo2MultiBayer 
INFO-FLOW: Configuring Module : DebayerG_Pipeline_VITIS_LOOP_318_4 ...
Execute       set_default_model DebayerG_Pipeline_VITIS_LOOP_318_4 
Execute       apply_spec_resource_limit DebayerG_Pipeline_VITIS_LOOP_318_4 
INFO-FLOW: Configuring Module : DebayerG ...
Execute       set_default_model DebayerG 
Execute       apply_spec_resource_limit DebayerG 
INFO-FLOW: Configuring Module : DebayerRatBorBatR_Pipeline_VITIS_LOOP_633_2 ...
Execute       set_default_model DebayerRatBorBatR_Pipeline_VITIS_LOOP_633_2 
Execute       apply_spec_resource_limit DebayerRatBorBatR_Pipeline_VITIS_LOOP_633_2 
INFO-FLOW: Configuring Module : DebayerRatBorBatR ...
Execute       set_default_model DebayerRatBorBatR 
Execute       apply_spec_resource_limit DebayerRatBorBatR 
INFO-FLOW: Configuring Module : DebayerRandBatG_Pipeline_VITIS_LOOP_881_2 ...
Execute       set_default_model DebayerRandBatG_Pipeline_VITIS_LOOP_881_2 
Execute       apply_spec_resource_limit DebayerRandBatG_Pipeline_VITIS_LOOP_881_2 
INFO-FLOW: Configuring Module : DebayerRandBatG ...
Execute       set_default_model DebayerRandBatG 
Execute       apply_spec_resource_limit DebayerRandBatG 
INFO-FLOW: Configuring Module : Debayer ...
Execute       set_default_model Debayer 
Execute       apply_spec_resource_limit Debayer 
INFO-FLOW: Configuring Module : ZipperRemoval_Pipeline_VITIS_LOOP_1101_2 ...
Execute       set_default_model ZipperRemoval_Pipeline_VITIS_LOOP_1101_2 
Execute       apply_spec_resource_limit ZipperRemoval_Pipeline_VITIS_LOOP_1101_2 
INFO-FLOW: Configuring Module : ZipperRemoval ...
Execute       set_default_model ZipperRemoval 
Execute       apply_spec_resource_limit ZipperRemoval 
INFO-FLOW: Configuring Module : MultiPixStream2AXIvideo_Pipeline_VITIS_LOOP_230_2 ...
Execute       set_default_model MultiPixStream2AXIvideo_Pipeline_VITIS_LOOP_230_2 
Execute       apply_spec_resource_limit MultiPixStream2AXIvideo_Pipeline_VITIS_LOOP_230_2 
INFO-FLOW: Configuring Module : MultiPixStream2AXIvideo ...
Execute       set_default_model MultiPixStream2AXIvideo 
Execute       apply_spec_resource_limit MultiPixStream2AXIvideo 
INFO-FLOW: Configuring Module : v_demosaic ...
Execute       set_default_model v_demosaic 
Execute       apply_spec_resource_limit v_demosaic 
INFO-FLOW: Model list for preprocess: entry_proc {reg<unsigned short>} AXIvideo2MultiBayer_Pipeline_loop_wait_for_start AXIvideo2MultiBayer_Pipeline_loop_width AXIvideo2MultiBayer_Pipeline_loop_wait_for_eol AXIvideo2MultiBayer DebayerG_Pipeline_VITIS_LOOP_318_4 DebayerG DebayerRatBorBatR_Pipeline_VITIS_LOOP_633_2 DebayerRatBorBatR DebayerRandBatG_Pipeline_VITIS_LOOP_881_2 DebayerRandBatG Debayer ZipperRemoval_Pipeline_VITIS_LOOP_1101_2 ZipperRemoval MultiPixStream2AXIvideo_Pipeline_VITIS_LOOP_230_2 MultiPixStream2AXIvideo v_demosaic
INFO-FLOW: Preprocessing Module: entry_proc ...
Execute       set_default_model entry_proc 
Execute       cdfg_preprocess -model entry_proc 
Execute       rtl_gen_preprocess entry_proc 
INFO-FLOW: Preprocessing Module: reg<unsigned short> ...
Execute       set_default_model reg<unsigned short> 
Execute       cdfg_preprocess -model reg<unsigned short> 
Execute       rtl_gen_preprocess reg<unsigned short> 
INFO-FLOW: Preprocessing Module: AXIvideo2MultiBayer_Pipeline_loop_wait_for_start ...
Execute       set_default_model AXIvideo2MultiBayer_Pipeline_loop_wait_for_start 
Execute       cdfg_preprocess -model AXIvideo2MultiBayer_Pipeline_loop_wait_for_start 
Execute       rtl_gen_preprocess AXIvideo2MultiBayer_Pipeline_loop_wait_for_start 
INFO-FLOW: Preprocessing Module: AXIvideo2MultiBayer_Pipeline_loop_width ...
Execute       set_default_model AXIvideo2MultiBayer_Pipeline_loop_width 
Execute       cdfg_preprocess -model AXIvideo2MultiBayer_Pipeline_loop_width 
Execute       rtl_gen_preprocess AXIvideo2MultiBayer_Pipeline_loop_width 
INFO-FLOW: Preprocessing Module: AXIvideo2MultiBayer_Pipeline_loop_wait_for_eol ...
Execute       set_default_model AXIvideo2MultiBayer_Pipeline_loop_wait_for_eol 
Execute       cdfg_preprocess -model AXIvideo2MultiBayer_Pipeline_loop_wait_for_eol 
Execute       rtl_gen_preprocess AXIvideo2MultiBayer_Pipeline_loop_wait_for_eol 
INFO-FLOW: Preprocessing Module: AXIvideo2MultiBayer ...
Execute       set_default_model AXIvideo2MultiBayer 
Execute       cdfg_preprocess -model AXIvideo2MultiBayer 
Execute       rtl_gen_preprocess AXIvideo2MultiBayer 
INFO-FLOW: Preprocessing Module: DebayerG_Pipeline_VITIS_LOOP_318_4 ...
Execute       set_default_model DebayerG_Pipeline_VITIS_LOOP_318_4 
Execute       cdfg_preprocess -model DebayerG_Pipeline_VITIS_LOOP_318_4 
Execute       rtl_gen_preprocess DebayerG_Pipeline_VITIS_LOOP_318_4 
INFO-FLOW: Preprocessing Module: DebayerG ...
Execute       set_default_model DebayerG 
Execute       cdfg_preprocess -model DebayerG 
Execute       rtl_gen_preprocess DebayerG 
INFO-FLOW: Preprocessing Module: DebayerRatBorBatR_Pipeline_VITIS_LOOP_633_2 ...
Execute       set_default_model DebayerRatBorBatR_Pipeline_VITIS_LOOP_633_2 
Execute       cdfg_preprocess -model DebayerRatBorBatR_Pipeline_VITIS_LOOP_633_2 
Execute       rtl_gen_preprocess DebayerRatBorBatR_Pipeline_VITIS_LOOP_633_2 
INFO-FLOW: Preprocessing Module: DebayerRatBorBatR ...
Execute       set_default_model DebayerRatBorBatR 
Execute       cdfg_preprocess -model DebayerRatBorBatR 
Execute       rtl_gen_preprocess DebayerRatBorBatR 
INFO-FLOW: Preprocessing Module: DebayerRandBatG_Pipeline_VITIS_LOOP_881_2 ...
Execute       set_default_model DebayerRandBatG_Pipeline_VITIS_LOOP_881_2 
Execute       cdfg_preprocess -model DebayerRandBatG_Pipeline_VITIS_LOOP_881_2 
Execute       rtl_gen_preprocess DebayerRandBatG_Pipeline_VITIS_LOOP_881_2 
INFO-FLOW: Preprocessing Module: DebayerRandBatG ...
Execute       set_default_model DebayerRandBatG 
Execute       cdfg_preprocess -model DebayerRandBatG 
Execute       rtl_gen_preprocess DebayerRandBatG 
INFO-FLOW: Preprocessing Module: Debayer ...
Execute       set_default_model Debayer 
Execute       cdfg_preprocess -model Debayer 
Execute       rtl_gen_preprocess Debayer 
INFO-FLOW: Preprocessing Module: ZipperRemoval_Pipeline_VITIS_LOOP_1101_2 ...
Execute       set_default_model ZipperRemoval_Pipeline_VITIS_LOOP_1101_2 
Execute       cdfg_preprocess -model ZipperRemoval_Pipeline_VITIS_LOOP_1101_2 
Execute       rtl_gen_preprocess ZipperRemoval_Pipeline_VITIS_LOOP_1101_2 
INFO-FLOW: Preprocessing Module: ZipperRemoval ...
Execute       set_default_model ZipperRemoval 
Execute       cdfg_preprocess -model ZipperRemoval 
Execute       rtl_gen_preprocess ZipperRemoval 
INFO-FLOW: Preprocessing Module: MultiPixStream2AXIvideo_Pipeline_VITIS_LOOP_230_2 ...
Execute       set_default_model MultiPixStream2AXIvideo_Pipeline_VITIS_LOOP_230_2 
Execute       cdfg_preprocess -model MultiPixStream2AXIvideo_Pipeline_VITIS_LOOP_230_2 
Execute       rtl_gen_preprocess MultiPixStream2AXIvideo_Pipeline_VITIS_LOOP_230_2 
INFO-FLOW: Preprocessing Module: MultiPixStream2AXIvideo ...
Execute       set_default_model MultiPixStream2AXIvideo 
Execute       cdfg_preprocess -model MultiPixStream2AXIvideo 
Execute       rtl_gen_preprocess MultiPixStream2AXIvideo 
INFO-FLOW: Preprocessing Module: v_demosaic ...
Execute       set_default_model v_demosaic 
Execute       cdfg_preprocess -model v_demosaic 
Execute       rtl_gen_preprocess v_demosaic 
INFO-FLOW: Model list for synthesis: entry_proc {reg<unsigned short>} AXIvideo2MultiBayer_Pipeline_loop_wait_for_start AXIvideo2MultiBayer_Pipeline_loop_width AXIvideo2MultiBayer_Pipeline_loop_wait_for_eol AXIvideo2MultiBayer DebayerG_Pipeline_VITIS_LOOP_318_4 DebayerG DebayerRatBorBatR_Pipeline_VITIS_LOOP_633_2 DebayerRatBorBatR DebayerRandBatG_Pipeline_VITIS_LOOP_881_2 DebayerRandBatG Debayer ZipperRemoval_Pipeline_VITIS_LOOP_1101_2 ZipperRemoval MultiPixStream2AXIvideo_Pipeline_VITIS_LOOP_230_2 MultiPixStream2AXIvideo v_demosaic
INFO: [HLS 200-10] ----------------------------------------------------------------
INFO: [HLS 200-42] -- Implementing module 'entry_proc' 
INFO: [HLS 200-10] ----------------------------------------------------------------
Execute       set_default_model entry_proc 
Execute       schedule -model entry_proc 
INFO: [SCHED 204-11] Starting scheduling ...
INFO: [SCHED 204-11] Finished scheduling.
INFO: [HLS 200-111] Finished Scheduling: CPU user time: 0 seconds. CPU system time: 0 seconds. Elapsed time: 0.212 seconds; current allocated memory: 348.461 MB.
Execute       syn_report -verbosereport -o C:/github/zybo_z7_cam_rpi_v2_5mp_hdmi/zybo_z7_imx219/zybo_z7_imx219.runs/design_1_v_demosaic_0_0_synth_1/prj/sol/.autopilot/db/entry_proc.verbose.sched.rpt 
Execute         list_part -family xc7z020-clg400-1 
Execute           ap_family_info -name xc7z020-clg400-1 -data names 
Execute           ap_part_info -quiet -name xc7z020-clg400-1 -data family 
Execute       db_write -o C:/github/zybo_z7_cam_rpi_v2_5mp_hdmi/zybo_z7_imx219/zybo_z7_imx219.runs/design_1_v_demosaic_0_0_synth_1/prj/sol/.autopilot/db/entry_proc.sched.adb -f 
INFO-FLOW: Finish scheduling entry_proc.
Execute       set_default_model entry_proc 
Execute       bind -model entry_proc 
INFO: [BIND 205-100] Starting micro-architecture generation ...
INFO: [BIND 205-101] Performing variable lifetime analysis.
INFO: [BIND 205-101] Exploring resource sharing.
INFO: [BIND 205-101] Binding ...
INFO: [BIND 205-100] Finished micro-architecture generation.
INFO: [HLS 200-111] Finished Binding: CPU user time: 0 seconds. CPU system time: 0 seconds. Elapsed time: 0.022 seconds; current allocated memory: 349.594 MB.
Execute       syn_report -verbosereport -o C:/github/zybo_z7_cam_rpi_v2_5mp_hdmi/zybo_z7_imx219/zybo_z7_imx219.runs/design_1_v_demosaic_0_0_synth_1/prj/sol/.autopilot/db/entry_proc.verbose.bind.rpt 
Execute         list_part -family xc7z020-clg400-1 
Execute           ap_family_info -name xc7z020-clg400-1 -data names 
Execute           ap_part_info -quiet -name xc7z020-clg400-1 -data family 
Execute       db_write -o C:/github/zybo_z7_cam_rpi_v2_5mp_hdmi/zybo_z7_imx219/zybo_z7_imx219.runs/design_1_v_demosaic_0_0_synth_1/prj/sol/.autopilot/db/entry_proc.bind.adb -f 
INFO-FLOW: Finish binding entry_proc.
INFO: [HLS 200-10] ----------------------------------------------------------------
INFO: [HLS 200-42] -- Implementing module 'reg_unsigned_short_s' 
INFO: [HLS 200-10] ----------------------------------------------------------------
Execute       set_default_model reg<unsigned short> 
Execute       schedule -model reg<unsigned short> 
INFO: [SCHED 204-11] Starting scheduling ...
INFO: [SCHED 204-61] Pipelining function 'reg<unsigned short>'.
INFO: [HLS 200-1470] Pipelining result : Target II = 1, Final II = 1, Depth = 2, function 'reg<unsigned short>'
INFO: [SCHED 204-11] Finished scheduling.
INFO: [HLS 200-111] Finished Scheduling: CPU user time: 0 seconds. CPU system time: 0 seconds. Elapsed time: 0.028 seconds; current allocated memory: 350.402 MB.
Execute       syn_report -verbosereport -o C:/github/zybo_z7_cam_rpi_v2_5mp_hdmi/zybo_z7_imx219/zybo_z7_imx219.runs/design_1_v_demosaic_0_0_synth_1/prj/sol/.autopilot/db/reg_unsigned_short_s.verbose.sched.rpt 
Execute         list_part -family xc7z020-clg400-1 
Execute           ap_family_info -name xc7z020-clg400-1 -data names 
Execute           ap_part_info -quiet -name xc7z020-clg400-1 -data family 
Execute       db_write -o C:/github/zybo_z7_cam_rpi_v2_5mp_hdmi/zybo_z7_imx219/zybo_z7_imx219.runs/design_1_v_demosaic_0_0_synth_1/prj/sol/.autopilot/db/reg_unsigned_short_s.sched.adb -f 
INFO-FLOW: Finish scheduling reg<unsigned short>.
Execute       set_default_model reg<unsigned short> 
Execute       bind -model reg<unsigned short> 
INFO: [BIND 205-100] Starting micro-architecture generation ...
INFO: [BIND 205-101] Performing variable lifetime analysis.
INFO: [BIND 205-101] Exploring resource sharing.
INFO: [BIND 205-101] Binding ...
INFO: [BIND 205-100] Finished micro-architecture generation.
INFO: [HLS 200-111] Finished Binding: CPU user time: 0 seconds. CPU system time: 0 seconds. Elapsed time: 0.025 seconds; current allocated memory: 350.469 MB.
Execute       syn_report -verbosereport -o C:/github/zybo_z7_cam_rpi_v2_5mp_hdmi/zybo_z7_imx219/zybo_z7_imx219.runs/design_1_v_demosaic_0_0_synth_1/prj/sol/.autopilot/db/reg_unsigned_short_s.verbose.bind.rpt 
Execute         list_part -family xc7z020-clg400-1 
Execute           ap_family_info -name xc7z020-clg400-1 -data names 
Execute           ap_part_info -quiet -name xc7z020-clg400-1 -data family 
Execute       db_write -o C:/github/zybo_z7_cam_rpi_v2_5mp_hdmi/zybo_z7_imx219/zybo_z7_imx219.runs/design_1_v_demosaic_0_0_synth_1/prj/sol/.autopilot/db/reg_unsigned_short_s.bind.adb -f 
INFO-FLOW: Finish binding reg<unsigned short>.
INFO: [HLS 200-10] ----------------------------------------------------------------
INFO: [HLS 200-42] -- Implementing module 'AXIvideo2MultiBayer_Pipeline_loop_wait_for_start' 
INFO: [HLS 200-10] ----------------------------------------------------------------
Execute       set_default_model AXIvideo2MultiBayer_Pipeline_loop_wait_for_start 
Execute       schedule -model AXIvideo2MultiBayer_Pipeline_loop_wait_for_start 
INFO: [SCHED 204-11] Starting scheduling ...
INFO: [SCHED 204-61] Pipelining loop 'loop_wait_for_start'.
INFO: [HLS 200-1470] Pipelining result : Target II = 1, Final II = 1, Depth = 1, loop 'loop_wait_for_start'
INFO: [SCHED 204-11] Finished scheduling.
INFO: [HLS 200-111] Finished Scheduling: CPU user time: 0 seconds. CPU system time: 0 seconds. Elapsed time: 0.035 seconds; current allocated memory: 350.953 MB.
Execute       syn_report -verbosereport -o C:/github/zybo_z7_cam_rpi_v2_5mp_hdmi/zybo_z7_imx219/zybo_z7_imx219.runs/design_1_v_demosaic_0_0_synth_1/prj/sol/.autopilot/db/AXIvideo2MultiBayer_Pipeline_loop_wait_for_start.verbose.sched.rpt 
Execute         list_part -family xc7z020-clg400-1 
Execute           ap_family_info -name xc7z020-clg400-1 -data names 
Execute           ap_part_info -quiet -name xc7z020-clg400-1 -data family 
Execute       db_write -o C:/github/zybo_z7_cam_rpi_v2_5mp_hdmi/zybo_z7_imx219/zybo_z7_imx219.runs/design_1_v_demosaic_0_0_synth_1/prj/sol/.autopilot/db/AXIvideo2MultiBayer_Pipeline_loop_wait_for_start.sched.adb -f 
INFO-FLOW: Finish scheduling AXIvideo2MultiBayer_Pipeline_loop_wait_for_start.
Execute       set_default_model AXIvideo2MultiBayer_Pipeline_loop_wait_for_start 
Execute       bind -model AXIvideo2MultiBayer_Pipeline_loop_wait_for_start 
INFO: [BIND 205-100] Starting micro-architecture generation ...
INFO: [BIND 205-101] Performing variable lifetime analysis.
INFO: [BIND 205-101] Exploring resource sharing.
INFO: [BIND 205-101] Binding ...
INFO: [BIND 205-100] Finished micro-architecture generation.
INFO: [HLS 200-111] Finished Binding: CPU user time: 0 seconds. CPU system time: 0 seconds. Elapsed time: 0.026 seconds; current allocated memory: 351.211 MB.
Execute       syn_report -verbosereport -o C:/github/zybo_z7_cam_rpi_v2_5mp_hdmi/zybo_z7_imx219/zybo_z7_imx219.runs/design_1_v_demosaic_0_0_synth_1/prj/sol/.autopilot/db/AXIvideo2MultiBayer_Pipeline_loop_wait_for_start.verbose.bind.rpt 
Execute         list_part -family xc7z020-clg400-1 
Execute           ap_family_info -name xc7z020-clg400-1 -data names 
Execute           ap_part_info -quiet -name xc7z020-clg400-1 -data family 
Execute       db_write -o C:/github/zybo_z7_cam_rpi_v2_5mp_hdmi/zybo_z7_imx219/zybo_z7_imx219.runs/design_1_v_demosaic_0_0_synth_1/prj/sol/.autopilot/db/AXIvideo2MultiBayer_Pipeline_loop_wait_for_start.bind.adb -f 
INFO-FLOW: Finish binding AXIvideo2MultiBayer_Pipeline_loop_wait_for_start.
INFO: [HLS 200-10] ----------------------------------------------------------------
INFO: [HLS 200-42] -- Implementing module 'AXIvideo2MultiBayer_Pipeline_loop_width' 
INFO: [HLS 200-10] ----------------------------------------------------------------
Execute       set_default_model AXIvideo2MultiBayer_Pipeline_loop_width 
Execute       schedule -model AXIvideo2MultiBayer_Pipeline_loop_width 
INFO: [SCHED 204-11] Starting scheduling ...
INFO: [SCHED 204-61] Pipelining loop 'loop_width'.
INFO: [HLS 200-1470] Pipelining result : Target II = 1, Final II = 1, Depth = 3, loop 'loop_width'
INFO: [SCHED 204-11] Finished scheduling.
INFO: [HLS 200-111] Finished Scheduling: CPU user time: 0 seconds. CPU system time: 0 seconds. Elapsed time: 0.056 seconds; current allocated memory: 351.816 MB.
Execute       syn_report -verbosereport -o C:/github/zybo_z7_cam_rpi_v2_5mp_hdmi/zybo_z7_imx219/zybo_z7_imx219.runs/design_1_v_demosaic_0_0_synth_1/prj/sol/.autopilot/db/AXIvideo2MultiBayer_Pipeline_loop_width.verbose.sched.rpt 
Execute         list_part -family xc7z020-clg400-1 
Execute           ap_family_info -name xc7z020-clg400-1 -data names 
Execute           ap_part_info -quiet -name xc7z020-clg400-1 -data family 
Execute       db_write -o C:/github/zybo_z7_cam_rpi_v2_5mp_hdmi/zybo_z7_imx219/zybo_z7_imx219.runs/design_1_v_demosaic_0_0_synth_1/prj/sol/.autopilot/db/AXIvideo2MultiBayer_Pipeline_loop_width.sched.adb -f 
INFO-FLOW: Finish scheduling AXIvideo2MultiBayer_Pipeline_loop_width.
Execute       set_default_model AXIvideo2MultiBayer_Pipeline_loop_width 
Execute       bind -model AXIvideo2MultiBayer_Pipeline_loop_width 
INFO: [BIND 205-100] Starting micro-architecture generation ...
INFO: [BIND 205-101] Performing variable lifetime analysis.
INFO: [BIND 205-101] Exploring resource sharing.
INFO: [BIND 205-101] Binding ...
INFO: [BIND 205-100] Finished micro-architecture generation.
INFO: [HLS 200-111] Finished Binding: CPU user time: 1 seconds. CPU system time: 0 seconds. Elapsed time: 0.04 seconds; current allocated memory: 351.922 MB.
Execute       syn_report -verbosereport -o C:/github/zybo_z7_cam_rpi_v2_5mp_hdmi/zybo_z7_imx219/zybo_z7_imx219.runs/design_1_v_demosaic_0_0_synth_1/prj/sol/.autopilot/db/AXIvideo2MultiBayer_Pipeline_loop_width.verbose.bind.rpt 
Execute         list_part -family xc7z020-clg400-1 
Execute           ap_family_info -name xc7z020-clg400-1 -data names 
Execute           ap_part_info -quiet -name xc7z020-clg400-1 -data family 
Execute       db_write -o C:/github/zybo_z7_cam_rpi_v2_5mp_hdmi/zybo_z7_imx219/zybo_z7_imx219.runs/design_1_v_demosaic_0_0_synth_1/prj/sol/.autopilot/db/AXIvideo2MultiBayer_Pipeline_loop_width.bind.adb -f 
INFO-FLOW: Finish binding AXIvideo2MultiBayer_Pipeline_loop_width.
INFO: [HLS 200-10] ----------------------------------------------------------------
INFO: [HLS 200-42] -- Implementing module 'AXIvideo2MultiBayer_Pipeline_loop_wait_for_eol' 
INFO: [HLS 200-10] ----------------------------------------------------------------
Execute       set_default_model AXIvideo2MultiBayer_Pipeline_loop_wait_for_eol 
Execute       schedule -model AXIvideo2MultiBayer_Pipeline_loop_wait_for_eol 
INFO: [SCHED 204-11] Starting scheduling ...
INFO: [SCHED 204-61] Pipelining loop 'loop_wait_for_eol'.
INFO: [HLS 200-1470] Pipelining result : Target II = 1, Final II = 1, Depth = 1, loop 'loop_wait_for_eol'
INFO: [SCHED 204-11] Finished scheduling.
INFO: [HLS 200-111] Finished Scheduling: CPU user time: 0 seconds. CPU system time: 0 seconds. Elapsed time: 0.089 seconds; current allocated memory: 352.102 MB.
Execute       syn_report -verbosereport -o C:/github/zybo_z7_cam_rpi_v2_5mp_hdmi/zybo_z7_imx219/zybo_z7_imx219.runs/design_1_v_demosaic_0_0_synth_1/prj/sol/.autopilot/db/AXIvideo2MultiBayer_Pipeline_loop_wait_for_eol.verbose.sched.rpt 
Execute         list_part -family xc7z020-clg400-1 
Execute           ap_family_info -name xc7z020-clg400-1 -data names 
Execute           ap_part_info -quiet -name xc7z020-clg400-1 -data family 
Execute       db_write -o C:/github/zybo_z7_cam_rpi_v2_5mp_hdmi/zybo_z7_imx219/zybo_z7_imx219.runs/design_1_v_demosaic_0_0_synth_1/prj/sol/.autopilot/db/AXIvideo2MultiBayer_Pipeline_loop_wait_for_eol.sched.adb -f 
INFO-FLOW: Finish scheduling AXIvideo2MultiBayer_Pipeline_loop_wait_for_eol.
Execute       set_default_model AXIvideo2MultiBayer_Pipeline_loop_wait_for_eol 
Execute       bind -model AXIvideo2MultiBayer_Pipeline_loop_wait_for_eol 
INFO: [BIND 205-100] Starting micro-architecture generation ...
INFO: [BIND 205-101] Performing variable lifetime analysis.
INFO: [BIND 205-101] Exploring resource sharing.
INFO: [BIND 205-101] Binding ...
INFO: [BIND 205-100] Finished micro-architecture generation.
INFO: [HLS 200-111] Finished Binding: CPU user time: 0 seconds. CPU system time: 0 seconds. Elapsed time: 0.026 seconds; current allocated memory: 352.102 MB.
Execute       syn_report -verbosereport -o C:/github/zybo_z7_cam_rpi_v2_5mp_hdmi/zybo_z7_imx219/zybo_z7_imx219.runs/design_1_v_demosaic_0_0_synth_1/prj/sol/.autopilot/db/AXIvideo2MultiBayer_Pipeline_loop_wait_for_eol.verbose.bind.rpt 
Execute         list_part -family xc7z020-clg400-1 
Execute           ap_family_info -name xc7z020-clg400-1 -data names 
Execute           ap_part_info -quiet -name xc7z020-clg400-1 -data family 
Execute       db_write -o C:/github/zybo_z7_cam_rpi_v2_5mp_hdmi/zybo_z7_imx219/zybo_z7_imx219.runs/design_1_v_demosaic_0_0_synth_1/prj/sol/.autopilot/db/AXIvideo2MultiBayer_Pipeline_loop_wait_for_eol.bind.adb -f 
INFO-FLOW: Finish binding AXIvideo2MultiBayer_Pipeline_loop_wait_for_eol.
INFO: [HLS 200-10] ----------------------------------------------------------------
INFO: [HLS 200-42] -- Implementing module 'AXIvideo2MultiBayer' 
INFO: [HLS 200-10] ----------------------------------------------------------------
Execute       set_default_model AXIvideo2MultiBayer 
Execute       schedule -model AXIvideo2MultiBayer 
INFO: [SCHED 204-11] Starting scheduling ...
INFO: [SCHED 204-11] Finished scheduling.
INFO: [HLS 200-111] Finished Scheduling: CPU user time: 0 seconds. CPU system time: 0 seconds. Elapsed time: 0.038 seconds; current allocated memory: 352.488 MB.
Execute       syn_report -verbosereport -o C:/github/zybo_z7_cam_rpi_v2_5mp_hdmi/zybo_z7_imx219/zybo_z7_imx219.runs/design_1_v_demosaic_0_0_synth_1/prj/sol/.autopilot/db/AXIvideo2MultiBayer.verbose.sched.rpt 
Execute         list_part -family xc7z020-clg400-1 
Execute           ap_family_info -name xc7z020-clg400-1 -data names 
Execute           ap_part_info -quiet -name xc7z020-clg400-1 -data family 
Execute       db_write -o C:/github/zybo_z7_cam_rpi_v2_5mp_hdmi/zybo_z7_imx219/zybo_z7_imx219.runs/design_1_v_demosaic_0_0_synth_1/prj/sol/.autopilot/db/AXIvideo2MultiBayer.sched.adb -f 
INFO-FLOW: Finish scheduling AXIvideo2MultiBayer.
Execute       set_default_model AXIvideo2MultiBayer 
Execute       bind -model AXIvideo2MultiBayer 
INFO: [BIND 205-100] Starting micro-architecture generation ...
INFO: [BIND 205-101] Performing variable lifetime analysis.
INFO: [BIND 205-101] Exploring resource sharing.
INFO: [BIND 205-101] Binding ...
INFO: [BIND 205-100] Finished micro-architecture generation.
INFO: [HLS 200-111] Finished Binding: CPU user time: 0 seconds. CPU system time: 0 seconds. Elapsed time: 0.041 seconds; current allocated memory: 352.797 MB.
Execute       syn_report -verbosereport -o C:/github/zybo_z7_cam_rpi_v2_5mp_hdmi/zybo_z7_imx219/zybo_z7_imx219.runs/design_1_v_demosaic_0_0_synth_1/prj/sol/.autopilot/db/AXIvideo2MultiBayer.verbose.bind.rpt 
Execute         list_part -family xc7z020-clg400-1 
Execute           ap_family_info -name xc7z020-clg400-1 -data names 
Execute           ap_part_info -quiet -name xc7z020-clg400-1 -data family 
Execute       db_write -o C:/github/zybo_z7_cam_rpi_v2_5mp_hdmi/zybo_z7_imx219/zybo_z7_imx219.runs/design_1_v_demosaic_0_0_synth_1/prj/sol/.autopilot/db/AXIvideo2MultiBayer.bind.adb -f 
INFO-FLOW: Finish binding AXIvideo2MultiBayer.
INFO: [HLS 200-10] ----------------------------------------------------------------
INFO: [HLS 200-42] -- Implementing module 'DebayerG_Pipeline_VITIS_LOOP_318_4' 
INFO: [HLS 200-10] ----------------------------------------------------------------
Execute       set_default_model DebayerG_Pipeline_VITIS_LOOP_318_4 
Execute       schedule -model DebayerG_Pipeline_VITIS_LOOP_318_4 
INFO: [SCHED 204-11] Starting scheduling ...
INFO: [HLS 200-486] Changing DSP latency (root=add_ln504_1) to 3 in order to utilize available DSP registers.
INFO: [HLS 200-486] Changing DSP latency (root=add_ln504) to 3 in order to utilize available DSP registers.
INFO: [SCHED 204-61] Pipelining loop 'VITIS_LOOP_318_4'.
INFO: [HLS 200-1470] Pipelining result : Target II = 1, Final II = 1, Depth = 15, loop 'VITIS_LOOP_318_4'
INFO: [SCHED 204-11] Finished scheduling.
Command       schedule done; 0.468 sec.
INFO: [HLS 200-111] Finished Scheduling: CPU user time: 0 seconds. CPU system time: 0 seconds. Elapsed time: 0.513 seconds; current allocated memory: 363.332 MB.
Execute       syn_report -verbosereport -o C:/github/zybo_z7_cam_rpi_v2_5mp_hdmi/zybo_z7_imx219/zybo_z7_imx219.runs/design_1_v_demosaic_0_0_synth_1/prj/sol/.autopilot/db/DebayerG_Pipeline_VITIS_LOOP_318_4.verbose.sched.rpt 
Execute         list_part -family xc7z020-clg400-1 
Execute           ap_family_info -name xc7z020-clg400-1 -data names 
Execute           ap_part_info -quiet -name xc7z020-clg400-1 -data family 
Execute       db_write -o C:/github/zybo_z7_cam_rpi_v2_5mp_hdmi/zybo_z7_imx219/zybo_z7_imx219.runs/design_1_v_demosaic_0_0_synth_1/prj/sol/.autopilot/db/DebayerG_Pipeline_VITIS_LOOP_318_4.sched.adb -f 
Command       db_write done; 0.117 sec.
INFO-FLOW: Finish scheduling DebayerG_Pipeline_VITIS_LOOP_318_4.
Execute       set_default_model DebayerG_Pipeline_VITIS_LOOP_318_4 
Execute       bind -model DebayerG_Pipeline_VITIS_LOOP_318_4 
INFO: [BIND 205-100] Starting micro-architecture generation ...
INFO: [BIND 205-101] Performing variable lifetime analysis.
INFO: [BIND 205-101] Exploring resource sharing.
INFO: [BIND 205-101] Binding ...
INFO: [BIND 205-100] Finished micro-architecture generation.
Command       bind done; 1.068 sec.
INFO: [HLS 200-111] Finished Binding: CPU user time: 0 seconds. CPU system time: 0 seconds. Elapsed time: 1.254 seconds; current allocated memory: 363.516 MB.
Execute       syn_report -verbosereport -o C:/github/zybo_z7_cam_rpi_v2_5mp_hdmi/zybo_z7_imx219/zybo_z7_imx219.runs/design_1_v_demosaic_0_0_synth_1/prj/sol/.autopilot/db/DebayerG_Pipeline_VITIS_LOOP_318_4.verbose.bind.rpt 
Execute         list_part -family xc7z020-clg400-1 
Execute           ap_family_info -name xc7z020-clg400-1 -data names 
Execute           ap_part_info -quiet -name xc7z020-clg400-1 -data family 
Execute       db_write -o C:/github/zybo_z7_cam_rpi_v2_5mp_hdmi/zybo_z7_imx219/zybo_z7_imx219.runs/design_1_v_demosaic_0_0_synth_1/prj/sol/.autopilot/db/DebayerG_Pipeline_VITIS_LOOP_318_4.bind.adb -f 
Command       db_write done; 0.134 sec.
INFO-FLOW: Finish binding DebayerG_Pipeline_VITIS_LOOP_318_4.
INFO: [HLS 200-10] ----------------------------------------------------------------
INFO: [HLS 200-42] -- Implementing module 'DebayerG' 
INFO: [HLS 200-10] ----------------------------------------------------------------
Execute       set_default_model DebayerG 
Execute       schedule -model DebayerG 
INFO: [SCHED 204-11] Starting scheduling ...
INFO: [SCHED 204-11] Finished scheduling.
INFO: [HLS 200-111] Finished Scheduling: CPU user time: 0 seconds. CPU system time: 0 seconds. Elapsed time: 0.222 seconds; current allocated memory: 363.566 MB.
Execute       syn_report -verbosereport -o C:/github/zybo_z7_cam_rpi_v2_5mp_hdmi/zybo_z7_imx219/zybo_z7_imx219.runs/design_1_v_demosaic_0_0_synth_1/prj/sol/.autopilot/db/DebayerG.verbose.sched.rpt 
Execute         list_part -family xc7z020-clg400-1 
Execute           ap_family_info -name xc7z020-clg400-1 -data names 
Execute           ap_part_info -quiet -name xc7z020-clg400-1 -data family 
Execute       db_write -o C:/github/zybo_z7_cam_rpi_v2_5mp_hdmi/zybo_z7_imx219/zybo_z7_imx219.runs/design_1_v_demosaic_0_0_synth_1/prj/sol/.autopilot/db/DebayerG.sched.adb -f 
INFO-FLOW: Finish scheduling DebayerG.
Execute       set_default_model DebayerG 
Execute       bind -model DebayerG 
INFO: [BIND 205-100] Starting micro-architecture generation ...
INFO: [BIND 205-101] Performing variable lifetime analysis.
INFO: [BIND 205-101] Exploring resource sharing.
INFO: [BIND 205-101] Binding ...
INFO: [BIND 205-100] Finished micro-architecture generation.
INFO: [HLS 200-111] Finished Binding: CPU user time: 1 seconds. CPU system time: 0 seconds. Elapsed time: 0.044 seconds; current allocated memory: 363.570 MB.
Execute       syn_report -verbosereport -o C:/github/zybo_z7_cam_rpi_v2_5mp_hdmi/zybo_z7_imx219/zybo_z7_imx219.runs/design_1_v_demosaic_0_0_synth_1/prj/sol/.autopilot/db/DebayerG.verbose.bind.rpt 
Execute         list_part -family xc7z020-clg400-1 
Execute           ap_family_info -name xc7z020-clg400-1 -data names 
Execute           ap_part_info -quiet -name xc7z020-clg400-1 -data family 
Execute       db_write -o C:/github/zybo_z7_cam_rpi_v2_5mp_hdmi/zybo_z7_imx219/zybo_z7_imx219.runs/design_1_v_demosaic_0_0_synth_1/prj/sol/.autopilot/db/DebayerG.bind.adb -f 
INFO-FLOW: Finish binding DebayerG.
INFO: [HLS 200-10] ----------------------------------------------------------------
INFO: [HLS 200-42] -- Implementing module 'DebayerRatBorBatR_Pipeline_VITIS_LOOP_633_2' 
INFO: [HLS 200-10] ----------------------------------------------------------------
Execute       set_default_model DebayerRatBorBatR_Pipeline_VITIS_LOOP_633_2 
Execute       schedule -model DebayerRatBorBatR_Pipeline_VITIS_LOOP_633_2 
INFO: [SCHED 204-11] Starting scheduling ...
INFO: [SCHED 204-61] Pipelining loop 'VITIS_LOOP_633_2'.
INFO: [HLS 200-1470] Pipelining result : Target II = 1, Final II = 1, Depth = 7, loop 'VITIS_LOOP_633_2'
INFO: [SCHED 204-11] Finished scheduling.
Command       schedule done; 0.239 sec.
INFO: [HLS 200-111] Finished Scheduling: CPU user time: 0 seconds. CPU system time: 0 seconds. Elapsed time: 0.292 seconds; current allocated memory: 364.027 MB.
Execute       syn_report -verbosereport -o C:/github/zybo_z7_cam_rpi_v2_5mp_hdmi/zybo_z7_imx219/zybo_z7_imx219.runs/design_1_v_demosaic_0_0_synth_1/prj/sol/.autopilot/db/DebayerRatBorBatR_Pipeline_VITIS_LOOP_633_2.verbose.sched.rpt 
Execute         list_part -family xc7z020-clg400-1 
Execute           ap_family_info -name xc7z020-clg400-1 -data names 
Execute           ap_part_info -quiet -name xc7z020-clg400-1 -data family 
Execute       db_write -o C:/github/zybo_z7_cam_rpi_v2_5mp_hdmi/zybo_z7_imx219/zybo_z7_imx219.runs/design_1_v_demosaic_0_0_synth_1/prj/sol/.autopilot/db/DebayerRatBorBatR_Pipeline_VITIS_LOOP_633_2.sched.adb -f 
INFO-FLOW: Finish scheduling DebayerRatBorBatR_Pipeline_VITIS_LOOP_633_2.
Execute       set_default_model DebayerRatBorBatR_Pipeline_VITIS_LOOP_633_2 
Execute       bind -model DebayerRatBorBatR_Pipeline_VITIS_LOOP_633_2 
INFO: [BIND 205-100] Starting micro-architecture generation ...
INFO: [BIND 205-101] Performing variable lifetime analysis.
INFO: [BIND 205-101] Exploring resource sharing.
INFO: [BIND 205-101] Binding ...
INFO: [BIND 205-100] Finished micro-architecture generation.
INFO: [HLS 200-111] Finished Binding: CPU user time: 0 seconds. CPU system time: 0 seconds. Elapsed time: 0.13 seconds; current allocated memory: 364.027 MB.
Execute       syn_report -verbosereport -o C:/github/zybo_z7_cam_rpi_v2_5mp_hdmi/zybo_z7_imx219/zybo_z7_imx219.runs/design_1_v_demosaic_0_0_synth_1/prj/sol/.autopilot/db/DebayerRatBorBatR_Pipeline_VITIS_LOOP_633_2.verbose.bind.rpt 
Execute         list_part -family xc7z020-clg400-1 
Execute           ap_family_info -name xc7z020-clg400-1 -data names 
Execute           ap_part_info -quiet -name xc7z020-clg400-1 -data family 
Execute       db_write -o C:/github/zybo_z7_cam_rpi_v2_5mp_hdmi/zybo_z7_imx219/zybo_z7_imx219.runs/design_1_v_demosaic_0_0_synth_1/prj/sol/.autopilot/db/DebayerRatBorBatR_Pipeline_VITIS_LOOP_633_2.bind.adb -f 
INFO-FLOW: Finish binding DebayerRatBorBatR_Pipeline_VITIS_LOOP_633_2.
INFO: [HLS 200-10] ----------------------------------------------------------------
INFO: [HLS 200-42] -- Implementing module 'DebayerRatBorBatR' 
INFO: [HLS 200-10] ----------------------------------------------------------------
Execute       set_default_model DebayerRatBorBatR 
Execute       schedule -model DebayerRatBorBatR 
INFO: [SCHED 204-11] Starting scheduling ...
INFO: [SCHED 204-11] Finished scheduling.
INFO: [HLS 200-111] Finished Scheduling: CPU user time: 0 seconds. CPU system time: 0 seconds. Elapsed time: 0.148 seconds; current allocated memory: 364.051 MB.
Execute       syn_report -verbosereport -o C:/github/zybo_z7_cam_rpi_v2_5mp_hdmi/zybo_z7_imx219/zybo_z7_imx219.runs/design_1_v_demosaic_0_0_synth_1/prj/sol/.autopilot/db/DebayerRatBorBatR.verbose.sched.rpt 
Execute         list_part -family xc7z020-clg400-1 
Execute           ap_family_info -name xc7z020-clg400-1 -data names 
Execute           ap_part_info -quiet -name xc7z020-clg400-1 -data family 
Execute       db_write -o C:/github/zybo_z7_cam_rpi_v2_5mp_hdmi/zybo_z7_imx219/zybo_z7_imx219.runs/design_1_v_demosaic_0_0_synth_1/prj/sol/.autopilot/db/DebayerRatBorBatR.sched.adb -f 
INFO-FLOW: Finish scheduling DebayerRatBorBatR.
Execute       set_default_model DebayerRatBorBatR 
Execute       bind -model DebayerRatBorBatR 
INFO: [BIND 205-100] Starting micro-architecture generation ...
INFO: [BIND 205-101] Performing variable lifetime analysis.
INFO: [BIND 205-101] Exploring resource sharing.
INFO: [BIND 205-101] Binding ...
INFO: [BIND 205-100] Finished micro-architecture generation.
INFO: [HLS 200-111] Finished Binding: CPU user time: 0 seconds. CPU system time: 0 seconds. Elapsed time: 0.044 seconds; current allocated memory: 364.051 MB.
Execute       syn_report -verbosereport -o C:/github/zybo_z7_cam_rpi_v2_5mp_hdmi/zybo_z7_imx219/zybo_z7_imx219.runs/design_1_v_demosaic_0_0_synth_1/prj/sol/.autopilot/db/DebayerRatBorBatR.verbose.bind.rpt 
Execute         list_part -family xc7z020-clg400-1 
Execute           ap_family_info -name xc7z020-clg400-1 -data names 
Execute           ap_part_info -quiet -name xc7z020-clg400-1 -data family 
Execute       db_write -o C:/github/zybo_z7_cam_rpi_v2_5mp_hdmi/zybo_z7_imx219/zybo_z7_imx219.runs/design_1_v_demosaic_0_0_synth_1/prj/sol/.autopilot/db/DebayerRatBorBatR.bind.adb -f 
INFO-FLOW: Finish binding DebayerRatBorBatR.
INFO: [HLS 200-10] ----------------------------------------------------------------
INFO: [HLS 200-42] -- Implementing module 'DebayerRandBatG_Pipeline_VITIS_LOOP_881_2' 
INFO: [HLS 200-10] ----------------------------------------------------------------
Execute       set_default_model DebayerRandBatG_Pipeline_VITIS_LOOP_881_2 
Execute       schedule -model DebayerRandBatG_Pipeline_VITIS_LOOP_881_2 
INFO: [SCHED 204-11] Starting scheduling ...
INFO: [SCHED 204-61] Pipelining loop 'VITIS_LOOP_881_2'.
INFO: [HLS 200-1470] Pipelining result : Target II = 1, Final II = 1, Depth = 5, loop 'VITIS_LOOP_881_2'
INFO: [SCHED 204-11] Finished scheduling.
Command       schedule done; 0.168 sec.
INFO: [HLS 200-111] Finished Scheduling: CPU user time: 0 seconds. CPU system time: 1 seconds. Elapsed time: 0.215 seconds; current allocated memory: 366.320 MB.
Execute       syn_report -verbosereport -o C:/github/zybo_z7_cam_rpi_v2_5mp_hdmi/zybo_z7_imx219/zybo_z7_imx219.runs/design_1_v_demosaic_0_0_synth_1/prj/sol/.autopilot/db/DebayerRandBatG_Pipeline_VITIS_LOOP_881_2.verbose.sched.rpt 
Execute         list_part -family xc7z020-clg400-1 
Execute           ap_family_info -name xc7z020-clg400-1 -data names 
Execute           ap_part_info -quiet -name xc7z020-clg400-1 -data family 
Execute       db_write -o C:/github/zybo_z7_cam_rpi_v2_5mp_hdmi/zybo_z7_imx219/zybo_z7_imx219.runs/design_1_v_demosaic_0_0_synth_1/prj/sol/.autopilot/db/DebayerRandBatG_Pipeline_VITIS_LOOP_881_2.sched.adb -f 
INFO-FLOW: Finish scheduling DebayerRandBatG_Pipeline_VITIS_LOOP_881_2.
Execute       set_default_model DebayerRandBatG_Pipeline_VITIS_LOOP_881_2 
Execute       bind -model DebayerRandBatG_Pipeline_VITIS_LOOP_881_2 
INFO: [BIND 205-100] Starting micro-architecture generation ...
INFO: [BIND 205-101] Performing variable lifetime analysis.
INFO: [BIND 205-101] Exploring resource sharing.
INFO: [BIND 205-101] Binding ...
INFO: [BIND 205-100] Finished micro-architecture generation.
Command       bind done; 0.761 sec.
INFO: [HLS 200-111] Finished Binding: CPU user time: 0 seconds. CPU system time: 0 seconds. Elapsed time: 0.855 seconds; current allocated memory: 366.387 MB.
Execute       syn_report -verbosereport -o C:/github/zybo_z7_cam_rpi_v2_5mp_hdmi/zybo_z7_imx219/zybo_z7_imx219.runs/design_1_v_demosaic_0_0_synth_1/prj/sol/.autopilot/db/DebayerRandBatG_Pipeline_VITIS_LOOP_881_2.verbose.bind.rpt 
Execute         list_part -family xc7z020-clg400-1 
Execute           ap_family_info -name xc7z020-clg400-1 -data names 
Execute           ap_part_info -quiet -name xc7z020-clg400-1 -data family 
Execute       db_write -o C:/github/zybo_z7_cam_rpi_v2_5mp_hdmi/zybo_z7_imx219/zybo_z7_imx219.runs/design_1_v_demosaic_0_0_synth_1/prj/sol/.autopilot/db/DebayerRandBatG_Pipeline_VITIS_LOOP_881_2.bind.adb -f 
INFO-FLOW: Finish binding DebayerRandBatG_Pipeline_VITIS_LOOP_881_2.
INFO: [HLS 200-10] ----------------------------------------------------------------
INFO: [HLS 200-42] -- Implementing module 'DebayerRandBatG' 
INFO: [HLS 200-10] ----------------------------------------------------------------
Execute       set_default_model DebayerRandBatG 
Execute       schedule -model DebayerRandBatG 
INFO: [SCHED 204-11] Starting scheduling ...
INFO: [SCHED 204-11] Finished scheduling.
INFO: [HLS 200-111] Finished Scheduling: CPU user time: 0 seconds. CPU system time: 0 seconds. Elapsed time: 0.119 seconds; current allocated memory: 366.422 MB.
Execute       syn_report -verbosereport -o C:/github/zybo_z7_cam_rpi_v2_5mp_hdmi/zybo_z7_imx219/zybo_z7_imx219.runs/design_1_v_demosaic_0_0_synth_1/prj/sol/.autopilot/db/DebayerRandBatG.verbose.sched.rpt 
Execute         list_part -family xc7z020-clg400-1 
Execute           ap_family_info -name xc7z020-clg400-1 -data names 
Execute           ap_part_info -quiet -name xc7z020-clg400-1 -data family 
Execute       db_write -o C:/github/zybo_z7_cam_rpi_v2_5mp_hdmi/zybo_z7_imx219/zybo_z7_imx219.runs/design_1_v_demosaic_0_0_synth_1/prj/sol/.autopilot/db/DebayerRandBatG.sched.adb -f 
INFO-FLOW: Finish scheduling DebayerRandBatG.
Execute       set_default_model DebayerRandBatG 
Execute       bind -model DebayerRandBatG 
INFO: [BIND 205-100] Starting micro-architecture generation ...
INFO: [BIND 205-101] Performing variable lifetime analysis.
INFO: [BIND 205-101] Exploring resource sharing.
INFO: [BIND 205-101] Binding ...
INFO: [BIND 205-100] Finished micro-architecture generation.
INFO: [HLS 200-111] Finished Binding: CPU user time: 0 seconds. CPU system time: 0 seconds. Elapsed time: 0.038 seconds; current allocated memory: 366.422 MB.
Execute       syn_report -verbosereport -o C:/github/zybo_z7_cam_rpi_v2_5mp_hdmi/zybo_z7_imx219/zybo_z7_imx219.runs/design_1_v_demosaic_0_0_synth_1/prj/sol/.autopilot/db/DebayerRandBatG.verbose.bind.rpt 
Execute         list_part -family xc7z020-clg400-1 
Execute           ap_family_info -name xc7z020-clg400-1 -data names 
Execute           ap_part_info -quiet -name xc7z020-clg400-1 -data family 
Execute       db_write -o C:/github/zybo_z7_cam_rpi_v2_5mp_hdmi/zybo_z7_imx219/zybo_z7_imx219.runs/design_1_v_demosaic_0_0_synth_1/prj/sol/.autopilot/db/DebayerRandBatG.bind.adb -f 
INFO-FLOW: Finish binding DebayerRandBatG.
INFO: [HLS 200-10] ----------------------------------------------------------------
INFO: [HLS 200-42] -- Implementing module 'Debayer' 
INFO: [HLS 200-10] ----------------------------------------------------------------
Execute       set_default_model Debayer 
Execute       schedule -model Debayer 
INFO: [SCHED 204-11] Starting scheduling ...
INFO: [SCHED 204-11] Finished scheduling.
INFO: [HLS 200-111] Finished Scheduling: CPU user time: 0 seconds. CPU system time: 0 seconds. Elapsed time: 0.057 seconds; current allocated memory: 366.469 MB.
Execute       syn_report -verbosereport -o C:/github/zybo_z7_cam_rpi_v2_5mp_hdmi/zybo_z7_imx219/zybo_z7_imx219.runs/design_1_v_demosaic_0_0_synth_1/prj/sol/.autopilot/db/Debayer.verbose.sched.rpt 
Execute         list_part -family xc7z020-clg400-1 
Execute           ap_family_info -name xc7z020-clg400-1 -data names 
Execute           ap_part_info -quiet -name xc7z020-clg400-1 -data family 
Execute       db_write -o C:/github/zybo_z7_cam_rpi_v2_5mp_hdmi/zybo_z7_imx219/zybo_z7_imx219.runs/design_1_v_demosaic_0_0_synth_1/prj/sol/.autopilot/db/Debayer.sched.adb -f 
INFO-FLOW: Finish scheduling Debayer.
Execute       set_default_model Debayer 
Execute       bind -model Debayer 
INFO: [BIND 205-100] Starting micro-architecture generation ...
INFO: [BIND 205-101] Performing variable lifetime analysis.
INFO: [BIND 205-101] Exploring resource sharing.
INFO: [BIND 205-101] Binding ...
INFO: [BIND 205-100] Finished micro-architecture generation.
INFO: [HLS 200-111] Finished Binding: CPU user time: 0 seconds. CPU system time: 0 seconds. Elapsed time: 0.034 seconds; current allocated memory: 366.480 MB.
Execute       syn_report -verbosereport -o C:/github/zybo_z7_cam_rpi_v2_5mp_hdmi/zybo_z7_imx219/zybo_z7_imx219.runs/design_1_v_demosaic_0_0_synth_1/prj/sol/.autopilot/db/Debayer.verbose.bind.rpt 
Execute         list_part -family xc7z020-clg400-1 
Execute           ap_family_info -name xc7z020-clg400-1 -data names 
Execute           ap_part_info -quiet -name xc7z020-clg400-1 -data family 
Execute       db_write -o C:/github/zybo_z7_cam_rpi_v2_5mp_hdmi/zybo_z7_imx219/zybo_z7_imx219.runs/design_1_v_demosaic_0_0_synth_1/prj/sol/.autopilot/db/Debayer.bind.adb -f 
INFO-FLOW: Finish binding Debayer.
INFO: [HLS 200-10] ----------------------------------------------------------------
INFO: [HLS 200-42] -- Implementing module 'ZipperRemoval_Pipeline_VITIS_LOOP_1101_2' 
INFO: [HLS 200-10] ----------------------------------------------------------------
Execute       set_default_model ZipperRemoval_Pipeline_VITIS_LOOP_1101_2 
Execute       schedule -model ZipperRemoval_Pipeline_VITIS_LOOP_1101_2 
INFO: [SCHED 204-11] Starting scheduling ...
INFO: [SCHED 204-61] Pipelining loop 'VITIS_LOOP_1101_2'.
INFO: [HLS 200-1470] Pipelining result : Target II = 1, Final II = 1, Depth = 4, loop 'VITIS_LOOP_1101_2'
INFO: [SCHED 204-11] Finished scheduling.
INFO: [HLS 200-111] Finished Scheduling: CPU user time: 1 seconds. CPU system time: 0 seconds. Elapsed time: 0.102 seconds; current allocated memory: 366.914 MB.
Execute       syn_report -verbosereport -o C:/github/zybo_z7_cam_rpi_v2_5mp_hdmi/zybo_z7_imx219/zybo_z7_imx219.runs/design_1_v_demosaic_0_0_synth_1/prj/sol/.autopilot/db/ZipperRemoval_Pipeline_VITIS_LOOP_1101_2.verbose.sched.rpt 
Execute         list_part -family xc7z020-clg400-1 
Execute           ap_family_info -name xc7z020-clg400-1 -data names 
Execute           ap_part_info -quiet -name xc7z020-clg400-1 -data family 
Execute       db_write -o C:/github/zybo_z7_cam_rpi_v2_5mp_hdmi/zybo_z7_imx219/zybo_z7_imx219.runs/design_1_v_demosaic_0_0_synth_1/prj/sol/.autopilot/db/ZipperRemoval_Pipeline_VITIS_LOOP_1101_2.sched.adb -f 
INFO-FLOW: Finish scheduling ZipperRemoval_Pipeline_VITIS_LOOP_1101_2.
Execute       set_default_model ZipperRemoval_Pipeline_VITIS_LOOP_1101_2 
Execute       bind -model ZipperRemoval_Pipeline_VITIS_LOOP_1101_2 
INFO: [BIND 205-100] Starting micro-architecture generation ...
INFO: [BIND 205-101] Performing variable lifetime analysis.
INFO: [BIND 205-101] Exploring resource sharing.
INFO: [BIND 205-101] Binding ...
INFO: [BIND 205-100] Finished micro-architecture generation.
INFO: [HLS 200-111] Finished Binding: CPU user time: 0 seconds. CPU system time: 0 seconds. Elapsed time: 0.062 seconds; current allocated memory: 367.262 MB.
Execute       syn_report -verbosereport -o C:/github/zybo_z7_cam_rpi_v2_5mp_hdmi/zybo_z7_imx219/zybo_z7_imx219.runs/design_1_v_demosaic_0_0_synth_1/prj/sol/.autopilot/db/ZipperRemoval_Pipeline_VITIS_LOOP_1101_2.verbose.bind.rpt 
Execute         list_part -family xc7z020-clg400-1 
Execute           ap_family_info -name xc7z020-clg400-1 -data names 
Execute           ap_part_info -quiet -name xc7z020-clg400-1 -data family 
Execute       db_write -o C:/github/zybo_z7_cam_rpi_v2_5mp_hdmi/zybo_z7_imx219/zybo_z7_imx219.runs/design_1_v_demosaic_0_0_synth_1/prj/sol/.autopilot/db/ZipperRemoval_Pipeline_VITIS_LOOP_1101_2.bind.adb -f 
INFO-FLOW: Finish binding ZipperRemoval_Pipeline_VITIS_LOOP_1101_2.
INFO: [HLS 200-10] ----------------------------------------------------------------
INFO: [HLS 200-42] -- Implementing module 'ZipperRemoval' 
INFO: [HLS 200-10] ----------------------------------------------------------------
Execute       set_default_model ZipperRemoval 
Execute       schedule -model ZipperRemoval 
INFO: [SCHED 204-11] Starting scheduling ...
INFO: [SCHED 204-11] Finished scheduling.
INFO: [HLS 200-111] Finished Scheduling: CPU user time: 0 seconds. CPU system time: 0 seconds. Elapsed time: 0.074 seconds; current allocated memory: 367.590 MB.
Execute       syn_report -verbosereport -o C:/github/zybo_z7_cam_rpi_v2_5mp_hdmi/zybo_z7_imx219/zybo_z7_imx219.runs/design_1_v_demosaic_0_0_synth_1/prj/sol/.autopilot/db/ZipperRemoval.verbose.sched.rpt 
Execute         list_part -family xc7z020-clg400-1 
Execute           ap_family_info -name xc7z020-clg400-1 -data names 
Execute           ap_part_info -quiet -name xc7z020-clg400-1 -data family 
Execute       db_write -o C:/github/zybo_z7_cam_rpi_v2_5mp_hdmi/zybo_z7_imx219/zybo_z7_imx219.runs/design_1_v_demosaic_0_0_synth_1/prj/sol/.autopilot/db/ZipperRemoval.sched.adb -f 
INFO-FLOW: Finish scheduling ZipperRemoval.
Execute       set_default_model ZipperRemoval 
Execute       bind -model ZipperRemoval 
INFO: [BIND 205-100] Starting micro-architecture generation ...
INFO: [BIND 205-101] Performing variable lifetime analysis.
INFO: [BIND 205-101] Exploring resource sharing.
INFO: [BIND 205-101] Binding ...
INFO: [BIND 205-100] Finished micro-architecture generation.
INFO: [HLS 200-111] Finished Binding: CPU user time: 0 seconds. CPU system time: 0 seconds. Elapsed time: 0.036 seconds; current allocated memory: 367.676 MB.
Execute       syn_report -verbosereport -o C:/github/zybo_z7_cam_rpi_v2_5mp_hdmi/zybo_z7_imx219/zybo_z7_imx219.runs/design_1_v_demosaic_0_0_synth_1/prj/sol/.autopilot/db/ZipperRemoval.verbose.bind.rpt 
Execute         list_part -family xc7z020-clg400-1 
Execute           ap_family_info -name xc7z020-clg400-1 -data names 
Execute           ap_part_info -quiet -name xc7z020-clg400-1 -data family 
Execute       db_write -o C:/github/zybo_z7_cam_rpi_v2_5mp_hdmi/zybo_z7_imx219/zybo_z7_imx219.runs/design_1_v_demosaic_0_0_synth_1/prj/sol/.autopilot/db/ZipperRemoval.bind.adb -f 
INFO-FLOW: Finish binding ZipperRemoval.
INFO: [HLS 200-10] ----------------------------------------------------------------
INFO: [HLS 200-42] -- Implementing module 'MultiPixStream2AXIvideo_Pipeline_VITIS_LOOP_230_2' 
INFO: [HLS 200-10] ----------------------------------------------------------------
Execute       set_default_model MultiPixStream2AXIvideo_Pipeline_VITIS_LOOP_230_2 
Execute       schedule -model MultiPixStream2AXIvideo_Pipeline_VITIS_LOOP_230_2 
INFO: [SCHED 204-11] Starting scheduling ...
INFO: [SCHED 204-61] Pipelining loop 'VITIS_LOOP_230_2'.
INFO: [HLS 200-1470] Pipelining result : Target II = 1, Final II = 1, Depth = 2, loop 'VITIS_LOOP_230_2'
INFO: [SCHED 204-11] Finished scheduling.
INFO: [HLS 200-111] Finished Scheduling: CPU user time: 0 seconds. CPU system time: 0 seconds. Elapsed time: 1.492 seconds; current allocated memory: 367.793 MB.
Execute       syn_report -verbosereport -o C:/github/zybo_z7_cam_rpi_v2_5mp_hdmi/zybo_z7_imx219/zybo_z7_imx219.runs/design_1_v_demosaic_0_0_synth_1/prj/sol/.autopilot/db/MultiPixStream2AXIvideo_Pipeline_VITIS_LOOP_230_2.verbose.sched.rpt 
Execute         list_part -family xc7z020-clg400-1 
Execute           ap_family_info -name xc7z020-clg400-1 -data names 
Execute           ap_part_info -quiet -name xc7z020-clg400-1 -data family 
Execute       db_write -o C:/github/zybo_z7_cam_rpi_v2_5mp_hdmi/zybo_z7_imx219/zybo_z7_imx219.runs/design_1_v_demosaic_0_0_synth_1/prj/sol/.autopilot/db/MultiPixStream2AXIvideo_Pipeline_VITIS_LOOP_230_2.sched.adb -f 
INFO-FLOW: Finish scheduling MultiPixStream2AXIvideo_Pipeline_VITIS_LOOP_230_2.
Execute       set_default_model MultiPixStream2AXIvideo_Pipeline_VITIS_LOOP_230_2 
Execute       bind -model MultiPixStream2AXIvideo_Pipeline_VITIS_LOOP_230_2 
INFO: [BIND 205-100] Starting micro-architecture generation ...
INFO: [BIND 205-101] Performing variable lifetime analysis.
INFO: [BIND 205-101] Exploring resource sharing.
INFO: [BIND 205-101] Binding ...
INFO: [BIND 205-100] Finished micro-architecture generation.
INFO: [HLS 200-111] Finished Binding: CPU user time: 0 seconds. CPU system time: 0 seconds. Elapsed time: 0.027 seconds; current allocated memory: 367.793 MB.
Execute       syn_report -verbosereport -o C:/github/zybo_z7_cam_rpi_v2_5mp_hdmi/zybo_z7_imx219/zybo_z7_imx219.runs/design_1_v_demosaic_0_0_synth_1/prj/sol/.autopilot/db/MultiPixStream2AXIvideo_Pipeline_VITIS_LOOP_230_2.verbose.bind.rpt 
Execute         list_part -family xc7z020-clg400-1 
Execute           ap_family_info -name xc7z020-clg400-1 -data names 
Execute           ap_part_info -quiet -name xc7z020-clg400-1 -data family 
Execute       db_write -o C:/github/zybo_z7_cam_rpi_v2_5mp_hdmi/zybo_z7_imx219/zybo_z7_imx219.runs/design_1_v_demosaic_0_0_synth_1/prj/sol/.autopilot/db/MultiPixStream2AXIvideo_Pipeline_VITIS_LOOP_230_2.bind.adb -f 
INFO-FLOW: Finish binding MultiPixStream2AXIvideo_Pipeline_VITIS_LOOP_230_2.
INFO: [HLS 200-10] ----------------------------------------------------------------
INFO: [HLS 200-42] -- Implementing module 'MultiPixStream2AXIvideo' 
INFO: [HLS 200-10] ----------------------------------------------------------------
Execute       set_default_model MultiPixStream2AXIvideo 
Execute       schedule -model MultiPixStream2AXIvideo 
INFO: [SCHED 204-11] Starting scheduling ...
INFO: [SCHED 204-11] Finished scheduling.
INFO: [HLS 200-111] Finished Scheduling: CPU user time: 0 seconds. CPU system time: 0 seconds. Elapsed time: 0.038 seconds; current allocated memory: 367.844 MB.
Execute       syn_report -verbosereport -o C:/github/zybo_z7_cam_rpi_v2_5mp_hdmi/zybo_z7_imx219/zybo_z7_imx219.runs/design_1_v_demosaic_0_0_synth_1/prj/sol/.autopilot/db/MultiPixStream2AXIvideo.verbose.sched.rpt 
Execute         list_part -family xc7z020-clg400-1 
Execute           ap_family_info -name xc7z020-clg400-1 -data names 
Execute           ap_part_info -quiet -name xc7z020-clg400-1 -data family 
Execute       db_write -o C:/github/zybo_z7_cam_rpi_v2_5mp_hdmi/zybo_z7_imx219/zybo_z7_imx219.runs/design_1_v_demosaic_0_0_synth_1/prj/sol/.autopilot/db/MultiPixStream2AXIvideo.sched.adb -f 
INFO-FLOW: Finish scheduling MultiPixStream2AXIvideo.
Execute       set_default_model MultiPixStream2AXIvideo 
Execute       bind -model MultiPixStream2AXIvideo 
INFO: [BIND 205-100] Starting micro-architecture generation ...
INFO: [BIND 205-101] Performing variable lifetime analysis.
INFO: [BIND 205-101] Exploring resource sharing.
INFO: [BIND 205-101] Binding ...
INFO: [BIND 205-100] Finished micro-architecture generation.
INFO: [HLS 200-111] Finished Binding: CPU user time: 0 seconds. CPU system time: 0 seconds. Elapsed time: 0.037 seconds; current allocated memory: 367.844 MB.
Execute       syn_report -verbosereport -o C:/github/zybo_z7_cam_rpi_v2_5mp_hdmi/zybo_z7_imx219/zybo_z7_imx219.runs/design_1_v_demosaic_0_0_synth_1/prj/sol/.autopilot/db/MultiPixStream2AXIvideo.verbose.bind.rpt 
Execute         list_part -family xc7z020-clg400-1 
Execute           ap_family_info -name xc7z020-clg400-1 -data names 
Execute           ap_part_info -quiet -name xc7z020-clg400-1 -data family 
Execute       db_write -o C:/github/zybo_z7_cam_rpi_v2_5mp_hdmi/zybo_z7_imx219/zybo_z7_imx219.runs/design_1_v_demosaic_0_0_synth_1/prj/sol/.autopilot/db/MultiPixStream2AXIvideo.bind.adb -f 
INFO-FLOW: Finish binding MultiPixStream2AXIvideo.
INFO: [HLS 200-10] ----------------------------------------------------------------
INFO: [HLS 200-42] -- Implementing module 'v_demosaic' 
INFO: [HLS 200-10] ----------------------------------------------------------------
Execute       set_default_model v_demosaic 
Execute       schedule -model v_demosaic 
INFO: [SCHED 204-11] Starting scheduling ...
INFO: [SCHED 204-11] Finished scheduling.
INFO: [HLS 200-111] Finished Scheduling: CPU user time: 0 seconds. CPU system time: 0 seconds. Elapsed time: 0.051 seconds; current allocated memory: 368.109 MB.
Execute       syn_report -verbosereport -o C:/github/zybo_z7_cam_rpi_v2_5mp_hdmi/zybo_z7_imx219/zybo_z7_imx219.runs/design_1_v_demosaic_0_0_synth_1/prj/sol/.autopilot/db/v_demosaic.verbose.sched.rpt 
Execute         list_part -family xc7z020-clg400-1 
Execute           ap_family_info -name xc7z020-clg400-1 -data names 
Execute           ap_part_info -quiet -name xc7z020-clg400-1 -data family 
Execute       db_write -o C:/github/zybo_z7_cam_rpi_v2_5mp_hdmi/zybo_z7_imx219/zybo_z7_imx219.runs/design_1_v_demosaic_0_0_synth_1/prj/sol/.autopilot/db/v_demosaic.sched.adb -f 
INFO-FLOW: Finish scheduling v_demosaic.
Execute       set_default_model v_demosaic 
Execute       bind -model v_demosaic 
INFO: [BIND 205-100] Starting micro-architecture generation ...
INFO: [BIND 205-101] Performing variable lifetime analysis.
INFO: [BIND 205-101] Exploring resource sharing.
INFO: [BIND 205-101] Binding ...
INFO: [BIND 205-100] Finished micro-architecture generation.
INFO: [HLS 200-111] Finished Binding: CPU user time: 0 seconds. CPU system time: 0 seconds. Elapsed time: 0.042 seconds; current allocated memory: 368.469 MB.
Execute       syn_report -verbosereport -o C:/github/zybo_z7_cam_rpi_v2_5mp_hdmi/zybo_z7_imx219/zybo_z7_imx219.runs/design_1_v_demosaic_0_0_synth_1/prj/sol/.autopilot/db/v_demosaic.verbose.bind.rpt 
Execute         list_part -family xc7z020-clg400-1 
Execute           ap_family_info -name xc7z020-clg400-1 -data names 
Execute           ap_part_info -quiet -name xc7z020-clg400-1 -data family 
Execute       db_write -o C:/github/zybo_z7_cam_rpi_v2_5mp_hdmi/zybo_z7_imx219/zybo_z7_imx219.runs/design_1_v_demosaic_0_0_synth_1/prj/sol/.autopilot/db/v_demosaic.bind.adb -f 
INFO-FLOW: Finish binding v_demosaic.
Execute       get_model_list v_demosaic -filter all-wo-channel 
INFO-FLOW: Preprocessing for RTLGen ...
Execute       rtl_gen_preprocess entry_proc 
Execute       rtl_gen_preprocess reg<unsigned short> 
Execute       rtl_gen_preprocess AXIvideo2MultiBayer_Pipeline_loop_wait_for_start 
Execute       rtl_gen_preprocess AXIvideo2MultiBayer_Pipeline_loop_width 
Execute       rtl_gen_preprocess AXIvideo2MultiBayer_Pipeline_loop_wait_for_eol 
Execute       rtl_gen_preprocess AXIvideo2MultiBayer 
Execute       rtl_gen_preprocess DebayerG_Pipeline_VITIS_LOOP_318_4 
Execute       rtl_gen_preprocess DebayerG 
Execute       rtl_gen_preprocess DebayerRatBorBatR_Pipeline_VITIS_LOOP_633_2 
Execute       rtl_gen_preprocess DebayerRatBorBatR 
Execute       rtl_gen_preprocess DebayerRandBatG_Pipeline_VITIS_LOOP_881_2 
Execute       rtl_gen_preprocess DebayerRandBatG 
Execute       rtl_gen_preprocess Debayer 
Execute       rtl_gen_preprocess ZipperRemoval_Pipeline_VITIS_LOOP_1101_2 
Execute       rtl_gen_preprocess ZipperRemoval 
Execute       rtl_gen_preprocess MultiPixStream2AXIvideo_Pipeline_VITIS_LOOP_230_2 
Execute       rtl_gen_preprocess MultiPixStream2AXIvideo 
Execute       rtl_gen_preprocess v_demosaic 
INFO-FLOW: Model list for RTL generation: entry_proc {reg<unsigned short>} AXIvideo2MultiBayer_Pipeline_loop_wait_for_start AXIvideo2MultiBayer_Pipeline_loop_width AXIvideo2MultiBayer_Pipeline_loop_wait_for_eol AXIvideo2MultiBayer DebayerG_Pipeline_VITIS_LOOP_318_4 DebayerG DebayerRatBorBatR_Pipeline_VITIS_LOOP_633_2 DebayerRatBorBatR DebayerRandBatG_Pipeline_VITIS_LOOP_881_2 DebayerRandBatG Debayer ZipperRemoval_Pipeline_VITIS_LOOP_1101_2 ZipperRemoval MultiPixStream2AXIvideo_Pipeline_VITIS_LOOP_230_2 MultiPixStream2AXIvideo v_demosaic
INFO: [HLS 200-10] ----------------------------------------------------------------
INFO: [HLS 200-10] -- Generating RTL for module 'entry_proc' 
INFO: [HLS 200-10] ----------------------------------------------------------------
Execute       create_rtl_model entry_proc -top_prefix design_1_v_demosaic_0_0_ -sub_prefix design_1_v_demosaic_0_0_ -mg_file C:/github/zybo_z7_cam_rpi_v2_5mp_hdmi/zybo_z7_imx219/zybo_z7_imx219.runs/design_1_v_demosaic_0_0_synth_1/prj/sol/.autopilot/db/entry_proc.compgen.tcl 
INFO: [RTGEN 206-100] Finished creating RTL model for 'entry_proc'.
INFO: [HLS 200-111] Finished Creating RTL model: CPU user time: 0 seconds. CPU system time: 0 seconds. Elapsed time: 0.105 seconds; current allocated memory: 369.691 MB.
Execute       source C:/github/zybo_z7_cam_rpi_v2_5mp_hdmi/zybo_z7_imx219/zybo_z7_imx219.runs/design_1_v_demosaic_0_0_synth_1/prj/sol/.autopilot/db/v_demosaic.rtl_wrap.cfg.tcl 
Execute       gen_rtl entry_proc -style xilinx -f -lang vhdl -o C:/github/zybo_z7_cam_rpi_v2_5mp_hdmi/zybo_z7_imx219/zybo_z7_imx219.runs/design_1_v_demosaic_0_0_synth_1/prj/sol/syn/vhdl/design_1_v_demosaic_0_0_entry_proc 
Execute       gen_rtl entry_proc -style xilinx -f -lang vlog -o C:/github/zybo_z7_cam_rpi_v2_5mp_hdmi/zybo_z7_imx219/zybo_z7_imx219.runs/design_1_v_demosaic_0_0_synth_1/prj/sol/syn/verilog/design_1_v_demosaic_0_0_entry_proc 
Execute       syn_report -csynth -model entry_proc -o C:/github/zybo_z7_cam_rpi_v2_5mp_hdmi/zybo_z7_imx219/zybo_z7_imx219.runs/design_1_v_demosaic_0_0_synth_1/prj/sol/syn/report/entry_proc_csynth.rpt 
Execute         list_part -family xc7z020-clg400-1 
Execute           ap_family_info -name xc7z020-clg400-1 -data names 
Execute           ap_part_info -quiet -name xc7z020-clg400-1 -data family 
Execute       syn_report -rtlxml -model entry_proc -o C:/github/zybo_z7_cam_rpi_v2_5mp_hdmi/zybo_z7_imx219/zybo_z7_imx219.runs/design_1_v_demosaic_0_0_synth_1/prj/sol/syn/report/entry_proc_csynth.xml 
Execute         list_part -family xc7z020-clg400-1 
Execute           ap_family_info -name xc7z020-clg400-1 -data names 
Execute           ap_part_info -quiet -name xc7z020-clg400-1 -data family 
Execute       syn_report -verbosereport -model entry_proc -o C:/github/zybo_z7_cam_rpi_v2_5mp_hdmi/zybo_z7_imx219/zybo_z7_imx219.runs/design_1_v_demosaic_0_0_synth_1/prj/sol/.autopilot/db/entry_proc.verbose.rpt 
Execute         list_part -family xc7z020-clg400-1 
Execute           ap_family_info -name xc7z020-clg400-1 -data names 
Execute           ap_part_info -quiet -name xc7z020-clg400-1 -data family 
Execute       db_write -model entry_proc -f -o C:/github/zybo_z7_cam_rpi_v2_5mp_hdmi/zybo_z7_imx219/zybo_z7_imx219.runs/design_1_v_demosaic_0_0_synth_1/prj/sol/.autopilot/db/entry_proc.adb 
Execute       db_write -model entry_proc -bindview -o C:/github/zybo_z7_cam_rpi_v2_5mp_hdmi/zybo_z7_imx219/zybo_z7_imx219.runs/design_1_v_demosaic_0_0_synth_1/prj/sol/.autopilot/db/design.bindinfo.xml 
Execute       gen_tb_info entry_proc -p C:/github/zybo_z7_cam_rpi_v2_5mp_hdmi/zybo_z7_imx219/zybo_z7_imx219.runs/design_1_v_demosaic_0_0_synth_1/prj/sol/.autopilot/db -o C:/github/zybo_z7_cam_rpi_v2_5mp_hdmi/zybo_z7_imx219/zybo_z7_imx219.runs/design_1_v_demosaic_0_0_synth_1/prj/sol/.autopilot/db/entry_proc 
INFO: [HLS 200-10] ----------------------------------------------------------------
INFO: [HLS 200-10] -- Generating RTL for module 'reg_unsigned_short_s' 
INFO: [HLS 200-10] ----------------------------------------------------------------
Execute       create_rtl_model reg<unsigned short> -top_prefix design_1_v_demosaic_0_0_ -sub_prefix design_1_v_demosaic_0_0_ -mg_file C:/github/zybo_z7_cam_rpi_v2_5mp_hdmi/zybo_z7_imx219/zybo_z7_imx219.runs/design_1_v_demosaic_0_0_synth_1/prj/sol/.autopilot/db/reg_unsigned_short_s.compgen.tcl 
INFO: [HLS 200-1030] Apply Unified Pipeline Control on module 'reg_unsigned_short_s' pipeline 'reg<unsigned short>' pipeline type 'function pipeline'
INFO: [RTGEN 206-100] Finished creating RTL model for 'reg_unsigned_short_s'.
INFO: [HLS 200-111] Finished Creating RTL model: CPU user time: 0 seconds. CPU system time: 0 seconds. Elapsed time: 0.101 seconds; current allocated memory: 370.734 MB.
Execute       source C:/github/zybo_z7_cam_rpi_v2_5mp_hdmi/zybo_z7_imx219/zybo_z7_imx219.runs/design_1_v_demosaic_0_0_synth_1/prj/sol/.autopilot/db/v_demosaic.rtl_wrap.cfg.tcl 
Execute       gen_rtl reg<unsigned short> -style xilinx -f -lang vhdl -o C:/github/zybo_z7_cam_rpi_v2_5mp_hdmi/zybo_z7_imx219/zybo_z7_imx219.runs/design_1_v_demosaic_0_0_synth_1/prj/sol/syn/vhdl/design_1_v_demosaic_0_0_reg_unsigned_short_s 
Execute       gen_rtl reg<unsigned short> -style xilinx -f -lang vlog -o C:/github/zybo_z7_cam_rpi_v2_5mp_hdmi/zybo_z7_imx219/zybo_z7_imx219.runs/design_1_v_demosaic_0_0_synth_1/prj/sol/syn/verilog/design_1_v_demosaic_0_0_reg_unsigned_short_s 
Execute       syn_report -csynth -model reg<unsigned short> -o C:/github/zybo_z7_cam_rpi_v2_5mp_hdmi/zybo_z7_imx219/zybo_z7_imx219.runs/design_1_v_demosaic_0_0_synth_1/prj/sol/syn/report/reg_unsigned_short_s_csynth.rpt 
Execute         list_part -family xc7z020-clg400-1 
Execute           ap_family_info -name xc7z020-clg400-1 -data names 
Execute           ap_part_info -quiet -name xc7z020-clg400-1 -data family 
Execute       syn_report -rtlxml -model reg<unsigned short> -o C:/github/zybo_z7_cam_rpi_v2_5mp_hdmi/zybo_z7_imx219/zybo_z7_imx219.runs/design_1_v_demosaic_0_0_synth_1/prj/sol/syn/report/reg_unsigned_short_s_csynth.xml 
Execute         list_part -family xc7z020-clg400-1 
Execute           ap_family_info -name xc7z020-clg400-1 -data names 
Execute           ap_part_info -quiet -name xc7z020-clg400-1 -data family 
Execute       syn_report -verbosereport -model reg<unsigned short> -o C:/github/zybo_z7_cam_rpi_v2_5mp_hdmi/zybo_z7_imx219/zybo_z7_imx219.runs/design_1_v_demosaic_0_0_synth_1/prj/sol/.autopilot/db/reg_unsigned_short_s.verbose.rpt 
Execute         list_part -family xc7z020-clg400-1 
Execute           ap_family_info -name xc7z020-clg400-1 -data names 
Execute           ap_part_info -quiet -name xc7z020-clg400-1 -data family 
Execute       db_write -model reg<unsigned short> -f -o C:/github/zybo_z7_cam_rpi_v2_5mp_hdmi/zybo_z7_imx219/zybo_z7_imx219.runs/design_1_v_demosaic_0_0_synth_1/prj/sol/.autopilot/db/reg_unsigned_short_s.adb 
Execute       db_write -model reg<unsigned short> -bindview -o C:/github/zybo_z7_cam_rpi_v2_5mp_hdmi/zybo_z7_imx219/zybo_z7_imx219.runs/design_1_v_demosaic_0_0_synth_1/prj/sol/.autopilot/db/design.bindinfo.xml 
Execute       gen_tb_info reg<unsigned short> -p C:/github/zybo_z7_cam_rpi_v2_5mp_hdmi/zybo_z7_imx219/zybo_z7_imx219.runs/design_1_v_demosaic_0_0_synth_1/prj/sol/.autopilot/db -o C:/github/zybo_z7_cam_rpi_v2_5mp_hdmi/zybo_z7_imx219/zybo_z7_imx219.runs/design_1_v_demosaic_0_0_synth_1/prj/sol/.autopilot/db/reg_unsigned_short_s 
INFO: [HLS 200-10] ----------------------------------------------------------------
INFO: [HLS 200-10] -- Generating RTL for module 'AXIvideo2MultiBayer_Pipeline_loop_wait_for_start' 
INFO: [HLS 200-10] ----------------------------------------------------------------
Execute       create_rtl_model AXIvideo2MultiBayer_Pipeline_loop_wait_for_start -top_prefix design_1_v_demosaic_0_0_ -sub_prefix design_1_v_demosaic_0_0_ -mg_file C:/github/zybo_z7_cam_rpi_v2_5mp_hdmi/zybo_z7_imx219/zybo_z7_imx219.runs/design_1_v_demosaic_0_0_synth_1/prj/sol/.autopilot/db/AXIvideo2MultiBayer_Pipeline_loop_wait_for_start.compgen.tcl 
INFO: [RTGEN 206-100] Finished creating RTL model for 'AXIvideo2MultiBayer_Pipeline_loop_wait_for_start'.
INFO: [HLS 200-111] Finished Creating RTL model: CPU user time: 0 seconds. CPU system time: 0 seconds. Elapsed time: 1.594 seconds; current allocated memory: 371.098 MB.
Execute       source C:/github/zybo_z7_cam_rpi_v2_5mp_hdmi/zybo_z7_imx219/zybo_z7_imx219.runs/design_1_v_demosaic_0_0_synth_1/prj/sol/.autopilot/db/v_demosaic.rtl_wrap.cfg.tcl 
Execute       gen_rtl AXIvideo2MultiBayer_Pipeline_loop_wait_for_start -style xilinx -f -lang vhdl -o C:/github/zybo_z7_cam_rpi_v2_5mp_hdmi/zybo_z7_imx219/zybo_z7_imx219.runs/design_1_v_demosaic_0_0_synth_1/prj/sol/syn/vhdl/design_1_v_demosaic_0_0_AXIvideo2MultiBayer_Pipeline_loop_wait_for_start 
Execute       gen_rtl AXIvideo2MultiBayer_Pipeline_loop_wait_for_start -style xilinx -f -lang vlog -o C:/github/zybo_z7_cam_rpi_v2_5mp_hdmi/zybo_z7_imx219/zybo_z7_imx219.runs/design_1_v_demosaic_0_0_synth_1/prj/sol/syn/verilog/design_1_v_demosaic_0_0_AXIvideo2MultiBayer_Pipeline_loop_wait_for_start 
Execute       syn_report -csynth -model AXIvideo2MultiBayer_Pipeline_loop_wait_for_start -o C:/github/zybo_z7_cam_rpi_v2_5mp_hdmi/zybo_z7_imx219/zybo_z7_imx219.runs/design_1_v_demosaic_0_0_synth_1/prj/sol/syn/report/AXIvideo2MultiBayer_Pipeline_loop_wait_for_start_csynth.rpt 
Execute         list_part -family xc7z020-clg400-1 
Execute           ap_family_info -name xc7z020-clg400-1 -data names 
Execute           ap_part_info -quiet -name xc7z020-clg400-1 -data family 
Execute       syn_report -rtlxml -model AXIvideo2MultiBayer_Pipeline_loop_wait_for_start -o C:/github/zybo_z7_cam_rpi_v2_5mp_hdmi/zybo_z7_imx219/zybo_z7_imx219.runs/design_1_v_demosaic_0_0_synth_1/prj/sol/syn/report/AXIvideo2MultiBayer_Pipeline_loop_wait_for_start_csynth.xml 
Execute         list_part -family xc7z020-clg400-1 
Execute           ap_family_info -name xc7z020-clg400-1 -data names 
Execute           ap_part_info -quiet -name xc7z020-clg400-1 -data family 
Execute       syn_report -verbosereport -model AXIvideo2MultiBayer_Pipeline_loop_wait_for_start -o C:/github/zybo_z7_cam_rpi_v2_5mp_hdmi/zybo_z7_imx219/zybo_z7_imx219.runs/design_1_v_demosaic_0_0_synth_1/prj/sol/.autopilot/db/AXIvideo2MultiBayer_Pipeline_loop_wait_for_start.verbose.rpt 
Execute         list_part -family xc7z020-clg400-1 
Execute           ap_family_info -name xc7z020-clg400-1 -data names 
Execute           ap_part_info -quiet -name xc7z020-clg400-1 -data family 
Execute       db_write -model AXIvideo2MultiBayer_Pipeline_loop_wait_for_start -f -o C:/github/zybo_z7_cam_rpi_v2_5mp_hdmi/zybo_z7_imx219/zybo_z7_imx219.runs/design_1_v_demosaic_0_0_synth_1/prj/sol/.autopilot/db/AXIvideo2MultiBayer_Pipeline_loop_wait_for_start.adb 
Execute       db_write -model AXIvideo2MultiBayer_Pipeline_loop_wait_for_start -bindview -o C:/github/zybo_z7_cam_rpi_v2_5mp_hdmi/zybo_z7_imx219/zybo_z7_imx219.runs/design_1_v_demosaic_0_0_synth_1/prj/sol/.autopilot/db/design.bindinfo.xml 
Execute       gen_tb_info AXIvideo2MultiBayer_Pipeline_loop_wait_for_start -p C:/github/zybo_z7_cam_rpi_v2_5mp_hdmi/zybo_z7_imx219/zybo_z7_imx219.runs/design_1_v_demosaic_0_0_synth_1/prj/sol/.autopilot/db -o C:/github/zybo_z7_cam_rpi_v2_5mp_hdmi/zybo_z7_imx219/zybo_z7_imx219.runs/design_1_v_demosaic_0_0_synth_1/prj/sol/.autopilot/db/AXIvideo2MultiBayer_Pipeline_loop_wait_for_start 
INFO: [HLS 200-10] ----------------------------------------------------------------
INFO: [HLS 200-10] -- Generating RTL for module 'AXIvideo2MultiBayer_Pipeline_loop_width' 
INFO: [HLS 200-10] ----------------------------------------------------------------
Execute       create_rtl_model AXIvideo2MultiBayer_Pipeline_loop_width -top_prefix design_1_v_demosaic_0_0_ -sub_prefix design_1_v_demosaic_0_0_ -mg_file C:/github/zybo_z7_cam_rpi_v2_5mp_hdmi/zybo_z7_imx219/zybo_z7_imx219.runs/design_1_v_demosaic_0_0_synth_1/prj/sol/.autopilot/db/AXIvideo2MultiBayer_Pipeline_loop_width.compgen.tcl 
INFO: [HLS 200-1030] Apply Unified Pipeline Control on module 'AXIvideo2MultiBayer_Pipeline_loop_width' pipeline 'loop_width' pipeline type 'loop pipeline'
INFO: [RTGEN 206-100] Finished creating RTL model for 'AXIvideo2MultiBayer_Pipeline_loop_width'.
INFO: [HLS 200-111] Finished Creating RTL model: CPU user time: 0 seconds. CPU system time: 0 seconds. Elapsed time: 0.121 seconds; current allocated memory: 371.789 MB.
Execute       source C:/github/zybo_z7_cam_rpi_v2_5mp_hdmi/zybo_z7_imx219/zybo_z7_imx219.runs/design_1_v_demosaic_0_0_synth_1/prj/sol/.autopilot/db/v_demosaic.rtl_wrap.cfg.tcl 
Execute       gen_rtl AXIvideo2MultiBayer_Pipeline_loop_width -style xilinx -f -lang vhdl -o C:/github/zybo_z7_cam_rpi_v2_5mp_hdmi/zybo_z7_imx219/zybo_z7_imx219.runs/design_1_v_demosaic_0_0_synth_1/prj/sol/syn/vhdl/design_1_v_demosaic_0_0_AXIvideo2MultiBayer_Pipeline_loop_width 
Execute       gen_rtl AXIvideo2MultiBayer_Pipeline_loop_width -style xilinx -f -lang vlog -o C:/github/zybo_z7_cam_rpi_v2_5mp_hdmi/zybo_z7_imx219/zybo_z7_imx219.runs/design_1_v_demosaic_0_0_synth_1/prj/sol/syn/verilog/design_1_v_demosaic_0_0_AXIvideo2MultiBayer_Pipeline_loop_width 
Execute       syn_report -csynth -model AXIvideo2MultiBayer_Pipeline_loop_width -o C:/github/zybo_z7_cam_rpi_v2_5mp_hdmi/zybo_z7_imx219/zybo_z7_imx219.runs/design_1_v_demosaic_0_0_synth_1/prj/sol/syn/report/AXIvideo2MultiBayer_Pipeline_loop_width_csynth.rpt 
Execute         list_part -family xc7z020-clg400-1 
Execute           ap_family_info -name xc7z020-clg400-1 -data names 
Execute           ap_part_info -quiet -name xc7z020-clg400-1 -data family 
Execute       syn_report -rtlxml -model AXIvideo2MultiBayer_Pipeline_loop_width -o C:/github/zybo_z7_cam_rpi_v2_5mp_hdmi/zybo_z7_imx219/zybo_z7_imx219.runs/design_1_v_demosaic_0_0_synth_1/prj/sol/syn/report/AXIvideo2MultiBayer_Pipeline_loop_width_csynth.xml 
Execute         list_part -family xc7z020-clg400-1 
Execute           ap_family_info -name xc7z020-clg400-1 -data names 
Execute           ap_part_info -quiet -name xc7z020-clg400-1 -data family 
Execute       syn_report -verbosereport -model AXIvideo2MultiBayer_Pipeline_loop_width -o C:/github/zybo_z7_cam_rpi_v2_5mp_hdmi/zybo_z7_imx219/zybo_z7_imx219.runs/design_1_v_demosaic_0_0_synth_1/prj/sol/.autopilot/db/AXIvideo2MultiBayer_Pipeline_loop_width.verbose.rpt 
Execute         list_part -family xc7z020-clg400-1 
Execute           ap_family_info -name xc7z020-clg400-1 -data names 
Execute           ap_part_info -quiet -name xc7z020-clg400-1 -data family 
Execute       db_write -model AXIvideo2MultiBayer_Pipeline_loop_width -f -o C:/github/zybo_z7_cam_rpi_v2_5mp_hdmi/zybo_z7_imx219/zybo_z7_imx219.runs/design_1_v_demosaic_0_0_synth_1/prj/sol/.autopilot/db/AXIvideo2MultiBayer_Pipeline_loop_width.adb 
Execute       db_write -model AXIvideo2MultiBayer_Pipeline_loop_width -bindview -o C:/github/zybo_z7_cam_rpi_v2_5mp_hdmi/zybo_z7_imx219/zybo_z7_imx219.runs/design_1_v_demosaic_0_0_synth_1/prj/sol/.autopilot/db/design.bindinfo.xml 
Execute       gen_tb_info AXIvideo2MultiBayer_Pipeline_loop_width -p C:/github/zybo_z7_cam_rpi_v2_5mp_hdmi/zybo_z7_imx219/zybo_z7_imx219.runs/design_1_v_demosaic_0_0_synth_1/prj/sol/.autopilot/db -o C:/github/zybo_z7_cam_rpi_v2_5mp_hdmi/zybo_z7_imx219/zybo_z7_imx219.runs/design_1_v_demosaic_0_0_synth_1/prj/sol/.autopilot/db/AXIvideo2MultiBayer_Pipeline_loop_width 
INFO: [HLS 200-10] ----------------------------------------------------------------
INFO: [HLS 200-10] -- Generating RTL for module 'AXIvideo2MultiBayer_Pipeline_loop_wait_for_eol' 
INFO: [HLS 200-10] ----------------------------------------------------------------
Execute       create_rtl_model AXIvideo2MultiBayer_Pipeline_loop_wait_for_eol -top_prefix design_1_v_demosaic_0_0_ -sub_prefix design_1_v_demosaic_0_0_ -mg_file C:/github/zybo_z7_cam_rpi_v2_5mp_hdmi/zybo_z7_imx219/zybo_z7_imx219.runs/design_1_v_demosaic_0_0_synth_1/prj/sol/.autopilot/db/AXIvideo2MultiBayer_Pipeline_loop_wait_for_eol.compgen.tcl 
INFO: [RTGEN 206-100] Finished creating RTL model for 'AXIvideo2MultiBayer_Pipeline_loop_wait_for_eol'.
INFO: [HLS 200-111] Finished Creating RTL model: CPU user time: 0 seconds. CPU system time: 0 seconds. Elapsed time: 0.136 seconds; current allocated memory: 372.965 MB.
Execute       source C:/github/zybo_z7_cam_rpi_v2_5mp_hdmi/zybo_z7_imx219/zybo_z7_imx219.runs/design_1_v_demosaic_0_0_synth_1/prj/sol/.autopilot/db/v_demosaic.rtl_wrap.cfg.tcl 
Execute       gen_rtl AXIvideo2MultiBayer_Pipeline_loop_wait_for_eol -style xilinx -f -lang vhdl -o C:/github/zybo_z7_cam_rpi_v2_5mp_hdmi/zybo_z7_imx219/zybo_z7_imx219.runs/design_1_v_demosaic_0_0_synth_1/prj/sol/syn/vhdl/design_1_v_demosaic_0_0_AXIvideo2MultiBayer_Pipeline_loop_wait_for_eol 
Execute       gen_rtl AXIvideo2MultiBayer_Pipeline_loop_wait_for_eol -style xilinx -f -lang vlog -o C:/github/zybo_z7_cam_rpi_v2_5mp_hdmi/zybo_z7_imx219/zybo_z7_imx219.runs/design_1_v_demosaic_0_0_synth_1/prj/sol/syn/verilog/design_1_v_demosaic_0_0_AXIvideo2MultiBayer_Pipeline_loop_wait_for_eol 
Execute       syn_report -csynth -model AXIvideo2MultiBayer_Pipeline_loop_wait_for_eol -o C:/github/zybo_z7_cam_rpi_v2_5mp_hdmi/zybo_z7_imx219/zybo_z7_imx219.runs/design_1_v_demosaic_0_0_synth_1/prj/sol/syn/report/AXIvideo2MultiBayer_Pipeline_loop_wait_for_eol_csynth.rpt 
Execute         list_part -family xc7z020-clg400-1 
Execute           ap_family_info -name xc7z020-clg400-1 -data names 
Execute           ap_part_info -quiet -name xc7z020-clg400-1 -data family 
Execute       syn_report -rtlxml -model AXIvideo2MultiBayer_Pipeline_loop_wait_for_eol -o C:/github/zybo_z7_cam_rpi_v2_5mp_hdmi/zybo_z7_imx219/zybo_z7_imx219.runs/design_1_v_demosaic_0_0_synth_1/prj/sol/syn/report/AXIvideo2MultiBayer_Pipeline_loop_wait_for_eol_csynth.xml 
Execute         list_part -family xc7z020-clg400-1 
Execute           ap_family_info -name xc7z020-clg400-1 -data names 
Execute           ap_part_info -quiet -name xc7z020-clg400-1 -data family 
Execute       syn_report -verbosereport -model AXIvideo2MultiBayer_Pipeline_loop_wait_for_eol -o C:/github/zybo_z7_cam_rpi_v2_5mp_hdmi/zybo_z7_imx219/zybo_z7_imx219.runs/design_1_v_demosaic_0_0_synth_1/prj/sol/.autopilot/db/AXIvideo2MultiBayer_Pipeline_loop_wait_for_eol.verbose.rpt 
Execute         list_part -family xc7z020-clg400-1 
Execute           ap_family_info -name xc7z020-clg400-1 -data names 
Execute           ap_part_info -quiet -name xc7z020-clg400-1 -data family 
Execute       db_write -model AXIvideo2MultiBayer_Pipeline_loop_wait_for_eol -f -o C:/github/zybo_z7_cam_rpi_v2_5mp_hdmi/zybo_z7_imx219/zybo_z7_imx219.runs/design_1_v_demosaic_0_0_synth_1/prj/sol/.autopilot/db/AXIvideo2MultiBayer_Pipeline_loop_wait_for_eol.adb 
Execute       db_write -model AXIvideo2MultiBayer_Pipeline_loop_wait_for_eol -bindview -o C:/github/zybo_z7_cam_rpi_v2_5mp_hdmi/zybo_z7_imx219/zybo_z7_imx219.runs/design_1_v_demosaic_0_0_synth_1/prj/sol/.autopilot/db/design.bindinfo.xml 
Execute       gen_tb_info AXIvideo2MultiBayer_Pipeline_loop_wait_for_eol -p C:/github/zybo_z7_cam_rpi_v2_5mp_hdmi/zybo_z7_imx219/zybo_z7_imx219.runs/design_1_v_demosaic_0_0_synth_1/prj/sol/.autopilot/db -o C:/github/zybo_z7_cam_rpi_v2_5mp_hdmi/zybo_z7_imx219/zybo_z7_imx219.runs/design_1_v_demosaic_0_0_synth_1/prj/sol/.autopilot/db/AXIvideo2MultiBayer_Pipeline_loop_wait_for_eol 
INFO: [HLS 200-10] ----------------------------------------------------------------
INFO: [HLS 200-10] -- Generating RTL for module 'AXIvideo2MultiBayer' 
INFO: [HLS 200-10] ----------------------------------------------------------------
Execute       create_rtl_model AXIvideo2MultiBayer -top_prefix design_1_v_demosaic_0_0_ -sub_prefix design_1_v_demosaic_0_0_ -mg_file C:/github/zybo_z7_cam_rpi_v2_5mp_hdmi/zybo_z7_imx219/zybo_z7_imx219.runs/design_1_v_demosaic_0_0_synth_1/prj/sol/.autopilot/db/AXIvideo2MultiBayer.compgen.tcl 
INFO: [RTGEN 206-100] Finished creating RTL model for 'AXIvideo2MultiBayer'.
INFO: [HLS 200-111] Finished Creating RTL model: CPU user time: 0 seconds. CPU system time: 0 seconds. Elapsed time: 0.162 seconds; current allocated memory: 374.285 MB.
Execute       source C:/github/zybo_z7_cam_rpi_v2_5mp_hdmi/zybo_z7_imx219/zybo_z7_imx219.runs/design_1_v_demosaic_0_0_synth_1/prj/sol/.autopilot/db/v_demosaic.rtl_wrap.cfg.tcl 
Execute       gen_rtl AXIvideo2MultiBayer -style xilinx -f -lang vhdl -o C:/github/zybo_z7_cam_rpi_v2_5mp_hdmi/zybo_z7_imx219/zybo_z7_imx219.runs/design_1_v_demosaic_0_0_synth_1/prj/sol/syn/vhdl/design_1_v_demosaic_0_0_AXIvideo2MultiBayer 
Execute       gen_rtl AXIvideo2MultiBayer -style xilinx -f -lang vlog -o C:/github/zybo_z7_cam_rpi_v2_5mp_hdmi/zybo_z7_imx219/zybo_z7_imx219.runs/design_1_v_demosaic_0_0_synth_1/prj/sol/syn/verilog/design_1_v_demosaic_0_0_AXIvideo2MultiBayer 
Execute       syn_report -csynth -model AXIvideo2MultiBayer -o C:/github/zybo_z7_cam_rpi_v2_5mp_hdmi/zybo_z7_imx219/zybo_z7_imx219.runs/design_1_v_demosaic_0_0_synth_1/prj/sol/syn/report/AXIvideo2MultiBayer_csynth.rpt 
Execute         list_part -family xc7z020-clg400-1 
Execute           ap_family_info -name xc7z020-clg400-1 -data names 
Execute           ap_part_info -quiet -name xc7z020-clg400-1 -data family 
Execute       syn_report -rtlxml -model AXIvideo2MultiBayer -o C:/github/zybo_z7_cam_rpi_v2_5mp_hdmi/zybo_z7_imx219/zybo_z7_imx219.runs/design_1_v_demosaic_0_0_synth_1/prj/sol/syn/report/AXIvideo2MultiBayer_csynth.xml 
Execute         list_part -family xc7z020-clg400-1 
Execute           ap_family_info -name xc7z020-clg400-1 -data names 
Execute           ap_part_info -quiet -name xc7z020-clg400-1 -data family 
Execute       syn_report -verbosereport -model AXIvideo2MultiBayer -o C:/github/zybo_z7_cam_rpi_v2_5mp_hdmi/zybo_z7_imx219/zybo_z7_imx219.runs/design_1_v_demosaic_0_0_synth_1/prj/sol/.autopilot/db/AXIvideo2MultiBayer.verbose.rpt 
Execute         list_part -family xc7z020-clg400-1 
Execute           ap_family_info -name xc7z020-clg400-1 -data names 
Execute           ap_part_info -quiet -name xc7z020-clg400-1 -data family 
Execute       db_write -model AXIvideo2MultiBayer -f -o C:/github/zybo_z7_cam_rpi_v2_5mp_hdmi/zybo_z7_imx219/zybo_z7_imx219.runs/design_1_v_demosaic_0_0_synth_1/prj/sol/.autopilot/db/AXIvideo2MultiBayer.adb 
Execute       db_write -model AXIvideo2MultiBayer -bindview -o C:/github/zybo_z7_cam_rpi_v2_5mp_hdmi/zybo_z7_imx219/zybo_z7_imx219.runs/design_1_v_demosaic_0_0_synth_1/prj/sol/.autopilot/db/design.bindinfo.xml 
Execute       gen_tb_info AXIvideo2MultiBayer -p C:/github/zybo_z7_cam_rpi_v2_5mp_hdmi/zybo_z7_imx219/zybo_z7_imx219.runs/design_1_v_demosaic_0_0_synth_1/prj/sol/.autopilot/db -o C:/github/zybo_z7_cam_rpi_v2_5mp_hdmi/zybo_z7_imx219/zybo_z7_imx219.runs/design_1_v_demosaic_0_0_synth_1/prj/sol/.autopilot/db/AXIvideo2MultiBayer 
INFO: [HLS 200-10] ----------------------------------------------------------------
INFO: [HLS 200-10] -- Generating RTL for module 'DebayerG_Pipeline_VITIS_LOOP_318_4' 
INFO: [HLS 200-10] ----------------------------------------------------------------
Execute       create_rtl_model DebayerG_Pipeline_VITIS_LOOP_318_4 -top_prefix design_1_v_demosaic_0_0_ -sub_prefix design_1_v_demosaic_0_0_ -mg_file C:/github/zybo_z7_cam_rpi_v2_5mp_hdmi/zybo_z7_imx219/zybo_z7_imx219.runs/design_1_v_demosaic_0_0_synth_1/prj/sol/.autopilot/db/DebayerG_Pipeline_VITIS_LOOP_318_4.compgen.tcl 
INFO: [HLS 200-1030] Apply Unified Pipeline Control on module 'DebayerG_Pipeline_VITIS_LOOP_318_4' pipeline 'VITIS_LOOP_318_4' pipeline type 'loop pipeline'
INFO: [RTGEN 206-100] Generating core module 'mac_muladd_14s_10ns_24s_25_4_1': 2 instance(s).
INFO: [RTGEN 206-100] Generating core module 'mul_14s_10ns_24_1_1': 2 instance(s).
INFO: [RTGEN 206-100] Generating core module 'mul_18s_8ns_18_1_1': 2 instance(s).
INFO: [RTGEN 206-100] Generating core module 'mul_18s_9ns_18_1_1': 2 instance(s).
INFO: [RTGEN 206-100] Finished creating RTL model for 'DebayerG_Pipeline_VITIS_LOOP_318_4'.
INFO: [HLS 200-2168] Implementing memory 'design_1_v_demosaic_0_0_DebayerG_Pipeline_VITIS_LOOP_318_4_DIV1_TABLE_ROM_AUTO_1R' using auto ROMs with 4 copies to ensure enough ports to satisfy II or latency constraints.
INFO: [RTMG 210-279] Implementing memory 'design_1_v_demosaic_0_0_DebayerG_Pipeline_VITIS_LOOP_318_4_DIV2_TABLE_ROM_AUTO_1R' using auto ROMs.
INFO: [RTMG 210-278] Implementing memory 'design_1_v_demosaic_0_0_DebayerG_Pipeline_VITIS_LOOP_318_4_linebuf_yuv_3_RAM_AUTO_1R1W' using auto RAMs.
Command       create_rtl_model done; 0.463 sec.
INFO: [HLS 200-111] Finished Creating RTL model: CPU user time: 1 seconds. CPU system time: 0 seconds. Elapsed time: 0.603 seconds; current allocated memory: 382.316 MB.
Execute       source C:/github/zybo_z7_cam_rpi_v2_5mp_hdmi/zybo_z7_imx219/zybo_z7_imx219.runs/design_1_v_demosaic_0_0_synth_1/prj/sol/.autopilot/db/v_demosaic.rtl_wrap.cfg.tcl 
Execute       gen_rtl DebayerG_Pipeline_VITIS_LOOP_318_4 -style xilinx -f -lang vhdl -o C:/github/zybo_z7_cam_rpi_v2_5mp_hdmi/zybo_z7_imx219/zybo_z7_imx219.runs/design_1_v_demosaic_0_0_synth_1/prj/sol/syn/vhdl/design_1_v_demosaic_0_0_DebayerG_Pipeline_VITIS_LOOP_318_4 
Execute       gen_rtl DebayerG_Pipeline_VITIS_LOOP_318_4 -style xilinx -f -lang vlog -o C:/github/zybo_z7_cam_rpi_v2_5mp_hdmi/zybo_z7_imx219/zybo_z7_imx219.runs/design_1_v_demosaic_0_0_synth_1/prj/sol/syn/verilog/design_1_v_demosaic_0_0_DebayerG_Pipeline_VITIS_LOOP_318_4 
Execute       syn_report -csynth -model DebayerG_Pipeline_VITIS_LOOP_318_4 -o C:/github/zybo_z7_cam_rpi_v2_5mp_hdmi/zybo_z7_imx219/zybo_z7_imx219.runs/design_1_v_demosaic_0_0_synth_1/prj/sol/syn/report/DebayerG_Pipeline_VITIS_LOOP_318_4_csynth.rpt 
Execute         list_part -family xc7z020-clg400-1 
Execute           ap_family_info -name xc7z020-clg400-1 -data names 
Execute           ap_part_info -quiet -name xc7z020-clg400-1 -data family 
Execute       syn_report -rtlxml -model DebayerG_Pipeline_VITIS_LOOP_318_4 -o C:/github/zybo_z7_cam_rpi_v2_5mp_hdmi/zybo_z7_imx219/zybo_z7_imx219.runs/design_1_v_demosaic_0_0_synth_1/prj/sol/syn/report/DebayerG_Pipeline_VITIS_LOOP_318_4_csynth.xml 
Execute         list_part -family xc7z020-clg400-1 
Execute           ap_family_info -name xc7z020-clg400-1 -data names 
Execute           ap_part_info -quiet -name xc7z020-clg400-1 -data family 
Execute       syn_report -verbosereport -model DebayerG_Pipeline_VITIS_LOOP_318_4 -o C:/github/zybo_z7_cam_rpi_v2_5mp_hdmi/zybo_z7_imx219/zybo_z7_imx219.runs/design_1_v_demosaic_0_0_synth_1/prj/sol/.autopilot/db/DebayerG_Pipeline_VITIS_LOOP_318_4.verbose.rpt 
Execute         list_part -family xc7z020-clg400-1 
Execute           ap_family_info -name xc7z020-clg400-1 -data names 
Execute           ap_part_info -quiet -name xc7z020-clg400-1 -data family 
Execute       db_write -model DebayerG_Pipeline_VITIS_LOOP_318_4 -f -o C:/github/zybo_z7_cam_rpi_v2_5mp_hdmi/zybo_z7_imx219/zybo_z7_imx219.runs/design_1_v_demosaic_0_0_synth_1/prj/sol/.autopilot/db/DebayerG_Pipeline_VITIS_LOOP_318_4.adb 
Command       db_write done; 0.18 sec.
Execute       db_write -model DebayerG_Pipeline_VITIS_LOOP_318_4 -bindview -o C:/github/zybo_z7_cam_rpi_v2_5mp_hdmi/zybo_z7_imx219/zybo_z7_imx219.runs/design_1_v_demosaic_0_0_synth_1/prj/sol/.autopilot/db/design.bindinfo.xml 
Execute       gen_tb_info DebayerG_Pipeline_VITIS_LOOP_318_4 -p C:/github/zybo_z7_cam_rpi_v2_5mp_hdmi/zybo_z7_imx219/zybo_z7_imx219.runs/design_1_v_demosaic_0_0_synth_1/prj/sol/.autopilot/db -o C:/github/zybo_z7_cam_rpi_v2_5mp_hdmi/zybo_z7_imx219/zybo_z7_imx219.runs/design_1_v_demosaic_0_0_synth_1/prj/sol/.autopilot/db/DebayerG_Pipeline_VITIS_LOOP_318_4 
INFO: [HLS 200-10] ----------------------------------------------------------------
INFO: [HLS 200-10] -- Generating RTL for module 'DebayerG' 
INFO: [HLS 200-10] ----------------------------------------------------------------
Execute       create_rtl_model DebayerG -top_prefix design_1_v_demosaic_0_0_ -sub_prefix design_1_v_demosaic_0_0_ -mg_file C:/github/zybo_z7_cam_rpi_v2_5mp_hdmi/zybo_z7_imx219/zybo_z7_imx219.runs/design_1_v_demosaic_0_0_synth_1/prj/sol/.autopilot/db/DebayerG.compgen.tcl 
INFO: [RTGEN 206-100] Finished creating RTL model for 'DebayerG'.
INFO: [HLS 200-111] Finished Creating RTL model: CPU user time: 0 seconds. CPU system time: 0 seconds. Elapsed time: 0.685 seconds; current allocated memory: 395.016 MB.
Execute       source C:/github/zybo_z7_cam_rpi_v2_5mp_hdmi/zybo_z7_imx219/zybo_z7_imx219.runs/design_1_v_demosaic_0_0_synth_1/prj/sol/.autopilot/db/v_demosaic.rtl_wrap.cfg.tcl 
Execute       gen_rtl DebayerG -style xilinx -f -lang vhdl -o C:/github/zybo_z7_cam_rpi_v2_5mp_hdmi/zybo_z7_imx219/zybo_z7_imx219.runs/design_1_v_demosaic_0_0_synth_1/prj/sol/syn/vhdl/design_1_v_demosaic_0_0_DebayerG 
Execute       gen_rtl DebayerG -style xilinx -f -lang vlog -o C:/github/zybo_z7_cam_rpi_v2_5mp_hdmi/zybo_z7_imx219/zybo_z7_imx219.runs/design_1_v_demosaic_0_0_synth_1/prj/sol/syn/verilog/design_1_v_demosaic_0_0_DebayerG 
Execute       syn_report -csynth -model DebayerG -o C:/github/zybo_z7_cam_rpi_v2_5mp_hdmi/zybo_z7_imx219/zybo_z7_imx219.runs/design_1_v_demosaic_0_0_synth_1/prj/sol/syn/report/DebayerG_csynth.rpt 
Execute         list_part -family xc7z020-clg400-1 
Execute           ap_family_info -name xc7z020-clg400-1 -data names 
Execute           ap_part_info -quiet -name xc7z020-clg400-1 -data family 
Execute       syn_report -rtlxml -model DebayerG -o C:/github/zybo_z7_cam_rpi_v2_5mp_hdmi/zybo_z7_imx219/zybo_z7_imx219.runs/design_1_v_demosaic_0_0_synth_1/prj/sol/syn/report/DebayerG_csynth.xml 
Execute         list_part -family xc7z020-clg400-1 
Execute           ap_family_info -name xc7z020-clg400-1 -data names 
Execute           ap_part_info -quiet -name xc7z020-clg400-1 -data family 
Execute       syn_report -verbosereport -model DebayerG -o C:/github/zybo_z7_cam_rpi_v2_5mp_hdmi/zybo_z7_imx219/zybo_z7_imx219.runs/design_1_v_demosaic_0_0_synth_1/prj/sol/.autopilot/db/DebayerG.verbose.rpt 
Execute         list_part -family xc7z020-clg400-1 
Execute           ap_family_info -name xc7z020-clg400-1 -data names 
Execute           ap_part_info -quiet -name xc7z020-clg400-1 -data family 
Execute       db_write -model DebayerG -f -o C:/github/zybo_z7_cam_rpi_v2_5mp_hdmi/zybo_z7_imx219/zybo_z7_imx219.runs/design_1_v_demosaic_0_0_synth_1/prj/sol/.autopilot/db/DebayerG.adb 
Execute       db_write -model DebayerG -bindview -o C:/github/zybo_z7_cam_rpi_v2_5mp_hdmi/zybo_z7_imx219/zybo_z7_imx219.runs/design_1_v_demosaic_0_0_synth_1/prj/sol/.autopilot/db/design.bindinfo.xml 
Execute       gen_tb_info DebayerG -p C:/github/zybo_z7_cam_rpi_v2_5mp_hdmi/zybo_z7_imx219/zybo_z7_imx219.runs/design_1_v_demosaic_0_0_synth_1/prj/sol/.autopilot/db -o C:/github/zybo_z7_cam_rpi_v2_5mp_hdmi/zybo_z7_imx219/zybo_z7_imx219.runs/design_1_v_demosaic_0_0_synth_1/prj/sol/.autopilot/db/DebayerG 
INFO: [HLS 200-10] ----------------------------------------------------------------
INFO: [HLS 200-10] -- Generating RTL for module 'DebayerRatBorBatR_Pipeline_VITIS_LOOP_633_2' 
INFO: [HLS 200-10] ----------------------------------------------------------------
Execute       create_rtl_model DebayerRatBorBatR_Pipeline_VITIS_LOOP_633_2 -top_prefix design_1_v_demosaic_0_0_ -sub_prefix design_1_v_demosaic_0_0_ -mg_file C:/github/zybo_z7_cam_rpi_v2_5mp_hdmi/zybo_z7_imx219/zybo_z7_imx219.runs/design_1_v_demosaic_0_0_synth_1/prj/sol/.autopilot/db/DebayerRatBorBatR_Pipeline_VITIS_LOOP_633_2.compgen.tcl 
INFO: [HLS 200-1030] Apply Unified Pipeline Control on module 'DebayerRatBorBatR_Pipeline_VITIS_LOOP_633_2' pipeline 'VITIS_LOOP_633_2' pipeline type 'loop pipeline'
INFO: [RTGEN 206-100] Finished creating RTL model for 'DebayerRatBorBatR_Pipeline_VITIS_LOOP_633_2'.
INFO: [RTMG 210-278] Implementing memory 'design_1_v_demosaic_0_0_DebayerRatBorBatR_Pipeline_VITIS_LOOP_633_2_lineBuffer_1_RAM_AUTO_1R1W' using auto RAMs.
Command       create_rtl_model done; 0.17 sec.
INFO: [HLS 200-111] Finished Creating RTL model: CPU user time: 0 seconds. CPU system time: 0 seconds. Elapsed time: 0.464 seconds; current allocated memory: 395.016 MB.
Execute       source C:/github/zybo_z7_cam_rpi_v2_5mp_hdmi/zybo_z7_imx219/zybo_z7_imx219.runs/design_1_v_demosaic_0_0_synth_1/prj/sol/.autopilot/db/v_demosaic.rtl_wrap.cfg.tcl 
Execute       gen_rtl DebayerRatBorBatR_Pipeline_VITIS_LOOP_633_2 -style xilinx -f -lang vhdl -o C:/github/zybo_z7_cam_rpi_v2_5mp_hdmi/zybo_z7_imx219/zybo_z7_imx219.runs/design_1_v_demosaic_0_0_synth_1/prj/sol/syn/vhdl/design_1_v_demosaic_0_0_DebayerRatBorBatR_Pipeline_VITIS_LOOP_633_2 
Execute       gen_rtl DebayerRatBorBatR_Pipeline_VITIS_LOOP_633_2 -style xilinx -f -lang vlog -o C:/github/zybo_z7_cam_rpi_v2_5mp_hdmi/zybo_z7_imx219/zybo_z7_imx219.runs/design_1_v_demosaic_0_0_synth_1/prj/sol/syn/verilog/design_1_v_demosaic_0_0_DebayerRatBorBatR_Pipeline_VITIS_LOOP_633_2 
Execute       syn_report -csynth -model DebayerRatBorBatR_Pipeline_VITIS_LOOP_633_2 -o C:/github/zybo_z7_cam_rpi_v2_5mp_hdmi/zybo_z7_imx219/zybo_z7_imx219.runs/design_1_v_demosaic_0_0_synth_1/prj/sol/syn/report/DebayerRatBorBatR_Pipeline_VITIS_LOOP_633_2_csynth.rpt 
Execute         list_part -family xc7z020-clg400-1 
Execute           ap_family_info -name xc7z020-clg400-1 -data names 
Execute           ap_part_info -quiet -name xc7z020-clg400-1 -data family 
Execute       syn_report -rtlxml -model DebayerRatBorBatR_Pipeline_VITIS_LOOP_633_2 -o C:/github/zybo_z7_cam_rpi_v2_5mp_hdmi/zybo_z7_imx219/zybo_z7_imx219.runs/design_1_v_demosaic_0_0_synth_1/prj/sol/syn/report/DebayerRatBorBatR_Pipeline_VITIS_LOOP_633_2_csynth.xml 
Execute         list_part -family xc7z020-clg400-1 
Execute           ap_family_info -name xc7z020-clg400-1 -data names 
Execute           ap_part_info -quiet -name xc7z020-clg400-1 -data family 
Execute       syn_report -verbosereport -model DebayerRatBorBatR_Pipeline_VITIS_LOOP_633_2 -o C:/github/zybo_z7_cam_rpi_v2_5mp_hdmi/zybo_z7_imx219/zybo_z7_imx219.runs/design_1_v_demosaic_0_0_synth_1/prj/sol/.autopilot/db/DebayerRatBorBatR_Pipeline_VITIS_LOOP_633_2.verbose.rpt 
Execute         list_part -family xc7z020-clg400-1 
Execute           ap_family_info -name xc7z020-clg400-1 -data names 
Execute           ap_part_info -quiet -name xc7z020-clg400-1 -data family 
Execute       db_write -model DebayerRatBorBatR_Pipeline_VITIS_LOOP_633_2 -f -o C:/github/zybo_z7_cam_rpi_v2_5mp_hdmi/zybo_z7_imx219/zybo_z7_imx219.runs/design_1_v_demosaic_0_0_synth_1/prj/sol/.autopilot/db/DebayerRatBorBatR_Pipeline_VITIS_LOOP_633_2.adb 
Command       db_write done; 0.102 sec.
Execute       db_write -model DebayerRatBorBatR_Pipeline_VITIS_LOOP_633_2 -bindview -o C:/github/zybo_z7_cam_rpi_v2_5mp_hdmi/zybo_z7_imx219/zybo_z7_imx219.runs/design_1_v_demosaic_0_0_synth_1/prj/sol/.autopilot/db/design.bindinfo.xml 
Execute       gen_tb_info DebayerRatBorBatR_Pipeline_VITIS_LOOP_633_2 -p C:/github/zybo_z7_cam_rpi_v2_5mp_hdmi/zybo_z7_imx219/zybo_z7_imx219.runs/design_1_v_demosaic_0_0_synth_1/prj/sol/.autopilot/db -o C:/github/zybo_z7_cam_rpi_v2_5mp_hdmi/zybo_z7_imx219/zybo_z7_imx219.runs/design_1_v_demosaic_0_0_synth_1/prj/sol/.autopilot/db/DebayerRatBorBatR_Pipeline_VITIS_LOOP_633_2 
INFO: [HLS 200-10] ----------------------------------------------------------------
INFO: [HLS 200-10] -- Generating RTL for module 'DebayerRatBorBatR' 
INFO: [HLS 200-10] ----------------------------------------------------------------
Execute       create_rtl_model DebayerRatBorBatR -top_prefix design_1_v_demosaic_0_0_ -sub_prefix design_1_v_demosaic_0_0_ -mg_file C:/github/zybo_z7_cam_rpi_v2_5mp_hdmi/zybo_z7_imx219/zybo_z7_imx219.runs/design_1_v_demosaic_0_0_synth_1/prj/sol/.autopilot/db/DebayerRatBorBatR.compgen.tcl 
INFO: [RTGEN 206-100] Finished creating RTL model for 'DebayerRatBorBatR'.
INFO: [HLS 200-111] Finished Creating RTL model: CPU user time: 1 seconds. CPU system time: 0 seconds. Elapsed time: 0.452 seconds; current allocated memory: 402.586 MB.
Execute       source C:/github/zybo_z7_cam_rpi_v2_5mp_hdmi/zybo_z7_imx219/zybo_z7_imx219.runs/design_1_v_demosaic_0_0_synth_1/prj/sol/.autopilot/db/v_demosaic.rtl_wrap.cfg.tcl 
Execute       gen_rtl DebayerRatBorBatR -style xilinx -f -lang vhdl -o C:/github/zybo_z7_cam_rpi_v2_5mp_hdmi/zybo_z7_imx219/zybo_z7_imx219.runs/design_1_v_demosaic_0_0_synth_1/prj/sol/syn/vhdl/design_1_v_demosaic_0_0_DebayerRatBorBatR 
Execute       gen_rtl DebayerRatBorBatR -style xilinx -f -lang vlog -o C:/github/zybo_z7_cam_rpi_v2_5mp_hdmi/zybo_z7_imx219/zybo_z7_imx219.runs/design_1_v_demosaic_0_0_synth_1/prj/sol/syn/verilog/design_1_v_demosaic_0_0_DebayerRatBorBatR 
Execute       syn_report -csynth -model DebayerRatBorBatR -o C:/github/zybo_z7_cam_rpi_v2_5mp_hdmi/zybo_z7_imx219/zybo_z7_imx219.runs/design_1_v_demosaic_0_0_synth_1/prj/sol/syn/report/DebayerRatBorBatR_csynth.rpt 
Execute         list_part -family xc7z020-clg400-1 
Execute           ap_family_info -name xc7z020-clg400-1 -data names 
Execute           ap_part_info -quiet -name xc7z020-clg400-1 -data family 
Execute       syn_report -rtlxml -model DebayerRatBorBatR -o C:/github/zybo_z7_cam_rpi_v2_5mp_hdmi/zybo_z7_imx219/zybo_z7_imx219.runs/design_1_v_demosaic_0_0_synth_1/prj/sol/syn/report/DebayerRatBorBatR_csynth.xml 
Execute         list_part -family xc7z020-clg400-1 
Execute           ap_family_info -name xc7z020-clg400-1 -data names 
Execute           ap_part_info -quiet -name xc7z020-clg400-1 -data family 
Execute       syn_report -verbosereport -model DebayerRatBorBatR -o C:/github/zybo_z7_cam_rpi_v2_5mp_hdmi/zybo_z7_imx219/zybo_z7_imx219.runs/design_1_v_demosaic_0_0_synth_1/prj/sol/.autopilot/db/DebayerRatBorBatR.verbose.rpt 
Execute         list_part -family xc7z020-clg400-1 
Execute           ap_family_info -name xc7z020-clg400-1 -data names 
Execute           ap_part_info -quiet -name xc7z020-clg400-1 -data family 
Execute       db_write -model DebayerRatBorBatR -f -o C:/github/zybo_z7_cam_rpi_v2_5mp_hdmi/zybo_z7_imx219/zybo_z7_imx219.runs/design_1_v_demosaic_0_0_synth_1/prj/sol/.autopilot/db/DebayerRatBorBatR.adb 
Execute       db_write -model DebayerRatBorBatR -bindview -o C:/github/zybo_z7_cam_rpi_v2_5mp_hdmi/zybo_z7_imx219/zybo_z7_imx219.runs/design_1_v_demosaic_0_0_synth_1/prj/sol/.autopilot/db/design.bindinfo.xml 
Execute       gen_tb_info DebayerRatBorBatR -p C:/github/zybo_z7_cam_rpi_v2_5mp_hdmi/zybo_z7_imx219/zybo_z7_imx219.runs/design_1_v_demosaic_0_0_synth_1/prj/sol/.autopilot/db -o C:/github/zybo_z7_cam_rpi_v2_5mp_hdmi/zybo_z7_imx219/zybo_z7_imx219.runs/design_1_v_demosaic_0_0_synth_1/prj/sol/.autopilot/db/DebayerRatBorBatR 
INFO: [HLS 200-10] ----------------------------------------------------------------
INFO: [HLS 200-10] -- Generating RTL for module 'DebayerRandBatG_Pipeline_VITIS_LOOP_881_2' 
INFO: [HLS 200-10] ----------------------------------------------------------------
Execute       create_rtl_model DebayerRandBatG_Pipeline_VITIS_LOOP_881_2 -top_prefix design_1_v_demosaic_0_0_ -sub_prefix design_1_v_demosaic_0_0_ -mg_file C:/github/zybo_z7_cam_rpi_v2_5mp_hdmi/zybo_z7_imx219/zybo_z7_imx219.runs/design_1_v_demosaic_0_0_synth_1/prj/sol/.autopilot/db/DebayerRandBatG_Pipeline_VITIS_LOOP_881_2.compgen.tcl 
INFO: [HLS 200-1030] Apply Unified Pipeline Control on module 'DebayerRandBatG_Pipeline_VITIS_LOOP_881_2' pipeline 'VITIS_LOOP_881_2' pipeline type 'loop pipeline'
INFO: [RTGEN 206-100] Finished creating RTL model for 'DebayerRandBatG_Pipeline_VITIS_LOOP_881_2'.
Command       create_rtl_model done; 0.112 sec.
INFO: [HLS 200-111] Finished Creating RTL model: CPU user time: 0 seconds. CPU system time: 0 seconds. Elapsed time: 0.273 seconds; current allocated memory: 404.609 MB.
Execute       source C:/github/zybo_z7_cam_rpi_v2_5mp_hdmi/zybo_z7_imx219/zybo_z7_imx219.runs/design_1_v_demosaic_0_0_synth_1/prj/sol/.autopilot/db/v_demosaic.rtl_wrap.cfg.tcl 
Execute       gen_rtl DebayerRandBatG_Pipeline_VITIS_LOOP_881_2 -style xilinx -f -lang vhdl -o C:/github/zybo_z7_cam_rpi_v2_5mp_hdmi/zybo_z7_imx219/zybo_z7_imx219.runs/design_1_v_demosaic_0_0_synth_1/prj/sol/syn/vhdl/design_1_v_demosaic_0_0_DebayerRandBatG_Pipeline_VITIS_LOOP_881_2 
Execute       gen_rtl DebayerRandBatG_Pipeline_VITIS_LOOP_881_2 -style xilinx -f -lang vlog -o C:/github/zybo_z7_cam_rpi_v2_5mp_hdmi/zybo_z7_imx219/zybo_z7_imx219.runs/design_1_v_demosaic_0_0_synth_1/prj/sol/syn/verilog/design_1_v_demosaic_0_0_DebayerRandBatG_Pipeline_VITIS_LOOP_881_2 
Execute       syn_report -csynth -model DebayerRandBatG_Pipeline_VITIS_LOOP_881_2 -o C:/github/zybo_z7_cam_rpi_v2_5mp_hdmi/zybo_z7_imx219/zybo_z7_imx219.runs/design_1_v_demosaic_0_0_synth_1/prj/sol/syn/report/DebayerRandBatG_Pipeline_VITIS_LOOP_881_2_csynth.rpt 
Execute         list_part -family xc7z020-clg400-1 
Execute           ap_family_info -name xc7z020-clg400-1 -data names 
Execute           ap_part_info -quiet -name xc7z020-clg400-1 -data family 
Execute       syn_report -rtlxml -model DebayerRandBatG_Pipeline_VITIS_LOOP_881_2 -o C:/github/zybo_z7_cam_rpi_v2_5mp_hdmi/zybo_z7_imx219/zybo_z7_imx219.runs/design_1_v_demosaic_0_0_synth_1/prj/sol/syn/report/DebayerRandBatG_Pipeline_VITIS_LOOP_881_2_csynth.xml 
Execute         list_part -family xc7z020-clg400-1 
Execute           ap_family_info -name xc7z020-clg400-1 -data names 
Execute           ap_part_info -quiet -name xc7z020-clg400-1 -data family 
Execute       syn_report -verbosereport -model DebayerRandBatG_Pipeline_VITIS_LOOP_881_2 -o C:/github/zybo_z7_cam_rpi_v2_5mp_hdmi/zybo_z7_imx219/zybo_z7_imx219.runs/design_1_v_demosaic_0_0_synth_1/prj/sol/.autopilot/db/DebayerRandBatG_Pipeline_VITIS_LOOP_881_2.verbose.rpt 
Execute         list_part -family xc7z020-clg400-1 
Execute           ap_family_info -name xc7z020-clg400-1 -data names 
Execute           ap_part_info -quiet -name xc7z020-clg400-1 -data family 
Execute       db_write -model DebayerRandBatG_Pipeline_VITIS_LOOP_881_2 -f -o C:/github/zybo_z7_cam_rpi_v2_5mp_hdmi/zybo_z7_imx219/zybo_z7_imx219.runs/design_1_v_demosaic_0_0_synth_1/prj/sol/.autopilot/db/DebayerRandBatG_Pipeline_VITIS_LOOP_881_2.adb 
Execute       db_write -model DebayerRandBatG_Pipeline_VITIS_LOOP_881_2 -bindview -o C:/github/zybo_z7_cam_rpi_v2_5mp_hdmi/zybo_z7_imx219/zybo_z7_imx219.runs/design_1_v_demosaic_0_0_synth_1/prj/sol/.autopilot/db/design.bindinfo.xml 
Execute       gen_tb_info DebayerRandBatG_Pipeline_VITIS_LOOP_881_2 -p C:/github/zybo_z7_cam_rpi_v2_5mp_hdmi/zybo_z7_imx219/zybo_z7_imx219.runs/design_1_v_demosaic_0_0_synth_1/prj/sol/.autopilot/db -o C:/github/zybo_z7_cam_rpi_v2_5mp_hdmi/zybo_z7_imx219/zybo_z7_imx219.runs/design_1_v_demosaic_0_0_synth_1/prj/sol/.autopilot/db/DebayerRandBatG_Pipeline_VITIS_LOOP_881_2 
INFO: [HLS 200-10] ----------------------------------------------------------------
INFO: [HLS 200-10] -- Generating RTL for module 'DebayerRandBatG' 
INFO: [HLS 200-10] ----------------------------------------------------------------
Execute       create_rtl_model DebayerRandBatG -top_prefix design_1_v_demosaic_0_0_ -sub_prefix design_1_v_demosaic_0_0_ -mg_file C:/github/zybo_z7_cam_rpi_v2_5mp_hdmi/zybo_z7_imx219/zybo_z7_imx219.runs/design_1_v_demosaic_0_0_synth_1/prj/sol/.autopilot/db/DebayerRandBatG.compgen.tcl 
INFO: [RTGEN 206-100] Finished creating RTL model for 'DebayerRandBatG'.
INFO: [HLS 200-111] Finished Creating RTL model: CPU user time: 0 seconds. CPU system time: 0 seconds. Elapsed time: 0.359 seconds; current allocated memory: 411.895 MB.
Execute       source C:/github/zybo_z7_cam_rpi_v2_5mp_hdmi/zybo_z7_imx219/zybo_z7_imx219.runs/design_1_v_demosaic_0_0_synth_1/prj/sol/.autopilot/db/v_demosaic.rtl_wrap.cfg.tcl 
Execute       gen_rtl DebayerRandBatG -style xilinx -f -lang vhdl -o C:/github/zybo_z7_cam_rpi_v2_5mp_hdmi/zybo_z7_imx219/zybo_z7_imx219.runs/design_1_v_demosaic_0_0_synth_1/prj/sol/syn/vhdl/design_1_v_demosaic_0_0_DebayerRandBatG 
Execute       gen_rtl DebayerRandBatG -style xilinx -f -lang vlog -o C:/github/zybo_z7_cam_rpi_v2_5mp_hdmi/zybo_z7_imx219/zybo_z7_imx219.runs/design_1_v_demosaic_0_0_synth_1/prj/sol/syn/verilog/design_1_v_demosaic_0_0_DebayerRandBatG 
Execute       syn_report -csynth -model DebayerRandBatG -o C:/github/zybo_z7_cam_rpi_v2_5mp_hdmi/zybo_z7_imx219/zybo_z7_imx219.runs/design_1_v_demosaic_0_0_synth_1/prj/sol/syn/report/DebayerRandBatG_csynth.rpt 
Execute         list_part -family xc7z020-clg400-1 
Execute           ap_family_info -name xc7z020-clg400-1 -data names 
Execute           ap_part_info -quiet -name xc7z020-clg400-1 -data family 
Execute       syn_report -rtlxml -model DebayerRandBatG -o C:/github/zybo_z7_cam_rpi_v2_5mp_hdmi/zybo_z7_imx219/zybo_z7_imx219.runs/design_1_v_demosaic_0_0_synth_1/prj/sol/syn/report/DebayerRandBatG_csynth.xml 
Execute         list_part -family xc7z020-clg400-1 
Execute           ap_family_info -name xc7z020-clg400-1 -data names 
Execute           ap_part_info -quiet -name xc7z020-clg400-1 -data family 
Execute       syn_report -verbosereport -model DebayerRandBatG -o C:/github/zybo_z7_cam_rpi_v2_5mp_hdmi/zybo_z7_imx219/zybo_z7_imx219.runs/design_1_v_demosaic_0_0_synth_1/prj/sol/.autopilot/db/DebayerRandBatG.verbose.rpt 
Execute         list_part -family xc7z020-clg400-1 
Execute           ap_family_info -name xc7z020-clg400-1 -data names 
Execute           ap_part_info -quiet -name xc7z020-clg400-1 -data family 
Execute       db_write -model DebayerRandBatG -f -o C:/github/zybo_z7_cam_rpi_v2_5mp_hdmi/zybo_z7_imx219/zybo_z7_imx219.runs/design_1_v_demosaic_0_0_synth_1/prj/sol/.autopilot/db/DebayerRandBatG.adb 
Execute       db_write -model DebayerRandBatG -bindview -o C:/github/zybo_z7_cam_rpi_v2_5mp_hdmi/zybo_z7_imx219/zybo_z7_imx219.runs/design_1_v_demosaic_0_0_synth_1/prj/sol/.autopilot/db/design.bindinfo.xml 
Execute       gen_tb_info DebayerRandBatG -p C:/github/zybo_z7_cam_rpi_v2_5mp_hdmi/zybo_z7_imx219/zybo_z7_imx219.runs/design_1_v_demosaic_0_0_synth_1/prj/sol/.autopilot/db -o C:/github/zybo_z7_cam_rpi_v2_5mp_hdmi/zybo_z7_imx219/zybo_z7_imx219.runs/design_1_v_demosaic_0_0_synth_1/prj/sol/.autopilot/db/DebayerRandBatG 
INFO: [HLS 200-10] ----------------------------------------------------------------
INFO: [HLS 200-10] -- Generating RTL for module 'Debayer' 
INFO: [HLS 200-10] ----------------------------------------------------------------
Execute       create_rtl_model Debayer -top_prefix design_1_v_demosaic_0_0_ -sub_prefix design_1_v_demosaic_0_0_ -mg_file C:/github/zybo_z7_cam_rpi_v2_5mp_hdmi/zybo_z7_imx219/zybo_z7_imx219.runs/design_1_v_demosaic_0_0_synth_1/prj/sol/.autopilot/db/Debayer.compgen.tcl 
WARNING: [RTGEN 206-101] Setting dangling out port 'Debayer/imgRgb_read' to 0.
INFO: [RTGEN 206-100] Finished creating RTL model for 'Debayer'.
INFO: [RTMG 210-285] Implementing FIFO 'imgG_U(design_1_v_demosaic_0_0_fifo_w30_d2_S)' using Shift Registers.
INFO: [RTMG 210-285] Implementing FIFO 'height_val4_c3_U(design_1_v_demosaic_0_0_fifo_w11_d2_S)' using Shift Registers.
INFO: [RTMG 210-285] Implementing FIFO 'width_val8_c4_U(design_1_v_demosaic_0_0_fifo_w11_d2_S)' using Shift Registers.
INFO: [RTMG 210-285] Implementing FIFO 'bayerPhase_val11_c5_U(design_1_v_demosaic_0_0_fifo_w16_d2_S)' using Shift Registers.
INFO: [RTMG 210-285] Implementing FIFO 'imgRB_U(design_1_v_demosaic_0_0_fifo_w30_d2_S)' using Shift Registers.
INFO: [RTMG 210-285] Implementing FIFO 'height_val4_c_U(design_1_v_demosaic_0_0_fifo_w11_d2_S)' using Shift Registers.
INFO: [RTMG 210-285] Implementing FIFO 'width_val8_c_U(design_1_v_demosaic_0_0_fifo_w11_d2_S)' using Shift Registers.
INFO: [RTMG 210-285] Implementing FIFO 'bayerPhase_val11_c_U(design_1_v_demosaic_0_0_fifo_w16_d2_S)' using Shift Registers.
INFO: [RTMG 210-285] Implementing FIFO 'start_for_DebayerRatBorBatR_U0_U(design_1_v_demosaic_0_0_start_for_DebayerRatBorBatR_U0)' using Shift Registers.
INFO: [RTMG 210-285] Implementing FIFO 'start_for_DebayerRandBatG_U0_U(design_1_v_demosaic_0_0_start_for_DebayerRandBatG_U0)' using Shift Registers.
INFO: [HLS 200-111] Finished Creating RTL model: CPU user time: 0 seconds. CPU system time: 0 seconds. Elapsed time: 0.216 seconds; current allocated memory: 413.027 MB.
Execute       source C:/github/zybo_z7_cam_rpi_v2_5mp_hdmi/zybo_z7_imx219/zybo_z7_imx219.runs/design_1_v_demosaic_0_0_synth_1/prj/sol/.autopilot/db/v_demosaic.rtl_wrap.cfg.tcl 
Execute       gen_rtl Debayer -style xilinx -f -lang vhdl -o C:/github/zybo_z7_cam_rpi_v2_5mp_hdmi/zybo_z7_imx219/zybo_z7_imx219.runs/design_1_v_demosaic_0_0_synth_1/prj/sol/syn/vhdl/design_1_v_demosaic_0_0_Debayer 
Execute       gen_rtl Debayer -style xilinx -f -lang vlog -o C:/github/zybo_z7_cam_rpi_v2_5mp_hdmi/zybo_z7_imx219/zybo_z7_imx219.runs/design_1_v_demosaic_0_0_synth_1/prj/sol/syn/verilog/design_1_v_demosaic_0_0_Debayer 
Execute       syn_report -csynth -model Debayer -o C:/github/zybo_z7_cam_rpi_v2_5mp_hdmi/zybo_z7_imx219/zybo_z7_imx219.runs/design_1_v_demosaic_0_0_synth_1/prj/sol/syn/report/Debayer_csynth.rpt 
Execute         list_part -family xc7z020-clg400-1 
Execute           ap_family_info -name xc7z020-clg400-1 -data names 
Execute           ap_part_info -quiet -name xc7z020-clg400-1 -data family 
Execute       syn_report -rtlxml -model Debayer -o C:/github/zybo_z7_cam_rpi_v2_5mp_hdmi/zybo_z7_imx219/zybo_z7_imx219.runs/design_1_v_demosaic_0_0_synth_1/prj/sol/syn/report/Debayer_csynth.xml 
Execute         list_part -family xc7z020-clg400-1 
Execute           ap_family_info -name xc7z020-clg400-1 -data names 
Execute           ap_part_info -quiet -name xc7z020-clg400-1 -data family 
Execute       syn_report -verbosereport -model Debayer -o C:/github/zybo_z7_cam_rpi_v2_5mp_hdmi/zybo_z7_imx219/zybo_z7_imx219.runs/design_1_v_demosaic_0_0_synth_1/prj/sol/.autopilot/db/Debayer.verbose.rpt 
Execute         list_part -family xc7z020-clg400-1 
Execute           ap_family_info -name xc7z020-clg400-1 -data names 
Execute           ap_part_info -quiet -name xc7z020-clg400-1 -data family 
Execute       db_write -model Debayer -f -o C:/github/zybo_z7_cam_rpi_v2_5mp_hdmi/zybo_z7_imx219/zybo_z7_imx219.runs/design_1_v_demosaic_0_0_synth_1/prj/sol/.autopilot/db/Debayer.adb 
Execute       db_write -model Debayer -bindview -o C:/github/zybo_z7_cam_rpi_v2_5mp_hdmi/zybo_z7_imx219/zybo_z7_imx219.runs/design_1_v_demosaic_0_0_synth_1/prj/sol/.autopilot/db/design.bindinfo.xml 
Execute       gen_tb_info Debayer -p C:/github/zybo_z7_cam_rpi_v2_5mp_hdmi/zybo_z7_imx219/zybo_z7_imx219.runs/design_1_v_demosaic_0_0_synth_1/prj/sol/.autopilot/db -o C:/github/zybo_z7_cam_rpi_v2_5mp_hdmi/zybo_z7_imx219/zybo_z7_imx219.runs/design_1_v_demosaic_0_0_synth_1/prj/sol/.autopilot/db/Debayer 
INFO: [HLS 200-10] ----------------------------------------------------------------
INFO: [HLS 200-10] -- Generating RTL for module 'ZipperRemoval_Pipeline_VITIS_LOOP_1101_2' 
INFO: [HLS 200-10] ----------------------------------------------------------------
Execute       create_rtl_model ZipperRemoval_Pipeline_VITIS_LOOP_1101_2 -top_prefix design_1_v_demosaic_0_0_ -sub_prefix design_1_v_demosaic_0_0_ -mg_file C:/github/zybo_z7_cam_rpi_v2_5mp_hdmi/zybo_z7_imx219/zybo_z7_imx219.runs/design_1_v_demosaic_0_0_synth_1/prj/sol/.autopilot/db/ZipperRemoval_Pipeline_VITIS_LOOP_1101_2.compgen.tcl 
INFO: [HLS 200-1030] Apply Unified Pipeline Control on module 'ZipperRemoval_Pipeline_VITIS_LOOP_1101_2' pipeline 'VITIS_LOOP_1101_2' pipeline type 'loop pipeline'
INFO: [RTGEN 206-100] Finished creating RTL model for 'ZipperRemoval_Pipeline_VITIS_LOOP_1101_2'.
INFO: [HLS 200-111] Finished Creating RTL model: CPU user time: 0 seconds. CPU system time: 0 seconds. Elapsed time: 0.203 seconds; current allocated memory: 414.543 MB.
Execute       source C:/github/zybo_z7_cam_rpi_v2_5mp_hdmi/zybo_z7_imx219/zybo_z7_imx219.runs/design_1_v_demosaic_0_0_synth_1/prj/sol/.autopilot/db/v_demosaic.rtl_wrap.cfg.tcl 
Execute       gen_rtl ZipperRemoval_Pipeline_VITIS_LOOP_1101_2 -style xilinx -f -lang vhdl -o C:/github/zybo_z7_cam_rpi_v2_5mp_hdmi/zybo_z7_imx219/zybo_z7_imx219.runs/design_1_v_demosaic_0_0_synth_1/prj/sol/syn/vhdl/design_1_v_demosaic_0_0_ZipperRemoval_Pipeline_VITIS_LOOP_1101_2 
Execute       gen_rtl ZipperRemoval_Pipeline_VITIS_LOOP_1101_2 -style xilinx -f -lang vlog -o C:/github/zybo_z7_cam_rpi_v2_5mp_hdmi/zybo_z7_imx219/zybo_z7_imx219.runs/design_1_v_demosaic_0_0_synth_1/prj/sol/syn/verilog/design_1_v_demosaic_0_0_ZipperRemoval_Pipeline_VITIS_LOOP_1101_2 
Execute       syn_report -csynth -model ZipperRemoval_Pipeline_VITIS_LOOP_1101_2 -o C:/github/zybo_z7_cam_rpi_v2_5mp_hdmi/zybo_z7_imx219/zybo_z7_imx219.runs/design_1_v_demosaic_0_0_synth_1/prj/sol/syn/report/ZipperRemoval_Pipeline_VITIS_LOOP_1101_2_csynth.rpt 
Execute         list_part -family xc7z020-clg400-1 
Execute           ap_family_info -name xc7z020-clg400-1 -data names 
Execute           ap_part_info -quiet -name xc7z020-clg400-1 -data family 
Execute       syn_report -rtlxml -model ZipperRemoval_Pipeline_VITIS_LOOP_1101_2 -o C:/github/zybo_z7_cam_rpi_v2_5mp_hdmi/zybo_z7_imx219/zybo_z7_imx219.runs/design_1_v_demosaic_0_0_synth_1/prj/sol/syn/report/ZipperRemoval_Pipeline_VITIS_LOOP_1101_2_csynth.xml 
Execute         list_part -family xc7z020-clg400-1 
Execute           ap_family_info -name xc7z020-clg400-1 -data names 
Execute           ap_part_info -quiet -name xc7z020-clg400-1 -data family 
Execute       syn_report -verbosereport -model ZipperRemoval_Pipeline_VITIS_LOOP_1101_2 -o C:/github/zybo_z7_cam_rpi_v2_5mp_hdmi/zybo_z7_imx219/zybo_z7_imx219.runs/design_1_v_demosaic_0_0_synth_1/prj/sol/.autopilot/db/ZipperRemoval_Pipeline_VITIS_LOOP_1101_2.verbose.rpt 
Execute         list_part -family xc7z020-clg400-1 
Execute           ap_family_info -name xc7z020-clg400-1 -data names 
Execute           ap_part_info -quiet -name xc7z020-clg400-1 -data family 
Execute       db_write -model ZipperRemoval_Pipeline_VITIS_LOOP_1101_2 -f -o C:/github/zybo_z7_cam_rpi_v2_5mp_hdmi/zybo_z7_imx219/zybo_z7_imx219.runs/design_1_v_demosaic_0_0_synth_1/prj/sol/.autopilot/db/ZipperRemoval_Pipeline_VITIS_LOOP_1101_2.adb 
Execute       db_write -model ZipperRemoval_Pipeline_VITIS_LOOP_1101_2 -bindview -o C:/github/zybo_z7_cam_rpi_v2_5mp_hdmi/zybo_z7_imx219/zybo_z7_imx219.runs/design_1_v_demosaic_0_0_synth_1/prj/sol/.autopilot/db/design.bindinfo.xml 
Execute       gen_tb_info ZipperRemoval_Pipeline_VITIS_LOOP_1101_2 -p C:/github/zybo_z7_cam_rpi_v2_5mp_hdmi/zybo_z7_imx219/zybo_z7_imx219.runs/design_1_v_demosaic_0_0_synth_1/prj/sol/.autopilot/db -o C:/github/zybo_z7_cam_rpi_v2_5mp_hdmi/zybo_z7_imx219/zybo_z7_imx219.runs/design_1_v_demosaic_0_0_synth_1/prj/sol/.autopilot/db/ZipperRemoval_Pipeline_VITIS_LOOP_1101_2 
INFO: [HLS 200-10] ----------------------------------------------------------------
INFO: [HLS 200-10] -- Generating RTL for module 'ZipperRemoval' 
INFO: [HLS 200-10] ----------------------------------------------------------------
Execute       create_rtl_model ZipperRemoval -top_prefix design_1_v_demosaic_0_0_ -sub_prefix design_1_v_demosaic_0_0_ -mg_file C:/github/zybo_z7_cam_rpi_v2_5mp_hdmi/zybo_z7_imx219/zybo_z7_imx219.runs/design_1_v_demosaic_0_0_synth_1/prj/sol/.autopilot/db/ZipperRemoval.compgen.tcl 
INFO: [RTGEN 206-100] Finished creating RTL model for 'ZipperRemoval'.
INFO: [HLS 200-111] Finished Creating RTL model: CPU user time: 1 seconds. CPU system time: 0 seconds. Elapsed time: 0.202 seconds; current allocated memory: 416.711 MB.
Execute       source C:/github/zybo_z7_cam_rpi_v2_5mp_hdmi/zybo_z7_imx219/zybo_z7_imx219.runs/design_1_v_demosaic_0_0_synth_1/prj/sol/.autopilot/db/v_demosaic.rtl_wrap.cfg.tcl 
Execute       gen_rtl ZipperRemoval -style xilinx -f -lang vhdl -o C:/github/zybo_z7_cam_rpi_v2_5mp_hdmi/zybo_z7_imx219/zybo_z7_imx219.runs/design_1_v_demosaic_0_0_synth_1/prj/sol/syn/vhdl/design_1_v_demosaic_0_0_ZipperRemoval 
Execute       gen_rtl ZipperRemoval -style xilinx -f -lang vlog -o C:/github/zybo_z7_cam_rpi_v2_5mp_hdmi/zybo_z7_imx219/zybo_z7_imx219.runs/design_1_v_demosaic_0_0_synth_1/prj/sol/syn/verilog/design_1_v_demosaic_0_0_ZipperRemoval 
Execute       syn_report -csynth -model ZipperRemoval -o C:/github/zybo_z7_cam_rpi_v2_5mp_hdmi/zybo_z7_imx219/zybo_z7_imx219.runs/design_1_v_demosaic_0_0_synth_1/prj/sol/syn/report/ZipperRemoval_csynth.rpt 
Execute         list_part -family xc7z020-clg400-1 
Execute           ap_family_info -name xc7z020-clg400-1 -data names 
Execute           ap_part_info -quiet -name xc7z020-clg400-1 -data family 
Execute       syn_report -rtlxml -model ZipperRemoval -o C:/github/zybo_z7_cam_rpi_v2_5mp_hdmi/zybo_z7_imx219/zybo_z7_imx219.runs/design_1_v_demosaic_0_0_synth_1/prj/sol/syn/report/ZipperRemoval_csynth.xml 
Execute         list_part -family xc7z020-clg400-1 
Execute           ap_family_info -name xc7z020-clg400-1 -data names 
Execute           ap_part_info -quiet -name xc7z020-clg400-1 -data family 
Execute       syn_report -verbosereport -model ZipperRemoval -o C:/github/zybo_z7_cam_rpi_v2_5mp_hdmi/zybo_z7_imx219/zybo_z7_imx219.runs/design_1_v_demosaic_0_0_synth_1/prj/sol/.autopilot/db/ZipperRemoval.verbose.rpt 
Execute         list_part -family xc7z020-clg400-1 
Execute           ap_family_info -name xc7z020-clg400-1 -data names 
Execute           ap_part_info -quiet -name xc7z020-clg400-1 -data family 
Execute       db_write -model ZipperRemoval -f -o C:/github/zybo_z7_cam_rpi_v2_5mp_hdmi/zybo_z7_imx219/zybo_z7_imx219.runs/design_1_v_demosaic_0_0_synth_1/prj/sol/.autopilot/db/ZipperRemoval.adb 
Execute       db_write -model ZipperRemoval -bindview -o C:/github/zybo_z7_cam_rpi_v2_5mp_hdmi/zybo_z7_imx219/zybo_z7_imx219.runs/design_1_v_demosaic_0_0_synth_1/prj/sol/.autopilot/db/design.bindinfo.xml 
Execute       gen_tb_info ZipperRemoval -p C:/github/zybo_z7_cam_rpi_v2_5mp_hdmi/zybo_z7_imx219/zybo_z7_imx219.runs/design_1_v_demosaic_0_0_synth_1/prj/sol/.autopilot/db -o C:/github/zybo_z7_cam_rpi_v2_5mp_hdmi/zybo_z7_imx219/zybo_z7_imx219.runs/design_1_v_demosaic_0_0_synth_1/prj/sol/.autopilot/db/ZipperRemoval 
INFO: [HLS 200-10] ----------------------------------------------------------------
INFO: [HLS 200-10] -- Generating RTL for module 'MultiPixStream2AXIvideo_Pipeline_VITIS_LOOP_230_2' 
INFO: [HLS 200-10] ----------------------------------------------------------------
Execute       create_rtl_model MultiPixStream2AXIvideo_Pipeline_VITIS_LOOP_230_2 -top_prefix design_1_v_demosaic_0_0_ -sub_prefix design_1_v_demosaic_0_0_ -mg_file C:/github/zybo_z7_cam_rpi_v2_5mp_hdmi/zybo_z7_imx219/zybo_z7_imx219.runs/design_1_v_demosaic_0_0_synth_1/prj/sol/.autopilot/db/MultiPixStream2AXIvideo_Pipeline_VITIS_LOOP_230_2.compgen.tcl 
INFO: [HLS 200-1030] Apply Unified Pipeline Control on module 'MultiPixStream2AXIvideo_Pipeline_VITIS_LOOP_230_2' pipeline 'VITIS_LOOP_230_2' pipeline type 'loop pipeline'
INFO: [RTGEN 206-100] Finished creating RTL model for 'MultiPixStream2AXIvideo_Pipeline_VITIS_LOOP_230_2'.
INFO: [HLS 200-111] Finished Creating RTL model: CPU user time: 0 seconds. CPU system time: 1 seconds. Elapsed time: 0.165 seconds; current allocated memory: 418.160 MB.
Execute       source C:/github/zybo_z7_cam_rpi_v2_5mp_hdmi/zybo_z7_imx219/zybo_z7_imx219.runs/design_1_v_demosaic_0_0_synth_1/prj/sol/.autopilot/db/v_demosaic.rtl_wrap.cfg.tcl 
Execute       gen_rtl MultiPixStream2AXIvideo_Pipeline_VITIS_LOOP_230_2 -style xilinx -f -lang vhdl -o C:/github/zybo_z7_cam_rpi_v2_5mp_hdmi/zybo_z7_imx219/zybo_z7_imx219.runs/design_1_v_demosaic_0_0_synth_1/prj/sol/syn/vhdl/design_1_v_demosaic_0_0_MultiPixStream2AXIvideo_Pipeline_VITIS_LOOP_230_2 
Execute       gen_rtl MultiPixStream2AXIvideo_Pipeline_VITIS_LOOP_230_2 -style xilinx -f -lang vlog -o C:/github/zybo_z7_cam_rpi_v2_5mp_hdmi/zybo_z7_imx219/zybo_z7_imx219.runs/design_1_v_demosaic_0_0_synth_1/prj/sol/syn/verilog/design_1_v_demosaic_0_0_MultiPixStream2AXIvideo_Pipeline_VITIS_LOOP_230_2 
Execute       syn_report -csynth -model MultiPixStream2AXIvideo_Pipeline_VITIS_LOOP_230_2 -o C:/github/zybo_z7_cam_rpi_v2_5mp_hdmi/zybo_z7_imx219/zybo_z7_imx219.runs/design_1_v_demosaic_0_0_synth_1/prj/sol/syn/report/MultiPixStream2AXIvideo_Pipeline_VITIS_LOOP_230_2_csynth.rpt 
Execute         list_part -family xc7z020-clg400-1 
Execute           ap_family_info -name xc7z020-clg400-1 -data names 
Execute           ap_part_info -quiet -name xc7z020-clg400-1 -data family 
Execute       syn_report -rtlxml -model MultiPixStream2AXIvideo_Pipeline_VITIS_LOOP_230_2 -o C:/github/zybo_z7_cam_rpi_v2_5mp_hdmi/zybo_z7_imx219/zybo_z7_imx219.runs/design_1_v_demosaic_0_0_synth_1/prj/sol/syn/report/MultiPixStream2AXIvideo_Pipeline_VITIS_LOOP_230_2_csynth.xml 
Execute         list_part -family xc7z020-clg400-1 
Execute           ap_family_info -name xc7z020-clg400-1 -data names 
Execute           ap_part_info -quiet -name xc7z020-clg400-1 -data family 
Execute       syn_report -verbosereport -model MultiPixStream2AXIvideo_Pipeline_VITIS_LOOP_230_2 -o C:/github/zybo_z7_cam_rpi_v2_5mp_hdmi/zybo_z7_imx219/zybo_z7_imx219.runs/design_1_v_demosaic_0_0_synth_1/prj/sol/.autopilot/db/MultiPixStream2AXIvideo_Pipeline_VITIS_LOOP_230_2.verbose.rpt 
Execute         list_part -family xc7z020-clg400-1 
Execute           ap_family_info -name xc7z020-clg400-1 -data names 
Execute           ap_part_info -quiet -name xc7z020-clg400-1 -data family 
Execute       db_write -model MultiPixStream2AXIvideo_Pipeline_VITIS_LOOP_230_2 -f -o C:/github/zybo_z7_cam_rpi_v2_5mp_hdmi/zybo_z7_imx219/zybo_z7_imx219.runs/design_1_v_demosaic_0_0_synth_1/prj/sol/.autopilot/db/MultiPixStream2AXIvideo_Pipeline_VITIS_LOOP_230_2.adb 
Execute       db_write -model MultiPixStream2AXIvideo_Pipeline_VITIS_LOOP_230_2 -bindview -o C:/github/zybo_z7_cam_rpi_v2_5mp_hdmi/zybo_z7_imx219/zybo_z7_imx219.runs/design_1_v_demosaic_0_0_synth_1/prj/sol/.autopilot/db/design.bindinfo.xml 
Execute       gen_tb_info MultiPixStream2AXIvideo_Pipeline_VITIS_LOOP_230_2 -p C:/github/zybo_z7_cam_rpi_v2_5mp_hdmi/zybo_z7_imx219/zybo_z7_imx219.runs/design_1_v_demosaic_0_0_synth_1/prj/sol/.autopilot/db -o C:/github/zybo_z7_cam_rpi_v2_5mp_hdmi/zybo_z7_imx219/zybo_z7_imx219.runs/design_1_v_demosaic_0_0_synth_1/prj/sol/.autopilot/db/MultiPixStream2AXIvideo_Pipeline_VITIS_LOOP_230_2 
INFO: [HLS 200-10] ----------------------------------------------------------------
INFO: [HLS 200-10] -- Generating RTL for module 'MultiPixStream2AXIvideo' 
INFO: [HLS 200-10] ----------------------------------------------------------------
Execute       create_rtl_model MultiPixStream2AXIvideo -top_prefix design_1_v_demosaic_0_0_ -sub_prefix design_1_v_demosaic_0_0_ -mg_file C:/github/zybo_z7_cam_rpi_v2_5mp_hdmi/zybo_z7_imx219/zybo_z7_imx219.runs/design_1_v_demosaic_0_0_synth_1/prj/sol/.autopilot/db/MultiPixStream2AXIvideo.compgen.tcl 
INFO: [RTGEN 206-100] Finished creating RTL model for 'MultiPixStream2AXIvideo'.
INFO: [HLS 200-111] Finished Creating RTL model: CPU user time: 0 seconds. CPU system time: 0 seconds. Elapsed time: 0.171 seconds; current allocated memory: 418.770 MB.
Execute       source C:/github/zybo_z7_cam_rpi_v2_5mp_hdmi/zybo_z7_imx219/zybo_z7_imx219.runs/design_1_v_demosaic_0_0_synth_1/prj/sol/.autopilot/db/v_demosaic.rtl_wrap.cfg.tcl 
Execute       gen_rtl MultiPixStream2AXIvideo -style xilinx -f -lang vhdl -o C:/github/zybo_z7_cam_rpi_v2_5mp_hdmi/zybo_z7_imx219/zybo_z7_imx219.runs/design_1_v_demosaic_0_0_synth_1/prj/sol/syn/vhdl/design_1_v_demosaic_0_0_MultiPixStream2AXIvideo 
Execute       gen_rtl MultiPixStream2AXIvideo -style xilinx -f -lang vlog -o C:/github/zybo_z7_cam_rpi_v2_5mp_hdmi/zybo_z7_imx219/zybo_z7_imx219.runs/design_1_v_demosaic_0_0_synth_1/prj/sol/syn/verilog/design_1_v_demosaic_0_0_MultiPixStream2AXIvideo 
Execute       syn_report -csynth -model MultiPixStream2AXIvideo -o C:/github/zybo_z7_cam_rpi_v2_5mp_hdmi/zybo_z7_imx219/zybo_z7_imx219.runs/design_1_v_demosaic_0_0_synth_1/prj/sol/syn/report/MultiPixStream2AXIvideo_csynth.rpt 
Execute         list_part -family xc7z020-clg400-1 
Execute           ap_family_info -name xc7z020-clg400-1 -data names 
Execute           ap_part_info -quiet -name xc7z020-clg400-1 -data family 
Execute       syn_report -rtlxml -model MultiPixStream2AXIvideo -o C:/github/zybo_z7_cam_rpi_v2_5mp_hdmi/zybo_z7_imx219/zybo_z7_imx219.runs/design_1_v_demosaic_0_0_synth_1/prj/sol/syn/report/MultiPixStream2AXIvideo_csynth.xml 
Execute         list_part -family xc7z020-clg400-1 
Execute           ap_family_info -name xc7z020-clg400-1 -data names 
Execute           ap_part_info -quiet -name xc7z020-clg400-1 -data family 
Execute       syn_report -verbosereport -model MultiPixStream2AXIvideo -o C:/github/zybo_z7_cam_rpi_v2_5mp_hdmi/zybo_z7_imx219/zybo_z7_imx219.runs/design_1_v_demosaic_0_0_synth_1/prj/sol/.autopilot/db/MultiPixStream2AXIvideo.verbose.rpt 
Execute         list_part -family xc7z020-clg400-1 
Execute           ap_family_info -name xc7z020-clg400-1 -data names 
Execute           ap_part_info -quiet -name xc7z020-clg400-1 -data family 
Execute       db_write -model MultiPixStream2AXIvideo -f -o C:/github/zybo_z7_cam_rpi_v2_5mp_hdmi/zybo_z7_imx219/zybo_z7_imx219.runs/design_1_v_demosaic_0_0_synth_1/prj/sol/.autopilot/db/MultiPixStream2AXIvideo.adb 
Execute       db_write -model MultiPixStream2AXIvideo -bindview -o C:/github/zybo_z7_cam_rpi_v2_5mp_hdmi/zybo_z7_imx219/zybo_z7_imx219.runs/design_1_v_demosaic_0_0_synth_1/prj/sol/.autopilot/db/design.bindinfo.xml 
Execute       gen_tb_info MultiPixStream2AXIvideo -p C:/github/zybo_z7_cam_rpi_v2_5mp_hdmi/zybo_z7_imx219/zybo_z7_imx219.runs/design_1_v_demosaic_0_0_synth_1/prj/sol/.autopilot/db -o C:/github/zybo_z7_cam_rpi_v2_5mp_hdmi/zybo_z7_imx219/zybo_z7_imx219.runs/design_1_v_demosaic_0_0_synth_1/prj/sol/.autopilot/db/MultiPixStream2AXIvideo 
INFO: [HLS 200-10] ----------------------------------------------------------------
INFO: [HLS 200-10] -- Generating RTL for module 'v_demosaic' 
INFO: [HLS 200-10] ----------------------------------------------------------------
Execute       create_rtl_model v_demosaic -top_prefix design_1_v_demosaic_0_0_ -sub_prefix design_1_v_demosaic_0_0_ -mg_file C:/github/zybo_z7_cam_rpi_v2_5mp_hdmi/zybo_z7_imx219/zybo_z7_imx219.runs/design_1_v_demosaic_0_0_synth_1/prj/sol/.autopilot/db/v_demosaic.compgen.tcl 
WARNING: [RTGEN 206-101] Design contains AXI ports. Reset is fixed to synchronous and active low.
INFO: [RTGEN 206-500] Setting interface mode on port 'v_demosaic/width' to 's_axilite & ap_stable'.
INFO: [RTGEN 206-500] Setting interface mode on port 'v_demosaic/height' to 's_axilite & ap_stable'.
INFO: [RTGEN 206-500] Setting interface mode on port 'v_demosaic/bayer_phase' to 's_axilite & ap_none'.
INFO: [RTGEN 206-500] Setting interface mode on port 'v_demosaic/s_axis_video_V_data_V' to 'axis' (register, both mode).
INFO: [RTGEN 206-500] Setting interface mode on port 'v_demosaic/s_axis_video_V_keep_V' to 'axis' (register, both mode).
INFO: [RTGEN 206-500] Setting interface mode on port 'v_demosaic/s_axis_video_V_strb_V' to 'axis' (register, both mode).
INFO: [RTGEN 206-500] Setting interface mode on port 'v_demosaic/s_axis_video_V_user_V' to 'axis' (register, both mode).
INFO: [RTGEN 206-500] Setting interface mode on port 'v_demosaic/s_axis_video_V_last_V' to 'axis' (register, both mode).
INFO: [RTGEN 206-500] Setting interface mode on port 'v_demosaic/s_axis_video_V_id_V' to 'axis' (register, both mode).
INFO: [RTGEN 206-500] Setting interface mode on port 'v_demosaic/s_axis_video_V_dest_V' to 'axis' (register, both mode).
INFO: [RTGEN 206-500] Setting interface mode on port 'v_demosaic/m_axis_video_V_data_V' to 'axis' (register, both mode).
INFO: [RTGEN 206-500] Setting interface mode on port 'v_demosaic/m_axis_video_V_keep_V' to 'axis' (register, both mode).
INFO: [RTGEN 206-500] Setting interface mode on port 'v_demosaic/m_axis_video_V_strb_V' to 'axis' (register, both mode).
INFO: [RTGEN 206-500] Setting interface mode on port 'v_demosaic/m_axis_video_V_user_V' to 'axis' (register, both mode).
INFO: [RTGEN 206-500] Setting interface mode on port 'v_demosaic/m_axis_video_V_last_V' to 'axis' (register, both mode).
INFO: [RTGEN 206-500] Setting interface mode on port 'v_demosaic/m_axis_video_V_id_V' to 'axis' (register, both mode).
INFO: [RTGEN 206-500] Setting interface mode on port 'v_demosaic/m_axis_video_V_dest_V' to 'axis' (register, both mode).
INFO: [RTGEN 206-500] Setting interface mode on function 'v_demosaic' to 's_axilite & ap_ctrl_hs'.
INFO: [RTGEN 206-100] Bundling port 'width', 'height', 'bayer_phase' and 'return' to AXI-Lite port CTRL.
WARNING: [RTGEN 206-101] RTL name 'fifo_w30_d2_S' is changed to 'fifo_w30_d2_S_x' due to conflict.
INFO: [RTGEN 206-100] Finished creating RTL model for 'v_demosaic'.
INFO: [RTMG 210-285] Implementing FIFO 'bayer_phase_c_U(design_1_v_demosaic_0_0_fifo_w16_d3_S)' using Shift Registers.
INFO: [RTMG 210-285] Implementing FIFO 'imgBayer_U(design_1_v_demosaic_0_0_fifo_w10_d2_S)' using Shift Registers.
INFO: [RTMG 210-285] Implementing FIFO 'imgRgb_U(design_1_v_demosaic_0_0_fifo_w30_d2_S_x)' using Shift Registers.
INFO: [RTMG 210-285] Implementing FIFO 'imgUnzip_U(design_1_v_demosaic_0_0_fifo_w30_d2_S_x)' using Shift Registers.
INFO: [RTMG 210-285] Implementing FIFO 'start_for_Debayer_U0_U(design_1_v_demosaic_0_0_start_for_Debayer_U0)' using Shift Registers.
INFO: [RTMG 210-285] Implementing FIFO 'start_for_ZipperRemoval_U0_U(design_1_v_demosaic_0_0_start_for_ZipperRemoval_U0)' using Shift Registers.
INFO: [RTMG 210-285] Implementing FIFO 'start_for_MultiPixStream2AXIvideo_U0_U(design_1_v_demosaic_0_0_start_for_MultiPixStream2AXIvideo_U0)' using Shift Registers.
Command       create_rtl_model done; 1.182 sec.
INFO: [HLS 200-111] Finished Creating RTL model: CPU user time: 0 seconds. CPU system time: 0 seconds. Elapsed time: 1.314 seconds; current allocated memory: 420.203 MB.
Execute       source C:/github/zybo_z7_cam_rpi_v2_5mp_hdmi/zybo_z7_imx219/zybo_z7_imx219.runs/design_1_v_demosaic_0_0_synth_1/prj/sol/.autopilot/db/v_demosaic.rtl_wrap.cfg.tcl 
Execute       gen_rtl v_demosaic -istop -style xilinx -f -lang vhdl -o C:/github/zybo_z7_cam_rpi_v2_5mp_hdmi/zybo_z7_imx219/zybo_z7_imx219.runs/design_1_v_demosaic_0_0_synth_1/prj/sol/syn/vhdl/design_1_v_demosaic_0_0_v_demosaic 
Execute       gen_rtl v_demosaic -istop -style xilinx -f -lang vlog -o C:/github/zybo_z7_cam_rpi_v2_5mp_hdmi/zybo_z7_imx219/zybo_z7_imx219.runs/design_1_v_demosaic_0_0_synth_1/prj/sol/syn/verilog/design_1_v_demosaic_0_0_v_demosaic 
Execute       syn_report -csynth -model v_demosaic -o C:/github/zybo_z7_cam_rpi_v2_5mp_hdmi/zybo_z7_imx219/zybo_z7_imx219.runs/design_1_v_demosaic_0_0_synth_1/prj/sol/syn/report/v_demosaic_csynth.rpt 
Execute         list_part -family xc7z020-clg400-1 
Execute           ap_family_info -name xc7z020-clg400-1 -data names 
Execute           ap_part_info -quiet -name xc7z020-clg400-1 -data family 
Execute       syn_report -rtlxml -model v_demosaic -o C:/github/zybo_z7_cam_rpi_v2_5mp_hdmi/zybo_z7_imx219/zybo_z7_imx219.runs/design_1_v_demosaic_0_0_synth_1/prj/sol/syn/report/v_demosaic_csynth.xml 
Execute         list_part -family xc7z020-clg400-1 
Execute           ap_family_info -name xc7z020-clg400-1 -data names 
Execute           ap_part_info -quiet -name xc7z020-clg400-1 -data family 
Execute       syn_report -verbosereport -model v_demosaic -o C:/github/zybo_z7_cam_rpi_v2_5mp_hdmi/zybo_z7_imx219/zybo_z7_imx219.runs/design_1_v_demosaic_0_0_synth_1/prj/sol/.autopilot/db/v_demosaic.verbose.rpt 
Execute         list_part -family xc7z020-clg400-1 
Execute           ap_family_info -name xc7z020-clg400-1 -data names 
Execute           ap_part_info -quiet -name xc7z020-clg400-1 -data family 
Execute       db_write -model v_demosaic -f -o C:/github/zybo_z7_cam_rpi_v2_5mp_hdmi/zybo_z7_imx219/zybo_z7_imx219.runs/design_1_v_demosaic_0_0_synth_1/prj/sol/.autopilot/db/v_demosaic.adb 
Execute       db_write -model v_demosaic -bindview -o C:/github/zybo_z7_cam_rpi_v2_5mp_hdmi/zybo_z7_imx219/zybo_z7_imx219.runs/design_1_v_demosaic_0_0_synth_1/prj/sol/.autopilot/db/design.bindinfo.xml 
Execute       gen_tb_info v_demosaic -p C:/github/zybo_z7_cam_rpi_v2_5mp_hdmi/zybo_z7_imx219/zybo_z7_imx219.runs/design_1_v_demosaic_0_0_synth_1/prj/sol/.autopilot/db -o C:/github/zybo_z7_cam_rpi_v2_5mp_hdmi/zybo_z7_imx219/zybo_z7_imx219.runs/design_1_v_demosaic_0_0_synth_1/prj/sol/.autopilot/db/v_demosaic 
Execute       export_constraint_db -f -tool general -o C:/github/zybo_z7_cam_rpi_v2_5mp_hdmi/zybo_z7_imx219/zybo_z7_imx219.runs/design_1_v_demosaic_0_0_synth_1/prj/sol/.autopilot/db/v_demosaic.constraint.tcl 
Execute       syn_report -designview -model v_demosaic -o C:/github/zybo_z7_cam_rpi_v2_5mp_hdmi/zybo_z7_imx219/zybo_z7_imx219.runs/design_1_v_demosaic_0_0_synth_1/prj/sol/.autopilot/db/v_demosaic.design.xml 
Command       syn_report done; 0.108 sec.
Execute       syn_report -csynthDesign -model v_demosaic -o C:/github/zybo_z7_cam_rpi_v2_5mp_hdmi/zybo_z7_imx219/zybo_z7_imx219.runs/design_1_v_demosaic_0_0_synth_1/prj/sol/syn/report/csynth.rpt -MHOut C:/github/zybo_z7_cam_rpi_v2_5mp_hdmi/zybo_z7_imx219/zybo_z7_imx219.runs/design_1_v_demosaic_0_0_synth_1/prj/sol/.autopilot/db/kernel_module_hierarchy.tcl 
Execute         list_part -family xc7z020-clg400-1 
Execute           ap_family_info -name xc7z020-clg400-1 -data names 
Execute           ap_part_info -quiet -name xc7z020-clg400-1 -data family 
Execute       syn_report -wcfg -model v_demosaic -o C:/github/zybo_z7_cam_rpi_v2_5mp_hdmi/zybo_z7_imx219/zybo_z7_imx219.runs/design_1_v_demosaic_0_0_synth_1/prj/sol/.autopilot/db/v_demosaic_dataflow_ana.wcfg 
Execute       syn_report -protoinst -model v_demosaic -o C:/github/zybo_z7_cam_rpi_v2_5mp_hdmi/zybo_z7_imx219/zybo_z7_imx219.runs/design_1_v_demosaic_0_0_synth_1/prj/sol/.autopilot/db/v_demosaic.protoinst 
Execute       sc_get_clocks v_demosaic 
Execute       sc_get_portdomain v_demosaic 
INFO-FLOW: Model list for RTL component generation: entry_proc {reg<unsigned short>} AXIvideo2MultiBayer_Pipeline_loop_wait_for_start AXIvideo2MultiBayer_Pipeline_loop_width AXIvideo2MultiBayer_Pipeline_loop_wait_for_eol AXIvideo2MultiBayer DebayerG_Pipeline_VITIS_LOOP_318_4 DebayerG DebayerRatBorBatR_Pipeline_VITIS_LOOP_633_2 DebayerRatBorBatR DebayerRandBatG_Pipeline_VITIS_LOOP_881_2 DebayerRandBatG Debayer ZipperRemoval_Pipeline_VITIS_LOOP_1101_2 ZipperRemoval MultiPixStream2AXIvideo_Pipeline_VITIS_LOOP_230_2 MultiPixStream2AXIvideo v_demosaic
INFO-FLOW: Handling components in module [entry_proc] ... 
Execute       source C:/github/zybo_z7_cam_rpi_v2_5mp_hdmi/zybo_z7_imx219/zybo_z7_imx219.runs/design_1_v_demosaic_0_0_synth_1/prj/sol/.autopilot/db/entry_proc.compgen.tcl 
INFO-FLOW: Handling components in module [reg_unsigned_short_s] ... 
Execute       source C:/github/zybo_z7_cam_rpi_v2_5mp_hdmi/zybo_z7_imx219/zybo_z7_imx219.runs/design_1_v_demosaic_0_0_synth_1/prj/sol/.autopilot/db/reg_unsigned_short_s.compgen.tcl 
INFO-FLOW: Handling components in module [AXIvideo2MultiBayer_Pipeline_loop_wait_for_start] ... 
Execute       source C:/github/zybo_z7_cam_rpi_v2_5mp_hdmi/zybo_z7_imx219/zybo_z7_imx219.runs/design_1_v_demosaic_0_0_synth_1/prj/sol/.autopilot/db/AXIvideo2MultiBayer_Pipeline_loop_wait_for_start.compgen.tcl 
INFO-FLOW: Found component design_1_v_demosaic_0_0_flow_control_loop_pipe_sequential_init.
INFO-FLOW: Append model design_1_v_demosaic_0_0_flow_control_loop_pipe_sequential_init
INFO-FLOW: Handling components in module [AXIvideo2MultiBayer_Pipeline_loop_width] ... 
Execute       source C:/github/zybo_z7_cam_rpi_v2_5mp_hdmi/zybo_z7_imx219/zybo_z7_imx219.runs/design_1_v_demosaic_0_0_synth_1/prj/sol/.autopilot/db/AXIvideo2MultiBayer_Pipeline_loop_width.compgen.tcl 
INFO-FLOW: Found component design_1_v_demosaic_0_0_flow_control_loop_pipe_sequential_init.
INFO-FLOW: Append model design_1_v_demosaic_0_0_flow_control_loop_pipe_sequential_init
INFO-FLOW: Handling components in module [AXIvideo2MultiBayer_Pipeline_loop_wait_for_eol] ... 
Execute       source C:/github/zybo_z7_cam_rpi_v2_5mp_hdmi/zybo_z7_imx219/zybo_z7_imx219.runs/design_1_v_demosaic_0_0_synth_1/prj/sol/.autopilot/db/AXIvideo2MultiBayer_Pipeline_loop_wait_for_eol.compgen.tcl 
INFO-FLOW: Found component design_1_v_demosaic_0_0_flow_control_loop_pipe_sequential_init.
INFO-FLOW: Append model design_1_v_demosaic_0_0_flow_control_loop_pipe_sequential_init
INFO-FLOW: Handling components in module [AXIvideo2MultiBayer] ... 
Execute       source C:/github/zybo_z7_cam_rpi_v2_5mp_hdmi/zybo_z7_imx219/zybo_z7_imx219.runs/design_1_v_demosaic_0_0_synth_1/prj/sol/.autopilot/db/AXIvideo2MultiBayer.compgen.tcl 
INFO-FLOW: Found component design_1_v_demosaic_0_0_regslice_both.
INFO-FLOW: Append model design_1_v_demosaic_0_0_regslice_both
INFO-FLOW: Found component design_1_v_demosaic_0_0_regslice_both.
INFO-FLOW: Append model design_1_v_demosaic_0_0_regslice_both
INFO-FLOW: Found component design_1_v_demosaic_0_0_regslice_both.
INFO-FLOW: Append model design_1_v_demosaic_0_0_regslice_both
INFO-FLOW: Found component design_1_v_demosaic_0_0_regslice_both.
INFO-FLOW: Append model design_1_v_demosaic_0_0_regslice_both
INFO-FLOW: Found component design_1_v_demosaic_0_0_regslice_both.
INFO-FLOW: Append model design_1_v_demosaic_0_0_regslice_both
INFO-FLOW: Found component design_1_v_demosaic_0_0_regslice_both.
INFO-FLOW: Append model design_1_v_demosaic_0_0_regslice_both
INFO-FLOW: Found component design_1_v_demosaic_0_0_regslice_both.
INFO-FLOW: Append model design_1_v_demosaic_0_0_regslice_both
INFO-FLOW: Handling components in module [DebayerG_Pipeline_VITIS_LOOP_318_4] ... 
Execute       source C:/github/zybo_z7_cam_rpi_v2_5mp_hdmi/zybo_z7_imx219/zybo_z7_imx219.runs/design_1_v_demosaic_0_0_synth_1/prj/sol/.autopilot/db/DebayerG_Pipeline_VITIS_LOOP_318_4.compgen.tcl 
INFO-FLOW: Found component design_1_v_demosaic_0_0_mul_18s_9ns_18_1_1.
INFO-FLOW: Append model design_1_v_demosaic_0_0_mul_18s_9ns_18_1_1
INFO-FLOW: Found component design_1_v_demosaic_0_0_mul_18s_8ns_18_1_1.
INFO-FLOW: Append model design_1_v_demosaic_0_0_mul_18s_8ns_18_1_1
INFO-FLOW: Found component design_1_v_demosaic_0_0_mul_14s_10ns_24_1_1.
INFO-FLOW: Append model design_1_v_demosaic_0_0_mul_14s_10ns_24_1_1
INFO-FLOW: Found component design_1_v_demosaic_0_0_mac_muladd_14s_10ns_24s_25_4_1.
INFO-FLOW: Append model design_1_v_demosaic_0_0_mac_muladd_14s_10ns_24s_25_4_1
INFO-FLOW: Found component design_1_v_demosaic_0_0_DebayerG_Pipeline_VITIS_LOOP_318_4_DIV1_TABLE_ROM_AUTO_1R.
INFO-FLOW: Append model design_1_v_demosaic_0_0_DebayerG_Pipeline_VITIS_LOOP_318_4_DIV1_TABLE_ROM_AUTO_1R
INFO-FLOW: Found component design_1_v_demosaic_0_0_DebayerG_Pipeline_VITIS_LOOP_318_4_DIV2_TABLE_ROM_AUTO_1R.
INFO-FLOW: Append model design_1_v_demosaic_0_0_DebayerG_Pipeline_VITIS_LOOP_318_4_DIV2_TABLE_ROM_AUTO_1R
INFO-FLOW: Found component design_1_v_demosaic_0_0_DebayerG_Pipeline_VITIS_LOOP_318_4_linebuf_yuv_3_RAM_AUTO_1R1W.
INFO-FLOW: Append model design_1_v_demosaic_0_0_DebayerG_Pipeline_VITIS_LOOP_318_4_linebuf_yuv_3_RAM_AUTO_1R1W
INFO-FLOW: Found component design_1_v_demosaic_0_0_flow_control_loop_pipe_sequential_init.
INFO-FLOW: Append model design_1_v_demosaic_0_0_flow_control_loop_pipe_sequential_init
INFO-FLOW: Handling components in module [DebayerG] ... 
Execute       source C:/github/zybo_z7_cam_rpi_v2_5mp_hdmi/zybo_z7_imx219/zybo_z7_imx219.runs/design_1_v_demosaic_0_0_synth_1/prj/sol/.autopilot/db/DebayerG.compgen.tcl 
INFO-FLOW: Handling components in module [DebayerRatBorBatR_Pipeline_VITIS_LOOP_633_2] ... 
Execute       source C:/github/zybo_z7_cam_rpi_v2_5mp_hdmi/zybo_z7_imx219/zybo_z7_imx219.runs/design_1_v_demosaic_0_0_synth_1/prj/sol/.autopilot/db/DebayerRatBorBatR_Pipeline_VITIS_LOOP_633_2.compgen.tcl 
INFO-FLOW: Found component design_1_v_demosaic_0_0_DebayerRatBorBatR_Pipeline_VITIS_LOOP_633_2_lineBuffer_1_RAM_AUTO_1R1W.
INFO-FLOW: Append model design_1_v_demosaic_0_0_DebayerRatBorBatR_Pipeline_VITIS_LOOP_633_2_lineBuffer_1_RAM_AUTO_1R1W
INFO-FLOW: Found component design_1_v_demosaic_0_0_flow_control_loop_pipe_sequential_init.
INFO-FLOW: Append model design_1_v_demosaic_0_0_flow_control_loop_pipe_sequential_init
INFO-FLOW: Handling components in module [DebayerRatBorBatR] ... 
Execute       source C:/github/zybo_z7_cam_rpi_v2_5mp_hdmi/zybo_z7_imx219/zybo_z7_imx219.runs/design_1_v_demosaic_0_0_synth_1/prj/sol/.autopilot/db/DebayerRatBorBatR.compgen.tcl 
INFO-FLOW: Handling components in module [DebayerRandBatG_Pipeline_VITIS_LOOP_881_2] ... 
Execute       source C:/github/zybo_z7_cam_rpi_v2_5mp_hdmi/zybo_z7_imx219/zybo_z7_imx219.runs/design_1_v_demosaic_0_0_synth_1/prj/sol/.autopilot/db/DebayerRandBatG_Pipeline_VITIS_LOOP_881_2.compgen.tcl 
INFO-FLOW: Found component design_1_v_demosaic_0_0_flow_control_loop_pipe_sequential_init.
INFO-FLOW: Append model design_1_v_demosaic_0_0_flow_control_loop_pipe_sequential_init
INFO-FLOW: Handling components in module [DebayerRandBatG] ... 
Execute       source C:/github/zybo_z7_cam_rpi_v2_5mp_hdmi/zybo_z7_imx219/zybo_z7_imx219.runs/design_1_v_demosaic_0_0_synth_1/prj/sol/.autopilot/db/DebayerRandBatG.compgen.tcl 
INFO-FLOW: Handling components in module [Debayer] ... 
Execute       source C:/github/zybo_z7_cam_rpi_v2_5mp_hdmi/zybo_z7_imx219/zybo_z7_imx219.runs/design_1_v_demosaic_0_0_synth_1/prj/sol/.autopilot/db/Debayer.compgen.tcl 
INFO-FLOW: Found component design_1_v_demosaic_0_0_fifo_w30_d2_S.
INFO-FLOW: Append model design_1_v_demosaic_0_0_fifo_w30_d2_S
INFO-FLOW: Found component design_1_v_demosaic_0_0_fifo_w11_d2_S.
INFO-FLOW: Append model design_1_v_demosaic_0_0_fifo_w11_d2_S
INFO-FLOW: Found component design_1_v_demosaic_0_0_fifo_w11_d2_S.
INFO-FLOW: Append model design_1_v_demosaic_0_0_fifo_w11_d2_S
INFO-FLOW: Found component design_1_v_demosaic_0_0_fifo_w16_d2_S.
INFO-FLOW: Append model design_1_v_demosaic_0_0_fifo_w16_d2_S
INFO-FLOW: Found component design_1_v_demosaic_0_0_fifo_w30_d2_S.
INFO-FLOW: Append model design_1_v_demosaic_0_0_fifo_w30_d2_S
INFO-FLOW: Found component design_1_v_demosaic_0_0_fifo_w11_d2_S.
INFO-FLOW: Append model design_1_v_demosaic_0_0_fifo_w11_d2_S
INFO-FLOW: Found component design_1_v_demosaic_0_0_fifo_w11_d2_S.
INFO-FLOW: Append model design_1_v_demosaic_0_0_fifo_w11_d2_S
INFO-FLOW: Found component design_1_v_demosaic_0_0_fifo_w16_d2_S.
INFO-FLOW: Append model design_1_v_demosaic_0_0_fifo_w16_d2_S
INFO-FLOW: Found component design_1_v_demosaic_0_0_start_for_DebayerRatBorBatR_U0.
INFO-FLOW: Append model design_1_v_demosaic_0_0_start_for_DebayerRatBorBatR_U0
INFO-FLOW: Found component design_1_v_demosaic_0_0_start_for_DebayerRandBatG_U0.
INFO-FLOW: Append model design_1_v_demosaic_0_0_start_for_DebayerRandBatG_U0
INFO-FLOW: Handling components in module [ZipperRemoval_Pipeline_VITIS_LOOP_1101_2] ... 
Execute       source C:/github/zybo_z7_cam_rpi_v2_5mp_hdmi/zybo_z7_imx219/zybo_z7_imx219.runs/design_1_v_demosaic_0_0_synth_1/prj/sol/.autopilot/db/ZipperRemoval_Pipeline_VITIS_LOOP_1101_2.compgen.tcl 
INFO-FLOW: Found component design_1_v_demosaic_0_0_flow_control_loop_pipe_sequential_init.
INFO-FLOW: Append model design_1_v_demosaic_0_0_flow_control_loop_pipe_sequential_init
INFO-FLOW: Handling components in module [ZipperRemoval] ... 
Execute       source C:/github/zybo_z7_cam_rpi_v2_5mp_hdmi/zybo_z7_imx219/zybo_z7_imx219.runs/design_1_v_demosaic_0_0_synth_1/prj/sol/.autopilot/db/ZipperRemoval.compgen.tcl 
INFO-FLOW: Handling components in module [MultiPixStream2AXIvideo_Pipeline_VITIS_LOOP_230_2] ... 
Execute       source C:/github/zybo_z7_cam_rpi_v2_5mp_hdmi/zybo_z7_imx219/zybo_z7_imx219.runs/design_1_v_demosaic_0_0_synth_1/prj/sol/.autopilot/db/MultiPixStream2AXIvideo_Pipeline_VITIS_LOOP_230_2.compgen.tcl 
INFO-FLOW: Found component design_1_v_demosaic_0_0_flow_control_loop_pipe_sequential_init.
INFO-FLOW: Append model design_1_v_demosaic_0_0_flow_control_loop_pipe_sequential_init
INFO-FLOW: Handling components in module [MultiPixStream2AXIvideo] ... 
Execute       source C:/github/zybo_z7_cam_rpi_v2_5mp_hdmi/zybo_z7_imx219/zybo_z7_imx219.runs/design_1_v_demosaic_0_0_synth_1/prj/sol/.autopilot/db/MultiPixStream2AXIvideo.compgen.tcl 
INFO-FLOW: Found component design_1_v_demosaic_0_0_regslice_both.
INFO-FLOW: Append model design_1_v_demosaic_0_0_regslice_both
INFO-FLOW: Found component design_1_v_demosaic_0_0_regslice_both.
INFO-FLOW: Append model design_1_v_demosaic_0_0_regslice_both
INFO-FLOW: Found component design_1_v_demosaic_0_0_regslice_both.
INFO-FLOW: Append model design_1_v_demosaic_0_0_regslice_both
INFO-FLOW: Found component design_1_v_demosaic_0_0_regslice_both.
INFO-FLOW: Append model design_1_v_demosaic_0_0_regslice_both
INFO-FLOW: Found component design_1_v_demosaic_0_0_regslice_both.
INFO-FLOW: Append model design_1_v_demosaic_0_0_regslice_both
INFO-FLOW: Found component design_1_v_demosaic_0_0_regslice_both.
INFO-FLOW: Append model design_1_v_demosaic_0_0_regslice_both
INFO-FLOW: Found component design_1_v_demosaic_0_0_regslice_both.
INFO-FLOW: Append model design_1_v_demosaic_0_0_regslice_both
INFO-FLOW: Handling components in module [v_demosaic] ... 
Execute       source C:/github/zybo_z7_cam_rpi_v2_5mp_hdmi/zybo_z7_imx219/zybo_z7_imx219.runs/design_1_v_demosaic_0_0_synth_1/prj/sol/.autopilot/db/v_demosaic.compgen.tcl 
INFO-FLOW: Found component design_1_v_demosaic_0_0_fifo_w16_d3_S.
INFO-FLOW: Append model design_1_v_demosaic_0_0_fifo_w16_d3_S
INFO-FLOW: Found component design_1_v_demosaic_0_0_fifo_w10_d2_S.
INFO-FLOW: Append model design_1_v_demosaic_0_0_fifo_w10_d2_S
INFO-FLOW: Found component design_1_v_demosaic_0_0_fifo_w30_d2_S_x.
INFO-FLOW: Append model design_1_v_demosaic_0_0_fifo_w30_d2_S_x
INFO-FLOW: Found component design_1_v_demosaic_0_0_fifo_w30_d2_S_x.
INFO-FLOW: Append model design_1_v_demosaic_0_0_fifo_w30_d2_S_x
INFO-FLOW: Found component design_1_v_demosaic_0_0_start_for_Debayer_U0.
INFO-FLOW: Append model design_1_v_demosaic_0_0_start_for_Debayer_U0
INFO-FLOW: Found component design_1_v_demosaic_0_0_start_for_ZipperRemoval_U0.
INFO-FLOW: Append model design_1_v_demosaic_0_0_start_for_ZipperRemoval_U0
INFO-FLOW: Found component design_1_v_demosaic_0_0_start_for_MultiPixStream2AXIvideo_U0.
INFO-FLOW: Append model design_1_v_demosaic_0_0_start_for_MultiPixStream2AXIvideo_U0
INFO-FLOW: Found component design_1_v_demosaic_0_0_CTRL_s_axi.
INFO-FLOW: Append model design_1_v_demosaic_0_0_CTRL_s_axi
INFO-FLOW: Append model entry_proc
INFO-FLOW: Append model reg_unsigned_short_s
INFO-FLOW: Append model AXIvideo2MultiBayer_Pipeline_loop_wait_for_start
INFO-FLOW: Append model AXIvideo2MultiBayer_Pipeline_loop_width
INFO-FLOW: Append model AXIvideo2MultiBayer_Pipeline_loop_wait_for_eol
INFO-FLOW: Append model AXIvideo2MultiBayer
INFO-FLOW: Append model DebayerG_Pipeline_VITIS_LOOP_318_4
INFO-FLOW: Append model DebayerG
INFO-FLOW: Append model DebayerRatBorBatR_Pipeline_VITIS_LOOP_633_2
INFO-FLOW: Append model DebayerRatBorBatR
INFO-FLOW: Append model DebayerRandBatG_Pipeline_VITIS_LOOP_881_2
INFO-FLOW: Append model DebayerRandBatG
INFO-FLOW: Append model Debayer
INFO-FLOW: Append model ZipperRemoval_Pipeline_VITIS_LOOP_1101_2
INFO-FLOW: Append model ZipperRemoval
INFO-FLOW: Append model MultiPixStream2AXIvideo_Pipeline_VITIS_LOOP_230_2
INFO-FLOW: Append model MultiPixStream2AXIvideo
INFO-FLOW: Append model v_demosaic
INFO-FLOW: Generating RTL model list ...
INFO-FLOW: All models in this session: design_1_v_demosaic_0_0_flow_control_loop_pipe_sequential_init design_1_v_demosaic_0_0_flow_control_loop_pipe_sequential_init design_1_v_demosaic_0_0_flow_control_loop_pipe_sequential_init design_1_v_demosaic_0_0_regslice_both design_1_v_demosaic_0_0_regslice_both design_1_v_demosaic_0_0_regslice_both design_1_v_demosaic_0_0_regslice_both design_1_v_demosaic_0_0_regslice_both design_1_v_demosaic_0_0_regslice_both design_1_v_demosaic_0_0_regslice_both design_1_v_demosaic_0_0_mul_18s_9ns_18_1_1 design_1_v_demosaic_0_0_mul_18s_8ns_18_1_1 design_1_v_demosaic_0_0_mul_14s_10ns_24_1_1 design_1_v_demosaic_0_0_mac_muladd_14s_10ns_24s_25_4_1 design_1_v_demosaic_0_0_DebayerG_Pipeline_VITIS_LOOP_318_4_DIV1_TABLE_ROM_AUTO_1R design_1_v_demosaic_0_0_DebayerG_Pipeline_VITIS_LOOP_318_4_DIV2_TABLE_ROM_AUTO_1R design_1_v_demosaic_0_0_DebayerG_Pipeline_VITIS_LOOP_318_4_linebuf_yuv_3_RAM_AUTO_1R1W design_1_v_demosaic_0_0_flow_control_loop_pipe_sequential_init design_1_v_demosaic_0_0_DebayerRatBorBatR_Pipeline_VITIS_LOOP_633_2_lineBuffer_1_RAM_AUTO_1R1W design_1_v_demosaic_0_0_flow_control_loop_pipe_sequential_init design_1_v_demosaic_0_0_flow_control_loop_pipe_sequential_init design_1_v_demosaic_0_0_fifo_w30_d2_S design_1_v_demosaic_0_0_fifo_w11_d2_S design_1_v_demosaic_0_0_fifo_w11_d2_S design_1_v_demosaic_0_0_fifo_w16_d2_S design_1_v_demosaic_0_0_fifo_w30_d2_S design_1_v_demosaic_0_0_fifo_w11_d2_S design_1_v_demosaic_0_0_fifo_w11_d2_S design_1_v_demosaic_0_0_fifo_w16_d2_S design_1_v_demosaic_0_0_start_for_DebayerRatBorBatR_U0 design_1_v_demosaic_0_0_start_for_DebayerRandBatG_U0 design_1_v_demosaic_0_0_flow_control_loop_pipe_sequential_init design_1_v_demosaic_0_0_flow_control_loop_pipe_sequential_init design_1_v_demosaic_0_0_regslice_both design_1_v_demosaic_0_0_regslice_both design_1_v_demosaic_0_0_regslice_both design_1_v_demosaic_0_0_regslice_both design_1_v_demosaic_0_0_regslice_both design_1_v_demosaic_0_0_regslice_both design_1_v_demosaic_0_0_regslice_both design_1_v_demosaic_0_0_fifo_w16_d3_S design_1_v_demosaic_0_0_fifo_w10_d2_S design_1_v_demosaic_0_0_fifo_w30_d2_S_x design_1_v_demosaic_0_0_fifo_w30_d2_S_x design_1_v_demosaic_0_0_start_for_Debayer_U0 design_1_v_demosaic_0_0_start_for_ZipperRemoval_U0 design_1_v_demosaic_0_0_start_for_MultiPixStream2AXIvideo_U0 design_1_v_demosaic_0_0_CTRL_s_axi entry_proc reg_unsigned_short_s AXIvideo2MultiBayer_Pipeline_loop_wait_for_start AXIvideo2MultiBayer_Pipeline_loop_width AXIvideo2MultiBayer_Pipeline_loop_wait_for_eol AXIvideo2MultiBayer DebayerG_Pipeline_VITIS_LOOP_318_4 DebayerG DebayerRatBorBatR_Pipeline_VITIS_LOOP_633_2 DebayerRatBorBatR DebayerRandBatG_Pipeline_VITIS_LOOP_881_2 DebayerRandBatG Debayer ZipperRemoval_Pipeline_VITIS_LOOP_1101_2 ZipperRemoval MultiPixStream2AXIvideo_Pipeline_VITIS_LOOP_230_2 MultiPixStream2AXIvideo v_demosaic
INFO-FLOW: Generating C:/github/zybo_z7_cam_rpi_v2_5mp_hdmi/zybo_z7_imx219/zybo_z7_imx219.runs/design_1_v_demosaic_0_0_synth_1/prj/sol/.autopilot/db/autopilot.rtl.models.txt file...
INFO-FLOW: To file: write model design_1_v_demosaic_0_0_flow_control_loop_pipe_sequential_init
INFO-FLOW: To file: write model design_1_v_demosaic_0_0_flow_control_loop_pipe_sequential_init
INFO-FLOW: To file: write model design_1_v_demosaic_0_0_flow_control_loop_pipe_sequential_init
INFO-FLOW: To file: write model design_1_v_demosaic_0_0_regslice_both
INFO-FLOW: To file: write model design_1_v_demosaic_0_0_regslice_both
INFO-FLOW: To file: write model design_1_v_demosaic_0_0_regslice_both
INFO-FLOW: To file: write model design_1_v_demosaic_0_0_regslice_both
INFO-FLOW: To file: write model design_1_v_demosaic_0_0_regslice_both
INFO-FLOW: To file: write model design_1_v_demosaic_0_0_regslice_both
INFO-FLOW: To file: write model design_1_v_demosaic_0_0_regslice_both
INFO-FLOW: To file: write model design_1_v_demosaic_0_0_mul_18s_9ns_18_1_1
INFO-FLOW: To file: write model design_1_v_demosaic_0_0_mul_18s_8ns_18_1_1
INFO-FLOW: To file: write model design_1_v_demosaic_0_0_mul_14s_10ns_24_1_1
INFO-FLOW: To file: write model design_1_v_demosaic_0_0_mac_muladd_14s_10ns_24s_25_4_1
INFO-FLOW: To file: write model design_1_v_demosaic_0_0_DebayerG_Pipeline_VITIS_LOOP_318_4_DIV1_TABLE_ROM_AUTO_1R
INFO-FLOW: To file: write model design_1_v_demosaic_0_0_DebayerG_Pipeline_VITIS_LOOP_318_4_DIV2_TABLE_ROM_AUTO_1R
INFO-FLOW: To file: write model design_1_v_demosaic_0_0_DebayerG_Pipeline_VITIS_LOOP_318_4_linebuf_yuv_3_RAM_AUTO_1R1W
INFO-FLOW: To file: write model design_1_v_demosaic_0_0_flow_control_loop_pipe_sequential_init
INFO-FLOW: To file: write model design_1_v_demosaic_0_0_DebayerRatBorBatR_Pipeline_VITIS_LOOP_633_2_lineBuffer_1_RAM_AUTO_1R1W
INFO-FLOW: To file: write model design_1_v_demosaic_0_0_flow_control_loop_pipe_sequential_init
INFO-FLOW: To file: write model design_1_v_demosaic_0_0_flow_control_loop_pipe_sequential_init
INFO-FLOW: To file: write model design_1_v_demosaic_0_0_fifo_w30_d2_S
INFO-FLOW: To file: write model design_1_v_demosaic_0_0_fifo_w11_d2_S
INFO-FLOW: To file: write model design_1_v_demosaic_0_0_fifo_w11_d2_S
INFO-FLOW: To file: write model design_1_v_demosaic_0_0_fifo_w16_d2_S
INFO-FLOW: To file: write model design_1_v_demosaic_0_0_fifo_w30_d2_S
INFO-FLOW: To file: write model design_1_v_demosaic_0_0_fifo_w11_d2_S
INFO-FLOW: To file: write model design_1_v_demosaic_0_0_fifo_w11_d2_S
INFO-FLOW: To file: write model design_1_v_demosaic_0_0_fifo_w16_d2_S
INFO-FLOW: To file: write model design_1_v_demosaic_0_0_start_for_DebayerRatBorBatR_U0
INFO-FLOW: To file: write model design_1_v_demosaic_0_0_start_for_DebayerRandBatG_U0
INFO-FLOW: To file: write model design_1_v_demosaic_0_0_flow_control_loop_pipe_sequential_init
INFO-FLOW: To file: write model design_1_v_demosaic_0_0_flow_control_loop_pipe_sequential_init
INFO-FLOW: To file: write model design_1_v_demosaic_0_0_regslice_both
INFO-FLOW: To file: write model design_1_v_demosaic_0_0_regslice_both
INFO-FLOW: To file: write model design_1_v_demosaic_0_0_regslice_both
INFO-FLOW: To file: write model design_1_v_demosaic_0_0_regslice_both
INFO-FLOW: To file: write model design_1_v_demosaic_0_0_regslice_both
INFO-FLOW: To file: write model design_1_v_demosaic_0_0_regslice_both
INFO-FLOW: To file: write model design_1_v_demosaic_0_0_regslice_both
INFO-FLOW: To file: write model design_1_v_demosaic_0_0_fifo_w16_d3_S
INFO-FLOW: To file: write model design_1_v_demosaic_0_0_fifo_w10_d2_S
INFO-FLOW: To file: write model design_1_v_demosaic_0_0_fifo_w30_d2_S_x
INFO-FLOW: To file: write model design_1_v_demosaic_0_0_fifo_w30_d2_S_x
INFO-FLOW: To file: write model design_1_v_demosaic_0_0_start_for_Debayer_U0
INFO-FLOW: To file: write model design_1_v_demosaic_0_0_start_for_ZipperRemoval_U0
INFO-FLOW: To file: write model design_1_v_demosaic_0_0_start_for_MultiPixStream2AXIvideo_U0
INFO-FLOW: To file: write model design_1_v_demosaic_0_0_CTRL_s_axi
INFO-FLOW: To file: write model entry_proc
INFO-FLOW: To file: write model reg_unsigned_short_s
INFO-FLOW: To file: write model AXIvideo2MultiBayer_Pipeline_loop_wait_for_start
INFO-FLOW: To file: write model AXIvideo2MultiBayer_Pipeline_loop_width
INFO-FLOW: To file: write model AXIvideo2MultiBayer_Pipeline_loop_wait_for_eol
INFO-FLOW: To file: write model AXIvideo2MultiBayer
INFO-FLOW: To file: write model DebayerG_Pipeline_VITIS_LOOP_318_4
INFO-FLOW: To file: write model DebayerG
INFO-FLOW: To file: write model DebayerRatBorBatR_Pipeline_VITIS_LOOP_633_2
INFO-FLOW: To file: write model DebayerRatBorBatR
INFO-FLOW: To file: write model DebayerRandBatG_Pipeline_VITIS_LOOP_881_2
INFO-FLOW: To file: write model DebayerRandBatG
INFO-FLOW: To file: write model Debayer
INFO-FLOW: To file: write model ZipperRemoval_Pipeline_VITIS_LOOP_1101_2
INFO-FLOW: To file: write model ZipperRemoval
INFO-FLOW: To file: write model MultiPixStream2AXIvideo_Pipeline_VITIS_LOOP_230_2
INFO-FLOW: To file: write model MultiPixStream2AXIvideo
INFO-FLOW: To file: write model v_demosaic
INFO-FLOW: Generating C:/github/zybo_z7_cam_rpi_v2_5mp_hdmi/zybo_z7_imx219/zybo_z7_imx219.runs/design_1_v_demosaic_0_0_synth_1/prj/sol/.autopilot/db/autopilot.rtl.models.tcl file...
INFO-FLOW: Finished generating RTL model list.


INFO-FLOW: RTL Generation done.
INFO-FLOW: CAS Generation done.
INFO-FLOW: CBC Generation done.
Execute       AP::msg_collection_file -close 
INFO-FLOW: DBG:PROC: ::AESL_AUTOMG::auto_generate_csynth_design
INFO-FLOW: DBG:PUTS: read_platform_lib C:/github/zybo_z7_cam_rpi_v2_5mp_hdmi/zybo_z7_imx219/zybo_z7_imx219.runs/design_1_v_demosaic_0_0_synth_1/prj/sol/.autopilot/db/global.setting.tcl
Execute       source C:/AMDDesignTools/2025.2/Vitis/common/technology/generic/autopilot/common.gen 
Execute         source C:/AMDDesignTools/2025.2/Vitis/common/technology/generic/autopilot/APCoreGen.gen 
Execute       source C:/AMDDesignTools/2025.2/Vitis/common/technology/generic/autopilot/op.gen 
Execute       source C:/AMDDesignTools/2025.2/Vitis/common/technology/generic/autopilot/op_simcore.gen 
Execute       source C:/AMDDesignTools/2025.2/Vitis/common/technology/generic/autopilot/interface.gen 
Execute       source C:/github/zybo_z7_cam_rpi_v2_5mp_hdmi/zybo_z7_imx219/zybo_z7_imx219.runs/design_1_v_demosaic_0_0_synth_1/prj/sol/.autopilot/db/global.setting.tcl 
Execute       source C:/AMDDesignTools/2025.2/Vitis/common/technology/xilinx/common/xilinx.gen 
Execute         source C:/AMDDesignTools/2025.2/Vitis/common/technology/xilinx/interface/plb46.gen 
Execute         source C:/AMDDesignTools/2025.2/Vitis/common/technology/xilinx/interface/axi4.gen 
Execute         source C:/AMDDesignTools/2025.2/Vitis/common/technology/xilinx/interface/nativeAXI4.gen 
Execute           source C:/AMDDesignTools/2025.2/Vitis/common/technology/xilinx/interface/saxilite.gen 
Execute         source C:/AMDDesignTools/2025.2/Vitis/common/technology/xilinx/scripts/xilinxcoregen.gen 
Execute         source C:/AMDDesignTools/2025.2/Vitis/common/technology/xilinx/interface/XilEDKCoreGen.gen 
Execute         source C:/AMDDesignTools/2025.2/Vitis/common/technology/xilinx/ip/dds_compiler.gen 
Execute         source C:/AMDDesignTools/2025.2/Vitis/common/technology/xilinx/ip/util.gen 
Execute         source C:/AMDDesignTools/2025.2/Vitis/common/technology/xilinx/ip/xfft.gen 
Execute         source C:/AMDDesignTools/2025.2/Vitis/common/technology/xilinx/ip/xfir.gen 
Execute         source C:/AMDDesignTools/2025.2/Vitis/common/technology/xilinx/DSP48/dsp48.gen 
INFO-FLOW: DBG:PUTS:   using AESL_AUTOCG::g_clock_period=10.000 (was NA)
INFO-FLOW: DBG:PROC: ::AESL_AUTOMG::generate_ip_cores gen_sim_model='1' gen_fp_models='0' gen_for_export='0' dstSCDir='' dstVhdlDir='C:/github/zybo_z7_cam_rpi_v2_5mp_hdmi/zybo_z7_imx219/zybo_z7_imx219.runs/design_1_v_demosaic_0_0_synth_1/prj/sol/.autopilot/db/vhdl' dstVlogDir='C:/github/zybo_z7_cam_rpi_v2_5mp_hdmi/zybo_z7_imx219/zybo_z7_imx219.runs/design_1_v_demosaic_0_0_synth_1/prj/sol/.autopilot/db/vlog' tclDir='C:/github/zybo_z7_cam_rpi_v2_5mp_hdmi/zybo_z7_imx219/zybo_z7_imx219.runs/design_1_v_demosaic_0_0_synth_1/prj/sol/.autopilot/db' modelList='design_1_v_demosaic_0_0_flow_control_loop_pipe_sequential_init
design_1_v_demosaic_0_0_flow_control_loop_pipe_sequential_init
design_1_v_demosaic_0_0_flow_control_loop_pipe_sequential_init
design_1_v_demosaic_0_0_regslice_both
design_1_v_demosaic_0_0_regslice_both
design_1_v_demosaic_0_0_regslice_both
design_1_v_demosaic_0_0_regslice_both
design_1_v_demosaic_0_0_regslice_both
design_1_v_demosaic_0_0_regslice_both
design_1_v_demosaic_0_0_regslice_both
design_1_v_demosaic_0_0_mul_18s_9ns_18_1_1
design_1_v_demosaic_0_0_mul_18s_8ns_18_1_1
design_1_v_demosaic_0_0_mul_14s_10ns_24_1_1
design_1_v_demosaic_0_0_mac_muladd_14s_10ns_24s_25_4_1
design_1_v_demosaic_0_0_DebayerG_Pipeline_VITIS_LOOP_318_4_DIV1_TABLE_ROM_AUTO_1R
design_1_v_demosaic_0_0_DebayerG_Pipeline_VITIS_LOOP_318_4_DIV2_TABLE_ROM_AUTO_1R
design_1_v_demosaic_0_0_DebayerG_Pipeline_VITIS_LOOP_318_4_linebuf_yuv_3_RAM_AUTO_1R1W
design_1_v_demosaic_0_0_flow_control_loop_pipe_sequential_init
design_1_v_demosaic_0_0_DebayerRatBorBatR_Pipeline_VITIS_LOOP_633_2_lineBuffer_1_RAM_AUTO_1R1W
design_1_v_demosaic_0_0_flow_control_loop_pipe_sequential_init
design_1_v_demosaic_0_0_flow_control_loop_pipe_sequential_init
design_1_v_demosaic_0_0_fifo_w30_d2_S
design_1_v_demosaic_0_0_fifo_w11_d2_S
design_1_v_demosaic_0_0_fifo_w11_d2_S
design_1_v_demosaic_0_0_fifo_w16_d2_S
design_1_v_demosaic_0_0_fifo_w30_d2_S
design_1_v_demosaic_0_0_fifo_w11_d2_S
design_1_v_demosaic_0_0_fifo_w11_d2_S
design_1_v_demosaic_0_0_fifo_w16_d2_S
design_1_v_demosaic_0_0_start_for_DebayerRatBorBatR_U0
design_1_v_demosaic_0_0_start_for_DebayerRandBatG_U0
design_1_v_demosaic_0_0_flow_control_loop_pipe_sequential_init
design_1_v_demosaic_0_0_flow_control_loop_pipe_sequential_init
design_1_v_demosaic_0_0_regslice_both
design_1_v_demosaic_0_0_regslice_both
design_1_v_demosaic_0_0_regslice_both
design_1_v_demosaic_0_0_regslice_both
design_1_v_demosaic_0_0_regslice_both
design_1_v_demosaic_0_0_regslice_both
design_1_v_demosaic_0_0_regslice_both
design_1_v_demosaic_0_0_fifo_w16_d3_S
design_1_v_demosaic_0_0_fifo_w10_d2_S
design_1_v_demosaic_0_0_fifo_w30_d2_S_x
design_1_v_demosaic_0_0_fifo_w30_d2_S_x
design_1_v_demosaic_0_0_start_for_Debayer_U0
design_1_v_demosaic_0_0_start_for_ZipperRemoval_U0
design_1_v_demosaic_0_0_start_for_MultiPixStream2AXIvideo_U0
design_1_v_demosaic_0_0_CTRL_s_axi
entry_proc
reg_unsigned_short_s
AXIvideo2MultiBayer_Pipeline_loop_wait_for_start
AXIvideo2MultiBayer_Pipeline_loop_width
AXIvideo2MultiBayer_Pipeline_loop_wait_for_eol
AXIvideo2MultiBayer
DebayerG_Pipeline_VITIS_LOOP_318_4
DebayerG
DebayerRatBorBatR_Pipeline_VITIS_LOOP_633_2
DebayerRatBorBatR
DebayerRandBatG_Pipeline_VITIS_LOOP_881_2
DebayerRandBatG
Debayer
ZipperRemoval_Pipeline_VITIS_LOOP_1101_2
ZipperRemoval
MultiPixStream2AXIvideo_Pipeline_VITIS_LOOP_230_2
MultiPixStream2AXIvideo
v_demosaic
' expOnly='0'
Execute       source C:/github/zybo_z7_cam_rpi_v2_5mp_hdmi/zybo_z7_imx219/zybo_z7_imx219.runs/design_1_v_demosaic_0_0_synth_1/prj/sol/.autopilot/db/global.setting.tcl 
Execute       ap_part_info -name xc7z020-clg400-1 -data names -quiet 
Execute       ap_part_info -name xc7z020-clg400-1 -data info -quiet 
Execute       source C:/github/zybo_z7_cam_rpi_v2_5mp_hdmi/zybo_z7_imx219/zybo_z7_imx219.runs/design_1_v_demosaic_0_0_synth_1/prj/sol/.autopilot/db/global.setting.tcl 
Execute       source C:/github/zybo_z7_cam_rpi_v2_5mp_hdmi/zybo_z7_imx219/zybo_z7_imx219.runs/design_1_v_demosaic_0_0_synth_1/prj/sol/.autopilot/db/global.setting.tcl 
Execute       source C:/github/zybo_z7_cam_rpi_v2_5mp_hdmi/zybo_z7_imx219/zybo_z7_imx219.runs/design_1_v_demosaic_0_0_synth_1/prj/sol/.autopilot/db/entry_proc.compgen.tcl 
Execute       source C:/github/zybo_z7_cam_rpi_v2_5mp_hdmi/zybo_z7_imx219/zybo_z7_imx219.runs/design_1_v_demosaic_0_0_synth_1/prj/sol/.autopilot/db/reg_unsigned_short_s.compgen.tcl 
Execute       source C:/github/zybo_z7_cam_rpi_v2_5mp_hdmi/zybo_z7_imx219/zybo_z7_imx219.runs/design_1_v_demosaic_0_0_synth_1/prj/sol/.autopilot/db/AXIvideo2MultiBayer_Pipeline_loop_wait_for_start.compgen.tcl 
Execute       source C:/github/zybo_z7_cam_rpi_v2_5mp_hdmi/zybo_z7_imx219/zybo_z7_imx219.runs/design_1_v_demosaic_0_0_synth_1/prj/sol/.autopilot/db/AXIvideo2MultiBayer_Pipeline_loop_width.compgen.tcl 
Execute       source C:/github/zybo_z7_cam_rpi_v2_5mp_hdmi/zybo_z7_imx219/zybo_z7_imx219.runs/design_1_v_demosaic_0_0_synth_1/prj/sol/.autopilot/db/AXIvideo2MultiBayer_Pipeline_loop_wait_for_eol.compgen.tcl 
Execute       source C:/github/zybo_z7_cam_rpi_v2_5mp_hdmi/zybo_z7_imx219/zybo_z7_imx219.runs/design_1_v_demosaic_0_0_synth_1/prj/sol/.autopilot/db/AXIvideo2MultiBayer.compgen.tcl 
Execute       source C:/github/zybo_z7_cam_rpi_v2_5mp_hdmi/zybo_z7_imx219/zybo_z7_imx219.runs/design_1_v_demosaic_0_0_synth_1/prj/sol/.autopilot/db/DebayerG_Pipeline_VITIS_LOOP_318_4.compgen.tcl 
Execute       source C:/github/zybo_z7_cam_rpi_v2_5mp_hdmi/zybo_z7_imx219/zybo_z7_imx219.runs/design_1_v_demosaic_0_0_synth_1/prj/sol/.autopilot/db/DebayerG.compgen.tcl 
Execute       source C:/github/zybo_z7_cam_rpi_v2_5mp_hdmi/zybo_z7_imx219/zybo_z7_imx219.runs/design_1_v_demosaic_0_0_synth_1/prj/sol/.autopilot/db/DebayerRatBorBatR_Pipeline_VITIS_LOOP_633_2.compgen.tcl 
Execute       source C:/github/zybo_z7_cam_rpi_v2_5mp_hdmi/zybo_z7_imx219/zybo_z7_imx219.runs/design_1_v_demosaic_0_0_synth_1/prj/sol/.autopilot/db/DebayerRatBorBatR.compgen.tcl 
Execute       source C:/github/zybo_z7_cam_rpi_v2_5mp_hdmi/zybo_z7_imx219/zybo_z7_imx219.runs/design_1_v_demosaic_0_0_synth_1/prj/sol/.autopilot/db/DebayerRandBatG_Pipeline_VITIS_LOOP_881_2.compgen.tcl 
Execute       source C:/github/zybo_z7_cam_rpi_v2_5mp_hdmi/zybo_z7_imx219/zybo_z7_imx219.runs/design_1_v_demosaic_0_0_synth_1/prj/sol/.autopilot/db/DebayerRandBatG.compgen.tcl 
Execute       source C:/github/zybo_z7_cam_rpi_v2_5mp_hdmi/zybo_z7_imx219/zybo_z7_imx219.runs/design_1_v_demosaic_0_0_synth_1/prj/sol/.autopilot/db/Debayer.compgen.tcl 
Execute       source C:/github/zybo_z7_cam_rpi_v2_5mp_hdmi/zybo_z7_imx219/zybo_z7_imx219.runs/design_1_v_demosaic_0_0_synth_1/prj/sol/.autopilot/db/ZipperRemoval_Pipeline_VITIS_LOOP_1101_2.compgen.tcl 
Execute       source C:/github/zybo_z7_cam_rpi_v2_5mp_hdmi/zybo_z7_imx219/zybo_z7_imx219.runs/design_1_v_demosaic_0_0_synth_1/prj/sol/.autopilot/db/ZipperRemoval.compgen.tcl 
Execute       source C:/github/zybo_z7_cam_rpi_v2_5mp_hdmi/zybo_z7_imx219/zybo_z7_imx219.runs/design_1_v_demosaic_0_0_synth_1/prj/sol/.autopilot/db/MultiPixStream2AXIvideo_Pipeline_VITIS_LOOP_230_2.compgen.tcl 
Execute       source C:/github/zybo_z7_cam_rpi_v2_5mp_hdmi/zybo_z7_imx219/zybo_z7_imx219.runs/design_1_v_demosaic_0_0_synth_1/prj/sol/.autopilot/db/MultiPixStream2AXIvideo.compgen.tcl 
Execute       source C:/github/zybo_z7_cam_rpi_v2_5mp_hdmi/zybo_z7_imx219/zybo_z7_imx219.runs/design_1_v_demosaic_0_0_synth_1/prj/sol/.autopilot/db/v_demosaic.compgen.tcl 
Execute         source ./design_1_v_demosaic_0_0_CTRL.slave.tcl 
INFO: [HLS 200-111] Finished Generating all RTL models: CPU user time: 1 seconds. CPU system time: 0 seconds. Elapsed time: 1.531 seconds; current allocated memory: 424.418 MB.
INFO-FLOW: DBG:PROC: ::HLSREPORTS::create_csynth_xml bind_info_var='bind_info' RtlSubPrefix='design_1_v_demosaic_0_0_' outfile=''
INFO-FLOW: Running: create_csynth_xml read xml data
INFO-FLOW: Done: create_csynth_xml read xml data time: 0 seconds 
INFO-FLOW: create_csynth_xml: all_module_nodes count=18
INFO-FLOW: Running: create_csynth_xml bind info
INFO-FLOW: create_csynth_xml: all_bind_nodes count=445
INFO-FLOW: No bind nodes found for module_name entry_proc
INFO-FLOW: No bind nodes found for module_name reg_unsigned_short_s
INFO-FLOW: No bind nodes found for module_name AXIvideo2MultiBayer_Pipeline_loop_wait_for_start
INFO-FLOW: No bind nodes found for module_name AXIvideo2MultiBayer_Pipeline_loop_wait_for_eol
INFO-FLOW: Done: create_csynth_xml bind info time: 0.1 seconds 
INFO-FLOW: create_csynth_xml: bind_instances counts: modules=14 instances=445
INFO-FLOW: Running: create_csynth_xml update csynth_xml_module_hier
INFO-FLOW: Done: create_csynth_xml update csynth_xml_module_hier time: 0 seconds 
INFO-FLOW: create_csynth_xml: csynth_xml_module_hier max_depth=5
INFO-FLOW: Running: create_csynth_xml gen bind_report_dict
INFO-FLOW: Done: create_csynth_xml gen bind_report_dict time: 0 seconds 
INFO-FLOW: Running: create_csynth_xml config info
INFO-FLOW: Done: create_csynth_xml config info time: 0.9 seconds 
INFO-FLOW: Running: create_csynth_xml write xml
INFO-FLOW: Done: create_csynth_xml write xml time: 0 seconds 
INFO-FLOW: DBG:PUTS:      create_csynth_xml wrote csynth_xml=C:/github/zybo_z7_cam_rpi_v2_5mp_hdmi/zybo_z7_imx219/zybo_z7_imx219.runs/design_1_v_demosaic_0_0_synth_1/prj/sol/syn/report/csynth.xml
INFO-FLOW: Running: generate_json
INFO-FLOW: DBG:PROC: ::AP::DESIGN_DATA::generate_json generate_bd_files='0' generate_xo_files='0' modelList='design_1_v_demosaic_0_0_flow_control_loop_pipe_sequential_init
design_1_v_demosaic_0_0_flow_control_loop_pipe_sequential_init
design_1_v_demosaic_0_0_flow_control_loop_pipe_sequential_init
design_1_v_demosaic_0_0_regslice_both
design_1_v_demosaic_0_0_regslice_both
design_1_v_demosaic_0_0_regslice_both
design_1_v_demosaic_0_0_regslice_both
design_1_v_demosaic_0_0_regslice_both
design_1_v_demosaic_0_0_regslice_both
design_1_v_demosaic_0_0_regslice_both
design_1_v_demosaic_0_0_mul_18s_9ns_18_1_1
design_1_v_demosaic_0_0_mul_18s_8ns_18_1_1
design_1_v_demosaic_0_0_mul_14s_10ns_24_1_1
design_1_v_demosaic_0_0_mac_muladd_14s_10ns_24s_25_4_1
design_1_v_demosaic_0_0_DebayerG_Pipeline_VITIS_LOOP_318_4_DIV1_TABLE_ROM_AUTO_1R
design_1_v_demosaic_0_0_DebayerG_Pipeline_VITIS_LOOP_318_4_DIV2_TABLE_ROM_AUTO_1R
design_1_v_demosaic_0_0_DebayerG_Pipeline_VITIS_LOOP_318_4_linebuf_yuv_3_RAM_AUTO_1R1W
design_1_v_demosaic_0_0_flow_control_loop_pipe_sequential_init
design_1_v_demosaic_0_0_DebayerRatBorBatR_Pipeline_VITIS_LOOP_633_2_lineBuffer_1_RAM_AUTO_1R1W
design_1_v_demosaic_0_0_flow_control_loop_pipe_sequential_init
design_1_v_demosaic_0_0_flow_control_loop_pipe_sequential_init
design_1_v_demosaic_0_0_fifo_w30_d2_S
design_1_v_demosaic_0_0_fifo_w11_d2_S
design_1_v_demosaic_0_0_fifo_w11_d2_S
design_1_v_demosaic_0_0_fifo_w16_d2_S
design_1_v_demosaic_0_0_fifo_w30_d2_S
design_1_v_demosaic_0_0_fifo_w11_d2_S
design_1_v_demosaic_0_0_fifo_w11_d2_S
design_1_v_demosaic_0_0_fifo_w16_d2_S
design_1_v_demosaic_0_0_start_for_DebayerRatBorBatR_U0
design_1_v_demosaic_0_0_start_for_DebayerRandBatG_U0
design_1_v_demosaic_0_0_flow_control_loop_pipe_sequential_init
design_1_v_demosaic_0_0_flow_control_loop_pipe_sequential_init
design_1_v_demosaic_0_0_regslice_both
design_1_v_demosaic_0_0_regslice_both
design_1_v_demosaic_0_0_regslice_both
design_1_v_demosaic_0_0_regslice_both
design_1_v_demosaic_0_0_regslice_both
design_1_v_demosaic_0_0_regslice_both
design_1_v_demosaic_0_0_regslice_both
design_1_v_demosaic_0_0_fifo_w16_d3_S
design_1_v_demosaic_0_0_fifo_w10_d2_S
design_1_v_demosaic_0_0_fifo_w30_d2_S_x
design_1_v_demosaic_0_0_fifo_w30_d2_S_x
design_1_v_demosaic_0_0_start_for_Debayer_U0
design_1_v_demosaic_0_0_start_for_ZipperRemoval_U0
design_1_v_demosaic_0_0_start_for_MultiPixStream2AXIvideo_U0
design_1_v_demosaic_0_0_CTRL_s_axi
entry_proc
reg_unsigned_short_s
AXIvideo2MultiBayer_Pipeline_loop_wait_for_start
AXIvideo2MultiBayer_Pipeline_loop_width
AXIvideo2MultiBayer_Pipeline_loop_wait_for_eol
AXIvideo2MultiBayer
DebayerG_Pipeline_VITIS_LOOP_318_4
DebayerG
DebayerRatBorBatR_Pipeline_VITIS_LOOP_633_2
DebayerRatBorBatR
DebayerRandBatG_Pipeline_VITIS_LOOP_881_2
DebayerRandBatG
Debayer
ZipperRemoval_Pipeline_VITIS_LOOP_1101_2
ZipperRemoval
MultiPixStream2AXIvideo_Pipeline_VITIS_LOOP_230_2
MultiPixStream2AXIvideo
v_demosaic
' rtl_lang='both' bootstrap_tcl='false' outdir='' outfilename=''
Execute       source C:/github/zybo_z7_cam_rpi_v2_5mp_hdmi/zybo_z7_imx219/zybo_z7_imx219.runs/design_1_v_demosaic_0_0_synth_1/prj/sol/.autopilot/db/global.setting.tcl 
Execute       source C:/github/zybo_z7_cam_rpi_v2_5mp_hdmi/zybo_z7_imx219/zybo_z7_imx219.runs/design_1_v_demosaic_0_0_synth_1/prj/sol/.autopilot/db/global.setting.tcl 
Execute       source C:/github/zybo_z7_cam_rpi_v2_5mp_hdmi/zybo_z7_imx219/zybo_z7_imx219.runs/design_1_v_demosaic_0_0_synth_1/prj/sol/.autopilot/db/top-io-be.tcl 
Execute       source C:/github/zybo_z7_cam_rpi_v2_5mp_hdmi/zybo_z7_imx219/zybo_z7_imx219.runs/design_1_v_demosaic_0_0_synth_1/prj/sol/.autopilot/db/v_demosaic.tbgen.tcl 
Execute       source C:/github/zybo_z7_cam_rpi_v2_5mp_hdmi/zybo_z7_imx219/zybo_z7_imx219.runs/design_1_v_demosaic_0_0_synth_1/prj/sol/.autopilot/db/v_demosaic.compgen.dataonly.tcl 
Execute       source C:/github/zybo_z7_cam_rpi_v2_5mp_hdmi/zybo_z7_imx219/zybo_z7_imx219.runs/design_1_v_demosaic_0_0_synth_1/prj/sol/.autopilot/db/v_demosaic.compgen.dataonly.tcl 
Execute       source C:/github/zybo_z7_cam_rpi_v2_5mp_hdmi/zybo_z7_imx219/zybo_z7_imx219.runs/design_1_v_demosaic_0_0_synth_1/prj/sol/.autopilot/db/v_demosaic.rtl_wrap.cfg.tcl 
Execute       source C:/github/zybo_z7_cam_rpi_v2_5mp_hdmi/zybo_z7_imx219/zybo_z7_imx219.runs/design_1_v_demosaic_0_0_synth_1/prj/sol/.autopilot/db/v_demosaic.compgen.dataonly.tcl 
Execute       source C:/github/zybo_z7_cam_rpi_v2_5mp_hdmi/zybo_z7_imx219/zybo_z7_imx219.runs/design_1_v_demosaic_0_0_synth_1/prj/sol/.autopilot/db/entry_proc.tbgen.tcl 
Execute       source C:/github/zybo_z7_cam_rpi_v2_5mp_hdmi/zybo_z7_imx219/zybo_z7_imx219.runs/design_1_v_demosaic_0_0_synth_1/prj/sol/.autopilot/db/reg_unsigned_short_s.tbgen.tcl 
Execute       source C:/github/zybo_z7_cam_rpi_v2_5mp_hdmi/zybo_z7_imx219/zybo_z7_imx219.runs/design_1_v_demosaic_0_0_synth_1/prj/sol/.autopilot/db/AXIvideo2MultiBayer_Pipeline_loop_wait_for_start.tbgen.tcl 
Execute       source C:/github/zybo_z7_cam_rpi_v2_5mp_hdmi/zybo_z7_imx219/zybo_z7_imx219.runs/design_1_v_demosaic_0_0_synth_1/prj/sol/.autopilot/db/AXIvideo2MultiBayer_Pipeline_loop_width.tbgen.tcl 
Execute       source C:/github/zybo_z7_cam_rpi_v2_5mp_hdmi/zybo_z7_imx219/zybo_z7_imx219.runs/design_1_v_demosaic_0_0_synth_1/prj/sol/.autopilot/db/AXIvideo2MultiBayer_Pipeline_loop_wait_for_eol.tbgen.tcl 
Execute       source C:/github/zybo_z7_cam_rpi_v2_5mp_hdmi/zybo_z7_imx219/zybo_z7_imx219.runs/design_1_v_demosaic_0_0_synth_1/prj/sol/.autopilot/db/AXIvideo2MultiBayer.tbgen.tcl 
Execute       source C:/github/zybo_z7_cam_rpi_v2_5mp_hdmi/zybo_z7_imx219/zybo_z7_imx219.runs/design_1_v_demosaic_0_0_synth_1/prj/sol/.autopilot/db/DebayerG_Pipeline_VITIS_LOOP_318_4.tbgen.tcl 
Execute       source C:/github/zybo_z7_cam_rpi_v2_5mp_hdmi/zybo_z7_imx219/zybo_z7_imx219.runs/design_1_v_demosaic_0_0_synth_1/prj/sol/.autopilot/db/DebayerG.tbgen.tcl 
Execute       source C:/github/zybo_z7_cam_rpi_v2_5mp_hdmi/zybo_z7_imx219/zybo_z7_imx219.runs/design_1_v_demosaic_0_0_synth_1/prj/sol/.autopilot/db/DebayerRatBorBatR_Pipeline_VITIS_LOOP_633_2.tbgen.tcl 
Execute       source C:/github/zybo_z7_cam_rpi_v2_5mp_hdmi/zybo_z7_imx219/zybo_z7_imx219.runs/design_1_v_demosaic_0_0_synth_1/prj/sol/.autopilot/db/DebayerRatBorBatR.tbgen.tcl 
Execute       source C:/github/zybo_z7_cam_rpi_v2_5mp_hdmi/zybo_z7_imx219/zybo_z7_imx219.runs/design_1_v_demosaic_0_0_synth_1/prj/sol/.autopilot/db/DebayerRandBatG_Pipeline_VITIS_LOOP_881_2.tbgen.tcl 
Execute       source C:/github/zybo_z7_cam_rpi_v2_5mp_hdmi/zybo_z7_imx219/zybo_z7_imx219.runs/design_1_v_demosaic_0_0_synth_1/prj/sol/.autopilot/db/DebayerRandBatG.tbgen.tcl 
Execute       source C:/github/zybo_z7_cam_rpi_v2_5mp_hdmi/zybo_z7_imx219/zybo_z7_imx219.runs/design_1_v_demosaic_0_0_synth_1/prj/sol/.autopilot/db/Debayer.tbgen.tcl 
Execute       source C:/github/zybo_z7_cam_rpi_v2_5mp_hdmi/zybo_z7_imx219/zybo_z7_imx219.runs/design_1_v_demosaic_0_0_synth_1/prj/sol/.autopilot/db/ZipperRemoval_Pipeline_VITIS_LOOP_1101_2.tbgen.tcl 
Execute       source C:/github/zybo_z7_cam_rpi_v2_5mp_hdmi/zybo_z7_imx219/zybo_z7_imx219.runs/design_1_v_demosaic_0_0_synth_1/prj/sol/.autopilot/db/ZipperRemoval.tbgen.tcl 
Execute       source C:/github/zybo_z7_cam_rpi_v2_5mp_hdmi/zybo_z7_imx219/zybo_z7_imx219.runs/design_1_v_demosaic_0_0_synth_1/prj/sol/.autopilot/db/MultiPixStream2AXIvideo_Pipeline_VITIS_LOOP_230_2.tbgen.tcl 
Execute       source C:/github/zybo_z7_cam_rpi_v2_5mp_hdmi/zybo_z7_imx219/zybo_z7_imx219.runs/design_1_v_demosaic_0_0_synth_1/prj/sol/.autopilot/db/MultiPixStream2AXIvideo.tbgen.tcl 
Execute       source C:/github/zybo_z7_cam_rpi_v2_5mp_hdmi/zybo_z7_imx219/zybo_z7_imx219.runs/design_1_v_demosaic_0_0_synth_1/prj/sol/.autopilot/db/v_demosaic.tbgen.tcl 
Execute       source C:/github/zybo_z7_cam_rpi_v2_5mp_hdmi/zybo_z7_imx219/zybo_z7_imx219.runs/design_1_v_demosaic_0_0_synth_1/prj/sol/.autopilot/db/global.setting.tcl 
Execute       ap_part_info -name xc7z020-clg400-1 -data names -quiet 
Execute       ap_part_info -name xc7z020-clg400-1 -data info -quiet 
Execute       source C:/github/zybo_z7_cam_rpi_v2_5mp_hdmi/zybo_z7_imx219/zybo_z7_imx219.runs/design_1_v_demosaic_0_0_synth_1/prj/sol/.autopilot/db/v_demosaic.constraint.tcl 
Execute       sc_get_clocks v_demosaic 
Execute       source C:/github/zybo_z7_cam_rpi_v2_5mp_hdmi/zybo_z7_imx219/zybo_z7_imx219.runs/design_1_v_demosaic_0_0_synth_1/prj/sol/.autopilot/db/global.setting.tcl 
Execute       source C:/AMDDesignTools/2025.2/Vitis/tps/tcl/tcllib2.0/fileutil/fileutil.tcl 
INFO-FLOW: Done: generate_json time: 1.2 seconds 
INFO-FLOW: Running: add_csynth_report_sections
INFO-FLOW: DBG:PROC: ::HLSREPORTS::add_csynth_report_sections bind_info_dict='adapter_nodes {{BINDTYPE adapter ID {} IMPL {} LATENCY {} OPTYPE {} PRAGMA {} RTLNAME CTRL_s_axi_U SOURCE {} VARIABLE {} LOOP {} BUNDLEDNAME CTRL DSP 0 BRAM 0 URAM 0 STORAGESUBTYPE s_axilite STORAGESIZE {} STORAGEUSAGE interface DISPNAME {bind_adapter }}} cache_nodes {} report_dict {TOPINST v_demosaic MODULE2INSTS {v_demosaic v_demosaic entry_proc entry_proc_U0 AXIvideo2MultiBayer AXIvideo2MultiBayer_U0 AXIvideo2MultiBayer_Pipeline_loop_wait_for_start grp_AXIvideo2MultiBayer_Pipeline_loop_wait_for_start_fu_128 reg_unsigned_short_s {grp_reg_unsigned_short_s_fu_212 grp_reg_unsigned_short_s_fu_218} AXIvideo2MultiBayer_Pipeline_loop_width grp_AXIvideo2MultiBayer_Pipeline_loop_width_fu_148 AXIvideo2MultiBayer_Pipeline_loop_wait_for_eol grp_AXIvideo2MultiBayer_Pipeline_loop_wait_for_eol_fu_176 Debayer Debayer_U0 DebayerG DebayerG_U0 DebayerG_Pipeline_VITIS_LOOP_318_4 grp_DebayerG_Pipeline_VITIS_LOOP_318_4_fu_200 DebayerRatBorBatR DebayerRatBorBatR_U0 DebayerRatBorBatR_Pipeline_VITIS_LOOP_633_2 grp_DebayerRatBorBatR_Pipeline_VITIS_LOOP_633_2_fu_176 DebayerRandBatG DebayerRandBatG_U0 DebayerRandBatG_Pipeline_VITIS_LOOP_881_2 grp_DebayerRandBatG_Pipeline_VITIS_LOOP_881_2_fu_130 ZipperRemoval ZipperRemoval_U0 ZipperRemoval_Pipeline_VITIS_LOOP_1101_2 grp_ZipperRemoval_Pipeline_VITIS_LOOP_1101_2_fu_94 MultiPixStream2AXIvideo MultiPixStream2AXIvideo_U0 MultiPixStream2AXIvideo_Pipeline_VITIS_LOOP_230_2 grp_MultiPixStream2AXIvideo_Pipeline_VITIS_LOOP_230_2_fu_90} INST2MODULE {v_demosaic v_demosaic entry_proc_U0 entry_proc AXIvideo2MultiBayer_U0 AXIvideo2MultiBayer grp_AXIvideo2MultiBayer_Pipeline_loop_wait_for_start_fu_128 AXIvideo2MultiBayer_Pipeline_loop_wait_for_start grp_reg_unsigned_short_s_fu_212 reg_unsigned_short_s grp_reg_unsigned_short_s_fu_218 reg_unsigned_short_s grp_AXIvideo2MultiBayer_Pipeline_loop_width_fu_148 AXIvideo2MultiBayer_Pipeline_loop_width grp_AXIvideo2MultiBayer_Pipeline_loop_wait_for_eol_fu_176 AXIvideo2MultiBayer_Pipeline_loop_wait_for_eol Debayer_U0 Debayer DebayerG_U0 DebayerG grp_DebayerG_Pipeline_VITIS_LOOP_318_4_fu_200 DebayerG_Pipeline_VITIS_LOOP_318_4 DebayerRatBorBatR_U0 DebayerRatBorBatR grp_DebayerRatBorBatR_Pipeline_VITIS_LOOP_633_2_fu_176 DebayerRatBorBatR_Pipeline_VITIS_LOOP_633_2 DebayerRandBatG_U0 DebayerRandBatG grp_DebayerRandBatG_Pipeline_VITIS_LOOP_881_2_fu_130 DebayerRandBatG_Pipeline_VITIS_LOOP_881_2 ZipperRemoval_U0 ZipperRemoval grp_ZipperRemoval_Pipeline_VITIS_LOOP_1101_2_fu_94 ZipperRemoval_Pipeline_VITIS_LOOP_1101_2 MultiPixStream2AXIvideo_U0 MultiPixStream2AXIvideo grp_MultiPixStream2AXIvideo_Pipeline_VITIS_LOOP_230_2_fu_90 MultiPixStream2AXIvideo_Pipeline_VITIS_LOOP_230_2} INSTDATA {v_demosaic {DEPTH 1 CHILDREN {entry_proc_U0 AXIvideo2MultiBayer_U0 Debayer_U0 ZipperRemoval_U0 MultiPixStream2AXIvideo_U0}} entry_proc_U0 {DEPTH 2 CHILDREN {}} AXIvideo2MultiBayer_U0 {DEPTH 2 CHILDREN {grp_AXIvideo2MultiBayer_Pipeline_loop_wait_for_start_fu_128 grp_reg_unsigned_short_s_fu_212 grp_reg_unsigned_short_s_fu_218 grp_AXIvideo2MultiBayer_Pipeline_loop_width_fu_148 grp_AXIvideo2MultiBayer_Pipeline_loop_wait_for_eol_fu_176}} grp_AXIvideo2MultiBayer_Pipeline_loop_wait_for_start_fu_128 {DEPTH 3 CHILDREN {}} grp_reg_unsigned_short_s_fu_212 {DEPTH 3 CHILDREN {}} grp_reg_unsigned_short_s_fu_218 {DEPTH 3 CHILDREN {}} grp_AXIvideo2MultiBayer_Pipeline_loop_width_fu_148 {DEPTH 3 CHILDREN {}} grp_AXIvideo2MultiBayer_Pipeline_loop_wait_for_eol_fu_176 {DEPTH 3 CHILDREN {}} Debayer_U0 {DEPTH 2 CHILDREN {DebayerG_U0 DebayerRatBorBatR_U0 DebayerRandBatG_U0}} DebayerG_U0 {DEPTH 3 CHILDREN grp_DebayerG_Pipeline_VITIS_LOOP_318_4_fu_200} grp_DebayerG_Pipeline_VITIS_LOOP_318_4_fu_200 {DEPTH 4 CHILDREN {}} DebayerRatBorBatR_U0 {DEPTH 3 CHILDREN grp_DebayerRatBorBatR_Pipeline_VITIS_LOOP_633_2_fu_176} grp_DebayerRatBorBatR_Pipeline_VITIS_LOOP_633_2_fu_176 {DEPTH 4 CHILDREN {}} DebayerRandBatG_U0 {DEPTH 3 CHILDREN grp_DebayerRandBatG_Pipeline_VITIS_LOOP_881_2_fu_130} grp_DebayerRandBatG_Pipeline_VITIS_LOOP_881_2_fu_130 {DEPTH 4 CHILDREN {}} ZipperRemoval_U0 {DEPTH 2 CHILDREN grp_ZipperRemoval_Pipeline_VITIS_LOOP_1101_2_fu_94} grp_ZipperRemoval_Pipeline_VITIS_LOOP_1101_2_fu_94 {DEPTH 3 CHILDREN {}} MultiPixStream2AXIvideo_U0 {DEPTH 2 CHILDREN grp_MultiPixStream2AXIvideo_Pipeline_VITIS_LOOP_230_2_fu_90} grp_MultiPixStream2AXIvideo_Pipeline_VITIS_LOOP_230_2_fu_90 {DEPTH 3 CHILDREN {}}} MODULEDATA {AXIvideo2MultiBayer_Pipeline_loop_width {BINDINFO {{BINDTYPE op ID {} IMPL auto LATENCY 0 OPTYPE seteq PRAGMA {} RTLNAME icmp_ln166_fu_195_p2 SOURCE C:/github/zybo_z7_cam_rpi_v2_5mp_hdmi/zybo_z7_imx219/zybo_z7_imx219.runs/design_1_v_demosaic_0_0_synth_1/prj/sol/.autopilot/db/v_demosaic.cpp:166 VARIABLE icmp_ln166 LOOP loop_width BUNDLEDNAME {} DSP 0 BRAM 0 URAM 0 STORAGESUBTYPE {} DISPNAME {bind_op seteq} VISIBLE false} {BINDTYPE op ID {} IMPL fabric LATENCY 0 OPTYPE add PRAGMA {} RTLNAME j_4_fu_201_p2 SOURCE C:/github/zybo_z7_cam_rpi_v2_5mp_hdmi/zybo_z7_imx219/zybo_z7_imx219.runs/design_1_v_demosaic_0_0_synth_1/prj/sol/.autopilot/db/v_demosaic.cpp:166 VARIABLE j_4 LOOP loop_width BUNDLEDNAME {} DSP 0 BRAM 0 URAM 0 STORAGESUBTYPE {} DISPNAME {bind_op add} VISIBLE true} {BINDTYPE op ID {} IMPL auto LATENCY 0 OPTYPE or PRAGMA {} RTLNAME or_ln170_fu_212_p2 SOURCE C:/github/zybo_z7_cam_rpi_v2_5mp_hdmi/zybo_z7_imx219/zybo_z7_imx219.runs/design_1_v_demosaic_0_0_synth_1/prj/sol/.autopilot/db/v_demosaic.cpp:170 VARIABLE or_ln170 LOOP loop_width BUNDLEDNAME {} DSP 0 BRAM 0 URAM 0 STORAGESUBTYPE {} DISPNAME {bind_op or} VISIBLE false}} AREA {DSP 0 BRAM 0 URAM 0}} AXIvideo2MultiBayer {BINDINFO {{BINDTYPE op ID {} IMPL auto LATENCY 0 OPTYPE setne PRAGMA {} RTLNAME icmp_ln166_fu_265_p2 SOURCE C:/github/zybo_z7_cam_rpi_v2_5mp_hdmi/zybo_z7_imx219/zybo_z7_imx219.runs/design_1_v_demosaic_0_0_synth_1/prj/sol/.autopilot/db/v_demosaic.cpp:166 VARIABLE icmp_ln166 LOOP {} BUNDLEDNAME {} DSP 0 BRAM 0 URAM 0 STORAGESUBTYPE {} DISPNAME {bind_op setne} VISIBLE false} {BINDTYPE op ID {} IMPL auto LATENCY 0 OPTYPE xor PRAGMA {} RTLNAME xor_ln188_fu_271_p2 SOURCE C:/github/zybo_z7_cam_rpi_v2_5mp_hdmi/zybo_z7_imx219/zybo_z7_imx219.runs/design_1_v_demosaic_0_0_synth_1/prj/sol/.autopilot/db/v_demosaic.cpp:188 VARIABLE xor_ln188 LOOP {} BUNDLEDNAME {} DSP 0 BRAM 0 URAM 0 STORAGESUBTYPE {} DISPNAME {bind_op xor} VISIBLE false} {BINDTYPE op ID {} IMPL auto LATENCY 0 OPTYPE seteq PRAGMA {} RTLNAME icmp_ln163_fu_280_p2 SOURCE C:/github/zybo_z7_cam_rpi_v2_5mp_hdmi/zybo_z7_imx219/zybo_z7_imx219.runs/design_1_v_demosaic_0_0_synth_1/prj/sol/.autopilot/db/v_demosaic.cpp:163 VARIABLE icmp_ln163 LOOP loop_height BUNDLEDNAME {} DSP 0 BRAM 0 URAM 0 STORAGESUBTYPE {} DISPNAME {bind_op seteq} VISIBLE false} {BINDTYPE op ID {} IMPL fabric LATENCY 0 OPTYPE add PRAGMA {} RTLNAME i_4_fu_285_p2 SOURCE C:/github/zybo_z7_cam_rpi_v2_5mp_hdmi/zybo_z7_imx219/zybo_z7_imx219.runs/design_1_v_demosaic_0_0_synth_1/prj/sol/.autopilot/db/v_demosaic.cpp:163 VARIABLE i_4 LOOP loop_height BUNDLEDNAME {} DSP 0 BRAM 0 URAM 0 STORAGESUBTYPE {} DISPNAME {bind_op add} VISIBLE true} {BINDTYPE op ID {} IMPL auto LATENCY 0 OPTYPE and PRAGMA {} RTLNAME and_ln188_fu_351_p2 SOURCE C:/github/zybo_z7_cam_rpi_v2_5mp_hdmi/zybo_z7_imx219/zybo_z7_imx219.runs/design_1_v_demosaic_0_0_synth_1/prj/sol/.autopilot/db/v_demosaic.cpp:188 VARIABLE and_ln188 LOOP loop_height BUNDLEDNAME {} DSP 0 BRAM 0 URAM 0 STORAGESUBTYPE {} DISPNAME {bind_op and} VISIBLE false} {BINDTYPE op ID {} IMPL auto LATENCY 0 OPTYPE and PRAGMA {} RTLNAME and_ln188_1_fu_295_p2 SOURCE C:/github/zybo_z7_cam_rpi_v2_5mp_hdmi/zybo_z7_imx219/zybo_z7_imx219.runs/design_1_v_demosaic_0_0_synth_1/prj/sol/.autopilot/db/v_demosaic.cpp:188 VARIABLE and_ln188_1 LOOP loop_height BUNDLEDNAME {} DSP 0 BRAM 0 URAM 0 STORAGESUBTYPE {} DISPNAME {bind_op and} VISIBLE false}} AREA {DSP 0 BRAM 0 URAM 0}} DebayerG_Pipeline_VITIS_LOOP_318_4 {BINDINFO {{BINDTYPE storage ID {} IMPL auto LATENCY 1 OPTYPE ram_s2p PRAGMA {} RTLNAME linebuf_yuv_3_U SOURCE C:/github/zybo_z7_cam_rpi_v2_5mp_hdmi/zybo_z7_imx219/zybo_z7_imx219.runs/design_1_v_demosaic_0_0_synth_1/prj/sol/.autopilot/db/v_demosaic.cpp:283 VARIABLE linebuf_yuv_3 LOOP {} BUNDLEDNAME {} DSP 0 BRAM 2 URAM 0 STORAGESUBTYPE {} STORAGESIZE {10 1921 1} STORAGEUSAGE {ram_s2p array} DISPNAME {bind_storage ram_s2p} VISIBLE true} {BINDTYPE storage ID {} IMPL auto LATENCY 1 OPTYPE ram_s2p PRAGMA {} RTLNAME linebuf_yuv_2_U SOURCE C:/github/zybo_z7_cam_rpi_v2_5mp_hdmi/zybo_z7_imx219/zybo_z7_imx219.runs/design_1_v_demosaic_0_0_synth_1/prj/sol/.autopilot/db/v_demosaic.cpp:283 VARIABLE linebuf_yuv_2 LOOP {} BUNDLEDNAME {} DSP 0 BRAM 2 URAM 0 STORAGESUBTYPE {} STORAGESIZE {10 1921 1} STORAGEUSAGE {ram_s2p array} DISPNAME {bind_storage ram_s2p} VISIBLE true} {BINDTYPE storage ID {} IMPL auto LATENCY 1 OPTYPE ram_s2p PRAGMA {} RTLNAME linebuf_yuv_1_U SOURCE C:/github/zybo_z7_cam_rpi_v2_5mp_hdmi/zybo_z7_imx219/zybo_z7_imx219.runs/design_1_v_demosaic_0_0_synth_1/prj/sol/.autopilot/db/v_demosaic.cpp:283 VARIABLE linebuf_yuv_1 LOOP {} BUNDLEDNAME {} DSP 0 BRAM 2 URAM 0 STORAGESUBTYPE {} STORAGESIZE {10 1921 1} STORAGEUSAGE {ram_s2p array} DISPNAME {bind_storage ram_s2p} VISIBLE true} {BINDTYPE storage ID {} IMPL auto LATENCY 1 OPTYPE ram_s2p PRAGMA {} RTLNAME linebuf_yuv_U SOURCE C:/github/zybo_z7_cam_rpi_v2_5mp_hdmi/zybo_z7_imx219/zybo_z7_imx219.runs/design_1_v_demosaic_0_0_synth_1/prj/sol/.autopilot/db/v_demosaic.cpp:283 VARIABLE linebuf_yuv LOOP {} BUNDLEDNAME {} DSP 0 BRAM 2 URAM 0 STORAGESUBTYPE {} STORAGESIZE {10 1921 1} STORAGEUSAGE {ram_s2p array} DISPNAME {bind_storage ram_s2p} VISIBLE true} {BINDTYPE op ID {} IMPL auto LATENCY 0 OPTYPE setlt PRAGMA {} RTLNAME icmp_ln346_fu_849_p2 SOURCE C:/github/zybo_z7_cam_rpi_v2_5mp_hdmi/zybo_z7_imx219/zybo_z7_imx219.runs/design_1_v_demosaic_0_0_synth_1/prj/sol/.autopilot/db/v_demosaic.cpp:346 VARIABLE icmp_ln346 LOOP {} BUNDLEDNAME {} DSP 0 BRAM 0 URAM 0 STORAGESUBTYPE {} DISPNAME {bind_op setlt} VISIBLE false} {BINDTYPE op ID {} IMPL auto LATENCY 0 OPTYPE setne PRAGMA {} RTLNAME icmp_ln403_fu_855_p2 SOURCE C:/github/zybo_z7_cam_rpi_v2_5mp_hdmi/zybo_z7_imx219/zybo_z7_imx219.runs/design_1_v_demosaic_0_0_synth_1/prj/sol/.autopilot/db/v_demosaic.cpp:403 VARIABLE icmp_ln403 LOOP {} BUNDLEDNAME {} DSP 0 BRAM 0 URAM 0 STORAGESUBTYPE {} DISPNAME {bind_op setne} VISIBLE false} {BINDTYPE op ID {} IMPL auto LATENCY 0 OPTYPE seteq PRAGMA {} RTLNAME icmp_ln506_fu_869_p2 SOURCE C:/github/zybo_z7_cam_rpi_v2_5mp_hdmi/zybo_z7_imx219/zybo_z7_imx219.runs/design_1_v_demosaic_0_0_synth_1/prj/sol/.autopilot/db/v_demosaic.cpp:506 VARIABLE icmp_ln506 LOOP {} BUNDLEDNAME {} DSP 0 BRAM 0 URAM 0 STORAGESUBTYPE {} DISPNAME {bind_op seteq} VISIBLE false} {BINDTYPE op ID {} IMPL auto LATENCY 0 OPTYPE seteq PRAGMA {} RTLNAME icmp_ln318_fu_983_p2 SOURCE C:/github/zybo_z7_cam_rpi_v2_5mp_hdmi/zybo_z7_imx219/zybo_z7_imx219.runs/design_1_v_demosaic_0_0_synth_1/prj/sol/.autopilot/db/v_demosaic.cpp:318 VARIABLE icmp_ln318 LOOP VITIS_LOOP_318_4 BUNDLEDNAME {} DSP 0 BRAM 0 URAM 0 STORAGESUBTYPE {} DISPNAME {bind_op seteq} VISIBLE false} {BINDTYPE op ID {} IMPL fabric LATENCY 0 OPTYPE add PRAGMA {} RTLNAME x_11_fu_989_p2 SOURCE C:/github/zybo_z7_cam_rpi_v2_5mp_hdmi/zybo_z7_imx219/zybo_z7_imx219.runs/design_1_v_demosaic_0_0_synth_1/prj/sol/.autopilot/db/v_demosaic.cpp:323 VARIABLE x_11 LOOP VITIS_LOOP_318_4 BUNDLEDNAME {} DSP 0 BRAM 0 URAM 0 STORAGESUBTYPE {} DISPNAME {bind_op add} VISIBLE true} {BINDTYPE op ID {} IMPL fabric LATENCY 0 OPTYPE add PRAGMA {} RTLNAME out_x_fu_1003_p2 SOURCE C:/github/zybo_z7_cam_rpi_v2_5mp_hdmi/zybo_z7_imx219/zybo_z7_imx219.runs/design_1_v_demosaic_0_0_synth_1/prj/sol/.autopilot/db/v_demosaic.cpp:326 VARIABLE out_x LOOP VITIS_LOOP_318_4 BUNDLEDNAME {} DSP 0 BRAM 0 URAM 0 STORAGESUBTYPE {} DISPNAME {bind_op add} VISIBLE true} {BINDTYPE op ID {} IMPL auto LATENCY 0 OPTYPE setlt PRAGMA {} RTLNAME icmp_ln328_fu_1013_p2 SOURCE C:/github/zybo_z7_cam_rpi_v2_5mp_hdmi/zybo_z7_imx219/zybo_z7_imx219.runs/design_1_v_demosaic_0_0_synth_1/prj/sol/.autopilot/db/v_demosaic.cpp:328 VARIABLE icmp_ln328 LOOP VITIS_LOOP_318_4 BUNDLEDNAME {} DSP 0 BRAM 0 URAM 0 STORAGESUBTYPE {} DISPNAME {bind_op setlt} VISIBLE false} {BINDTYPE op ID {} IMPL auto LATENCY 0 OPTYPE seteq PRAGMA {} RTLNAME icmp_ln387_fu_1019_p2 SOURCE C:/github/zybo_z7_cam_rpi_v2_5mp_hdmi/zybo_z7_imx219/zybo_z7_imx219.runs/design_1_v_demosaic_0_0_synth_1/prj/sol/.autopilot/db/v_demosaic.cpp:387 VARIABLE icmp_ln387 LOOP VITIS_LOOP_318_4 BUNDLEDNAME {} DSP 0 BRAM 0 URAM 0 STORAGESUBTYPE {} DISPNAME {bind_op seteq} VISIBLE false} {BINDTYPE op ID {} IMPL auto_sel LATENCY 0 OPTYPE select PRAGMA {} RTLNAME select_ln387_fu_1160_p3 SOURCE C:/github/zybo_z7_cam_rpi_v2_5mp_hdmi/zybo_z7_imx219/zybo_z7_imx219.runs/design_1_v_demosaic_0_0_synth_1/prj/sol/.autopilot/db/v_demosaic.cpp:387 VARIABLE select_ln387 LOOP VITIS_LOOP_318_4 BUNDLEDNAME {} DSP 0 BRAM 0 URAM 0 STORAGESUBTYPE {} DISPNAME {bind_op select} VISIBLE false} {BINDTYPE op ID {} IMPL auto_sel LATENCY 0 OPTYPE select PRAGMA {} RTLNAME select_ln387_1_fu_1166_p3 SOURCE C:/github/zybo_z7_cam_rpi_v2_5mp_hdmi/zybo_z7_imx219/zybo_z7_imx219.runs/design_1_v_demosaic_0_0_synth_1/prj/sol/.autopilot/db/v_demosaic.cpp:387 VARIABLE select_ln387_1 LOOP VITIS_LOOP_318_4 BUNDLEDNAME {} DSP 0 BRAM 0 URAM 0 STORAGESUBTYPE {} DISPNAME {bind_op select} VISIBLE false} {BINDTYPE op ID {} IMPL auto_sel LATENCY 0 OPTYPE select PRAGMA {} RTLNAME select_ln387_2_fu_1173_p3 SOURCE C:/github/zybo_z7_cam_rpi_v2_5mp_hdmi/zybo_z7_imx219/zybo_z7_imx219.runs/design_1_v_demosaic_0_0_synth_1/prj/sol/.autopilot/db/v_demosaic.cpp:387 VARIABLE select_ln387_2 LOOP VITIS_LOOP_318_4 BUNDLEDNAME {} DSP 0 BRAM 0 URAM 0 STORAGESUBTYPE {} DISPNAME {bind_op select} VISIBLE false} {BINDTYPE op ID {} IMPL auto_sel LATENCY 0 OPTYPE select PRAGMA {} RTLNAME select_ln387_3_fu_1180_p3 SOURCE C:/github/zybo_z7_cam_rpi_v2_5mp_hdmi/zybo_z7_imx219/zybo_z7_imx219.runs/design_1_v_demosaic_0_0_synth_1/prj/sol/.autopilot/db/v_demosaic.cpp:387 VARIABLE select_ln387_3 LOOP VITIS_LOOP_318_4 BUNDLEDNAME {} DSP 0 BRAM 0 URAM 0 STORAGESUBTYPE {} DISPNAME {bind_op select} VISIBLE false} {BINDTYPE op ID {} IMPL auto_sel LATENCY 0 OPTYPE select PRAGMA {} RTLNAME select_ln387_4_fu_1187_p3 SOURCE C:/github/zybo_z7_cam_rpi_v2_5mp_hdmi/zybo_z7_imx219/zybo_z7_imx219.runs/design_1_v_demosaic_0_0_synth_1/prj/sol/.autopilot/db/v_demosaic.cpp:387 VARIABLE select_ln387_4 LOOP VITIS_LOOP_318_4 BUNDLEDNAME {} DSP 0 BRAM 0 URAM 0 STORAGESUBTYPE {} DISPNAME {bind_op select} VISIBLE false} {BINDTYPE op ID {} IMPL auto_sel LATENCY 0 OPTYPE select PRAGMA {} RTLNAME select_ln387_5_fu_1193_p3 SOURCE C:/github/zybo_z7_cam_rpi_v2_5mp_hdmi/zybo_z7_imx219/zybo_z7_imx219.runs/design_1_v_demosaic_0_0_synth_1/prj/sol/.autopilot/db/v_demosaic.cpp:387 VARIABLE select_ln387_5 LOOP VITIS_LOOP_318_4 BUNDLEDNAME {} DSP 0 BRAM 0 URAM 0 STORAGESUBTYPE {} DISPNAME {bind_op select} VISIBLE false} {BINDTYPE op ID {} IMPL auto_sel LATENCY 0 OPTYPE select PRAGMA {} RTLNAME select_ln387_6_fu_1200_p3 SOURCE C:/github/zybo_z7_cam_rpi_v2_5mp_hdmi/zybo_z7_imx219/zybo_z7_imx219.runs/design_1_v_demosaic_0_0_synth_1/prj/sol/.autopilot/db/v_demosaic.cpp:387 VARIABLE select_ln387_6 LOOP VITIS_LOOP_318_4 BUNDLEDNAME {} DSP 0 BRAM 0 URAM 0 STORAGESUBTYPE {} DISPNAME {bind_op select} VISIBLE false} {BINDTYPE op ID {} IMPL auto_sel LATENCY 0 OPTYPE select PRAGMA {} RTLNAME select_ln387_7_fu_1207_p3 SOURCE C:/github/zybo_z7_cam_rpi_v2_5mp_hdmi/zybo_z7_imx219/zybo_z7_imx219.runs/design_1_v_demosaic_0_0_synth_1/prj/sol/.autopilot/db/v_demosaic.cpp:387 VARIABLE select_ln387_7 LOOP VITIS_LOOP_318_4 BUNDLEDNAME {} DSP 0 BRAM 0 URAM 0 STORAGESUBTYPE {} DISPNAME {bind_op select} VISIBLE false} {BINDTYPE op ID {} IMPL auto_sel LATENCY 0 OPTYPE select PRAGMA {} RTLNAME select_ln387_8_fu_1214_p3 SOURCE C:/github/zybo_z7_cam_rpi_v2_5mp_hdmi/zybo_z7_imx219/zybo_z7_imx219.runs/design_1_v_demosaic_0_0_synth_1/prj/sol/.autopilot/db/v_demosaic.cpp:387 VARIABLE select_ln387_8 LOOP VITIS_LOOP_318_4 BUNDLEDNAME {} DSP 0 BRAM 0 URAM 0 STORAGESUBTYPE {} DISPNAME {bind_op select} VISIBLE false} {BINDTYPE op ID {} IMPL auto_sel LATENCY 0 OPTYPE select PRAGMA {} RTLNAME select_ln387_9_fu_1220_p3 SOURCE C:/github/zybo_z7_cam_rpi_v2_5mp_hdmi/zybo_z7_imx219/zybo_z7_imx219.runs/design_1_v_demosaic_0_0_synth_1/prj/sol/.autopilot/db/v_demosaic.cpp:387 VARIABLE select_ln387_9 LOOP VITIS_LOOP_318_4 BUNDLEDNAME {} DSP 0 BRAM 0 URAM 0 STORAGESUBTYPE {} DISPNAME {bind_op select} VISIBLE false} {BINDTYPE op ID {} IMPL auto_sel LATENCY 0 OPTYPE select PRAGMA {} RTLNAME select_ln387_10_fu_1227_p3 SOURCE C:/github/zybo_z7_cam_rpi_v2_5mp_hdmi/zybo_z7_imx219/zybo_z7_imx219.runs/design_1_v_demosaic_0_0_synth_1/prj/sol/.autopilot/db/v_demosaic.cpp:387 VARIABLE select_ln387_10 LOOP VITIS_LOOP_318_4 BUNDLEDNAME {} DSP 0 BRAM 0 URAM 0 STORAGESUBTYPE {} DISPNAME {bind_op select} VISIBLE false} {BINDTYPE op ID {} IMPL auto_sel LATENCY 0 OPTYPE select PRAGMA {} RTLNAME select_ln387_11_fu_1234_p3 SOURCE C:/github/zybo_z7_cam_rpi_v2_5mp_hdmi/zybo_z7_imx219/zybo_z7_imx219.runs/design_1_v_demosaic_0_0_synth_1/prj/sol/.autopilot/db/v_demosaic.cpp:387 VARIABLE select_ln387_11 LOOP VITIS_LOOP_318_4 BUNDLEDNAME {} DSP 0 BRAM 0 URAM 0 STORAGESUBTYPE {} DISPNAME {bind_op select} VISIBLE false} {BINDTYPE op ID {} IMPL auto_sel LATENCY 0 OPTYPE select PRAGMA {} RTLNAME select_ln387_12_fu_1241_p3 SOURCE C:/github/zybo_z7_cam_rpi_v2_5mp_hdmi/zybo_z7_imx219/zybo_z7_imx219.runs/design_1_v_demosaic_0_0_synth_1/prj/sol/.autopilot/db/v_demosaic.cpp:387 VARIABLE select_ln387_12 LOOP VITIS_LOOP_318_4 BUNDLEDNAME {} DSP 0 BRAM 0 URAM 0 STORAGESUBTYPE {} DISPNAME {bind_op select} VISIBLE false} {BINDTYPE op ID {} IMPL auto_sel LATENCY 0 OPTYPE select PRAGMA {} RTLNAME select_ln387_13_fu_1247_p3 SOURCE C:/github/zybo_z7_cam_rpi_v2_5mp_hdmi/zybo_z7_imx219/zybo_z7_imx219.runs/design_1_v_demosaic_0_0_synth_1/prj/sol/.autopilot/db/v_demosaic.cpp:387 VARIABLE select_ln387_13 LOOP VITIS_LOOP_318_4 BUNDLEDNAME {} DSP 0 BRAM 0 URAM 0 STORAGESUBTYPE {} DISPNAME {bind_op select} VISIBLE false} {BINDTYPE op ID {} IMPL auto_sel LATENCY 0 OPTYPE select PRAGMA {} RTLNAME select_ln387_14_fu_1254_p3 SOURCE C:/github/zybo_z7_cam_rpi_v2_5mp_hdmi/zybo_z7_imx219/zybo_z7_imx219.runs/design_1_v_demosaic_0_0_synth_1/prj/sol/.autopilot/db/v_demosaic.cpp:387 VARIABLE select_ln387_14 LOOP VITIS_LOOP_318_4 BUNDLEDNAME {} DSP 0 BRAM 0 URAM 0 STORAGESUBTYPE {} DISPNAME {bind_op select} VISIBLE false} {BINDTYPE op ID {} IMPL auto_sel LATENCY 0 OPTYPE select PRAGMA {} RTLNAME select_ln387_15_fu_1261_p3 SOURCE C:/github/zybo_z7_cam_rpi_v2_5mp_hdmi/zybo_z7_imx219/zybo_z7_imx219.runs/design_1_v_demosaic_0_0_synth_1/prj/sol/.autopilot/db/v_demosaic.cpp:387 VARIABLE select_ln387_15 LOOP VITIS_LOOP_318_4 BUNDLEDNAME {} DSP 0 BRAM 0 URAM 0 STORAGESUBTYPE {} DISPNAME {bind_op select} VISIBLE false} {BINDTYPE op ID {} IMPL auto_sel LATENCY 0 OPTYPE select PRAGMA {} RTLNAME select_ln387_16_fu_1268_p3 SOURCE C:/github/zybo_z7_cam_rpi_v2_5mp_hdmi/zybo_z7_imx219/zybo_z7_imx219.runs/design_1_v_demosaic_0_0_synth_1/prj/sol/.autopilot/db/v_demosaic.cpp:387 VARIABLE select_ln387_16 LOOP VITIS_LOOP_318_4 BUNDLEDNAME {} DSP 0 BRAM 0 URAM 0 STORAGESUBTYPE {} DISPNAME {bind_op select} VISIBLE false} {BINDTYPE op ID {} IMPL auto_sel LATENCY 0 OPTYPE select PRAGMA {} RTLNAME select_ln387_17_fu_1275_p3 SOURCE C:/github/zybo_z7_cam_rpi_v2_5mp_hdmi/zybo_z7_imx219/zybo_z7_imx219.runs/design_1_v_demosaic_0_0_synth_1/prj/sol/.autopilot/db/v_demosaic.cpp:387 VARIABLE select_ln387_17 LOOP VITIS_LOOP_318_4 BUNDLEDNAME {} DSP 0 BRAM 0 URAM 0 STORAGESUBTYPE {} DISPNAME {bind_op select} VISIBLE false} {BINDTYPE op ID {} IMPL auto_sel LATENCY 0 OPTYPE select PRAGMA {} RTLNAME select_ln387_18_fu_1283_p3 SOURCE C:/github/zybo_z7_cam_rpi_v2_5mp_hdmi/zybo_z7_imx219/zybo_z7_imx219.runs/design_1_v_demosaic_0_0_synth_1/prj/sol/.autopilot/db/v_demosaic.cpp:387 VARIABLE select_ln387_18 LOOP VITIS_LOOP_318_4 BUNDLEDNAME {} DSP 0 BRAM 0 URAM 0 STORAGESUBTYPE {} DISPNAME {bind_op select} VISIBLE false} {BINDTYPE op ID {} IMPL auto_sel LATENCY 0 OPTYPE select PRAGMA {} RTLNAME select_ln387_19_fu_1291_p3 SOURCE C:/github/zybo_z7_cam_rpi_v2_5mp_hdmi/zybo_z7_imx219/zybo_z7_imx219.runs/design_1_v_demosaic_0_0_synth_1/prj/sol/.autopilot/db/v_demosaic.cpp:387 VARIABLE select_ln387_19 LOOP VITIS_LOOP_318_4 BUNDLEDNAME {} DSP 0 BRAM 0 URAM 0 STORAGESUBTYPE {} DISPNAME {bind_op select} VISIBLE false} {BINDTYPE op ID {} IMPL auto_sel LATENCY 0 OPTYPE select PRAGMA {} RTLNAME select_ln403_fu_1299_p3 SOURCE C:/github/zybo_z7_cam_rpi_v2_5mp_hdmi/zybo_z7_imx219/zybo_z7_imx219.runs/design_1_v_demosaic_0_0_synth_1/prj/sol/.autopilot/db/v_demosaic.cpp:403 VARIABLE select_ln403 LOOP VITIS_LOOP_318_4 BUNDLEDNAME {} DSP 0 BRAM 0 URAM 0 STORAGESUBTYPE {} DISPNAME {bind_op select} VISIBLE false} {BINDTYPE op ID {} IMPL auto_sel LATENCY 0 OPTYPE select PRAGMA {} RTLNAME select_ln403_1_fu_1306_p3 SOURCE C:/github/zybo_z7_cam_rpi_v2_5mp_hdmi/zybo_z7_imx219/zybo_z7_imx219.runs/design_1_v_demosaic_0_0_synth_1/prj/sol/.autopilot/db/v_demosaic.cpp:403 VARIABLE select_ln403_1 LOOP VITIS_LOOP_318_4 BUNDLEDNAME {} DSP 0 BRAM 0 URAM 0 STORAGESUBTYPE {} DISPNAME {bind_op select} VISIBLE false} {BINDTYPE op ID {} IMPL auto_sel LATENCY 0 OPTYPE select PRAGMA {} RTLNAME LineBufVal_8_fu_1313_p3 SOURCE C:/github/zybo_z7_cam_rpi_v2_5mp_hdmi/zybo_z7_imx219/zybo_z7_imx219.runs/design_1_v_demosaic_0_0_synth_1/prj/sol/.autopilot/db/v_demosaic.cpp:403 VARIABLE LineBufVal_8 LOOP VITIS_LOOP_318_4 BUNDLEDNAME {} DSP 0 BRAM 0 URAM 0 STORAGESUBTYPE {} DISPNAME {bind_op select} VISIBLE false} {BINDTYPE op ID {} IMPL auto LATENCY 0 OPTYPE xor PRAGMA {} RTLNAME xor_ln439_1_fu_1025_p2 SOURCE C:/github/zybo_z7_cam_rpi_v2_5mp_hdmi/zybo_z7_imx219/zybo_z7_imx219.runs/design_1_v_demosaic_0_0_synth_1/prj/sol/.autopilot/db/v_demosaic.cpp:439 VARIABLE xor_ln439_1 LOOP VITIS_LOOP_318_4 BUNDLEDNAME {} DSP 0 BRAM 0 URAM 0 STORAGESUBTYPE {} DISPNAME {bind_op xor} VISIBLE false} {BINDTYPE op ID {} IMPL auto LATENCY 0 OPTYPE seteq PRAGMA {} RTLNAME icmp_ln439_fu_1035_p2 SOURCE C:/github/zybo_z7_cam_rpi_v2_5mp_hdmi/zybo_z7_imx219/zybo_z7_imx219.runs/design_1_v_demosaic_0_0_synth_1/prj/sol/.autopilot/db/v_demosaic.cpp:439 VARIABLE icmp_ln439 LOOP VITIS_LOOP_318_4 BUNDLEDNAME {} DSP 0 BRAM 0 URAM 0 STORAGESUBTYPE {} DISPNAME {bind_op seteq} VISIBLE false} {BINDTYPE op ID {} IMPL fabric LATENCY 0 OPTYPE add PRAGMA {} RTLNAME add_ln451_fu_1395_p2 SOURCE C:/github/zybo_z7_cam_rpi_v2_5mp_hdmi/zybo_z7_imx219/zybo_z7_imx219.runs/design_1_v_demosaic_0_0_synth_1/prj/sol/.autopilot/db/v_demosaic.cpp:451 VARIABLE add_ln451 LOOP VITIS_LOOP_318_4 BUNDLEDNAME {} DSP 0 BRAM 0 URAM 0 STORAGESUBTYPE {} DISPNAME {bind_op add} VISIBLE true} {BINDTYPE op ID {} IMPL fabric LATENCY 0 OPTYPE sub PRAGMA {} RTLNAME K_1_fu_1405_p2 SOURCE C:/github/zybo_z7_cam_rpi_v2_5mp_hdmi/zybo_z7_imx219/zybo_z7_imx219.runs/design_1_v_demosaic_0_0_synth_1/prj/sol/.autopilot/db/v_demosaic.cpp:451 VARIABLE K_1 LOOP VITIS_LOOP_318_4 BUNDLEDNAME {} DSP 0 BRAM 0 URAM 0 STORAGESUBTYPE {} DISPNAME {bind_op sub} VISIBLE true} {BINDTYPE op ID {} IMPL fabric LATENCY 0 OPTYPE add PRAGMA {} RTLNAME add_ln453_fu_1455_p2 SOURCE C:/github/zybo_z7_cam_rpi_v2_5mp_hdmi/zybo_z7_imx219/zybo_z7_imx219.runs/design_1_v_demosaic_0_0_synth_1/prj/sol/.autopilot/db/v_demosaic.cpp:453 VARIABLE add_ln453 LOOP VITIS_LOOP_318_4 BUNDLEDNAME {} DSP 0 BRAM 0 URAM 0 STORAGESUBTYPE {} DISPNAME {bind_op add} VISIBLE true} {BINDTYPE op ID {} IMPL fabric LATENCY 0 OPTYPE sub PRAGMA {} RTLNAME K_3_fu_1465_p2 SOURCE C:/github/zybo_z7_cam_rpi_v2_5mp_hdmi/zybo_z7_imx219/zybo_z7_imx219.runs/design_1_v_demosaic_0_0_synth_1/prj/sol/.autopilot/db/v_demosaic.cpp:453 VARIABLE K_3 LOOP VITIS_LOOP_318_4 BUNDLEDNAME {} DSP 0 BRAM 0 URAM 0 STORAGESUBTYPE {} DISPNAME {bind_op sub} VISIBLE true} {BINDTYPE op ID {} IMPL fabric LATENCY 0 OPTYPE add PRAGMA {} RTLNAME add_ln455_fu_1523_p2 SOURCE C:/github/zybo_z7_cam_rpi_v2_5mp_hdmi/zybo_z7_imx219/zybo_z7_imx219.runs/design_1_v_demosaic_0_0_synth_1/prj/sol/.autopilot/db/v_demosaic.cpp:455 VARIABLE add_ln455 LOOP VITIS_LOOP_318_4 BUNDLEDNAME {} DSP 0 BRAM 0 URAM 0 STORAGESUBTYPE {} DISPNAME {bind_op add} VISIBLE true} {BINDTYPE op ID {} IMPL fabric LATENCY 0 OPTYPE sub PRAGMA {} RTLNAME K_5_fu_1533_p2 SOURCE C:/github/zybo_z7_cam_rpi_v2_5mp_hdmi/zybo_z7_imx219/zybo_z7_imx219.runs/design_1_v_demosaic_0_0_synth_1/prj/sol/.autopilot/db/v_demosaic.cpp:455 VARIABLE K_5 LOOP VITIS_LOOP_318_4 BUNDLEDNAME {} DSP 0 BRAM 0 URAM 0 STORAGESUBTYPE {} DISPNAME {bind_op sub} VISIBLE true} {BINDTYPE op ID {} IMPL fabric LATENCY 0 OPTYPE add PRAGMA {} RTLNAME add_ln457_fu_1579_p2 SOURCE C:/github/zybo_z7_cam_rpi_v2_5mp_hdmi/zybo_z7_imx219/zybo_z7_imx219.runs/design_1_v_demosaic_0_0_synth_1/prj/sol/.autopilot/db/v_demosaic.cpp:457 VARIABLE add_ln457 LOOP VITIS_LOOP_318_4 BUNDLEDNAME {} DSP 0 BRAM 0 URAM 0 STORAGESUBTYPE {} DISPNAME {bind_op add} VISIBLE true} {BINDTYPE op ID {} IMPL fabric LATENCY 0 OPTYPE sub PRAGMA {} RTLNAME K_7_fu_1589_p2 SOURCE C:/github/zybo_z7_cam_rpi_v2_5mp_hdmi/zybo_z7_imx219/zybo_z7_imx219.runs/design_1_v_demosaic_0_0_synth_1/prj/sol/.autopilot/db/v_demosaic.cpp:457 VARIABLE K_7 LOOP VITIS_LOOP_318_4 BUNDLEDNAME {} DSP 0 BRAM 0 URAM 0 STORAGESUBTYPE {} DISPNAME {bind_op sub} VISIBLE true} {BINDTYPE op ID {} IMPL fabric LATENCY 0 OPTYPE add PRAGMA {} RTLNAME add_ln458_fu_1611_p2 SOURCE C:/github/zybo_z7_cam_rpi_v2_5mp_hdmi/zybo_z7_imx219/zybo_z7_imx219.runs/design_1_v_demosaic_0_0_synth_1/prj/sol/.autopilot/db/v_demosaic.cpp:458 VARIABLE add_ln458 LOOP VITIS_LOOP_318_4 BUNDLEDNAME {} DSP 0 BRAM 0 URAM 0 STORAGESUBTYPE {} DISPNAME {bind_op add} VISIBLE true} {BINDTYPE op ID {} IMPL fabric LATENCY 0 OPTYPE sub PRAGMA {} RTLNAME K_8_fu_1621_p2 SOURCE C:/github/zybo_z7_cam_rpi_v2_5mp_hdmi/zybo_z7_imx219/zybo_z7_imx219.runs/design_1_v_demosaic_0_0_synth_1/prj/sol/.autopilot/db/v_demosaic.cpp:458 VARIABLE K_8 LOOP VITIS_LOOP_318_4 BUNDLEDNAME {} DSP 0 BRAM 0 URAM 0 STORAGESUBTYPE {} DISPNAME {bind_op sub} VISIBLE true} {BINDTYPE op ID {} IMPL fabric LATENCY 0 OPTYPE add PRAGMA {} RTLNAME add_ln459_fu_1639_p2 SOURCE C:/github/zybo_z7_cam_rpi_v2_5mp_hdmi/zybo_z7_imx219/zybo_z7_imx219.runs/design_1_v_demosaic_0_0_synth_1/prj/sol/.autopilot/db/v_demosaic.cpp:459 VARIABLE add_ln459 LOOP VITIS_LOOP_318_4 BUNDLEDNAME {} DSP 0 BRAM 0 URAM 0 STORAGESUBTYPE {} DISPNAME {bind_op add} VISIBLE true} {BINDTYPE op ID {} IMPL fabric LATENCY 0 OPTYPE sub PRAGMA {} RTLNAME K_9_fu_1649_p2 SOURCE C:/github/zybo_z7_cam_rpi_v2_5mp_hdmi/zybo_z7_imx219/zybo_z7_imx219.runs/design_1_v_demosaic_0_0_synth_1/prj/sol/.autopilot/db/v_demosaic.cpp:459 VARIABLE K_9 LOOP VITIS_LOOP_318_4 BUNDLEDNAME {} DSP 0 BRAM 0 URAM 0 STORAGESUBTYPE {} DISPNAME {bind_op sub} VISIBLE true} {BINDTYPE op ID {} IMPL fabric LATENCY 0 OPTYPE add PRAGMA {} RTLNAME add_ln460_fu_1671_p2 SOURCE C:/github/zybo_z7_cam_rpi_v2_5mp_hdmi/zybo_z7_imx219/zybo_z7_imx219.runs/design_1_v_demosaic_0_0_synth_1/prj/sol/.autopilot/db/v_demosaic.cpp:460 VARIABLE add_ln460 LOOP VITIS_LOOP_318_4 BUNDLEDNAME {} DSP 0 BRAM 0 URAM 0 STORAGESUBTYPE {} DISPNAME {bind_op add} VISIBLE true} {BINDTYPE op ID {} IMPL fabric LATENCY 0 OPTYPE sub PRAGMA {} RTLNAME K_10_fu_1681_p2 SOURCE C:/github/zybo_z7_cam_rpi_v2_5mp_hdmi/zybo_z7_imx219/zybo_z7_imx219.runs/design_1_v_demosaic_0_0_synth_1/prj/sol/.autopilot/db/v_demosaic.cpp:460 VARIABLE K_10 LOOP VITIS_LOOP_318_4 BUNDLEDNAME {} DSP 0 BRAM 0 URAM 0 STORAGESUBTYPE {} DISPNAME {bind_op sub} VISIBLE true} {BINDTYPE op ID {} IMPL fabric LATENCY 0 OPTYPE add PRAGMA {} RTLNAME add_ln461_fu_1699_p2 SOURCE C:/github/zybo_z7_cam_rpi_v2_5mp_hdmi/zybo_z7_imx219/zybo_z7_imx219.runs/design_1_v_demosaic_0_0_synth_1/prj/sol/.autopilot/db/v_demosaic.cpp:461 VARIABLE add_ln461 LOOP VITIS_LOOP_318_4 BUNDLEDNAME {} DSP 0 BRAM 0 URAM 0 STORAGESUBTYPE {} DISPNAME {bind_op add} VISIBLE true} {BINDTYPE op ID {} IMPL fabric LATENCY 0 OPTYPE sub PRAGMA {} RTLNAME K_11_fu_1709_p2 SOURCE C:/github/zybo_z7_cam_rpi_v2_5mp_hdmi/zybo_z7_imx219/zybo_z7_imx219.runs/design_1_v_demosaic_0_0_synth_1/prj/sol/.autopilot/db/v_demosaic.cpp:461 VARIABLE K_11 LOOP VITIS_LOOP_318_4 BUNDLEDNAME {} DSP 0 BRAM 0 URAM 0 STORAGESUBTYPE {} DISPNAME {bind_op sub} VISIBLE true} {BINDTYPE op ID {} IMPL fabric LATENCY 0 OPTYPE add PRAGMA {} RTLNAME add_ln465_fu_1802_p2 SOURCE C:/github/zybo_z7_cam_rpi_v2_5mp_hdmi/zybo_z7_imx219/zybo_z7_imx219.runs/design_1_v_demosaic_0_0_synth_1/prj/sol/.autopilot/db/v_demosaic.cpp:465 VARIABLE add_ln465 LOOP VITIS_LOOP_318_4 BUNDLEDNAME {} DSP 0 BRAM 0 URAM 0 STORAGESUBTYPE {} DISPNAME {bind_op add} VISIBLE true} {BINDTYPE op ID {} IMPL fabric LATENCY 0 OPTYPE add PRAGMA {} RTLNAME add_ln465_1_fu_1812_p2 SOURCE C:/github/zybo_z7_cam_rpi_v2_5mp_hdmi/zybo_z7_imx219/zybo_z7_imx219.runs/design_1_v_demosaic_0_0_synth_1/prj/sol/.autopilot/db/v_demosaic.cpp:465 VARIABLE add_ln465_1 LOOP VITIS_LOOP_318_4 BUNDLEDNAME {} DSP 0 BRAM 0 URAM 0 STORAGESUBTYPE {} DISPNAME {bind_op add} VISIBLE true} {BINDTYPE op ID {} IMPL fabric LATENCY 0 OPTYPE add PRAGMA {} RTLNAME ave_fu_1822_p2 SOURCE C:/github/zybo_z7_cam_rpi_v2_5mp_hdmi/zybo_z7_imx219/zybo_z7_imx219.runs/design_1_v_demosaic_0_0_synth_1/prj/sol/.autopilot/db/v_demosaic.cpp:465 VARIABLE ave LOOP VITIS_LOOP_318_4 BUNDLEDNAME {} DSP 0 BRAM 0 URAM 0 STORAGESUBTYPE {} DISPNAME {bind_op add} VISIBLE true} {BINDTYPE op ID {} IMPL fabric LATENCY 0 OPTYPE add PRAGMA {} RTLNAME add_ln466_fu_1844_p2 SOURCE C:/github/zybo_z7_cam_rpi_v2_5mp_hdmi/zybo_z7_imx219/zybo_z7_imx219.runs/design_1_v_demosaic_0_0_synth_1/prj/sol/.autopilot/db/v_demosaic.cpp:466 VARIABLE add_ln466 LOOP VITIS_LOOP_318_4 BUNDLEDNAME {} DSP 0 BRAM 0 URAM 0 STORAGESUBTYPE {} DISPNAME {bind_op add} VISIBLE true} {BINDTYPE op ID {} IMPL fabric LATENCY 0 OPTYPE add PRAGMA {} RTLNAME add_ln466_1_fu_1854_p2 SOURCE C:/github/zybo_z7_cam_rpi_v2_5mp_hdmi/zybo_z7_imx219/zybo_z7_imx219.runs/design_1_v_demosaic_0_0_synth_1/prj/sol/.autopilot/db/v_demosaic.cpp:466 VARIABLE add_ln466_1 LOOP VITIS_LOOP_318_4 BUNDLEDNAME {} DSP 0 BRAM 0 URAM 0 STORAGESUBTYPE {} DISPNAME {bind_op add} VISIBLE true} {BINDTYPE op ID {} IMPL fabric LATENCY 0 OPTYPE add PRAGMA {} RTLNAME ave_1_fu_1864_p2 SOURCE C:/github/zybo_z7_cam_rpi_v2_5mp_hdmi/zybo_z7_imx219/zybo_z7_imx219.runs/design_1_v_demosaic_0_0_synth_1/prj/sol/.autopilot/db/v_demosaic.cpp:466 VARIABLE ave_1 LOOP VITIS_LOOP_318_4 BUNDLEDNAME {} DSP 0 BRAM 0 URAM 0 STORAGESUBTYPE {} DISPNAME {bind_op add} VISIBLE true} {BINDTYPE op ID {} IMPL fabric LATENCY 0 OPTYPE add PRAGMA {} RTLNAME add_ln467_fu_1880_p2 SOURCE C:/github/zybo_z7_cam_rpi_v2_5mp_hdmi/zybo_z7_imx219/zybo_z7_imx219.runs/design_1_v_demosaic_0_0_synth_1/prj/sol/.autopilot/db/v_demosaic.cpp:467 VARIABLE add_ln467 LOOP VITIS_LOOP_318_4 BUNDLEDNAME {} DSP 0 BRAM 0 URAM 0 STORAGESUBTYPE {} DISPNAME {bind_op add} VISIBLE true} {BINDTYPE op ID {} IMPL fabric LATENCY 0 OPTYPE add PRAGMA {} RTLNAME ave_2_fu_1890_p2 SOURCE C:/github/zybo_z7_cam_rpi_v2_5mp_hdmi/zybo_z7_imx219/zybo_z7_imx219.runs/design_1_v_demosaic_0_0_synth_1/prj/sol/.autopilot/db/v_demosaic.cpp:467 VARIABLE ave_2 LOOP VITIS_LOOP_318_4 BUNDLEDNAME {} DSP 0 BRAM 0 URAM 0 STORAGESUBTYPE {} DISPNAME {bind_op add} VISIBLE true} {BINDTYPE op ID {} IMPL fabric LATENCY 0 OPTYPE add PRAGMA {} RTLNAME add_ln468_fu_1906_p2 SOURCE C:/github/zybo_z7_cam_rpi_v2_5mp_hdmi/zybo_z7_imx219/zybo_z7_imx219.runs/design_1_v_demosaic_0_0_synth_1/prj/sol/.autopilot/db/v_demosaic.cpp:468 VARIABLE add_ln468 LOOP VITIS_LOOP_318_4 BUNDLEDNAME {} DSP 0 BRAM 0 URAM 0 STORAGESUBTYPE {} DISPNAME {bind_op add} VISIBLE true} {BINDTYPE op ID {} IMPL fabric LATENCY 0 OPTYPE add PRAGMA {} RTLNAME add_ln468_1_fu_1916_p2 SOURCE C:/github/zybo_z7_cam_rpi_v2_5mp_hdmi/zybo_z7_imx219/zybo_z7_imx219.runs/design_1_v_demosaic_0_0_synth_1/prj/sol/.autopilot/db/v_demosaic.cpp:468 VARIABLE add_ln468_1 LOOP VITIS_LOOP_318_4 BUNDLEDNAME {} DSP 0 BRAM 0 URAM 0 STORAGESUBTYPE {} DISPNAME {bind_op add} VISIBLE true} {BINDTYPE op ID {} IMPL fabric LATENCY 0 OPTYPE add PRAGMA {} RTLNAME ave_3_fu_1926_p2 SOURCE C:/github/zybo_z7_cam_rpi_v2_5mp_hdmi/zybo_z7_imx219/zybo_z7_imx219.runs/design_1_v_demosaic_0_0_synth_1/prj/sol/.autopilot/db/v_demosaic.cpp:468 VARIABLE ave_3 LOOP VITIS_LOOP_318_4 BUNDLEDNAME {} DSP 0 BRAM 0 URAM 0 STORAGESUBTYPE {} DISPNAME {bind_op add} VISIBLE true} {BINDTYPE op ID {} IMPL fabric LATENCY 0 OPTYPE sub PRAGMA {} RTLNAME sub_ln472_fu_1944_p2 SOURCE C:/github/zybo_z7_cam_rpi_v2_5mp_hdmi/zybo_z7_imx219/zybo_z7_imx219.runs/design_1_v_demosaic_0_0_synth_1/prj/sol/.autopilot/db/v_demosaic.cpp:472 VARIABLE sub_ln472 LOOP VITIS_LOOP_318_4 BUNDLEDNAME {} DSP 0 BRAM 0 URAM 0 STORAGESUBTYPE {} DISPNAME {bind_op sub} VISIBLE true} {BINDTYPE op ID {} IMPL fabric LATENCY 0 OPTYPE sub PRAGMA {} RTLNAME sub_ln472_1_fu_1970_p2 SOURCE C:/github/zybo_z7_cam_rpi_v2_5mp_hdmi/zybo_z7_imx219/zybo_z7_imx219.runs/design_1_v_demosaic_0_0_synth_1/prj/sol/.autopilot/db/v_demosaic.cpp:472 VARIABLE sub_ln472_1 LOOP VITIS_LOOP_318_4 BUNDLEDNAME {} DSP 0 BRAM 0 URAM 0 STORAGESUBTYPE {} DISPNAME {bind_op sub} VISIBLE true} {BINDTYPE op ID {} IMPL auto_sel LATENCY 0 OPTYPE select PRAGMA {} RTLNAME mean_fu_1976_p3 SOURCE C:/github/zybo_z7_cam_rpi_v2_5mp_hdmi/zybo_z7_imx219/zybo_z7_imx219.runs/design_1_v_demosaic_0_0_synth_1/prj/sol/.autopilot/db/v_demosaic.cpp:472 VARIABLE mean LOOP VITIS_LOOP_318_4 BUNDLEDNAME {} DSP 0 BRAM 0 URAM 0 STORAGESUBTYPE {} DISPNAME {bind_op select} VISIBLE false} {BINDTYPE op ID {} IMPL fabric LATENCY 0 OPTYPE sub PRAGMA {} RTLNAME sub_ln472_2_fu_1992_p2 SOURCE C:/github/zybo_z7_cam_rpi_v2_5mp_hdmi/zybo_z7_imx219/zybo_z7_imx219.runs/design_1_v_demosaic_0_0_synth_1/prj/sol/.autopilot/db/v_demosaic.cpp:472 VARIABLE sub_ln472_2 LOOP VITIS_LOOP_318_4 BUNDLEDNAME {} DSP 0 BRAM 0 URAM 0 STORAGESUBTYPE {} DISPNAME {bind_op sub} VISIBLE true} {BINDTYPE op ID {} IMPL fabric LATENCY 0 OPTYPE sub PRAGMA {} RTLNAME sub_ln472_3_fu_2018_p2 SOURCE C:/github/zybo_z7_cam_rpi_v2_5mp_hdmi/zybo_z7_imx219/zybo_z7_imx219.runs/design_1_v_demosaic_0_0_synth_1/prj/sol/.autopilot/db/v_demosaic.cpp:472 VARIABLE sub_ln472_3 LOOP VITIS_LOOP_318_4 BUNDLEDNAME {} DSP 0 BRAM 0 URAM 0 STORAGESUBTYPE {} DISPNAME {bind_op sub} VISIBLE true} {BINDTYPE op ID {} IMPL auto_sel LATENCY 0 OPTYPE select PRAGMA {} RTLNAME mean_1_fu_2024_p3 SOURCE C:/github/zybo_z7_cam_rpi_v2_5mp_hdmi/zybo_z7_imx219/zybo_z7_imx219.runs/design_1_v_demosaic_0_0_synth_1/prj/sol/.autopilot/db/v_demosaic.cpp:472 VARIABLE mean_1 LOOP VITIS_LOOP_318_4 BUNDLEDNAME {} DSP 0 BRAM 0 URAM 0 STORAGESUBTYPE {} DISPNAME {bind_op select} VISIBLE false} {BINDTYPE op ID {} IMPL fabric LATENCY 0 OPTYPE sub PRAGMA {} RTLNAME sub_ln472_4_fu_2040_p2 SOURCE C:/github/zybo_z7_cam_rpi_v2_5mp_hdmi/zybo_z7_imx219/zybo_z7_imx219.runs/design_1_v_demosaic_0_0_synth_1/prj/sol/.autopilot/db/v_demosaic.cpp:472 VARIABLE sub_ln472_4 LOOP VITIS_LOOP_318_4 BUNDLEDNAME {} DSP 0 BRAM 0 URAM 0 STORAGESUBTYPE {} DISPNAME {bind_op sub} VISIBLE true} {BINDTYPE op ID {} IMPL fabric LATENCY 0 OPTYPE sub PRAGMA {} RTLNAME sub_ln472_5_fu_2066_p2 SOURCE C:/github/zybo_z7_cam_rpi_v2_5mp_hdmi/zybo_z7_imx219/zybo_z7_imx219.runs/design_1_v_demosaic_0_0_synth_1/prj/sol/.autopilot/db/v_demosaic.cpp:472 VARIABLE sub_ln472_5 LOOP VITIS_LOOP_318_4 BUNDLEDNAME {} DSP 0 BRAM 0 URAM 0 STORAGESUBTYPE {} DISPNAME {bind_op sub} VISIBLE true} {BINDTYPE op ID {} IMPL auto_sel LATENCY 0 OPTYPE select PRAGMA {} RTLNAME mean_2_fu_2072_p3 SOURCE C:/github/zybo_z7_cam_rpi_v2_5mp_hdmi/zybo_z7_imx219/zybo_z7_imx219.runs/design_1_v_demosaic_0_0_synth_1/prj/sol/.autopilot/db/v_demosaic.cpp:472 VARIABLE mean_2 LOOP VITIS_LOOP_318_4 BUNDLEDNAME {} DSP 0 BRAM 0 URAM 0 STORAGESUBTYPE {} DISPNAME {bind_op select} VISIBLE false} {BINDTYPE op ID {} IMPL fabric LATENCY 0 OPTYPE sub PRAGMA {} RTLNAME sub_ln472_6_fu_2088_p2 SOURCE C:/github/zybo_z7_cam_rpi_v2_5mp_hdmi/zybo_z7_imx219/zybo_z7_imx219.runs/design_1_v_demosaic_0_0_synth_1/prj/sol/.autopilot/db/v_demosaic.cpp:472 VARIABLE sub_ln472_6 LOOP VITIS_LOOP_318_4 BUNDLEDNAME {} DSP 0 BRAM 0 URAM 0 STORAGESUBTYPE {} DISPNAME {bind_op sub} VISIBLE true} {BINDTYPE op ID {} IMPL fabric LATENCY 0 OPTYPE sub PRAGMA {} RTLNAME sub_ln472_7_fu_2114_p2 SOURCE C:/github/zybo_z7_cam_rpi_v2_5mp_hdmi/zybo_z7_imx219/zybo_z7_imx219.runs/design_1_v_demosaic_0_0_synth_1/prj/sol/.autopilot/db/v_demosaic.cpp:472 VARIABLE sub_ln472_7 LOOP VITIS_LOOP_318_4 BUNDLEDNAME {} DSP 0 BRAM 0 URAM 0 STORAGESUBTYPE {} DISPNAME {bind_op sub} VISIBLE true} {BINDTYPE op ID {} IMPL auto_sel LATENCY 0 OPTYPE select PRAGMA {} RTLNAME mean_3_fu_2120_p3 SOURCE C:/github/zybo_z7_cam_rpi_v2_5mp_hdmi/zybo_z7_imx219/zybo_z7_imx219.runs/design_1_v_demosaic_0_0_synth_1/prj/sol/.autopilot/db/v_demosaic.cpp:472 VARIABLE mean_3 LOOP VITIS_LOOP_318_4 BUNDLEDNAME {} DSP 0 BRAM 0 URAM 0 STORAGESUBTYPE {} DISPNAME {bind_op select} VISIBLE false} {BINDTYPE op ID {} IMPL fabric LATENCY 0 OPTYPE sub PRAGMA {} RTLNAME sub_ln476_fu_2299_p2 SOURCE C:/github/zybo_z7_cam_rpi_v2_5mp_hdmi/zybo_z7_imx219/zybo_z7_imx219.runs/design_1_v_demosaic_0_0_synth_1/prj/sol/.autopilot/db/v_demosaic.cpp:476 VARIABLE sub_ln476 LOOP VITIS_LOOP_318_4 BUNDLEDNAME {} DSP 0 BRAM 0 URAM 0 STORAGESUBTYPE {} DISPNAME {bind_op sub} VISIBLE true} {BINDTYPE op ID {} IMPL fabric LATENCY 0 OPTYPE sub PRAGMA {} RTLNAME sub_ln61_fu_2320_p2 SOURCE {C:/AMDDesignTools/2025.2/Vitis/tps/mingw/8.3.0/win64.o/nt\lib\gcc\x86_64-w64-mingw32\8.3.0\include\c++\bits/std_abs.h:61} VARIABLE sub_ln61 LOOP VITIS_LOOP_318_4 BUNDLEDNAME {} DSP 0 BRAM 0 URAM 0 STORAGESUBTYPE {} DISPNAME {bind_op sub} VISIBLE true} {BINDTYPE op ID {} IMPL auto_sel LATENCY 0 OPTYPE select PRAGMA {} RTLNAME select_ln61_fu_2326_p3 SOURCE {C:/AMDDesignTools/2025.2/Vitis/tps/mingw/8.3.0/win64.o/nt\lib\gcc\x86_64-w64-mingw32\8.3.0\include\c++\bits/std_abs.h:61} VARIABLE select_ln61 LOOP VITIS_LOOP_318_4 BUNDLEDNAME {} DSP 0 BRAM 0 URAM 0 STORAGESUBTYPE {} DISPNAME {bind_op select} VISIBLE false} {BINDTYPE op ID {} IMPL fabric LATENCY 0 OPTYPE sub PRAGMA {} RTLNAME sub_ln476_1_fu_2338_p2 SOURCE C:/github/zybo_z7_cam_rpi_v2_5mp_hdmi/zybo_z7_imx219/zybo_z7_imx219.runs/design_1_v_demosaic_0_0_synth_1/prj/sol/.autopilot/db/v_demosaic.cpp:476 VARIABLE sub_ln476_1 LOOP VITIS_LOOP_318_4 BUNDLEDNAME {} DSP 0 BRAM 0 URAM 0 STORAGESUBTYPE {} DISPNAME {bind_op sub} VISIBLE true} {BINDTYPE op ID {} IMPL fabric LATENCY 0 OPTYPE sub PRAGMA {} RTLNAME sub_ln61_9_fu_2359_p2 SOURCE {C:/AMDDesignTools/2025.2/Vitis/tps/mingw/8.3.0/win64.o/nt\lib\gcc\x86_64-w64-mingw32\8.3.0\include\c++\bits/std_abs.h:61} VARIABLE sub_ln61_9 LOOP VITIS_LOOP_318_4 BUNDLEDNAME {} DSP 0 BRAM 0 URAM 0 STORAGESUBTYPE {} DISPNAME {bind_op sub} VISIBLE true} {BINDTYPE op ID {} IMPL auto_sel LATENCY 0 OPTYPE select PRAGMA {} RTLNAME select_ln61_1_fu_2365_p3 SOURCE {C:/AMDDesignTools/2025.2/Vitis/tps/mingw/8.3.0/win64.o/nt\lib\gcc\x86_64-w64-mingw32\8.3.0\include\c++\bits/std_abs.h:61} VARIABLE select_ln61_1 LOOP VITIS_LOOP_318_4 BUNDLEDNAME {} DSP 0 BRAM 0 URAM 0 STORAGESUBTYPE {} DISPNAME {bind_op select} VISIBLE false} {BINDTYPE op ID {} IMPL fabric LATENCY 0 OPTYPE sub PRAGMA {} RTLNAME sub_ln476_2_fu_2377_p2 SOURCE C:/github/zybo_z7_cam_rpi_v2_5mp_hdmi/zybo_z7_imx219/zybo_z7_imx219.runs/design_1_v_demosaic_0_0_synth_1/prj/sol/.autopilot/db/v_demosaic.cpp:476 VARIABLE sub_ln476_2 LOOP VITIS_LOOP_318_4 BUNDLEDNAME {} DSP 0 BRAM 0 URAM 0 STORAGESUBTYPE {} DISPNAME {bind_op sub} VISIBLE true} {BINDTYPE op ID {} IMPL fabric LATENCY 0 OPTYPE sub PRAGMA {} RTLNAME sub_ln61_10_fu_2398_p2 SOURCE {C:/AMDDesignTools/2025.2/Vitis/tps/mingw/8.3.0/win64.o/nt\lib\gcc\x86_64-w64-mingw32\8.3.0\include\c++\bits/std_abs.h:61} VARIABLE sub_ln61_10 LOOP VITIS_LOOP_318_4 BUNDLEDNAME {} DSP 0 BRAM 0 URAM 0 STORAGESUBTYPE {} DISPNAME {bind_op sub} VISIBLE true} {BINDTYPE op ID {} IMPL auto_sel LATENCY 0 OPTYPE select PRAGMA {} RTLNAME select_ln61_2_fu_2404_p3 SOURCE {C:/AMDDesignTools/2025.2/Vitis/tps/mingw/8.3.0/win64.o/nt\lib\gcc\x86_64-w64-mingw32\8.3.0\include\c++\bits/std_abs.h:61} VARIABLE select_ln61_2 LOOP VITIS_LOOP_318_4 BUNDLEDNAME {} DSP 0 BRAM 0 URAM 0 STORAGESUBTYPE {} DISPNAME {bind_op select} VISIBLE false} {BINDTYPE op ID {} IMPL fabric LATENCY 0 OPTYPE sub PRAGMA {} RTLNAME sub_ln476_3_fu_2416_p2 SOURCE C:/github/zybo_z7_cam_rpi_v2_5mp_hdmi/zybo_z7_imx219/zybo_z7_imx219.runs/design_1_v_demosaic_0_0_synth_1/prj/sol/.autopilot/db/v_demosaic.cpp:476 VARIABLE sub_ln476_3 LOOP VITIS_LOOP_318_4 BUNDLEDNAME {} DSP 0 BRAM 0 URAM 0 STORAGESUBTYPE {} DISPNAME {bind_op sub} VISIBLE true} {BINDTYPE op ID {} IMPL fabric LATENCY 0 OPTYPE sub PRAGMA {} RTLNAME sub_ln61_11_fu_2437_p2 SOURCE {C:/AMDDesignTools/2025.2/Vitis/tps/mingw/8.3.0/win64.o/nt\lib\gcc\x86_64-w64-mingw32\8.3.0\include\c++\bits/std_abs.h:61} VARIABLE sub_ln61_11 LOOP VITIS_LOOP_318_4 BUNDLEDNAME {} DSP 0 BRAM 0 URAM 0 STORAGESUBTYPE {} DISPNAME {bind_op sub} VISIBLE true} {BINDTYPE op ID {} IMPL auto_sel LATENCY 0 OPTYPE select PRAGMA {} RTLNAME select_ln61_3_fu_2443_p3 SOURCE {C:/AMDDesignTools/2025.2/Vitis/tps/mingw/8.3.0/win64.o/nt\lib\gcc\x86_64-w64-mingw32\8.3.0\include\c++\bits/std_abs.h:61} VARIABLE select_ln61_3 LOOP VITIS_LOOP_318_4 BUNDLEDNAME {} DSP 0 BRAM 0 URAM 0 STORAGESUBTYPE {} DISPNAME {bind_op select} VISIBLE false} {BINDTYPE op ID {} IMPL fabric LATENCY 0 OPTYPE add PRAGMA {} RTLNAME add_ln476_fu_2455_p2 SOURCE C:/github/zybo_z7_cam_rpi_v2_5mp_hdmi/zybo_z7_imx219/zybo_z7_imx219.runs/design_1_v_demosaic_0_0_synth_1/prj/sol/.autopilot/db/v_demosaic.cpp:476 VARIABLE add_ln476 LOOP VITIS_LOOP_318_4 BUNDLEDNAME {} DSP 0 BRAM 0 URAM 0 STORAGESUBTYPE {} DISPNAME {bind_op add} VISIBLE true} {BINDTYPE op ID {} IMPL fabric LATENCY 0 OPTYPE add PRAGMA {} RTLNAME add_ln476_1_fu_2465_p2 SOURCE C:/github/zybo_z7_cam_rpi_v2_5mp_hdmi/zybo_z7_imx219/zybo_z7_imx219.runs/design_1_v_demosaic_0_0_synth_1/prj/sol/.autopilot/db/v_demosaic.cpp:476 VARIABLE add_ln476_1 LOOP VITIS_LOOP_318_4 BUNDLEDNAME {} DSP 0 BRAM 0 URAM 0 STORAGESUBTYPE {} DISPNAME {bind_op add} VISIBLE true} {BINDTYPE op ID {} IMPL fabric LATENCY 0 OPTYPE add PRAGMA {} RTLNAME add_ln476_2_fu_2475_p2 SOURCE C:/github/zybo_z7_cam_rpi_v2_5mp_hdmi/zybo_z7_imx219/zybo_z7_imx219.runs/design_1_v_demosaic_0_0_synth_1/prj/sol/.autopilot/db/v_demosaic.cpp:476 VARIABLE add_ln476_2 LOOP VITIS_LOOP_318_4 BUNDLEDNAME {} DSP 0 BRAM 0 URAM 0 STORAGESUBTYPE {} DISPNAME {bind_op add} VISIBLE true} {BINDTYPE op ID {} IMPL fabric LATENCY 0 OPTYPE sub PRAGMA {} RTLNAME sub_ln477_fu_2494_p2 SOURCE C:/github/zybo_z7_cam_rpi_v2_5mp_hdmi/zybo_z7_imx219/zybo_z7_imx219.runs/design_1_v_demosaic_0_0_synth_1/prj/sol/.autopilot/db/v_demosaic.cpp:477 VARIABLE sub_ln477 LOOP VITIS_LOOP_318_4 BUNDLEDNAME {} DSP 0 BRAM 0 URAM 0 STORAGESUBTYPE {} DISPNAME {bind_op sub} VISIBLE true} {BINDTYPE op ID {} IMPL fabric LATENCY 0 OPTYPE sub PRAGMA {} RTLNAME sub_ln61_12_fu_2515_p2 SOURCE {C:/AMDDesignTools/2025.2/Vitis/tps/mingw/8.3.0/win64.o/nt\lib\gcc\x86_64-w64-mingw32\8.3.0\include\c++\bits/std_abs.h:61} VARIABLE sub_ln61_12 LOOP VITIS_LOOP_318_4 BUNDLEDNAME {} DSP 0 BRAM 0 URAM 0 STORAGESUBTYPE {} DISPNAME {bind_op sub} VISIBLE true} {BINDTYPE op ID {} IMPL auto_sel LATENCY 0 OPTYPE select PRAGMA {} RTLNAME select_ln61_4_fu_2521_p3 SOURCE {C:/AMDDesignTools/2025.2/Vitis/tps/mingw/8.3.0/win64.o/nt\lib\gcc\x86_64-w64-mingw32\8.3.0\include\c++\bits/std_abs.h:61} VARIABLE select_ln61_4 LOOP VITIS_LOOP_318_4 BUNDLEDNAME {} DSP 0 BRAM 0 URAM 0 STORAGESUBTYPE {} DISPNAME {bind_op select} VISIBLE false} {BINDTYPE op ID {} IMPL fabric LATENCY 0 OPTYPE sub PRAGMA {} RTLNAME sub_ln477_1_fu_2533_p2 SOURCE C:/github/zybo_z7_cam_rpi_v2_5mp_hdmi/zybo_z7_imx219/zybo_z7_imx219.runs/design_1_v_demosaic_0_0_synth_1/prj/sol/.autopilot/db/v_demosaic.cpp:477 VARIABLE sub_ln477_1 LOOP VITIS_LOOP_318_4 BUNDLEDNAME {} DSP 0 BRAM 0 URAM 0 STORAGESUBTYPE {} DISPNAME {bind_op sub} VISIBLE true} {BINDTYPE op ID {} IMPL fabric LATENCY 0 OPTYPE sub PRAGMA {} RTLNAME sub_ln61_13_fu_2554_p2 SOURCE {C:/AMDDesignTools/2025.2/Vitis/tps/mingw/8.3.0/win64.o/nt\lib\gcc\x86_64-w64-mingw32\8.3.0\include\c++\bits/std_abs.h:61} VARIABLE sub_ln61_13 LOOP VITIS_LOOP_318_4 BUNDLEDNAME {} DSP 0 BRAM 0 URAM 0 STORAGESUBTYPE {} DISPNAME {bind_op sub} VISIBLE true} {BINDTYPE op ID {} IMPL auto_sel LATENCY 0 OPTYPE select PRAGMA {} RTLNAME select_ln61_5_fu_2560_p3 SOURCE {C:/AMDDesignTools/2025.2/Vitis/tps/mingw/8.3.0/win64.o/nt\lib\gcc\x86_64-w64-mingw32\8.3.0\include\c++\bits/std_abs.h:61} VARIABLE select_ln61_5 LOOP VITIS_LOOP_318_4 BUNDLEDNAME {} DSP 0 BRAM 0 URAM 0 STORAGESUBTYPE {} DISPNAME {bind_op select} VISIBLE false} {BINDTYPE op ID {} IMPL fabric LATENCY 0 OPTYPE sub PRAGMA {} RTLNAME sub_ln477_2_fu_2572_p2 SOURCE C:/github/zybo_z7_cam_rpi_v2_5mp_hdmi/zybo_z7_imx219/zybo_z7_imx219.runs/design_1_v_demosaic_0_0_synth_1/prj/sol/.autopilot/db/v_demosaic.cpp:477 VARIABLE sub_ln477_2 LOOP VITIS_LOOP_318_4 BUNDLEDNAME {} DSP 0 BRAM 0 URAM 0 STORAGESUBTYPE {} DISPNAME {bind_op sub} VISIBLE true} {BINDTYPE op ID {} IMPL fabric LATENCY 0 OPTYPE sub PRAGMA {} RTLNAME sub_ln61_14_fu_2593_p2 SOURCE {C:/AMDDesignTools/2025.2/Vitis/tps/mingw/8.3.0/win64.o/nt\lib\gcc\x86_64-w64-mingw32\8.3.0\include\c++\bits/std_abs.h:61} VARIABLE sub_ln61_14 LOOP VITIS_LOOP_318_4 BUNDLEDNAME {} DSP 0 BRAM 0 URAM 0 STORAGESUBTYPE {} DISPNAME {bind_op sub} VISIBLE true} {BINDTYPE op ID {} IMPL auto_sel LATENCY 0 OPTYPE select PRAGMA {} RTLNAME select_ln61_6_fu_2599_p3 SOURCE {C:/AMDDesignTools/2025.2/Vitis/tps/mingw/8.3.0/win64.o/nt\lib\gcc\x86_64-w64-mingw32\8.3.0\include\c++\bits/std_abs.h:61} VARIABLE select_ln61_6 LOOP VITIS_LOOP_318_4 BUNDLEDNAME {} DSP 0 BRAM 0 URAM 0 STORAGESUBTYPE {} DISPNAME {bind_op select} VISIBLE false} {BINDTYPE op ID {} IMPL fabric LATENCY 0 OPTYPE sub PRAGMA {} RTLNAME sub_ln477_3_fu_2611_p2 SOURCE C:/github/zybo_z7_cam_rpi_v2_5mp_hdmi/zybo_z7_imx219/zybo_z7_imx219.runs/design_1_v_demosaic_0_0_synth_1/prj/sol/.autopilot/db/v_demosaic.cpp:477 VARIABLE sub_ln477_3 LOOP VITIS_LOOP_318_4 BUNDLEDNAME {} DSP 0 BRAM 0 URAM 0 STORAGESUBTYPE {} DISPNAME {bind_op sub} VISIBLE true} {BINDTYPE op ID {} IMPL fabric LATENCY 0 OPTYPE sub PRAGMA {} RTLNAME sub_ln61_15_fu_2632_p2 SOURCE {C:/AMDDesignTools/2025.2/Vitis/tps/mingw/8.3.0/win64.o/nt\lib\gcc\x86_64-w64-mingw32\8.3.0\include\c++\bits/std_abs.h:61} VARIABLE sub_ln61_15 LOOP VITIS_LOOP_318_4 BUNDLEDNAME {} DSP 0 BRAM 0 URAM 0 STORAGESUBTYPE {} DISPNAME {bind_op sub} VISIBLE true} {BINDTYPE op ID {} IMPL auto_sel LATENCY 0 OPTYPE select PRAGMA {} RTLNAME select_ln61_7_fu_2638_p3 SOURCE {C:/AMDDesignTools/2025.2/Vitis/tps/mingw/8.3.0/win64.o/nt\lib\gcc\x86_64-w64-mingw32\8.3.0\include\c++\bits/std_abs.h:61} VARIABLE select_ln61_7 LOOP VITIS_LOOP_318_4 BUNDLEDNAME {} DSP 0 BRAM 0 URAM 0 STORAGESUBTYPE {} DISPNAME {bind_op select} VISIBLE false} {BINDTYPE op ID {} IMPL fabric LATENCY 0 OPTYPE add PRAGMA {} RTLNAME add_ln477_fu_2650_p2 SOURCE C:/github/zybo_z7_cam_rpi_v2_5mp_hdmi/zybo_z7_imx219/zybo_z7_imx219.runs/design_1_v_demosaic_0_0_synth_1/prj/sol/.autopilot/db/v_demosaic.cpp:477 VARIABLE add_ln477 LOOP VITIS_LOOP_318_4 BUNDLEDNAME {} DSP 0 BRAM 0 URAM 0 STORAGESUBTYPE {} DISPNAME {bind_op add} VISIBLE true} {BINDTYPE op ID {} IMPL fabric LATENCY 0 OPTYPE add PRAGMA {} RTLNAME add_ln477_1_fu_2660_p2 SOURCE C:/github/zybo_z7_cam_rpi_v2_5mp_hdmi/zybo_z7_imx219/zybo_z7_imx219.runs/design_1_v_demosaic_0_0_synth_1/prj/sol/.autopilot/db/v_demosaic.cpp:477 VARIABLE add_ln477_1 LOOP VITIS_LOOP_318_4 BUNDLEDNAME {} DSP 0 BRAM 0 URAM 0 STORAGESUBTYPE {} DISPNAME {bind_op add} VISIBLE true} {BINDTYPE op ID {} IMPL fabric LATENCY 0 OPTYPE add PRAGMA {} RTLNAME add_ln477_2_fu_2670_p2 SOURCE C:/github/zybo_z7_cam_rpi_v2_5mp_hdmi/zybo_z7_imx219/zybo_z7_imx219.runs/design_1_v_demosaic_0_0_synth_1/prj/sol/.autopilot/db/v_demosaic.cpp:477 VARIABLE add_ln477_2 LOOP VITIS_LOOP_318_4 BUNDLEDNAME {} DSP 0 BRAM 0 URAM 0 STORAGESUBTYPE {} DISPNAME {bind_op add} VISIBLE true} {BINDTYPE op ID {} IMPL fabric LATENCY 0 OPTYPE sub PRAGMA {} RTLNAME sub_ln478_fu_2689_p2 SOURCE C:/github/zybo_z7_cam_rpi_v2_5mp_hdmi/zybo_z7_imx219/zybo_z7_imx219.runs/design_1_v_demosaic_0_0_synth_1/prj/sol/.autopilot/db/v_demosaic.cpp:478 VARIABLE sub_ln478 LOOP VITIS_LOOP_318_4 BUNDLEDNAME {} DSP 0 BRAM 0 URAM 0 STORAGESUBTYPE {} DISPNAME {bind_op sub} VISIBLE true} {BINDTYPE op ID {} IMPL fabric LATENCY 0 OPTYPE sub PRAGMA {} RTLNAME sub_ln61_16_fu_2710_p2 SOURCE {C:/AMDDesignTools/2025.2/Vitis/tps/mingw/8.3.0/win64.o/nt\lib\gcc\x86_64-w64-mingw32\8.3.0\include\c++\bits/std_abs.h:61} VARIABLE sub_ln61_16 LOOP VITIS_LOOP_318_4 BUNDLEDNAME {} DSP 0 BRAM 0 URAM 0 STORAGESUBTYPE {} DISPNAME {bind_op sub} VISIBLE true} {BINDTYPE op ID {} IMPL auto_sel LATENCY 0 OPTYPE select PRAGMA {} RTLNAME select_ln61_8_fu_2716_p3 SOURCE {C:/AMDDesignTools/2025.2/Vitis/tps/mingw/8.3.0/win64.o/nt\lib\gcc\x86_64-w64-mingw32\8.3.0\include\c++\bits/std_abs.h:61} VARIABLE select_ln61_8 LOOP VITIS_LOOP_318_4 BUNDLEDNAME {} DSP 0 BRAM 0 URAM 0 STORAGESUBTYPE {} DISPNAME {bind_op select} VISIBLE false} {BINDTYPE op ID {} IMPL fabric LATENCY 0 OPTYPE sub PRAGMA {} RTLNAME sub_ln478_1_fu_2728_p2 SOURCE C:/github/zybo_z7_cam_rpi_v2_5mp_hdmi/zybo_z7_imx219/zybo_z7_imx219.runs/design_1_v_demosaic_0_0_synth_1/prj/sol/.autopilot/db/v_demosaic.cpp:478 VARIABLE sub_ln478_1 LOOP VITIS_LOOP_318_4 BUNDLEDNAME {} DSP 0 BRAM 0 URAM 0 STORAGESUBTYPE {} DISPNAME {bind_op sub} VISIBLE true} {BINDTYPE op ID {} IMPL fabric LATENCY 0 OPTYPE sub PRAGMA {} RTLNAME sub_ln61_17_fu_2749_p2 SOURCE {C:/AMDDesignTools/2025.2/Vitis/tps/mingw/8.3.0/win64.o/nt\lib\gcc\x86_64-w64-mingw32\8.3.0\include\c++\bits/std_abs.h:61} VARIABLE sub_ln61_17 LOOP VITIS_LOOP_318_4 BUNDLEDNAME {} DSP 0 BRAM 0 URAM 0 STORAGESUBTYPE {} DISPNAME {bind_op sub} VISIBLE true} {BINDTYPE op ID {} IMPL auto_sel LATENCY 0 OPTYPE select PRAGMA {} RTLNAME select_ln61_9_fu_2755_p3 SOURCE {C:/AMDDesignTools/2025.2/Vitis/tps/mingw/8.3.0/win64.o/nt\lib\gcc\x86_64-w64-mingw32\8.3.0\include\c++\bits/std_abs.h:61} VARIABLE select_ln61_9 LOOP VITIS_LOOP_318_4 BUNDLEDNAME {} DSP 0 BRAM 0 URAM 0 STORAGESUBTYPE {} DISPNAME {bind_op select} VISIBLE false} {BINDTYPE op ID {} IMPL fabric LATENCY 0 OPTYPE sub PRAGMA {} RTLNAME sub_ln478_2_fu_2767_p2 SOURCE C:/github/zybo_z7_cam_rpi_v2_5mp_hdmi/zybo_z7_imx219/zybo_z7_imx219.runs/design_1_v_demosaic_0_0_synth_1/prj/sol/.autopilot/db/v_demosaic.cpp:478 VARIABLE sub_ln478_2 LOOP VITIS_LOOP_318_4 BUNDLEDNAME {} DSP 0 BRAM 0 URAM 0 STORAGESUBTYPE {} DISPNAME {bind_op sub} VISIBLE true} {BINDTYPE op ID {} IMPL fabric LATENCY 0 OPTYPE sub PRAGMA {} RTLNAME sub_ln61_18_fu_2788_p2 SOURCE {C:/AMDDesignTools/2025.2/Vitis/tps/mingw/8.3.0/win64.o/nt\lib\gcc\x86_64-w64-mingw32\8.3.0\include\c++\bits/std_abs.h:61} VARIABLE sub_ln61_18 LOOP VITIS_LOOP_318_4 BUNDLEDNAME {} DSP 0 BRAM 0 URAM 0 STORAGESUBTYPE {} DISPNAME {bind_op sub} VISIBLE true} {BINDTYPE op ID {} IMPL auto_sel LATENCY 0 OPTYPE select PRAGMA {} RTLNAME select_ln61_10_fu_2794_p3 SOURCE {C:/AMDDesignTools/2025.2/Vitis/tps/mingw/8.3.0/win64.o/nt\lib\gcc\x86_64-w64-mingw32\8.3.0\include\c++\bits/std_abs.h:61} VARIABLE select_ln61_10 LOOP VITIS_LOOP_318_4 BUNDLEDNAME {} DSP 0 BRAM 0 URAM 0 STORAGESUBTYPE {} DISPNAME {bind_op select} VISIBLE false} {BINDTYPE op ID {} IMPL fabric LATENCY 0 OPTYPE sub PRAGMA {} RTLNAME sub_ln478_3_fu_2806_p2 SOURCE C:/github/zybo_z7_cam_rpi_v2_5mp_hdmi/zybo_z7_imx219/zybo_z7_imx219.runs/design_1_v_demosaic_0_0_synth_1/prj/sol/.autopilot/db/v_demosaic.cpp:478 VARIABLE sub_ln478_3 LOOP VITIS_LOOP_318_4 BUNDLEDNAME {} DSP 0 BRAM 0 URAM 0 STORAGESUBTYPE {} DISPNAME {bind_op sub} VISIBLE true} {BINDTYPE op ID {} IMPL fabric LATENCY 0 OPTYPE sub PRAGMA {} RTLNAME sub_ln61_19_fu_2827_p2 SOURCE {C:/AMDDesignTools/2025.2/Vitis/tps/mingw/8.3.0/win64.o/nt\lib\gcc\x86_64-w64-mingw32\8.3.0\include\c++\bits/std_abs.h:61} VARIABLE sub_ln61_19 LOOP VITIS_LOOP_318_4 BUNDLEDNAME {} DSP 0 BRAM 0 URAM 0 STORAGESUBTYPE {} DISPNAME {bind_op sub} VISIBLE true} {BINDTYPE op ID {} IMPL auto_sel LATENCY 0 OPTYPE select PRAGMA {} RTLNAME select_ln61_11_fu_2833_p3 SOURCE {C:/AMDDesignTools/2025.2/Vitis/tps/mingw/8.3.0/win64.o/nt\lib\gcc\x86_64-w64-mingw32\8.3.0\include\c++\bits/std_abs.h:61} VARIABLE select_ln61_11 LOOP VITIS_LOOP_318_4 BUNDLEDNAME {} DSP 0 BRAM 0 URAM 0 STORAGESUBTYPE {} DISPNAME {bind_op select} VISIBLE false} {BINDTYPE op ID {} IMPL fabric LATENCY 0 OPTYPE add PRAGMA {} RTLNAME add_ln478_fu_2845_p2 SOURCE C:/github/zybo_z7_cam_rpi_v2_5mp_hdmi/zybo_z7_imx219/zybo_z7_imx219.runs/design_1_v_demosaic_0_0_synth_1/prj/sol/.autopilot/db/v_demosaic.cpp:478 VARIABLE add_ln478 LOOP VITIS_LOOP_318_4 BUNDLEDNAME {} DSP 0 BRAM 0 URAM 0 STORAGESUBTYPE {} DISPNAME {bind_op add} VISIBLE true} {BINDTYPE op ID {} IMPL fabric LATENCY 0 OPTYPE add PRAGMA {} RTLNAME add_ln478_1_fu_2855_p2 SOURCE C:/github/zybo_z7_cam_rpi_v2_5mp_hdmi/zybo_z7_imx219/zybo_z7_imx219.runs/design_1_v_demosaic_0_0_synth_1/prj/sol/.autopilot/db/v_demosaic.cpp:478 VARIABLE add_ln478_1 LOOP VITIS_LOOP_318_4 BUNDLEDNAME {} DSP 0 BRAM 0 URAM 0 STORAGESUBTYPE {} DISPNAME {bind_op add} VISIBLE true} {BINDTYPE op ID {} IMPL fabric LATENCY 0 OPTYPE add PRAGMA {} RTLNAME add_ln478_2_fu_2865_p2 SOURCE C:/github/zybo_z7_cam_rpi_v2_5mp_hdmi/zybo_z7_imx219/zybo_z7_imx219.runs/design_1_v_demosaic_0_0_synth_1/prj/sol/.autopilot/db/v_demosaic.cpp:478 VARIABLE add_ln478_2 LOOP VITIS_LOOP_318_4 BUNDLEDNAME {} DSP 0 BRAM 0 URAM 0 STORAGESUBTYPE {} DISPNAME {bind_op add} VISIBLE true} {BINDTYPE op ID {} IMPL fabric LATENCY 0 OPTYPE sub PRAGMA {} RTLNAME sub_ln479_fu_2884_p2 SOURCE C:/github/zybo_z7_cam_rpi_v2_5mp_hdmi/zybo_z7_imx219/zybo_z7_imx219.runs/design_1_v_demosaic_0_0_synth_1/prj/sol/.autopilot/db/v_demosaic.cpp:479 VARIABLE sub_ln479 LOOP VITIS_LOOP_318_4 BUNDLEDNAME {} DSP 0 BRAM 0 URAM 0 STORAGESUBTYPE {} DISPNAME {bind_op sub} VISIBLE true} {BINDTYPE op ID {} IMPL fabric LATENCY 0 OPTYPE sub PRAGMA {} RTLNAME sub_ln61_20_fu_2905_p2 SOURCE {C:/AMDDesignTools/2025.2/Vitis/tps/mingw/8.3.0/win64.o/nt\lib\gcc\x86_64-w64-mingw32\8.3.0\include\c++\bits/std_abs.h:61} VARIABLE sub_ln61_20 LOOP VITIS_LOOP_318_4 BUNDLEDNAME {} DSP 0 BRAM 0 URAM 0 STORAGESUBTYPE {} DISPNAME {bind_op sub} VISIBLE true} {BINDTYPE op ID {} IMPL auto_sel LATENCY 0 OPTYPE select PRAGMA {} RTLNAME select_ln61_12_fu_2911_p3 SOURCE {C:/AMDDesignTools/2025.2/Vitis/tps/mingw/8.3.0/win64.o/nt\lib\gcc\x86_64-w64-mingw32\8.3.0\include\c++\bits/std_abs.h:61} VARIABLE select_ln61_12 LOOP VITIS_LOOP_318_4 BUNDLEDNAME {} DSP 0 BRAM 0 URAM 0 STORAGESUBTYPE {} DISPNAME {bind_op select} VISIBLE false} {BINDTYPE op ID {} IMPL fabric LATENCY 0 OPTYPE sub PRAGMA {} RTLNAME sub_ln479_1_fu_2923_p2 SOURCE C:/github/zybo_z7_cam_rpi_v2_5mp_hdmi/zybo_z7_imx219/zybo_z7_imx219.runs/design_1_v_demosaic_0_0_synth_1/prj/sol/.autopilot/db/v_demosaic.cpp:479 VARIABLE sub_ln479_1 LOOP VITIS_LOOP_318_4 BUNDLEDNAME {} DSP 0 BRAM 0 URAM 0 STORAGESUBTYPE {} DISPNAME {bind_op sub} VISIBLE true} {BINDTYPE op ID {} IMPL fabric LATENCY 0 OPTYPE sub PRAGMA {} RTLNAME sub_ln61_21_fu_2944_p2 SOURCE {C:/AMDDesignTools/2025.2/Vitis/tps/mingw/8.3.0/win64.o/nt\lib\gcc\x86_64-w64-mingw32\8.3.0\include\c++\bits/std_abs.h:61} VARIABLE sub_ln61_21 LOOP VITIS_LOOP_318_4 BUNDLEDNAME {} DSP 0 BRAM 0 URAM 0 STORAGESUBTYPE {} DISPNAME {bind_op sub} VISIBLE true} {BINDTYPE op ID {} IMPL auto_sel LATENCY 0 OPTYPE select PRAGMA {} RTLNAME select_ln61_13_fu_2950_p3 SOURCE {C:/AMDDesignTools/2025.2/Vitis/tps/mingw/8.3.0/win64.o/nt\lib\gcc\x86_64-w64-mingw32\8.3.0\include\c++\bits/std_abs.h:61} VARIABLE select_ln61_13 LOOP VITIS_LOOP_318_4 BUNDLEDNAME {} DSP 0 BRAM 0 URAM 0 STORAGESUBTYPE {} DISPNAME {bind_op select} VISIBLE false} {BINDTYPE op ID {} IMPL fabric LATENCY 0 OPTYPE sub PRAGMA {} RTLNAME sub_ln479_2_fu_2962_p2 SOURCE C:/github/zybo_z7_cam_rpi_v2_5mp_hdmi/zybo_z7_imx219/zybo_z7_imx219.runs/design_1_v_demosaic_0_0_synth_1/prj/sol/.autopilot/db/v_demosaic.cpp:479 VARIABLE sub_ln479_2 LOOP VITIS_LOOP_318_4 BUNDLEDNAME {} DSP 0 BRAM 0 URAM 0 STORAGESUBTYPE {} DISPNAME {bind_op sub} VISIBLE true} {BINDTYPE op ID {} IMPL fabric LATENCY 0 OPTYPE sub PRAGMA {} RTLNAME sub_ln61_22_fu_2983_p2 SOURCE {C:/AMDDesignTools/2025.2/Vitis/tps/mingw/8.3.0/win64.o/nt\lib\gcc\x86_64-w64-mingw32\8.3.0\include\c++\bits/std_abs.h:61} VARIABLE sub_ln61_22 LOOP VITIS_LOOP_318_4 BUNDLEDNAME {} DSP 0 BRAM 0 URAM 0 STORAGESUBTYPE {} DISPNAME {bind_op sub} VISIBLE true} {BINDTYPE op ID {} IMPL auto_sel LATENCY 0 OPTYPE select PRAGMA {} RTLNAME select_ln61_14_fu_2989_p3 SOURCE {C:/AMDDesignTools/2025.2/Vitis/tps/mingw/8.3.0/win64.o/nt\lib\gcc\x86_64-w64-mingw32\8.3.0\include\c++\bits/std_abs.h:61} VARIABLE select_ln61_14 LOOP VITIS_LOOP_318_4 BUNDLEDNAME {} DSP 0 BRAM 0 URAM 0 STORAGESUBTYPE {} DISPNAME {bind_op select} VISIBLE false} {BINDTYPE op ID {} IMPL fabric LATENCY 0 OPTYPE sub PRAGMA {} RTLNAME sub_ln479_3_fu_3001_p2 SOURCE C:/github/zybo_z7_cam_rpi_v2_5mp_hdmi/zybo_z7_imx219/zybo_z7_imx219.runs/design_1_v_demosaic_0_0_synth_1/prj/sol/.autopilot/db/v_demosaic.cpp:479 VARIABLE sub_ln479_3 LOOP VITIS_LOOP_318_4 BUNDLEDNAME {} DSP 0 BRAM 0 URAM 0 STORAGESUBTYPE {} DISPNAME {bind_op sub} VISIBLE true} {BINDTYPE op ID {} IMPL fabric LATENCY 0 OPTYPE sub PRAGMA {} RTLNAME sub_ln61_23_fu_3022_p2 SOURCE {C:/AMDDesignTools/2025.2/Vitis/tps/mingw/8.3.0/win64.o/nt\lib\gcc\x86_64-w64-mingw32\8.3.0\include\c++\bits/std_abs.h:61} VARIABLE sub_ln61_23 LOOP VITIS_LOOP_318_4 BUNDLEDNAME {} DSP 0 BRAM 0 URAM 0 STORAGESUBTYPE {} DISPNAME {bind_op sub} VISIBLE true} {BINDTYPE op ID {} IMPL auto_sel LATENCY 0 OPTYPE select PRAGMA {} RTLNAME select_ln61_15_fu_3028_p3 SOURCE {C:/AMDDesignTools/2025.2/Vitis/tps/mingw/8.3.0/win64.o/nt\lib\gcc\x86_64-w64-mingw32\8.3.0\include\c++\bits/std_abs.h:61} VARIABLE select_ln61_15 LOOP VITIS_LOOP_318_4 BUNDLEDNAME {} DSP 0 BRAM 0 URAM 0 STORAGESUBTYPE {} DISPNAME {bind_op select} VISIBLE false} {BINDTYPE op ID {} IMPL fabric LATENCY 0 OPTYPE add PRAGMA {} RTLNAME add_ln479_fu_3040_p2 SOURCE C:/github/zybo_z7_cam_rpi_v2_5mp_hdmi/zybo_z7_imx219/zybo_z7_imx219.runs/design_1_v_demosaic_0_0_synth_1/prj/sol/.autopilot/db/v_demosaic.cpp:479 VARIABLE add_ln479 LOOP VITIS_LOOP_318_4 BUNDLEDNAME {} DSP 0 BRAM 0 URAM 0 STORAGESUBTYPE {} DISPNAME {bind_op add} VISIBLE true} {BINDTYPE op ID {} IMPL fabric LATENCY 0 OPTYPE add PRAGMA {} RTLNAME add_ln479_1_fu_3050_p2 SOURCE C:/github/zybo_z7_cam_rpi_v2_5mp_hdmi/zybo_z7_imx219/zybo_z7_imx219.runs/design_1_v_demosaic_0_0_synth_1/prj/sol/.autopilot/db/v_demosaic.cpp:479 VARIABLE add_ln479_1 LOOP VITIS_LOOP_318_4 BUNDLEDNAME {} DSP 0 BRAM 0 URAM 0 STORAGESUBTYPE {} DISPNAME {bind_op add} VISIBLE true} {BINDTYPE op ID {} IMPL fabric LATENCY 0 OPTYPE add PRAGMA {} RTLNAME add_ln479_2_fu_3060_p2 SOURCE C:/github/zybo_z7_cam_rpi_v2_5mp_hdmi/zybo_z7_imx219/zybo_z7_imx219.runs/design_1_v_demosaic_0_0_synth_1/prj/sol/.autopilot/db/v_demosaic.cpp:479 VARIABLE add_ln479_2 LOOP VITIS_LOOP_318_4 BUNDLEDNAME {} DSP 0 BRAM 0 URAM 0 STORAGESUBTYPE {} DISPNAME {bind_op add} VISIBLE true} {BINDTYPE op ID {} IMPL fabric LATENCY 0 OPTYPE sub PRAGMA {} RTLNAME sub_ln483_fu_2128_p2 SOURCE C:/github/zybo_z7_cam_rpi_v2_5mp_hdmi/zybo_z7_imx219/zybo_z7_imx219.runs/design_1_v_demosaic_0_0_synth_1/prj/sol/.autopilot/db/v_demosaic.cpp:483 VARIABLE sub_ln483 LOOP VITIS_LOOP_318_4 BUNDLEDNAME {} DSP 0 BRAM 0 URAM 0 STORAGESUBTYPE {} DISPNAME {bind_op sub} VISIBLE true} {BINDTYPE op ID {} IMPL fabric LATENCY 0 OPTYPE sub PRAGMA {} RTLNAME sub_ln61_24_fu_2144_p2 SOURCE {C:/AMDDesignTools/2025.2/Vitis/tps/mingw/8.3.0/win64.o/nt\lib\gcc\x86_64-w64-mingw32\8.3.0\include\c++\bits/std_abs.h:61} VARIABLE sub_ln61_24 LOOP VITIS_LOOP_318_4 BUNDLEDNAME {} DSP 0 BRAM 0 URAM 0 STORAGESUBTYPE {} DISPNAME {bind_op sub} VISIBLE true} {BINDTYPE op ID {} IMPL auto_sel LATENCY 0 OPTYPE select PRAGMA {} RTLNAME select_ln61_16_fu_2150_p3 SOURCE {C:/AMDDesignTools/2025.2/Vitis/tps/mingw/8.3.0/win64.o/nt\lib\gcc\x86_64-w64-mingw32\8.3.0\include\c++\bits/std_abs.h:61} VARIABLE select_ln61_16 LOOP VITIS_LOOP_318_4 BUNDLEDNAME {} DSP 0 BRAM 0 URAM 0 STORAGESUBTYPE {} DISPNAME {bind_op select} VISIBLE false} {BINDTYPE op ID {} IMPL fabric LATENCY 0 OPTYPE sub PRAGMA {} RTLNAME sub_ln483_1_fu_2162_p2 SOURCE C:/github/zybo_z7_cam_rpi_v2_5mp_hdmi/zybo_z7_imx219/zybo_z7_imx219.runs/design_1_v_demosaic_0_0_synth_1/prj/sol/.autopilot/db/v_demosaic.cpp:483 VARIABLE sub_ln483_1 LOOP VITIS_LOOP_318_4 BUNDLEDNAME {} DSP 0 BRAM 0 URAM 0 STORAGESUBTYPE {} DISPNAME {bind_op sub} VISIBLE true} {BINDTYPE op ID {} IMPL fabric LATENCY 0 OPTYPE sub PRAGMA {} RTLNAME sub_ln61_25_fu_2178_p2 SOURCE {C:/AMDDesignTools/2025.2/Vitis/tps/mingw/8.3.0/win64.o/nt\lib\gcc\x86_64-w64-mingw32\8.3.0\include\c++\bits/std_abs.h:61} VARIABLE sub_ln61_25 LOOP VITIS_LOOP_318_4 BUNDLEDNAME {} DSP 0 BRAM 0 URAM 0 STORAGESUBTYPE {} DISPNAME {bind_op sub} VISIBLE true} {BINDTYPE op ID {} IMPL auto_sel LATENCY 0 OPTYPE select PRAGMA {} RTLNAME select_ln61_17_fu_2184_p3 SOURCE {C:/AMDDesignTools/2025.2/Vitis/tps/mingw/8.3.0/win64.o/nt\lib\gcc\x86_64-w64-mingw32\8.3.0\include\c++\bits/std_abs.h:61} VARIABLE select_ln61_17 LOOP VITIS_LOOP_318_4 BUNDLEDNAME {} DSP 0 BRAM 0 URAM 0 STORAGESUBTYPE {} DISPNAME {bind_op select} VISIBLE false} {BINDTYPE op ID {} IMPL fabric LATENCY 0 OPTYPE add PRAGMA {} RTLNAME add_ln483_fu_2196_p2 SOURCE C:/github/zybo_z7_cam_rpi_v2_5mp_hdmi/zybo_z7_imx219/zybo_z7_imx219.runs/design_1_v_demosaic_0_0_synth_1/prj/sol/.autopilot/db/v_demosaic.cpp:483 VARIABLE add_ln483 LOOP VITIS_LOOP_318_4 BUNDLEDNAME {} DSP 0 BRAM 0 URAM 0 STORAGESUBTYPE {} DISPNAME {bind_op add} VISIBLE true} {BINDTYPE op ID {} IMPL fabric LATENCY 0 OPTYPE sub PRAGMA {} RTLNAME sub_ln484_fu_2212_p2 SOURCE C:/github/zybo_z7_cam_rpi_v2_5mp_hdmi/zybo_z7_imx219/zybo_z7_imx219.runs/design_1_v_demosaic_0_0_synth_1/prj/sol/.autopilot/db/v_demosaic.cpp:484 VARIABLE sub_ln484 LOOP VITIS_LOOP_318_4 BUNDLEDNAME {} DSP 0 BRAM 0 URAM 0 STORAGESUBTYPE {} DISPNAME {bind_op sub} VISIBLE true} {BINDTYPE op ID {} IMPL fabric LATENCY 0 OPTYPE sub PRAGMA {} RTLNAME sub_ln61_26_fu_2228_p2 SOURCE {C:/AMDDesignTools/2025.2/Vitis/tps/mingw/8.3.0/win64.o/nt\lib\gcc\x86_64-w64-mingw32\8.3.0\include\c++\bits/std_abs.h:61} VARIABLE sub_ln61_26 LOOP VITIS_LOOP_318_4 BUNDLEDNAME {} DSP 0 BRAM 0 URAM 0 STORAGESUBTYPE {} DISPNAME {bind_op sub} VISIBLE true} {BINDTYPE op ID {} IMPL auto_sel LATENCY 0 OPTYPE select PRAGMA {} RTLNAME select_ln61_18_fu_2234_p3 SOURCE {C:/AMDDesignTools/2025.2/Vitis/tps/mingw/8.3.0/win64.o/nt\lib\gcc\x86_64-w64-mingw32\8.3.0\include\c++\bits/std_abs.h:61} VARIABLE select_ln61_18 LOOP VITIS_LOOP_318_4 BUNDLEDNAME {} DSP 0 BRAM 0 URAM 0 STORAGESUBTYPE {} DISPNAME {bind_op select} VISIBLE false} {BINDTYPE op ID {} IMPL fabric LATENCY 0 OPTYPE sub PRAGMA {} RTLNAME sub_ln484_1_fu_2246_p2 SOURCE C:/github/zybo_z7_cam_rpi_v2_5mp_hdmi/zybo_z7_imx219/zybo_z7_imx219.runs/design_1_v_demosaic_0_0_synth_1/prj/sol/.autopilot/db/v_demosaic.cpp:484 VARIABLE sub_ln484_1 LOOP VITIS_LOOP_318_4 BUNDLEDNAME {} DSP 0 BRAM 0 URAM 0 STORAGESUBTYPE {} DISPNAME {bind_op sub} VISIBLE true} {BINDTYPE op ID {} IMPL fabric LATENCY 0 OPTYPE sub PRAGMA {} RTLNAME sub_ln61_27_fu_2262_p2 SOURCE {C:/AMDDesignTools/2025.2/Vitis/tps/mingw/8.3.0/win64.o/nt\lib\gcc\x86_64-w64-mingw32\8.3.0\include\c++\bits/std_abs.h:61} VARIABLE sub_ln61_27 LOOP VITIS_LOOP_318_4 BUNDLEDNAME {} DSP 0 BRAM 0 URAM 0 STORAGESUBTYPE {} DISPNAME {bind_op sub} VISIBLE true} {BINDTYPE op ID {} IMPL auto_sel LATENCY 0 OPTYPE select PRAGMA {} RTLNAME select_ln61_19_fu_2268_p3 SOURCE {C:/AMDDesignTools/2025.2/Vitis/tps/mingw/8.3.0/win64.o/nt\lib\gcc\x86_64-w64-mingw32\8.3.0\include\c++\bits/std_abs.h:61} VARIABLE select_ln61_19 LOOP VITIS_LOOP_318_4 BUNDLEDNAME {} DSP 0 BRAM 0 URAM 0 STORAGESUBTYPE {} DISPNAME {bind_op select} VISIBLE false} {BINDTYPE op ID {} IMPL fabric LATENCY 0 OPTYPE add PRAGMA {} RTLNAME add_ln484_fu_2280_p2 SOURCE C:/github/zybo_z7_cam_rpi_v2_5mp_hdmi/zybo_z7_imx219/zybo_z7_imx219.runs/design_1_v_demosaic_0_0_synth_1/prj/sol/.autopilot/db/v_demosaic.cpp:484 VARIABLE add_ln484 LOOP VITIS_LOOP_318_4 BUNDLEDNAME {} DSP 0 BRAM 0 URAM 0 STORAGESUBTYPE {} DISPNAME {bind_op add} VISIBLE true} {BINDTYPE op ID {} IMPL fabric LATENCY 0 OPTYPE add PRAGMA {} RTLNAME add_ln492_fu_3082_p2 SOURCE C:/github/zybo_z7_cam_rpi_v2_5mp_hdmi/zybo_z7_imx219/zybo_z7_imx219.runs/design_1_v_demosaic_0_0_synth_1/prj/sol/.autopilot/db/v_demosaic.cpp:492 VARIABLE add_ln492 LOOP VITIS_LOOP_318_4 BUNDLEDNAME {} DSP 0 BRAM 0 URAM 0 STORAGESUBTYPE {} DISPNAME {bind_op add} VISIBLE true} {BINDTYPE op ID {} IMPL fabric LATENCY 0 OPTYPE add PRAGMA {} RTLNAME add_ln492_1_fu_3092_p2 SOURCE C:/github/zybo_z7_cam_rpi_v2_5mp_hdmi/zybo_z7_imx219/zybo_z7_imx219.runs/design_1_v_demosaic_0_0_synth_1/prj/sol/.autopilot/db/v_demosaic.cpp:492 VARIABLE add_ln492_1 LOOP VITIS_LOOP_318_4 BUNDLEDNAME {} DSP 0 BRAM 0 URAM 0 STORAGESUBTYPE {} DISPNAME {bind_op add} VISIBLE true} {BINDTYPE op ID {} IMPL fabric LATENCY 0 OPTYPE add PRAGMA {} RTLNAME add_ln492_2_fu_3112_p2 SOURCE C:/github/zybo_z7_cam_rpi_v2_5mp_hdmi/zybo_z7_imx219/zybo_z7_imx219.runs/design_1_v_demosaic_0_0_synth_1/prj/sol/.autopilot/db/v_demosaic.cpp:492 VARIABLE add_ln492_2 LOOP VITIS_LOOP_318_4 BUNDLEDNAME {} DSP 0 BRAM 0 URAM 0 STORAGESUBTYPE {} DISPNAME {bind_op add} VISIBLE true} {BINDTYPE op ID {} IMPL fabric LATENCY 0 OPTYPE add PRAGMA {} RTLNAME add_ln492_3_fu_3122_p2 SOURCE C:/github/zybo_z7_cam_rpi_v2_5mp_hdmi/zybo_z7_imx219/zybo_z7_imx219.runs/design_1_v_demosaic_0_0_synth_1/prj/sol/.autopilot/db/v_demosaic.cpp:492 VARIABLE add_ln492_3 LOOP VITIS_LOOP_318_4 BUNDLEDNAME {} DSP 0 BRAM 0 URAM 0 STORAGESUBTYPE {} DISPNAME {bind_op add} VISIBLE true} {BINDTYPE op ID {} IMPL fabric LATENCY 0 OPTYPE add PRAGMA {} RTLNAME add_ln492_4_fu_3142_p2 SOURCE C:/github/zybo_z7_cam_rpi_v2_5mp_hdmi/zybo_z7_imx219/zybo_z7_imx219.runs/design_1_v_demosaic_0_0_synth_1/prj/sol/.autopilot/db/v_demosaic.cpp:492 VARIABLE add_ln492_4 LOOP VITIS_LOOP_318_4 BUNDLEDNAME {} DSP 0 BRAM 0 URAM 0 STORAGESUBTYPE {} DISPNAME {bind_op add} VISIBLE true} {BINDTYPE op ID {} IMPL fabric LATENCY 0 OPTYPE add PRAGMA {} RTLNAME add_ln492_5_fu_3162_p2 SOURCE C:/github/zybo_z7_cam_rpi_v2_5mp_hdmi/zybo_z7_imx219/zybo_z7_imx219.runs/design_1_v_demosaic_0_0_synth_1/prj/sol/.autopilot/db/v_demosaic.cpp:492 VARIABLE add_ln492_5 LOOP VITIS_LOOP_318_4 BUNDLEDNAME {} DSP 0 BRAM 0 URAM 0 STORAGESUBTYPE {} DISPNAME {bind_op add} VISIBLE true} {BINDTYPE op ID {} IMPL fabric LATENCY 0 OPTYPE add PRAGMA {} RTLNAME add_ln495_fu_3230_p2 SOURCE C:/github/zybo_z7_cam_rpi_v2_5mp_hdmi/zybo_z7_imx219/zybo_z7_imx219.runs/design_1_v_demosaic_0_0_synth_1/prj/sol/.autopilot/db/v_demosaic.cpp:495 VARIABLE add_ln495 LOOP VITIS_LOOP_318_4 BUNDLEDNAME {} DSP 0 BRAM 0 URAM 0 STORAGESUBTYPE {} DISPNAME {bind_op add} VISIBLE true} {BINDTYPE op ID {} IMPL fabric LATENCY 0 OPTYPE add PRAGMA {} RTLNAME add_ln495_1_fu_3245_p2 SOURCE C:/github/zybo_z7_cam_rpi_v2_5mp_hdmi/zybo_z7_imx219/zybo_z7_imx219.runs/design_1_v_demosaic_0_0_synth_1/prj/sol/.autopilot/db/v_demosaic.cpp:495 VARIABLE add_ln495_1 LOOP VITIS_LOOP_318_4 BUNDLEDNAME {} DSP 0 BRAM 0 URAM 0 STORAGESUBTYPE {} DISPNAME {bind_op add} VISIBLE true} {BINDTYPE op ID {} IMPL fabric LATENCY 0 OPTYPE add PRAGMA {} RTLNAME sw_1_fu_3255_p2 SOURCE C:/github/zybo_z7_cam_rpi_v2_5mp_hdmi/zybo_z7_imx219/zybo_z7_imx219.runs/design_1_v_demosaic_0_0_synth_1/prj/sol/.autopilot/db/v_demosaic.cpp:495 VARIABLE sw_1 LOOP VITIS_LOOP_318_4 BUNDLEDNAME {} DSP 0 BRAM 0 URAM 0 STORAGESUBTYPE {} DISPNAME {bind_op add} VISIBLE true} {BINDTYPE op ID {} IMPL auto LATENCY 0 OPTYPE mul PRAGMA {} RTLNAME mul_18s_9ns_18_1_1_U56 SOURCE C:/github/zybo_z7_cam_rpi_v2_5mp_hdmi/zybo_z7_imx219/zybo_z7_imx219.runs/design_1_v_demosaic_0_0_synth_1/prj/sol/.autopilot/db/v_demosaic.cpp:501 VARIABLE mul_ln501 LOOP VITIS_LOOP_318_4 BUNDLEDNAME {} DSP 1 BRAM 0 URAM 0 STORAGESUBTYPE {} DISPNAME {bind_op mul} VISIBLE true} {BINDTYPE op ID {} IMPL auto LATENCY 0 OPTYPE mul PRAGMA {} RTLNAME mul_18s_8ns_18_1_1_U57 SOURCE C:/github/zybo_z7_cam_rpi_v2_5mp_hdmi/zybo_z7_imx219/zybo_z7_imx219.runs/design_1_v_demosaic_0_0_synth_1/prj/sol/.autopilot/db/v_demosaic.cpp:501 VARIABLE mul_ln501_1 LOOP VITIS_LOOP_318_4 BUNDLEDNAME {} DSP 1 BRAM 0 URAM 0 STORAGESUBTYPE {} DISPNAME {bind_op mul} VISIBLE true} {BINDTYPE op ID {} IMPL auto LATENCY 0 OPTYPE mul PRAGMA {} RTLNAME mul_18s_8ns_18_1_1_U58 SOURCE C:/github/zybo_z7_cam_rpi_v2_5mp_hdmi/zybo_z7_imx219/zybo_z7_imx219.runs/design_1_v_demosaic_0_0_synth_1/prj/sol/.autopilot/db/v_demosaic.cpp:501 VARIABLE mul_ln501_2 LOOP VITIS_LOOP_318_4 BUNDLEDNAME {} DSP 1 BRAM 0 URAM 0 STORAGESUBTYPE {} DISPNAME {bind_op mul} VISIBLE true} {BINDTYPE op ID {} IMPL auto LATENCY 0 OPTYPE mul PRAGMA {} RTLNAME mul_18s_9ns_18_1_1_U59 SOURCE C:/github/zybo_z7_cam_rpi_v2_5mp_hdmi/zybo_z7_imx219/zybo_z7_imx219.runs/design_1_v_demosaic_0_0_synth_1/prj/sol/.autopilot/db/v_demosaic.cpp:501 VARIABLE mul_ln501_3 LOOP VITIS_LOOP_318_4 BUNDLEDNAME {} DSP 1 BRAM 0 URAM 0 STORAGESUBTYPE {} DISPNAME {bind_op mul} VISIBLE true} {BINDTYPE op ID {} IMPL dsp_slice LATENCY 3 OPTYPE mul PRAGMA {} RTLNAME mac_muladd_14s_10ns_24s_25_4_1_U62 SOURCE C:/github/zybo_z7_cam_rpi_v2_5mp_hdmi/zybo_z7_imx219/zybo_z7_imx219.runs/design_1_v_demosaic_0_0_synth_1/prj/sol/.autopilot/db/v_demosaic.cpp:504 VARIABLE mul_ln504 LOOP VITIS_LOOP_318_4 BUNDLEDNAME {} DSP 1 BRAM 0 URAM 0 STORAGESUBTYPE {} DISPNAME {bind_op mul} VISIBLE true} {BINDTYPE op ID {} IMPL dsp_slice LATENCY 3 OPTYPE sext PRAGMA {} RTLNAME mac_muladd_14s_10ns_24s_25_4_1_U62 SOURCE C:/github/zybo_z7_cam_rpi_v2_5mp_hdmi/zybo_z7_imx219/zybo_z7_imx219.runs/design_1_v_demosaic_0_0_synth_1/prj/sol/.autopilot/db/v_demosaic.cpp:504 VARIABLE sext_ln504 LOOP VITIS_LOOP_318_4 BUNDLEDNAME {} DSP 1 BRAM 0 URAM 0 STORAGESUBTYPE {} DISPNAME {bind_op sext} VISIBLE false} {BINDTYPE op ID {} IMPL auto LATENCY 0 OPTYPE mul PRAGMA {} RTLNAME mul_14s_10ns_24_1_1_U60 SOURCE C:/github/zybo_z7_cam_rpi_v2_5mp_hdmi/zybo_z7_imx219/zybo_z7_imx219.runs/design_1_v_demosaic_0_0_synth_1/prj/sol/.autopilot/db/v_demosaic.cpp:504 VARIABLE mul_ln504_1 LOOP VITIS_LOOP_318_4 BUNDLEDNAME {} DSP 1 BRAM 0 URAM 0 STORAGESUBTYPE {} DISPNAME {bind_op mul} VISIBLE true} {BINDTYPE op ID {} IMPL dsp_slice LATENCY 3 OPTYPE mul PRAGMA {} RTLNAME mac_muladd_14s_10ns_24s_25_4_1_U63 SOURCE C:/github/zybo_z7_cam_rpi_v2_5mp_hdmi/zybo_z7_imx219/zybo_z7_imx219.runs/design_1_v_demosaic_0_0_synth_1/prj/sol/.autopilot/db/v_demosaic.cpp:504 VARIABLE mul_ln504_2 LOOP VITIS_LOOP_318_4 BUNDLEDNAME {} DSP 1 BRAM 0 URAM 0 STORAGESUBTYPE {} DISPNAME {bind_op mul} VISIBLE true} {BINDTYPE op ID {} IMPL dsp_slice LATENCY 3 OPTYPE sext PRAGMA {} RTLNAME mac_muladd_14s_10ns_24s_25_4_1_U63 SOURCE C:/github/zybo_z7_cam_rpi_v2_5mp_hdmi/zybo_z7_imx219/zybo_z7_imx219.runs/design_1_v_demosaic_0_0_synth_1/prj/sol/.autopilot/db/v_demosaic.cpp:504 VARIABLE sext_ln504_2 LOOP VITIS_LOOP_318_4 BUNDLEDNAME {} DSP 1 BRAM 0 URAM 0 STORAGESUBTYPE {} DISPNAME {bind_op sext} VISIBLE false} {BINDTYPE op ID {} IMPL auto LATENCY 0 OPTYPE mul PRAGMA {} RTLNAME mul_14s_10ns_24_1_1_U61 SOURCE C:/github/zybo_z7_cam_rpi_v2_5mp_hdmi/zybo_z7_imx219/zybo_z7_imx219.runs/design_1_v_demosaic_0_0_synth_1/prj/sol/.autopilot/db/v_demosaic.cpp:504 VARIABLE mul_ln504_3 LOOP VITIS_LOOP_318_4 BUNDLEDNAME {} DSP 1 BRAM 0 URAM 0 STORAGESUBTYPE {} DISPNAME {bind_op mul} VISIBLE true} {BINDTYPE op ID {} IMPL dsp_slice LATENCY 3 OPTYPE add PRAGMA {} RTLNAME mac_muladd_14s_10ns_24s_25_4_1_U63 SOURCE C:/github/zybo_z7_cam_rpi_v2_5mp_hdmi/zybo_z7_imx219/zybo_z7_imx219.runs/design_1_v_demosaic_0_0_synth_1/prj/sol/.autopilot/db/v_demosaic.cpp:504 VARIABLE add_ln504 LOOP VITIS_LOOP_318_4 BUNDLEDNAME {} DSP 1 BRAM 0 URAM 0 STORAGESUBTYPE {} DISPNAME {bind_op add} VISIBLE true} {BINDTYPE op ID {} IMPL dsp_slice LATENCY 3 OPTYPE add PRAGMA {} RTLNAME mac_muladd_14s_10ns_24s_25_4_1_U62 SOURCE C:/github/zybo_z7_cam_rpi_v2_5mp_hdmi/zybo_z7_imx219/zybo_z7_imx219.runs/design_1_v_demosaic_0_0_synth_1/prj/sol/.autopilot/db/v_demosaic.cpp:504 VARIABLE add_ln504_1 LOOP VITIS_LOOP_318_4 BUNDLEDNAME {} DSP 1 BRAM 0 URAM 0 STORAGESUBTYPE {} DISPNAME {bind_op add} VISIBLE true} {BINDTYPE op ID {} IMPL fabric LATENCY 0 OPTYPE add PRAGMA {} RTLNAME add_ln504_2_fu_3388_p2 SOURCE C:/github/zybo_z7_cam_rpi_v2_5mp_hdmi/zybo_z7_imx219/zybo_z7_imx219.runs/design_1_v_demosaic_0_0_synth_1/prj/sol/.autopilot/db/v_demosaic.cpp:504 VARIABLE add_ln504_2 LOOP VITIS_LOOP_318_4 BUNDLEDNAME {} DSP 0 BRAM 0 URAM 0 STORAGESUBTYPE {} DISPNAME {bind_op add} VISIBLE true} {BINDTYPE op ID {} IMPL fabric LATENCY 0 OPTYPE sub PRAGMA {} RTLNAME sub_ln504_fu_3398_p2 SOURCE C:/github/zybo_z7_cam_rpi_v2_5mp_hdmi/zybo_z7_imx219/zybo_z7_imx219.runs/design_1_v_demosaic_0_0_synth_1/prj/sol/.autopilot/db/v_demosaic.cpp:504 VARIABLE sub_ln504 LOOP VITIS_LOOP_318_4 BUNDLEDNAME {} DSP 0 BRAM 0 URAM 0 STORAGESUBTYPE {} DISPNAME {bind_op sub} VISIBLE true} {BINDTYPE op ID {} IMPL fabric LATENCY 0 OPTYPE sub PRAGMA {} RTLNAME sub_ln504_1_fu_3425_p2 SOURCE C:/github/zybo_z7_cam_rpi_v2_5mp_hdmi/zybo_z7_imx219/zybo_z7_imx219.runs/design_1_v_demosaic_0_0_synth_1/prj/sol/.autopilot/db/v_demosaic.cpp:504 VARIABLE sub_ln504_1 LOOP VITIS_LOOP_318_4 BUNDLEDNAME {} DSP 0 BRAM 0 URAM 0 STORAGESUBTYPE {} DISPNAME {bind_op sub} VISIBLE true} {BINDTYPE op ID {} IMPL auto_sel LATENCY 0 OPTYPE select PRAGMA {} RTLNAME select_ln504_fu_3439_p3 SOURCE C:/github/zybo_z7_cam_rpi_v2_5mp_hdmi/zybo_z7_imx219/zybo_z7_imx219.runs/design_1_v_demosaic_0_0_synth_1/prj/sol/.autopilot/db/v_demosaic.cpp:504 VARIABLE select_ln504 LOOP VITIS_LOOP_318_4 BUNDLEDNAME {} DSP 0 BRAM 0 URAM 0 STORAGESUBTYPE {} DISPNAME {bind_op select} VISIBLE false} {BINDTYPE op ID {} IMPL fabric LATENCY 0 OPTYPE add PRAGMA {} RTLNAME g_fu_3451_p2 SOURCE C:/github/zybo_z7_cam_rpi_v2_5mp_hdmi/zybo_z7_imx219/zybo_z7_imx219.runs/design_1_v_demosaic_0_0_synth_1/prj/sol/.autopilot/db/v_demosaic.cpp:504 VARIABLE g LOOP VITIS_LOOP_318_4 BUNDLEDNAME {} DSP 0 BRAM 0 URAM 0 STORAGESUBTYPE {} DISPNAME {bind_op add} VISIBLE true} {BINDTYPE op ID {} IMPL auto_sel LATENCY 0 OPTYPE select PRAGMA {} RTLNAME phitmp_fu_3524_p3 SOURCE C:/github/zybo_z7_cam_rpi_v2_5mp_hdmi/zybo_z7_imx219/zybo_z7_imx219.runs/design_1_v_demosaic_0_0_synth_1/prj/sol/.autopilot/db/v_demosaic.cpp:506 VARIABLE phitmp LOOP VITIS_LOOP_318_4 BUNDLEDNAME {} DSP 0 BRAM 0 URAM 0 STORAGESUBTYPE {} DISPNAME {bind_op select} VISIBLE false} {BINDTYPE op ID {} IMPL auto_sel LATENCY 0 OPTYPE select PRAGMA {} RTLNAME phitmp9_fu_3531_p3 SOURCE C:/github/zybo_z7_cam_rpi_v2_5mp_hdmi/zybo_z7_imx219/zybo_z7_imx219.runs/design_1_v_demosaic_0_0_synth_1/prj/sol/.autopilot/db/v_demosaic.cpp:506 VARIABLE phitmp9 LOOP VITIS_LOOP_318_4 BUNDLEDNAME {} DSP 0 BRAM 0 URAM 0 STORAGESUBTYPE {} DISPNAME {bind_op select} VISIBLE false} {BINDTYPE op ID {} IMPL auto_sel LATENCY 0 OPTYPE select PRAGMA {} RTLNAME phi_ln509_fu_3538_p3 SOURCE C:/github/zybo_z7_cam_rpi_v2_5mp_hdmi/zybo_z7_imx219/zybo_z7_imx219.runs/design_1_v_demosaic_0_0_synth_1/prj/sol/.autopilot/db/v_demosaic.cpp:439 VARIABLE phi_ln509 LOOP VITIS_LOOP_318_4 BUNDLEDNAME {} DSP 0 BRAM 0 URAM 0 STORAGESUBTYPE {} DISPNAME {bind_op select} VISIBLE false} {BINDTYPE op ID {} IMPL auto_sel LATENCY 0 OPTYPE select PRAGMA {} RTLNAME g_1_fu_3457_p3 SOURCE C:/github/zybo_z7_cam_rpi_v2_5mp_hdmi/zybo_z7_imx219/zybo_z7_imx219.runs/design_1_v_demosaic_0_0_synth_1/prj/sol/.autopilot/db/v_demosaic.cpp:439 VARIABLE g_1 LOOP VITIS_LOOP_318_4 BUNDLEDNAME {} DSP 0 BRAM 0 URAM 0 STORAGESUBTYPE {} DISPNAME {bind_op select} VISIBLE false} {BINDTYPE op ID {} IMPL auto_sel LATENCY 0 OPTYPE select PRAGMA {} RTLNAME phi_ln511_fu_3545_p3 SOURCE C:/github/zybo_z7_cam_rpi_v2_5mp_hdmi/zybo_z7_imx219/zybo_z7_imx219.runs/design_1_v_demosaic_0_0_synth_1/prj/sol/.autopilot/db/v_demosaic.cpp:439 VARIABLE phi_ln511 LOOP VITIS_LOOP_318_4 BUNDLEDNAME {} DSP 0 BRAM 0 URAM 0 STORAGESUBTYPE {} DISPNAME {bind_op select} VISIBLE false} {BINDTYPE op ID {} IMPL auto LATENCY 0 OPTYPE setgt PRAGMA {} RTLNAME icmp_ln510_fu_3486_p2 SOURCE C:/github/zybo_z7_cam_rpi_v2_5mp_hdmi/zybo_z7_imx219/zybo_z7_imx219.runs/design_1_v_demosaic_0_0_synth_1/prj/sol/.autopilot/db/v_demosaic.cpp:510 VARIABLE icmp_ln510 LOOP VITIS_LOOP_318_4 BUNDLEDNAME {} DSP 0 BRAM 0 URAM 0 STORAGESUBTYPE {} DISPNAME {bind_op setgt} VISIBLE false} {BINDTYPE op ID {} IMPL auto LATENCY 0 OPTYPE xor PRAGMA {} RTLNAME xor_ln510_fu_3496_p2 SOURCE C:/github/zybo_z7_cam_rpi_v2_5mp_hdmi/zybo_z7_imx219/zybo_z7_imx219.runs/design_1_v_demosaic_0_0_synth_1/prj/sol/.autopilot/db/v_demosaic.cpp:510 VARIABLE xor_ln510 LOOP VITIS_LOOP_318_4 BUNDLEDNAME {} DSP 0 BRAM 0 URAM 0 STORAGESUBTYPE {} DISPNAME {bind_op xor} VISIBLE false} {BINDTYPE op ID {} IMPL auto_sel LATENCY 0 OPTYPE select PRAGMA {} RTLNAME select_ln510_1_fu_3502_p3 SOURCE C:/github/zybo_z7_cam_rpi_v2_5mp_hdmi/zybo_z7_imx219/zybo_z7_imx219.runs/design_1_v_demosaic_0_0_synth_1/prj/sol/.autopilot/db/v_demosaic.cpp:510 VARIABLE select_ln510_1 LOOP VITIS_LOOP_318_4 BUNDLEDNAME {} DSP 0 BRAM 0 URAM 0 STORAGESUBTYPE {} DISPNAME {bind_op select} VISIBLE false} {BINDTYPE op ID {} IMPL auto LATENCY 0 OPTYPE or PRAGMA {} RTLNAME or_ln510_fu_3510_p2 SOURCE C:/github/zybo_z7_cam_rpi_v2_5mp_hdmi/zybo_z7_imx219/zybo_z7_imx219.runs/design_1_v_demosaic_0_0_synth_1/prj/sol/.autopilot/db/v_demosaic.cpp:510 VARIABLE or_ln510 LOOP VITIS_LOOP_318_4 BUNDLEDNAME {} DSP 0 BRAM 0 URAM 0 STORAGESUBTYPE {} DISPNAME {bind_op or} VISIBLE false} {BINDTYPE op ID {} IMPL auto_sel LATENCY 0 OPTYPE select PRAGMA {} RTLNAME select_ln510_fu_3516_p3 SOURCE C:/github/zybo_z7_cam_rpi_v2_5mp_hdmi/zybo_z7_imx219/zybo_z7_imx219.runs/design_1_v_demosaic_0_0_synth_1/prj/sol/.autopilot/db/v_demosaic.cpp:510 VARIABLE select_ln510 LOOP VITIS_LOOP_318_4 BUNDLEDNAME {} DSP 0 BRAM 0 URAM 0 STORAGESUBTYPE {} DISPNAME {bind_op select} VISIBLE false} {BINDTYPE op ID {} IMPL auto LATENCY 0 OPTYPE or PRAGMA {} RTLNAME or_ln585_fu_1041_p2 SOURCE C:/github/zybo_z7_cam_rpi_v2_5mp_hdmi/zybo_z7_imx219/zybo_z7_imx219.runs/design_1_v_demosaic_0_0_synth_1/prj/sol/.autopilot/db/v_demosaic.cpp:585 VARIABLE or_ln585 LOOP VITIS_LOOP_318_4 BUNDLEDNAME {} DSP 0 BRAM 0 URAM 0 STORAGESUBTYPE {} DISPNAME {bind_op or} VISIBLE false} {BINDTYPE storage ID {} IMPL auto LATENCY 1 OPTYPE rom_np PRAGMA {} RTLNAME DIV1_TABLE_U SOURCE {} VARIABLE DIV1_TABLE LOOP {} BUNDLEDNAME {} DSP 0 BRAM 2 URAM 0 STORAGESUBTYPE {} STORAGESIZE {10 1024 1} STORAGEUSAGE rom_np DISPNAME {bind_storage rom_np} VISIBLE true} {BINDTYPE storage ID {} IMPL auto LATENCY 1 OPTYPE rom_1p PRAGMA {} RTLNAME DIV2_TABLE_U SOURCE {} VARIABLE DIV2_TABLE LOOP {} BUNDLEDNAME {} DSP 0 BRAM 4 URAM 0 STORAGESUBTYPE {} STORAGESIZE {18 4096 1} STORAGEUSAGE rom_1p DISPNAME {bind_storage rom_1p} VISIBLE true}} AREA {DSP 8 BRAM 14 URAM 0}} DebayerG {BINDINFO {{BINDTYPE op ID {} IMPL fabric LATENCY 0 OPTYPE add PRAGMA {} RTLNAME loopHeight_fu_279_p2 SOURCE C:/github/zybo_z7_cam_rpi_v2_5mp_hdmi/zybo_z7_imx219/zybo_z7_imx219.runs/design_1_v_demosaic_0_0_synth_1/prj/sol/.autopilot/db/v_demosaic.cpp:274 VARIABLE loopHeight LOOP {} BUNDLEDNAME {} DSP 0 BRAM 0 URAM 0 STORAGESUBTYPE {} DISPNAME {bind_op add} VISIBLE true} {BINDTYPE op ID {} IMPL fabric LATENCY 0 OPTYPE add PRAGMA {} RTLNAME loopWidth_fu_289_p2 SOURCE C:/github/zybo_z7_cam_rpi_v2_5mp_hdmi/zybo_z7_imx219/zybo_z7_imx219.runs/design_1_v_demosaic_0_0_synth_1/prj/sol/.autopilot/db/v_demosaic.cpp:275 VARIABLE loopWidth LOOP {} BUNDLEDNAME {} DSP 0 BRAM 0 URAM 0 STORAGESUBTYPE {} DISPNAME {bind_op add} VISIBLE true} {BINDTYPE op ID {} IMPL auto LATENCY 0 OPTYPE seteq PRAGMA {} RTLNAME icmp_ln315_fu_313_p2 SOURCE C:/github/zybo_z7_cam_rpi_v2_5mp_hdmi/zybo_z7_imx219/zybo_z7_imx219.runs/design_1_v_demosaic_0_0_synth_1/prj/sol/.autopilot/db/v_demosaic.cpp:315 VARIABLE icmp_ln315 LOOP VITIS_LOOP_315_3 BUNDLEDNAME {} DSP 0 BRAM 0 URAM 0 STORAGESUBTYPE {} DISPNAME {bind_op seteq} VISIBLE false} {BINDTYPE op ID {} IMPL fabric LATENCY 0 OPTYPE add PRAGMA {} RTLNAME y_8_fu_318_p2 SOURCE C:/github/zybo_z7_cam_rpi_v2_5mp_hdmi/zybo_z7_imx219/zybo_z7_imx219.runs/design_1_v_demosaic_0_0_synth_1/prj/sol/.autopilot/db/v_demosaic.cpp:315 VARIABLE y_8 LOOP VITIS_LOOP_315_3 BUNDLEDNAME {} DSP 0 BRAM 0 URAM 0 STORAGESUBTYPE {} DISPNAME {bind_op add} VISIBLE true} {BINDTYPE op ID {} IMPL fabric LATENCY 0 OPTYPE add PRAGMA {} RTLNAME add_ln325_fu_389_p2 SOURCE C:/github/zybo_z7_cam_rpi_v2_5mp_hdmi/zybo_z7_imx219/zybo_z7_imx219.runs/design_1_v_demosaic_0_0_synth_1/prj/sol/.autopilot/db/v_demosaic.cpp:325 VARIABLE add_ln325 LOOP VITIS_LOOP_315_3 BUNDLEDNAME {} DSP 0 BRAM 0 URAM 0 STORAGESUBTYPE {} DISPNAME {bind_op add} VISIBLE true} {BINDTYPE op ID {} IMPL auto LATENCY 0 OPTYPE xor PRAGMA {} RTLNAME xor_ln439_fu_404_p2 SOURCE C:/github/zybo_z7_cam_rpi_v2_5mp_hdmi/zybo_z7_imx219/zybo_z7_imx219.runs/design_1_v_demosaic_0_0_synth_1/prj/sol/.autopilot/db/v_demosaic.cpp:439 VARIABLE xor_ln439 LOOP VITIS_LOOP_315_3 BUNDLEDNAME {} DSP 0 BRAM 0 URAM 0 STORAGESUBTYPE {} DISPNAME {bind_op xor} VISIBLE false}} AREA {DSP 8 BRAM 14 URAM 0}} DebayerRatBorBatR_Pipeline_VITIS_LOOP_633_2 {BINDINFO {{BINDTYPE storage ID {} IMPL auto LATENCY 1 OPTYPE ram_s2p PRAGMA {} RTLNAME lineBuffer_1_U SOURCE C:/github/zybo_z7_cam_rpi_v2_5mp_hdmi/zybo_z7_imx219/zybo_z7_imx219.runs/design_1_v_demosaic_0_0_synth_1/prj/sol/.autopilot/db/v_demosaic.cpp:614 VARIABLE lineBuffer_1 LOOP {} BUNDLEDNAME {} DSP 0 BRAM 4 URAM 0 STORAGESUBTYPE {} STORAGESIZE {30 1921 1} STORAGEUSAGE {ram_s2p array} DISPNAME {bind_storage ram_s2p} VISIBLE true} {BINDTYPE storage ID {} IMPL auto LATENCY 1 OPTYPE ram_s2p PRAGMA {} RTLNAME lineBuffer_U SOURCE C:/github/zybo_z7_cam_rpi_v2_5mp_hdmi/zybo_z7_imx219/zybo_z7_imx219.runs/design_1_v_demosaic_0_0_synth_1/prj/sol/.autopilot/db/v_demosaic.cpp:614 VARIABLE lineBuffer LOOP {} BUNDLEDNAME {} DSP 0 BRAM 4 URAM 0 STORAGESUBTYPE {} STORAGESIZE {30 1921 1} STORAGEUSAGE {ram_s2p array} DISPNAME {bind_storage ram_s2p} VISIBLE true} {BINDTYPE op ID {} IMPL auto LATENCY 0 OPTYPE seteq PRAGMA {} RTLNAME red_fu_776_p2 SOURCE C:/github/zybo_z7_cam_rpi_v2_5mp_hdmi/zybo_z7_imx219/zybo_z7_imx219.runs/design_1_v_demosaic_0_0_synth_1/prj/sol/.autopilot/db/v_demosaic.cpp:786 VARIABLE red LOOP {} BUNDLEDNAME {} DSP 0 BRAM 0 URAM 0 STORAGESUBTYPE {} DISPNAME {bind_op seteq} VISIBLE false} {BINDTYPE op ID {} IMPL auto LATENCY 0 OPTYPE setlt PRAGMA {} RTLNAME icmp_ln664_fu_782_p2 SOURCE C:/github/zybo_z7_cam_rpi_v2_5mp_hdmi/zybo_z7_imx219/zybo_z7_imx219.runs/design_1_v_demosaic_0_0_synth_1/prj/sol/.autopilot/db/v_demosaic.cpp:664 VARIABLE icmp_ln664 LOOP {} BUNDLEDNAME {} DSP 0 BRAM 0 URAM 0 STORAGESUBTYPE {} DISPNAME {bind_op setlt} VISIBLE false} {BINDTYPE op ID {} IMPL auto LATENCY 0 OPTYPE setne PRAGMA {} RTLNAME icmp_ln728_fu_788_p2 SOURCE C:/github/zybo_z7_cam_rpi_v2_5mp_hdmi/zybo_z7_imx219/zybo_z7_imx219.runs/design_1_v_demosaic_0_0_synth_1/prj/sol/.autopilot/db/v_demosaic.cpp:728 VARIABLE icmp_ln728 LOOP {} BUNDLEDNAME {} DSP 0 BRAM 0 URAM 0 STORAGESUBTYPE {} DISPNAME {bind_op setne} VISIBLE false} {BINDTYPE op ID {} IMPL auto LATENCY 0 OPTYPE seteq PRAGMA {} RTLNAME icmp_ln633_fu_877_p2 SOURCE C:/github/zybo_z7_cam_rpi_v2_5mp_hdmi/zybo_z7_imx219/zybo_z7_imx219.runs/design_1_v_demosaic_0_0_synth_1/prj/sol/.autopilot/db/v_demosaic.cpp:633 VARIABLE icmp_ln633 LOOP VITIS_LOOP_633_2 BUNDLEDNAME {} DSP 0 BRAM 0 URAM 0 STORAGESUBTYPE {} DISPNAME {bind_op seteq} VISIBLE false} {BINDTYPE op ID {} IMPL fabric LATENCY 0 OPTYPE add PRAGMA {} RTLNAME x_5_fu_883_p2 SOURCE C:/github/zybo_z7_cam_rpi_v2_5mp_hdmi/zybo_z7_imx219/zybo_z7_imx219.runs/design_1_v_demosaic_0_0_synth_1/prj/sol/.autopilot/db/v_demosaic.cpp:638 VARIABLE x_5 LOOP VITIS_LOOP_633_2 BUNDLEDNAME {} DSP 0 BRAM 0 URAM 0 STORAGESUBTYPE {} DISPNAME {bind_op add} VISIBLE true} {BINDTYPE op ID {} IMPL auto LATENCY 0 OPTYPE setlt PRAGMA {} RTLNAME icmp_ln643_fu_899_p2 SOURCE C:/github/zybo_z7_cam_rpi_v2_5mp_hdmi/zybo_z7_imx219/zybo_z7_imx219.runs/design_1_v_demosaic_0_0_synth_1/prj/sol/.autopilot/db/v_demosaic.cpp:643 VARIABLE icmp_ln643 LOOP VITIS_LOOP_633_2 BUNDLEDNAME {} DSP 0 BRAM 0 URAM 0 STORAGESUBTYPE {} DISPNAME {bind_op setlt} VISIBLE false} {BINDTYPE op ID {} IMPL auto LATENCY 0 OPTYPE seteq PRAGMA {} RTLNAME icmp_ln710_fu_905_p2 SOURCE C:/github/zybo_z7_cam_rpi_v2_5mp_hdmi/zybo_z7_imx219/zybo_z7_imx219.runs/design_1_v_demosaic_0_0_synth_1/prj/sol/.autopilot/db/v_demosaic.cpp:710 VARIABLE icmp_ln710 LOOP VITIS_LOOP_633_2 BUNDLEDNAME {} DSP 0 BRAM 0 URAM 0 STORAGESUBTYPE {} DISPNAME {bind_op seteq} VISIBLE false} {BINDTYPE op ID {} IMPL auto_sel LATENCY 0 OPTYPE select PRAGMA {} RTLNAME select_ln710_fu_1314_p3 SOURCE C:/github/zybo_z7_cam_rpi_v2_5mp_hdmi/zybo_z7_imx219/zybo_z7_imx219.runs/design_1_v_demosaic_0_0_synth_1/prj/sol/.autopilot/db/v_demosaic.cpp:710 VARIABLE select_ln710 LOOP VITIS_LOOP_633_2 BUNDLEDNAME {} DSP 0 BRAM 0 URAM 0 STORAGESUBTYPE {} DISPNAME {bind_op select} VISIBLE false} {BINDTYPE op ID {} IMPL auto_sel LATENCY 0 OPTYPE select PRAGMA {} RTLNAME select_ln710_1_fu_1044_p3 SOURCE C:/github/zybo_z7_cam_rpi_v2_5mp_hdmi/zybo_z7_imx219/zybo_z7_imx219.runs/design_1_v_demosaic_0_0_synth_1/prj/sol/.autopilot/db/v_demosaic.cpp:710 VARIABLE select_ln710_1 LOOP VITIS_LOOP_633_2 BUNDLEDNAME {} DSP 0 BRAM 0 URAM 0 STORAGESUBTYPE {} DISPNAME {bind_op select} VISIBLE false} {BINDTYPE op ID {} IMPL auto_sel LATENCY 0 OPTYPE select PRAGMA {} RTLNAME select_ln710_2_fu_1320_p3 SOURCE C:/github/zybo_z7_cam_rpi_v2_5mp_hdmi/zybo_z7_imx219/zybo_z7_imx219.runs/design_1_v_demosaic_0_0_synth_1/prj/sol/.autopilot/db/v_demosaic.cpp:710 VARIABLE select_ln710_2 LOOP VITIS_LOOP_633_2 BUNDLEDNAME {} DSP 0 BRAM 0 URAM 0 STORAGESUBTYPE {} DISPNAME {bind_op select} VISIBLE false} {BINDTYPE op ID {} IMPL auto_sel LATENCY 0 OPTYPE select PRAGMA {} RTLNAME select_ln710_3_fu_1326_p3 SOURCE C:/github/zybo_z7_cam_rpi_v2_5mp_hdmi/zybo_z7_imx219/zybo_z7_imx219.runs/design_1_v_demosaic_0_0_synth_1/prj/sol/.autopilot/db/v_demosaic.cpp:710 VARIABLE select_ln710_3 LOOP VITIS_LOOP_633_2 BUNDLEDNAME {} DSP 0 BRAM 0 URAM 0 STORAGESUBTYPE {} DISPNAME {bind_op select} VISIBLE false} {BINDTYPE op ID {} IMPL auto_sel LATENCY 0 OPTYPE select PRAGMA {} RTLNAME select_ln710_4_fu_1051_p3 SOURCE C:/github/zybo_z7_cam_rpi_v2_5mp_hdmi/zybo_z7_imx219/zybo_z7_imx219.runs/design_1_v_demosaic_0_0_synth_1/prj/sol/.autopilot/db/v_demosaic.cpp:710 VARIABLE select_ln710_4 LOOP VITIS_LOOP_633_2 BUNDLEDNAME {} DSP 0 BRAM 0 URAM 0 STORAGESUBTYPE {} DISPNAME {bind_op select} VISIBLE false} {BINDTYPE op ID {} IMPL auto_sel LATENCY 0 OPTYPE select PRAGMA {} RTLNAME select_ln710_5_fu_1333_p3 SOURCE C:/github/zybo_z7_cam_rpi_v2_5mp_hdmi/zybo_z7_imx219/zybo_z7_imx219.runs/design_1_v_demosaic_0_0_synth_1/prj/sol/.autopilot/db/v_demosaic.cpp:710 VARIABLE select_ln710_5 LOOP VITIS_LOOP_633_2 BUNDLEDNAME {} DSP 0 BRAM 0 URAM 0 STORAGESUBTYPE {} DISPNAME {bind_op select} VISIBLE false} {BINDTYPE op ID {} IMPL auto_sel LATENCY 0 OPTYPE select PRAGMA {} RTLNAME select_ln710_6_fu_1340_p3 SOURCE C:/github/zybo_z7_cam_rpi_v2_5mp_hdmi/zybo_z7_imx219/zybo_z7_imx219.runs/design_1_v_demosaic_0_0_synth_1/prj/sol/.autopilot/db/v_demosaic.cpp:710 VARIABLE select_ln710_6 LOOP VITIS_LOOP_633_2 BUNDLEDNAME {} DSP 0 BRAM 0 URAM 0 STORAGESUBTYPE {} DISPNAME {bind_op select} VISIBLE false} {BINDTYPE op ID {} IMPL auto_sel LATENCY 0 OPTYPE select PRAGMA {} RTLNAME select_ln710_7_fu_1058_p3 SOURCE C:/github/zybo_z7_cam_rpi_v2_5mp_hdmi/zybo_z7_imx219/zybo_z7_imx219.runs/design_1_v_demosaic_0_0_synth_1/prj/sol/.autopilot/db/v_demosaic.cpp:710 VARIABLE select_ln710_7 LOOP VITIS_LOOP_633_2 BUNDLEDNAME {} DSP 0 BRAM 0 URAM 0 STORAGESUBTYPE {} DISPNAME {bind_op select} VISIBLE false} {BINDTYPE op ID {} IMPL auto_sel LATENCY 0 OPTYPE select PRAGMA {} RTLNAME select_ln710_8_fu_1347_p3 SOURCE C:/github/zybo_z7_cam_rpi_v2_5mp_hdmi/zybo_z7_imx219/zybo_z7_imx219.runs/design_1_v_demosaic_0_0_synth_1/prj/sol/.autopilot/db/v_demosaic.cpp:710 VARIABLE select_ln710_8 LOOP VITIS_LOOP_633_2 BUNDLEDNAME {} DSP 0 BRAM 0 URAM 0 STORAGESUBTYPE {} DISPNAME {bind_op select} VISIBLE false} {BINDTYPE op ID {} IMPL auto_sel LATENCY 0 OPTYPE select PRAGMA {} RTLNAME select_ln710_9_fu_1354_p3 SOURCE C:/github/zybo_z7_cam_rpi_v2_5mp_hdmi/zybo_z7_imx219/zybo_z7_imx219.runs/design_1_v_demosaic_0_0_synth_1/prj/sol/.autopilot/db/v_demosaic.cpp:710 VARIABLE select_ln710_9 LOOP VITIS_LOOP_633_2 BUNDLEDNAME {} DSP 0 BRAM 0 URAM 0 STORAGESUBTYPE {} DISPNAME {bind_op select} VISIBLE false} {BINDTYPE op ID {} IMPL auto_sel LATENCY 0 OPTYPE select PRAGMA {} RTLNAME select_ln710_10_fu_1064_p3 SOURCE C:/github/zybo_z7_cam_rpi_v2_5mp_hdmi/zybo_z7_imx219/zybo_z7_imx219.runs/design_1_v_demosaic_0_0_synth_1/prj/sol/.autopilot/db/v_demosaic.cpp:710 VARIABLE select_ln710_10 LOOP VITIS_LOOP_633_2 BUNDLEDNAME {} DSP 0 BRAM 0 URAM 0 STORAGESUBTYPE {} DISPNAME {bind_op select} VISIBLE false} {BINDTYPE op ID {} IMPL auto_sel LATENCY 0 OPTYPE select PRAGMA {} RTLNAME select_ln710_11_fu_1362_p3 SOURCE C:/github/zybo_z7_cam_rpi_v2_5mp_hdmi/zybo_z7_imx219/zybo_z7_imx219.runs/design_1_v_demosaic_0_0_synth_1/prj/sol/.autopilot/db/v_demosaic.cpp:710 VARIABLE select_ln710_11 LOOP VITIS_LOOP_633_2 BUNDLEDNAME {} DSP 0 BRAM 0 URAM 0 STORAGESUBTYPE {} DISPNAME {bind_op select} VISIBLE false} {BINDTYPE op ID {} IMPL auto_sel LATENCY 0 OPTYPE select PRAGMA {} RTLNAME select_ln710_12_fu_1370_p3 SOURCE C:/github/zybo_z7_cam_rpi_v2_5mp_hdmi/zybo_z7_imx219/zybo_z7_imx219.runs/design_1_v_demosaic_0_0_synth_1/prj/sol/.autopilot/db/v_demosaic.cpp:710 VARIABLE select_ln710_12 LOOP VITIS_LOOP_633_2 BUNDLEDNAME {} DSP 0 BRAM 0 URAM 0 STORAGESUBTYPE {} DISPNAME {bind_op select} VISIBLE false} {BINDTYPE op ID {} IMPL auto_sel LATENCY 0 OPTYPE select PRAGMA {} RTLNAME select_ln710_13_fu_1072_p3 SOURCE C:/github/zybo_z7_cam_rpi_v2_5mp_hdmi/zybo_z7_imx219/zybo_z7_imx219.runs/design_1_v_demosaic_0_0_synth_1/prj/sol/.autopilot/db/v_demosaic.cpp:710 VARIABLE select_ln710_13 LOOP VITIS_LOOP_633_2 BUNDLEDNAME {} DSP 0 BRAM 0 URAM 0 STORAGESUBTYPE {} DISPNAME {bind_op select} VISIBLE false} {BINDTYPE op ID {} IMPL auto_sel LATENCY 0 OPTYPE select PRAGMA {} RTLNAME select_ln710_14_fu_1378_p3 SOURCE C:/github/zybo_z7_cam_rpi_v2_5mp_hdmi/zybo_z7_imx219/zybo_z7_imx219.runs/design_1_v_demosaic_0_0_synth_1/prj/sol/.autopilot/db/v_demosaic.cpp:710 VARIABLE select_ln710_14 LOOP VITIS_LOOP_633_2 BUNDLEDNAME {} DSP 0 BRAM 0 URAM 0 STORAGESUBTYPE {} DISPNAME {bind_op select} VISIBLE false} {BINDTYPE op ID {} IMPL auto_sel LATENCY 0 OPTYPE select PRAGMA {} RTLNAME select_ln728_fu_1079_p3 SOURCE C:/github/zybo_z7_cam_rpi_v2_5mp_hdmi/zybo_z7_imx219/zybo_z7_imx219.runs/design_1_v_demosaic_0_0_synth_1/prj/sol/.autopilot/db/v_demosaic.cpp:728 VARIABLE select_ln728 LOOP VITIS_LOOP_633_2 BUNDLEDNAME {} DSP 0 BRAM 0 URAM 0 STORAGESUBTYPE {} DISPNAME {bind_op select} VISIBLE false} {BINDTYPE op ID {} IMPL auto_sel LATENCY 0 OPTYPE select PRAGMA {} RTLNAME select_ln728_1_fu_1085_p3 SOURCE C:/github/zybo_z7_cam_rpi_v2_5mp_hdmi/zybo_z7_imx219/zybo_z7_imx219.runs/design_1_v_demosaic_0_0_synth_1/prj/sol/.autopilot/db/v_demosaic.cpp:728 VARIABLE select_ln728_1 LOOP VITIS_LOOP_633_2 BUNDLEDNAME {} DSP 0 BRAM 0 URAM 0 STORAGESUBTYPE {} DISPNAME {bind_op select} VISIBLE false} {BINDTYPE op ID {} IMPL auto_sel LATENCY 0 OPTYPE select PRAGMA {} RTLNAME select_ln728_2_fu_1091_p3 SOURCE C:/github/zybo_z7_cam_rpi_v2_5mp_hdmi/zybo_z7_imx219/zybo_z7_imx219.runs/design_1_v_demosaic_0_0_synth_1/prj/sol/.autopilot/db/v_demosaic.cpp:728 VARIABLE select_ln728_2 LOOP VITIS_LOOP_633_2 BUNDLEDNAME {} DSP 0 BRAM 0 URAM 0 STORAGESUBTYPE {} DISPNAME {bind_op select} VISIBLE false} {BINDTYPE op ID {} IMPL auto LATENCY 0 OPTYPE xor PRAGMA {} RTLNAME xor_ln772_2_fu_911_p2 SOURCE C:/github/zybo_z7_cam_rpi_v2_5mp_hdmi/zybo_z7_imx219/zybo_z7_imx219.runs/design_1_v_demosaic_0_0_synth_1/prj/sol/.autopilot/db/v_demosaic.cpp:772 VARIABLE xor_ln772_2 LOOP VITIS_LOOP_633_2 BUNDLEDNAME {} DSP 0 BRAM 0 URAM 0 STORAGESUBTYPE {} DISPNAME {bind_op xor} VISIBLE false} {BINDTYPE op ID {} IMPL auto LATENCY 0 OPTYPE xor PRAGMA {} RTLNAME xor_ln772_3_fu_917_p2 SOURCE C:/github/zybo_z7_cam_rpi_v2_5mp_hdmi/zybo_z7_imx219/zybo_z7_imx219.runs/design_1_v_demosaic_0_0_synth_1/prj/sol/.autopilot/db/v_demosaic.cpp:772 VARIABLE xor_ln772_3 LOOP VITIS_LOOP_633_2 BUNDLEDNAME {} DSP 0 BRAM 0 URAM 0 STORAGESUBTYPE {} DISPNAME {bind_op xor} VISIBLE false} {BINDTYPE op ID {} IMPL auto LATENCY 0 OPTYPE seteq PRAGMA {} RTLNAME icmp_ln772_fu_927_p2 SOURCE C:/github/zybo_z7_cam_rpi_v2_5mp_hdmi/zybo_z7_imx219/zybo_z7_imx219.runs/design_1_v_demosaic_0_0_synth_1/prj/sol/.autopilot/db/v_demosaic.cpp:772 VARIABLE icmp_ln772 LOOP VITIS_LOOP_633_2 BUNDLEDNAME {} DSP 0 BRAM 0 URAM 0 STORAGESUBTYPE {} DISPNAME {bind_op seteq} VISIBLE false} {BINDTYPE op ID {} IMPL auto_sel LATENCY 0 OPTYPE select PRAGMA {} RTLNAME CH_fu_1783_p3 SOURCE C:/github/zybo_z7_cam_rpi_v2_5mp_hdmi/zybo_z7_imx219/zybo_z7_imx219.runs/design_1_v_demosaic_0_0_synth_1/prj/sol/.autopilot/db/v_demosaic.cpp:788 VARIABLE CH LOOP VITIS_LOOP_633_2 BUNDLEDNAME {} DSP 0 BRAM 0 URAM 0 STORAGESUBTYPE {} DISPNAME {bind_op select} VISIBLE false} {BINDTYPE op ID {} IMPL fabric LATENCY 0 OPTYPE sub PRAGMA {} RTLNAME sub_ln790_fu_1126_p2 SOURCE C:/github/zybo_z7_cam_rpi_v2_5mp_hdmi/zybo_z7_imx219/zybo_z7_imx219.runs/design_1_v_demosaic_0_0_synth_1/prj/sol/.autopilot/db/v_demosaic.cpp:790 VARIABLE sub_ln790 LOOP VITIS_LOOP_633_2 BUNDLEDNAME {} DSP 0 BRAM 0 URAM 0 STORAGESUBTYPE {} DISPNAME {bind_op sub} VISIBLE true} {BINDTYPE op ID {} IMPL fabric LATENCY 0 OPTYPE sub PRAGMA {} RTLNAME sub_ln61_fu_1144_p2 SOURCE {C:/AMDDesignTools/2025.2/Vitis/tps/mingw/8.3.0/win64.o/nt\lib\gcc\x86_64-w64-mingw32\8.3.0\include\c++\bits/std_abs.h:61} VARIABLE sub_ln61 LOOP VITIS_LOOP_633_2 BUNDLEDNAME {} DSP 0 BRAM 0 URAM 0 STORAGESUBTYPE {} DISPNAME {bind_op sub} VISIBLE true} {BINDTYPE op ID {} IMPL auto_sel LATENCY 0 OPTYPE select PRAGMA {} RTLNAME agdiff_fu_1150_p3 SOURCE {C:/AMDDesignTools/2025.2/Vitis/tps/mingw/8.3.0/win64.o/nt\lib\gcc\x86_64-w64-mingw32\8.3.0\include\c++\bits/std_abs.h:61} VARIABLE agdiff LOOP VITIS_LOOP_633_2 BUNDLEDNAME {} DSP 0 BRAM 0 URAM 0 STORAGESUBTYPE {} DISPNAME {bind_op select} VISIBLE false} {BINDTYPE op ID {} IMPL fabric LATENCY 0 OPTYPE sub PRAGMA {} RTLNAME sub_ln791_fu_1162_p2 SOURCE C:/github/zybo_z7_cam_rpi_v2_5mp_hdmi/zybo_z7_imx219/zybo_z7_imx219.runs/design_1_v_demosaic_0_0_synth_1/prj/sol/.autopilot/db/v_demosaic.cpp:791 VARIABLE sub_ln791 LOOP VITIS_LOOP_633_2 BUNDLEDNAME {} DSP 0 BRAM 0 URAM 0 STORAGESUBTYPE {} DISPNAME {bind_op sub} VISIBLE true} {BINDTYPE op ID {} IMPL fabric LATENCY 0 OPTYPE sub PRAGMA {} RTLNAME sub_ln61_1_fu_1180_p2 SOURCE {C:/AMDDesignTools/2025.2/Vitis/tps/mingw/8.3.0/win64.o/nt\lib\gcc\x86_64-w64-mingw32\8.3.0\include\c++\bits/std_abs.h:61} VARIABLE sub_ln61_1 LOOP VITIS_LOOP_633_2 BUNDLEDNAME {} DSP 0 BRAM 0 URAM 0 STORAGESUBTYPE {} DISPNAME {bind_op sub} VISIBLE true} {BINDTYPE op ID {} IMPL auto_sel LATENCY 0 OPTYPE select PRAGMA {} RTLNAME agdiff_1_fu_1186_p3 SOURCE {C:/AMDDesignTools/2025.2/Vitis/tps/mingw/8.3.0/win64.o/nt\lib\gcc\x86_64-w64-mingw32\8.3.0\include\c++\bits/std_abs.h:61} VARIABLE agdiff_1 LOOP VITIS_LOOP_633_2 BUNDLEDNAME {} DSP 0 BRAM 0 URAM 0 STORAGESUBTYPE {} DISPNAME {bind_op select} VISIBLE false} {BINDTYPE op ID {} IMPL fabric LATENCY 0 OPTYPE sub PRAGMA {} RTLNAME sub_ln792_fu_1198_p2 SOURCE C:/github/zybo_z7_cam_rpi_v2_5mp_hdmi/zybo_z7_imx219/zybo_z7_imx219.runs/design_1_v_demosaic_0_0_synth_1/prj/sol/.autopilot/db/v_demosaic.cpp:792 VARIABLE sub_ln792 LOOP VITIS_LOOP_633_2 BUNDLEDNAME {} DSP 0 BRAM 0 URAM 0 STORAGESUBTYPE {} DISPNAME {bind_op sub} VISIBLE true} {BINDTYPE op ID {} IMPL fabric LATENCY 0 OPTYPE sub PRAGMA {} RTLNAME sub_ln61_2_fu_1216_p2 SOURCE {C:/AMDDesignTools/2025.2/Vitis/tps/mingw/8.3.0/win64.o/nt\lib\gcc\x86_64-w64-mingw32\8.3.0\include\c++\bits/std_abs.h:61} VARIABLE sub_ln61_2 LOOP VITIS_LOOP_633_2 BUNDLEDNAME {} DSP 0 BRAM 0 URAM 0 STORAGESUBTYPE {} DISPNAME {bind_op sub} VISIBLE true} {BINDTYPE op ID {} IMPL auto_sel LATENCY 0 OPTYPE select PRAGMA {} RTLNAME agdiff_2_fu_1222_p3 SOURCE {C:/AMDDesignTools/2025.2/Vitis/tps/mingw/8.3.0/win64.o/nt\lib\gcc\x86_64-w64-mingw32\8.3.0\include\c++\bits/std_abs.h:61} VARIABLE agdiff_2 LOOP VITIS_LOOP_633_2 BUNDLEDNAME {} DSP 0 BRAM 0 URAM 0 STORAGESUBTYPE {} DISPNAME {bind_op select} VISIBLE false} {BINDTYPE op ID {} IMPL fabric LATENCY 0 OPTYPE sub PRAGMA {} RTLNAME sub_ln793_fu_1234_p2 SOURCE C:/github/zybo_z7_cam_rpi_v2_5mp_hdmi/zybo_z7_imx219/zybo_z7_imx219.runs/design_1_v_demosaic_0_0_synth_1/prj/sol/.autopilot/db/v_demosaic.cpp:793 VARIABLE sub_ln793 LOOP VITIS_LOOP_633_2 BUNDLEDNAME {} DSP 0 BRAM 0 URAM 0 STORAGESUBTYPE {} DISPNAME {bind_op sub} VISIBLE true} {BINDTYPE op ID {} IMPL fabric LATENCY 0 OPTYPE sub PRAGMA {} RTLNAME sub_ln61_3_fu_1252_p2 SOURCE {C:/AMDDesignTools/2025.2/Vitis/tps/mingw/8.3.0/win64.o/nt\lib\gcc\x86_64-w64-mingw32\8.3.0\include\c++\bits/std_abs.h:61} VARIABLE sub_ln61_3 LOOP VITIS_LOOP_633_2 BUNDLEDNAME {} DSP 0 BRAM 0 URAM 0 STORAGESUBTYPE {} DISPNAME {bind_op sub} VISIBLE true} {BINDTYPE op ID {} IMPL auto_sel LATENCY 0 OPTYPE select PRAGMA {} RTLNAME agdiff_3_fu_1258_p3 SOURCE {C:/AMDDesignTools/2025.2/Vitis/tps/mingw/8.3.0/win64.o/nt\lib\gcc\x86_64-w64-mingw32\8.3.0\include\c++\bits/std_abs.h:61} VARIABLE agdiff_3 LOOP VITIS_LOOP_633_2 BUNDLEDNAME {} DSP 0 BRAM 0 URAM 0 STORAGESUBTYPE {} DISPNAME {bind_op select} VISIBLE false} {BINDTYPE op ID {} IMPL auto LATENCY 0 OPTYPE setlt PRAGMA {} RTLNAME enable_fu_1412_p2 SOURCE C:/github/zybo_z7_cam_rpi_v2_5mp_hdmi/zybo_z7_imx219/zybo_z7_imx219.runs/design_1_v_demosaic_0_0_synth_1/prj/sol/.autopilot/db/v_demosaic.cpp:795 VARIABLE enable LOOP VITIS_LOOP_633_2 BUNDLEDNAME {} DSP 0 BRAM 0 URAM 0 STORAGESUBTYPE {} DISPNAME {bind_op setlt} VISIBLE false} {BINDTYPE op ID {} IMPL auto LATENCY 0 OPTYPE setlt PRAGMA {} RTLNAME icmp_ln796_fu_1420_p2 SOURCE C:/github/zybo_z7_cam_rpi_v2_5mp_hdmi/zybo_z7_imx219/zybo_z7_imx219.runs/design_1_v_demosaic_0_0_synth_1/prj/sol/.autopilot/db/v_demosaic.cpp:796 VARIABLE icmp_ln796 LOOP VITIS_LOOP_633_2 BUNDLEDNAME {} DSP 0 BRAM 0 URAM 0 STORAGESUBTYPE {} DISPNAME {bind_op setlt} VISIBLE false} {BINDTYPE op ID {} IMPL auto_sel LATENCY 0 OPTYPE select PRAGMA {} RTLNAME enable_1_fu_1432_p3 SOURCE C:/github/zybo_z7_cam_rpi_v2_5mp_hdmi/zybo_z7_imx219/zybo_z7_imx219.runs/design_1_v_demosaic_0_0_synth_1/prj/sol/.autopilot/db/v_demosaic.cpp:796 VARIABLE enable_1 LOOP VITIS_LOOP_633_2 BUNDLEDNAME {} DSP 0 BRAM 0 URAM 0 STORAGESUBTYPE {} DISPNAME {bind_op select} VISIBLE false} {BINDTYPE op ID {} IMPL auto LATENCY 0 OPTYPE setlt PRAGMA {} RTLNAME icmp_ln797_fu_1444_p2 SOURCE C:/github/zybo_z7_cam_rpi_v2_5mp_hdmi/zybo_z7_imx219/zybo_z7_imx219.runs/design_1_v_demosaic_0_0_synth_1/prj/sol/.autopilot/db/v_demosaic.cpp:797 VARIABLE icmp_ln797 LOOP VITIS_LOOP_633_2 BUNDLEDNAME {} DSP 0 BRAM 0 URAM 0 STORAGESUBTYPE {} DISPNAME {bind_op setlt} VISIBLE false} {BINDTYPE op ID {} IMPL auto_sel LATENCY 0 OPTYPE select PRAGMA {} RTLNAME enable_3_fu_1456_p3 SOURCE C:/github/zybo_z7_cam_rpi_v2_5mp_hdmi/zybo_z7_imx219/zybo_z7_imx219.runs/design_1_v_demosaic_0_0_synth_1/prj/sol/.autopilot/db/v_demosaic.cpp:797 VARIABLE enable_3 LOOP VITIS_LOOP_633_2 BUNDLEDNAME {} DSP 0 BRAM 0 URAM 0 STORAGESUBTYPE {} DISPNAME {bind_op select} VISIBLE false} {BINDTYPE op ID {} IMPL auto LATENCY 0 OPTYPE setlt PRAGMA {} RTLNAME icmp_ln798_fu_1468_p2 SOURCE C:/github/zybo_z7_cam_rpi_v2_5mp_hdmi/zybo_z7_imx219/zybo_z7_imx219.runs/design_1_v_demosaic_0_0_synth_1/prj/sol/.autopilot/db/v_demosaic.cpp:798 VARIABLE icmp_ln798 LOOP VITIS_LOOP_633_2 BUNDLEDNAME {} DSP 0 BRAM 0 URAM 0 STORAGESUBTYPE {} DISPNAME {bind_op setlt} VISIBLE false} {BINDTYPE op ID {} IMPL auto_sel LATENCY 0 OPTYPE select PRAGMA {} RTLNAME enable_4_fu_1480_p3 SOURCE C:/github/zybo_z7_cam_rpi_v2_5mp_hdmi/zybo_z7_imx219/zybo_z7_imx219.runs/design_1_v_demosaic_0_0_synth_1/prj/sol/.autopilot/db/v_demosaic.cpp:798 VARIABLE enable_4 LOOP VITIS_LOOP_633_2 BUNDLEDNAME {} DSP 0 BRAM 0 URAM 0 STORAGESUBTYPE {} DISPNAME {bind_op select} VISIBLE false} {BINDTYPE op ID {} IMPL auto LATENCY 0 OPTYPE setlt PRAGMA {} RTLNAME icmp_ln799_fu_1492_p2 SOURCE C:/github/zybo_z7_cam_rpi_v2_5mp_hdmi/zybo_z7_imx219/zybo_z7_imx219.runs/design_1_v_demosaic_0_0_synth_1/prj/sol/.autopilot/db/v_demosaic.cpp:799 VARIABLE icmp_ln799 LOOP VITIS_LOOP_633_2 BUNDLEDNAME {} DSP 0 BRAM 0 URAM 0 STORAGESUBTYPE {} DISPNAME {bind_op setlt} VISIBLE false} {BINDTYPE op ID {} IMPL auto_sel LATENCY 0 OPTYPE select PRAGMA {} RTLNAME enable_6_fu_1504_p3 SOURCE C:/github/zybo_z7_cam_rpi_v2_5mp_hdmi/zybo_z7_imx219/zybo_z7_imx219.runs/design_1_v_demosaic_0_0_synth_1/prj/sol/.autopilot/db/v_demosaic.cpp:799 VARIABLE enable_6 LOOP VITIS_LOOP_633_2 BUNDLEDNAME {} DSP 0 BRAM 0 URAM 0 STORAGESUBTYPE {} DISPNAME {bind_op select} VISIBLE false} {BINDTYPE op ID {} IMPL auto LATENCY 0 OPTYPE setlt PRAGMA {} RTLNAME icmp_ln800_fu_1516_p2 SOURCE C:/github/zybo_z7_cam_rpi_v2_5mp_hdmi/zybo_z7_imx219/zybo_z7_imx219.runs/design_1_v_demosaic_0_0_synth_1/prj/sol/.autopilot/db/v_demosaic.cpp:800 VARIABLE icmp_ln800 LOOP VITIS_LOOP_633_2 BUNDLEDNAME {} DSP 0 BRAM 0 URAM 0 STORAGESUBTYPE {} DISPNAME {bind_op setlt} VISIBLE false} {BINDTYPE op ID {} IMPL auto_sel LATENCY 0 OPTYPE select PRAGMA {} RTLNAME enable_7_fu_1528_p3 SOURCE C:/github/zybo_z7_cam_rpi_v2_5mp_hdmi/zybo_z7_imx219/zybo_z7_imx219.runs/design_1_v_demosaic_0_0_synth_1/prj/sol/.autopilot/db/v_demosaic.cpp:800 VARIABLE enable_7 LOOP VITIS_LOOP_633_2 BUNDLEDNAME {} DSP 0 BRAM 0 URAM 0 STORAGESUBTYPE {} DISPNAME {bind_op select} VISIBLE false} {BINDTYPE op ID {} IMPL auto_sel LATENCY 0 OPTYPE select PRAGMA {} RTLNAME select_ln817_fu_1536_p3 SOURCE C:/github/zybo_z7_cam_rpi_v2_5mp_hdmi/zybo_z7_imx219/zybo_z7_imx219.runs/design_1_v_demosaic_0_0_synth_1/prj/sol/.autopilot/db/v_demosaic.cpp:817 VARIABLE select_ln817 LOOP VITIS_LOOP_633_2 BUNDLEDNAME {} DSP 0 BRAM 0 URAM 0 STORAGESUBTYPE {} DISPNAME {bind_op select} VISIBLE false} {BINDTYPE op ID {} IMPL fabric LATENCY 0 OPTYPE sub PRAGMA {} RTLNAME sub_ln817_fu_1547_p2 SOURCE C:/github/zybo_z7_cam_rpi_v2_5mp_hdmi/zybo_z7_imx219/zybo_z7_imx219.runs/design_1_v_demosaic_0_0_synth_1/prj/sol/.autopilot/db/v_demosaic.cpp:817 VARIABLE sub_ln817 LOOP VITIS_LOOP_633_2 BUNDLEDNAME {} DSP 0 BRAM 0 URAM 0 STORAGESUBTYPE {} DISPNAME {bind_op sub} VISIBLE true} {BINDTYPE op ID {} IMPL auto_sel LATENCY 0 OPTYPE select PRAGMA {} RTLNAME select_ln817_1_fu_1655_p3 SOURCE C:/github/zybo_z7_cam_rpi_v2_5mp_hdmi/zybo_z7_imx219/zybo_z7_imx219.runs/design_1_v_demosaic_0_0_synth_1/prj/sol/.autopilot/db/v_demosaic.cpp:817 VARIABLE select_ln817_1 LOOP VITIS_LOOP_633_2 BUNDLEDNAME {} DSP 0 BRAM 0 URAM 0 STORAGESUBTYPE {} DISPNAME {bind_op select} VISIBLE false} {BINDTYPE op ID {} IMPL auto LATENCY 0 OPTYPE and PRAGMA {} RTLNAME and_ln817_fu_1663_p2 SOURCE C:/github/zybo_z7_cam_rpi_v2_5mp_hdmi/zybo_z7_imx219/zybo_z7_imx219.runs/design_1_v_demosaic_0_0_synth_1/prj/sol/.autopilot/db/v_demosaic.cpp:817 VARIABLE and_ln817 LOOP VITIS_LOOP_633_2 BUNDLEDNAME {} DSP 0 BRAM 0 URAM 0 STORAGESUBTYPE {} DISPNAME {bind_op and} VISIBLE false} {BINDTYPE op ID {} IMPL auto_sel LATENCY 0 OPTYPE select PRAGMA {} RTLNAME select_ln818_fu_1552_p3 SOURCE C:/github/zybo_z7_cam_rpi_v2_5mp_hdmi/zybo_z7_imx219/zybo_z7_imx219.runs/design_1_v_demosaic_0_0_synth_1/prj/sol/.autopilot/db/v_demosaic.cpp:818 VARIABLE select_ln818 LOOP VITIS_LOOP_633_2 BUNDLEDNAME {} DSP 0 BRAM 0 URAM 0 STORAGESUBTYPE {} DISPNAME {bind_op select} VISIBLE false} {BINDTYPE op ID {} IMPL fabric LATENCY 0 OPTYPE sub PRAGMA {} RTLNAME sub_ln818_fu_1563_p2 SOURCE C:/github/zybo_z7_cam_rpi_v2_5mp_hdmi/zybo_z7_imx219/zybo_z7_imx219.runs/design_1_v_demosaic_0_0_synth_1/prj/sol/.autopilot/db/v_demosaic.cpp:818 VARIABLE sub_ln818 LOOP VITIS_LOOP_633_2 BUNDLEDNAME {} DSP 0 BRAM 0 URAM 0 STORAGESUBTYPE {} DISPNAME {bind_op sub} VISIBLE true} {BINDTYPE op ID {} IMPL auto_sel LATENCY 0 OPTYPE select PRAGMA {} RTLNAME select_ln818_1_fu_1672_p3 SOURCE C:/github/zybo_z7_cam_rpi_v2_5mp_hdmi/zybo_z7_imx219/zybo_z7_imx219.runs/design_1_v_demosaic_0_0_synth_1/prj/sol/.autopilot/db/v_demosaic.cpp:818 VARIABLE select_ln818_1 LOOP VITIS_LOOP_633_2 BUNDLEDNAME {} DSP 0 BRAM 0 URAM 0 STORAGESUBTYPE {} DISPNAME {bind_op select} VISIBLE false} {BINDTYPE op ID {} IMPL auto LATENCY 0 OPTYPE and PRAGMA {} RTLNAME and_ln818_fu_1680_p2 SOURCE C:/github/zybo_z7_cam_rpi_v2_5mp_hdmi/zybo_z7_imx219/zybo_z7_imx219.runs/design_1_v_demosaic_0_0_synth_1/prj/sol/.autopilot/db/v_demosaic.cpp:818 VARIABLE and_ln818 LOOP VITIS_LOOP_633_2 BUNDLEDNAME {} DSP 0 BRAM 0 URAM 0 STORAGESUBTYPE {} DISPNAME {bind_op and} VISIBLE false} {BINDTYPE op ID {} IMPL fabric LATENCY 0 OPTYPE add PRAGMA {} RTLNAME add_ln817_fu_1689_p2 SOURCE C:/github/zybo_z7_cam_rpi_v2_5mp_hdmi/zybo_z7_imx219/zybo_z7_imx219.runs/design_1_v_demosaic_0_0_synth_1/prj/sol/.autopilot/db/v_demosaic.cpp:817 VARIABLE add_ln817 LOOP VITIS_LOOP_633_2 BUNDLEDNAME {} DSP 0 BRAM 0 URAM 0 STORAGESUBTYPE {} DISPNAME {bind_op add} VISIBLE true} {BINDTYPE op ID {} IMPL auto_sel LATENCY 0 OPTYPE select PRAGMA {} RTLNAME select_ln819_fu_1695_p3 SOURCE C:/github/zybo_z7_cam_rpi_v2_5mp_hdmi/zybo_z7_imx219/zybo_z7_imx219.runs/design_1_v_demosaic_0_0_synth_1/prj/sol/.autopilot/db/v_demosaic.cpp:819 VARIABLE select_ln819 LOOP VITIS_LOOP_633_2 BUNDLEDNAME {} DSP 0 BRAM 0 URAM 0 STORAGESUBTYPE {} DISPNAME {bind_op select} VISIBLE false} {BINDTYPE op ID {} IMPL fabric LATENCY 0 OPTYPE sub PRAGMA {} RTLNAME sub_ln819_fu_1706_p2 SOURCE C:/github/zybo_z7_cam_rpi_v2_5mp_hdmi/zybo_z7_imx219/zybo_z7_imx219.runs/design_1_v_demosaic_0_0_synth_1/prj/sol/.autopilot/db/v_demosaic.cpp:819 VARIABLE sub_ln819 LOOP VITIS_LOOP_633_2 BUNDLEDNAME {} DSP 0 BRAM 0 URAM 0 STORAGESUBTYPE {} DISPNAME {bind_op sub} VISIBLE true} {BINDTYPE op ID {} IMPL auto_sel LATENCY 0 OPTYPE select PRAGMA {} RTLNAME select_ln819_1_fu_1711_p3 SOURCE C:/github/zybo_z7_cam_rpi_v2_5mp_hdmi/zybo_z7_imx219/zybo_z7_imx219.runs/design_1_v_demosaic_0_0_synth_1/prj/sol/.autopilot/db/v_demosaic.cpp:819 VARIABLE select_ln819_1 LOOP VITIS_LOOP_633_2 BUNDLEDNAME {} DSP 0 BRAM 0 URAM 0 STORAGESUBTYPE {} DISPNAME {bind_op select} VISIBLE false} {BINDTYPE op ID {} IMPL auto LATENCY 0 OPTYPE and PRAGMA {} RTLNAME and_ln819_fu_1719_p2 SOURCE C:/github/zybo_z7_cam_rpi_v2_5mp_hdmi/zybo_z7_imx219/zybo_z7_imx219.runs/design_1_v_demosaic_0_0_synth_1/prj/sol/.autopilot/db/v_demosaic.cpp:819 VARIABLE and_ln819 LOOP VITIS_LOOP_633_2 BUNDLEDNAME {} DSP 0 BRAM 0 URAM 0 STORAGESUBTYPE {} DISPNAME {bind_op and} VISIBLE false} {BINDTYPE op ID {} IMPL auto_sel LATENCY 0 OPTYPE select PRAGMA {} RTLNAME select_ln820_fu_1733_p3 SOURCE C:/github/zybo_z7_cam_rpi_v2_5mp_hdmi/zybo_z7_imx219/zybo_z7_imx219.runs/design_1_v_demosaic_0_0_synth_1/prj/sol/.autopilot/db/v_demosaic.cpp:820 VARIABLE select_ln820 LOOP VITIS_LOOP_633_2 BUNDLEDNAME {} DSP 0 BRAM 0 URAM 0 STORAGESUBTYPE {} DISPNAME {bind_op select} VISIBLE false} {BINDTYPE op ID {} IMPL fabric LATENCY 0 OPTYPE sub PRAGMA {} RTLNAME sub_ln820_fu_1744_p2 SOURCE C:/github/zybo_z7_cam_rpi_v2_5mp_hdmi/zybo_z7_imx219/zybo_z7_imx219.runs/design_1_v_demosaic_0_0_synth_1/prj/sol/.autopilot/db/v_demosaic.cpp:820 VARIABLE sub_ln820 LOOP VITIS_LOOP_633_2 BUNDLEDNAME {} DSP 0 BRAM 0 URAM 0 STORAGESUBTYPE {} DISPNAME {bind_op sub} VISIBLE true} {BINDTYPE op ID {} IMPL auto_sel LATENCY 0 OPTYPE select PRAGMA {} RTLNAME select_ln820_2_fu_1749_p3 SOURCE C:/github/zybo_z7_cam_rpi_v2_5mp_hdmi/zybo_z7_imx219/zybo_z7_imx219.runs/design_1_v_demosaic_0_0_synth_1/prj/sol/.autopilot/db/v_demosaic.cpp:820 VARIABLE select_ln820_2 LOOP VITIS_LOOP_633_2 BUNDLEDNAME {} DSP 0 BRAM 0 URAM 0 STORAGESUBTYPE {} DISPNAME {bind_op select} VISIBLE false} {BINDTYPE op ID {} IMPL auto LATENCY 0 OPTYPE and PRAGMA {} RTLNAME and_ln820_fu_1757_p2 SOURCE C:/github/zybo_z7_cam_rpi_v2_5mp_hdmi/zybo_z7_imx219/zybo_z7_imx219.runs/design_1_v_demosaic_0_0_synth_1/prj/sol/.autopilot/db/v_demosaic.cpp:820 VARIABLE and_ln820 LOOP VITIS_LOOP_633_2 BUNDLEDNAME {} DSP 0 BRAM 0 URAM 0 STORAGESUBTYPE {} DISPNAME {bind_op and} VISIBLE false} {BINDTYPE op ID {} IMPL fabric LATENCY 0 OPTYPE add PRAGMA {} RTLNAME add_ln820_1_fu_1767_p2 SOURCE C:/github/zybo_z7_cam_rpi_v2_5mp_hdmi/zybo_z7_imx219/zybo_z7_imx219.runs/design_1_v_demosaic_0_0_synth_1/prj/sol/.autopilot/db/v_demosaic.cpp:820 VARIABLE add_ln820_1 LOOP VITIS_LOOP_633_2 BUNDLEDNAME {} DSP 0 BRAM 0 URAM 0 STORAGESUBTYPE {} DISPNAME {bind_op add} VISIBLE true} {BINDTYPE op ID {} IMPL fabric LATENCY 0 OPTYPE add PRAGMA {} RTLNAME add_ln820_fu_1777_p2 SOURCE C:/github/zybo_z7_cam_rpi_v2_5mp_hdmi/zybo_z7_imx219/zybo_z7_imx219.runs/design_1_v_demosaic_0_0_synth_1/prj/sol/.autopilot/db/v_demosaic.cpp:820 VARIABLE add_ln820 LOOP VITIS_LOOP_633_2 BUNDLEDNAME {} DSP 0 BRAM 0 URAM 0 STORAGESUBTYPE {} DISPNAME {bind_op add} VISIBLE true} {BINDTYPE op ID {} IMPL fabric LATENCY 0 OPTYPE sub PRAGMA {} RTLNAME sub_ln820_1_fu_1801_p2 SOURCE C:/github/zybo_z7_cam_rpi_v2_5mp_hdmi/zybo_z7_imx219/zybo_z7_imx219.runs/design_1_v_demosaic_0_0_synth_1/prj/sol/.autopilot/db/v_demosaic.cpp:820 VARIABLE sub_ln820_1 LOOP VITIS_LOOP_633_2 BUNDLEDNAME {} DSP 0 BRAM 0 URAM 0 STORAGESUBTYPE {} DISPNAME {bind_op sub} VISIBLE true} {BINDTYPE op ID {} IMPL fabric LATENCY 0 OPTYPE sub PRAGMA {} RTLNAME sub_ln820_2_fu_1816_p2 SOURCE C:/github/zybo_z7_cam_rpi_v2_5mp_hdmi/zybo_z7_imx219/zybo_z7_imx219.runs/design_1_v_demosaic_0_0_synth_1/prj/sol/.autopilot/db/v_demosaic.cpp:820 VARIABLE sub_ln820_2 LOOP VITIS_LOOP_633_2 BUNDLEDNAME {} DSP 0 BRAM 0 URAM 0 STORAGESUBTYPE {} DISPNAME {bind_op sub} VISIBLE true} {BINDTYPE op ID {} IMPL auto_sel LATENCY 0 OPTYPE select PRAGMA {} RTLNAME select_ln820_1_fu_1831_p3 SOURCE C:/github/zybo_z7_cam_rpi_v2_5mp_hdmi/zybo_z7_imx219/zybo_z7_imx219.runs/design_1_v_demosaic_0_0_synth_1/prj/sol/.autopilot/db/v_demosaic.cpp:820 VARIABLE select_ln820_1 LOOP VITIS_LOOP_633_2 BUNDLEDNAME {} DSP 0 BRAM 0 URAM 0 STORAGESUBTYPE {} DISPNAME {bind_op select} VISIBLE false} {BINDTYPE op ID {} IMPL fabric LATENCY 0 OPTYPE sub PRAGMA {} RTLNAME CV_fu_1843_p2 SOURCE C:/github/zybo_z7_cam_rpi_v2_5mp_hdmi/zybo_z7_imx219/zybo_z7_imx219.runs/design_1_v_demosaic_0_0_synth_1/prj/sol/.autopilot/db/v_demosaic.cpp:817 VARIABLE CV LOOP VITIS_LOOP_633_2 BUNDLEDNAME {} DSP 0 BRAM 0 URAM 0 STORAGESUBTYPE {} DISPNAME {bind_op sub} VISIBLE true} {BINDTYPE op ID {} IMPL auto_sel LATENCY 0 OPTYPE select PRAGMA {} RTLNAME r_fu_1849_p3 SOURCE C:/github/zybo_z7_cam_rpi_v2_5mp_hdmi/zybo_z7_imx219/zybo_z7_imx219.runs/design_1_v_demosaic_0_0_synth_1/prj/sol/.autopilot/db/v_demosaic.cpp:823 VARIABLE r LOOP VITIS_LOOP_633_2 BUNDLEDNAME {} DSP 0 BRAM 0 URAM 0 STORAGESUBTYPE {} DISPNAME {bind_op select} VISIBLE false} {BINDTYPE op ID {} IMPL auto_sel LATENCY 0 OPTYPE select PRAGMA {} RTLNAME b_fu_1856_p3 SOURCE C:/github/zybo_z7_cam_rpi_v2_5mp_hdmi/zybo_z7_imx219/zybo_z7_imx219.runs/design_1_v_demosaic_0_0_synth_1/prj/sol/.autopilot/db/v_demosaic.cpp:824 VARIABLE b LOOP VITIS_LOOP_633_2 BUNDLEDNAME {} DSP 0 BRAM 0 URAM 0 STORAGESUBTYPE {} DISPNAME {bind_op select} VISIBLE false} {BINDTYPE op ID {} IMPL auto LATENCY 0 OPTYPE seteq PRAGMA {} RTLNAME icmp_ln827_fu_1891_p2 SOURCE C:/github/zybo_z7_cam_rpi_v2_5mp_hdmi/zybo_z7_imx219/zybo_z7_imx219.runs/design_1_v_demosaic_0_0_synth_1/prj/sol/.autopilot/db/v_demosaic.cpp:827 VARIABLE icmp_ln827 LOOP VITIS_LOOP_633_2 BUNDLEDNAME {} DSP 0 BRAM 0 URAM 0 STORAGESUBTYPE {} DISPNAME {bind_op seteq} VISIBLE false} {BINDTYPE op ID {} IMPL auto LATENCY 0 OPTYPE xor PRAGMA {} RTLNAME xor_ln827_fu_1901_p2 SOURCE C:/github/zybo_z7_cam_rpi_v2_5mp_hdmi/zybo_z7_imx219/zybo_z7_imx219.runs/design_1_v_demosaic_0_0_synth_1/prj/sol/.autopilot/db/v_demosaic.cpp:827 VARIABLE xor_ln827 LOOP VITIS_LOOP_633_2 BUNDLEDNAME {} DSP 0 BRAM 0 URAM 0 STORAGESUBTYPE {} DISPNAME {bind_op xor} VISIBLE false} {BINDTYPE op ID {} IMPL auto_sel LATENCY 0 OPTYPE select PRAGMA {} RTLNAME select_ln827_1_fu_1907_p3 SOURCE C:/github/zybo_z7_cam_rpi_v2_5mp_hdmi/zybo_z7_imx219/zybo_z7_imx219.runs/design_1_v_demosaic_0_0_synth_1/prj/sol/.autopilot/db/v_demosaic.cpp:827 VARIABLE select_ln827_1 LOOP VITIS_LOOP_633_2 BUNDLEDNAME {} DSP 0 BRAM 0 URAM 0 STORAGESUBTYPE {} DISPNAME {bind_op select} VISIBLE false} {BINDTYPE op ID {} IMPL auto LATENCY 0 OPTYPE or PRAGMA {} RTLNAME or_ln827_fu_1915_p2 SOURCE C:/github/zybo_z7_cam_rpi_v2_5mp_hdmi/zybo_z7_imx219/zybo_z7_imx219.runs/design_1_v_demosaic_0_0_synth_1/prj/sol/.autopilot/db/v_demosaic.cpp:827 VARIABLE or_ln827 LOOP VITIS_LOOP_633_2 BUNDLEDNAME {} DSP 0 BRAM 0 URAM 0 STORAGESUBTYPE {} DISPNAME {bind_op or} VISIBLE false} {BINDTYPE op ID {} IMPL auto_sel LATENCY 0 OPTYPE select PRAGMA {} RTLNAME select_ln827_fu_1921_p3 SOURCE C:/github/zybo_z7_cam_rpi_v2_5mp_hdmi/zybo_z7_imx219/zybo_z7_imx219.runs/design_1_v_demosaic_0_0_synth_1/prj/sol/.autopilot/db/v_demosaic.cpp:827 VARIABLE select_ln827 LOOP VITIS_LOOP_633_2 BUNDLEDNAME {} DSP 0 BRAM 0 URAM 0 STORAGESUBTYPE {} DISPNAME {bind_op select} VISIBLE false} {BINDTYPE op ID {} IMPL auto LATENCY 0 OPTYPE seteq PRAGMA {} RTLNAME icmp_ln829_fu_1947_p2 SOURCE C:/github/zybo_z7_cam_rpi_v2_5mp_hdmi/zybo_z7_imx219/zybo_z7_imx219.runs/design_1_v_demosaic_0_0_synth_1/prj/sol/.autopilot/db/v_demosaic.cpp:829 VARIABLE icmp_ln829 LOOP VITIS_LOOP_633_2 BUNDLEDNAME {} DSP 0 BRAM 0 URAM 0 STORAGESUBTYPE {} DISPNAME {bind_op seteq} VISIBLE false} {BINDTYPE op ID {} IMPL auto LATENCY 0 OPTYPE xor PRAGMA {} RTLNAME xor_ln829_fu_1957_p2 SOURCE C:/github/zybo_z7_cam_rpi_v2_5mp_hdmi/zybo_z7_imx219/zybo_z7_imx219.runs/design_1_v_demosaic_0_0_synth_1/prj/sol/.autopilot/db/v_demosaic.cpp:829 VARIABLE xor_ln829 LOOP VITIS_LOOP_633_2 BUNDLEDNAME {} DSP 0 BRAM 0 URAM 0 STORAGESUBTYPE {} DISPNAME {bind_op xor} VISIBLE false} {BINDTYPE op ID {} IMPL auto_sel LATENCY 0 OPTYPE select PRAGMA {} RTLNAME select_ln829_1_fu_1963_p3 SOURCE C:/github/zybo_z7_cam_rpi_v2_5mp_hdmi/zybo_z7_imx219/zybo_z7_imx219.runs/design_1_v_demosaic_0_0_synth_1/prj/sol/.autopilot/db/v_demosaic.cpp:829 VARIABLE select_ln829_1 LOOP VITIS_LOOP_633_2 BUNDLEDNAME {} DSP 0 BRAM 0 URAM 0 STORAGESUBTYPE {} DISPNAME {bind_op select} VISIBLE false} {BINDTYPE op ID {} IMPL auto LATENCY 0 OPTYPE or PRAGMA {} RTLNAME or_ln829_fu_1971_p2 SOURCE C:/github/zybo_z7_cam_rpi_v2_5mp_hdmi/zybo_z7_imx219/zybo_z7_imx219.runs/design_1_v_demosaic_0_0_synth_1/prj/sol/.autopilot/db/v_demosaic.cpp:829 VARIABLE or_ln829 LOOP VITIS_LOOP_633_2 BUNDLEDNAME {} DSP 0 BRAM 0 URAM 0 STORAGESUBTYPE {} DISPNAME {bind_op or} VISIBLE false} {BINDTYPE op ID {} IMPL auto_sel LATENCY 0 OPTYPE select PRAGMA {} RTLNAME select_ln829_fu_1977_p3 SOURCE C:/github/zybo_z7_cam_rpi_v2_5mp_hdmi/zybo_z7_imx219/zybo_z7_imx219.runs/design_1_v_demosaic_0_0_synth_1/prj/sol/.autopilot/db/v_demosaic.cpp:829 VARIABLE select_ln829 LOOP VITIS_LOOP_633_2 BUNDLEDNAME {} DSP 0 BRAM 0 URAM 0 STORAGESUBTYPE {} DISPNAME {bind_op select} VISIBLE false} {BINDTYPE op ID {} IMPL auto LATENCY 0 OPTYPE setne PRAGMA {} RTLNAME icmp_ln833_fu_933_p2 SOURCE C:/github/zybo_z7_cam_rpi_v2_5mp_hdmi/zybo_z7_imx219/zybo_z7_imx219.runs/design_1_v_demosaic_0_0_synth_1/prj/sol/.autopilot/db/v_demosaic.cpp:833 VARIABLE icmp_ln833 LOOP VITIS_LOOP_633_2 BUNDLEDNAME {} DSP 0 BRAM 0 URAM 0 STORAGESUBTYPE {} DISPNAME {bind_op setne} VISIBLE false} {BINDTYPE op ID {} IMPL auto LATENCY 0 OPTYPE and PRAGMA {} RTLNAME and_ln833_fu_939_p2 SOURCE C:/github/zybo_z7_cam_rpi_v2_5mp_hdmi/zybo_z7_imx219/zybo_z7_imx219.runs/design_1_v_demosaic_0_0_synth_1/prj/sol/.autopilot/db/v_demosaic.cpp:833 VARIABLE and_ln833 LOOP VITIS_LOOP_633_2 BUNDLEDNAME {} DSP 0 BRAM 0 URAM 0 STORAGESUBTYPE {} DISPNAME {bind_op and} VISIBLE false}} AREA {DSP 0 BRAM 8 URAM 0}} DebayerRatBorBatR {BINDINFO {{BINDTYPE op ID {} IMPL fabric LATENCY 0 OPTYPE add PRAGMA {} RTLNAME loopHeight_fu_226_p2 SOURCE C:/github/zybo_z7_cam_rpi_v2_5mp_hdmi/zybo_z7_imx219/zybo_z7_imx219.runs/design_1_v_demosaic_0_0_synth_1/prj/sol/.autopilot/db/v_demosaic.cpp:606 VARIABLE loopHeight LOOP {} BUNDLEDNAME {} DSP 0 BRAM 0 URAM 0 STORAGESUBTYPE {} DISPNAME {bind_op add} VISIBLE true} {BINDTYPE op ID {} IMPL fabric LATENCY 0 OPTYPE add PRAGMA {} RTLNAME loopWidth_fu_232_p2 SOURCE C:/github/zybo_z7_cam_rpi_v2_5mp_hdmi/zybo_z7_imx219/zybo_z7_imx219.runs/design_1_v_demosaic_0_0_synth_1/prj/sol/.autopilot/db/v_demosaic.cpp:607 VARIABLE loopWidth LOOP {} BUNDLEDNAME {} DSP 0 BRAM 0 URAM 0 STORAGESUBTYPE {} DISPNAME {bind_op add} VISIBLE true} {BINDTYPE op ID {} IMPL auto LATENCY 0 OPTYPE seteq PRAGMA {} RTLNAME icmp_ln630_fu_256_p2 SOURCE C:/github/zybo_z7_cam_rpi_v2_5mp_hdmi/zybo_z7_imx219/zybo_z7_imx219.runs/design_1_v_demosaic_0_0_synth_1/prj/sol/.autopilot/db/v_demosaic.cpp:630 VARIABLE icmp_ln630 LOOP VITIS_LOOP_630_1 BUNDLEDNAME {} DSP 0 BRAM 0 URAM 0 STORAGESUBTYPE {} DISPNAME {bind_op seteq} VISIBLE false} {BINDTYPE op ID {} IMPL fabric LATENCY 0 OPTYPE add PRAGMA {} RTLNAME y_4_fu_261_p2 SOURCE C:/github/zybo_z7_cam_rpi_v2_5mp_hdmi/zybo_z7_imx219/zybo_z7_imx219.runs/design_1_v_demosaic_0_0_synth_1/prj/sol/.autopilot/db/v_demosaic.cpp:630 VARIABLE y_4 LOOP VITIS_LOOP_630_1 BUNDLEDNAME {} DSP 0 BRAM 0 URAM 0 STORAGESUBTYPE {} DISPNAME {bind_op add} VISIBLE true} {BINDTYPE op ID {} IMPL auto LATENCY 0 OPTYPE xor PRAGMA {} RTLNAME xor_ln772_fu_320_p2 SOURCE C:/github/zybo_z7_cam_rpi_v2_5mp_hdmi/zybo_z7_imx219/zybo_z7_imx219.runs/design_1_v_demosaic_0_0_synth_1/prj/sol/.autopilot/db/v_demosaic.cpp:772 VARIABLE xor_ln772 LOOP VITIS_LOOP_630_1 BUNDLEDNAME {} DSP 0 BRAM 0 URAM 0 STORAGESUBTYPE {} DISPNAME {bind_op xor} VISIBLE false} {BINDTYPE op ID {} IMPL auto LATENCY 0 OPTYPE xor PRAGMA {} RTLNAME xor_ln772_1_fu_331_p2 SOURCE C:/github/zybo_z7_cam_rpi_v2_5mp_hdmi/zybo_z7_imx219/zybo_z7_imx219.runs/design_1_v_demosaic_0_0_synth_1/prj/sol/.autopilot/db/v_demosaic.cpp:772 VARIABLE xor_ln772_1 LOOP VITIS_LOOP_630_1 BUNDLEDNAME {} DSP 0 BRAM 0 URAM 0 STORAGESUBTYPE {} DISPNAME {bind_op xor} VISIBLE false}} AREA {DSP 0 BRAM 8 URAM 0}} DebayerRandBatG_Pipeline_VITIS_LOOP_881_2 {BINDINFO {{BINDTYPE storage ID {} IMPL auto LATENCY 1 OPTYPE ram_s2p PRAGMA {} RTLNAME lineBuffer_2_U SOURCE C:/github/zybo_z7_cam_rpi_v2_5mp_hdmi/zybo_z7_imx219/zybo_z7_imx219.runs/design_1_v_demosaic_0_0_synth_1/prj/sol/.autopilot/db/v_demosaic.cpp:862 VARIABLE lineBuffer_2 LOOP {} BUNDLEDNAME {} DSP 0 BRAM 4 URAM 0 STORAGESUBTYPE {} STORAGESIZE {30 1921 1} STORAGEUSAGE {ram_s2p array} DISPNAME {bind_storage ram_s2p} VISIBLE true} {BINDTYPE storage ID {} IMPL auto LATENCY 1 OPTYPE ram_s2p PRAGMA {} RTLNAME lineBuffer_U SOURCE C:/github/zybo_z7_cam_rpi_v2_5mp_hdmi/zybo_z7_imx219/zybo_z7_imx219.runs/design_1_v_demosaic_0_0_synth_1/prj/sol/.autopilot/db/v_demosaic.cpp:862 VARIABLE lineBuffer LOOP {} BUNDLEDNAME {} DSP 0 BRAM 4 URAM 0 STORAGESUBTYPE {} STORAGESIZE {30 1921 1} STORAGEUSAGE {ram_s2p array} DISPNAME {bind_storage ram_s2p} VISIBLE true} {BINDTYPE op ID {} IMPL auto LATENCY 0 OPTYPE setlt PRAGMA {} RTLNAME icmp_ln911_fu_501_p2 SOURCE C:/github/zybo_z7_cam_rpi_v2_5mp_hdmi/zybo_z7_imx219/zybo_z7_imx219.runs/design_1_v_demosaic_0_0_synth_1/prj/sol/.autopilot/db/v_demosaic.cpp:911 VARIABLE icmp_ln911 LOOP {} BUNDLEDNAME {} DSP 0 BRAM 0 URAM 0 STORAGESUBTYPE {} DISPNAME {bind_op setlt} VISIBLE false} {BINDTYPE op ID {} IMPL auto LATENCY 0 OPTYPE setne PRAGMA {} RTLNAME icmp_ln975_fu_507_p2 SOURCE C:/github/zybo_z7_cam_rpi_v2_5mp_hdmi/zybo_z7_imx219/zybo_z7_imx219.runs/design_1_v_demosaic_0_0_synth_1/prj/sol/.autopilot/db/v_demosaic.cpp:975 VARIABLE icmp_ln975 LOOP {} BUNDLEDNAME {} DSP 0 BRAM 0 URAM 0 STORAGESUBTYPE {} DISPNAME {bind_op setne} VISIBLE false} {BINDTYPE op ID {} IMPL auto LATENCY 0 OPTYPE seteq PRAGMA {} RTLNAME icmp_ln881_fu_581_p2 SOURCE C:/github/zybo_z7_cam_rpi_v2_5mp_hdmi/zybo_z7_imx219/zybo_z7_imx219.runs/design_1_v_demosaic_0_0_synth_1/prj/sol/.autopilot/db/v_demosaic.cpp:881 VARIABLE icmp_ln881 LOOP VITIS_LOOP_881_2 BUNDLEDNAME {} DSP 0 BRAM 0 URAM 0 STORAGESUBTYPE {} DISPNAME {bind_op seteq} VISIBLE false} {BINDTYPE op ID {} IMPL fabric LATENCY 0 OPTYPE add PRAGMA {} RTLNAME x_8_fu_587_p2 SOURCE C:/github/zybo_z7_cam_rpi_v2_5mp_hdmi/zybo_z7_imx219/zybo_z7_imx219.runs/design_1_v_demosaic_0_0_synth_1/prj/sol/.autopilot/db/v_demosaic.cpp:886 VARIABLE x_8 LOOP VITIS_LOOP_881_2 BUNDLEDNAME {} DSP 0 BRAM 0 URAM 0 STORAGESUBTYPE {} DISPNAME {bind_op add} VISIBLE true} {BINDTYPE op ID {} IMPL auto LATENCY 0 OPTYPE setlt PRAGMA {} RTLNAME icmp_ln891_fu_603_p2 SOURCE C:/github/zybo_z7_cam_rpi_v2_5mp_hdmi/zybo_z7_imx219/zybo_z7_imx219.runs/design_1_v_demosaic_0_0_synth_1/prj/sol/.autopilot/db/v_demosaic.cpp:891 VARIABLE icmp_ln891 LOOP VITIS_LOOP_881_2 BUNDLEDNAME {} DSP 0 BRAM 0 URAM 0 STORAGESUBTYPE {} DISPNAME {bind_op setlt} VISIBLE false} {BINDTYPE op ID {} IMPL auto LATENCY 0 OPTYPE seteq PRAGMA {} RTLNAME icmp_ln957_fu_609_p2 SOURCE C:/github/zybo_z7_cam_rpi_v2_5mp_hdmi/zybo_z7_imx219/zybo_z7_imx219.runs/design_1_v_demosaic_0_0_synth_1/prj/sol/.autopilot/db/v_demosaic.cpp:957 VARIABLE icmp_ln957 LOOP VITIS_LOOP_881_2 BUNDLEDNAME {} DSP 0 BRAM 0 URAM 0 STORAGESUBTYPE {} DISPNAME {bind_op seteq} VISIBLE false} {BINDTYPE op ID {} IMPL auto_sel LATENCY 0 OPTYPE select PRAGMA {} RTLNAME select_ln957_fu_833_p3 SOURCE C:/github/zybo_z7_cam_rpi_v2_5mp_hdmi/zybo_z7_imx219/zybo_z7_imx219.runs/design_1_v_demosaic_0_0_synth_1/prj/sol/.autopilot/db/v_demosaic.cpp:957 VARIABLE select_ln957 LOOP VITIS_LOOP_881_2 BUNDLEDNAME {} DSP 0 BRAM 0 URAM 0 STORAGESUBTYPE {} DISPNAME {bind_op select} VISIBLE false} {BINDTYPE op ID {} IMPL auto_sel LATENCY 0 OPTYPE select PRAGMA {} RTLNAME select_ln957_1_fu_839_p3 SOURCE C:/github/zybo_z7_cam_rpi_v2_5mp_hdmi/zybo_z7_imx219/zybo_z7_imx219.runs/design_1_v_demosaic_0_0_synth_1/prj/sol/.autopilot/db/v_demosaic.cpp:957 VARIABLE select_ln957_1 LOOP VITIS_LOOP_881_2 BUNDLEDNAME {} DSP 0 BRAM 0 URAM 0 STORAGESUBTYPE {} DISPNAME {bind_op select} VISIBLE false} {BINDTYPE op ID {} IMPL auto_sel LATENCY 0 OPTYPE select PRAGMA {} RTLNAME select_ln957_2_fu_845_p3 SOURCE C:/github/zybo_z7_cam_rpi_v2_5mp_hdmi/zybo_z7_imx219/zybo_z7_imx219.runs/design_1_v_demosaic_0_0_synth_1/prj/sol/.autopilot/db/v_demosaic.cpp:957 VARIABLE select_ln957_2 LOOP VITIS_LOOP_881_2 BUNDLEDNAME {} DSP 0 BRAM 0 URAM 0 STORAGESUBTYPE {} DISPNAME {bind_op select} VISIBLE false} {BINDTYPE op ID {} IMPL auto_sel LATENCY 0 OPTYPE select PRAGMA {} RTLNAME select_ln957_3_fu_851_p3 SOURCE C:/github/zybo_z7_cam_rpi_v2_5mp_hdmi/zybo_z7_imx219/zybo_z7_imx219.runs/design_1_v_demosaic_0_0_synth_1/prj/sol/.autopilot/db/v_demosaic.cpp:957 VARIABLE select_ln957_3 LOOP VITIS_LOOP_881_2 BUNDLEDNAME {} DSP 0 BRAM 0 URAM 0 STORAGESUBTYPE {} DISPNAME {bind_op select} VISIBLE false} {BINDTYPE op ID {} IMPL auto_sel LATENCY 0 OPTYPE select PRAGMA {} RTLNAME select_ln957_4_fu_858_p3 SOURCE C:/github/zybo_z7_cam_rpi_v2_5mp_hdmi/zybo_z7_imx219/zybo_z7_imx219.runs/design_1_v_demosaic_0_0_synth_1/prj/sol/.autopilot/db/v_demosaic.cpp:957 VARIABLE select_ln957_4 LOOP VITIS_LOOP_881_2 BUNDLEDNAME {} DSP 0 BRAM 0 URAM 0 STORAGESUBTYPE {} DISPNAME {bind_op select} VISIBLE false} {BINDTYPE op ID {} IMPL auto_sel LATENCY 0 OPTYPE select PRAGMA {} RTLNAME select_ln957_5_fu_865_p3 SOURCE C:/github/zybo_z7_cam_rpi_v2_5mp_hdmi/zybo_z7_imx219/zybo_z7_imx219.runs/design_1_v_demosaic_0_0_synth_1/prj/sol/.autopilot/db/v_demosaic.cpp:957 VARIABLE select_ln957_5 LOOP VITIS_LOOP_881_2 BUNDLEDNAME {} DSP 0 BRAM 0 URAM 0 STORAGESUBTYPE {} DISPNAME {bind_op select} VISIBLE false} {BINDTYPE op ID {} IMPL auto_sel LATENCY 0 OPTYPE select PRAGMA {} RTLNAME select_ln957_6_fu_872_p3 SOURCE C:/github/zybo_z7_cam_rpi_v2_5mp_hdmi/zybo_z7_imx219/zybo_z7_imx219.runs/design_1_v_demosaic_0_0_synth_1/prj/sol/.autopilot/db/v_demosaic.cpp:957 VARIABLE select_ln957_6 LOOP VITIS_LOOP_881_2 BUNDLEDNAME {} DSP 0 BRAM 0 URAM 0 STORAGESUBTYPE {} DISPNAME {bind_op select} VISIBLE false} {BINDTYPE op ID {} IMPL auto_sel LATENCY 0 OPTYPE select PRAGMA {} RTLNAME select_ln957_7_fu_743_p3 SOURCE C:/github/zybo_z7_cam_rpi_v2_5mp_hdmi/zybo_z7_imx219/zybo_z7_imx219.runs/design_1_v_demosaic_0_0_synth_1/prj/sol/.autopilot/db/v_demosaic.cpp:957 VARIABLE select_ln957_7 LOOP VITIS_LOOP_881_2 BUNDLEDNAME {} DSP 0 BRAM 0 URAM 0 STORAGESUBTYPE {} DISPNAME {bind_op select} VISIBLE false} {BINDTYPE op ID {} IMPL auto_sel LATENCY 0 OPTYPE select PRAGMA {} RTLNAME select_ln957_8_fu_750_p3 SOURCE C:/github/zybo_z7_cam_rpi_v2_5mp_hdmi/zybo_z7_imx219/zybo_z7_imx219.runs/design_1_v_demosaic_0_0_synth_1/prj/sol/.autopilot/db/v_demosaic.cpp:957 VARIABLE select_ln957_8 LOOP VITIS_LOOP_881_2 BUNDLEDNAME {} DSP 0 BRAM 0 URAM 0 STORAGESUBTYPE {} DISPNAME {bind_op select} VISIBLE false} {BINDTYPE op ID {} IMPL auto_sel LATENCY 0 OPTYPE select PRAGMA {} RTLNAME select_ln957_9_fu_879_p3 SOURCE C:/github/zybo_z7_cam_rpi_v2_5mp_hdmi/zybo_z7_imx219/zybo_z7_imx219.runs/design_1_v_demosaic_0_0_synth_1/prj/sol/.autopilot/db/v_demosaic.cpp:957 VARIABLE select_ln957_9 LOOP VITIS_LOOP_881_2 BUNDLEDNAME {} DSP 0 BRAM 0 URAM 0 STORAGESUBTYPE {} DISPNAME {bind_op select} VISIBLE false} {BINDTYPE op ID {} IMPL auto_sel LATENCY 0 OPTYPE select PRAGMA {} RTLNAME select_ln957_10_fu_757_p3 SOURCE C:/github/zybo_z7_cam_rpi_v2_5mp_hdmi/zybo_z7_imx219/zybo_z7_imx219.runs/design_1_v_demosaic_0_0_synth_1/prj/sol/.autopilot/db/v_demosaic.cpp:957 VARIABLE select_ln957_10 LOOP VITIS_LOOP_881_2 BUNDLEDNAME {} DSP 0 BRAM 0 URAM 0 STORAGESUBTYPE {} DISPNAME {bind_op select} VISIBLE false} {BINDTYPE op ID {} IMPL auto_sel LATENCY 0 OPTYPE select PRAGMA {} RTLNAME select_ln957_11_fu_764_p3 SOURCE C:/github/zybo_z7_cam_rpi_v2_5mp_hdmi/zybo_z7_imx219/zybo_z7_imx219.runs/design_1_v_demosaic_0_0_synth_1/prj/sol/.autopilot/db/v_demosaic.cpp:957 VARIABLE select_ln957_11 LOOP VITIS_LOOP_881_2 BUNDLEDNAME {} DSP 0 BRAM 0 URAM 0 STORAGESUBTYPE {} DISPNAME {bind_op select} VISIBLE false} {BINDTYPE op ID {} IMPL auto_sel LATENCY 0 OPTYPE select PRAGMA {} RTLNAME select_ln975_fu_771_p3 SOURCE C:/github/zybo_z7_cam_rpi_v2_5mp_hdmi/zybo_z7_imx219/zybo_z7_imx219.runs/design_1_v_demosaic_0_0_synth_1/prj/sol/.autopilot/db/v_demosaic.cpp:975 VARIABLE select_ln975 LOOP VITIS_LOOP_881_2 BUNDLEDNAME {} DSP 0 BRAM 0 URAM 0 STORAGESUBTYPE {} DISPNAME {bind_op select} VISIBLE false} {BINDTYPE op ID {} IMPL auto_sel LATENCY 0 OPTYPE select PRAGMA {} RTLNAME select_ln975_1_fu_887_p3 SOURCE C:/github/zybo_z7_cam_rpi_v2_5mp_hdmi/zybo_z7_imx219/zybo_z7_imx219.runs/design_1_v_demosaic_0_0_synth_1/prj/sol/.autopilot/db/v_demosaic.cpp:975 VARIABLE select_ln975_1 LOOP VITIS_LOOP_881_2 BUNDLEDNAME {} DSP 0 BRAM 0 URAM 0 STORAGESUBTYPE {} DISPNAME {bind_op select} VISIBLE false} {BINDTYPE op ID {} IMPL auto_sel LATENCY 0 OPTYPE select PRAGMA {} RTLNAME select_ln975_2_fu_893_p3 SOURCE C:/github/zybo_z7_cam_rpi_v2_5mp_hdmi/zybo_z7_imx219/zybo_z7_imx219.runs/design_1_v_demosaic_0_0_synth_1/prj/sol/.autopilot/db/v_demosaic.cpp:975 VARIABLE select_ln975_2 LOOP VITIS_LOOP_881_2 BUNDLEDNAME {} DSP 0 BRAM 0 URAM 0 STORAGESUBTYPE {} DISPNAME {bind_op select} VISIBLE false} {BINDTYPE op ID {} IMPL auto LATENCY 0 OPTYPE xor PRAGMA {} RTLNAME xor_ln1014_fu_615_p2 SOURCE C:/github/zybo_z7_cam_rpi_v2_5mp_hdmi/zybo_z7_imx219/zybo_z7_imx219.runs/design_1_v_demosaic_0_0_synth_1/prj/sol/.autopilot/db/v_demosaic.cpp:1014 VARIABLE xor_ln1014 LOOP VITIS_LOOP_881_2 BUNDLEDNAME {} DSP 0 BRAM 0 URAM 0 STORAGESUBTYPE {} DISPNAME {bind_op xor} VISIBLE false} {BINDTYPE op ID {} IMPL auto LATENCY 0 OPTYPE xor PRAGMA {} RTLNAME xor_ln1014_2_fu_621_p2 SOURCE C:/github/zybo_z7_cam_rpi_v2_5mp_hdmi/zybo_z7_imx219/zybo_z7_imx219.runs/design_1_v_demosaic_0_0_synth_1/prj/sol/.autopilot/db/v_demosaic.cpp:1014 VARIABLE xor_ln1014_2 LOOP VITIS_LOOP_881_2 BUNDLEDNAME {} DSP 0 BRAM 0 URAM 0 STORAGESUBTYPE {} DISPNAME {bind_op xor} VISIBLE false} {BINDTYPE op ID {} IMPL auto LATENCY 0 OPTYPE seteq PRAGMA {} RTLNAME icmp_ln1014_fu_631_p2 SOURCE C:/github/zybo_z7_cam_rpi_v2_5mp_hdmi/zybo_z7_imx219/zybo_z7_imx219.runs/design_1_v_demosaic_0_0_synth_1/prj/sol/.autopilot/db/v_demosaic.cpp:1014 VARIABLE icmp_ln1014 LOOP VITIS_LOOP_881_2 BUNDLEDNAME {} DSP 0 BRAM 0 URAM 0 STORAGESUBTYPE {} DISPNAME {bind_op seteq} VISIBLE false} {BINDTYPE op ID {} IMPL fabric LATENCY 0 OPTYPE sub PRAGMA {} RTLNAME sub_ln1023_fu_935_p2 SOURCE C:/github/zybo_z7_cam_rpi_v2_5mp_hdmi/zybo_z7_imx219/zybo_z7_imx219.runs/design_1_v_demosaic_0_0_synth_1/prj/sol/.autopilot/db/v_demosaic.cpp:1023 VARIABLE sub_ln1023 LOOP VITIS_LOOP_881_2 BUNDLEDNAME {} DSP 0 BRAM 0 URAM 0 STORAGESUBTYPE {} DISPNAME {bind_op sub} VISIBLE true} {BINDTYPE op ID {} IMPL fabric LATENCY 0 OPTYPE sub PRAGMA {} RTLNAME sub_ln61_fu_945_p2 SOURCE {C:/AMDDesignTools/2025.2/Vitis/tps/mingw/8.3.0/win64.o/nt\lib\gcc\x86_64-w64-mingw32\8.3.0\include\c++\bits/std_abs.h:61} VARIABLE sub_ln61 LOOP VITIS_LOOP_881_2 BUNDLEDNAME {} DSP 0 BRAM 0 URAM 0 STORAGESUBTYPE {} DISPNAME {bind_op sub} VISIBLE true} {BINDTYPE op ID {} IMPL auto_sel LATENCY 0 OPTYPE select PRAGMA {} RTLNAME DRh_fu_1175_p3 SOURCE {C:/AMDDesignTools/2025.2/Vitis/tps/mingw/8.3.0/win64.o/nt\lib\gcc\x86_64-w64-mingw32\8.3.0\include\c++\bits/std_abs.h:61} VARIABLE DRh LOOP VITIS_LOOP_881_2 BUNDLEDNAME {} DSP 0 BRAM 0 URAM 0 STORAGESUBTYPE {} DISPNAME {bind_op select} VISIBLE false} {BINDTYPE op ID {} IMPL fabric LATENCY 0 OPTYPE sub PRAGMA {} RTLNAME sub_ln1024_fu_959_p2 SOURCE C:/github/zybo_z7_cam_rpi_v2_5mp_hdmi/zybo_z7_imx219/zybo_z7_imx219.runs/design_1_v_demosaic_0_0_synth_1/prj/sol/.autopilot/db/v_demosaic.cpp:1024 VARIABLE sub_ln1024 LOOP VITIS_LOOP_881_2 BUNDLEDNAME {} DSP 0 BRAM 0 URAM 0 STORAGESUBTYPE {} DISPNAME {bind_op sub} VISIBLE true} {BINDTYPE op ID {} IMPL fabric LATENCY 0 OPTYPE sub PRAGMA {} RTLNAME sub_ln61_4_fu_977_p2 SOURCE {C:/AMDDesignTools/2025.2/Vitis/tps/mingw/8.3.0/win64.o/nt\lib\gcc\x86_64-w64-mingw32\8.3.0\include\c++\bits/std_abs.h:61} VARIABLE sub_ln61_4 LOOP VITIS_LOOP_881_2 BUNDLEDNAME {} DSP 0 BRAM 0 URAM 0 STORAGESUBTYPE {} DISPNAME {bind_op sub} VISIBLE true} {BINDTYPE op ID {} IMPL auto_sel LATENCY 0 OPTYPE select PRAGMA {} RTLNAME DRv_fu_983_p3 SOURCE {C:/AMDDesignTools/2025.2/Vitis/tps/mingw/8.3.0/win64.o/nt\lib\gcc\x86_64-w64-mingw32\8.3.0\include\c++\bits/std_abs.h:61} VARIABLE DRv LOOP VITIS_LOOP_881_2 BUNDLEDNAME {} DSP 0 BRAM 0 URAM 0 STORAGESUBTYPE {} DISPNAME {bind_op select} VISIBLE false} {BINDTYPE op ID {} IMPL fabric LATENCY 0 OPTYPE sub PRAGMA {} RTLNAME sub_ln1025_fu_999_p2 SOURCE C:/github/zybo_z7_cam_rpi_v2_5mp_hdmi/zybo_z7_imx219/zybo_z7_imx219.runs/design_1_v_demosaic_0_0_synth_1/prj/sol/.autopilot/db/v_demosaic.cpp:1025 VARIABLE sub_ln1025 LOOP VITIS_LOOP_881_2 BUNDLEDNAME {} DSP 0 BRAM 0 URAM 0 STORAGESUBTYPE {} DISPNAME {bind_op sub} VISIBLE true} {BINDTYPE op ID {} IMPL fabric LATENCY 0 OPTYPE sub PRAGMA {} RTLNAME sub_ln61_5_fu_1009_p2 SOURCE {C:/AMDDesignTools/2025.2/Vitis/tps/mingw/8.3.0/win64.o/nt\lib\gcc\x86_64-w64-mingw32\8.3.0\include\c++\bits/std_abs.h:61} VARIABLE sub_ln61_5 LOOP VITIS_LOOP_881_2 BUNDLEDNAME {} DSP 0 BRAM 0 URAM 0 STORAGESUBTYPE {} DISPNAME {bind_op sub} VISIBLE true} {BINDTYPE op ID {} IMPL auto_sel LATENCY 0 OPTYPE select PRAGMA {} RTLNAME DGh_fu_1188_p3 SOURCE {C:/AMDDesignTools/2025.2/Vitis/tps/mingw/8.3.0/win64.o/nt\lib\gcc\x86_64-w64-mingw32\8.3.0\include\c++\bits/std_abs.h:61} VARIABLE DGh LOOP VITIS_LOOP_881_2 BUNDLEDNAME {} DSP 0 BRAM 0 URAM 0 STORAGESUBTYPE {} DISPNAME {bind_op select} VISIBLE false} {BINDTYPE op ID {} IMPL fabric LATENCY 0 OPTYPE sub PRAGMA {} RTLNAME sub_ln1026_fu_1023_p2 SOURCE C:/github/zybo_z7_cam_rpi_v2_5mp_hdmi/zybo_z7_imx219/zybo_z7_imx219.runs/design_1_v_demosaic_0_0_synth_1/prj/sol/.autopilot/db/v_demosaic.cpp:1026 VARIABLE sub_ln1026 LOOP VITIS_LOOP_881_2 BUNDLEDNAME {} DSP 0 BRAM 0 URAM 0 STORAGESUBTYPE {} DISPNAME {bind_op sub} VISIBLE true} {BINDTYPE op ID {} IMPL fabric LATENCY 0 OPTYPE sub PRAGMA {} RTLNAME sub_ln61_6_fu_1041_p2 SOURCE {C:/AMDDesignTools/2025.2/Vitis/tps/mingw/8.3.0/win64.o/nt\lib\gcc\x86_64-w64-mingw32\8.3.0\include\c++\bits/std_abs.h:61} VARIABLE sub_ln61_6 LOOP VITIS_LOOP_881_2 BUNDLEDNAME {} DSP 0 BRAM 0 URAM 0 STORAGESUBTYPE {} DISPNAME {bind_op sub} VISIBLE true} {BINDTYPE op ID {} IMPL auto_sel LATENCY 0 OPTYPE select PRAGMA {} RTLNAME DGv_fu_1047_p3 SOURCE {C:/AMDDesignTools/2025.2/Vitis/tps/mingw/8.3.0/win64.o/nt\lib\gcc\x86_64-w64-mingw32\8.3.0\include\c++\bits/std_abs.h:61} VARIABLE DGv LOOP VITIS_LOOP_881_2 BUNDLEDNAME {} DSP 0 BRAM 0 URAM 0 STORAGESUBTYPE {} DISPNAME {bind_op select} VISIBLE false} {BINDTYPE op ID {} IMPL fabric LATENCY 0 OPTYPE sub PRAGMA {} RTLNAME sub_ln1027_fu_1063_p2 SOURCE C:/github/zybo_z7_cam_rpi_v2_5mp_hdmi/zybo_z7_imx219/zybo_z7_imx219.runs/design_1_v_demosaic_0_0_synth_1/prj/sol/.autopilot/db/v_demosaic.cpp:1027 VARIABLE sub_ln1027 LOOP VITIS_LOOP_881_2 BUNDLEDNAME {} DSP 0 BRAM 0 URAM 0 STORAGESUBTYPE {} DISPNAME {bind_op sub} VISIBLE true} {BINDTYPE op ID {} IMPL fabric LATENCY 0 OPTYPE sub PRAGMA {} RTLNAME sub_ln61_7_fu_1201_p2 SOURCE {C:/AMDDesignTools/2025.2/Vitis/tps/mingw/8.3.0/win64.o/nt\lib\gcc\x86_64-w64-mingw32\8.3.0\include\c++\bits/std_abs.h:61} VARIABLE sub_ln61_7 LOOP VITIS_LOOP_881_2 BUNDLEDNAME {} DSP 0 BRAM 0 URAM 0 STORAGESUBTYPE {} DISPNAME {bind_op sub} VISIBLE true} {BINDTYPE op ID {} IMPL auto_sel LATENCY 0 OPTYPE select PRAGMA {} RTLNAME DBh_fu_1206_p3 SOURCE {C:/AMDDesignTools/2025.2/Vitis/tps/mingw/8.3.0/win64.o/nt\lib\gcc\x86_64-w64-mingw32\8.3.0\include\c++\bits/std_abs.h:61} VARIABLE DBh LOOP VITIS_LOOP_881_2 BUNDLEDNAME {} DSP 0 BRAM 0 URAM 0 STORAGESUBTYPE {} DISPNAME {bind_op select} VISIBLE false} {BINDTYPE op ID {} IMPL fabric LATENCY 0 OPTYPE sub PRAGMA {} RTLNAME sub_ln1028_fu_1081_p2 SOURCE C:/github/zybo_z7_cam_rpi_v2_5mp_hdmi/zybo_z7_imx219/zybo_z7_imx219.runs/design_1_v_demosaic_0_0_synth_1/prj/sol/.autopilot/db/v_demosaic.cpp:1028 VARIABLE sub_ln1028 LOOP VITIS_LOOP_881_2 BUNDLEDNAME {} DSP 0 BRAM 0 URAM 0 STORAGESUBTYPE {} DISPNAME {bind_op sub} VISIBLE true} {BINDTYPE op ID {} IMPL fabric LATENCY 0 OPTYPE sub PRAGMA {} RTLNAME sub_ln61_8_fu_1220_p2 SOURCE {C:/AMDDesignTools/2025.2/Vitis/tps/mingw/8.3.0/win64.o/nt\lib\gcc\x86_64-w64-mingw32\8.3.0\include\c++\bits/std_abs.h:61} VARIABLE sub_ln61_8 LOOP VITIS_LOOP_881_2 BUNDLEDNAME {} DSP 0 BRAM 0 URAM 0 STORAGESUBTYPE {} DISPNAME {bind_op sub} VISIBLE true} {BINDTYPE op ID {} IMPL auto_sel LATENCY 0 OPTYPE select PRAGMA {} RTLNAME DBv_fu_1225_p3 SOURCE {C:/AMDDesignTools/2025.2/Vitis/tps/mingw/8.3.0/win64.o/nt\lib\gcc\x86_64-w64-mingw32\8.3.0\include\c++\bits/std_abs.h:61} VARIABLE DBv LOOP VITIS_LOOP_881_2 BUNDLEDNAME {} DSP 0 BRAM 0 URAM 0 STORAGESUBTYPE {} DISPNAME {bind_op select} VISIBLE false} {BINDTYPE op ID {} IMPL fabric LATENCY 0 OPTYPE add PRAGMA {} RTLNAME add_ln1030_fu_1240_p2 SOURCE C:/github/zybo_z7_cam_rpi_v2_5mp_hdmi/zybo_z7_imx219/zybo_z7_imx219.runs/design_1_v_demosaic_0_0_synth_1/prj/sol/.autopilot/db/v_demosaic.cpp:1030 VARIABLE add_ln1030 LOOP VITIS_LOOP_881_2 BUNDLEDNAME {} DSP 0 BRAM 0 URAM 0 STORAGESUBTYPE {} DISPNAME {bind_op add} VISIBLE true} {BINDTYPE op ID {} IMPL fabric LATENCY 0 OPTYPE add PRAGMA {} RTLNAME add_ln1030_1_fu_1254_p2 SOURCE C:/github/zybo_z7_cam_rpi_v2_5mp_hdmi/zybo_z7_imx219/zybo_z7_imx219.runs/design_1_v_demosaic_0_0_synth_1/prj/sol/.autopilot/db/v_demosaic.cpp:1030 VARIABLE add_ln1030_1 LOOP VITIS_LOOP_881_2 BUNDLEDNAME {} DSP 0 BRAM 0 URAM 0 STORAGESUBTYPE {} DISPNAME {bind_op add} VISIBLE true} {BINDTYPE op ID {} IMPL fabric LATENCY 0 OPTYPE add PRAGMA {} RTLNAME add_ln1030_2_fu_1099_p2 SOURCE C:/github/zybo_z7_cam_rpi_v2_5mp_hdmi/zybo_z7_imx219/zybo_z7_imx219.runs/design_1_v_demosaic_0_0_synth_1/prj/sol/.autopilot/db/v_demosaic.cpp:1030 VARIABLE add_ln1030_2 LOOP VITIS_LOOP_881_2 BUNDLEDNAME {} DSP 0 BRAM 0 URAM 0 STORAGESUBTYPE {} DISPNAME {bind_op add} VISIBLE true} {BINDTYPE op ID {} IMPL fabric LATENCY 0 OPTYPE add PRAGMA {} RTLNAME add_ln1030_3_fu_1267_p2 SOURCE C:/github/zybo_z7_cam_rpi_v2_5mp_hdmi/zybo_z7_imx219/zybo_z7_imx219.runs/design_1_v_demosaic_0_0_synth_1/prj/sol/.autopilot/db/v_demosaic.cpp:1030 VARIABLE add_ln1030_3 LOOP VITIS_LOOP_881_2 BUNDLEDNAME {} DSP 0 BRAM 0 URAM 0 STORAGESUBTYPE {} DISPNAME {bind_op add} VISIBLE true} {BINDTYPE op ID {} IMPL auto LATENCY 0 OPTYPE setlt PRAGMA {} RTLNAME icmp_ln1030_fu_1273_p2 SOURCE C:/github/zybo_z7_cam_rpi_v2_5mp_hdmi/zybo_z7_imx219/zybo_z7_imx219.runs/design_1_v_demosaic_0_0_synth_1/prj/sol/.autopilot/db/v_demosaic.cpp:1030 VARIABLE icmp_ln1030 LOOP VITIS_LOOP_881_2 BUNDLEDNAME {} DSP 0 BRAM 0 URAM 0 STORAGESUBTYPE {} DISPNAME {bind_op setlt} VISIBLE false} {BINDTYPE op ID {} IMPL fabric LATENCY 0 OPTYPE sub PRAGMA {} RTLNAME sub_ln1033_fu_1105_p2 SOURCE C:/github/zybo_z7_cam_rpi_v2_5mp_hdmi/zybo_z7_imx219/zybo_z7_imx219.runs/design_1_v_demosaic_0_0_synth_1/prj/sol/.autopilot/db/v_demosaic.cpp:1033 VARIABLE sub_ln1033 LOOP VITIS_LOOP_881_2 BUNDLEDNAME {} DSP 0 BRAM 0 URAM 0 STORAGESUBTYPE {} DISPNAME {bind_op sub} VISIBLE true} {BINDTYPE op ID {} IMPL fabric LATENCY 0 OPTYPE sub PRAGMA {} RTLNAME sub_ln1033_1_fu_1111_p2 SOURCE C:/github/zybo_z7_cam_rpi_v2_5mp_hdmi/zybo_z7_imx219/zybo_z7_imx219.runs/design_1_v_demosaic_0_0_synth_1/prj/sol/.autopilot/db/v_demosaic.cpp:1033 VARIABLE sub_ln1033_1 LOOP VITIS_LOOP_881_2 BUNDLEDNAME {} DSP 0 BRAM 0 URAM 0 STORAGESUBTYPE {} DISPNAME {bind_op sub} VISIBLE true} {BINDTYPE op ID {} IMPL fabric LATENCY 0 OPTYPE add PRAGMA {} RTLNAME add_ln1033_fu_1285_p2 SOURCE C:/github/zybo_z7_cam_rpi_v2_5mp_hdmi/zybo_z7_imx219/zybo_z7_imx219.runs/design_1_v_demosaic_0_0_synth_1/prj/sol/.autopilot/db/v_demosaic.cpp:1033 VARIABLE add_ln1033 LOOP VITIS_LOOP_881_2 BUNDLEDNAME {} DSP 0 BRAM 0 URAM 0 STORAGESUBTYPE {} DISPNAME {bind_op add} VISIBLE true} {BINDTYPE op ID {} IMPL fabric LATENCY 0 OPTYPE sub PRAGMA {} RTLNAME sub_ln1033_2_fu_1303_p2 SOURCE C:/github/zybo_z7_cam_rpi_v2_5mp_hdmi/zybo_z7_imx219/zybo_z7_imx219.runs/design_1_v_demosaic_0_0_synth_1/prj/sol/.autopilot/db/v_demosaic.cpp:1033 VARIABLE sub_ln1033_2 LOOP VITIS_LOOP_881_2 BUNDLEDNAME {} DSP 0 BRAM 0 URAM 0 STORAGESUBTYPE {} DISPNAME {bind_op sub} VISIBLE true} {BINDTYPE op ID {} IMPL fabric LATENCY 0 OPTYPE sub PRAGMA {} RTLNAME sub_ln1033_3_fu_1319_p2 SOURCE C:/github/zybo_z7_cam_rpi_v2_5mp_hdmi/zybo_z7_imx219/zybo_z7_imx219.runs/design_1_v_demosaic_0_0_synth_1/prj/sol/.autopilot/db/v_demosaic.cpp:1033 VARIABLE sub_ln1033_3 LOOP VITIS_LOOP_881_2 BUNDLEDNAME {} DSP 0 BRAM 0 URAM 0 STORAGESUBTYPE {} DISPNAME {bind_op sub} VISIBLE true} {BINDTYPE op ID {} IMPL auto_sel LATENCY 0 OPTYPE select PRAGMA {} RTLNAME select_ln1033_fu_1335_p3 SOURCE C:/github/zybo_z7_cam_rpi_v2_5mp_hdmi/zybo_z7_imx219/zybo_z7_imx219.runs/design_1_v_demosaic_0_0_synth_1/prj/sol/.autopilot/db/v_demosaic.cpp:1033 VARIABLE select_ln1033 LOOP VITIS_LOOP_881_2 BUNDLEDNAME {} DSP 0 BRAM 0 URAM 0 STORAGESUBTYPE {} DISPNAME {bind_op select} VISIBLE false} {BINDTYPE op ID {} IMPL fabric LATENCY 0 OPTYPE sub PRAGMA {} RTLNAME sub_ln1034_fu_1117_p2 SOURCE C:/github/zybo_z7_cam_rpi_v2_5mp_hdmi/zybo_z7_imx219/zybo_z7_imx219.runs/design_1_v_demosaic_0_0_synth_1/prj/sol/.autopilot/db/v_demosaic.cpp:1034 VARIABLE sub_ln1034 LOOP VITIS_LOOP_881_2 BUNDLEDNAME {} DSP 0 BRAM 0 URAM 0 STORAGESUBTYPE {} DISPNAME {bind_op sub} VISIBLE true} {BINDTYPE op ID {} IMPL fabric LATENCY 0 OPTYPE sub PRAGMA {} RTLNAME sub_ln1034_1_fu_1123_p2 SOURCE C:/github/zybo_z7_cam_rpi_v2_5mp_hdmi/zybo_z7_imx219/zybo_z7_imx219.runs/design_1_v_demosaic_0_0_synth_1/prj/sol/.autopilot/db/v_demosaic.cpp:1034 VARIABLE sub_ln1034_1 LOOP VITIS_LOOP_881_2 BUNDLEDNAME {} DSP 0 BRAM 0 URAM 0 STORAGESUBTYPE {} DISPNAME {bind_op sub} VISIBLE true} {BINDTYPE op ID {} IMPL fabric LATENCY 0 OPTYPE add PRAGMA {} RTLNAME add_ln1034_fu_1353_p2 SOURCE C:/github/zybo_z7_cam_rpi_v2_5mp_hdmi/zybo_z7_imx219/zybo_z7_imx219.runs/design_1_v_demosaic_0_0_synth_1/prj/sol/.autopilot/db/v_demosaic.cpp:1034 VARIABLE add_ln1034 LOOP VITIS_LOOP_881_2 BUNDLEDNAME {} DSP 0 BRAM 0 URAM 0 STORAGESUBTYPE {} DISPNAME {bind_op add} VISIBLE true} {BINDTYPE op ID {} IMPL fabric LATENCY 0 OPTYPE sub PRAGMA {} RTLNAME sub_ln1034_2_fu_1371_p2 SOURCE C:/github/zybo_z7_cam_rpi_v2_5mp_hdmi/zybo_z7_imx219/zybo_z7_imx219.runs/design_1_v_demosaic_0_0_synth_1/prj/sol/.autopilot/db/v_demosaic.cpp:1034 VARIABLE sub_ln1034_2 LOOP VITIS_LOOP_881_2 BUNDLEDNAME {} DSP 0 BRAM 0 URAM 0 STORAGESUBTYPE {} DISPNAME {bind_op sub} VISIBLE true} {BINDTYPE op ID {} IMPL fabric LATENCY 0 OPTYPE sub PRAGMA {} RTLNAME sub_ln1034_3_fu_1387_p2 SOURCE C:/github/zybo_z7_cam_rpi_v2_5mp_hdmi/zybo_z7_imx219/zybo_z7_imx219.runs/design_1_v_demosaic_0_0_synth_1/prj/sol/.autopilot/db/v_demosaic.cpp:1034 VARIABLE sub_ln1034_3 LOOP VITIS_LOOP_881_2 BUNDLEDNAME {} DSP 0 BRAM 0 URAM 0 STORAGESUBTYPE {} DISPNAME {bind_op sub} VISIBLE true} {BINDTYPE op ID {} IMPL auto_sel LATENCY 0 OPTYPE select PRAGMA {} RTLNAME select_ln1034_fu_1403_p3 SOURCE C:/github/zybo_z7_cam_rpi_v2_5mp_hdmi/zybo_z7_imx219/zybo_z7_imx219.runs/design_1_v_demosaic_0_0_synth_1/prj/sol/.autopilot/db/v_demosaic.cpp:1034 VARIABLE select_ln1034 LOOP VITIS_LOOP_881_2 BUNDLEDNAME {} DSP 0 BRAM 0 URAM 0 STORAGESUBTYPE {} DISPNAME {bind_op select} VISIBLE false} {BINDTYPE op ID {} IMPL fabric LATENCY 0 OPTYPE sub PRAGMA {} RTLNAME sub_ln1039_fu_1129_p2 SOURCE C:/github/zybo_z7_cam_rpi_v2_5mp_hdmi/zybo_z7_imx219/zybo_z7_imx219.runs/design_1_v_demosaic_0_0_synth_1/prj/sol/.autopilot/db/v_demosaic.cpp:1039 VARIABLE sub_ln1039 LOOP VITIS_LOOP_881_2 BUNDLEDNAME {} DSP 0 BRAM 0 URAM 0 STORAGESUBTYPE {} DISPNAME {bind_op sub} VISIBLE true} {BINDTYPE op ID {} IMPL fabric LATENCY 0 OPTYPE sub PRAGMA {} RTLNAME sub_ln1039_1_fu_1135_p2 SOURCE C:/github/zybo_z7_cam_rpi_v2_5mp_hdmi/zybo_z7_imx219/zybo_z7_imx219.runs/design_1_v_demosaic_0_0_synth_1/prj/sol/.autopilot/db/v_demosaic.cpp:1039 VARIABLE sub_ln1039_1 LOOP VITIS_LOOP_881_2 BUNDLEDNAME {} DSP 0 BRAM 0 URAM 0 STORAGESUBTYPE {} DISPNAME {bind_op sub} VISIBLE true} {BINDTYPE op ID {} IMPL fabric LATENCY 0 OPTYPE add PRAGMA {} RTLNAME add_ln1039_fu_1417_p2 SOURCE C:/github/zybo_z7_cam_rpi_v2_5mp_hdmi/zybo_z7_imx219/zybo_z7_imx219.runs/design_1_v_demosaic_0_0_synth_1/prj/sol/.autopilot/db/v_demosaic.cpp:1039 VARIABLE add_ln1039 LOOP VITIS_LOOP_881_2 BUNDLEDNAME {} DSP 0 BRAM 0 URAM 0 STORAGESUBTYPE {} DISPNAME {bind_op add} VISIBLE true} {BINDTYPE op ID {} IMPL fabric LATENCY 0 OPTYPE sub PRAGMA {} RTLNAME sub_ln1039_2_fu_1435_p2 SOURCE C:/github/zybo_z7_cam_rpi_v2_5mp_hdmi/zybo_z7_imx219/zybo_z7_imx219.runs/design_1_v_demosaic_0_0_synth_1/prj/sol/.autopilot/db/v_demosaic.cpp:1039 VARIABLE sub_ln1039_2 LOOP VITIS_LOOP_881_2 BUNDLEDNAME {} DSP 0 BRAM 0 URAM 0 STORAGESUBTYPE {} DISPNAME {bind_op sub} VISIBLE true} {BINDTYPE op ID {} IMPL fabric LATENCY 0 OPTYPE sub PRAGMA {} RTLNAME sub_ln1039_3_fu_1451_p2 SOURCE C:/github/zybo_z7_cam_rpi_v2_5mp_hdmi/zybo_z7_imx219/zybo_z7_imx219.runs/design_1_v_demosaic_0_0_synth_1/prj/sol/.autopilot/db/v_demosaic.cpp:1039 VARIABLE sub_ln1039_3 LOOP VITIS_LOOP_881_2 BUNDLEDNAME {} DSP 0 BRAM 0 URAM 0 STORAGESUBTYPE {} DISPNAME {bind_op sub} VISIBLE true} {BINDTYPE op ID {} IMPL auto_sel LATENCY 0 OPTYPE select PRAGMA {} RTLNAME select_ln1039_fu_1467_p3 SOURCE C:/github/zybo_z7_cam_rpi_v2_5mp_hdmi/zybo_z7_imx219/zybo_z7_imx219.runs/design_1_v_demosaic_0_0_synth_1/prj/sol/.autopilot/db/v_demosaic.cpp:1039 VARIABLE select_ln1039 LOOP VITIS_LOOP_881_2 BUNDLEDNAME {} DSP 0 BRAM 0 URAM 0 STORAGESUBTYPE {} DISPNAME {bind_op select} VISIBLE false} {BINDTYPE op ID {} IMPL fabric LATENCY 0 OPTYPE sub PRAGMA {} RTLNAME sub_ln1040_fu_1141_p2 SOURCE C:/github/zybo_z7_cam_rpi_v2_5mp_hdmi/zybo_z7_imx219/zybo_z7_imx219.runs/design_1_v_demosaic_0_0_synth_1/prj/sol/.autopilot/db/v_demosaic.cpp:1040 VARIABLE sub_ln1040 LOOP VITIS_LOOP_881_2 BUNDLEDNAME {} DSP 0 BRAM 0 URAM 0 STORAGESUBTYPE {} DISPNAME {bind_op sub} VISIBLE true} {BINDTYPE op ID {} IMPL fabric LATENCY 0 OPTYPE sub PRAGMA {} RTLNAME sub_ln1040_1_fu_1147_p2 SOURCE C:/github/zybo_z7_cam_rpi_v2_5mp_hdmi/zybo_z7_imx219/zybo_z7_imx219.runs/design_1_v_demosaic_0_0_synth_1/prj/sol/.autopilot/db/v_demosaic.cpp:1040 VARIABLE sub_ln1040_1 LOOP VITIS_LOOP_881_2 BUNDLEDNAME {} DSP 0 BRAM 0 URAM 0 STORAGESUBTYPE {} DISPNAME {bind_op sub} VISIBLE true} {BINDTYPE op ID {} IMPL fabric LATENCY 0 OPTYPE add PRAGMA {} RTLNAME add_ln1040_fu_1481_p2 SOURCE C:/github/zybo_z7_cam_rpi_v2_5mp_hdmi/zybo_z7_imx219/zybo_z7_imx219.runs/design_1_v_demosaic_0_0_synth_1/prj/sol/.autopilot/db/v_demosaic.cpp:1040 VARIABLE add_ln1040 LOOP VITIS_LOOP_881_2 BUNDLEDNAME {} DSP 0 BRAM 0 URAM 0 STORAGESUBTYPE {} DISPNAME {bind_op add} VISIBLE true} {BINDTYPE op ID {} IMPL fabric LATENCY 0 OPTYPE sub PRAGMA {} RTLNAME sub_ln1040_2_fu_1499_p2 SOURCE C:/github/zybo_z7_cam_rpi_v2_5mp_hdmi/zybo_z7_imx219/zybo_z7_imx219.runs/design_1_v_demosaic_0_0_synth_1/prj/sol/.autopilot/db/v_demosaic.cpp:1040 VARIABLE sub_ln1040_2 LOOP VITIS_LOOP_881_2 BUNDLEDNAME {} DSP 0 BRAM 0 URAM 0 STORAGESUBTYPE {} DISPNAME {bind_op sub} VISIBLE true} {BINDTYPE op ID {} IMPL fabric LATENCY 0 OPTYPE sub PRAGMA {} RTLNAME sub_ln1040_3_fu_1515_p2 SOURCE C:/github/zybo_z7_cam_rpi_v2_5mp_hdmi/zybo_z7_imx219/zybo_z7_imx219.runs/design_1_v_demosaic_0_0_synth_1/prj/sol/.autopilot/db/v_demosaic.cpp:1040 VARIABLE sub_ln1040_3 LOOP VITIS_LOOP_881_2 BUNDLEDNAME {} DSP 0 BRAM 0 URAM 0 STORAGESUBTYPE {} DISPNAME {bind_op sub} VISIBLE true} {BINDTYPE op ID {} IMPL auto_sel LATENCY 0 OPTYPE select PRAGMA {} RTLNAME select_ln1040_fu_1531_p3 SOURCE C:/github/zybo_z7_cam_rpi_v2_5mp_hdmi/zybo_z7_imx219/zybo_z7_imx219.runs/design_1_v_demosaic_0_0_synth_1/prj/sol/.autopilot/db/v_demosaic.cpp:1040 VARIABLE select_ln1040 LOOP VITIS_LOOP_881_2 BUNDLEDNAME {} DSP 0 BRAM 0 URAM 0 STORAGESUBTYPE {} DISPNAME {bind_op select} VISIBLE false} {BINDTYPE op ID {} IMPL auto_sel LATENCY 0 OPTYPE select PRAGMA {} RTLNAME r_0_in_i_v_v_fu_1539_p3 SOURCE C:/github/zybo_z7_cam_rpi_v2_5mp_hdmi/zybo_z7_imx219/zybo_z7_imx219.runs/design_1_v_demosaic_0_0_synth_1/prj/sol/.autopilot/db/v_demosaic.cpp:1030 VARIABLE r_0_in_i_v_v LOOP VITIS_LOOP_881_2 BUNDLEDNAME {} DSP 0 BRAM 0 URAM 0 STORAGESUBTYPE {} DISPNAME {bind_op select} VISIBLE false} {BINDTYPE op ID {} IMPL fabric LATENCY 0 OPTYPE sub PRAGMA {} RTLNAME r_0_in_i_fu_1551_p2 SOURCE C:/github/zybo_z7_cam_rpi_v2_5mp_hdmi/zybo_z7_imx219/zybo_z7_imx219.runs/design_1_v_demosaic_0_0_synth_1/prj/sol/.autopilot/db/v_demosaic.cpp:1034 VARIABLE r_0_in_i LOOP VITIS_LOOP_881_2 BUNDLEDNAME {} DSP 0 BRAM 0 URAM 0 STORAGESUBTYPE {} DISPNAME {bind_op sub} VISIBLE true} {BINDTYPE op ID {} IMPL auto_sel LATENCY 0 OPTYPE select PRAGMA {} RTLNAME b_0_in_i_v_v_fu_1557_p3 SOURCE C:/github/zybo_z7_cam_rpi_v2_5mp_hdmi/zybo_z7_imx219/zybo_z7_imx219.runs/design_1_v_demosaic_0_0_synth_1/prj/sol/.autopilot/db/v_demosaic.cpp:1030 VARIABLE b_0_in_i_v_v LOOP VITIS_LOOP_881_2 BUNDLEDNAME {} DSP 0 BRAM 0 URAM 0 STORAGESUBTYPE {} DISPNAME {bind_op select} VISIBLE false} {BINDTYPE op ID {} IMPL fabric LATENCY 0 OPTYPE sub PRAGMA {} RTLNAME b_0_in_i_fu_1569_p2 SOURCE C:/github/zybo_z7_cam_rpi_v2_5mp_hdmi/zybo_z7_imx219/zybo_z7_imx219.runs/design_1_v_demosaic_0_0_synth_1/prj/sol/.autopilot/db/v_demosaic.cpp:1034 VARIABLE b_0_in_i LOOP VITIS_LOOP_881_2 BUNDLEDNAME {} DSP 0 BRAM 0 URAM 0 STORAGESUBTYPE {} DISPNAME {bind_op sub} VISIBLE true} {BINDTYPE op ID {} IMPL auto LATENCY 0 OPTYPE seteq PRAGMA {} RTLNAME icmp_ln1042_fu_1615_p2 SOURCE C:/github/zybo_z7_cam_rpi_v2_5mp_hdmi/zybo_z7_imx219/zybo_z7_imx219.runs/design_1_v_demosaic_0_0_synth_1/prj/sol/.autopilot/db/v_demosaic.cpp:1042 VARIABLE icmp_ln1042 LOOP VITIS_LOOP_881_2 BUNDLEDNAME {} DSP 0 BRAM 0 URAM 0 STORAGESUBTYPE {} DISPNAME {bind_op seteq} VISIBLE false} {BINDTYPE op ID {} IMPL auto LATENCY 0 OPTYPE xor PRAGMA {} RTLNAME xor_ln1046_fu_1620_p2 SOURCE C:/github/zybo_z7_cam_rpi_v2_5mp_hdmi/zybo_z7_imx219/zybo_z7_imx219.runs/design_1_v_demosaic_0_0_synth_1/prj/sol/.autopilot/db/v_demosaic.cpp:1046 VARIABLE xor_ln1046 LOOP VITIS_LOOP_881_2 BUNDLEDNAME {} DSP 0 BRAM 0 URAM 0 STORAGESUBTYPE {} DISPNAME {bind_op xor} VISIBLE false} {BINDTYPE op ID {} IMPL auto_sel LATENCY 0 OPTYPE select PRAGMA {} RTLNAME select_ln1042_fu_1626_p3 SOURCE C:/github/zybo_z7_cam_rpi_v2_5mp_hdmi/zybo_z7_imx219/zybo_z7_imx219.runs/design_1_v_demosaic_0_0_synth_1/prj/sol/.autopilot/db/v_demosaic.cpp:1042 VARIABLE select_ln1042 LOOP VITIS_LOOP_881_2 BUNDLEDNAME {} DSP 0 BRAM 0 URAM 0 STORAGESUBTYPE {} DISPNAME {bind_op select} VISIBLE false} {BINDTYPE op ID {} IMPL auto LATENCY 0 OPTYPE or PRAGMA {} RTLNAME or_ln1042_fu_1634_p2 SOURCE C:/github/zybo_z7_cam_rpi_v2_5mp_hdmi/zybo_z7_imx219/zybo_z7_imx219.runs/design_1_v_demosaic_0_0_synth_1/prj/sol/.autopilot/db/v_demosaic.cpp:1042 VARIABLE or_ln1042 LOOP VITIS_LOOP_881_2 BUNDLEDNAME {} DSP 0 BRAM 0 URAM 0 STORAGESUBTYPE {} DISPNAME {bind_op or} VISIBLE false} {BINDTYPE op ID {} IMPL auto_sel LATENCY 0 OPTYPE select PRAGMA {} RTLNAME select_ln1046_fu_1640_p3 SOURCE C:/github/zybo_z7_cam_rpi_v2_5mp_hdmi/zybo_z7_imx219/zybo_z7_imx219.runs/design_1_v_demosaic_0_0_synth_1/prj/sol/.autopilot/db/v_demosaic.cpp:1046 VARIABLE select_ln1046 LOOP VITIS_LOOP_881_2 BUNDLEDNAME {} DSP 0 BRAM 0 URAM 0 STORAGESUBTYPE {} DISPNAME {bind_op select} VISIBLE false} {BINDTYPE op ID {} IMPL auto LATENCY 0 OPTYPE seteq PRAGMA {} RTLNAME icmp_ln1043_fu_1656_p2 SOURCE C:/github/zybo_z7_cam_rpi_v2_5mp_hdmi/zybo_z7_imx219/zybo_z7_imx219.runs/design_1_v_demosaic_0_0_synth_1/prj/sol/.autopilot/db/v_demosaic.cpp:1043 VARIABLE icmp_ln1043 LOOP VITIS_LOOP_881_2 BUNDLEDNAME {} DSP 0 BRAM 0 URAM 0 STORAGESUBTYPE {} DISPNAME {bind_op seteq} VISIBLE false} {BINDTYPE op ID {} IMPL auto LATENCY 0 OPTYPE xor PRAGMA {} RTLNAME xor_ln1048_fu_1661_p2 SOURCE C:/github/zybo_z7_cam_rpi_v2_5mp_hdmi/zybo_z7_imx219/zybo_z7_imx219.runs/design_1_v_demosaic_0_0_synth_1/prj/sol/.autopilot/db/v_demosaic.cpp:1048 VARIABLE xor_ln1048 LOOP VITIS_LOOP_881_2 BUNDLEDNAME {} DSP 0 BRAM 0 URAM 0 STORAGESUBTYPE {} DISPNAME {bind_op xor} VISIBLE false} {BINDTYPE op ID {} IMPL auto_sel LATENCY 0 OPTYPE select PRAGMA {} RTLNAME select_ln1043_fu_1667_p3 SOURCE C:/github/zybo_z7_cam_rpi_v2_5mp_hdmi/zybo_z7_imx219/zybo_z7_imx219.runs/design_1_v_demosaic_0_0_synth_1/prj/sol/.autopilot/db/v_demosaic.cpp:1043 VARIABLE select_ln1043 LOOP VITIS_LOOP_881_2 BUNDLEDNAME {} DSP 0 BRAM 0 URAM 0 STORAGESUBTYPE {} DISPNAME {bind_op select} VISIBLE false} {BINDTYPE op ID {} IMPL auto LATENCY 0 OPTYPE or PRAGMA {} RTLNAME or_ln1043_fu_1675_p2 SOURCE C:/github/zybo_z7_cam_rpi_v2_5mp_hdmi/zybo_z7_imx219/zybo_z7_imx219.runs/design_1_v_demosaic_0_0_synth_1/prj/sol/.autopilot/db/v_demosaic.cpp:1043 VARIABLE or_ln1043 LOOP VITIS_LOOP_881_2 BUNDLEDNAME {} DSP 0 BRAM 0 URAM 0 STORAGESUBTYPE {} DISPNAME {bind_op or} VISIBLE false} {BINDTYPE op ID {} IMPL auto_sel LATENCY 0 OPTYPE select PRAGMA {} RTLNAME select_ln1048_fu_1681_p3 SOURCE C:/github/zybo_z7_cam_rpi_v2_5mp_hdmi/zybo_z7_imx219/zybo_z7_imx219.runs/design_1_v_demosaic_0_0_synth_1/prj/sol/.autopilot/db/v_demosaic.cpp:1048 VARIABLE select_ln1048 LOOP VITIS_LOOP_881_2 BUNDLEDNAME {} DSP 0 BRAM 0 URAM 0 STORAGESUBTYPE {} DISPNAME {bind_op select} VISIBLE false} {BINDTYPE op ID {} IMPL auto_sel LATENCY 0 OPTYPE select PRAGMA {} RTLNAME phi_ln1046_fu_1689_p3 SOURCE C:/github/zybo_z7_cam_rpi_v2_5mp_hdmi/zybo_z7_imx219/zybo_z7_imx219.runs/design_1_v_demosaic_0_0_synth_1/prj/sol/.autopilot/db/v_demosaic.cpp:1014 VARIABLE phi_ln1046 LOOP VITIS_LOOP_881_2 BUNDLEDNAME {} DSP 0 BRAM 0 URAM 0 STORAGESUBTYPE {} DISPNAME {bind_op select} VISIBLE false} {BINDTYPE op ID {} IMPL auto_sel LATENCY 0 OPTYPE select PRAGMA {} RTLNAME phi_ln1048_fu_1696_p3 SOURCE C:/github/zybo_z7_cam_rpi_v2_5mp_hdmi/zybo_z7_imx219/zybo_z7_imx219.runs/design_1_v_demosaic_0_0_synth_1/prj/sol/.autopilot/db/v_demosaic.cpp:1014 VARIABLE phi_ln1048 LOOP VITIS_LOOP_881_2 BUNDLEDNAME {} DSP 0 BRAM 0 URAM 0 STORAGESUBTYPE {} DISPNAME {bind_op select} VISIBLE false} {BINDTYPE op ID {} IMPL auto LATENCY 0 OPTYPE setne PRAGMA {} RTLNAME icmp_ln1052_fu_637_p2 SOURCE C:/github/zybo_z7_cam_rpi_v2_5mp_hdmi/zybo_z7_imx219/zybo_z7_imx219.runs/design_1_v_demosaic_0_0_synth_1/prj/sol/.autopilot/db/v_demosaic.cpp:1052 VARIABLE icmp_ln1052 LOOP VITIS_LOOP_881_2 BUNDLEDNAME {} DSP 0 BRAM 0 URAM 0 STORAGESUBTYPE {} DISPNAME {bind_op setne} VISIBLE false} {BINDTYPE op ID {} IMPL auto LATENCY 0 OPTYPE and PRAGMA {} RTLNAME and_ln1052_fu_643_p2 SOURCE C:/github/zybo_z7_cam_rpi_v2_5mp_hdmi/zybo_z7_imx219/zybo_z7_imx219.runs/design_1_v_demosaic_0_0_synth_1/prj/sol/.autopilot/db/v_demosaic.cpp:1052 VARIABLE and_ln1052 LOOP VITIS_LOOP_881_2 BUNDLEDNAME {} DSP 0 BRAM 0 URAM 0 STORAGESUBTYPE {} DISPNAME {bind_op and} VISIBLE false}} AREA {DSP 0 BRAM 8 URAM 0}} DebayerRandBatG {BINDINFO {{BINDTYPE op ID {} IMPL fabric LATENCY 0 OPTYPE add PRAGMA {} RTLNAME loopHeight_fu_172_p2 SOURCE C:/github/zybo_z7_cam_rpi_v2_5mp_hdmi/zybo_z7_imx219/zybo_z7_imx219.runs/design_1_v_demosaic_0_0_synth_1/prj/sol/.autopilot/db/v_demosaic.cpp:854 VARIABLE loopHeight LOOP {} BUNDLEDNAME {} DSP 0 BRAM 0 URAM 0 STORAGESUBTYPE {} DISPNAME {bind_op add} VISIBLE true} {BINDTYPE op ID {} IMPL fabric LATENCY 0 OPTYPE add PRAGMA {} RTLNAME loopWidth_fu_178_p2 SOURCE C:/github/zybo_z7_cam_rpi_v2_5mp_hdmi/zybo_z7_imx219/zybo_z7_imx219.runs/design_1_v_demosaic_0_0_synth_1/prj/sol/.autopilot/db/v_demosaic.cpp:855 VARIABLE loopWidth LOOP {} BUNDLEDNAME {} DSP 0 BRAM 0 URAM 0 STORAGESUBTYPE {} DISPNAME {bind_op add} VISIBLE true} {BINDTYPE op ID {} IMPL auto LATENCY 0 OPTYPE seteq PRAGMA {} RTLNAME icmp_ln878_fu_202_p2 SOURCE C:/github/zybo_z7_cam_rpi_v2_5mp_hdmi/zybo_z7_imx219/zybo_z7_imx219.runs/design_1_v_demosaic_0_0_synth_1/prj/sol/.autopilot/db/v_demosaic.cpp:878 VARIABLE icmp_ln878 LOOP VITIS_LOOP_878_1 BUNDLEDNAME {} DSP 0 BRAM 0 URAM 0 STORAGESUBTYPE {} DISPNAME {bind_op seteq} VISIBLE false} {BINDTYPE op ID {} IMPL fabric LATENCY 0 OPTYPE add PRAGMA {} RTLNAME y_6_fu_207_p2 SOURCE C:/github/zybo_z7_cam_rpi_v2_5mp_hdmi/zybo_z7_imx219/zybo_z7_imx219.runs/design_1_v_demosaic_0_0_synth_1/prj/sol/.autopilot/db/v_demosaic.cpp:878 VARIABLE y_6 LOOP VITIS_LOOP_878_1 BUNDLEDNAME {} DSP 0 BRAM 0 URAM 0 STORAGESUBTYPE {} DISPNAME {bind_op add} VISIBLE true} {BINDTYPE op ID {} IMPL auto LATENCY 0 OPTYPE xor PRAGMA {} RTLNAME xor_ln1014_fu_257_p2 SOURCE C:/github/zybo_z7_cam_rpi_v2_5mp_hdmi/zybo_z7_imx219/zybo_z7_imx219.runs/design_1_v_demosaic_0_0_synth_1/prj/sol/.autopilot/db/v_demosaic.cpp:1014 VARIABLE xor_ln1014 LOOP VITIS_LOOP_878_1 BUNDLEDNAME {} DSP 0 BRAM 0 URAM 0 STORAGESUBTYPE {} DISPNAME {bind_op xor} VISIBLE false} {BINDTYPE op ID {} IMPL auto LATENCY 0 OPTYPE xor PRAGMA {} RTLNAME xor_ln1014_1_fu_267_p2 SOURCE C:/github/zybo_z7_cam_rpi_v2_5mp_hdmi/zybo_z7_imx219/zybo_z7_imx219.runs/design_1_v_demosaic_0_0_synth_1/prj/sol/.autopilot/db/v_demosaic.cpp:1014 VARIABLE xor_ln1014_1 LOOP VITIS_LOOP_878_1 BUNDLEDNAME {} DSP 0 BRAM 0 URAM 0 STORAGESUBTYPE {} DISPNAME {bind_op xor} VISIBLE false}} AREA {DSP 0 BRAM 8 URAM 0}} Debayer {BINDINFO {{BINDTYPE storage ID {} IMPL srl LATENCY 0 OPTYPE fifo PRAGMA {} RTLNAME imgG_U SOURCE C:/github/zybo_z7_cam_rpi_v2_5mp_hdmi/zybo_z7_imx219/zybo_z7_imx219.runs/design_1_v_demosaic_0_0_synth_1/prj/sol/.autopilot/db/v_demosaic.cpp:1067 VARIABLE imgG LOOP {} BUNDLEDNAME {} DSP 0 BRAM 0 URAM 0 STORAGESUBTYPE stream STORAGESIZE {30 2 1} STORAGEUSAGE {fifo channel} DISPNAME {bind_storage fifo} VISIBLE true} {BINDTYPE storage ID {} IMPL srl LATENCY 0 OPTYPE fifo PRAGMA {} RTLNAME height_val4_c3_U SOURCE C:/github/zybo_z7_cam_rpi_v2_5mp_hdmi/zybo_z7_imx219/zybo_z7_imx219.runs/design_1_v_demosaic_0_0_synth_1/prj/sol/.autopilot/db/v_demosaic.cpp:1070 VARIABLE height_val4_c3 LOOP {} BUNDLEDNAME {} DSP 0 BRAM 0 URAM 0 STORAGESUBTYPE {scalar prop} STORAGESIZE {11 2 1} STORAGEUSAGE {fifo channel} DISPNAME {bind_storage fifo} VISIBLE true} {BINDTYPE storage ID {} IMPL srl LATENCY 0 OPTYPE fifo PRAGMA {} RTLNAME width_val8_c4_U SOURCE C:/github/zybo_z7_cam_rpi_v2_5mp_hdmi/zybo_z7_imx219/zybo_z7_imx219.runs/design_1_v_demosaic_0_0_synth_1/prj/sol/.autopilot/db/v_demosaic.cpp:1070 VARIABLE width_val8_c4 LOOP {} BUNDLEDNAME {} DSP 0 BRAM 0 URAM 0 STORAGESUBTYPE {scalar prop} STORAGESIZE {11 2 1} STORAGEUSAGE {fifo channel} DISPNAME {bind_storage fifo} VISIBLE true} {BINDTYPE storage ID {} IMPL srl LATENCY 0 OPTYPE fifo PRAGMA {} RTLNAME bayerPhase_val11_c5_U SOURCE C:/github/zybo_z7_cam_rpi_v2_5mp_hdmi/zybo_z7_imx219/zybo_z7_imx219.runs/design_1_v_demosaic_0_0_synth_1/prj/sol/.autopilot/db/v_demosaic.cpp:1070 VARIABLE bayerPhase_val11_c5 LOOP {} BUNDLEDNAME {} DSP 0 BRAM 0 URAM 0 STORAGESUBTYPE {scalar prop} STORAGESIZE {16 2 1} STORAGEUSAGE {fifo channel} DISPNAME {bind_storage fifo} VISIBLE true} {BINDTYPE storage ID {} IMPL srl LATENCY 0 OPTYPE fifo PRAGMA {} RTLNAME imgRB_U SOURCE C:/github/zybo_z7_cam_rpi_v2_5mp_hdmi/zybo_z7_imx219/zybo_z7_imx219.runs/design_1_v_demosaic_0_0_synth_1/prj/sol/.autopilot/db/v_demosaic.cpp:1067 VARIABLE imgRB LOOP {} BUNDLEDNAME {} DSP 0 BRAM 0 URAM 0 STORAGESUBTYPE stream STORAGESIZE {30 2 1} STORAGEUSAGE {fifo channel} DISPNAME {bind_storage fifo} VISIBLE true} {BINDTYPE storage ID {} IMPL srl LATENCY 0 OPTYPE fifo PRAGMA {} RTLNAME height_val4_c_U SOURCE C:/github/zybo_z7_cam_rpi_v2_5mp_hdmi/zybo_z7_imx219/zybo_z7_imx219.runs/design_1_v_demosaic_0_0_synth_1/prj/sol/.autopilot/db/v_demosaic.cpp:1070 VARIABLE height_val4_c LOOP {} BUNDLEDNAME {} DSP 0 BRAM 0 URAM 0 STORAGESUBTYPE {scalar prop} STORAGESIZE {11 2 1} STORAGEUSAGE {fifo channel} DISPNAME {bind_storage fifo} VISIBLE true} {BINDTYPE storage ID {} IMPL srl LATENCY 0 OPTYPE fifo PRAGMA {} RTLNAME width_val8_c_U SOURCE C:/github/zybo_z7_cam_rpi_v2_5mp_hdmi/zybo_z7_imx219/zybo_z7_imx219.runs/design_1_v_demosaic_0_0_synth_1/prj/sol/.autopilot/db/v_demosaic.cpp:1070 VARIABLE width_val8_c LOOP {} BUNDLEDNAME {} DSP 0 BRAM 0 URAM 0 STORAGESUBTYPE {scalar prop} STORAGESIZE {11 2 1} STORAGEUSAGE {fifo channel} DISPNAME {bind_storage fifo} VISIBLE true} {BINDTYPE storage ID {} IMPL srl LATENCY 0 OPTYPE fifo PRAGMA {} RTLNAME bayerPhase_val11_c_U SOURCE C:/github/zybo_z7_cam_rpi_v2_5mp_hdmi/zybo_z7_imx219/zybo_z7_imx219.runs/design_1_v_demosaic_0_0_synth_1/prj/sol/.autopilot/db/v_demosaic.cpp:1070 VARIABLE bayerPhase_val11_c LOOP {} BUNDLEDNAME {} DSP 0 BRAM 0 URAM 0 STORAGESUBTYPE {scalar prop} STORAGESIZE {16 2 1} STORAGEUSAGE {fifo channel} DISPNAME {bind_storage fifo} VISIBLE true}} AREA {DSP 8 BRAM 30 URAM 0}} ZipperRemoval_Pipeline_VITIS_LOOP_1101_2 {BINDINFO {{BINDTYPE op ID {} IMPL auto LATENCY 0 OPTYPE seteq PRAGMA {} RTLNAME icmp_ln1101_fu_217_p2 SOURCE C:/github/zybo_z7_cam_rpi_v2_5mp_hdmi/zybo_z7_imx219/zybo_z7_imx219.runs/design_1_v_demosaic_0_0_synth_1/prj/sol/.autopilot/db/v_demosaic.cpp:1101 VARIABLE icmp_ln1101 LOOP VITIS_LOOP_1101_2 BUNDLEDNAME {} DSP 0 BRAM 0 URAM 0 STORAGESUBTYPE {} DISPNAME {bind_op seteq} VISIBLE false} {BINDTYPE op ID {} IMPL fabric LATENCY 0 OPTYPE add PRAGMA {} RTLNAME x_2_fu_223_p2 SOURCE C:/github/zybo_z7_cam_rpi_v2_5mp_hdmi/zybo_z7_imx219/zybo_z7_imx219.runs/design_1_v_demosaic_0_0_synth_1/prj/sol/.autopilot/db/v_demosaic.cpp:1101 VARIABLE x_2 LOOP VITIS_LOOP_1101_2 BUNDLEDNAME {} DSP 0 BRAM 0 URAM 0 STORAGESUBTYPE {} DISPNAME {bind_op add} VISIBLE true} {BINDTYPE op ID {} IMPL auto LATENCY 0 OPTYPE setlt PRAGMA {} RTLNAME icmp_ln1107_fu_229_p2 SOURCE C:/github/zybo_z7_cam_rpi_v2_5mp_hdmi/zybo_z7_imx219/zybo_z7_imx219.runs/design_1_v_demosaic_0_0_synth_1/prj/sol/.autopilot/db/v_demosaic.cpp:1107 VARIABLE icmp_ln1107 LOOP VITIS_LOOP_1101_2 BUNDLEDNAME {} DSP 0 BRAM 0 URAM 0 STORAGESUBTYPE {} DISPNAME {bind_op setlt} VISIBLE false} {BINDTYPE op ID {} IMPL fabric LATENCY 0 OPTYPE add PRAGMA {} RTLNAME add_ln1129_fu_371_p2 SOURCE C:/github/zybo_z7_cam_rpi_v2_5mp_hdmi/zybo_z7_imx219/zybo_z7_imx219.runs/design_1_v_demosaic_0_0_synth_1/prj/sol/.autopilot/db/v_demosaic.cpp:1129 VARIABLE add_ln1129 LOOP VITIS_LOOP_1101_2 BUNDLEDNAME {} DSP 0 BRAM 0 URAM 0 STORAGESUBTYPE {} DISPNAME {bind_op add} VISIBLE true} {BINDTYPE op ID {} IMPL auto LATENCY 0 OPTYPE setlt PRAGMA {} RTLNAME icmp_ln1144_fu_573_p2 SOURCE C:/github/zybo_z7_cam_rpi_v2_5mp_hdmi/zybo_z7_imx219/zybo_z7_imx219.runs/design_1_v_demosaic_0_0_synth_1/prj/sol/.autopilot/db/v_demosaic.cpp:1144 VARIABLE icmp_ln1144 LOOP VITIS_LOOP_1101_2 BUNDLEDNAME {} DSP 0 BRAM 0 URAM 0 STORAGESUBTYPE {} DISPNAME {bind_op setlt} VISIBLE false} {BINDTYPE op ID {} IMPL auto LATENCY 0 OPTYPE setlt PRAGMA {} RTLNAME icmp_ln1144_1_fu_579_p2 SOURCE C:/github/zybo_z7_cam_rpi_v2_5mp_hdmi/zybo_z7_imx219/zybo_z7_imx219.runs/design_1_v_demosaic_0_0_synth_1/prj/sol/.autopilot/db/v_demosaic.cpp:1144 VARIABLE icmp_ln1144_1 LOOP VITIS_LOOP_1101_2 BUNDLEDNAME {} DSP 0 BRAM 0 URAM 0 STORAGESUBTYPE {} DISPNAME {bind_op setlt} VISIBLE false} {BINDTYPE op ID {} IMPL auto LATENCY 0 OPTYPE xor PRAGMA {} RTLNAME xor_ln1144_fu_584_p2 SOURCE C:/github/zybo_z7_cam_rpi_v2_5mp_hdmi/zybo_z7_imx219/zybo_z7_imx219.runs/design_1_v_demosaic_0_0_synth_1/prj/sol/.autopilot/db/v_demosaic.cpp:1144 VARIABLE xor_ln1144 LOOP VITIS_LOOP_1101_2 BUNDLEDNAME {} DSP 0 BRAM 0 URAM 0 STORAGESUBTYPE {} DISPNAME {bind_op xor} VISIBLE false} {BINDTYPE op ID {} IMPL auto LATENCY 0 OPTYPE and PRAGMA {} RTLNAME and_ln1144_fu_590_p2 SOURCE C:/github/zybo_z7_cam_rpi_v2_5mp_hdmi/zybo_z7_imx219/zybo_z7_imx219.runs/design_1_v_demosaic_0_0_synth_1/prj/sol/.autopilot/db/v_demosaic.cpp:1144 VARIABLE and_ln1144 LOOP VITIS_LOOP_1101_2 BUNDLEDNAME {} DSP 0 BRAM 0 URAM 0 STORAGESUBTYPE {} DISPNAME {bind_op and} VISIBLE false} {BINDTYPE op ID {} IMPL auto LATENCY 0 OPTYPE setlt PRAGMA {} RTLNAME icmp_ln1144_2_fu_596_p2 SOURCE C:/github/zybo_z7_cam_rpi_v2_5mp_hdmi/zybo_z7_imx219/zybo_z7_imx219.runs/design_1_v_demosaic_0_0_synth_1/prj/sol/.autopilot/db/v_demosaic.cpp:1144 VARIABLE icmp_ln1144_2 LOOP VITIS_LOOP_1101_2 BUNDLEDNAME {} DSP 0 BRAM 0 URAM 0 STORAGESUBTYPE {} DISPNAME {bind_op setlt} VISIBLE false} {BINDTYPE op ID {} IMPL auto LATENCY 0 OPTYPE xor PRAGMA {} RTLNAME xor_ln1144_1_fu_602_p2 SOURCE C:/github/zybo_z7_cam_rpi_v2_5mp_hdmi/zybo_z7_imx219/zybo_z7_imx219.runs/design_1_v_demosaic_0_0_synth_1/prj/sol/.autopilot/db/v_demosaic.cpp:1144 VARIABLE xor_ln1144_1 LOOP VITIS_LOOP_1101_2 BUNDLEDNAME {} DSP 0 BRAM 0 URAM 0 STORAGESUBTYPE {} DISPNAME {bind_op xor} VISIBLE false} {BINDTYPE op ID {} IMPL auto LATENCY 0 OPTYPE setlt PRAGMA {} RTLNAME icmp_ln1144_3_fu_608_p2 SOURCE C:/github/zybo_z7_cam_rpi_v2_5mp_hdmi/zybo_z7_imx219/zybo_z7_imx219.runs/design_1_v_demosaic_0_0_synth_1/prj/sol/.autopilot/db/v_demosaic.cpp:1144 VARIABLE icmp_ln1144_3 LOOP VITIS_LOOP_1101_2 BUNDLEDNAME {} DSP 0 BRAM 0 URAM 0 STORAGESUBTYPE {} DISPNAME {bind_op setlt} VISIBLE false} {BINDTYPE op ID {} IMPL auto LATENCY 0 OPTYPE and PRAGMA {} RTLNAME and_ln1144_1_fu_613_p2 SOURCE C:/github/zybo_z7_cam_rpi_v2_5mp_hdmi/zybo_z7_imx219/zybo_z7_imx219.runs/design_1_v_demosaic_0_0_synth_1/prj/sol/.autopilot/db/v_demosaic.cpp:1144 VARIABLE and_ln1144_1 LOOP VITIS_LOOP_1101_2 BUNDLEDNAME {} DSP 0 BRAM 0 URAM 0 STORAGESUBTYPE {} DISPNAME {bind_op and} VISIBLE false} {BINDTYPE op ID {} IMPL fabric LATENCY 0 OPTYPE add PRAGMA {} RTLNAME add_ln1147_fu_422_p2 SOURCE C:/github/zybo_z7_cam_rpi_v2_5mp_hdmi/zybo_z7_imx219/zybo_z7_imx219.runs/design_1_v_demosaic_0_0_synth_1/prj/sol/.autopilot/db/v_demosaic.cpp:1147 VARIABLE add_ln1147 LOOP VITIS_LOOP_1101_2 BUNDLEDNAME {} DSP 0 BRAM 0 URAM 0 STORAGESUBTYPE {} DISPNAME {bind_op add} VISIBLE true} {BINDTYPE op ID {} IMPL fabric LATENCY 0 OPTYPE add PRAGMA {} RTLNAME add_ln1147_1_fu_432_p2 SOURCE C:/github/zybo_z7_cam_rpi_v2_5mp_hdmi/zybo_z7_imx219/zybo_z7_imx219.runs/design_1_v_demosaic_0_0_synth_1/prj/sol/.autopilot/db/v_demosaic.cpp:1147 VARIABLE add_ln1147_1 LOOP VITIS_LOOP_1101_2 BUNDLEDNAME {} DSP 0 BRAM 0 URAM 0 STORAGESUBTYPE {} DISPNAME {bind_op add} VISIBLE true} {BINDTYPE op ID {} IMPL fabric LATENCY 0 OPTYPE add PRAGMA {} RTLNAME add_ln1148_fu_467_p2 SOURCE C:/github/zybo_z7_cam_rpi_v2_5mp_hdmi/zybo_z7_imx219/zybo_z7_imx219.runs/design_1_v_demosaic_0_0_synth_1/prj/sol/.autopilot/db/v_demosaic.cpp:1148 VARIABLE add_ln1148 LOOP VITIS_LOOP_1101_2 BUNDLEDNAME {} DSP 0 BRAM 0 URAM 0 STORAGESUBTYPE {} DISPNAME {bind_op add} VISIBLE true} {BINDTYPE op ID {} IMPL fabric LATENCY 0 OPTYPE add PRAGMA {} RTLNAME add_ln1148_1_fu_477_p2 SOURCE C:/github/zybo_z7_cam_rpi_v2_5mp_hdmi/zybo_z7_imx219/zybo_z7_imx219.runs/design_1_v_demosaic_0_0_synth_1/prj/sol/.autopilot/db/v_demosaic.cpp:1148 VARIABLE add_ln1148_1 LOOP VITIS_LOOP_1101_2 BUNDLEDNAME {} DSP 0 BRAM 0 URAM 0 STORAGESUBTYPE {} DISPNAME {bind_op add} VISIBLE true} {BINDTYPE op ID {} IMPL fabric LATENCY 0 OPTYPE add PRAGMA {} RTLNAME add_ln1149_fu_512_p2 SOURCE C:/github/zybo_z7_cam_rpi_v2_5mp_hdmi/zybo_z7_imx219/zybo_z7_imx219.runs/design_1_v_demosaic_0_0_synth_1/prj/sol/.autopilot/db/v_demosaic.cpp:1149 VARIABLE add_ln1149 LOOP VITIS_LOOP_1101_2 BUNDLEDNAME {} DSP 0 BRAM 0 URAM 0 STORAGESUBTYPE {} DISPNAME {bind_op add} VISIBLE true} {BINDTYPE op ID {} IMPL fabric LATENCY 0 OPTYPE add PRAGMA {} RTLNAME add_ln1149_1_fu_522_p2 SOURCE C:/github/zybo_z7_cam_rpi_v2_5mp_hdmi/zybo_z7_imx219/zybo_z7_imx219.runs/design_1_v_demosaic_0_0_synth_1/prj/sol/.autopilot/db/v_demosaic.cpp:1149 VARIABLE add_ln1149_1 LOOP VITIS_LOOP_1101_2 BUNDLEDNAME {} DSP 0 BRAM 0 URAM 0 STORAGESUBTYPE {} DISPNAME {bind_op add} VISIBLE true} {BINDTYPE op ID {} IMPL auto LATENCY 0 OPTYPE or PRAGMA {} RTLNAME or_ln1144_fu_619_p2 SOURCE C:/github/zybo_z7_cam_rpi_v2_5mp_hdmi/zybo_z7_imx219/zybo_z7_imx219.runs/design_1_v_demosaic_0_0_synth_1/prj/sol/.autopilot/db/v_demosaic.cpp:1144 VARIABLE or_ln1144 LOOP VITIS_LOOP_1101_2 BUNDLEDNAME {} DSP 0 BRAM 0 URAM 0 STORAGESUBTYPE {} DISPNAME {bind_op or} VISIBLE false} {BINDTYPE op ID {} IMPL auto_sel LATENCY 0 OPTYPE select PRAGMA {} RTLNAME conv3_i_i719_fu_625_p3 SOURCE C:/github/zybo_z7_cam_rpi_v2_5mp_hdmi/zybo_z7_imx219/zybo_z7_imx219.runs/design_1_v_demosaic_0_0_synth_1/prj/sol/.autopilot/db/v_demosaic.cpp:1144 VARIABLE conv3_i_i719 LOOP VITIS_LOOP_1101_2 BUNDLEDNAME {} DSP 0 BRAM 0 URAM 0 STORAGESUBTYPE {} DISPNAME {bind_op select} VISIBLE false} {BINDTYPE op ID {} IMPL auto_sel LATENCY 0 OPTYPE select PRAGMA {} RTLNAME conv3_i_i79718_fu_631_p3 SOURCE C:/github/zybo_z7_cam_rpi_v2_5mp_hdmi/zybo_z7_imx219/zybo_z7_imx219.runs/design_1_v_demosaic_0_0_synth_1/prj/sol/.autopilot/db/v_demosaic.cpp:1144 VARIABLE conv3_i_i79718 LOOP VITIS_LOOP_1101_2 BUNDLEDNAME {} DSP 0 BRAM 0 URAM 0 STORAGESUBTYPE {} DISPNAME {bind_op select} VISIBLE false} {BINDTYPE op ID {} IMPL auto_sel LATENCY 0 OPTYPE select PRAGMA {} RTLNAME conv3_i_i188717_fu_637_p3 SOURCE C:/github/zybo_z7_cam_rpi_v2_5mp_hdmi/zybo_z7_imx219/zybo_z7_imx219.runs/design_1_v_demosaic_0_0_synth_1/prj/sol/.autopilot/db/v_demosaic.cpp:1144 VARIABLE conv3_i_i188717 LOOP VITIS_LOOP_1101_2 BUNDLEDNAME {} DSP 0 BRAM 0 URAM 0 STORAGESUBTYPE {} DISPNAME {bind_op select} VISIBLE false} {BINDTYPE op ID {} IMPL auto LATENCY 0 OPTYPE seteq PRAGMA {} RTLNAME icmp_ln1159_fu_235_p2 SOURCE C:/github/zybo_z7_cam_rpi_v2_5mp_hdmi/zybo_z7_imx219/zybo_z7_imx219.runs/design_1_v_demosaic_0_0_synth_1/prj/sol/.autopilot/db/v_demosaic.cpp:1159 VARIABLE icmp_ln1159 LOOP VITIS_LOOP_1101_2 BUNDLEDNAME {} DSP 0 BRAM 0 URAM 0 STORAGESUBTYPE {} DISPNAME {bind_op seteq} VISIBLE false}} AREA {DSP 0 BRAM 0 URAM 0}} ZipperRemoval {BINDINFO {{BINDTYPE op ID {} IMPL fabric LATENCY 0 OPTYPE add PRAGMA {} RTLNAME loopWidth_fu_120_p2 SOURCE C:/github/zybo_z7_cam_rpi_v2_5mp_hdmi/zybo_z7_imx219/zybo_z7_imx219.runs/design_1_v_demosaic_0_0_synth_1/prj/sol/.autopilot/db/v_demosaic.cpp:1085 VARIABLE loopWidth LOOP {} BUNDLEDNAME {} DSP 0 BRAM 0 URAM 0 STORAGESUBTYPE {} DISPNAME {bind_op add} VISIBLE true} {BINDTYPE op ID {} IMPL auto LATENCY 0 OPTYPE seteq PRAGMA {} RTLNAME icmp_ln1099_fu_174_p2 SOURCE C:/github/zybo_z7_cam_rpi_v2_5mp_hdmi/zybo_z7_imx219/zybo_z7_imx219.runs/design_1_v_demosaic_0_0_synth_1/prj/sol/.autopilot/db/v_demosaic.cpp:1099 VARIABLE icmp_ln1099 LOOP VITIS_LOOP_1099_1 BUNDLEDNAME {} DSP 0 BRAM 0 URAM 0 STORAGESUBTYPE {} DISPNAME {bind_op seteq} VISIBLE false} {BINDTYPE op ID {} IMPL fabric LATENCY 0 OPTYPE add PRAGMA {} RTLNAME y_2_fu_179_p2 SOURCE C:/github/zybo_z7_cam_rpi_v2_5mp_hdmi/zybo_z7_imx219/zybo_z7_imx219.runs/design_1_v_demosaic_0_0_synth_1/prj/sol/.autopilot/db/v_demosaic.cpp:1099 VARIABLE y_2 LOOP VITIS_LOOP_1099_1 BUNDLEDNAME {} DSP 0 BRAM 0 URAM 0 STORAGESUBTYPE {} DISPNAME {bind_op add} VISIBLE true}} AREA {DSP 0 BRAM 0 URAM 0}} MultiPixStream2AXIvideo_Pipeline_VITIS_LOOP_230_2 {BINDINFO {{BINDTYPE op ID {} IMPL auto LATENCY 0 OPTYPE seteq PRAGMA {} RTLNAME icmp_ln230_fu_150_p2 SOURCE C:/github/zybo_z7_cam_rpi_v2_5mp_hdmi/zybo_z7_imx219/zybo_z7_imx219.runs/design_1_v_demosaic_0_0_synth_1/prj/sol/.autopilot/db/v_demosaic.cpp:230 VARIABLE icmp_ln230 LOOP VITIS_LOOP_230_2 BUNDLEDNAME {} DSP 0 BRAM 0 URAM 0 STORAGESUBTYPE {} DISPNAME {bind_op seteq} VISIBLE false} {BINDTYPE op ID {} IMPL fabric LATENCY 0 OPTYPE add PRAGMA {} RTLNAME j_2_fu_156_p2 SOURCE C:/github/zybo_z7_cam_rpi_v2_5mp_hdmi/zybo_z7_imx219/zybo_z7_imx219.runs/design_1_v_demosaic_0_0_synth_1/prj/sol/.autopilot/db/v_demosaic.cpp:230 VARIABLE j_2 LOOP VITIS_LOOP_230_2 BUNDLEDNAME {} DSP 0 BRAM 0 URAM 0 STORAGESUBTYPE {} DISPNAME {bind_op add} VISIBLE true} {BINDTYPE op ID {} IMPL auto LATENCY 0 OPTYPE seteq PRAGMA {} RTLNAME icmp_ln240_fu_166_p2 SOURCE C:/github/zybo_z7_cam_rpi_v2_5mp_hdmi/zybo_z7_imx219/zybo_z7_imx219.runs/design_1_v_demosaic_0_0_synth_1/prj/sol/.autopilot/db/v_demosaic.cpp:240 VARIABLE icmp_ln240 LOOP VITIS_LOOP_230_2 BUNDLEDNAME {} DSP 0 BRAM 0 URAM 0 STORAGESUBTYPE {} DISPNAME {bind_op seteq} VISIBLE false}} AREA {DSP 0 BRAM 0 URAM 0}} MultiPixStream2AXIvideo {BINDINFO {{BINDTYPE op ID {} IMPL fabric LATENCY 0 OPTYPE add PRAGMA {} RTLNAME add_ln240_fu_126_p2 SOURCE C:/github/zybo_z7_cam_rpi_v2_5mp_hdmi/zybo_z7_imx219/zybo_z7_imx219.runs/design_1_v_demosaic_0_0_synth_1/prj/sol/.autopilot/db/v_demosaic.cpp:240 VARIABLE add_ln240 LOOP {} BUNDLEDNAME {} DSP 0 BRAM 0 URAM 0 STORAGESUBTYPE {} DISPNAME {bind_op add} VISIBLE true} {BINDTYPE op ID {} IMPL auto LATENCY 0 OPTYPE seteq PRAGMA {} RTLNAME icmp_ln228_fu_132_p2 SOURCE C:/github/zybo_z7_cam_rpi_v2_5mp_hdmi/zybo_z7_imx219/zybo_z7_imx219.runs/design_1_v_demosaic_0_0_synth_1/prj/sol/.autopilot/db/v_demosaic.cpp:228 VARIABLE icmp_ln228 LOOP {} BUNDLEDNAME {} DSP 0 BRAM 0 URAM 0 STORAGESUBTYPE {} DISPNAME {bind_op seteq} VISIBLE false} {BINDTYPE op ID {} IMPL auto LATENCY 0 OPTYPE seteq PRAGMA {} RTLNAME icmp_ln228_1_fu_146_p2 SOURCE C:/github/zybo_z7_cam_rpi_v2_5mp_hdmi/zybo_z7_imx219/zybo_z7_imx219.runs/design_1_v_demosaic_0_0_synth_1/prj/sol/.autopilot/db/v_demosaic.cpp:228 VARIABLE icmp_ln228_1 LOOP VITIS_LOOP_228_1 BUNDLEDNAME {} DSP 0 BRAM 0 URAM 0 STORAGESUBTYPE {} DISPNAME {bind_op seteq} VISIBLE false} {BINDTYPE op ID {} IMPL fabric LATENCY 0 OPTYPE add PRAGMA {} RTLNAME i_2_fu_151_p2 SOURCE C:/github/zybo_z7_cam_rpi_v2_5mp_hdmi/zybo_z7_imx219/zybo_z7_imx219.runs/design_1_v_demosaic_0_0_synth_1/prj/sol/.autopilot/db/v_demosaic.cpp:228 VARIABLE i_2 LOOP VITIS_LOOP_228_1 BUNDLEDNAME {} DSP 0 BRAM 0 URAM 0 STORAGESUBTYPE {} DISPNAME {bind_op add} VISIBLE true} {BINDTYPE op ID {} IMPL auto LATENCY 0 OPTYPE and PRAGMA {} RTLNAME and_ln228_fu_157_p2 SOURCE C:/github/zybo_z7_cam_rpi_v2_5mp_hdmi/zybo_z7_imx219/zybo_z7_imx219.runs/design_1_v_demosaic_0_0_synth_1/prj/sol/.autopilot/db/v_demosaic.cpp:228 VARIABLE and_ln228 LOOP VITIS_LOOP_228_1 BUNDLEDNAME {} DSP 0 BRAM 0 URAM 0 STORAGESUBTYPE {} DISPNAME {bind_op and} VISIBLE false}} AREA {DSP 0 BRAM 0 URAM 0}} v_demosaic {BINDINFO {{BINDTYPE storage ID {} IMPL srl LATENCY 0 OPTYPE fifo PRAGMA {} RTLNAME bayer_phase_c_U SOURCE C:/github/zybo_z7_cam_rpi_v2_5mp_hdmi/zybo_z7_imx219/zybo_z7_imx219.runs/design_1_v_demosaic_0_0_synth_1/prj/sol/.autopilot/db/v_demosaic.cpp:114 VARIABLE bayer_phase_c LOOP {} BUNDLEDNAME {} DSP 0 BRAM 0 URAM 0 STORAGESUBTYPE {scalar prop} STORAGESIZE {16 3 1} STORAGEUSAGE {fifo channel} DISPNAME {bind_storage fifo} VISIBLE true} {BINDTYPE storage ID {} IMPL srl LATENCY 0 OPTYPE fifo PRAGMA {} RTLNAME imgBayer_U SOURCE C:/github/zybo_z7_cam_rpi_v2_5mp_hdmi/zybo_z7_imx219/zybo_z7_imx219.runs/design_1_v_demosaic_0_0_synth_1/prj/sol/.autopilot/db/v_demosaic.cpp:108 VARIABLE imgBayer LOOP {} BUNDLEDNAME {} DSP 0 BRAM 0 URAM 0 STORAGESUBTYPE stream STORAGESIZE {10 2 1} STORAGEUSAGE {fifo channel} DISPNAME {bind_storage fifo} VISIBLE true} {BINDTYPE storage ID {} IMPL srl LATENCY 0 OPTYPE fifo PRAGMA {} RTLNAME imgRgb_U SOURCE C:/github/zybo_z7_cam_rpi_v2_5mp_hdmi/zybo_z7_imx219/zybo_z7_imx219.runs/design_1_v_demosaic_0_0_synth_1/prj/sol/.autopilot/db/v_demosaic.cpp:109 VARIABLE imgRgb LOOP {} BUNDLEDNAME {} DSP 0 BRAM 0 URAM 0 STORAGESUBTYPE stream STORAGESIZE {30 2 1} STORAGEUSAGE {fifo channel} DISPNAME {bind_storage fifo} VISIBLE true} {BINDTYPE storage ID {} IMPL srl LATENCY 0 OPTYPE fifo PRAGMA {} RTLNAME imgUnzip_U SOURCE C:/github/zybo_z7_cam_rpi_v2_5mp_hdmi/zybo_z7_imx219/zybo_z7_imx219.runs/design_1_v_demosaic_0_0_synth_1/prj/sol/.autopilot/db/v_demosaic.cpp:110 VARIABLE imgUnzip LOOP {} BUNDLEDNAME {} DSP 0 BRAM 0 URAM 0 STORAGESUBTYPE stream STORAGESIZE {30 2 1} STORAGEUSAGE {fifo channel} DISPNAME {bind_storage fifo} VISIBLE true}} AREA {DSP 8 BRAM 30 URAM 0}} entry_proc {AREA {DSP 0 BRAM 0 URAM 0}} reg_unsigned_short_s {AREA {DSP 0 BRAM 0 URAM 0}} AXIvideo2MultiBayer_Pipeline_loop_wait_for_start {AREA {DSP 0 BRAM 0 URAM 0}} AXIvideo2MultiBayer_Pipeline_loop_wait_for_eol {AREA {DSP 0 BRAM 0 URAM 0}}}}'
INFO-FLOW: DBG:PUTS:      update_csynth_reports json2rpt_hw_sw_interfaces
INFO-FLOW: Running: gen_csynth_sec_pragma
INFO-FLOW: Done: gen_csynth_sec_pragma time: 3.3 seconds 
Execute       send_msg_by_id INFO @200-2225@%s C:/github/zybo_z7_cam_rpi_v2_5mp_hdmi/zybo_z7_imx219/zybo_z7_imx219.runs/design_1_v_demosaic_0_0_synth_1/prj/sol/syn/inferred_directives.ini 
INFO: [HLS 200-2225] Wrote inferred directives to file C:/github/zybo_z7_cam_rpi_v2_5mp_hdmi/zybo_z7_imx219/zybo_z7_imx219.runs/design_1_v_demosaic_0_0_synth_1/prj/sol/syn/inferred_directives.ini
INFO-FLOW: DBG:PUTS:      update_csynth_reports wrote xml
INFO-FLOW: DBG:PUTS:      update_csynth_reports appended to csynth rpt file
INFO-FLOW: Done: add_csynth_report_sections time: 3.6 seconds 
INFO: [HLS 200-111] Finished Updating report files: CPU user time: 2 seconds. CPU system time: 3 seconds. Elapsed time: 5.865 seconds; current allocated memory: 437.508 MB.
INFO: [VHDL 208-304] Generating VHDL RTL for v_demosaic with prefix design_1_v_demosaic_0_0_.
INFO: [VLOG 209-307] Generating Verilog RTL for v_demosaic with prefix design_1_v_demosaic_0_0_.
Execute       syn_report -model v_demosaic -printsummary 
INFO: [HLS 200-790] **** Loop Constraint Status: All loop constraints were satisfied.
INFO: [HLS 200-789] **** Estimated Fmax: 137.32 MHz
Execute       AP::msg_collection_file -close 
Command     csynth_design done; 133.76 sec.
INFO: [HLS 200-2161] Finished Command csynth_design Elapsed time: 00:02:13; Allocated memory: 303.727 MB.
Execute     export_design -format ip_catalog 
INFO: [HLS 200-1510] Running: export_design -format ip_catalog 
Execute       config_export -format=ip_catalog 
Execute       ::AP::init_summary_file package-ip 
INFO-FLOW: DBG:PUTS: export_design_wrap: -format ip_catalog -rtl verilog -vendor xilinx.com -library ip -version 1.1
Execute       source C:/github/zybo_z7_cam_rpi_v2_5mp_hdmi/zybo_z7_imx219/zybo_z7_imx219.runs/design_1_v_demosaic_0_0_synth_1/prj/sol/.autopilot/db/global.setting.tcl 
INFO-FLOW: DBG:PUTS:   auto_impl: pack: -export -rtl verilog
INFO-FLOW: DBG:PROC: ::AESL_AUTOIMPL::auto_impl args='-export -rtl verilog'
Execute       source C:/github/zybo_z7_cam_rpi_v2_5mp_hdmi/zybo_z7_imx219/zybo_z7_imx219.runs/design_1_v_demosaic_0_0_synth_1/prj/sol/.autopilot/db/global.setting.tcl 
INFO: [IMPL 213-8] Exporting RTL as a Vivado IP.
INFO-FLOW: DBG:PUTS: automg_wrap -export -pcore_version 1.00.a -rtl vlog -tool Vivado -impltomg_flag
INFO-FLOW: DBG:PROC: ::AESL_AUTOMG::auto_generate args='-export -pcore_version 1.00.a -rtl vlog -tool Vivado -impltomg_flag'
INFO-FLOW: DBG:PUTS:     auto_generate -export -pcore_version 1.00.a -rtl vlog -tool Vivado -impltomg_flag
Execute       source C:/github/zybo_z7_cam_rpi_v2_5mp_hdmi/zybo_z7_imx219/zybo_z7_imx219.runs/design_1_v_demosaic_0_0_synth_1/prj/sol/.autopilot/db/global.setting.tcl 
INFO-FLOW: DBG:PUTS: read_platform_lib C:/github/zybo_z7_cam_rpi_v2_5mp_hdmi/zybo_z7_imx219/zybo_z7_imx219.runs/design_1_v_demosaic_0_0_synth_1/prj/sol/.autopilot/db/global.setting.tcl
Execute       source C:/AMDDesignTools/2025.2/Vitis/common/technology/generic/autopilot/common.gen 
Execute         source C:/AMDDesignTools/2025.2/Vitis/common/technology/generic/autopilot/APCoreGen.gen 
Execute       source C:/AMDDesignTools/2025.2/Vitis/common/technology/generic/autopilot/op.gen 
Execute       source C:/AMDDesignTools/2025.2/Vitis/common/technology/generic/autopilot/op_simcore.gen 
Execute       source C:/AMDDesignTools/2025.2/Vitis/common/technology/generic/autopilot/interface.gen 
Execute       source C:/github/zybo_z7_cam_rpi_v2_5mp_hdmi/zybo_z7_imx219/zybo_z7_imx219.runs/design_1_v_demosaic_0_0_synth_1/prj/sol/.autopilot/db/global.setting.tcl 
Execute       source C:/AMDDesignTools/2025.2/Vitis/common/technology/xilinx/common/xilinx.gen 
Execute         source C:/AMDDesignTools/2025.2/Vitis/common/technology/xilinx/interface/plb46.gen 
Execute         source C:/AMDDesignTools/2025.2/Vitis/common/technology/xilinx/interface/axi4.gen 
Execute         source C:/AMDDesignTools/2025.2/Vitis/common/technology/xilinx/interface/nativeAXI4.gen 
Execute           source C:/AMDDesignTools/2025.2/Vitis/common/technology/xilinx/interface/saxilite.gen 
Execute         source C:/AMDDesignTools/2025.2/Vitis/common/technology/xilinx/scripts/xilinxcoregen.gen 
Execute         source C:/AMDDesignTools/2025.2/Vitis/common/technology/xilinx/interface/XilEDKCoreGen.gen 
Execute         source C:/AMDDesignTools/2025.2/Vitis/common/technology/xilinx/ip/dds_compiler.gen 
Execute         source C:/AMDDesignTools/2025.2/Vitis/common/technology/xilinx/ip/util.gen 
Execute         source C:/AMDDesignTools/2025.2/Vitis/common/technology/xilinx/ip/xfft.gen 
Execute         source C:/AMDDesignTools/2025.2/Vitis/common/technology/xilinx/ip/xfir.gen 
Execute         source C:/AMDDesignTools/2025.2/Vitis/common/technology/xilinx/DSP48/dsp48.gen 
INFO-FLOW: DBG:PUTS:       initCTypeInfo top_module=v_demosaic xml_exists=0
Execute       source C:/github/zybo_z7_cam_rpi_v2_5mp_hdmi/zybo_z7_imx219/zybo_z7_imx219.runs/design_1_v_demosaic_0_0_synth_1/prj/sol/.autopilot/db/v_demosaic.rtl_wrap.cfg.tcl 
Execute       source C:/github/zybo_z7_cam_rpi_v2_5mp_hdmi/zybo_z7_imx219/zybo_z7_imx219.runs/design_1_v_demosaic_0_0_synth_1/prj/sol/.autopilot/db/v_demosaic.rtl_wrap.cfg.tcl 
Execute       source C:/github/zybo_z7_cam_rpi_v2_5mp_hdmi/zybo_z7_imx219/zybo_z7_imx219.runs/design_1_v_demosaic_0_0_synth_1/prj/sol/.autopilot/db/v_demosaic.rtl_wrap.cfg.tcl 
Execute       source C:/github/zybo_z7_cam_rpi_v2_5mp_hdmi/zybo_z7_imx219/zybo_z7_imx219.runs/design_1_v_demosaic_0_0_synth_1/prj/sol/.autopilot/db/v_demosaic.tbgen.tcl 
Execute       source C:/github/zybo_z7_cam_rpi_v2_5mp_hdmi/zybo_z7_imx219/zybo_z7_imx219.runs/design_1_v_demosaic_0_0_synth_1/prj/sol/.autopilot/db/v_demosaic.tbgen.tcl 
Execute       source C:/github/zybo_z7_cam_rpi_v2_5mp_hdmi/zybo_z7_imx219/zybo_z7_imx219.runs/design_1_v_demosaic_0_0_synth_1/prj/sol/.autopilot/db/v_demosaic.tbgen.tcl 
Execute       source C:/github/zybo_z7_cam_rpi_v2_5mp_hdmi/zybo_z7_imx219/zybo_z7_imx219.runs/design_1_v_demosaic_0_0_synth_1/prj/sol/.autopilot/db/global.setting.tcl 
Execute       source C:/github/zybo_z7_cam_rpi_v2_5mp_hdmi/zybo_z7_imx219/zybo_z7_imx219.runs/design_1_v_demosaic_0_0_synth_1/prj/sol/.autopilot/db/v_demosaic.tbgen.tcl 
Execute       source C:/github/zybo_z7_cam_rpi_v2_5mp_hdmi/zybo_z7_imx219/zybo_z7_imx219.runs/design_1_v_demosaic_0_0_synth_1/prj/sol/.autopilot/db/cosimDB.tcl 
INFO-FLOW: DBG:PUTS:       cosim_export_main adding deadlock detection to design_1_v_demosaic_0_0_v_demosaic
INFO-FLOW: DBG:PUTS:       generate_datafile_ip_script ip_types={vitis sysgen} #gSsdmPorts=0
INFO-FLOW: DBG:PUTS: Skipping loadAnalyze_DB, #g_database=17
INFO-FLOW: DBG:PUTS:       generate_json generate_bd_files=0 generate_xo_files=false #modelList=66 #gSsdmPorts=0
INFO-FLOW: DBG:PROC: ::AP::DESIGN_DATA::generate_json generate_bd_files='0' generate_xo_files='false' modelList='design_1_v_demosaic_0_0_flow_control_loop_pipe_sequential_init
design_1_v_demosaic_0_0_flow_control_loop_pipe_sequential_init
design_1_v_demosaic_0_0_flow_control_loop_pipe_sequential_init
design_1_v_demosaic_0_0_regslice_both
design_1_v_demosaic_0_0_regslice_both
design_1_v_demosaic_0_0_regslice_both
design_1_v_demosaic_0_0_regslice_both
design_1_v_demosaic_0_0_regslice_both
design_1_v_demosaic_0_0_regslice_both
design_1_v_demosaic_0_0_regslice_both
design_1_v_demosaic_0_0_mul_18s_9ns_18_1_1
design_1_v_demosaic_0_0_mul_18s_8ns_18_1_1
design_1_v_demosaic_0_0_mul_14s_10ns_24_1_1
design_1_v_demosaic_0_0_mac_muladd_14s_10ns_24s_25_4_1
design_1_v_demosaic_0_0_DebayerG_Pipeline_VITIS_LOOP_318_4_DIV1_TABLE_ROM_AUTO_1R
design_1_v_demosaic_0_0_DebayerG_Pipeline_VITIS_LOOP_318_4_DIV2_TABLE_ROM_AUTO_1R
design_1_v_demosaic_0_0_DebayerG_Pipeline_VITIS_LOOP_318_4_linebuf_yuv_3_RAM_AUTO_1R1W
design_1_v_demosaic_0_0_flow_control_loop_pipe_sequential_init
design_1_v_demosaic_0_0_DebayerRatBorBatR_Pipeline_VITIS_LOOP_633_2_lineBuffer_1_RAM_AUTO_1R1W
design_1_v_demosaic_0_0_flow_control_loop_pipe_sequential_init
design_1_v_demosaic_0_0_flow_control_loop_pipe_sequential_init
design_1_v_demosaic_0_0_fifo_w30_d2_S
design_1_v_demosaic_0_0_fifo_w11_d2_S
design_1_v_demosaic_0_0_fifo_w11_d2_S
design_1_v_demosaic_0_0_fifo_w16_d2_S
design_1_v_demosaic_0_0_fifo_w30_d2_S
design_1_v_demosaic_0_0_fifo_w11_d2_S
design_1_v_demosaic_0_0_fifo_w11_d2_S
design_1_v_demosaic_0_0_fifo_w16_d2_S
design_1_v_demosaic_0_0_start_for_DebayerRatBorBatR_U0
design_1_v_demosaic_0_0_start_for_DebayerRandBatG_U0
design_1_v_demosaic_0_0_flow_control_loop_pipe_sequential_init
design_1_v_demosaic_0_0_flow_control_loop_pipe_sequential_init
design_1_v_demosaic_0_0_regslice_both
design_1_v_demosaic_0_0_regslice_both
design_1_v_demosaic_0_0_regslice_both
design_1_v_demosaic_0_0_regslice_both
design_1_v_demosaic_0_0_regslice_both
design_1_v_demosaic_0_0_regslice_both
design_1_v_demosaic_0_0_regslice_both
design_1_v_demosaic_0_0_fifo_w16_d3_S
design_1_v_demosaic_0_0_fifo_w10_d2_S
design_1_v_demosaic_0_0_fifo_w30_d2_S_x
design_1_v_demosaic_0_0_fifo_w30_d2_S_x
design_1_v_demosaic_0_0_start_for_Debayer_U0
design_1_v_demosaic_0_0_start_for_ZipperRemoval_U0
design_1_v_demosaic_0_0_start_for_MultiPixStream2AXIvideo_U0
design_1_v_demosaic_0_0_CTRL_s_axi
entry_proc
reg_unsigned_short_s
AXIvideo2MultiBayer_Pipeline_loop_wait_for_start
AXIvideo2MultiBayer_Pipeline_loop_width
AXIvideo2MultiBayer_Pipeline_loop_wait_for_eol
AXIvideo2MultiBayer
DebayerG_Pipeline_VITIS_LOOP_318_4
DebayerG
DebayerRatBorBatR_Pipeline_VITIS_LOOP_633_2
DebayerRatBorBatR
DebayerRandBatG_Pipeline_VITIS_LOOP_881_2
DebayerRandBatG
Debayer
ZipperRemoval_Pipeline_VITIS_LOOP_1101_2
ZipperRemoval
MultiPixStream2AXIvideo_Pipeline_VITIS_LOOP_230_2
MultiPixStream2AXIvideo
v_demosaic
' rtl_lang='vlog' bootstrap_tcl='false' outdir='' outfilename=''
Execute       source C:/github/zybo_z7_cam_rpi_v2_5mp_hdmi/zybo_z7_imx219/zybo_z7_imx219.runs/design_1_v_demosaic_0_0_synth_1/prj/sol/.autopilot/db/global.setting.tcl 
Execute       source C:/github/zybo_z7_cam_rpi_v2_5mp_hdmi/zybo_z7_imx219/zybo_z7_imx219.runs/design_1_v_demosaic_0_0_synth_1/prj/sol/.autopilot/db/global.setting.tcl 
Execute       source C:/github/zybo_z7_cam_rpi_v2_5mp_hdmi/zybo_z7_imx219/zybo_z7_imx219.runs/design_1_v_demosaic_0_0_synth_1/prj/sol/.autopilot/db/top-io-be.tcl 
Execute       source C:/github/zybo_z7_cam_rpi_v2_5mp_hdmi/zybo_z7_imx219/zybo_z7_imx219.runs/design_1_v_demosaic_0_0_synth_1/prj/sol/.autopilot/db/v_demosaic.tbgen.tcl 
Execute       source C:/github/zybo_z7_cam_rpi_v2_5mp_hdmi/zybo_z7_imx219/zybo_z7_imx219.runs/design_1_v_demosaic_0_0_synth_1/prj/sol/.autopilot/db/v_demosaic.compgen.dataonly.tcl 
Execute       source C:/github/zybo_z7_cam_rpi_v2_5mp_hdmi/zybo_z7_imx219/zybo_z7_imx219.runs/design_1_v_demosaic_0_0_synth_1/prj/sol/.autopilot/db/v_demosaic.compgen.dataonly.tcl 
Execute       source C:/github/zybo_z7_cam_rpi_v2_5mp_hdmi/zybo_z7_imx219/zybo_z7_imx219.runs/design_1_v_demosaic_0_0_synth_1/prj/sol/.autopilot/db/v_demosaic.rtl_wrap.cfg.tcl 
Execute       source C:/github/zybo_z7_cam_rpi_v2_5mp_hdmi/zybo_z7_imx219/zybo_z7_imx219.runs/design_1_v_demosaic_0_0_synth_1/prj/sol/.autopilot/db/v_demosaic.compgen.dataonly.tcl 
Execute       source C:/github/zybo_z7_cam_rpi_v2_5mp_hdmi/zybo_z7_imx219/zybo_z7_imx219.runs/design_1_v_demosaic_0_0_synth_1/prj/sol/.autopilot/db/entry_proc.tbgen.tcl 
Execute       source C:/github/zybo_z7_cam_rpi_v2_5mp_hdmi/zybo_z7_imx219/zybo_z7_imx219.runs/design_1_v_demosaic_0_0_synth_1/prj/sol/.autopilot/db/reg_unsigned_short_s.tbgen.tcl 
Execute       source C:/github/zybo_z7_cam_rpi_v2_5mp_hdmi/zybo_z7_imx219/zybo_z7_imx219.runs/design_1_v_demosaic_0_0_synth_1/prj/sol/.autopilot/db/AXIvideo2MultiBayer_Pipeline_loop_wait_for_start.tbgen.tcl 
Execute       source C:/github/zybo_z7_cam_rpi_v2_5mp_hdmi/zybo_z7_imx219/zybo_z7_imx219.runs/design_1_v_demosaic_0_0_synth_1/prj/sol/.autopilot/db/AXIvideo2MultiBayer_Pipeline_loop_width.tbgen.tcl 
Execute       source C:/github/zybo_z7_cam_rpi_v2_5mp_hdmi/zybo_z7_imx219/zybo_z7_imx219.runs/design_1_v_demosaic_0_0_synth_1/prj/sol/.autopilot/db/AXIvideo2MultiBayer_Pipeline_loop_wait_for_eol.tbgen.tcl 
Execute       source C:/github/zybo_z7_cam_rpi_v2_5mp_hdmi/zybo_z7_imx219/zybo_z7_imx219.runs/design_1_v_demosaic_0_0_synth_1/prj/sol/.autopilot/db/AXIvideo2MultiBayer.tbgen.tcl 
Execute       source C:/github/zybo_z7_cam_rpi_v2_5mp_hdmi/zybo_z7_imx219/zybo_z7_imx219.runs/design_1_v_demosaic_0_0_synth_1/prj/sol/.autopilot/db/DebayerG_Pipeline_VITIS_LOOP_318_4.tbgen.tcl 
Execute       source C:/github/zybo_z7_cam_rpi_v2_5mp_hdmi/zybo_z7_imx219/zybo_z7_imx219.runs/design_1_v_demosaic_0_0_synth_1/prj/sol/.autopilot/db/DebayerG.tbgen.tcl 
Execute       source C:/github/zybo_z7_cam_rpi_v2_5mp_hdmi/zybo_z7_imx219/zybo_z7_imx219.runs/design_1_v_demosaic_0_0_synth_1/prj/sol/.autopilot/db/DebayerRatBorBatR_Pipeline_VITIS_LOOP_633_2.tbgen.tcl 
Execute       source C:/github/zybo_z7_cam_rpi_v2_5mp_hdmi/zybo_z7_imx219/zybo_z7_imx219.runs/design_1_v_demosaic_0_0_synth_1/prj/sol/.autopilot/db/DebayerRatBorBatR.tbgen.tcl 
Execute       source C:/github/zybo_z7_cam_rpi_v2_5mp_hdmi/zybo_z7_imx219/zybo_z7_imx219.runs/design_1_v_demosaic_0_0_synth_1/prj/sol/.autopilot/db/DebayerRandBatG_Pipeline_VITIS_LOOP_881_2.tbgen.tcl 
Execute       source C:/github/zybo_z7_cam_rpi_v2_5mp_hdmi/zybo_z7_imx219/zybo_z7_imx219.runs/design_1_v_demosaic_0_0_synth_1/prj/sol/.autopilot/db/DebayerRandBatG.tbgen.tcl 
Execute       source C:/github/zybo_z7_cam_rpi_v2_5mp_hdmi/zybo_z7_imx219/zybo_z7_imx219.runs/design_1_v_demosaic_0_0_synth_1/prj/sol/.autopilot/db/Debayer.tbgen.tcl 
Execute       source C:/github/zybo_z7_cam_rpi_v2_5mp_hdmi/zybo_z7_imx219/zybo_z7_imx219.runs/design_1_v_demosaic_0_0_synth_1/prj/sol/.autopilot/db/ZipperRemoval_Pipeline_VITIS_LOOP_1101_2.tbgen.tcl 
Execute       source C:/github/zybo_z7_cam_rpi_v2_5mp_hdmi/zybo_z7_imx219/zybo_z7_imx219.runs/design_1_v_demosaic_0_0_synth_1/prj/sol/.autopilot/db/ZipperRemoval.tbgen.tcl 
Execute       source C:/github/zybo_z7_cam_rpi_v2_5mp_hdmi/zybo_z7_imx219/zybo_z7_imx219.runs/design_1_v_demosaic_0_0_synth_1/prj/sol/.autopilot/db/MultiPixStream2AXIvideo_Pipeline_VITIS_LOOP_230_2.tbgen.tcl 
Execute       source C:/github/zybo_z7_cam_rpi_v2_5mp_hdmi/zybo_z7_imx219/zybo_z7_imx219.runs/design_1_v_demosaic_0_0_synth_1/prj/sol/.autopilot/db/MultiPixStream2AXIvideo.tbgen.tcl 
Execute       source C:/github/zybo_z7_cam_rpi_v2_5mp_hdmi/zybo_z7_imx219/zybo_z7_imx219.runs/design_1_v_demosaic_0_0_synth_1/prj/sol/.autopilot/db/v_demosaic.tbgen.tcl 
Execute       source C:/github/zybo_z7_cam_rpi_v2_5mp_hdmi/zybo_z7_imx219/zybo_z7_imx219.runs/design_1_v_demosaic_0_0_synth_1/prj/sol/.autopilot/db/global.setting.tcl 
Execute       ap_part_info -name xc7z020-clg400-1 -data names -quiet 
Execute       ap_part_info -name xc7z020-clg400-1 -data info -quiet 
Execute       source C:/github/zybo_z7_cam_rpi_v2_5mp_hdmi/zybo_z7_imx219/zybo_z7_imx219.runs/design_1_v_demosaic_0_0_synth_1/prj/sol/.autopilot/db/v_demosaic.constraint.tcl 
Execute       sc_get_clocks v_demosaic 
Execute       source C:/github/zybo_z7_cam_rpi_v2_5mp_hdmi/zybo_z7_imx219/zybo_z7_imx219.runs/design_1_v_demosaic_0_0_synth_1/prj/sol/.autopilot/db/global.setting.tcl 
INFO-FLOW: DBG:PUTS:       generate_syn_sh
Execute       ap_part_info -name xc7z020-clg400-1 -data names -quiet 
Execute       ap_part_info -name xc7z020-clg400-1 -data info -quiet 
Execute       source C:/github/zybo_z7_cam_rpi_v2_5mp_hdmi/zybo_z7_imx219/zybo_z7_imx219.runs/design_1_v_demosaic_0_0_synth_1/prj/sol/.autopilot/db/global.setting.tcl 
INFO-FLOW: DBG:PUTS:       generate_imp_constraints
Execute       ap_part_info -name xc7z020-clg400-1 -data names -quiet 
Execute       ap_part_info -name xc7z020-clg400-1 -data info -quiet 
Execute       source C:/github/zybo_z7_cam_rpi_v2_5mp_hdmi/zybo_z7_imx219/zybo_z7_imx219.runs/design_1_v_demosaic_0_0_synth_1/prj/sol/.autopilot/db/v_demosaic.constraint.tcl 
Execute       source C:/github/zybo_z7_cam_rpi_v2_5mp_hdmi/zybo_z7_imx219/zybo_z7_imx219.runs/design_1_v_demosaic_0_0_synth_1/prj/sol/.autopilot/db/v_demosaic.tbgen.tcl 
INFO-FLOW: DBG:PUTS:       delete-temp-dirs pwd=C:/github/zybo_z7_cam_rpi_v2_5mp_hdmi/zybo_z7_imx219/zybo_z7_imx219.runs/design_1_v_demosaic_0_0_synth_1/prj/sol
Execute       ap_part_info -name xc7z020-clg400-1 -data names -quiet 
Execute       ap_part_info -name xc7z020-clg400-1 -data info -quiet 
INFO-FLOW: DBG:PUTS: read_platform_lib C:/github/zybo_z7_cam_rpi_v2_5mp_hdmi/zybo_z7_imx219/zybo_z7_imx219.runs/design_1_v_demosaic_0_0_synth_1/prj/sol/.autopilot/db/global.setting.tcl
Execute       source C:/AMDDesignTools/2025.2/Vitis/common/technology/generic/autopilot/common.gen 
Execute         source C:/AMDDesignTools/2025.2/Vitis/common/technology/generic/autopilot/APCoreGen.gen 
Execute       source C:/AMDDesignTools/2025.2/Vitis/common/technology/generic/autopilot/op.gen 
Execute       source C:/AMDDesignTools/2025.2/Vitis/common/technology/generic/autopilot/op_simcore.gen 
Execute       source C:/AMDDesignTools/2025.2/Vitis/common/technology/generic/autopilot/interface.gen 
Execute       source C:/github/zybo_z7_cam_rpi_v2_5mp_hdmi/zybo_z7_imx219/zybo_z7_imx219.runs/design_1_v_demosaic_0_0_synth_1/prj/sol/.autopilot/db/global.setting.tcl 
Execute       source C:/AMDDesignTools/2025.2/Vitis/common/technology/xilinx/common/xilinx.gen 
Execute         source C:/AMDDesignTools/2025.2/Vitis/common/technology/xilinx/interface/plb46.gen 
Execute         source C:/AMDDesignTools/2025.2/Vitis/common/technology/xilinx/interface/axi4.gen 
Execute         source C:/AMDDesignTools/2025.2/Vitis/common/technology/xilinx/interface/nativeAXI4.gen 
Execute           source C:/AMDDesignTools/2025.2/Vitis/common/technology/xilinx/interface/saxilite.gen 
Execute         source C:/AMDDesignTools/2025.2/Vitis/common/technology/xilinx/scripts/xilinxcoregen.gen 
Execute         source C:/AMDDesignTools/2025.2/Vitis/common/technology/xilinx/interface/XilEDKCoreGen.gen 
Execute         source C:/AMDDesignTools/2025.2/Vitis/common/technology/xilinx/ip/dds_compiler.gen 
Execute         source C:/AMDDesignTools/2025.2/Vitis/common/technology/xilinx/ip/util.gen 
Execute         source C:/AMDDesignTools/2025.2/Vitis/common/technology/xilinx/ip/xfft.gen 
Execute         source C:/AMDDesignTools/2025.2/Vitis/common/technology/xilinx/ip/xfir.gen 
Execute         source C:/AMDDesignTools/2025.2/Vitis/common/technology/xilinx/DSP48/dsp48.gen 
Command       ap_source done; 0.107 sec.
INFO-FLOW: DBG:PUTS:     IP package: exec C:/github/zybo_z7_cam_rpi_v2_5mp_hdmi/zybo_z7_imx219/zybo_z7_imx219.runs/design_1_v_demosaic_0_0_synth_1/prj/sol/impl/ip/pack.bat
INFO-FLOW: DBG:PUTS:     IP package: success C:/github/zybo_z7_cam_rpi_v2_5mp_hdmi/zybo_z7_imx219/zybo_z7_imx219.runs/design_1_v_demosaic_0_0_synth_1/prj/sol/impl/ip/pack.bat
Execute       send_msg_by_id INFO @200-802@%s prj/sol/impl/export.zip 
INFO: [HLS 200-802] Generated output file prj/sol/impl/export.zip
Command     export_design done; 22.334 sec.
INFO: [HLS 200-2161] Finished Command export_design Elapsed time: 00:00:22; Allocated memory: 4.355 MB.
Execute     cleanup_all 
