

================================================================
== Vitis HLS Report for 'DebayerG'
================================================================
* Date:           Mon Sep 21 19:19:15 2026

* Version:        2025.2 (Build 6295257 on Nov 14 2025)
* Project:        prj
* Solution:       sol (Vivado IP Flow Target)
* Product family: zynq
* Target device:  xc7z020-clg400-1


================================================================
== Performance Estimates
================================================================
+ Timing: 
    * Summary: 
    +--------+----------+----------+------------+
    |  Clock |  Target  | Estimated| Uncertainty|
    +--------+----------+----------+------------+
    |ap_clk  |  10.00 ns|  7.282 ns|     2.70 ns|
    +--------+----------+----------+------------+

+ Latency: 
    * Summary: 
    +---------+------------+----------+------------+-----+------------+---------+
    |   Latency (cycles)   |   Latency (absolute)  |     Interval     | Pipeline|
    |   min   |     max    |    min   |     max    | min |     max    |   Type  |
    +---------+------------+----------+------------+-----+------------+---------+
    |       41|  4296278036|  0.410 us|  42.963 sec|   41|  4296278036|       no|
    +---------+------------+----------+------------+-----+------------+---------+

    + Detail: 
        * Instance: 
        +-----------------------------------------------+------------------------------------+---------+---------+----------+----------+-----+-----+-------------------+
        |                                               |                                    |  Latency (cycles) |  Latency (absolute) |  Interval |      Pipeline     |
        |                    Instance                   |               Module               |   min   |   max   |    min   |    max   | min | max |        Type       |
        +-----------------------------------------------+------------------------------------+---------+---------+----------+----------+-----+-----+-------------------+
        |grp_DebayerG_Pipeline_VITIS_LOOP_318_4_fu_200  |DebayerG_Pipeline_VITIS_LOOP_318_4  |       17|    65552|  0.170 us|  0.656 ms|    0|    0|  loop pipeline stp|
        +-----------------------------------------------+------------------------------------+---------+---------+----------+----------+-----+-----+-------------------+

        * Loop: 
        +--------------------+---------+------------+------------+-----------+-----------+-----------+----------+
        |                    |   Latency (cycles)   |  Iteration |  Initiation Interval  |    Trip   |          |
        |      Loop Name     |   min   |     max    |   Latency  |  achieved |   target  |   Count   | Pipelined|
        +--------------------+---------+------------+------------+-----------+-----------+-----------+----------+
        |- VITIS_LOOP_315_3  |       40|  4296278035|  20 ~ 65555|          -|          -|  2 ~ 65537|        no|
        +--------------------+---------+------------+------------+-----------+-----------+-----------+----------+



================================================================
== Utilization Estimates
================================================================
* Summary: 
+-----------------+---------+-----+--------+-------+-----+
|       Name      | BRAM_18K| DSP |   FF   |  LUT  | URAM|
+-----------------+---------+-----+--------+-------+-----+
|DSP              |        -|    -|       -|      -|    -|
|Expression       |        -|    -|       0|    137|    -|
|FIFO             |        -|    -|       -|      -|    -|
|Instance         |       14|    8|    3529|   4050|    0|
|Memory           |        -|    -|       -|      -|    -|
|Multiplexer      |        -|    -|       0|     88|    -|
|Register         |        -|    -|     556|      -|    -|
+-----------------+---------+-----+--------+-------+-----+
|Total            |       14|    8|    4085|   4275|    0|
+-----------------+---------+-----+--------+-------+-----+
|Available        |      280|  220|  106400|  53200|    0|
+-----------------+---------+-----+--------+-------+-----+
|Utilization (%)  |        5|    3|       3|      8|    0|
+-----------------+---------+-----+--------+-------+-----+

+ Detail: 
    * Instance: 
    +-----------------------------------------------+------------------------------------+---------+----+------+------+-----+
    |                    Instance                   |               Module               | BRAM_18K| DSP|  FF  |  LUT | URAM|
    +-----------------------------------------------+------------------------------------+---------+----+------+------+-----+
    |grp_DebayerG_Pipeline_VITIS_LOOP_318_4_fu_200  |DebayerG_Pipeline_VITIS_LOOP_318_4  |       14|   8|  3529|  4050|    0|
    +-----------------------------------------------+------------------------------------+---------+----+------+------+-----+
    |Total                                          |                                    |       14|   8|  3529|  4050|    0|
    +-----------------------------------------------+------------------------------------+---------+----+------+------+-----+

    * DSP: 
    N/A

    * Memory: 
    N/A

    * FIFO: 
    N/A

    * Expression: 
    +----------------------+----------+----+---+----+------------+------------+
    |     Variable Name    | Operation| DSP| FF| LUT| Bitwidth P0| Bitwidth P1|
    +----------------------+----------+----+---+----+------------+------------+
    |add_ln325_fu_389_p2   |         +|   0|  0|  24|          17|           3|
    |loopHeight_fu_279_p2  |         +|   0|  0|  24|          17|           2|
    |loopWidth_fu_289_p2   |         +|   0|  0|  24|          17|           2|
    |y_8_fu_318_p2         |         +|   0|  0|  24|          17|           1|
    |icmp_ln315_fu_313_p2  |      icmp|   0|  0|  24|          17|          17|
    |ap_block_state1       |        or|   0|  0|   2|           1|           1|
    |xor_ln439_fu_404_p2   |       xor|   0|  0|  15|          15|          15|
    +----------------------+----------+----+---+----+------------+------------+
    |Total                 |          |   0|  0| 137|         101|          41|
    +----------------------+----------+----+---+----+------------+------------+

    * Multiplexer: 
    +---------------------------+----+-----------+-----+-----------+
    |            Name           | LUT| Input Size| Bits| Total Bits|
    +---------------------------+----+-----------+-----+-----------+
    |ap_NS_fsm                  |  25|          5|    1|          5|
    |ap_done                    |   9|          2|    1|          2|
    |bayerPhase_val11_c5_blk_n  |   9|          2|    1|          2|
    |bayerPhase_val_blk_n       |   9|          2|    1|          2|
    |height_val4_c3_blk_n       |   9|          2|    1|          2|
    |real_start                 |   9|          2|    1|          2|
    |width_val8_c4_blk_n        |   9|          2|    1|          2|
    |y_fu_76                    |   9|          2|   17|         34|
    +---------------------------+----+-----------+-----+-----------+
    |Total                      |  88|         19|   24|         51|
    +---------------------------+----+-----------+-----+-----------+

    * Register: 
    +------------------------------------------------------------+----+----+-----+-----------+
    |                            Name                            | FF | LUT| Bits| Const Bits|
    +------------------------------------------------------------+----+----+-----+-----------+
    |add_ln325_reg_677                                           |  17|   0|   17|          0|
    |ap_CS_fsm                                                   |   4|   0|    4|          0|
    |ap_done_reg                                                 |   1|   0|    1|          0|
    |grp_DebayerG_Pipeline_VITIS_LOOP_318_4_fu_200_ap_start_reg  |   1|   0|    1|          0|
    |height_val_read_reg_542                                     |  16|   0|   16|          0|
    |loopHeight_reg_552                                          |  17|   0|   17|          0|
    |loopWidth_reg_557                                           |  17|   0|   17|          0|
    |p_lcssa50495082_fu_80                                       |  10|   0|   10|          0|
    |p_lcssa50495082_load_reg_577                                |  10|   0|   10|          0|
    |p_lcssa50515084_fu_84                                       |  10|   0|   10|          0|
    |p_lcssa50515084_load_reg_582                                |  10|   0|   10|          0|
    |p_lcssa50525086_fu_88                                       |  10|   0|   10|          0|
    |p_lcssa50525086_load_reg_587                                |  10|   0|   10|          0|
    |p_lcssa50535088_fu_92                                       |  10|   0|   10|          0|
    |p_lcssa50535088_load_reg_592                                |  10|   0|   10|          0|
    |p_lcssa50555090_fu_96                                       |  10|   0|   10|          0|
    |p_lcssa50555090_load_reg_597                                |  10|   0|   10|          0|
    |p_lcssa50565092_fu_100                                      |  10|   0|   10|          0|
    |p_lcssa50565092_load_reg_602                                |  10|   0|   10|          0|
    |p_lcssa50575094_fu_104                                      |  10|   0|   10|          0|
    |p_lcssa50575094_load_reg_607                                |  10|   0|   10|          0|
    |p_lcssa50595096_fu_108                                      |  10|   0|   10|          0|
    |p_lcssa50595096_load_reg_612                                |  10|   0|   10|          0|
    |p_lcssa50605098_fu_112                                      |  10|   0|   10|          0|
    |p_lcssa50605098_load_reg_617                                |  10|   0|   10|          0|
    |p_lcssa50615100_fu_116                                      |  10|   0|   10|          0|
    |p_lcssa50615100_load_reg_622                                |  10|   0|   10|          0|
    |p_lcssa50635102_fu_120                                      |  10|   0|   10|          0|
    |p_lcssa50635102_load_reg_627                                |  10|   0|   10|          0|
    |p_lcssa50645104_fu_124                                      |  10|   0|   10|          0|
    |p_lcssa50645104_load_reg_632                                |  10|   0|   10|          0|
    |p_lcssa50655106_fu_128                                      |  10|   0|   10|          0|
    |p_lcssa50655106_load_reg_637                                |  10|   0|   10|          0|
    |p_lcssa50675108_fu_132                                      |  10|   0|   10|          0|
    |p_lcssa50675108_load_reg_642                                |  10|   0|   10|          0|
    |p_lcssa50685110_fu_136                                      |  10|   0|   10|          0|
    |p_lcssa50685110_load_reg_647                                |  10|   0|   10|          0|
    |p_lcssa52275233_fu_140                                      |  10|   0|   10|          0|
    |p_lcssa52275233_load_reg_652                                |  10|   0|   10|          0|
    |p_lcssa52285235_fu_144                                      |  10|   0|   10|          0|
    |p_lcssa52285235_load_reg_657                                |  10|   0|   10|          0|
    |p_lcssa52295237_fu_148                                      |  10|   0|   10|          0|
    |p_lcssa52295237_load_reg_662                                |  10|   0|   10|          0|
    |p_lcssa52305239_fu_152                                      |  10|   0|   10|          0|
    |p_lcssa52305239_load_reg_667                                |  10|   0|   10|          0|
    |p_lcssa52315241_fu_156                                      |  10|   0|   10|          0|
    |p_lcssa52315241_load_reg_672                                |  10|   0|   10|          0|
    |start_once_reg                                              |   1|   0|    1|          0|
    |trunc_ln439_reg_682                                         |   1|   0|    1|          0|
    |trunc_ln_reg_562                                            |  15|   0|   15|          0|
    |width_val_read_reg_537                                      |  16|   0|   16|          0|
    |x_phase_reg_547                                             |   1|   0|    1|          0|
    |xor_ln439_reg_687                                           |  15|   0|   15|          0|
    |y_7_reg_568                                                 |  17|   0|   17|          0|
    |y_fu_76                                                     |  17|   0|   17|          0|
    +------------------------------------------------------------+----+----+-----+-----------+
    |Total                                                       | 556|   0|  556|          0|
    +------------------------------------------------------------+----+----+-----+-----------+



================================================================
== Interface
================================================================
* Summary: 
+------------------------------------+-----+-----+------------+---------------------+--------------+
|              RTL Ports             | Dir | Bits|  Protocol  |    Source Object    |    C Type    |
+------------------------------------+-----+-----+------------+---------------------+--------------+
|ap_clk                              |   in|    1|  ap_ctrl_hs|             DebayerG|  return value|
|ap_rst                              |   in|    1|  ap_ctrl_hs|             DebayerG|  return value|
|ap_start                            |   in|    1|  ap_ctrl_hs|             DebayerG|  return value|
|start_full_n                        |   in|    1|  ap_ctrl_hs|             DebayerG|  return value|
|ap_done                             |  out|    1|  ap_ctrl_hs|             DebayerG|  return value|
|ap_continue                         |   in|    1|  ap_ctrl_hs|             DebayerG|  return value|
|ap_idle                             |  out|    1|  ap_ctrl_hs|             DebayerG|  return value|
|ap_ready                            |  out|    1|  ap_ctrl_hs|             DebayerG|  return value|
|start_out                           |  out|    1|  ap_ctrl_hs|             DebayerG|  return value|
|start_write                         |  out|    1|  ap_ctrl_hs|             DebayerG|  return value|
|imgBayer_dout                       |   in|   10|     ap_fifo|             imgBayer|       pointer|
|imgBayer_empty_n                    |   in|    1|     ap_fifo|             imgBayer|       pointer|
|imgBayer_read                       |  out|    1|     ap_fifo|             imgBayer|       pointer|
|imgBayer_num_data_valid             |   in|    3|     ap_fifo|             imgBayer|       pointer|
|imgBayer_fifo_cap                   |   in|    3|     ap_fifo|             imgBayer|       pointer|
|imgG_din                            |  out|   30|     ap_fifo|                 imgG|       pointer|
|imgG_full_n                         |   in|    1|     ap_fifo|                 imgG|       pointer|
|imgG_write                          |  out|    1|     ap_fifo|                 imgG|       pointer|
|imgG_num_data_valid                 |   in|   32|     ap_fifo|                 imgG|       pointer|
|imgG_fifo_cap                       |   in|   32|     ap_fifo|                 imgG|       pointer|
|height_val                          |   in|   16|   ap_stable|           height_val|        scalar|
|width_val                           |   in|   16|   ap_stable|            width_val|        scalar|
|bayerPhase_val_dout                 |   in|   16|     ap_fifo|       bayerPhase_val|       pointer|
|bayerPhase_val_empty_n              |   in|    1|     ap_fifo|       bayerPhase_val|       pointer|
|bayerPhase_val_read                 |  out|    1|     ap_fifo|       bayerPhase_val|       pointer|
|bayerPhase_val_num_data_valid       |   in|    3|     ap_fifo|       bayerPhase_val|       pointer|
|bayerPhase_val_fifo_cap             |   in|    3|     ap_fifo|       bayerPhase_val|       pointer|
|height_val4_c3_din                  |  out|   11|     ap_fifo|       height_val4_c3|       pointer|
|height_val4_c3_full_n               |   in|    1|     ap_fifo|       height_val4_c3|       pointer|
|height_val4_c3_write                |  out|    1|     ap_fifo|       height_val4_c3|       pointer|
|height_val4_c3_num_data_valid       |   in|    3|     ap_fifo|       height_val4_c3|       pointer|
|height_val4_c3_fifo_cap             |   in|    3|     ap_fifo|       height_val4_c3|       pointer|
|width_val8_c4_din                   |  out|   11|     ap_fifo|        width_val8_c4|       pointer|
|width_val8_c4_full_n                |   in|    1|     ap_fifo|        width_val8_c4|       pointer|
|width_val8_c4_write                 |  out|    1|     ap_fifo|        width_val8_c4|       pointer|
|width_val8_c4_num_data_valid        |   in|    3|     ap_fifo|        width_val8_c4|       pointer|
|width_val8_c4_fifo_cap              |   in|    3|     ap_fifo|        width_val8_c4|       pointer|
|bayerPhase_val11_c5_din             |  out|   16|     ap_fifo|  bayerPhase_val11_c5|       pointer|
|bayerPhase_val11_c5_full_n          |   in|    1|     ap_fifo|  bayerPhase_val11_c5|       pointer|
|bayerPhase_val11_c5_write           |  out|    1|     ap_fifo|  bayerPhase_val11_c5|       pointer|
|bayerPhase_val11_c5_num_data_valid  |   in|    3|     ap_fifo|  bayerPhase_val11_c5|       pointer|
|bayerPhase_val11_c5_fifo_cap        |   in|    3|     ap_fifo|  bayerPhase_val11_c5|       pointer|
+------------------------------------+-----+-----+------------+---------------------+--------------+

============================================================
+ Verbose Summary: Synthesis Manager
============================================================
InlineROM: 1
ExposeGlobal: 0
============================================================
+ Verbose Summary: CDFG Model
============================================================
IsTopModel: 0
ResetActiveHigh: 1
IsCombinational: 2
IsDatapathOnly: 0
HasWiredReturn: 1
HasMFsm: 0
HasVarLatency: 1
IsPipeline: 0
IsRtlPipelined: 0
IsInstanceOverlapped: 0
IsDontTouch: 0
HasImplIP: 0
IsGatedGlobalClock: 0


============================================================
+ Verbose Summary: Schedule
============================================================
* Number of FSM states : 4
* Pipeline : 0
* Dataflow Pipeline: 0

* FSM state transitions: 
1 --> 2 
2 --> 3 
3 --> 4 
4 --> 2 

* FSM state operations: 

State 1 <SV = 0> <Delay = 7.26>
ST_1 : Operation 5 [1/1] (0.00ns)   --->   "%y = alloca i32 1" [C:/github/zybo_z7_cam_rpi_v2_5mp_hdmi/zybo_z7_imx219/zybo_z7_imx219.runs/design_1_v_demosaic_0_0_synth_1/prj/sol/.autopilot/db/v_demosaic.cpp:271]   --->   Operation 5 'alloca' 'y' <Predicate = true> <Delay = 0.00>
ST_1 : Operation 6 [1/1] (0.00ns)   --->   "%p_lcssa50495082 = alloca i32 1"   --->   Operation 6 'alloca' 'p_lcssa50495082' <Predicate = true> <Delay = 0.00>
ST_1 : Operation 7 [1/1] (0.00ns)   --->   "%p_lcssa50515084 = alloca i32 1"   --->   Operation 7 'alloca' 'p_lcssa50515084' <Predicate = true> <Delay = 0.00>
ST_1 : Operation 8 [1/1] (0.00ns)   --->   "%p_lcssa50525086 = alloca i32 1"   --->   Operation 8 'alloca' 'p_lcssa50525086' <Predicate = true> <Delay = 0.00>
ST_1 : Operation 9 [1/1] (0.00ns)   --->   "%p_lcssa50535088 = alloca i32 1"   --->   Operation 9 'alloca' 'p_lcssa50535088' <Predicate = true> <Delay = 0.00>
ST_1 : Operation 10 [1/1] (0.00ns)   --->   "%p_lcssa50555090 = alloca i32 1"   --->   Operation 10 'alloca' 'p_lcssa50555090' <Predicate = true> <Delay = 0.00>
ST_1 : Operation 11 [1/1] (0.00ns)   --->   "%p_lcssa50565092 = alloca i32 1"   --->   Operation 11 'alloca' 'p_lcssa50565092' <Predicate = true> <Delay = 0.00>
ST_1 : Operation 12 [1/1] (0.00ns)   --->   "%p_lcssa50575094 = alloca i32 1"   --->   Operation 12 'alloca' 'p_lcssa50575094' <Predicate = true> <Delay = 0.00>
ST_1 : Operation 13 [1/1] (0.00ns)   --->   "%p_lcssa50595096 = alloca i32 1"   --->   Operation 13 'alloca' 'p_lcssa50595096' <Predicate = true> <Delay = 0.00>
ST_1 : Operation 14 [1/1] (0.00ns)   --->   "%p_lcssa50605098 = alloca i32 1"   --->   Operation 14 'alloca' 'p_lcssa50605098' <Predicate = true> <Delay = 0.00>
ST_1 : Operation 15 [1/1] (0.00ns)   --->   "%p_lcssa50615100 = alloca i32 1"   --->   Operation 15 'alloca' 'p_lcssa50615100' <Predicate = true> <Delay = 0.00>
ST_1 : Operation 16 [1/1] (0.00ns)   --->   "%p_lcssa50635102 = alloca i32 1"   --->   Operation 16 'alloca' 'p_lcssa50635102' <Predicate = true> <Delay = 0.00>
ST_1 : Operation 17 [1/1] (0.00ns)   --->   "%p_lcssa50645104 = alloca i32 1"   --->   Operation 17 'alloca' 'p_lcssa50645104' <Predicate = true> <Delay = 0.00>
ST_1 : Operation 18 [1/1] (0.00ns)   --->   "%p_lcssa50655106 = alloca i32 1"   --->   Operation 18 'alloca' 'p_lcssa50655106' <Predicate = true> <Delay = 0.00>
ST_1 : Operation 19 [1/1] (0.00ns)   --->   "%p_lcssa50675108 = alloca i32 1"   --->   Operation 19 'alloca' 'p_lcssa50675108' <Predicate = true> <Delay = 0.00>
ST_1 : Operation 20 [1/1] (0.00ns)   --->   "%p_lcssa50685110 = alloca i32 1"   --->   Operation 20 'alloca' 'p_lcssa50685110' <Predicate = true> <Delay = 0.00>
ST_1 : Operation 21 [1/1] (0.00ns)   --->   "%p_lcssa52275233 = alloca i32 1"   --->   Operation 21 'alloca' 'p_lcssa52275233' <Predicate = true> <Delay = 0.00>
ST_1 : Operation 22 [1/1] (0.00ns)   --->   "%p_lcssa52285235 = alloca i32 1"   --->   Operation 22 'alloca' 'p_lcssa52285235' <Predicate = true> <Delay = 0.00>
ST_1 : Operation 23 [1/1] (0.00ns)   --->   "%p_lcssa52295237 = alloca i32 1"   --->   Operation 23 'alloca' 'p_lcssa52295237' <Predicate = true> <Delay = 0.00>
ST_1 : Operation 24 [1/1] (0.00ns)   --->   "%p_lcssa52305239 = alloca i32 1"   --->   Operation 24 'alloca' 'p_lcssa52305239' <Predicate = true> <Delay = 0.00>
ST_1 : Operation 25 [1/1] (0.00ns)   --->   "%p_lcssa52315241 = alloca i32 1"   --->   Operation 25 'alloca' 'p_lcssa52315241' <Predicate = true> <Delay = 0.00>
ST_1 : Operation 26 [1/1] (0.00ns)   --->   "%width_val_read = read i16 @_ssdm_op_Read.ap_auto.i16, i16 %width_val"   --->   Operation 26 'read' 'width_val_read' <Predicate = true> <Delay = 0.00>
ST_1 : Operation 27 [1/1] (0.00ns)   --->   "%height_val_read = read i16 @_ssdm_op_Read.ap_auto.i16, i16 %height_val"   --->   Operation 27 'read' 'height_val_read' <Predicate = true> <Delay = 0.00>
ST_1 : Operation 28 [1/1] (0.00ns)   --->   "%empty = trunc i16 %height_val_read"   --->   Operation 28 'trunc' 'empty' <Predicate = true> <Delay = 0.00>
ST_1 : Operation 29 [1/1] (0.00ns)   --->   "%empty_172 = trunc i16 %width_val_read"   --->   Operation 29 'trunc' 'empty_172' <Predicate = true> <Delay = 0.00>
ST_1 : Operation 30 [1/1] (0.00ns)   --->   "%specinterface_ln0 = specinterface void @_ssdm_op_SpecInterface, i16 %bayerPhase_val, void @ap_fifo_str, i32 0, i32 0, void @p_str, i32 0, i32 0, void @p_str, void @p_str, void @p_str, i32 2, i32 2, i32 16, i32 16, void @p_str, void @ScalarProp_str, i32 4294967295, i32 0, i32 0, i32 0"   --->   Operation 30 'specinterface' 'specinterface_ln0' <Predicate = true> <Delay = 0.00>
ST_1 : Operation 31 [1/1] ( I:3.63ns O:3.63ns )   --->   "%bayerPhase_val_read = read i16 @_ssdm_op_Read.ap_fifo.i16P0A, i16 %bayerPhase_val"   --->   Operation 31 'read' 'bayerPhase_val_read' <Predicate = true> <Delay = 3.63> <CoreInst = "FIFO_SRL">   --->   Core 80 'FIFO_SRL' <Latency = 0> <II = 1> <Delay = 3.63> <Storage> <Opcode : 'read' 'write' 'nbread' 'nbwrite'> <Ports = 0> <Width = 16> <Depth = 3> <FIFO>
ST_1 : Operation 32 [1/1] (0.00ns)   --->   "%specinterface_ln0 = specinterface void @_ssdm_op_SpecInterface, i16 %bayerPhase_val11_c5, void @ap_fifo_str, i32 0, i32 0, void @p_str, i32 0, i32 0, void @p_str, void @p_str, void @p_str, i32 2, i32 2, i32 16, i32 16, void @p_str, void @ScalarProp_str, i32 4294967295, i32 0, i32 0, i32 0"   --->   Operation 32 'specinterface' 'specinterface_ln0' <Predicate = true> <Delay = 0.00>
ST_1 : Operation 33 [1/1] ( I:3.63ns O:3.63ns )   --->   "%write_ln0 = write void @_ssdm_op_Write.ap_fifo.i16P0A, i16 %bayerPhase_val11_c5, i16 %bayerPhase_val_read"   --->   Operation 33 'write' 'write_ln0' <Predicate = true> <Delay = 3.63> <CoreInst = "FIFO_SRL">   --->   Core 80 'FIFO_SRL' <Latency = 0> <II = 1> <Delay = 3.63> <Storage> <Opcode : 'read' 'write' 'nbread' 'nbwrite'> <Ports = 0> <Width = 16> <Depth = 2> <FIFO>
ST_1 : Operation 34 [1/1] (0.00ns)   --->   "%specinterface_ln0 = specinterface void @_ssdm_op_SpecInterface, i11 %width_val8_c4, void @ap_fifo_str, i32 0, i32 0, void @p_str, i32 0, i32 0, void @p_str, void @p_str, void @p_str, i32 2, i32 2, i32 16, i32 16, void @p_str, void @ScalarProp_str, i32 4294967295, i32 0, i32 0, i32 0"   --->   Operation 34 'specinterface' 'specinterface_ln0' <Predicate = true> <Delay = 0.00>
ST_1 : Operation 35 [1/1] ( I:3.63ns O:3.63ns )   --->   "%write_ln0 = write void @_ssdm_op_Write.ap_fifo.i11P0A, i11 %width_val8_c4, i11 %empty_172"   --->   Operation 35 'write' 'write_ln0' <Predicate = true> <Delay = 3.63> <CoreInst = "FIFO_SRL">   --->   Core 80 'FIFO_SRL' <Latency = 0> <II = 1> <Delay = 3.63> <Storage> <Opcode : 'read' 'write' 'nbread' 'nbwrite'> <Ports = 0> <Width = 11> <Depth = 2> <FIFO>
ST_1 : Operation 36 [1/1] (0.00ns)   --->   "%specinterface_ln0 = specinterface void @_ssdm_op_SpecInterface, i11 %height_val4_c3, void @ap_fifo_str, i32 0, i32 0, void @p_str, i32 0, i32 0, void @p_str, void @p_str, void @p_str, i32 2, i32 2, i32 16, i32 16, void @p_str, void @ScalarProp_str, i32 4294967295, i32 0, i32 0, i32 0"   --->   Operation 36 'specinterface' 'specinterface_ln0' <Predicate = true> <Delay = 0.00>
ST_1 : Operation 37 [1/1] ( I:3.63ns O:3.63ns )   --->   "%write_ln0 = write void @_ssdm_op_Write.ap_fifo.i11P0A, i11 %height_val4_c3, i11 %empty"   --->   Operation 37 'write' 'write_ln0' <Predicate = true> <Delay = 3.63> <CoreInst = "FIFO_SRL">   --->   Core 80 'FIFO_SRL' <Latency = 0> <II = 1> <Delay = 3.63> <Storage> <Opcode : 'read' 'write' 'nbread' 'nbwrite'> <Ports = 0> <Width = 11> <Depth = 2> <FIFO>
ST_1 : Operation 38 [1/1] (0.00ns)   --->   "%x_phase = trunc i16 %bayerPhase_val_read"   --->   Operation 38 'trunc' 'x_phase' <Predicate = true> <Delay = 0.00>
ST_1 : Operation 39 [1/1] (0.00ns)   --->   "%specinterface_ln0 = specinterface void @_ssdm_op_SpecInterface, i30 %imgG, void @empty_20, i32 0, i32 0, void @empty_14, i32 0, i32 0, void @empty_14, void @empty_14, void @empty_14, i32 0, i32 0, i32 0, i32 0, void @empty_14, void @empty_14, i32 4294967295, i32 0, i32 0, i32 0"   --->   Operation 39 'specinterface' 'specinterface_ln0' <Predicate = true> <Delay = 0.00>
ST_1 : Operation 40 [1/1] (0.00ns)   --->   "%specinterface_ln0 = specinterface void @_ssdm_op_SpecInterface, i10 %imgBayer, void @empty_20, i32 0, i32 0, void @empty_14, i32 0, i32 0, void @empty_14, void @empty_14, void @empty_14, i32 0, i32 0, i32 0, i32 0, void @empty_14, void @empty_14, i32 4294967295, i32 0, i32 0, i32 0"   --->   Operation 40 'specinterface' 'specinterface_ln0' <Predicate = true> <Delay = 0.00>
ST_1 : Operation 41 [1/1] (0.00ns)   --->   "%zext_ln274 = zext i16 %height_val_read" [C:/github/zybo_z7_cam_rpi_v2_5mp_hdmi/zybo_z7_imx219/zybo_z7_imx219.runs/design_1_v_demosaic_0_0_synth_1/prj/sol/.autopilot/db/v_demosaic.cpp:274]   --->   Operation 41 'zext' 'zext_ln274' <Predicate = true> <Delay = 0.00>
ST_1 : Operation 42 [1/1] (2.07ns)   --->   "%loopHeight = add i17 %zext_ln274, i17 2" [C:/github/zybo_z7_cam_rpi_v2_5mp_hdmi/zybo_z7_imx219/zybo_z7_imx219.runs/design_1_v_demosaic_0_0_synth_1/prj/sol/.autopilot/db/v_demosaic.cpp:274]   --->   Operation 42 'add' 'loopHeight' <Predicate = true> <Delay = 2.07> <CoreInst = "Adder">   --->   Core 1 'Adder' <Latency = 0> <II = 1> <Delay = 2.10> <FuncUnit> <Opcode : 'add' 'sub'> <InPorts = 2> <OutPorts = 1>
ST_1 : Operation 43 [1/1] (0.00ns)   --->   "%zext_ln275 = zext i16 %width_val_read" [C:/github/zybo_z7_cam_rpi_v2_5mp_hdmi/zybo_z7_imx219/zybo_z7_imx219.runs/design_1_v_demosaic_0_0_synth_1/prj/sol/.autopilot/db/v_demosaic.cpp:275]   --->   Operation 43 'zext' 'zext_ln275' <Predicate = true> <Delay = 0.00>
ST_1 : Operation 44 [1/1] (2.07ns)   --->   "%loopWidth = add i17 %zext_ln275, i17 2" [C:/github/zybo_z7_cam_rpi_v2_5mp_hdmi/zybo_z7_imx219/zybo_z7_imx219.runs/design_1_v_demosaic_0_0_synth_1/prj/sol/.autopilot/db/v_demosaic.cpp:275]   --->   Operation 44 'add' 'loopWidth' <Predicate = true> <Delay = 2.07> <CoreInst = "Adder">   --->   Core 1 'Adder' <Latency = 0> <II = 1> <Delay = 2.10> <FuncUnit> <Opcode : 'add' 'sub'> <InPorts = 2> <OutPorts = 1>
ST_1 : Operation 45 [1/1] (0.00ns)   --->   "%trunc_ln = partselect i15 @_ssdm_op_PartSelect.i15.i16.i32.i32, i16 %bayerPhase_val_read, i32 1, i32 15" [C:/github/zybo_z7_cam_rpi_v2_5mp_hdmi/zybo_z7_imx219/zybo_z7_imx219.runs/design_1_v_demosaic_0_0_synth_1/prj/sol/.autopilot/db/v_demosaic.cpp:293]   --->   Operation 45 'partselect' 'trunc_ln' <Predicate = true> <Delay = 0.00>
ST_1 : Operation 46 [1/1] (1.58ns)   --->   "%store_ln271 = store i17 0, i17 %y" [C:/github/zybo_z7_cam_rpi_v2_5mp_hdmi/zybo_z7_imx219/zybo_z7_imx219.runs/design_1_v_demosaic_0_0_synth_1/prj/sol/.autopilot/db/v_demosaic.cpp:271]   --->   Operation 46 'store' 'store_ln271' <Predicate = true> <Delay = 1.58>
ST_1 : Operation 47 [1/1] (0.00ns)   --->   "%br_ln315 = br void %VITIS_LOOP_318_4" [C:/github/zybo_z7_cam_rpi_v2_5mp_hdmi/zybo_z7_imx219/zybo_z7_imx219.runs/design_1_v_demosaic_0_0_synth_1/prj/sol/.autopilot/db/v_demosaic.cpp:315]   --->   Operation 47 'br' 'br_ln315' <Predicate = true> <Delay = 0.00>

State 2 <SV = 1> <Delay = 3.69>
ST_2 : Operation 48 [1/1] (0.00ns)   --->   "%y_7 = load i17 %y" [C:/github/zybo_z7_cam_rpi_v2_5mp_hdmi/zybo_z7_imx219/zybo_z7_imx219.runs/design_1_v_demosaic_0_0_synth_1/prj/sol/.autopilot/db/v_demosaic.cpp:325]   --->   Operation 48 'load' 'y_7' <Predicate = true> <Delay = 0.00>
ST_2 : Operation 49 [1/1] (2.10ns)   --->   "%icmp_ln315 = icmp_eq  i17 %y_7, i17 %loopHeight" [C:/github/zybo_z7_cam_rpi_v2_5mp_hdmi/zybo_z7_imx219/zybo_z7_imx219.runs/design_1_v_demosaic_0_0_synth_1/prj/sol/.autopilot/db/v_demosaic.cpp:315]   --->   Operation 49 'icmp' 'icmp_ln315' <Predicate = true> <Delay = 2.10> <CoreInst = "Cmp">   --->   Core 9 'Cmp' <Latency = 0> <II = 1> <Delay = 2.10> <FuncUnit> <Opcode : 'seteq' 'setne' 'setle' 'setge' 'setlt' 'setgt'> <InPorts = 2> <OutPorts = 1>
ST_2 : Operation 50 [1/1] (2.10ns)   --->   "%y_8 = add i17 %y_7, i17 1" [C:/github/zybo_z7_cam_rpi_v2_5mp_hdmi/zybo_z7_imx219/zybo_z7_imx219.runs/design_1_v_demosaic_0_0_synth_1/prj/sol/.autopilot/db/v_demosaic.cpp:315]   --->   Operation 50 'add' 'y_8' <Predicate = true> <Delay = 2.10> <CoreInst = "Adder">   --->   Core 1 'Adder' <Latency = 0> <II = 1> <Delay = 2.10> <FuncUnit> <Opcode : 'add' 'sub'> <InPorts = 2> <OutPorts = 1>
ST_2 : Operation 51 [1/1] (0.00ns)   --->   "%br_ln315 = br i1 %icmp_ln315, void %VITIS_LOOP_318_4.split, void %for.end750" [C:/github/zybo_z7_cam_rpi_v2_5mp_hdmi/zybo_z7_imx219/zybo_z7_imx219.runs/design_1_v_demosaic_0_0_synth_1/prj/sol/.autopilot/db/v_demosaic.cpp:315]   --->   Operation 51 'br' 'br_ln315' <Predicate = true> <Delay = 0.00>
ST_2 : Operation 52 [1/1] (0.00ns)   --->   "%p_lcssa50495082_load = load i10 %p_lcssa50495082"   --->   Operation 52 'load' 'p_lcssa50495082_load' <Predicate = (!icmp_ln315)> <Delay = 0.00>
ST_2 : Operation 53 [1/1] (0.00ns)   --->   "%p_lcssa50515084_load = load i10 %p_lcssa50515084"   --->   Operation 53 'load' 'p_lcssa50515084_load' <Predicate = (!icmp_ln315)> <Delay = 0.00>
ST_2 : Operation 54 [1/1] (0.00ns)   --->   "%p_lcssa50525086_load = load i10 %p_lcssa50525086"   --->   Operation 54 'load' 'p_lcssa50525086_load' <Predicate = (!icmp_ln315)> <Delay = 0.00>
ST_2 : Operation 55 [1/1] (0.00ns)   --->   "%p_lcssa50535088_load = load i10 %p_lcssa50535088"   --->   Operation 55 'load' 'p_lcssa50535088_load' <Predicate = (!icmp_ln315)> <Delay = 0.00>
ST_2 : Operation 56 [1/1] (0.00ns)   --->   "%p_lcssa50555090_load = load i10 %p_lcssa50555090"   --->   Operation 56 'load' 'p_lcssa50555090_load' <Predicate = (!icmp_ln315)> <Delay = 0.00>
ST_2 : Operation 57 [1/1] (0.00ns)   --->   "%p_lcssa50565092_load = load i10 %p_lcssa50565092"   --->   Operation 57 'load' 'p_lcssa50565092_load' <Predicate = (!icmp_ln315)> <Delay = 0.00>
ST_2 : Operation 58 [1/1] (0.00ns)   --->   "%p_lcssa50575094_load = load i10 %p_lcssa50575094"   --->   Operation 58 'load' 'p_lcssa50575094_load' <Predicate = (!icmp_ln315)> <Delay = 0.00>
ST_2 : Operation 59 [1/1] (0.00ns)   --->   "%p_lcssa50595096_load = load i10 %p_lcssa50595096"   --->   Operation 59 'load' 'p_lcssa50595096_load' <Predicate = (!icmp_ln315)> <Delay = 0.00>
ST_2 : Operation 60 [1/1] (0.00ns)   --->   "%p_lcssa50605098_load = load i10 %p_lcssa50605098"   --->   Operation 60 'load' 'p_lcssa50605098_load' <Predicate = (!icmp_ln315)> <Delay = 0.00>
ST_2 : Operation 61 [1/1] (0.00ns)   --->   "%p_lcssa50615100_load = load i10 %p_lcssa50615100"   --->   Operation 61 'load' 'p_lcssa50615100_load' <Predicate = (!icmp_ln315)> <Delay = 0.00>
ST_2 : Operation 62 [1/1] (0.00ns)   --->   "%p_lcssa50635102_load = load i10 %p_lcssa50635102"   --->   Operation 62 'load' 'p_lcssa50635102_load' <Predicate = (!icmp_ln315)> <Delay = 0.00>
ST_2 : Operation 63 [1/1] (0.00ns)   --->   "%p_lcssa50645104_load = load i10 %p_lcssa50645104"   --->   Operation 63 'load' 'p_lcssa50645104_load' <Predicate = (!icmp_ln315)> <Delay = 0.00>
ST_2 : Operation 64 [1/1] (0.00ns)   --->   "%p_lcssa50655106_load = load i10 %p_lcssa50655106"   --->   Operation 64 'load' 'p_lcssa50655106_load' <Predicate = (!icmp_ln315)> <Delay = 0.00>
ST_2 : Operation 65 [1/1] (0.00ns)   --->   "%p_lcssa50675108_load = load i10 %p_lcssa50675108"   --->   Operation 65 'load' 'p_lcssa50675108_load' <Predicate = (!icmp_ln315)> <Delay = 0.00>
ST_2 : Operation 66 [1/1] (0.00ns)   --->   "%p_lcssa50685110_load = load i10 %p_lcssa50685110"   --->   Operation 66 'load' 'p_lcssa50685110_load' <Predicate = (!icmp_ln315)> <Delay = 0.00>
ST_2 : Operation 67 [1/1] (0.00ns)   --->   "%p_lcssa52275233_load = load i10 %p_lcssa52275233"   --->   Operation 67 'load' 'p_lcssa52275233_load' <Predicate = (!icmp_ln315)> <Delay = 0.00>
ST_2 : Operation 68 [1/1] (0.00ns)   --->   "%p_lcssa52285235_load = load i10 %p_lcssa52285235"   --->   Operation 68 'load' 'p_lcssa52285235_load' <Predicate = (!icmp_ln315)> <Delay = 0.00>
ST_2 : Operation 69 [1/1] (0.00ns)   --->   "%p_lcssa52295237_load = load i10 %p_lcssa52295237"   --->   Operation 69 'load' 'p_lcssa52295237_load' <Predicate = (!icmp_ln315)> <Delay = 0.00>
ST_2 : Operation 70 [1/1] (0.00ns)   --->   "%p_lcssa52305239_load = load i10 %p_lcssa52305239"   --->   Operation 70 'load' 'p_lcssa52305239_load' <Predicate = (!icmp_ln315)> <Delay = 0.00>
ST_2 : Operation 71 [1/1] (0.00ns)   --->   "%p_lcssa52315241_load = load i10 %p_lcssa52315241"   --->   Operation 71 'load' 'p_lcssa52315241_load' <Predicate = (!icmp_ln315)> <Delay = 0.00>
ST_2 : Operation 72 [1/1] (1.58ns)   --->   "%store_ln271 = store i17 %y_8, i17 %y" [C:/github/zybo_z7_cam_rpi_v2_5mp_hdmi/zybo_z7_imx219/zybo_z7_imx219.runs/design_1_v_demosaic_0_0_synth_1/prj/sol/.autopilot/db/v_demosaic.cpp:271]   --->   Operation 72 'store' 'store_ln271' <Predicate = (!icmp_ln315)> <Delay = 1.58>
ST_2 : Operation 73 [1/1] (0.00ns)   --->   "%ret_ln591 = ret" [C:/github/zybo_z7_cam_rpi_v2_5mp_hdmi/zybo_z7_imx219/zybo_z7_imx219.runs/design_1_v_demosaic_0_0_synth_1/prj/sol/.autopilot/db/v_demosaic.cpp:591]   --->   Operation 73 'ret' 'ret_ln591' <Predicate = (icmp_ln315)> <Delay = 0.00>

State 3 <SV = 2> <Delay = 6.79>
ST_3 : Operation 74 [1/1] (2.10ns)   --->   "%add_ln325 = add i17 %y_7, i17 131070" [C:/github/zybo_z7_cam_rpi_v2_5mp_hdmi/zybo_z7_imx219/zybo_z7_imx219.runs/design_1_v_demosaic_0_0_synth_1/prj/sol/.autopilot/db/v_demosaic.cpp:325]   --->   Operation 74 'add' 'add_ln325' <Predicate = true> <Delay = 2.10> <CoreInst = "Adder">   --->   Core 1 'Adder' <Latency = 0> <II = 1> <Delay = 2.10> <FuncUnit> <Opcode : 'add' 'sub'> <InPorts = 2> <OutPorts = 1>
ST_3 : Operation 75 [1/1] (0.00ns)   --->   "%trunc_ln439 = trunc i17 %add_ln325" [C:/github/zybo_z7_cam_rpi_v2_5mp_hdmi/zybo_z7_imx219/zybo_z7_imx219.runs/design_1_v_demosaic_0_0_synth_1/prj/sol/.autopilot/db/v_demosaic.cpp:439]   --->   Operation 75 'trunc' 'trunc_ln439' <Predicate = true> <Delay = 0.00>
ST_3 : Operation 76 [1/1] (0.00ns)   --->   "%zext_ln439 = zext i1 %trunc_ln439" [C:/github/zybo_z7_cam_rpi_v2_5mp_hdmi/zybo_z7_imx219/zybo_z7_imx219.runs/design_1_v_demosaic_0_0_synth_1/prj/sol/.autopilot/db/v_demosaic.cpp:439]   --->   Operation 76 'zext' 'zext_ln439' <Predicate = true> <Delay = 0.00>
ST_3 : Operation 77 [1/1] (0.99ns)   --->   "%xor_ln439 = xor i15 %trunc_ln, i15 %zext_ln439" [C:/github/zybo_z7_cam_rpi_v2_5mp_hdmi/zybo_z7_imx219/zybo_z7_imx219.runs/design_1_v_demosaic_0_0_synth_1/prj/sol/.autopilot/db/v_demosaic.cpp:439]   --->   Operation 77 'xor' 'xor_ln439' <Predicate = true> <Delay = 0.99> <CoreInst = "LogicGate">   --->   Core 74 'LogicGate' <Latency = 0> <II = 1> <Delay = 0.99> <FuncUnit> <Opcode : 'and' 'or' 'xor'> <InPorts = 2> <OutPorts = 1>
ST_3 : Operation 78 [2/2] (3.69ns)   --->   "%call_ln325 = call void @DebayerG_Pipeline_VITIS_LOOP_318_4, i10 %p_lcssa52315241_load, i10 %p_lcssa52305239_load, i10 %p_lcssa52295237_load, i10 %p_lcssa52285235_load, i10 %p_lcssa52275233_load, i10 %p_lcssa50685110_load, i10 %p_lcssa50675108_load, i10 %p_lcssa50655106_load, i10 %p_lcssa50645104_load, i10 %p_lcssa50635102_load, i10 %p_lcssa50615100_load, i10 %p_lcssa50605098_load, i10 %p_lcssa50595096_load, i10 %p_lcssa50575094_load, i10 %p_lcssa50565092_load, i10 %p_lcssa50555090_load, i10 %p_lcssa50535088_load, i10 %p_lcssa50525086_load, i10 %p_lcssa50515084_load, i10 %p_lcssa50495082_load, i16 %height_val_read, i17 %y_7, i16 %width_val_read, i1 %trunc_ln439, i15 %trunc_ln, i17 %loopWidth, i30 %imgG, i1 %x_phase, i15 %xor_ln439, i17 %add_ln325, i10 %imgBayer, i10 %p_lcssa52315241, i10 %p_lcssa52305239, i10 %p_lcssa52295237, i10 %p_lcssa52285235, i10 %p_lcssa52275233, i10 %p_lcssa50685110, i10 %p_lcssa50675108, i10 %p_lcssa50655106, i10 %p_lcssa50645104, i10 %p_lcssa50635102, i10 %p_lcssa50615100, i10 %p_lcssa50605098, i10 %p_lcssa50595096, i10 %p_lcssa50575094, i10 %p_lcssa50565092, i10 %p_lcssa50555090, i10 %p_lcssa50535088, i10 %p_lcssa50525086, i10 %p_lcssa50515084, i10 %p_lcssa50495082, i10 %DIV1_TABLE, i18 %DIV2_TABLE" [C:/github/zybo_z7_cam_rpi_v2_5mp_hdmi/zybo_z7_imx219/zybo_z7_imx219.runs/design_1_v_demosaic_0_0_synth_1/prj/sol/.autopilot/db/v_demosaic.cpp:325]   --->   Operation 78 'call' 'call_ln325' <Predicate = true> <Delay = 3.69> <CoreType = "Generic">   --->   Generic Core

State 4 <SV = 3> <Delay = 0.00>
ST_4 : Operation 79 [1/1] (0.00ns)   --->   "%speclooptripcount_ln282 = speclooptripcount void @_ssdm_op_SpecLoopTripCount, i64 2, i64 65537, i64 32769" [C:/github/zybo_z7_cam_rpi_v2_5mp_hdmi/zybo_z7_imx219/zybo_z7_imx219.runs/design_1_v_demosaic_0_0_synth_1/prj/sol/.autopilot/db/v_demosaic.cpp:282]   --->   Operation 79 'speclooptripcount' 'speclooptripcount_ln282' <Predicate = true> <Delay = 0.00>
ST_4 : Operation 80 [1/1] (0.00ns)   --->   "%specloopname_ln315 = specloopname void @_ssdm_op_SpecLoopName, void @empty_5" [C:/github/zybo_z7_cam_rpi_v2_5mp_hdmi/zybo_z7_imx219/zybo_z7_imx219.runs/design_1_v_demosaic_0_0_synth_1/prj/sol/.autopilot/db/v_demosaic.cpp:315]   --->   Operation 80 'specloopname' 'specloopname_ln315' <Predicate = true> <Delay = 0.00>
ST_4 : Operation 81 [1/2] (0.00ns)   --->   "%call_ln325 = call void @DebayerG_Pipeline_VITIS_LOOP_318_4, i10 %p_lcssa52315241_load, i10 %p_lcssa52305239_load, i10 %p_lcssa52295237_load, i10 %p_lcssa52285235_load, i10 %p_lcssa52275233_load, i10 %p_lcssa50685110_load, i10 %p_lcssa50675108_load, i10 %p_lcssa50655106_load, i10 %p_lcssa50645104_load, i10 %p_lcssa50635102_load, i10 %p_lcssa50615100_load, i10 %p_lcssa50605098_load, i10 %p_lcssa50595096_load, i10 %p_lcssa50575094_load, i10 %p_lcssa50565092_load, i10 %p_lcssa50555090_load, i10 %p_lcssa50535088_load, i10 %p_lcssa50525086_load, i10 %p_lcssa50515084_load, i10 %p_lcssa50495082_load, i16 %height_val_read, i17 %y_7, i16 %width_val_read, i1 %trunc_ln439, i15 %trunc_ln, i17 %loopWidth, i30 %imgG, i1 %x_phase, i15 %xor_ln439, i17 %add_ln325, i10 %imgBayer, i10 %p_lcssa52315241, i10 %p_lcssa52305239, i10 %p_lcssa52295237, i10 %p_lcssa52285235, i10 %p_lcssa52275233, i10 %p_lcssa50685110, i10 %p_lcssa50675108, i10 %p_lcssa50655106, i10 %p_lcssa50645104, i10 %p_lcssa50635102, i10 %p_lcssa50615100, i10 %p_lcssa50605098, i10 %p_lcssa50595096, i10 %p_lcssa50575094, i10 %p_lcssa50565092, i10 %p_lcssa50555090, i10 %p_lcssa50535088, i10 %p_lcssa50525086, i10 %p_lcssa50515084, i10 %p_lcssa50495082, i10 %DIV1_TABLE, i18 %DIV2_TABLE" [C:/github/zybo_z7_cam_rpi_v2_5mp_hdmi/zybo_z7_imx219/zybo_z7_imx219.runs/design_1_v_demosaic_0_0_synth_1/prj/sol/.autopilot/db/v_demosaic.cpp:325]   --->   Operation 81 'call' 'call_ln325' <Predicate = true> <Delay = 0.00> <CoreType = "Generic">   --->   Generic Core
ST_4 : Operation 82 [1/1] (0.00ns)   --->   "%br_ln315 = br void %VITIS_LOOP_318_4" [C:/github/zybo_z7_cam_rpi_v2_5mp_hdmi/zybo_z7_imx219/zybo_z7_imx219.runs/design_1_v_demosaic_0_0_synth_1/prj/sol/.autopilot/db/v_demosaic.cpp:315]   --->   Operation 82 'br' 'br_ln315' <Predicate = true> <Delay = 0.00>


============================================================
+ Verbose Summary: Binding
============================================================
STG Binding: 
---------------- STG Properties BEGIN ----------------
- Is combinational: 0
- Is one-state seq: 0
- Is datapath-only: 0
- Is pipelined: 0
- Is top level: 0
Port [ Return ] is wired: 1; IO mode=ap_ctrl_hs:ce=0
Port [ imgBayer]:  wired=1; compound=1; hidden=0; nouse=0; global=0; static=0; extern=0; dir=0; type=3; pingpong=0; private_global=0; IO mode=ap_fifo:ce=0
Port [ imgG]:  wired=1; compound=1; hidden=0; nouse=0; global=0; static=0; extern=0; dir=1; type=3; pingpong=0; private_global=0; IO mode=ap_fifo:ce=0
Port [ height_val]:  wired=1; compound=0; hidden=0; nouse=0; global=0; static=0; extern=0; dir=0; type=0; pingpong=0; private_global=0; IO mode=ap_stable:ce=0
Port [ width_val]:  wired=1; compound=0; hidden=0; nouse=0; global=0; static=0; extern=0; dir=0; type=0; pingpong=0; private_global=0; IO mode=ap_stable:ce=0
Port [ bayerPhase_val]:  wired=1; compound=1; hidden=0; nouse=0; global=0; static=0; extern=0; dir=0; type=3; pingpong=0; private_global=0; IO mode=ap_fifo:ce=0
Port [ height_val4_c3]:  wired=1; compound=1; hidden=0; nouse=0; global=0; static=0; extern=0; dir=1; type=3; pingpong=0; private_global=0; IO mode=ap_fifo:ce=0
Port [ width_val8_c4]:  wired=1; compound=1; hidden=0; nouse=0; global=0; static=0; extern=0; dir=1; type=3; pingpong=0; private_global=0; IO mode=ap_fifo:ce=0
Port [ bayerPhase_val11_c5]:  wired=1; compound=1; hidden=0; nouse=0; global=0; static=0; extern=0; dir=1; type=3; pingpong=0; private_global=0; IO mode=ap_fifo:ce=0
Port [ DIV1_TABLE]:  wired=0; compound=1; hidden=1; nouse=1; global=1; static=1; extern=0; dir=0; type=1; pingpong=0; private_global=0; MemPort=[1111]; IO mode=ap_memory:ce=0
Port [ DIV2_TABLE]:  wired=0; compound=1; hidden=1; nouse=1; global=1; static=1; extern=0; dir=0; type=1; pingpong=0; private_global=0; MemPort=[1]; IO mode=ap_memory:ce=0
---------------- STG Properties END ------------------

---------------- Datapath Model BEGIN ----------------

<LifeTime>
<method=bitvector/>
y                       (alloca           ) [ 01111]
p_lcssa50495082         (alloca           ) [ 00111]
p_lcssa50515084         (alloca           ) [ 00111]
p_lcssa50525086         (alloca           ) [ 00111]
p_lcssa50535088         (alloca           ) [ 00111]
p_lcssa50555090         (alloca           ) [ 00111]
p_lcssa50565092         (alloca           ) [ 00111]
p_lcssa50575094         (alloca           ) [ 00111]
p_lcssa50595096         (alloca           ) [ 00111]
p_lcssa50605098         (alloca           ) [ 00111]
p_lcssa50615100         (alloca           ) [ 00111]
p_lcssa50635102         (alloca           ) [ 00111]
p_lcssa50645104         (alloca           ) [ 00111]
p_lcssa50655106         (alloca           ) [ 00111]
p_lcssa50675108         (alloca           ) [ 00111]
p_lcssa50685110         (alloca           ) [ 00111]
p_lcssa52275233         (alloca           ) [ 00111]
p_lcssa52285235         (alloca           ) [ 00111]
p_lcssa52295237         (alloca           ) [ 00111]
p_lcssa52305239         (alloca           ) [ 00111]
p_lcssa52315241         (alloca           ) [ 00111]
width_val_read          (read             ) [ 00111]
height_val_read         (read             ) [ 00111]
empty                   (trunc            ) [ 00000]
empty_172               (trunc            ) [ 00000]
specinterface_ln0       (specinterface    ) [ 00000]
bayerPhase_val_read     (read             ) [ 00000]
specinterface_ln0       (specinterface    ) [ 00000]
write_ln0               (write            ) [ 00000]
specinterface_ln0       (specinterface    ) [ 00000]
write_ln0               (write            ) [ 00000]
specinterface_ln0       (specinterface    ) [ 00000]
write_ln0               (write            ) [ 00000]
x_phase                 (trunc            ) [ 00111]
specinterface_ln0       (specinterface    ) [ 00000]
specinterface_ln0       (specinterface    ) [ 00000]
zext_ln274              (zext             ) [ 00000]
loopHeight              (add              ) [ 00111]
zext_ln275              (zext             ) [ 00000]
loopWidth               (add              ) [ 00111]
trunc_ln                (partselect       ) [ 00111]
store_ln271             (store            ) [ 00000]
br_ln315                (br               ) [ 00000]
y_7                     (load             ) [ 00011]
icmp_ln315              (icmp             ) [ 00111]
y_8                     (add              ) [ 00000]
br_ln315                (br               ) [ 00000]
p_lcssa50495082_load    (load             ) [ 00011]
p_lcssa50515084_load    (load             ) [ 00011]
p_lcssa50525086_load    (load             ) [ 00011]
p_lcssa50535088_load    (load             ) [ 00011]
p_lcssa50555090_load    (load             ) [ 00011]
p_lcssa50565092_load    (load             ) [ 00011]
p_lcssa50575094_load    (load             ) [ 00011]
p_lcssa50595096_load    (load             ) [ 00011]
p_lcssa50605098_load    (load             ) [ 00011]
p_lcssa50615100_load    (load             ) [ 00011]
p_lcssa50635102_load    (load             ) [ 00011]
p_lcssa50645104_load    (load             ) [ 00011]
p_lcssa50655106_load    (load             ) [ 00011]
p_lcssa50675108_load    (load             ) [ 00011]
p_lcssa50685110_load    (load             ) [ 00011]
p_lcssa52275233_load    (load             ) [ 00011]
p_lcssa52285235_load    (load             ) [ 00011]
p_lcssa52295237_load    (load             ) [ 00011]
p_lcssa52305239_load    (load             ) [ 00011]
p_lcssa52315241_load    (load             ) [ 00011]
store_ln271             (store            ) [ 00000]
ret_ln591               (ret              ) [ 00000]
add_ln325               (add              ) [ 00001]
trunc_ln439             (trunc            ) [ 00001]
zext_ln439              (zext             ) [ 00000]
xor_ln439               (xor              ) [ 00001]
speclooptripcount_ln282 (speclooptripcount) [ 00000]
specloopname_ln315      (specloopname     ) [ 00000]
call_ln325              (call             ) [ 00000]
br_ln315                (br               ) [ 00000]
</LifeTime>

<model>

<comp_list>
<comp id="0" class="1000" name="imgBayer">
<pin_list>
<pin id="1" dir="1" index="0" bw="1" slack="0"/>
</pin_list>
<bind>
<StgValue><ssdm name="imgBayer"/></StgValue>
</bind>
</comp>

<comp id="2" class="1000" name="imgG">
<pin_list>
<pin id="3" dir="1" index="0" bw="1" slack="0"/>
</pin_list>
<bind>
<StgValue><ssdm name="imgG"/></StgValue>
</bind>
</comp>

<comp id="4" class="1000" name="height_val">
<pin_list>
<pin id="5" dir="1" index="0" bw="1" slack="0"/>
</pin_list>
<bind>
<StgValue><ssdm name="height_val"/></StgValue>
</bind>
</comp>

<comp id="6" class="1000" name="width_val">
<pin_list>
<pin id="7" dir="1" index="0" bw="1" slack="0"/>
</pin_list>
<bind>
<StgValue><ssdm name="width_val"/></StgValue>
</bind>
</comp>

<comp id="8" class="1000" name="bayerPhase_val">
<pin_list>
<pin id="9" dir="1" index="0" bw="1" slack="0"/>
</pin_list>
<bind>
<StgValue><ssdm name="bayerPhase_val"/></StgValue>
</bind>
</comp>

<comp id="10" class="1000" name="height_val4_c3">
<pin_list>
<pin id="11" dir="1" index="0" bw="1" slack="0"/>
</pin_list>
<bind>
<StgValue><ssdm name="height_val4_c3"/></StgValue>
</bind>
</comp>

<comp id="12" class="1000" name="width_val8_c4">
<pin_list>
<pin id="13" dir="1" index="0" bw="1" slack="0"/>
</pin_list>
<bind>
<StgValue><ssdm name="width_val8_c4"/></StgValue>
</bind>
</comp>

<comp id="14" class="1000" name="bayerPhase_val11_c5">
<pin_list>
<pin id="15" dir="1" index="0" bw="1" slack="0"/>
</pin_list>
<bind>
<StgValue><ssdm name="bayerPhase_val11_c5"/></StgValue>
</bind>
</comp>

<comp id="16" class="1000" name="DIV1_TABLE">
<pin_list>
<pin id="17" dir="1" index="0" bw="1" slack="0"/>
</pin_list>
<bind>
<StgValue><ssdm name="DIV1_TABLE"/><MemPortTyVec>1 1 1 1 </MemPortTyVec>
</StgValue>
</bind>
</comp>

<comp id="18" class="1000" name="DIV2_TABLE">
<pin_list>
<pin id="19" dir="1" index="0" bw="1" slack="0"/>
</pin_list>
<bind>
<StgValue><ssdm name="DIV2_TABLE"/><MemPortTyVec>1 </MemPortTyVec>
</StgValue>
</bind>
</comp>

<comp id="20" class="1001" name="const_20">
<pin_list>
<pin id="21" dir="1" index="0" bw="1" slack="0"/>
</pin_list>
<bind>
<StgValue><ssdm name=""/></StgValue>
</bind>
</comp>

<comp id="22" class="1001" name="const_22">
<pin_list>
<pin id="23" dir="1" index="0" bw="1" slack="0"/>
</pin_list>
<bind>
<StgValue><ssdm name="_ssdm_op_Read.ap_auto.i16"/></StgValue>
</bind>
</comp>

<comp id="24" class="1001" name="const_24">
<pin_list>
<pin id="25" dir="1" index="0" bw="1" slack="2147483647"/>
</pin_list>
<bind>
<StgValue><ssdm name="_ssdm_op_SpecInterface"/></StgValue>
</bind>
</comp>

<comp id="26" class="1001" name="const_26">
<pin_list>
<pin id="27" dir="1" index="0" bw="1" slack="2147483647"/>
</pin_list>
<bind>
<StgValue><ssdm name="ap_fifo_str"/></StgValue>
</bind>
</comp>

<comp id="28" class="1001" name="const_28">
<pin_list>
<pin id="29" dir="1" index="0" bw="1" slack="2147483647"/>
</pin_list>
<bind>
<StgValue><ssdm name=""/></StgValue>
</bind>
</comp>

<comp id="30" class="1001" name="const_30">
<pin_list>
<pin id="31" dir="1" index="0" bw="1" slack="2147483647"/>
</pin_list>
<bind>
<StgValue><ssdm name="p_str"/></StgValue>
</bind>
</comp>

<comp id="32" class="1001" name="const_32">
<pin_list>
<pin id="33" dir="1" index="0" bw="1" slack="2147483647"/>
</pin_list>
<bind>
<StgValue><ssdm name=""/></StgValue>
</bind>
</comp>

<comp id="34" class="1001" name="const_34">
<pin_list>
<pin id="35" dir="1" index="0" bw="1" slack="2147483647"/>
</pin_list>
<bind>
<StgValue><ssdm name=""/></StgValue>
</bind>
</comp>

<comp id="36" class="1001" name="const_36">
<pin_list>
<pin id="37" dir="1" index="0" bw="1" slack="2147483647"/>
</pin_list>
<bind>
<StgValue><ssdm name="ScalarProp_str"/></StgValue>
</bind>
</comp>

<comp id="38" class="1001" name="const_38">
<pin_list>
<pin id="39" dir="1" index="0" bw="1" slack="2147483647"/>
</pin_list>
<bind>
<StgValue><ssdm name=""/></StgValue>
</bind>
</comp>

<comp id="40" class="1001" name="const_40">
<pin_list>
<pin id="41" dir="1" index="0" bw="1" slack="0"/>
</pin_list>
<bind>
<StgValue><ssdm name="_ssdm_op_Read.ap_fifo.i16P0A"/></StgValue>
</bind>
</comp>

<comp id="42" class="1001" name="const_42">
<pin_list>
<pin id="43" dir="1" index="0" bw="1" slack="0"/>
</pin_list>
<bind>
<StgValue><ssdm name="_ssdm_op_Write.ap_fifo.i16P0A"/></StgValue>
</bind>
</comp>

<comp id="44" class="1001" name="const_44">
<pin_list>
<pin id="45" dir="1" index="0" bw="1" slack="0"/>
</pin_list>
<bind>
<StgValue><ssdm name="_ssdm_op_Write.ap_fifo.i11P0A"/></StgValue>
</bind>
</comp>

<comp id="46" class="1001" name="const_46">
<pin_list>
<pin id="47" dir="1" index="0" bw="1" slack="2147483647"/>
</pin_list>
<bind>
<StgValue><ssdm name="empty_20"/></StgValue>
</bind>
</comp>

<comp id="48" class="1001" name="const_48">
<pin_list>
<pin id="49" dir="1" index="0" bw="1" slack="2147483647"/>
</pin_list>
<bind>
<StgValue><ssdm name="empty_14"/></StgValue>
</bind>
</comp>

<comp id="50" class="1001" name="const_50">
<pin_list>
<pin id="51" dir="1" index="0" bw="1" slack="0"/>
</pin_list>
<bind>
<StgValue><ssdm name=""/></StgValue>
</bind>
</comp>

<comp id="52" class="1001" name="const_52">
<pin_list>
<pin id="53" dir="1" index="0" bw="1" slack="0"/>
</pin_list>
<bind>
<StgValue><ssdm name="_ssdm_op_PartSelect.i15.i16.i32.i32"/></StgValue>
</bind>
</comp>

<comp id="54" class="1001" name="const_54">
<pin_list>
<pin id="55" dir="1" index="0" bw="1" slack="0"/>
</pin_list>
<bind>
<StgValue><ssdm name=""/></StgValue>
</bind>
</comp>

<comp id="56" class="1001" name="const_56">
<pin_list>
<pin id="57" dir="1" index="0" bw="1" slack="0"/>
</pin_list>
<bind>
<StgValue><ssdm name=""/></StgValue>
</bind>
</comp>

<comp id="58" class="1001" name="const_58">
<pin_list>
<pin id="59" dir="1" index="0" bw="1" slack="0"/>
</pin_list>
<bind>
<StgValue><ssdm name=""/></StgValue>
</bind>
</comp>

<comp id="60" class="1001" name="const_60">
<pin_list>
<pin id="61" dir="1" index="0" bw="1" slack="0"/>
</pin_list>
<bind>
<StgValue><ssdm name=""/></StgValue>
</bind>
</comp>

<comp id="62" class="1001" name="const_62">
<pin_list>
<pin id="63" dir="1" index="0" bw="1" slack="0"/>
</pin_list>
<bind>
<StgValue><ssdm name="DebayerG_Pipeline_VITIS_LOOP_318_4"/></StgValue>
</bind>
</comp>

<comp id="64" class="1001" name="const_64">
<pin_list>
<pin id="65" dir="1" index="0" bw="1" slack="2147483647"/>
</pin_list>
<bind>
<StgValue><ssdm name="_ssdm_op_SpecLoopTripCount"/></StgValue>
</bind>
</comp>

<comp id="66" class="1001" name="const_66">
<pin_list>
<pin id="67" dir="1" index="0" bw="1" slack="2147483647"/>
</pin_list>
<bind>
<StgValue><ssdm name=""/></StgValue>
</bind>
</comp>

<comp id="68" class="1001" name="const_68">
<pin_list>
<pin id="69" dir="1" index="0" bw="1" slack="2147483647"/>
</pin_list>
<bind>
<StgValue><ssdm name=""/></StgValue>
</bind>
</comp>

<comp id="70" class="1001" name="const_70">
<pin_list>
<pin id="71" dir="1" index="0" bw="1" slack="2147483647"/>
</pin_list>
<bind>
<StgValue><ssdm name=""/></StgValue>
</bind>
</comp>

<comp id="72" class="1001" name="const_72">
<pin_list>
<pin id="73" dir="1" index="0" bw="1" slack="2147483647"/>
</pin_list>
<bind>
<StgValue><ssdm name="_ssdm_op_SpecLoopName"/></StgValue>
</bind>
</comp>

<comp id="74" class="1001" name="const_74">
<pin_list>
<pin id="75" dir="1" index="0" bw="1" slack="2147483647"/>
</pin_list>
<bind>
<StgValue><ssdm name="empty_5"/></StgValue>
</bind>
</comp>

<comp id="76" class="1004" name="y_fu_76">
<pin_list>
<pin id="77" dir="0" index="0" bw="1" slack="0"/>
<pin id="78" dir="1" index="1" bw="17" slack="0"/>
</pin_list>
<bind>
<opcode="alloca(26) " fcode="alloca"/>
<opset="y/1 "/>
</bind>
</comp>

<comp id="80" class="1004" name="p_lcssa50495082_fu_80">
<pin_list>
<pin id="81" dir="0" index="0" bw="1" slack="0"/>
<pin id="82" dir="1" index="1" bw="10" slack="1"/>
</pin_list>
<bind>
<opcode="alloca(26) " fcode="alloca"/>
<opset="p_lcssa50495082/1 "/>
</bind>
</comp>

<comp id="84" class="1004" name="p_lcssa50515084_fu_84">
<pin_list>
<pin id="85" dir="0" index="0" bw="1" slack="0"/>
<pin id="86" dir="1" index="1" bw="10" slack="1"/>
</pin_list>
<bind>
<opcode="alloca(26) " fcode="alloca"/>
<opset="p_lcssa50515084/1 "/>
</bind>
</comp>

<comp id="88" class="1004" name="p_lcssa50525086_fu_88">
<pin_list>
<pin id="89" dir="0" index="0" bw="1" slack="0"/>
<pin id="90" dir="1" index="1" bw="10" slack="1"/>
</pin_list>
<bind>
<opcode="alloca(26) " fcode="alloca"/>
<opset="p_lcssa50525086/1 "/>
</bind>
</comp>

<comp id="92" class="1004" name="p_lcssa50535088_fu_92">
<pin_list>
<pin id="93" dir="0" index="0" bw="1" slack="0"/>
<pin id="94" dir="1" index="1" bw="10" slack="1"/>
</pin_list>
<bind>
<opcode="alloca(26) " fcode="alloca"/>
<opset="p_lcssa50535088/1 "/>
</bind>
</comp>

<comp id="96" class="1004" name="p_lcssa50555090_fu_96">
<pin_list>
<pin id="97" dir="0" index="0" bw="1" slack="0"/>
<pin id="98" dir="1" index="1" bw="10" slack="1"/>
</pin_list>
<bind>
<opcode="alloca(26) " fcode="alloca"/>
<opset="p_lcssa50555090/1 "/>
</bind>
</comp>

<comp id="100" class="1004" name="p_lcssa50565092_fu_100">
<pin_list>
<pin id="101" dir="0" index="0" bw="1" slack="0"/>
<pin id="102" dir="1" index="1" bw="10" slack="1"/>
</pin_list>
<bind>
<opcode="alloca(26) " fcode="alloca"/>
<opset="p_lcssa50565092/1 "/>
</bind>
</comp>

<comp id="104" class="1004" name="p_lcssa50575094_fu_104">
<pin_list>
<pin id="105" dir="0" index="0" bw="1" slack="0"/>
<pin id="106" dir="1" index="1" bw="10" slack="1"/>
</pin_list>
<bind>
<opcode="alloca(26) " fcode="alloca"/>
<opset="p_lcssa50575094/1 "/>
</bind>
</comp>

<comp id="108" class="1004" name="p_lcssa50595096_fu_108">
<pin_list>
<pin id="109" dir="0" index="0" bw="1" slack="0"/>
<pin id="110" dir="1" index="1" bw="10" slack="1"/>
</pin_list>
<bind>
<opcode="alloca(26) " fcode="alloca"/>
<opset="p_lcssa50595096/1 "/>
</bind>
</comp>

<comp id="112" class="1004" name="p_lcssa50605098_fu_112">
<pin_list>
<pin id="113" dir="0" index="0" bw="1" slack="0"/>
<pin id="114" dir="1" index="1" bw="10" slack="1"/>
</pin_list>
<bind>
<opcode="alloca(26) " fcode="alloca"/>
<opset="p_lcssa50605098/1 "/>
</bind>
</comp>

<comp id="116" class="1004" name="p_lcssa50615100_fu_116">
<pin_list>
<pin id="117" dir="0" index="0" bw="1" slack="0"/>
<pin id="118" dir="1" index="1" bw="10" slack="1"/>
</pin_list>
<bind>
<opcode="alloca(26) " fcode="alloca"/>
<opset="p_lcssa50615100/1 "/>
</bind>
</comp>

<comp id="120" class="1004" name="p_lcssa50635102_fu_120">
<pin_list>
<pin id="121" dir="0" index="0" bw="1" slack="0"/>
<pin id="122" dir="1" index="1" bw="10" slack="1"/>
</pin_list>
<bind>
<opcode="alloca(26) " fcode="alloca"/>
<opset="p_lcssa50635102/1 "/>
</bind>
</comp>

<comp id="124" class="1004" name="p_lcssa50645104_fu_124">
<pin_list>
<pin id="125" dir="0" index="0" bw="1" slack="0"/>
<pin id="126" dir="1" index="1" bw="10" slack="1"/>
</pin_list>
<bind>
<opcode="alloca(26) " fcode="alloca"/>
<opset="p_lcssa50645104/1 "/>
</bind>
</comp>

<comp id="128" class="1004" name="p_lcssa50655106_fu_128">
<pin_list>
<pin id="129" dir="0" index="0" bw="1" slack="0"/>
<pin id="130" dir="1" index="1" bw="10" slack="1"/>
</pin_list>
<bind>
<opcode="alloca(26) " fcode="alloca"/>
<opset="p_lcssa50655106/1 "/>
</bind>
</comp>

<comp id="132" class="1004" name="p_lcssa50675108_fu_132">
<pin_list>
<pin id="133" dir="0" index="0" bw="1" slack="0"/>
<pin id="134" dir="1" index="1" bw="10" slack="1"/>
</pin_list>
<bind>
<opcode="alloca(26) " fcode="alloca"/>
<opset="p_lcssa50675108/1 "/>
</bind>
</comp>

<comp id="136" class="1004" name="p_lcssa50685110_fu_136">
<pin_list>
<pin id="137" dir="0" index="0" bw="1" slack="0"/>
<pin id="138" dir="1" index="1" bw="10" slack="1"/>
</pin_list>
<bind>
<opcode="alloca(26) " fcode="alloca"/>
<opset="p_lcssa50685110/1 "/>
</bind>
</comp>

<comp id="140" class="1004" name="p_lcssa52275233_fu_140">
<pin_list>
<pin id="141" dir="0" index="0" bw="1" slack="0"/>
<pin id="142" dir="1" index="1" bw="10" slack="1"/>
</pin_list>
<bind>
<opcode="alloca(26) " fcode="alloca"/>
<opset="p_lcssa52275233/1 "/>
</bind>
</comp>

<comp id="144" class="1004" name="p_lcssa52285235_fu_144">
<pin_list>
<pin id="145" dir="0" index="0" bw="1" slack="0"/>
<pin id="146" dir="1" index="1" bw="10" slack="1"/>
</pin_list>
<bind>
<opcode="alloca(26) " fcode="alloca"/>
<opset="p_lcssa52285235/1 "/>
</bind>
</comp>

<comp id="148" class="1004" name="p_lcssa52295237_fu_148">
<pin_list>
<pin id="149" dir="0" index="0" bw="1" slack="0"/>
<pin id="150" dir="1" index="1" bw="10" slack="1"/>
</pin_list>
<bind>
<opcode="alloca(26) " fcode="alloca"/>
<opset="p_lcssa52295237/1 "/>
</bind>
</comp>

<comp id="152" class="1004" name="p_lcssa52305239_fu_152">
<pin_list>
<pin id="153" dir="0" index="0" bw="1" slack="0"/>
<pin id="154" dir="1" index="1" bw="10" slack="1"/>
</pin_list>
<bind>
<opcode="alloca(26) " fcode="alloca"/>
<opset="p_lcssa52305239/1 "/>
</bind>
</comp>

<comp id="156" class="1004" name="p_lcssa52315241_fu_156">
<pin_list>
<pin id="157" dir="0" index="0" bw="1" slack="0"/>
<pin id="158" dir="1" index="1" bw="10" slack="1"/>
</pin_list>
<bind>
<opcode="alloca(26) " fcode="alloca"/>
<opset="p_lcssa52315241/1 "/>
</bind>
</comp>

<comp id="160" class="1004" name="width_val_read_read_fu_160">
<pin_list>
<pin id="161" dir="0" index="0" bw="16" slack="0"/>
<pin id="162" dir="0" index="1" bw="16" slack="0"/>
<pin id="163" dir="1" index="2" bw="16" slack="0"/>
</pin_list>
<bind>
<opcode="read(1150) " fcode="read"/>
<opset="width_val_read/1 "/>
</bind>
</comp>

<comp id="166" class="1004" name="height_val_read_read_fu_166">
<pin_list>
<pin id="167" dir="0" index="0" bw="16" slack="0"/>
<pin id="168" dir="0" index="1" bw="16" slack="0"/>
<pin id="169" dir="1" index="2" bw="16" slack="0"/>
</pin_list>
<bind>
<opcode="read(1150) " fcode="read"/>
<opset="height_val_read/1 "/>
</bind>
</comp>

<comp id="172" class="1004" name="bayerPhase_val_read_read_fu_172">
<pin_list>
<pin id="173" dir="0" index="0" bw="16" slack="0"/>
<pin id="174" dir="0" index="1" bw="16" slack="0"/>
<pin id="175" dir="1" index="2" bw="16" slack="0"/>
</pin_list>
<bind>
<opcode="read(1150) " fcode="read"/>
<opset="bayerPhase_val_read/1 "/>
</bind>
</comp>

<comp id="178" class="1004" name="write_ln0_write_fu_178">
<pin_list>
<pin id="179" dir="0" index="0" bw="0" slack="0"/>
<pin id="180" dir="0" index="1" bw="16" slack="0"/>
<pin id="181" dir="0" index="2" bw="16" slack="0"/>
<pin id="182" dir="1" index="3" bw="0" slack="2147483647"/>
</pin_list>
<bind>
<opcode="write(1151) " fcode="write"/>
<opset="write_ln0/1 "/>
</bind>
</comp>

<comp id="186" class="1004" name="write_ln0_write_fu_186">
<pin_list>
<pin id="187" dir="0" index="0" bw="0" slack="0"/>
<pin id="188" dir="0" index="1" bw="11" slack="0"/>
<pin id="189" dir="0" index="2" bw="11" slack="0"/>
<pin id="190" dir="1" index="3" bw="0" slack="2147483647"/>
</pin_list>
<bind>
<opcode="write(1151) " fcode="write"/>
<opset="write_ln0/1 "/>
</bind>
</comp>

<comp id="193" class="1004" name="write_ln0_write_fu_193">
<pin_list>
<pin id="194" dir="0" index="0" bw="0" slack="0"/>
<pin id="195" dir="0" index="1" bw="11" slack="0"/>
<pin id="196" dir="0" index="2" bw="11" slack="0"/>
<pin id="197" dir="1" index="3" bw="0" slack="2147483647"/>
</pin_list>
<bind>
<opcode="write(1151) " fcode="write"/>
<opset="write_ln0/1 "/>
</bind>
</comp>

<comp id="200" class="1004" name="grp_DebayerG_Pipeline_VITIS_LOOP_318_4_fu_200">
<pin_list>
<pin id="201" dir="0" index="0" bw="0" slack="0"/>
<pin id="202" dir="0" index="1" bw="10" slack="2"/>
<pin id="203" dir="0" index="2" bw="10" slack="2"/>
<pin id="204" dir="0" index="3" bw="10" slack="2"/>
<pin id="205" dir="0" index="4" bw="10" slack="2"/>
<pin id="206" dir="0" index="5" bw="10" slack="2"/>
<pin id="207" dir="0" index="6" bw="10" slack="2"/>
<pin id="208" dir="0" index="7" bw="10" slack="2"/>
<pin id="209" dir="0" index="8" bw="10" slack="2"/>
<pin id="210" dir="0" index="9" bw="10" slack="2"/>
<pin id="211" dir="0" index="10" bw="10" slack="2"/>
<pin id="212" dir="0" index="11" bw="10" slack="2"/>
<pin id="213" dir="0" index="12" bw="10" slack="2"/>
<pin id="214" dir="0" index="13" bw="10" slack="2"/>
<pin id="215" dir="0" index="14" bw="10" slack="2"/>
<pin id="216" dir="0" index="15" bw="10" slack="2"/>
<pin id="217" dir="0" index="16" bw="10" slack="2"/>
<pin id="218" dir="0" index="17" bw="10" slack="2"/>
<pin id="219" dir="0" index="18" bw="10" slack="2"/>
<pin id="220" dir="0" index="19" bw="10" slack="2"/>
<pin id="221" dir="0" index="20" bw="10" slack="2"/>
<pin id="222" dir="0" index="21" bw="16" slack="2"/>
<pin id="223" dir="0" index="22" bw="17" slack="1"/>
<pin id="224" dir="0" index="23" bw="16" slack="2"/>
<pin id="225" dir="0" index="24" bw="1" slack="0"/>
<pin id="226" dir="0" index="25" bw="15" slack="2"/>
<pin id="227" dir="0" index="26" bw="17" slack="2"/>
<pin id="228" dir="0" index="27" bw="30" slack="0"/>
<pin id="229" dir="0" index="28" bw="1" slack="2"/>
<pin id="230" dir="0" index="29" bw="15" slack="0"/>
<pin id="231" dir="0" index="30" bw="17" slack="0"/>
<pin id="232" dir="0" index="31" bw="10" slack="0"/>
<pin id="233" dir="0" index="32" bw="10" slack="2"/>
<pin id="234" dir="0" index="33" bw="10" slack="2"/>
<pin id="235" dir="0" index="34" bw="10" slack="2"/>
<pin id="236" dir="0" index="35" bw="10" slack="2"/>
<pin id="237" dir="0" index="36" bw="10" slack="2"/>
<pin id="238" dir="0" index="37" bw="10" slack="2"/>
<pin id="239" dir="0" index="38" bw="10" slack="2"/>
<pin id="240" dir="0" index="39" bw="10" slack="2"/>
<pin id="241" dir="0" index="40" bw="10" slack="2"/>
<pin id="242" dir="0" index="41" bw="10" slack="2"/>
<pin id="243" dir="0" index="42" bw="10" slack="2"/>
<pin id="244" dir="0" index="43" bw="10" slack="2"/>
<pin id="245" dir="0" index="44" bw="10" slack="2"/>
<pin id="246" dir="0" index="45" bw="10" slack="2"/>
<pin id="247" dir="0" index="46" bw="10" slack="2"/>
<pin id="248" dir="0" index="47" bw="10" slack="2"/>
<pin id="249" dir="0" index="48" bw="10" slack="2"/>
<pin id="250" dir="0" index="49" bw="10" slack="2"/>
<pin id="251" dir="0" index="50" bw="10" slack="2"/>
<pin id="252" dir="0" index="51" bw="10" slack="2"/>
<pin id="253" dir="0" index="52" bw="10" slack="0"/>
<pin id="254" dir="0" index="53" bw="18" slack="0"/>
<pin id="255" dir="1" index="54" bw="0" slack="2147483647"/>
</pin_list>
<bind>
<opcode="call(48) " fcode="call"/>
<opset="call_ln325/3 "/>
</bind>
</comp>

<comp id="261" class="1004" name="empty_fu_261">
<pin_list>
<pin id="262" dir="0" index="0" bw="16" slack="0"/>
<pin id="263" dir="1" index="1" bw="11" slack="0"/>
</pin_list>
<bind>
<opcode="trunc(33) " fcode="trunc"/>
<opset="empty/1 "/>
</bind>
</comp>

<comp id="266" class="1004" name="empty_172_fu_266">
<pin_list>
<pin id="267" dir="0" index="0" bw="16" slack="0"/>
<pin id="268" dir="1" index="1" bw="11" slack="0"/>
</pin_list>
<bind>
<opcode="trunc(33) " fcode="trunc"/>
<opset="empty_172/1 "/>
</bind>
</comp>

<comp id="271" class="1004" name="x_phase_fu_271">
<pin_list>
<pin id="272" dir="0" index="0" bw="16" slack="0"/>
<pin id="273" dir="1" index="1" bw="1" slack="2"/>
</pin_list>
<bind>
<opcode="trunc(33) " fcode="trunc"/>
<opset="x_phase/1 "/>
</bind>
</comp>

<comp id="275" class="1004" name="zext_ln274_fu_275">
<pin_list>
<pin id="276" dir="0" index="0" bw="16" slack="0"/>
<pin id="277" dir="1" index="1" bw="17" slack="0"/>
</pin_list>
<bind>
<opcode="zext(34) " fcode="zext"/>
<opset="zext_ln274/1 "/>
</bind>
</comp>

<comp id="279" class="1004" name="loopHeight_fu_279">
<pin_list>
<pin id="280" dir="0" index="0" bw="16" slack="0"/>
<pin id="281" dir="0" index="1" bw="3" slack="0"/>
<pin id="282" dir="1" index="2" bw="17" slack="1"/>
</pin_list>
<bind>
<opcode="add(8) " fcode="add"/>
<opset="loopHeight/1 "/>
</bind>
</comp>

<comp id="285" class="1004" name="zext_ln275_fu_285">
<pin_list>
<pin id="286" dir="0" index="0" bw="16" slack="0"/>
<pin id="287" dir="1" index="1" bw="17" slack="0"/>
</pin_list>
<bind>
<opcode="zext(34) " fcode="zext"/>
<opset="zext_ln275/1 "/>
</bind>
</comp>

<comp id="289" class="1004" name="loopWidth_fu_289">
<pin_list>
<pin id="290" dir="0" index="0" bw="16" slack="0"/>
<pin id="291" dir="0" index="1" bw="3" slack="0"/>
<pin id="292" dir="1" index="2" bw="17" slack="2"/>
</pin_list>
<bind>
<opcode="add(8) " fcode="add"/>
<opset="loopWidth/1 "/>
</bind>
</comp>

<comp id="295" class="1004" name="trunc_ln_fu_295">
<pin_list>
<pin id="296" dir="0" index="0" bw="15" slack="0"/>
<pin id="297" dir="0" index="1" bw="16" slack="0"/>
<pin id="298" dir="0" index="2" bw="1" slack="0"/>
<pin id="299" dir="0" index="3" bw="5" slack="0"/>
<pin id="300" dir="1" index="4" bw="15" slack="2"/>
</pin_list>
<bind>
<opcode="partselect(1002) " fcode="partselect"/>
<opset="trunc_ln/1 "/>
</bind>
</comp>

<comp id="305" class="1004" name="store_ln271_store_fu_305">
<pin_list>
<pin id="306" dir="0" index="0" bw="1" slack="0"/>
<pin id="307" dir="0" index="1" bw="17" slack="0"/>
<pin id="308" dir="1" index="2" bw="0" slack="2147483647"/>
</pin_list>
<bind>
<opcode="store(28) " fcode="store"/>
<opset="store_ln271/1 "/>
</bind>
</comp>

<comp id="310" class="1004" name="y_7_load_fu_310">
<pin_list>
<pin id="311" dir="0" index="0" bw="17" slack="1"/>
<pin id="312" dir="1" index="1" bw="17" slack="0"/>
</pin_list>
<bind>
<opcode="load(27) " fcode="load"/>
<opset="y_7/2 "/>
</bind>
</comp>

<comp id="313" class="1004" name="icmp_ln315_fu_313">
<pin_list>
<pin id="314" dir="0" index="0" bw="17" slack="0"/>
<pin id="315" dir="0" index="1" bw="17" slack="1"/>
<pin id="316" dir="1" index="2" bw="1" slack="2147483647"/>
</pin_list>
<bind>
<opcode="icmp(45) " fcode="icmp"/>
<opset="icmp_ln315/2 "/>
</bind>
</comp>

<comp id="318" class="1004" name="y_8_fu_318">
<pin_list>
<pin id="319" dir="0" index="0" bw="17" slack="0"/>
<pin id="320" dir="0" index="1" bw="1" slack="0"/>
<pin id="321" dir="1" index="2" bw="17" slack="0"/>
</pin_list>
<bind>
<opcode="add(8) " fcode="add"/>
<opset="y_8/2 "/>
</bind>
</comp>

<comp id="324" class="1004" name="p_lcssa50495082_load_load_fu_324">
<pin_list>
<pin id="325" dir="0" index="0" bw="10" slack="1"/>
<pin id="326" dir="1" index="1" bw="10" slack="2"/>
</pin_list>
<bind>
<opcode="load(27) " fcode="load"/>
<opset="p_lcssa50495082_load/2 "/>
</bind>
</comp>

<comp id="327" class="1004" name="p_lcssa50515084_load_load_fu_327">
<pin_list>
<pin id="328" dir="0" index="0" bw="10" slack="1"/>
<pin id="329" dir="1" index="1" bw="10" slack="2"/>
</pin_list>
<bind>
<opcode="load(27) " fcode="load"/>
<opset="p_lcssa50515084_load/2 "/>
</bind>
</comp>

<comp id="330" class="1004" name="p_lcssa50525086_load_load_fu_330">
<pin_list>
<pin id="331" dir="0" index="0" bw="10" slack="1"/>
<pin id="332" dir="1" index="1" bw="10" slack="2"/>
</pin_list>
<bind>
<opcode="load(27) " fcode="load"/>
<opset="p_lcssa50525086_load/2 "/>
</bind>
</comp>

<comp id="333" class="1004" name="p_lcssa50535088_load_load_fu_333">
<pin_list>
<pin id="334" dir="0" index="0" bw="10" slack="1"/>
<pin id="335" dir="1" index="1" bw="10" slack="2"/>
</pin_list>
<bind>
<opcode="load(27) " fcode="load"/>
<opset="p_lcssa50535088_load/2 "/>
</bind>
</comp>

<comp id="336" class="1004" name="p_lcssa50555090_load_load_fu_336">
<pin_list>
<pin id="337" dir="0" index="0" bw="10" slack="1"/>
<pin id="338" dir="1" index="1" bw="10" slack="2"/>
</pin_list>
<bind>
<opcode="load(27) " fcode="load"/>
<opset="p_lcssa50555090_load/2 "/>
</bind>
</comp>

<comp id="339" class="1004" name="p_lcssa50565092_load_load_fu_339">
<pin_list>
<pin id="340" dir="0" index="0" bw="10" slack="1"/>
<pin id="341" dir="1" index="1" bw="10" slack="2"/>
</pin_list>
<bind>
<opcode="load(27) " fcode="load"/>
<opset="p_lcssa50565092_load/2 "/>
</bind>
</comp>

<comp id="342" class="1004" name="p_lcssa50575094_load_load_fu_342">
<pin_list>
<pin id="343" dir="0" index="0" bw="10" slack="1"/>
<pin id="344" dir="1" index="1" bw="10" slack="2"/>
</pin_list>
<bind>
<opcode="load(27) " fcode="load"/>
<opset="p_lcssa50575094_load/2 "/>
</bind>
</comp>

<comp id="345" class="1004" name="p_lcssa50595096_load_load_fu_345">
<pin_list>
<pin id="346" dir="0" index="0" bw="10" slack="1"/>
<pin id="347" dir="1" index="1" bw="10" slack="2"/>
</pin_list>
<bind>
<opcode="load(27) " fcode="load"/>
<opset="p_lcssa50595096_load/2 "/>
</bind>
</comp>

<comp id="348" class="1004" name="p_lcssa50605098_load_load_fu_348">
<pin_list>
<pin id="349" dir="0" index="0" bw="10" slack="1"/>
<pin id="350" dir="1" index="1" bw="10" slack="2"/>
</pin_list>
<bind>
<opcode="load(27) " fcode="load"/>
<opset="p_lcssa50605098_load/2 "/>
</bind>
</comp>

<comp id="351" class="1004" name="p_lcssa50615100_load_load_fu_351">
<pin_list>
<pin id="352" dir="0" index="0" bw="10" slack="1"/>
<pin id="353" dir="1" index="1" bw="10" slack="2"/>
</pin_list>
<bind>
<opcode="load(27) " fcode="load"/>
<opset="p_lcssa50615100_load/2 "/>
</bind>
</comp>

<comp id="354" class="1004" name="p_lcssa50635102_load_load_fu_354">
<pin_list>
<pin id="355" dir="0" index="0" bw="10" slack="1"/>
<pin id="356" dir="1" index="1" bw="10" slack="2"/>
</pin_list>
<bind>
<opcode="load(27) " fcode="load"/>
<opset="p_lcssa50635102_load/2 "/>
</bind>
</comp>

<comp id="357" class="1004" name="p_lcssa50645104_load_load_fu_357">
<pin_list>
<pin id="358" dir="0" index="0" bw="10" slack="1"/>
<pin id="359" dir="1" index="1" bw="10" slack="2"/>
</pin_list>
<bind>
<opcode="load(27) " fcode="load"/>
<opset="p_lcssa50645104_load/2 "/>
</bind>
</comp>

<comp id="360" class="1004" name="p_lcssa50655106_load_load_fu_360">
<pin_list>
<pin id="361" dir="0" index="0" bw="10" slack="1"/>
<pin id="362" dir="1" index="1" bw="10" slack="2"/>
</pin_list>
<bind>
<opcode="load(27) " fcode="load"/>
<opset="p_lcssa50655106_load/2 "/>
</bind>
</comp>

<comp id="363" class="1004" name="p_lcssa50675108_load_load_fu_363">
<pin_list>
<pin id="364" dir="0" index="0" bw="10" slack="1"/>
<pin id="365" dir="1" index="1" bw="10" slack="2"/>
</pin_list>
<bind>
<opcode="load(27) " fcode="load"/>
<opset="p_lcssa50675108_load/2 "/>
</bind>
</comp>

<comp id="366" class="1004" name="p_lcssa50685110_load_load_fu_366">
<pin_list>
<pin id="367" dir="0" index="0" bw="10" slack="1"/>
<pin id="368" dir="1" index="1" bw="10" slack="2"/>
</pin_list>
<bind>
<opcode="load(27) " fcode="load"/>
<opset="p_lcssa50685110_load/2 "/>
</bind>
</comp>

<comp id="369" class="1004" name="p_lcssa52275233_load_load_fu_369">
<pin_list>
<pin id="370" dir="0" index="0" bw="10" slack="1"/>
<pin id="371" dir="1" index="1" bw="10" slack="2"/>
</pin_list>
<bind>
<opcode="load(27) " fcode="load"/>
<opset="p_lcssa52275233_load/2 "/>
</bind>
</comp>

<comp id="372" class="1004" name="p_lcssa52285235_load_load_fu_372">
<pin_list>
<pin id="373" dir="0" index="0" bw="10" slack="1"/>
<pin id="374" dir="1" index="1" bw="10" slack="2"/>
</pin_list>
<bind>
<opcode="load(27) " fcode="load"/>
<opset="p_lcssa52285235_load/2 "/>
</bind>
</comp>

<comp id="375" class="1004" name="p_lcssa52295237_load_load_fu_375">
<pin_list>
<pin id="376" dir="0" index="0" bw="10" slack="1"/>
<pin id="377" dir="1" index="1" bw="10" slack="2"/>
</pin_list>
<bind>
<opcode="load(27) " fcode="load"/>
<opset="p_lcssa52295237_load/2 "/>
</bind>
</comp>

<comp id="378" class="1004" name="p_lcssa52305239_load_load_fu_378">
<pin_list>
<pin id="379" dir="0" index="0" bw="10" slack="1"/>
<pin id="380" dir="1" index="1" bw="10" slack="2"/>
</pin_list>
<bind>
<opcode="load(27) " fcode="load"/>
<opset="p_lcssa52305239_load/2 "/>
</bind>
</comp>

<comp id="381" class="1004" name="p_lcssa52315241_load_load_fu_381">
<pin_list>
<pin id="382" dir="0" index="0" bw="10" slack="1"/>
<pin id="383" dir="1" index="1" bw="10" slack="2"/>
</pin_list>
<bind>
<opcode="load(27) " fcode="load"/>
<opset="p_lcssa52315241_load/2 "/>
</bind>
</comp>

<comp id="384" class="1004" name="store_ln271_store_fu_384">
<pin_list>
<pin id="385" dir="0" index="0" bw="17" slack="0"/>
<pin id="386" dir="0" index="1" bw="17" slack="1"/>
<pin id="387" dir="1" index="2" bw="0" slack="2147483647"/>
</pin_list>
<bind>
<opcode="store(28) " fcode="store"/>
<opset="store_ln271/2 "/>
</bind>
</comp>

<comp id="389" class="1004" name="add_ln325_fu_389">
<pin_list>
<pin id="390" dir="0" index="0" bw="17" slack="1"/>
<pin id="391" dir="0" index="1" bw="2" slack="0"/>
<pin id="392" dir="1" index="2" bw="17" slack="0"/>
</pin_list>
<bind>
<opcode="add(8) " fcode="add"/>
<opset="add_ln325/3 "/>
</bind>
</comp>

<comp id="395" class="1004" name="trunc_ln439_fu_395">
<pin_list>
<pin id="396" dir="0" index="0" bw="17" slack="0"/>
<pin id="397" dir="1" index="1" bw="1" slack="0"/>
</pin_list>
<bind>
<opcode="trunc(33) " fcode="trunc"/>
<opset="trunc_ln439/3 "/>
</bind>
</comp>

<comp id="400" class="1004" name="zext_ln439_fu_400">
<pin_list>
<pin id="401" dir="0" index="0" bw="1" slack="0"/>
<pin id="402" dir="1" index="1" bw="15" slack="0"/>
</pin_list>
<bind>
<opcode="zext(34) " fcode="zext"/>
<opset="zext_ln439/3 "/>
</bind>
</comp>

<comp id="404" class="1004" name="xor_ln439_fu_404">
<pin_list>
<pin id="405" dir="0" index="0" bw="15" slack="2"/>
<pin id="406" dir="0" index="1" bw="15" slack="0"/>
<pin id="407" dir="1" index="2" bw="15" slack="0"/>
</pin_list>
<bind>
<opcode="xor(25) " fcode="xor"/>
<opset="xor_ln439/3 "/>
</bind>
</comp>

<comp id="410" class="1005" name="y_reg_410">
<pin_list>
<pin id="411" dir="0" index="0" bw="17" slack="0"/>
<pin id="412" dir="1" index="1" bw="17" slack="0"/>
</pin_list>
<bind>
<opset="y "/>
</bind>
</comp>

<comp id="417" class="1005" name="p_lcssa50495082_reg_417">
<pin_list>
<pin id="418" dir="0" index="0" bw="10" slack="1"/>
<pin id="419" dir="1" index="1" bw="10" slack="1"/>
</pin_list>
<bind>
<opset="p_lcssa50495082 "/>
</bind>
</comp>

<comp id="423" class="1005" name="p_lcssa50515084_reg_423">
<pin_list>
<pin id="424" dir="0" index="0" bw="10" slack="1"/>
<pin id="425" dir="1" index="1" bw="10" slack="1"/>
</pin_list>
<bind>
<opset="p_lcssa50515084 "/>
</bind>
</comp>

<comp id="429" class="1005" name="p_lcssa50525086_reg_429">
<pin_list>
<pin id="430" dir="0" index="0" bw="10" slack="1"/>
<pin id="431" dir="1" index="1" bw="10" slack="1"/>
</pin_list>
<bind>
<opset="p_lcssa50525086 "/>
</bind>
</comp>

<comp id="435" class="1005" name="p_lcssa50535088_reg_435">
<pin_list>
<pin id="436" dir="0" index="0" bw="10" slack="1"/>
<pin id="437" dir="1" index="1" bw="10" slack="1"/>
</pin_list>
<bind>
<opset="p_lcssa50535088 "/>
</bind>
</comp>

<comp id="441" class="1005" name="p_lcssa50555090_reg_441">
<pin_list>
<pin id="442" dir="0" index="0" bw="10" slack="1"/>
<pin id="443" dir="1" index="1" bw="10" slack="1"/>
</pin_list>
<bind>
<opset="p_lcssa50555090 "/>
</bind>
</comp>

<comp id="447" class="1005" name="p_lcssa50565092_reg_447">
<pin_list>
<pin id="448" dir="0" index="0" bw="10" slack="1"/>
<pin id="449" dir="1" index="1" bw="10" slack="1"/>
</pin_list>
<bind>
<opset="p_lcssa50565092 "/>
</bind>
</comp>

<comp id="453" class="1005" name="p_lcssa50575094_reg_453">
<pin_list>
<pin id="454" dir="0" index="0" bw="10" slack="1"/>
<pin id="455" dir="1" index="1" bw="10" slack="1"/>
</pin_list>
<bind>
<opset="p_lcssa50575094 "/>
</bind>
</comp>

<comp id="459" class="1005" name="p_lcssa50595096_reg_459">
<pin_list>
<pin id="460" dir="0" index="0" bw="10" slack="1"/>
<pin id="461" dir="1" index="1" bw="10" slack="1"/>
</pin_list>
<bind>
<opset="p_lcssa50595096 "/>
</bind>
</comp>

<comp id="465" class="1005" name="p_lcssa50605098_reg_465">
<pin_list>
<pin id="466" dir="0" index="0" bw="10" slack="1"/>
<pin id="467" dir="1" index="1" bw="10" slack="1"/>
</pin_list>
<bind>
<opset="p_lcssa50605098 "/>
</bind>
</comp>

<comp id="471" class="1005" name="p_lcssa50615100_reg_471">
<pin_list>
<pin id="472" dir="0" index="0" bw="10" slack="1"/>
<pin id="473" dir="1" index="1" bw="10" slack="1"/>
</pin_list>
<bind>
<opset="p_lcssa50615100 "/>
</bind>
</comp>

<comp id="477" class="1005" name="p_lcssa50635102_reg_477">
<pin_list>
<pin id="478" dir="0" index="0" bw="10" slack="1"/>
<pin id="479" dir="1" index="1" bw="10" slack="1"/>
</pin_list>
<bind>
<opset="p_lcssa50635102 "/>
</bind>
</comp>

<comp id="483" class="1005" name="p_lcssa50645104_reg_483">
<pin_list>
<pin id="484" dir="0" index="0" bw="10" slack="1"/>
<pin id="485" dir="1" index="1" bw="10" slack="1"/>
</pin_list>
<bind>
<opset="p_lcssa50645104 "/>
</bind>
</comp>

<comp id="489" class="1005" name="p_lcssa50655106_reg_489">
<pin_list>
<pin id="490" dir="0" index="0" bw="10" slack="1"/>
<pin id="491" dir="1" index="1" bw="10" slack="1"/>
</pin_list>
<bind>
<opset="p_lcssa50655106 "/>
</bind>
</comp>

<comp id="495" class="1005" name="p_lcssa50675108_reg_495">
<pin_list>
<pin id="496" dir="0" index="0" bw="10" slack="1"/>
<pin id="497" dir="1" index="1" bw="10" slack="1"/>
</pin_list>
<bind>
<opset="p_lcssa50675108 "/>
</bind>
</comp>

<comp id="501" class="1005" name="p_lcssa50685110_reg_501">
<pin_list>
<pin id="502" dir="0" index="0" bw="10" slack="1"/>
<pin id="503" dir="1" index="1" bw="10" slack="1"/>
</pin_list>
<bind>
<opset="p_lcssa50685110 "/>
</bind>
</comp>

<comp id="507" class="1005" name="p_lcssa52275233_reg_507">
<pin_list>
<pin id="508" dir="0" index="0" bw="10" slack="1"/>
<pin id="509" dir="1" index="1" bw="10" slack="1"/>
</pin_list>
<bind>
<opset="p_lcssa52275233 "/>
</bind>
</comp>

<comp id="513" class="1005" name="p_lcssa52285235_reg_513">
<pin_list>
<pin id="514" dir="0" index="0" bw="10" slack="1"/>
<pin id="515" dir="1" index="1" bw="10" slack="1"/>
</pin_list>
<bind>
<opset="p_lcssa52285235 "/>
</bind>
</comp>

<comp id="519" class="1005" name="p_lcssa52295237_reg_519">
<pin_list>
<pin id="520" dir="0" index="0" bw="10" slack="1"/>
<pin id="521" dir="1" index="1" bw="10" slack="1"/>
</pin_list>
<bind>
<opset="p_lcssa52295237 "/>
</bind>
</comp>

<comp id="525" class="1005" name="p_lcssa52305239_reg_525">
<pin_list>
<pin id="526" dir="0" index="0" bw="10" slack="1"/>
<pin id="527" dir="1" index="1" bw="10" slack="1"/>
</pin_list>
<bind>
<opset="p_lcssa52305239 "/>
</bind>
</comp>

<comp id="531" class="1005" name="p_lcssa52315241_reg_531">
<pin_list>
<pin id="532" dir="0" index="0" bw="10" slack="1"/>
<pin id="533" dir="1" index="1" bw="10" slack="1"/>
</pin_list>
<bind>
<opset="p_lcssa52315241 "/>
</bind>
</comp>

<comp id="537" class="1005" name="width_val_read_reg_537">
<pin_list>
<pin id="538" dir="0" index="0" bw="16" slack="2"/>
<pin id="539" dir="1" index="1" bw="16" slack="2"/>
</pin_list>
<bind>
<opset="width_val_read "/>
</bind>
</comp>

<comp id="542" class="1005" name="height_val_read_reg_542">
<pin_list>
<pin id="543" dir="0" index="0" bw="16" slack="2"/>
<pin id="544" dir="1" index="1" bw="16" slack="2"/>
</pin_list>
<bind>
<opset="height_val_read "/>
</bind>
</comp>

<comp id="547" class="1005" name="x_phase_reg_547">
<pin_list>
<pin id="548" dir="0" index="0" bw="1" slack="2"/>
<pin id="549" dir="1" index="1" bw="1" slack="2"/>
</pin_list>
<bind>
<opset="x_phase "/>
</bind>
</comp>

<comp id="552" class="1005" name="loopHeight_reg_552">
<pin_list>
<pin id="553" dir="0" index="0" bw="17" slack="1"/>
<pin id="554" dir="1" index="1" bw="17" slack="1"/>
</pin_list>
<bind>
<opset="loopHeight "/>
</bind>
</comp>

<comp id="557" class="1005" name="loopWidth_reg_557">
<pin_list>
<pin id="558" dir="0" index="0" bw="17" slack="2"/>
<pin id="559" dir="1" index="1" bw="17" slack="2"/>
</pin_list>
<bind>
<opset="loopWidth "/>
</bind>
</comp>

<comp id="562" class="1005" name="trunc_ln_reg_562">
<pin_list>
<pin id="563" dir="0" index="0" bw="15" slack="2"/>
<pin id="564" dir="1" index="1" bw="15" slack="2"/>
</pin_list>
<bind>
<opset="trunc_ln "/>
</bind>
</comp>

<comp id="568" class="1005" name="y_7_reg_568">
<pin_list>
<pin id="569" dir="0" index="0" bw="17" slack="1"/>
<pin id="570" dir="1" index="1" bw="17" slack="1"/>
</pin_list>
<bind>
<opset="y_7 "/>
</bind>
</comp>

<comp id="577" class="1005" name="p_lcssa50495082_load_reg_577">
<pin_list>
<pin id="578" dir="0" index="0" bw="10" slack="2"/>
<pin id="579" dir="1" index="1" bw="10" slack="2"/>
</pin_list>
<bind>
<opset="p_lcssa50495082_load "/>
</bind>
</comp>

<comp id="582" class="1005" name="p_lcssa50515084_load_reg_582">
<pin_list>
<pin id="583" dir="0" index="0" bw="10" slack="2"/>
<pin id="584" dir="1" index="1" bw="10" slack="2"/>
</pin_list>
<bind>
<opset="p_lcssa50515084_load "/>
</bind>
</comp>

<comp id="587" class="1005" name="p_lcssa50525086_load_reg_587">
<pin_list>
<pin id="588" dir="0" index="0" bw="10" slack="2"/>
<pin id="589" dir="1" index="1" bw="10" slack="2"/>
</pin_list>
<bind>
<opset="p_lcssa50525086_load "/>
</bind>
</comp>

<comp id="592" class="1005" name="p_lcssa50535088_load_reg_592">
<pin_list>
<pin id="593" dir="0" index="0" bw="10" slack="2"/>
<pin id="594" dir="1" index="1" bw="10" slack="2"/>
</pin_list>
<bind>
<opset="p_lcssa50535088_load "/>
</bind>
</comp>

<comp id="597" class="1005" name="p_lcssa50555090_load_reg_597">
<pin_list>
<pin id="598" dir="0" index="0" bw="10" slack="2"/>
<pin id="599" dir="1" index="1" bw="10" slack="2"/>
</pin_list>
<bind>
<opset="p_lcssa50555090_load "/>
</bind>
</comp>

<comp id="602" class="1005" name="p_lcssa50565092_load_reg_602">
<pin_list>
<pin id="603" dir="0" index="0" bw="10" slack="2"/>
<pin id="604" dir="1" index="1" bw="10" slack="2"/>
</pin_list>
<bind>
<opset="p_lcssa50565092_load "/>
</bind>
</comp>

<comp id="607" class="1005" name="p_lcssa50575094_load_reg_607">
<pin_list>
<pin id="608" dir="0" index="0" bw="10" slack="2"/>
<pin id="609" dir="1" index="1" bw="10" slack="2"/>
</pin_list>
<bind>
<opset="p_lcssa50575094_load "/>
</bind>
</comp>

<comp id="612" class="1005" name="p_lcssa50595096_load_reg_612">
<pin_list>
<pin id="613" dir="0" index="0" bw="10" slack="2"/>
<pin id="614" dir="1" index="1" bw="10" slack="2"/>
</pin_list>
<bind>
<opset="p_lcssa50595096_load "/>
</bind>
</comp>

<comp id="617" class="1005" name="p_lcssa50605098_load_reg_617">
<pin_list>
<pin id="618" dir="0" index="0" bw="10" slack="2"/>
<pin id="619" dir="1" index="1" bw="10" slack="2"/>
</pin_list>
<bind>
<opset="p_lcssa50605098_load "/>
</bind>
</comp>

<comp id="622" class="1005" name="p_lcssa50615100_load_reg_622">
<pin_list>
<pin id="623" dir="0" index="0" bw="10" slack="2"/>
<pin id="624" dir="1" index="1" bw="10" slack="2"/>
</pin_list>
<bind>
<opset="p_lcssa50615100_load "/>
</bind>
</comp>

<comp id="627" class="1005" name="p_lcssa50635102_load_reg_627">
<pin_list>
<pin id="628" dir="0" index="0" bw="10" slack="2"/>
<pin id="629" dir="1" index="1" bw="10" slack="2"/>
</pin_list>
<bind>
<opset="p_lcssa50635102_load "/>
</bind>
</comp>

<comp id="632" class="1005" name="p_lcssa50645104_load_reg_632">
<pin_list>
<pin id="633" dir="0" index="0" bw="10" slack="2"/>
<pin id="634" dir="1" index="1" bw="10" slack="2"/>
</pin_list>
<bind>
<opset="p_lcssa50645104_load "/>
</bind>
</comp>

<comp id="637" class="1005" name="p_lcssa50655106_load_reg_637">
<pin_list>
<pin id="638" dir="0" index="0" bw="10" slack="2"/>
<pin id="639" dir="1" index="1" bw="10" slack="2"/>
</pin_list>
<bind>
<opset="p_lcssa50655106_load "/>
</bind>
</comp>

<comp id="642" class="1005" name="p_lcssa50675108_load_reg_642">
<pin_list>
<pin id="643" dir="0" index="0" bw="10" slack="2"/>
<pin id="644" dir="1" index="1" bw="10" slack="2"/>
</pin_list>
<bind>
<opset="p_lcssa50675108_load "/>
</bind>
</comp>

<comp id="647" class="1005" name="p_lcssa50685110_load_reg_647">
<pin_list>
<pin id="648" dir="0" index="0" bw="10" slack="2"/>
<pin id="649" dir="1" index="1" bw="10" slack="2"/>
</pin_list>
<bind>
<opset="p_lcssa50685110_load "/>
</bind>
</comp>

<comp id="652" class="1005" name="p_lcssa52275233_load_reg_652">
<pin_list>
<pin id="653" dir="0" index="0" bw="10" slack="2"/>
<pin id="654" dir="1" index="1" bw="10" slack="2"/>
</pin_list>
<bind>
<opset="p_lcssa52275233_load "/>
</bind>
</comp>

<comp id="657" class="1005" name="p_lcssa52285235_load_reg_657">
<pin_list>
<pin id="658" dir="0" index="0" bw="10" slack="2"/>
<pin id="659" dir="1" index="1" bw="10" slack="2"/>
</pin_list>
<bind>
<opset="p_lcssa52285235_load "/>
</bind>
</comp>

<comp id="662" class="1005" name="p_lcssa52295237_load_reg_662">
<pin_list>
<pin id="663" dir="0" index="0" bw="10" slack="2"/>
<pin id="664" dir="1" index="1" bw="10" slack="2"/>
</pin_list>
<bind>
<opset="p_lcssa52295237_load "/>
</bind>
</comp>

<comp id="667" class="1005" name="p_lcssa52305239_load_reg_667">
<pin_list>
<pin id="668" dir="0" index="0" bw="10" slack="2"/>
<pin id="669" dir="1" index="1" bw="10" slack="2"/>
</pin_list>
<bind>
<opset="p_lcssa52305239_load "/>
</bind>
</comp>

<comp id="672" class="1005" name="p_lcssa52315241_load_reg_672">
<pin_list>
<pin id="673" dir="0" index="0" bw="10" slack="2"/>
<pin id="674" dir="1" index="1" bw="10" slack="2"/>
</pin_list>
<bind>
<opset="p_lcssa52315241_load "/>
</bind>
</comp>

<comp id="677" class="1005" name="add_ln325_reg_677">
<pin_list>
<pin id="678" dir="0" index="0" bw="17" slack="1"/>
<pin id="679" dir="1" index="1" bw="17" slack="1"/>
</pin_list>
<bind>
<opset="add_ln325 "/>
</bind>
</comp>

<comp id="682" class="1005" name="trunc_ln439_reg_682">
<pin_list>
<pin id="683" dir="0" index="0" bw="1" slack="1"/>
<pin id="684" dir="1" index="1" bw="1" slack="1"/>
</pin_list>
<bind>
<opset="trunc_ln439 "/>
</bind>
</comp>

<comp id="687" class="1005" name="xor_ln439_reg_687">
<pin_list>
<pin id="688" dir="0" index="0" bw="15" slack="1"/>
<pin id="689" dir="1" index="1" bw="15" slack="1"/>
</pin_list>
<bind>
<opset="xor_ln439 "/>
</bind>
</comp>

</comp_list>

<net_list>
<net id="79"><net_src comp="20" pin="0"/><net_sink comp="76" pin=0"/></net>

<net id="83"><net_src comp="20" pin="0"/><net_sink comp="80" pin=0"/></net>

<net id="87"><net_src comp="20" pin="0"/><net_sink comp="84" pin=0"/></net>

<net id="91"><net_src comp="20" pin="0"/><net_sink comp="88" pin=0"/></net>

<net id="95"><net_src comp="20" pin="0"/><net_sink comp="92" pin=0"/></net>

<net id="99"><net_src comp="20" pin="0"/><net_sink comp="96" pin=0"/></net>

<net id="103"><net_src comp="20" pin="0"/><net_sink comp="100" pin=0"/></net>

<net id="107"><net_src comp="20" pin="0"/><net_sink comp="104" pin=0"/></net>

<net id="111"><net_src comp="20" pin="0"/><net_sink comp="108" pin=0"/></net>

<net id="115"><net_src comp="20" pin="0"/><net_sink comp="112" pin=0"/></net>

<net id="119"><net_src comp="20" pin="0"/><net_sink comp="116" pin=0"/></net>

<net id="123"><net_src comp="20" pin="0"/><net_sink comp="120" pin=0"/></net>

<net id="127"><net_src comp="20" pin="0"/><net_sink comp="124" pin=0"/></net>

<net id="131"><net_src comp="20" pin="0"/><net_sink comp="128" pin=0"/></net>

<net id="135"><net_src comp="20" pin="0"/><net_sink comp="132" pin=0"/></net>

<net id="139"><net_src comp="20" pin="0"/><net_sink comp="136" pin=0"/></net>

<net id="143"><net_src comp="20" pin="0"/><net_sink comp="140" pin=0"/></net>

<net id="147"><net_src comp="20" pin="0"/><net_sink comp="144" pin=0"/></net>

<net id="151"><net_src comp="20" pin="0"/><net_sink comp="148" pin=0"/></net>

<net id="155"><net_src comp="20" pin="0"/><net_sink comp="152" pin=0"/></net>

<net id="159"><net_src comp="20" pin="0"/><net_sink comp="156" pin=0"/></net>

<net id="164"><net_src comp="22" pin="0"/><net_sink comp="160" pin=0"/></net>

<net id="165"><net_src comp="6" pin="0"/><net_sink comp="160" pin=1"/></net>

<net id="170"><net_src comp="22" pin="0"/><net_sink comp="166" pin=0"/></net>

<net id="171"><net_src comp="4" pin="0"/><net_sink comp="166" pin=1"/></net>

<net id="176"><net_src comp="40" pin="0"/><net_sink comp="172" pin=0"/></net>

<net id="177"><net_src comp="8" pin="0"/><net_sink comp="172" pin=1"/></net>

<net id="183"><net_src comp="42" pin="0"/><net_sink comp="178" pin=0"/></net>

<net id="184"><net_src comp="14" pin="0"/><net_sink comp="178" pin=1"/></net>

<net id="185"><net_src comp="172" pin="2"/><net_sink comp="178" pin=2"/></net>

<net id="191"><net_src comp="44" pin="0"/><net_sink comp="186" pin=0"/></net>

<net id="192"><net_src comp="12" pin="0"/><net_sink comp="186" pin=1"/></net>

<net id="198"><net_src comp="44" pin="0"/><net_sink comp="193" pin=0"/></net>

<net id="199"><net_src comp="10" pin="0"/><net_sink comp="193" pin=1"/></net>

<net id="256"><net_src comp="62" pin="0"/><net_sink comp="200" pin=0"/></net>

<net id="257"><net_src comp="2" pin="0"/><net_sink comp="200" pin=27"/></net>

<net id="258"><net_src comp="0" pin="0"/><net_sink comp="200" pin=31"/></net>

<net id="259"><net_src comp="16" pin="0"/><net_sink comp="200" pin=52"/></net>

<net id="260"><net_src comp="18" pin="0"/><net_sink comp="200" pin=53"/></net>

<net id="264"><net_src comp="166" pin="2"/><net_sink comp="261" pin=0"/></net>

<net id="265"><net_src comp="261" pin="1"/><net_sink comp="193" pin=2"/></net>

<net id="269"><net_src comp="160" pin="2"/><net_sink comp="266" pin=0"/></net>

<net id="270"><net_src comp="266" pin="1"/><net_sink comp="186" pin=2"/></net>

<net id="274"><net_src comp="172" pin="2"/><net_sink comp="271" pin=0"/></net>

<net id="278"><net_src comp="166" pin="2"/><net_sink comp="275" pin=0"/></net>

<net id="283"><net_src comp="275" pin="1"/><net_sink comp="279" pin=0"/></net>

<net id="284"><net_src comp="50" pin="0"/><net_sink comp="279" pin=1"/></net>

<net id="288"><net_src comp="160" pin="2"/><net_sink comp="285" pin=0"/></net>

<net id="293"><net_src comp="285" pin="1"/><net_sink comp="289" pin=0"/></net>

<net id="294"><net_src comp="50" pin="0"/><net_sink comp="289" pin=1"/></net>

<net id="301"><net_src comp="52" pin="0"/><net_sink comp="295" pin=0"/></net>

<net id="302"><net_src comp="172" pin="2"/><net_sink comp="295" pin=1"/></net>

<net id="303"><net_src comp="20" pin="0"/><net_sink comp="295" pin=2"/></net>

<net id="304"><net_src comp="54" pin="0"/><net_sink comp="295" pin=3"/></net>

<net id="309"><net_src comp="56" pin="0"/><net_sink comp="305" pin=0"/></net>

<net id="317"><net_src comp="310" pin="1"/><net_sink comp="313" pin=0"/></net>

<net id="322"><net_src comp="310" pin="1"/><net_sink comp="318" pin=0"/></net>

<net id="323"><net_src comp="58" pin="0"/><net_sink comp="318" pin=1"/></net>

<net id="388"><net_src comp="318" pin="2"/><net_sink comp="384" pin=0"/></net>

<net id="393"><net_src comp="60" pin="0"/><net_sink comp="389" pin=1"/></net>

<net id="394"><net_src comp="389" pin="2"/><net_sink comp="200" pin=30"/></net>

<net id="398"><net_src comp="389" pin="2"/><net_sink comp="395" pin=0"/></net>

<net id="399"><net_src comp="395" pin="1"/><net_sink comp="200" pin=24"/></net>

<net id="403"><net_src comp="395" pin="1"/><net_sink comp="400" pin=0"/></net>

<net id="408"><net_src comp="400" pin="1"/><net_sink comp="404" pin=1"/></net>

<net id="409"><net_src comp="404" pin="2"/><net_sink comp="200" pin=29"/></net>

<net id="413"><net_src comp="76" pin="1"/><net_sink comp="410" pin=0"/></net>

<net id="414"><net_src comp="410" pin="1"/><net_sink comp="305" pin=1"/></net>

<net id="415"><net_src comp="410" pin="1"/><net_sink comp="310" pin=0"/></net>

<net id="416"><net_src comp="410" pin="1"/><net_sink comp="384" pin=1"/></net>

<net id="420"><net_src comp="80" pin="1"/><net_sink comp="417" pin=0"/></net>

<net id="421"><net_src comp="417" pin="1"/><net_sink comp="324" pin=0"/></net>

<net id="422"><net_src comp="417" pin="1"/><net_sink comp="200" pin=51"/></net>

<net id="426"><net_src comp="84" pin="1"/><net_sink comp="423" pin=0"/></net>

<net id="427"><net_src comp="423" pin="1"/><net_sink comp="327" pin=0"/></net>

<net id="428"><net_src comp="423" pin="1"/><net_sink comp="200" pin=50"/></net>

<net id="432"><net_src comp="88" pin="1"/><net_sink comp="429" pin=0"/></net>

<net id="433"><net_src comp="429" pin="1"/><net_sink comp="330" pin=0"/></net>

<net id="434"><net_src comp="429" pin="1"/><net_sink comp="200" pin=49"/></net>

<net id="438"><net_src comp="92" pin="1"/><net_sink comp="435" pin=0"/></net>

<net id="439"><net_src comp="435" pin="1"/><net_sink comp="333" pin=0"/></net>

<net id="440"><net_src comp="435" pin="1"/><net_sink comp="200" pin=48"/></net>

<net id="444"><net_src comp="96" pin="1"/><net_sink comp="441" pin=0"/></net>

<net id="445"><net_src comp="441" pin="1"/><net_sink comp="336" pin=0"/></net>

<net id="446"><net_src comp="441" pin="1"/><net_sink comp="200" pin=47"/></net>

<net id="450"><net_src comp="100" pin="1"/><net_sink comp="447" pin=0"/></net>

<net id="451"><net_src comp="447" pin="1"/><net_sink comp="339" pin=0"/></net>

<net id="452"><net_src comp="447" pin="1"/><net_sink comp="200" pin=46"/></net>

<net id="456"><net_src comp="104" pin="1"/><net_sink comp="453" pin=0"/></net>

<net id="457"><net_src comp="453" pin="1"/><net_sink comp="342" pin=0"/></net>

<net id="458"><net_src comp="453" pin="1"/><net_sink comp="200" pin=45"/></net>

<net id="462"><net_src comp="108" pin="1"/><net_sink comp="459" pin=0"/></net>

<net id="463"><net_src comp="459" pin="1"/><net_sink comp="345" pin=0"/></net>

<net id="464"><net_src comp="459" pin="1"/><net_sink comp="200" pin=44"/></net>

<net id="468"><net_src comp="112" pin="1"/><net_sink comp="465" pin=0"/></net>

<net id="469"><net_src comp="465" pin="1"/><net_sink comp="348" pin=0"/></net>

<net id="470"><net_src comp="465" pin="1"/><net_sink comp="200" pin=43"/></net>

<net id="474"><net_src comp="116" pin="1"/><net_sink comp="471" pin=0"/></net>

<net id="475"><net_src comp="471" pin="1"/><net_sink comp="351" pin=0"/></net>

<net id="476"><net_src comp="471" pin="1"/><net_sink comp="200" pin=42"/></net>

<net id="480"><net_src comp="120" pin="1"/><net_sink comp="477" pin=0"/></net>

<net id="481"><net_src comp="477" pin="1"/><net_sink comp="354" pin=0"/></net>

<net id="482"><net_src comp="477" pin="1"/><net_sink comp="200" pin=41"/></net>

<net id="486"><net_src comp="124" pin="1"/><net_sink comp="483" pin=0"/></net>

<net id="487"><net_src comp="483" pin="1"/><net_sink comp="357" pin=0"/></net>

<net id="488"><net_src comp="483" pin="1"/><net_sink comp="200" pin=40"/></net>

<net id="492"><net_src comp="128" pin="1"/><net_sink comp="489" pin=0"/></net>

<net id="493"><net_src comp="489" pin="1"/><net_sink comp="360" pin=0"/></net>

<net id="494"><net_src comp="489" pin="1"/><net_sink comp="200" pin=39"/></net>

<net id="498"><net_src comp="132" pin="1"/><net_sink comp="495" pin=0"/></net>

<net id="499"><net_src comp="495" pin="1"/><net_sink comp="363" pin=0"/></net>

<net id="500"><net_src comp="495" pin="1"/><net_sink comp="200" pin=38"/></net>

<net id="504"><net_src comp="136" pin="1"/><net_sink comp="501" pin=0"/></net>

<net id="505"><net_src comp="501" pin="1"/><net_sink comp="366" pin=0"/></net>

<net id="506"><net_src comp="501" pin="1"/><net_sink comp="200" pin=37"/></net>

<net id="510"><net_src comp="140" pin="1"/><net_sink comp="507" pin=0"/></net>

<net id="511"><net_src comp="507" pin="1"/><net_sink comp="369" pin=0"/></net>

<net id="512"><net_src comp="507" pin="1"/><net_sink comp="200" pin=36"/></net>

<net id="516"><net_src comp="144" pin="1"/><net_sink comp="513" pin=0"/></net>

<net id="517"><net_src comp="513" pin="1"/><net_sink comp="372" pin=0"/></net>

<net id="518"><net_src comp="513" pin="1"/><net_sink comp="200" pin=35"/></net>

<net id="522"><net_src comp="148" pin="1"/><net_sink comp="519" pin=0"/></net>

<net id="523"><net_src comp="519" pin="1"/><net_sink comp="375" pin=0"/></net>

<net id="524"><net_src comp="519" pin="1"/><net_sink comp="200" pin=34"/></net>

<net id="528"><net_src comp="152" pin="1"/><net_sink comp="525" pin=0"/></net>

<net id="529"><net_src comp="525" pin="1"/><net_sink comp="378" pin=0"/></net>

<net id="530"><net_src comp="525" pin="1"/><net_sink comp="200" pin=33"/></net>

<net id="534"><net_src comp="156" pin="1"/><net_sink comp="531" pin=0"/></net>

<net id="535"><net_src comp="531" pin="1"/><net_sink comp="381" pin=0"/></net>

<net id="536"><net_src comp="531" pin="1"/><net_sink comp="200" pin=32"/></net>

<net id="540"><net_src comp="160" pin="2"/><net_sink comp="537" pin=0"/></net>

<net id="541"><net_src comp="537" pin="1"/><net_sink comp="200" pin=23"/></net>

<net id="545"><net_src comp="166" pin="2"/><net_sink comp="542" pin=0"/></net>

<net id="546"><net_src comp="542" pin="1"/><net_sink comp="200" pin=21"/></net>

<net id="550"><net_src comp="271" pin="1"/><net_sink comp="547" pin=0"/></net>

<net id="551"><net_src comp="547" pin="1"/><net_sink comp="200" pin=28"/></net>

<net id="555"><net_src comp="279" pin="2"/><net_sink comp="552" pin=0"/></net>

<net id="556"><net_src comp="552" pin="1"/><net_sink comp="313" pin=1"/></net>

<net id="560"><net_src comp="289" pin="2"/><net_sink comp="557" pin=0"/></net>

<net id="561"><net_src comp="557" pin="1"/><net_sink comp="200" pin=26"/></net>

<net id="565"><net_src comp="295" pin="4"/><net_sink comp="562" pin=0"/></net>

<net id="566"><net_src comp="562" pin="1"/><net_sink comp="404" pin=0"/></net>

<net id="567"><net_src comp="562" pin="1"/><net_sink comp="200" pin=25"/></net>

<net id="571"><net_src comp="310" pin="1"/><net_sink comp="568" pin=0"/></net>

<net id="572"><net_src comp="568" pin="1"/><net_sink comp="389" pin=0"/></net>

<net id="573"><net_src comp="568" pin="1"/><net_sink comp="200" pin=22"/></net>

<net id="580"><net_src comp="324" pin="1"/><net_sink comp="577" pin=0"/></net>

<net id="581"><net_src comp="577" pin="1"/><net_sink comp="200" pin=20"/></net>

<net id="585"><net_src comp="327" pin="1"/><net_sink comp="582" pin=0"/></net>

<net id="586"><net_src comp="582" pin="1"/><net_sink comp="200" pin=19"/></net>

<net id="590"><net_src comp="330" pin="1"/><net_sink comp="587" pin=0"/></net>

<net id="591"><net_src comp="587" pin="1"/><net_sink comp="200" pin=18"/></net>

<net id="595"><net_src comp="333" pin="1"/><net_sink comp="592" pin=0"/></net>

<net id="596"><net_src comp="592" pin="1"/><net_sink comp="200" pin=17"/></net>

<net id="600"><net_src comp="336" pin="1"/><net_sink comp="597" pin=0"/></net>

<net id="601"><net_src comp="597" pin="1"/><net_sink comp="200" pin=16"/></net>

<net id="605"><net_src comp="339" pin="1"/><net_sink comp="602" pin=0"/></net>

<net id="606"><net_src comp="602" pin="1"/><net_sink comp="200" pin=15"/></net>

<net id="610"><net_src comp="342" pin="1"/><net_sink comp="607" pin=0"/></net>

<net id="611"><net_src comp="607" pin="1"/><net_sink comp="200" pin=14"/></net>

<net id="615"><net_src comp="345" pin="1"/><net_sink comp="612" pin=0"/></net>

<net id="616"><net_src comp="612" pin="1"/><net_sink comp="200" pin=13"/></net>

<net id="620"><net_src comp="348" pin="1"/><net_sink comp="617" pin=0"/></net>

<net id="621"><net_src comp="617" pin="1"/><net_sink comp="200" pin=12"/></net>

<net id="625"><net_src comp="351" pin="1"/><net_sink comp="622" pin=0"/></net>

<net id="626"><net_src comp="622" pin="1"/><net_sink comp="200" pin=11"/></net>

<net id="630"><net_src comp="354" pin="1"/><net_sink comp="627" pin=0"/></net>

<net id="631"><net_src comp="627" pin="1"/><net_sink comp="200" pin=10"/></net>

<net id="635"><net_src comp="357" pin="1"/><net_sink comp="632" pin=0"/></net>

<net id="636"><net_src comp="632" pin="1"/><net_sink comp="200" pin=9"/></net>

<net id="640"><net_src comp="360" pin="1"/><net_sink comp="637" pin=0"/></net>

<net id="641"><net_src comp="637" pin="1"/><net_sink comp="200" pin=8"/></net>

<net id="645"><net_src comp="363" pin="1"/><net_sink comp="642" pin=0"/></net>

<net id="646"><net_src comp="642" pin="1"/><net_sink comp="200" pin=7"/></net>

<net id="650"><net_src comp="366" pin="1"/><net_sink comp="647" pin=0"/></net>

<net id="651"><net_src comp="647" pin="1"/><net_sink comp="200" pin=6"/></net>

<net id="655"><net_src comp="369" pin="1"/><net_sink comp="652" pin=0"/></net>

<net id="656"><net_src comp="652" pin="1"/><net_sink comp="200" pin=5"/></net>

<net id="660"><net_src comp="372" pin="1"/><net_sink comp="657" pin=0"/></net>

<net id="661"><net_src comp="657" pin="1"/><net_sink comp="200" pin=4"/></net>

<net id="665"><net_src comp="375" pin="1"/><net_sink comp="662" pin=0"/></net>

<net id="666"><net_src comp="662" pin="1"/><net_sink comp="200" pin=3"/></net>

<net id="670"><net_src comp="378" pin="1"/><net_sink comp="667" pin=0"/></net>

<net id="671"><net_src comp="667" pin="1"/><net_sink comp="200" pin=2"/></net>

<net id="675"><net_src comp="381" pin="1"/><net_sink comp="672" pin=0"/></net>

<net id="676"><net_src comp="672" pin="1"/><net_sink comp="200" pin=1"/></net>

<net id="680"><net_src comp="389" pin="2"/><net_sink comp="677" pin=0"/></net>

<net id="681"><net_src comp="677" pin="1"/><net_sink comp="200" pin=30"/></net>

<net id="685"><net_src comp="395" pin="1"/><net_sink comp="682" pin=0"/></net>

<net id="686"><net_src comp="682" pin="1"/><net_sink comp="200" pin=24"/></net>

<net id="690"><net_src comp="404" pin="2"/><net_sink comp="687" pin=0"/></net>

<net id="691"><net_src comp="687" pin="1"/><net_sink comp="200" pin=29"/></net>

</net_list>

</model> 
---------------- Datapath Model END ------------------

* FSMD analyzer results:
  - Output states:
	Port: imgBayer | {}
	Port: imgG | {3 4 }
	Port: bayerPhase_val | {}
	Port: height_val4_c3 | {1 }
	Port: width_val8_c4 | {1 }
	Port: bayerPhase_val11_c5 | {1 }
	Port: DIV1_TABLE | {}
	Port: DIV2_TABLE | {}
 - Input state : 
	Port: DebayerG : imgBayer | {3 4 }
	Port: DebayerG : height_val | {1 }
	Port: DebayerG : width_val | {1 }
	Port: DebayerG : bayerPhase_val | {1 }
	Port: DebayerG : DIV1_TABLE | {3 4 }
	Port: DebayerG : DIV2_TABLE | {3 4 }
  - Chain level:
	State 1
		write_ln0 : 1
		write_ln0 : 1
		loopHeight : 1
		loopWidth : 1
		store_ln271 : 1
	State 2
		icmp_ln315 : 1
		y_8 : 1
		br_ln315 : 2
		store_ln271 : 2
	State 3
		trunc_ln439 : 1
		zext_ln439 : 2
		xor_ln439 : 3
		call_ln325 : 3
	State 4


============================================================
+ Verbose Summary: Datapath Resource usage 
============================================================

* Functional unit list:
|----------|-----------------------------------------------|---------|---------|---------|---------|---------|---------|
| Operation|                Functional Unit                |   BRAM  |   DSP   |  Delay  |    FF   |   LUT   |   URAM  |
|----------|-----------------------------------------------|---------|---------|---------|---------|---------|---------|
|   call   | grp_DebayerG_Pipeline_VITIS_LOOP_318_4_fu_200 |    8    |    8    | 20.8826 |   1626  |   2435  |    0    |
|----------|-----------------------------------------------|---------|---------|---------|---------|---------|---------|
|          |               loopHeight_fu_279               |    0    |    0    |    0    |    0    |    23   |    0    |
|    add   |                loopWidth_fu_289               |    0    |    0    |    0    |    0    |    23   |    0    |
|          |                   y_8_fu_318                  |    0    |    0    |    0    |    0    |    24   |    0    |
|          |                add_ln325_fu_389               |    0    |    0    |    0    |    0    |    24   |    0    |
|----------|-----------------------------------------------|---------|---------|---------|---------|---------|---------|
|   icmp   |               icmp_ln315_fu_313               |    0    |    0    |    0    |    0    |    24   |    0    |
|----------|-----------------------------------------------|---------|---------|---------|---------|---------|---------|
|    xor   |                xor_ln439_fu_404               |    0    |    0    |    0    |    0    |    15   |    0    |
|----------|-----------------------------------------------|---------|---------|---------|---------|---------|---------|
|          |           width_val_read_read_fu_160          |    0    |    0    |    0    |    0    |    0    |    0    |
|   read   |          height_val_read_read_fu_166          |    0    |    0    |    0    |    0    |    0    |    0    |
|          |        bayerPhase_val_read_read_fu_172        |    0    |    0    |    0    |    0    |    0    |    0    |
|----------|-----------------------------------------------|---------|---------|---------|---------|---------|---------|
|          |             write_ln0_write_fu_178            |    0    |    0    |    0    |    0    |    0    |    0    |
|   write  |             write_ln0_write_fu_186            |    0    |    0    |    0    |    0    |    0    |    0    |
|          |             write_ln0_write_fu_193            |    0    |    0    |    0    |    0    |    0    |    0    |
|----------|-----------------------------------------------|---------|---------|---------|---------|---------|---------|
|          |                  empty_fu_261                 |    0    |    0    |    0    |    0    |    0    |    0    |
|   trunc  |                empty_172_fu_266               |    0    |    0    |    0    |    0    |    0    |    0    |
|          |                 x_phase_fu_271                |    0    |    0    |    0    |    0    |    0    |    0    |
|          |               trunc_ln439_fu_395              |    0    |    0    |    0    |    0    |    0    |    0    |
|----------|-----------------------------------------------|---------|---------|---------|---------|---------|---------|
|          |               zext_ln274_fu_275               |    0    |    0    |    0    |    0    |    0    |    0    |
|   zext   |               zext_ln275_fu_285               |    0    |    0    |    0    |    0    |    0    |    0    |
|          |               zext_ln439_fu_400               |    0    |    0    |    0    |    0    |    0    |    0    |
|----------|-----------------------------------------------|---------|---------|---------|---------|---------|---------|
|partselect|                trunc_ln_fu_295                |    0    |    0    |    0    |    0    |    0    |    0    |
|----------|-----------------------------------------------|---------|---------|---------|---------|---------|---------|
|   Total  |                                               |    8    |    8    | 20.8826 |   1626  |   2568  |    0    |
|----------|-----------------------------------------------|---------|---------|---------|---------|---------|---------|

Memories:
N/A

* Register list:
+----------------------------+--------+
|                            |   FF   |
+----------------------------+--------+
|      add_ln325_reg_677     |   17   |
|   height_val_read_reg_542  |   16   |
|     loopHeight_reg_552     |   17   |
|      loopWidth_reg_557     |   17   |
|p_lcssa50495082_load_reg_577|   10   |
|   p_lcssa50495082_reg_417  |   10   |
|p_lcssa50515084_load_reg_582|   10   |
|   p_lcssa50515084_reg_423  |   10   |
|p_lcssa50525086_load_reg_587|   10   |
|   p_lcssa50525086_reg_429  |   10   |
|p_lcssa50535088_load_reg_592|   10   |
|   p_lcssa50535088_reg_435  |   10   |
|p_lcssa50555090_load_reg_597|   10   |
|   p_lcssa50555090_reg_441  |   10   |
|p_lcssa50565092_load_reg_602|   10   |
|   p_lcssa50565092_reg_447  |   10   |
|p_lcssa50575094_load_reg_607|   10   |
|   p_lcssa50575094_reg_453  |   10   |
|p_lcssa50595096_load_reg_612|   10   |
|   p_lcssa50595096_reg_459  |   10   |
|p_lcssa50605098_load_reg_617|   10   |
|   p_lcssa50605098_reg_465  |   10   |
|p_lcssa50615100_load_reg_622|   10   |
|   p_lcssa50615100_reg_471  |   10   |
|p_lcssa50635102_load_reg_627|   10   |
|   p_lcssa50635102_reg_477  |   10   |
|p_lcssa50645104_load_reg_632|   10   |
|   p_lcssa50645104_reg_483  |   10   |
|p_lcssa50655106_load_reg_637|   10   |
|   p_lcssa50655106_reg_489  |   10   |
|p_lcssa50675108_load_reg_642|   10   |
|   p_lcssa50675108_reg_495  |   10   |
|p_lcssa50685110_load_reg_647|   10   |
|   p_lcssa50685110_reg_501  |   10   |
|p_lcssa52275233_load_reg_652|   10   |
|   p_lcssa52275233_reg_507  |   10   |
|p_lcssa52285235_load_reg_657|   10   |
|   p_lcssa52285235_reg_513  |   10   |
|p_lcssa52295237_load_reg_662|   10   |
|   p_lcssa52295237_reg_519  |   10   |
|p_lcssa52305239_load_reg_667|   10   |
|   p_lcssa52305239_reg_525  |   10   |
|p_lcssa52315241_load_reg_672|   10   |
|   p_lcssa52315241_reg_531  |   10   |
|     trunc_ln439_reg_682    |    1   |
|      trunc_ln_reg_562      |   15   |
|   width_val_read_reg_537   |   16   |
|       x_phase_reg_547      |    1   |
|      xor_ln439_reg_687     |   15   |
|         y_7_reg_568        |   17   |
|          y_reg_410         |   17   |
+----------------------------+--------+
|            Total           |   549  |
+----------------------------+--------+

* Multiplexer (MUX) list: 
|-----------------------------------------------|------|------|------|--------||---------||---------||---------|
|                      Comp                     |  Pin | Size |  BW  | S x BW ||  Delay  ||    FF   ||   LUT   |
|-----------------------------------------------|------|------|------|--------||---------||---------||---------|
| grp_DebayerG_Pipeline_VITIS_LOOP_318_4_fu_200 |  p24 |   2  |   1  |    2   ||    0    ||    9    |
| grp_DebayerG_Pipeline_VITIS_LOOP_318_4_fu_200 |  p29 |   2  |  15  |   30   ||    0    ||    9    |
| grp_DebayerG_Pipeline_VITIS_LOOP_318_4_fu_200 |  p30 |   2  |  17  |   34   ||    0    ||    9    |
|-----------------------------------------------|------|------|------|--------||---------||---------||---------|
|                     Total                     |      |      |      |   66   ||  4.764  ||    0    ||    27   |
|-----------------------------------------------|------|------|------|--------||---------||---------||---------|



* Summary:
+-----------+--------+--------+--------+--------+--------+--------+
|           |  BRAM  |   DSP  |  Delay |   FF   |   LUT  |  URAM  |
+-----------+--------+--------+--------+--------+--------+--------+
|  Function |    8   |    8   |   20   |  1626  |  2568  |    0   |
|   Memory  |    -   |    -   |    -   |    -   |    -   |    -   |
|Multiplexer|    -   |    -   |    4   |    0   |   27   |    -   |
|  Register |    -   |    -   |    -   |   549  |    -   |    -   |
+-----------+--------+--------+--------+--------+--------+--------+
|   Total   |    8   |    8   |   25   |  2175  |  2595  |    0   |
+-----------+--------+--------+--------+--------+--------+--------+
