

================================================================
== Vitis HLS Report for 'DebayerG_Pipeline_VITIS_LOOP_318_4'
================================================================
* Date:           Wed Sep 23 22:09:25 2026

* Version:        2025.2 (Build 6295257 on Nov 14 2025)
* Project:        prj
* Solution:       sol (Vivado IP Flow Target)
* Product family: zynq
* Target device:  xc7z020-clg400-1


================================================================
== Performance Estimates
================================================================
+ Timing: 
    * Summary: 
    +--------+----------+----------+------------+
    |  Clock |  Target  | Estimated| Uncertainty|
    +--------+----------+----------+------------+
    |ap_clk  |  10.00 ns|  7.282 ns|     2.70 ns|
    +--------+----------+----------+------------+

+ Latency: 
    * Summary: 
    +---------+---------+----------+----------+-----+-----+-------------------+
    |  Latency (cycles) |  Latency (absolute) |  Interval |      Pipeline     |
    |   min   |   max   |    min   |    max   | min | max |        Type       |
    +---------+---------+----------+----------+-----+-----+-------------------+
    |       17|    65552|  0.170 us|  0.656 ms|    0|    0|  loop pipeline stp|
    +---------+---------+----------+----------+-----+-----+-------------------+

    + Detail: 
        * Instance: 
        N/A

        * Loop: 
        +--------------------+---------+---------+----------+-----------+-----------+-----------+----------+
        |                    |  Latency (cycles) | Iteration|  Initiation Interval  |    Trip   |          |
        |      Loop Name     |   min   |   max   |  Latency |  achieved |   target  |   Count   | Pipelined|
        +--------------------+---------+---------+----------+-----------+-----------+-----------+----------+
        |- VITIS_LOOP_318_4  |       15|    65550|        15|          1|          1|  2 ~ 65537|       yes|
        +--------------------+---------+---------+----------+-----------+-----------+-----------+----------+

============================================================
+ Verbose Summary: Synthesis Manager
============================================================
InlineROM: 1
ExposeGlobal: 0
============================================================
+ Verbose Summary: CDFG Model
============================================================
IsTopModel: 0
ResetActiveHigh: 1
IsCombinational: 0
IsDatapathOnly: 0
HasWiredReturn: 1
HasMFsm: 2
HasVarLatency: 1
IsPipeline: 0
IsRtlPipelined: 0
IsInstanceOverlapped: 0
IsDontTouch: 0
HasImplIP: 0
IsGatedGlobalClock: 0

+ Individual pipeline summary: 
  * Pipeline-0: initiation interval (II) = 1, depth = 15


============================================================
+ Verbose Summary: Schedule
============================================================
* Number of FSM states : 15
* Pipeline : 1
  Pipeline-0 : II = 1, D = 15, States = { 1 2 3 4 5 6 7 8 9 10 11 12 13 14 15 }
* Dataflow Pipeline: 0

* FSM state transitions: 
1 --> 2 
2 --> 3 
3 --> 4 
4 --> 5 
5 --> 6 
6 --> 7 
7 --> 8 
8 --> 9 
9 --> 10 
10 --> 11 
11 --> 12 
12 --> 13 
13 --> 14 
14 --> 15 
15 --> 

* FSM state operations: 

State 1 <SV = 0> <Delay = 6.94>
ST_1 : Operation 18 [1/1] (0.00ns)   --->   "%x = alloca i32 1" [V:/zybo_z7_imx219/zybo_z7_imx219.runs/design_1_v_demosaic_0_0_synth_1/prj/sol/.autopilot/db/v_demosaic.cpp:271]   --->   Operation 18 'alloca' 'x' <Predicate = true> <Delay = 0.00>
ST_1 : Operation 19 [1/1] (0.00ns)   --->   "%empty_133 = alloca i32 1"   --->   Operation 19 'alloca' 'empty_133' <Predicate = true> <Delay = 0.00>
ST_1 : Operation 20 [1/1] (0.00ns)   --->   "%empty_134 = alloca i32 1"   --->   Operation 20 'alloca' 'empty_134' <Predicate = true> <Delay = 0.00>
ST_1 : Operation 21 [1/1] (0.00ns)   --->   "%empty_135 = alloca i32 1"   --->   Operation 21 'alloca' 'empty_135' <Predicate = true> <Delay = 0.00>
ST_1 : Operation 22 [1/1] (0.00ns)   --->   "%empty_136 = alloca i32 1"   --->   Operation 22 'alloca' 'empty_136' <Predicate = true> <Delay = 0.00>
ST_1 : Operation 23 [1/1] (0.00ns)   --->   "%empty_137 = alloca i32 1"   --->   Operation 23 'alloca' 'empty_137' <Predicate = true> <Delay = 0.00>
ST_1 : Operation 24 [1/1] (0.00ns)   --->   "%empty_138 = alloca i32 1"   --->   Operation 24 'alloca' 'empty_138' <Predicate = true> <Delay = 0.00>
ST_1 : Operation 25 [1/1] (0.00ns)   --->   "%empty_139 = alloca i32 1"   --->   Operation 25 'alloca' 'empty_139' <Predicate = true> <Delay = 0.00>
ST_1 : Operation 26 [1/1] (0.00ns)   --->   "%empty_140 = alloca i32 1"   --->   Operation 26 'alloca' 'empty_140' <Predicate = true> <Delay = 0.00>
ST_1 : Operation 27 [1/1] (0.00ns)   --->   "%empty_141 = alloca i32 1"   --->   Operation 27 'alloca' 'empty_141' <Predicate = true> <Delay = 0.00>
ST_1 : Operation 28 [1/1] (0.00ns)   --->   "%empty_142 = alloca i32 1"   --->   Operation 28 'alloca' 'empty_142' <Predicate = true> <Delay = 0.00>
ST_1 : Operation 29 [1/1] (0.00ns)   --->   "%empty_143 = alloca i32 1"   --->   Operation 29 'alloca' 'empty_143' <Predicate = true> <Delay = 0.00>
ST_1 : Operation 30 [1/1] (0.00ns)   --->   "%empty_144 = alloca i32 1"   --->   Operation 30 'alloca' 'empty_144' <Predicate = true> <Delay = 0.00>
ST_1 : Operation 31 [1/1] (0.00ns)   --->   "%empty_145 = alloca i32 1"   --->   Operation 31 'alloca' 'empty_145' <Predicate = true> <Delay = 0.00>
ST_1 : Operation 32 [1/1] (0.00ns)   --->   "%empty_146 = alloca i32 1"   --->   Operation 32 'alloca' 'empty_146' <Predicate = true> <Delay = 0.00>
ST_1 : Operation 33 [1/1] (0.00ns)   --->   "%empty_147 = alloca i32 1"   --->   Operation 33 'alloca' 'empty_147' <Predicate = true> <Delay = 0.00>
ST_1 : Operation 34 [1/1] (0.00ns)   --->   "%empty_148 = alloca i32 1"   --->   Operation 34 'alloca' 'empty_148' <Predicate = true> <Delay = 0.00>
ST_1 : Operation 35 [1/1] (0.00ns)   --->   "%empty_149 = alloca i32 1"   --->   Operation 35 'alloca' 'empty_149' <Predicate = true> <Delay = 0.00>
ST_1 : Operation 36 [1/1] (0.00ns)   --->   "%empty_150 = alloca i32 1"   --->   Operation 36 'alloca' 'empty_150' <Predicate = true> <Delay = 0.00>
ST_1 : Operation 37 [1/1] (0.00ns)   --->   "%empty_151 = alloca i32 1"   --->   Operation 37 'alloca' 'empty_151' <Predicate = true> <Delay = 0.00>
ST_1 : Operation 38 [1/1] (0.00ns)   --->   "%empty_152 = alloca i32 1"   --->   Operation 38 'alloca' 'empty_152' <Predicate = true> <Delay = 0.00>
ST_1 : Operation 39 [1/1] (0.00ns)   --->   "%specinterface_ln0 = specinterface void @_ssdm_op_SpecInterface, i10 %imgBayer, void @empty_20, i32 0, i32 0, void @empty_14, i32 0, i32 0, void @empty_14, void @empty_14, void @empty_14, i32 0, i32 0, i32 0, i32 0, void @empty_14, void @empty_14, i32 4294967295, i32 0, i32 0, i32 0"   --->   Operation 39 'specinterface' 'specinterface_ln0' <Predicate = true> <Delay = 0.00>
ST_1 : Operation 40 [1/1] (0.00ns)   --->   "%specinterface_ln0 = specinterface void @_ssdm_op_SpecInterface, i30 %imgG, void @empty_20, i32 0, i32 0, void @empty_14, i32 0, i32 0, void @empty_14, void @empty_14, void @empty_14, i32 0, i32 0, i32 0, i32 0, void @empty_14, void @empty_14, i32 4294967295, i32 0, i32 0, i32 0"   --->   Operation 40 'specinterface' 'specinterface_ln0' <Predicate = true> <Delay = 0.00>
ST_1 : Operation 41 [1/1] (0.00ns)   --->   "%out_y_read = read i17 @_ssdm_op_Read.ap_auto.i17, i17 %out_y"   --->   Operation 41 'read' 'out_y_read' <Predicate = true> <Delay = 0.00>
ST_1 : Operation 42 [1/1] (0.00ns)   --->   "%xor_ln439_read = read i15 @_ssdm_op_Read.ap_auto.i15, i15 %xor_ln439"   --->   Operation 42 'read' 'xor_ln439_read' <Predicate = true> <Delay = 0.00>
ST_1 : Operation 43 [1/1] (0.00ns)   --->   "%tmp = read i1 @_ssdm_op_Read.ap_auto.i1, i1 %empty"   --->   Operation 43 'read' 'tmp' <Predicate = true> <Delay = 0.00>
ST_1 : Operation 44 [1/1] (0.00ns)   --->   "%loopWidth_read = read i17 @_ssdm_op_Read.ap_auto.i17, i17 %loopWidth"   --->   Operation 44 'read' 'loopWidth_read' <Predicate = true> <Delay = 0.00>
ST_1 : Operation 45 [1/1] (0.00ns)   --->   "%trunc_ln_read = read i15 @_ssdm_op_Read.ap_auto.i15, i15 %trunc_ln"   --->   Operation 45 'read' 'trunc_ln_read' <Predicate = true> <Delay = 0.00>
ST_1 : Operation 46 [1/1] (0.00ns)   --->   "%tmp_24 = read i1 @_ssdm_op_Read.ap_auto.i1, i1 %empty_56"   --->   Operation 46 'read' 'tmp_24' <Predicate = true> <Delay = 0.00>
ST_1 : Operation 47 [1/1] (0.00ns)   --->   "%width_val_read = read i16 @_ssdm_op_Read.ap_auto.i16, i16 %width_val"   --->   Operation 47 'read' 'width_val_read' <Predicate = true> <Delay = 0.00>
ST_1 : Operation 48 [1/1] (0.00ns)   --->   "%y_read = read i17 @_ssdm_op_Read.ap_auto.i17, i17 %y"   --->   Operation 48 'read' 'y_read' <Predicate = true> <Delay = 0.00>
ST_1 : Operation 49 [1/1] (0.00ns)   --->   "%height_val_read = read i16 @_ssdm_op_Read.ap_auto.i16, i16 %height_val"   --->   Operation 49 'read' 'height_val_read' <Predicate = true> <Delay = 0.00>
ST_1 : Operation 50 [1/1] (0.00ns)   --->   "%p_lcssa50495082_read = read i10 @_ssdm_op_Read.ap_auto.i10, i10 %p_lcssa50495082"   --->   Operation 50 'read' 'p_lcssa50495082_read' <Predicate = true> <Delay = 0.00>
ST_1 : Operation 51 [1/1] (0.00ns)   --->   "%p_lcssa50515084_read = read i10 @_ssdm_op_Read.ap_auto.i10, i10 %p_lcssa50515084"   --->   Operation 51 'read' 'p_lcssa50515084_read' <Predicate = true> <Delay = 0.00>
ST_1 : Operation 52 [1/1] (0.00ns)   --->   "%p_lcssa50525086_read = read i10 @_ssdm_op_Read.ap_auto.i10, i10 %p_lcssa50525086"   --->   Operation 52 'read' 'p_lcssa50525086_read' <Predicate = true> <Delay = 0.00>
ST_1 : Operation 53 [1/1] (0.00ns)   --->   "%p_lcssa50535088_read = read i10 @_ssdm_op_Read.ap_auto.i10, i10 %p_lcssa50535088"   --->   Operation 53 'read' 'p_lcssa50535088_read' <Predicate = true> <Delay = 0.00>
ST_1 : Operation 54 [1/1] (0.00ns)   --->   "%p_lcssa50555090_read = read i10 @_ssdm_op_Read.ap_auto.i10, i10 %p_lcssa50555090"   --->   Operation 54 'read' 'p_lcssa50555090_read' <Predicate = true> <Delay = 0.00>
ST_1 : Operation 55 [1/1] (0.00ns)   --->   "%p_lcssa50565092_read = read i10 @_ssdm_op_Read.ap_auto.i10, i10 %p_lcssa50565092"   --->   Operation 55 'read' 'p_lcssa50565092_read' <Predicate = true> <Delay = 0.00>
ST_1 : Operation 56 [1/1] (0.00ns)   --->   "%p_lcssa50575094_read = read i10 @_ssdm_op_Read.ap_auto.i10, i10 %p_lcssa50575094"   --->   Operation 56 'read' 'p_lcssa50575094_read' <Predicate = true> <Delay = 0.00>
ST_1 : Operation 57 [1/1] (0.00ns)   --->   "%p_lcssa50595096_read = read i10 @_ssdm_op_Read.ap_auto.i10, i10 %p_lcssa50595096"   --->   Operation 57 'read' 'p_lcssa50595096_read' <Predicate = true> <Delay = 0.00>
ST_1 : Operation 58 [1/1] (0.00ns)   --->   "%p_lcssa50605098_read = read i10 @_ssdm_op_Read.ap_auto.i10, i10 %p_lcssa50605098"   --->   Operation 58 'read' 'p_lcssa50605098_read' <Predicate = true> <Delay = 0.00>
ST_1 : Operation 59 [1/1] (0.00ns)   --->   "%p_lcssa50615100_read = read i10 @_ssdm_op_Read.ap_auto.i10, i10 %p_lcssa50615100"   --->   Operation 59 'read' 'p_lcssa50615100_read' <Predicate = true> <Delay = 0.00>
ST_1 : Operation 60 [1/1] (0.00ns)   --->   "%p_lcssa50635102_read = read i10 @_ssdm_op_Read.ap_auto.i10, i10 %p_lcssa50635102"   --->   Operation 60 'read' 'p_lcssa50635102_read' <Predicate = true> <Delay = 0.00>
ST_1 : Operation 61 [1/1] (0.00ns)   --->   "%p_lcssa50645104_read = read i10 @_ssdm_op_Read.ap_auto.i10, i10 %p_lcssa50645104"   --->   Operation 61 'read' 'p_lcssa50645104_read' <Predicate = true> <Delay = 0.00>
ST_1 : Operation 62 [1/1] (0.00ns)   --->   "%p_lcssa50655106_read = read i10 @_ssdm_op_Read.ap_auto.i10, i10 %p_lcssa50655106"   --->   Operation 62 'read' 'p_lcssa50655106_read' <Predicate = true> <Delay = 0.00>
ST_1 : Operation 63 [1/1] (0.00ns)   --->   "%p_lcssa50675108_read = read i10 @_ssdm_op_Read.ap_auto.i10, i10 %p_lcssa50675108"   --->   Operation 63 'read' 'p_lcssa50675108_read' <Predicate = true> <Delay = 0.00>
ST_1 : Operation 64 [1/1] (0.00ns)   --->   "%p_lcssa50685110_read = read i10 @_ssdm_op_Read.ap_auto.i10, i10 %p_lcssa50685110"   --->   Operation 64 'read' 'p_lcssa50685110_read' <Predicate = true> <Delay = 0.00>
ST_1 : Operation 65 [1/1] (0.00ns)   --->   "%p_lcssa52275233_read = read i10 @_ssdm_op_Read.ap_auto.i10, i10 %p_lcssa52275233"   --->   Operation 65 'read' 'p_lcssa52275233_read' <Predicate = true> <Delay = 0.00>
ST_1 : Operation 66 [1/1] (0.00ns)   --->   "%p_lcssa52285235_read = read i10 @_ssdm_op_Read.ap_auto.i10, i10 %p_lcssa52285235"   --->   Operation 66 'read' 'p_lcssa52285235_read' <Predicate = true> <Delay = 0.00>
ST_1 : Operation 67 [1/1] (0.00ns)   --->   "%p_lcssa52295237_read = read i10 @_ssdm_op_Read.ap_auto.i10, i10 %p_lcssa52295237"   --->   Operation 67 'read' 'p_lcssa52295237_read' <Predicate = true> <Delay = 0.00>
ST_1 : Operation 68 [1/1] (0.00ns)   --->   "%p_lcssa52305239_read = read i10 @_ssdm_op_Read.ap_auto.i10, i10 %p_lcssa52305239"   --->   Operation 68 'read' 'p_lcssa52305239_read' <Predicate = true> <Delay = 0.00>
ST_1 : Operation 69 [1/1] (0.00ns)   --->   "%p_lcssa52315241_read = read i10 @_ssdm_op_Read.ap_auto.i10, i10 %p_lcssa52315241"   --->   Operation 69 'read' 'p_lcssa52315241_read' <Predicate = true> <Delay = 0.00>
ST_1 : Operation 70 [1/1] (0.00ns)   --->   "%linebuf_yuv_3 = alloca i64 1" [V:/zybo_z7_imx219/zybo_z7_imx219.runs/design_1_v_demosaic_0_0_synth_1/prj/sol/.autopilot/db/v_demosaic.cpp:283]   --->   Operation 70 'alloca' 'linebuf_yuv_3' <Predicate = true> <Delay = 0.00> <CoreInst = "RAM">   --->   Core 81 'RAM' <Latency = 1> <II = 1> <Delay = 3.25> <Storage> <Opcode : 'load' 'store'> <Ports = 2> <Width = 10> <Depth = 1921> <RAM>
ST_1 : Operation 71 [1/1] (0.00ns)   --->   "%linebuf_yuv_2 = alloca i64 1" [V:/zybo_z7_imx219/zybo_z7_imx219.runs/design_1_v_demosaic_0_0_synth_1/prj/sol/.autopilot/db/v_demosaic.cpp:283]   --->   Operation 71 'alloca' 'linebuf_yuv_2' <Predicate = true> <Delay = 0.00> <CoreInst = "RAM">   --->   Core 81 'RAM' <Latency = 1> <II = 1> <Delay = 3.25> <Storage> <Opcode : 'load' 'store'> <Ports = 2> <Width = 10> <Depth = 1921> <RAM>
ST_1 : Operation 72 [1/1] (0.00ns)   --->   "%linebuf_yuv_1 = alloca i64 1" [V:/zybo_z7_imx219/zybo_z7_imx219.runs/design_1_v_demosaic_0_0_synth_1/prj/sol/.autopilot/db/v_demosaic.cpp:283]   --->   Operation 72 'alloca' 'linebuf_yuv_1' <Predicate = true> <Delay = 0.00> <CoreInst = "RAM">   --->   Core 81 'RAM' <Latency = 1> <II = 1> <Delay = 3.25> <Storage> <Opcode : 'load' 'store'> <Ports = 2> <Width = 10> <Depth = 1921> <RAM>
ST_1 : Operation 73 [1/1] (0.00ns)   --->   "%linebuf_yuv = alloca i64 1" [V:/zybo_z7_imx219/zybo_z7_imx219.runs/design_1_v_demosaic_0_0_synth_1/prj/sol/.autopilot/db/v_demosaic.cpp:283]   --->   Operation 73 'alloca' 'linebuf_yuv' <Predicate = true> <Delay = 0.00> <CoreInst = "RAM">   --->   Core 81 'RAM' <Latency = 1> <II = 1> <Delay = 3.25> <Storage> <Opcode : 'load' 'store'> <Ports = 2> <Width = 10> <Depth = 1921> <RAM>
ST_1 : Operation 74 [1/1] (0.00ns)   --->   "%zext_ln274 = zext i16 %height_val_read" [V:/zybo_z7_imx219/zybo_z7_imx219.runs/design_1_v_demosaic_0_0_synth_1/prj/sol/.autopilot/db/v_demosaic.cpp:274]   --->   Operation 74 'zext' 'zext_ln274' <Predicate = true> <Delay = 0.00>
ST_1 : Operation 75 [1/1] (2.10ns)   --->   "%icmp_ln346 = icmp_ult  i17 %y_read, i17 %zext_ln274" [V:/zybo_z7_imx219/zybo_z7_imx219.runs/design_1_v_demosaic_0_0_synth_1/prj/sol/.autopilot/db/v_demosaic.cpp:346]   --->   Operation 75 'icmp' 'icmp_ln346' <Predicate = true> <Delay = 2.10> <CoreInst = "Cmp">   --->   Core 9 'Cmp' <Latency = 0> <II = 1> <Delay = 2.10> <FuncUnit> <Opcode : 'seteq' 'setne' 'setle' 'setge' 'setlt' 'setgt'> <InPorts = 2> <OutPorts = 1>
ST_1 : Operation 76 [1/1] (2.10ns)   --->   "%icmp_ln403 = icmp_ne  i17 %y_read, i17 0" [V:/zybo_z7_imx219/zybo_z7_imx219.runs/design_1_v_demosaic_0_0_synth_1/prj/sol/.autopilot/db/v_demosaic.cpp:403]   --->   Operation 76 'icmp' 'icmp_ln403' <Predicate = true> <Delay = 2.10> <CoreInst = "Cmp">   --->   Core 9 'Cmp' <Latency = 0> <II = 1> <Delay = 2.10> <FuncUnit> <Opcode : 'seteq' 'setne' 'setle' 'setge' 'setlt' 'setgt'> <InPorts = 2> <OutPorts = 1>
ST_1 : Operation 77 [1/1] (0.00ns)   --->   "%zext_ln275 = zext i16 %width_val_read" [V:/zybo_z7_imx219/zybo_z7_imx219.runs/design_1_v_demosaic_0_0_synth_1/prj/sol/.autopilot/db/v_demosaic.cpp:275]   --->   Operation 77 'zext' 'zext_ln275' <Predicate = true> <Delay = 0.00>
ST_1 : Operation 78 [1/1] (0.00ns)   --->   "%zext_ln439 = zext i1 %tmp_24" [V:/zybo_z7_imx219/zybo_z7_imx219.runs/design_1_v_demosaic_0_0_synth_1/prj/sol/.autopilot/db/v_demosaic.cpp:439]   --->   Operation 78 'zext' 'zext_ln439' <Predicate = true> <Delay = 0.00>
ST_1 : Operation 79 [1/1] (1.94ns)   --->   "%icmp_ln506 = icmp_eq  i15 %zext_ln439, i15 %trunc_ln_read" [V:/zybo_z7_imx219/zybo_z7_imx219.runs/design_1_v_demosaic_0_0_synth_1/prj/sol/.autopilot/db/v_demosaic.cpp:506]   --->   Operation 79 'icmp' 'icmp_ln506' <Predicate = true> <Delay = 1.94> <CoreInst = "Cmp">   --->   Core 9 'Cmp' <Latency = 0> <II = 1> <Delay = 1.94> <FuncUnit> <Opcode : 'seteq' 'setne' 'setle' 'setge' 'setlt' 'setgt'> <InPorts = 2> <OutPorts = 1>
ST_1 : Operation 80 [1/1] (1.58ns)   --->   "%store_ln0 = store i10 %p_lcssa50685110_read, i10 %empty_152"   --->   Operation 80 'store' 'store_ln0' <Predicate = true> <Delay = 1.58>
ST_1 : Operation 81 [1/1] (1.58ns)   --->   "%store_ln0 = store i10 %p_lcssa50675108_read, i10 %empty_151"   --->   Operation 81 'store' 'store_ln0' <Predicate = true> <Delay = 1.58>
ST_1 : Operation 82 [1/1] (1.58ns)   --->   "%store_ln0 = store i10 %p_lcssa50655106_read, i10 %empty_150"   --->   Operation 82 'store' 'store_ln0' <Predicate = true> <Delay = 1.58>
ST_1 : Operation 83 [1/1] (1.58ns)   --->   "%store_ln0 = store i10 %p_lcssa50645104_read, i10 %empty_149"   --->   Operation 83 'store' 'store_ln0' <Predicate = true> <Delay = 1.58>
ST_1 : Operation 84 [1/1] (1.58ns)   --->   "%store_ln0 = store i10 %p_lcssa50635102_read, i10 %empty_148"   --->   Operation 84 'store' 'store_ln0' <Predicate = true> <Delay = 1.58>
ST_1 : Operation 85 [1/1] (1.58ns)   --->   "%store_ln0 = store i10 %p_lcssa50615100_read, i10 %empty_147"   --->   Operation 85 'store' 'store_ln0' <Predicate = true> <Delay = 1.58>
ST_1 : Operation 86 [1/1] (1.58ns)   --->   "%store_ln0 = store i10 %p_lcssa50605098_read, i10 %empty_146"   --->   Operation 86 'store' 'store_ln0' <Predicate = true> <Delay = 1.58>
ST_1 : Operation 87 [1/1] (1.58ns)   --->   "%store_ln0 = store i10 %p_lcssa50595096_read, i10 %empty_145"   --->   Operation 87 'store' 'store_ln0' <Predicate = true> <Delay = 1.58>
ST_1 : Operation 88 [1/1] (1.58ns)   --->   "%store_ln0 = store i10 %p_lcssa50575094_read, i10 %empty_144"   --->   Operation 88 'store' 'store_ln0' <Predicate = true> <Delay = 1.58>
ST_1 : Operation 89 [1/1] (1.58ns)   --->   "%store_ln0 = store i10 %p_lcssa50565092_read, i10 %empty_143"   --->   Operation 89 'store' 'store_ln0' <Predicate = true> <Delay = 1.58>
ST_1 : Operation 90 [1/1] (1.58ns)   --->   "%store_ln0 = store i10 %p_lcssa50555090_read, i10 %empty_142"   --->   Operation 90 'store' 'store_ln0' <Predicate = true> <Delay = 1.58>
ST_1 : Operation 91 [1/1] (1.58ns)   --->   "%store_ln0 = store i10 %p_lcssa50535088_read, i10 %empty_141"   --->   Operation 91 'store' 'store_ln0' <Predicate = true> <Delay = 1.58>
ST_1 : Operation 92 [1/1] (1.58ns)   --->   "%store_ln0 = store i10 %p_lcssa50525086_read, i10 %empty_140"   --->   Operation 92 'store' 'store_ln0' <Predicate = true> <Delay = 1.58>
ST_1 : Operation 93 [1/1] (1.58ns)   --->   "%store_ln0 = store i10 %p_lcssa50515084_read, i10 %empty_139"   --->   Operation 93 'store' 'store_ln0' <Predicate = true> <Delay = 1.58>
ST_1 : Operation 94 [1/1] (1.58ns)   --->   "%store_ln0 = store i10 %p_lcssa50495082_read, i10 %empty_138"   --->   Operation 94 'store' 'store_ln0' <Predicate = true> <Delay = 1.58>
ST_1 : Operation 95 [1/1] (1.58ns)   --->   "%store_ln0 = store i10 %p_lcssa52315241_read, i10 %empty_137"   --->   Operation 95 'store' 'store_ln0' <Predicate = true> <Delay = 1.58>
ST_1 : Operation 96 [1/1] (1.58ns)   --->   "%store_ln0 = store i10 %p_lcssa52305239_read, i10 %empty_136"   --->   Operation 96 'store' 'store_ln0' <Predicate = true> <Delay = 1.58>
ST_1 : Operation 97 [1/1] (1.58ns)   --->   "%store_ln0 = store i10 %p_lcssa52295237_read, i10 %empty_135"   --->   Operation 97 'store' 'store_ln0' <Predicate = true> <Delay = 1.58>
ST_1 : Operation 98 [1/1] (1.58ns)   --->   "%store_ln0 = store i10 %p_lcssa52285235_read, i10 %empty_134"   --->   Operation 98 'store' 'store_ln0' <Predicate = true> <Delay = 1.58>
ST_1 : Operation 99 [1/1] (1.58ns)   --->   "%store_ln0 = store i10 %p_lcssa52275233_read, i10 %empty_133"   --->   Operation 99 'store' 'store_ln0' <Predicate = true> <Delay = 1.58>
ST_1 : Operation 100 [1/1] (1.58ns)   --->   "%store_ln271 = store i17 0, i17 %x" [V:/zybo_z7_imx219/zybo_z7_imx219.runs/design_1_v_demosaic_0_0_synth_1/prj/sol/.autopilot/db/v_demosaic.cpp:271]   --->   Operation 100 'store' 'store_ln271' <Predicate = true> <Delay = 1.58>
ST_1 : Operation 101 [1/1] (0.00ns)   --->   "%br_ln318 = br void %for.body49" [V:/zybo_z7_imx219/zybo_z7_imx219.runs/design_1_v_demosaic_0_0_synth_1/prj/sol/.autopilot/db/v_demosaic.cpp:318]   --->   Operation 101 'br' 'br_ln318' <Predicate = true> <Delay = 0.00>
ST_1 : Operation 102 [1/1] (0.00ns)   --->   "%z = load i17 %x" [V:/zybo_z7_imx219/zybo_z7_imx219.runs/design_1_v_demosaic_0_0_synth_1/prj/sol/.autopilot/db/v_demosaic.cpp:326]   --->   Operation 102 'load' 'z' <Predicate = true> <Delay = 0.00>
ST_1 : Operation 103 [1/1] (2.10ns)   --->   "%icmp_ln318 = icmp_eq  i17 %z, i17 %loopWidth_read" [V:/zybo_z7_imx219/zybo_z7_imx219.runs/design_1_v_demosaic_0_0_synth_1/prj/sol/.autopilot/db/v_demosaic.cpp:318]   --->   Operation 103 'icmp' 'icmp_ln318' <Predicate = true> <Delay = 2.10> <CoreInst = "Cmp">   --->   Core 9 'Cmp' <Latency = 0> <II = 1> <Delay = 2.10> <FuncUnit> <Opcode : 'seteq' 'setne' 'setle' 'setge' 'setlt' 'setgt'> <InPorts = 2> <OutPorts = 1>
ST_1 : Operation 104 [1/1] (2.10ns)   --->   "%x_11 = add i17 %z, i17 1" [V:/zybo_z7_imx219/zybo_z7_imx219.runs/design_1_v_demosaic_0_0_synth_1/prj/sol/.autopilot/db/v_demosaic.cpp:323]   --->   Operation 104 'add' 'x_11' <Predicate = true> <Delay = 2.10> <CoreInst = "Adder">   --->   Core 1 'Adder' <Latency = 0> <II = 1> <Delay = 2.10> <FuncUnit> <Opcode : 'add' 'sub'> <InPorts = 2> <OutPorts = 1>
ST_1 : Operation 105 [1/1] (0.00ns)   --->   "%br_ln318 = br i1 %icmp_ln318, void %for.body49.split, void %for.inc748.exitStub" [V:/zybo_z7_imx219/zybo_z7_imx219.runs/design_1_v_demosaic_0_0_synth_1/prj/sol/.autopilot/db/v_demosaic.cpp:318]   --->   Operation 105 'br' 'br_ln318' <Predicate = true> <Delay = 0.00>
ST_1 : Operation 106 [1/1] (0.00ns)   --->   "%specpipeline_ln321 = specpipeline void @_ssdm_op_SpecPipeline, i32 1, i32 0, i32 0, i32 0, i32 4294967295, void @empty_14" [V:/zybo_z7_imx219/zybo_z7_imx219.runs/design_1_v_demosaic_0_0_synth_1/prj/sol/.autopilot/db/v_demosaic.cpp:321]   --->   Operation 106 'specpipeline' 'specpipeline_ln321' <Predicate = (!icmp_ln318)> <Delay = 0.00>
ST_1 : Operation 107 [1/1] (0.00ns)   --->   "%speclooptripcount_ln282 = speclooptripcount void @_ssdm_op_SpecLoopTripCount, i64 2, i64 65537, i64 32769" [V:/zybo_z7_imx219/zybo_z7_imx219.runs/design_1_v_demosaic_0_0_synth_1/prj/sol/.autopilot/db/v_demosaic.cpp:282]   --->   Operation 107 'speclooptripcount' 'speclooptripcount_ln282' <Predicate = (!icmp_ln318)> <Delay = 0.00>
ST_1 : Operation 108 [1/1] (0.00ns)   --->   "%specloopname_ln318 = specloopname void @_ssdm_op_SpecLoopName, void @empty_4" [V:/zybo_z7_imx219/zybo_z7_imx219.runs/design_1_v_demosaic_0_0_synth_1/prj/sol/.autopilot/db/v_demosaic.cpp:318]   --->   Operation 108 'specloopname' 'specloopname_ln318' <Predicate = (!icmp_ln318)> <Delay = 0.00>
ST_1 : Operation 109 [1/1] (0.00ns)   --->   "%zext_ln318 = zext i17 %x_11" [V:/zybo_z7_imx219/zybo_z7_imx219.runs/design_1_v_demosaic_0_0_synth_1/prj/sol/.autopilot/db/v_demosaic.cpp:318]   --->   Operation 109 'zext' 'zext_ln318' <Predicate = (!icmp_ln318)> <Delay = 0.00>
ST_1 : Operation 110 [1/1] (2.10ns)   --->   "%out_x = add i17 %z, i17 131070" [V:/zybo_z7_imx219/zybo_z7_imx219.runs/design_1_v_demosaic_0_0_synth_1/prj/sol/.autopilot/db/v_demosaic.cpp:326]   --->   Operation 110 'add' 'out_x' <Predicate = (!icmp_ln318)> <Delay = 2.10> <CoreInst = "Adder">   --->   Core 1 'Adder' <Latency = 0> <II = 1> <Delay = 2.10> <FuncUnit> <Opcode : 'add' 'sub'> <InPorts = 2> <OutPorts = 1>
ST_1 : Operation 111 [1/1] (0.00ns)   --->   "%trunc_ln279 = trunc i17 %out_x" [V:/zybo_z7_imx219/zybo_z7_imx219.runs/design_1_v_demosaic_0_0_synth_1/prj/sol/.autopilot/db/v_demosaic.cpp:279]   --->   Operation 111 'trunc' 'trunc_ln279' <Predicate = (!icmp_ln318)> <Delay = 0.00>
ST_1 : Operation 112 [1/1] (2.10ns)   --->   "%icmp_ln328 = icmp_ult  i17 %z, i17 %zext_ln275" [V:/zybo_z7_imx219/zybo_z7_imx219.runs/design_1_v_demosaic_0_0_synth_1/prj/sol/.autopilot/db/v_demosaic.cpp:328]   --->   Operation 112 'icmp' 'icmp_ln328' <Predicate = (!icmp_ln318)> <Delay = 2.10> <CoreInst = "Cmp">   --->   Core 9 'Cmp' <Latency = 0> <II = 1> <Delay = 2.10> <FuncUnit> <Opcode : 'seteq' 'setne' 'setle' 'setge' 'setlt' 'setgt'> <InPorts = 2> <OutPorts = 1>
ST_1 : Operation 113 [1/1] (1.58ns)   --->   "%br_ln328 = br i1 %icmp_ln328, void %for.body226_ifconv, void %VITIS_LOOP_331_5" [V:/zybo_z7_imx219/zybo_z7_imx219.runs/design_1_v_demosaic_0_0_synth_1/prj/sol/.autopilot/db/v_demosaic.cpp:328]   --->   Operation 113 'br' 'br_ln328' <Predicate = (!icmp_ln318)> <Delay = 1.58>
ST_1 : Operation 114 [1/1] (0.00ns)   --->   "%linebuf_yuv_addr = getelementptr i10 %linebuf_yuv, i64 0, i64 %zext_ln318" [v:/zybo_z7_imx219/zybo_z7_imx219.gen/sources_1/bd/design_1/ip/design_1_v_demosaic_0_0/src/hls/hls_video_mem.h:850->V:/zybo_z7_imx219/zybo_z7_imx219.runs/design_1_v_demosaic_0_0_synth_1/prj/sol/.autopilot/db/v_demosaic.cpp:333]   --->   Operation 114 'getelementptr' 'linebuf_yuv_addr' <Predicate = (!icmp_ln318 & icmp_ln328)> <Delay = 0.00>
ST_1 : Operation 115 [2/2] (3.25ns)   --->   "%LineBufVal = load i11 %linebuf_yuv_addr" [V:/zybo_z7_imx219/zybo_z7_imx219.runs/design_1_v_demosaic_0_0_synth_1/prj/sol/.autopilot/db/v_demosaic.cpp:333]   --->   Operation 115 'load' 'LineBufVal' <Predicate = (!icmp_ln318 & icmp_ln328)> <Delay = 3.25> <CoreInst = "RAM">   --->   Core 81 'RAM' <Latency = 1> <II = 1> <Delay = 3.25> <Storage> <Opcode : 'load' 'store'> <Ports = 2> <Width = 10> <Depth = 1921> <RAM>
ST_1 : Operation 116 [1/1] (0.00ns)   --->   "%linebuf_yuv_1_addr = getelementptr i10 %linebuf_yuv_1, i64 0, i64 %zext_ln318" [v:/zybo_z7_imx219/zybo_z7_imx219.gen/sources_1/bd/design_1/ip/design_1_v_demosaic_0_0/src/hls/hls_video_mem.h:850->V:/zybo_z7_imx219/zybo_z7_imx219.runs/design_1_v_demosaic_0_0_synth_1/prj/sol/.autopilot/db/v_demosaic.cpp:333]   --->   Operation 116 'getelementptr' 'linebuf_yuv_1_addr' <Predicate = (!icmp_ln318 & icmp_ln328)> <Delay = 0.00>
ST_1 : Operation 117 [2/2] (3.25ns)   --->   "%LineBufVal_5 = load i11 %linebuf_yuv_1_addr" [V:/zybo_z7_imx219/zybo_z7_imx219.runs/design_1_v_demosaic_0_0_synth_1/prj/sol/.autopilot/db/v_demosaic.cpp:333]   --->   Operation 117 'load' 'LineBufVal_5' <Predicate = (!icmp_ln318 & icmp_ln328)> <Delay = 3.25> <CoreInst = "RAM">   --->   Core 81 'RAM' <Latency = 1> <II = 1> <Delay = 3.25> <Storage> <Opcode : 'load' 'store'> <Ports = 2> <Width = 10> <Depth = 1921> <RAM>
ST_1 : Operation 118 [1/1] (0.00ns)   --->   "%linebuf_yuv_2_addr = getelementptr i10 %linebuf_yuv_2, i64 0, i64 %zext_ln318" [v:/zybo_z7_imx219/zybo_z7_imx219.gen/sources_1/bd/design_1/ip/design_1_v_demosaic_0_0/src/hls/hls_video_mem.h:850->V:/zybo_z7_imx219/zybo_z7_imx219.runs/design_1_v_demosaic_0_0_synth_1/prj/sol/.autopilot/db/v_demosaic.cpp:333]   --->   Operation 118 'getelementptr' 'linebuf_yuv_2_addr' <Predicate = (!icmp_ln318 & icmp_ln328)> <Delay = 0.00>
ST_1 : Operation 119 [2/2] (3.25ns)   --->   "%LineBufVal_6 = load i11 %linebuf_yuv_2_addr" [V:/zybo_z7_imx219/zybo_z7_imx219.runs/design_1_v_demosaic_0_0_synth_1/prj/sol/.autopilot/db/v_demosaic.cpp:333]   --->   Operation 119 'load' 'LineBufVal_6' <Predicate = (!icmp_ln318 & icmp_ln328)> <Delay = 3.25> <CoreInst = "RAM">   --->   Core 81 'RAM' <Latency = 1> <II = 1> <Delay = 3.25> <Storage> <Opcode : 'load' 'store'> <Ports = 2> <Width = 10> <Depth = 1921> <RAM>
ST_1 : Operation 120 [1/1] (0.00ns)   --->   "%linebuf_yuv_3_addr = getelementptr i10 %linebuf_yuv_3, i64 0, i64 %zext_ln318" [v:/zybo_z7_imx219/zybo_z7_imx219.gen/sources_1/bd/design_1/ip/design_1_v_demosaic_0_0/src/hls/hls_video_mem.h:850->V:/zybo_z7_imx219/zybo_z7_imx219.runs/design_1_v_demosaic_0_0_synth_1/prj/sol/.autopilot/db/v_demosaic.cpp:333]   --->   Operation 120 'getelementptr' 'linebuf_yuv_3_addr' <Predicate = (!icmp_ln318 & icmp_ln328)> <Delay = 0.00>
ST_1 : Operation 121 [2/2] (3.25ns)   --->   "%LineBufVal_7 = load i11 %linebuf_yuv_3_addr" [V:/zybo_z7_imx219/zybo_z7_imx219.runs/design_1_v_demosaic_0_0_synth_1/prj/sol/.autopilot/db/v_demosaic.cpp:333]   --->   Operation 121 'load' 'LineBufVal_7' <Predicate = (!icmp_ln318 & icmp_ln328)> <Delay = 3.25> <CoreInst = "RAM">   --->   Core 81 'RAM' <Latency = 1> <II = 1> <Delay = 3.25> <Storage> <Opcode : 'load' 'store'> <Ports = 2> <Width = 10> <Depth = 1921> <RAM>
ST_1 : Operation 122 [1/1] (1.58ns)   --->   "%br_ln346 = br i1 %icmp_ln346, void %VITIS_LOOP_372_11, void %VITIS_LOOP_349_8" [V:/zybo_z7_imx219/zybo_z7_imx219.runs/design_1_v_demosaic_0_0_synth_1/prj/sol/.autopilot/db/v_demosaic.cpp:346]   --->   Operation 122 'br' 'br_ln346' <Predicate = (!icmp_ln318 & icmp_ln328)> <Delay = 1.58>
ST_1 : Operation 123 [1/1] (1.58ns)   --->   "%br_ln357 = br void %VITIS_LOOP_372_11" [V:/zybo_z7_imx219/zybo_z7_imx219.runs/design_1_v_demosaic_0_0_synth_1/prj/sol/.autopilot/db/v_demosaic.cpp:357]   --->   Operation 123 'br' 'br_ln357' <Predicate = (!icmp_ln318 & icmp_ln328 & icmp_ln346)> <Delay = 1.58>
ST_1 : Operation 124 [1/1] (2.10ns)   --->   "%icmp_ln387 = icmp_eq  i17 %z, i17 0" [V:/zybo_z7_imx219/zybo_z7_imx219.runs/design_1_v_demosaic_0_0_synth_1/prj/sol/.autopilot/db/v_demosaic.cpp:387]   --->   Operation 124 'icmp' 'icmp_ln387' <Predicate = (!icmp_ln318 & icmp_ln328)> <Delay = 2.10> <CoreInst = "Cmp">   --->   Core 9 'Cmp' <Latency = 0> <II = 1> <Delay = 2.10> <FuncUnit> <Opcode : 'seteq' 'setne' 'setle' 'setge' 'setlt' 'setgt'> <InPorts = 2> <OutPorts = 1>
ST_1 : Operation 125 [1/1] (0.00ns) (grouped into LUT with out node icmp_ln439)   --->   "%xor_ln439_1 = xor i1 %trunc_ln279, i1 %tmp" [V:/zybo_z7_imx219/zybo_z7_imx219.runs/design_1_v_demosaic_0_0_synth_1/prj/sol/.autopilot/db/v_demosaic.cpp:439]   --->   Operation 125 'xor' 'xor_ln439_1' <Predicate = (!icmp_ln318)> <Delay = 0.00> <CoreInst = "LogicGate">   --->   Core 74 'LogicGate' <Latency = 0> <II = 1> <Delay = 0.97> <FuncUnit> <Opcode : 'and' 'or' 'xor'> <InPorts = 2> <OutPorts = 1>
ST_1 : Operation 126 [1/1] (0.00ns) (grouped into LUT with out node icmp_ln439)   --->   "%zext_ln439_1 = zext i1 %xor_ln439_1" [V:/zybo_z7_imx219/zybo_z7_imx219.runs/design_1_v_demosaic_0_0_synth_1/prj/sol/.autopilot/db/v_demosaic.cpp:439]   --->   Operation 126 'zext' 'zext_ln439_1' <Predicate = (!icmp_ln318)> <Delay = 0.00>
ST_1 : Operation 127 [1/1] (1.94ns) (out node of the LUT)   --->   "%icmp_ln439 = icmp_eq  i15 %xor_ln439_read, i15 %zext_ln439_1" [V:/zybo_z7_imx219/zybo_z7_imx219.runs/design_1_v_demosaic_0_0_synth_1/prj/sol/.autopilot/db/v_demosaic.cpp:439]   --->   Operation 127 'icmp' 'icmp_ln439' <Predicate = (!icmp_ln318)> <Delay = 1.94> <CoreInst = "Cmp">   --->   Core 9 'Cmp' <Latency = 0> <II = 1> <Delay = 1.94> <FuncUnit> <Opcode : 'seteq' 'setne' 'setle' 'setge' 'setlt' 'setgt'> <InPorts = 2> <OutPorts = 1>
ST_1 : Operation 128 [1/1] (1.00ns)   --->   "%or_ln585 = or i17 %out_x, i17 %out_y_read" [V:/zybo_z7_imx219/zybo_z7_imx219.runs/design_1_v_demosaic_0_0_synth_1/prj/sol/.autopilot/db/v_demosaic.cpp:585]   --->   Operation 128 'or' 'or_ln585' <Predicate = (!icmp_ln318)> <Delay = 1.00> <CoreInst = "LogicGate">   --->   Core 74 'LogicGate' <Latency = 0> <II = 1> <Delay = 1.00> <FuncUnit> <Opcode : 'and' 'or' 'xor'> <InPorts = 2> <OutPorts = 1>
ST_1 : Operation 129 [1/1] (0.00ns)   --->   "%tmp_52 = bitselect i1 @_ssdm_op_BitSelect.i1.i17.i32, i17 %or_ln585, i32 16" [V:/zybo_z7_imx219/zybo_z7_imx219.runs/design_1_v_demosaic_0_0_synth_1/prj/sol/.autopilot/db/v_demosaic.cpp:585]   --->   Operation 129 'bitselect' 'tmp_52' <Predicate = (!icmp_ln318)> <Delay = 0.00>
ST_1 : Operation 130 [1/1] (0.00ns)   --->   "%br_ln585 = br i1 %tmp_52, void %if.then743, void %for.inc745" [V:/zybo_z7_imx219/zybo_z7_imx219.runs/design_1_v_demosaic_0_0_synth_1/prj/sol/.autopilot/db/v_demosaic.cpp:585]   --->   Operation 130 'br' 'br_ln585' <Predicate = (!icmp_ln318)> <Delay = 0.00>
ST_1 : Operation 131 [1/1] (1.58ns)   --->   "%store_ln271 = store i17 %x_11, i17 %x" [V:/zybo_z7_imx219/zybo_z7_imx219.runs/design_1_v_demosaic_0_0_synth_1/prj/sol/.autopilot/db/v_demosaic.cpp:271]   --->   Operation 131 'store' 'store_ln271' <Predicate = (!icmp_ln318)> <Delay = 1.58>

State 2 <SV = 1> <Delay = 6.88>
ST_2 : Operation 132 [1/1] (0.00ns)   --->   "%p_load220 = load i10 %empty_133"   --->   Operation 132 'load' 'p_load220' <Predicate = true> <Delay = 0.00>
ST_2 : Operation 133 [1/1] (0.00ns)   --->   "%p_load218 = load i10 %empty_134"   --->   Operation 133 'load' 'p_load218' <Predicate = true> <Delay = 0.00>
ST_2 : Operation 134 [1/1] (0.00ns)   --->   "%p_load216 = load i10 %empty_135"   --->   Operation 134 'load' 'p_load216' <Predicate = true> <Delay = 0.00>
ST_2 : Operation 135 [1/1] (0.00ns)   --->   "%p_load214 = load i10 %empty_136"   --->   Operation 135 'load' 'p_load214' <Predicate = true> <Delay = 0.00>
ST_2 : Operation 136 [1/1] (0.00ns)   --->   "%p_load212 = load i10 %empty_137"   --->   Operation 136 'load' 'p_load212' <Predicate = true> <Delay = 0.00>
ST_2 : Operation 137 [1/2] ( I:3.25ns O:3.25ns )   --->   "%LineBufVal = load i11 %linebuf_yuv_addr" [V:/zybo_z7_imx219/zybo_z7_imx219.runs/design_1_v_demosaic_0_0_synth_1/prj/sol/.autopilot/db/v_demosaic.cpp:333]   --->   Operation 137 'load' 'LineBufVal' <Predicate = (!icmp_ln318 & icmp_ln328)> <Delay = 3.25> <CoreInst = "RAM">   --->   Core 81 'RAM' <Latency = 1> <II = 1> <Delay = 3.25> <Storage> <Opcode : 'load' 'store'> <Ports = 2> <Width = 10> <Depth = 1921> <RAM>
ST_2 : Operation 138 [1/2] ( I:3.25ns O:3.25ns )   --->   "%LineBufVal_5 = load i11 %linebuf_yuv_1_addr" [V:/zybo_z7_imx219/zybo_z7_imx219.runs/design_1_v_demosaic_0_0_synth_1/prj/sol/.autopilot/db/v_demosaic.cpp:333]   --->   Operation 138 'load' 'LineBufVal_5' <Predicate = (!icmp_ln318 & icmp_ln328)> <Delay = 3.25> <CoreInst = "RAM">   --->   Core 81 'RAM' <Latency = 1> <II = 1> <Delay = 3.25> <Storage> <Opcode : 'load' 'store'> <Ports = 2> <Width = 10> <Depth = 1921> <RAM>
ST_2 : Operation 139 [1/2] ( I:3.25ns O:3.25ns )   --->   "%LineBufVal_6 = load i11 %linebuf_yuv_2_addr" [V:/zybo_z7_imx219/zybo_z7_imx219.runs/design_1_v_demosaic_0_0_synth_1/prj/sol/.autopilot/db/v_demosaic.cpp:333]   --->   Operation 139 'load' 'LineBufVal_6' <Predicate = (!icmp_ln318 & icmp_ln328)> <Delay = 3.25> <CoreInst = "RAM">   --->   Core 81 'RAM' <Latency = 1> <II = 1> <Delay = 3.25> <Storage> <Opcode : 'load' 'store'> <Ports = 2> <Width = 10> <Depth = 1921> <RAM>
ST_2 : Operation 140 [1/2] ( I:3.25ns O:3.25ns )   --->   "%LineBufVal_7 = load i11 %linebuf_yuv_3_addr" [V:/zybo_z7_imx219/zybo_z7_imx219.runs/design_1_v_demosaic_0_0_synth_1/prj/sol/.autopilot/db/v_demosaic.cpp:333]   --->   Operation 140 'load' 'LineBufVal_7' <Predicate = (!icmp_ln318 & icmp_ln328)> <Delay = 3.25> <CoreInst = "RAM">   --->   Core 81 'RAM' <Latency = 1> <II = 1> <Delay = 3.25> <Storage> <Opcode : 'load' 'store'> <Ports = 2> <Width = 10> <Depth = 1921> <RAM>
ST_2 : Operation 141 [1/1] ( I:3.63ns O:3.63ns )   --->   "%imgBayer_read = read i10 @_ssdm_op_Read.ap_fifo.volatile.i10P0A, i10 %imgBayer" [V:/zybo_z7_imx219/zybo_z7_imx219.runs/design_1_v_demosaic_0_0_synth_1/prj/sol/.autopilot/db/v_demosaic.cpp:348]   --->   Operation 141 'read' 'imgBayer_read' <Predicate = (!icmp_ln318 & icmp_ln328 & icmp_ln346)> <Delay = 3.63> <CoreInst = "FIFO_SRL">   --->   Core 80 'FIFO_SRL' <Latency = 0> <II = 1> <Delay = 3.63> <Storage> <Opcode : 'read' 'write' 'nbread' 'nbwrite'> <Ports = 0> <Width = 10> <Depth = 2> <FIFO>
ST_2 : Operation 142 [1/1] ( I:3.25ns O:3.25ns )   --->   "%store_ln812 = store i10 %imgBayer_read, i11 %linebuf_yuv_addr" [v:/zybo_z7_imx219/zybo_z7_imx219.gen/sources_1/bd/design_1/ip/design_1_v_demosaic_0_0/src/hls/hls_video_mem.h:812->v:/zybo_z7_imx219/zybo_z7_imx219.gen/sources_1/bd/design_1/ip/design_1_v_demosaic_0_0/src/hls/hls_video_mem.h:888->V:/zybo_z7_imx219/zybo_z7_imx219.runs/design_1_v_demosaic_0_0_synth_1/prj/sol/.autopilot/db/v_demosaic.cpp:354]   --->   Operation 142 'store' 'store_ln812' <Predicate = (!icmp_ln318 & icmp_ln328 & icmp_ln346)> <Delay = 3.25> <CoreInst = "RAM">   --->   Core 81 'RAM' <Latency = 1> <II = 1> <Delay = 3.25> <Storage> <Opcode : 'load' 'store'> <Ports = 2> <Width = 10> <Depth = 1921> <RAM>
ST_2 : Operation 143 [1/1] (0.00ns)   --->   "%p_ph = phi i10 %imgBayer_read, void %VITIS_LOOP_349_8, i10 %LineBufVal, void %VITIS_LOOP_331_5"   --->   Operation 143 'phi' 'p_ph' <Predicate = (!icmp_ln318 & icmp_ln328)> <Delay = 0.00>
ST_2 : Operation 144 [1/1] (1.58ns)   --->   "%store_ln348 = store i10 %p_ph, i10 %empty_137" [V:/zybo_z7_imx219/zybo_z7_imx219.runs/design_1_v_demosaic_0_0_synth_1/prj/sol/.autopilot/db/v_demosaic.cpp:348]   --->   Operation 144 'store' 'store_ln348' <Predicate = (!icmp_ln318 & icmp_ln328)> <Delay = 1.58>
ST_2 : Operation 145 [1/1] (1.58ns)   --->   "%store_ln333 = store i10 %LineBufVal, i10 %empty_136" [V:/zybo_z7_imx219/zybo_z7_imx219.runs/design_1_v_demosaic_0_0_synth_1/prj/sol/.autopilot/db/v_demosaic.cpp:333]   --->   Operation 145 'store' 'store_ln333' <Predicate = (!icmp_ln318 & icmp_ln328)> <Delay = 1.58>
ST_2 : Operation 146 [1/1] (1.58ns)   --->   "%store_ln333 = store i10 %LineBufVal_5, i10 %empty_135" [V:/zybo_z7_imx219/zybo_z7_imx219.runs/design_1_v_demosaic_0_0_synth_1/prj/sol/.autopilot/db/v_demosaic.cpp:333]   --->   Operation 146 'store' 'store_ln333' <Predicate = (!icmp_ln318 & icmp_ln328)> <Delay = 1.58>
ST_2 : Operation 147 [1/1] (1.58ns)   --->   "%store_ln333 = store i10 %LineBufVal_6, i10 %empty_134" [V:/zybo_z7_imx219/zybo_z7_imx219.runs/design_1_v_demosaic_0_0_synth_1/prj/sol/.autopilot/db/v_demosaic.cpp:333]   --->   Operation 147 'store' 'store_ln333' <Predicate = (!icmp_ln318 & icmp_ln328)> <Delay = 1.58>
ST_2 : Operation 148 [1/1] (1.58ns)   --->   "%store_ln333 = store i10 %LineBufVal_7, i10 %empty_133" [V:/zybo_z7_imx219/zybo_z7_imx219.runs/design_1_v_demosaic_0_0_synth_1/prj/sol/.autopilot/db/v_demosaic.cpp:333]   --->   Operation 148 'store' 'store_ln333' <Predicate = (!icmp_ln318 & icmp_ln328)> <Delay = 1.58>

State 3 <SV = 2> <Delay = 6.06>
ST_3 : Operation 149 [1/1] (0.00ns)   --->   "%p_load211 = load i10 %empty_138"   --->   Operation 149 'load' 'p_load211' <Predicate = true> <Delay = 0.00>
ST_3 : Operation 150 [1/1] (0.00ns)   --->   "%p_load210 = load i10 %empty_139"   --->   Operation 150 'load' 'p_load210' <Predicate = true> <Delay = 0.00>
ST_3 : Operation 151 [1/1] (0.00ns)   --->   "%p_load209 = load i10 %empty_140"   --->   Operation 151 'load' 'p_load209' <Predicate = true> <Delay = 0.00>
ST_3 : Operation 152 [1/1] (0.00ns)   --->   "%p_load208 = load i10 %empty_141"   --->   Operation 152 'load' 'p_load208' <Predicate = true> <Delay = 0.00>
ST_3 : Operation 153 [1/1] (0.00ns)   --->   "%p_load207 = load i10 %empty_142"   --->   Operation 153 'load' 'p_load207' <Predicate = true> <Delay = 0.00>
ST_3 : Operation 154 [1/1] (0.00ns)   --->   "%p_load206 = load i10 %empty_143"   --->   Operation 154 'load' 'p_load206' <Predicate = true> <Delay = 0.00>
ST_3 : Operation 155 [1/1] (0.00ns)   --->   "%p_load205 = load i10 %empty_144"   --->   Operation 155 'load' 'p_load205' <Predicate = true> <Delay = 0.00>
ST_3 : Operation 156 [1/1] (0.00ns)   --->   "%p_load204 = load i10 %empty_145"   --->   Operation 156 'load' 'p_load204' <Predicate = true> <Delay = 0.00>
ST_3 : Operation 157 [1/1] (0.00ns)   --->   "%p_load203 = load i10 %empty_146"   --->   Operation 157 'load' 'p_load203' <Predicate = true> <Delay = 0.00>
ST_3 : Operation 158 [1/1] (0.00ns)   --->   "%p_load202 = load i10 %empty_147"   --->   Operation 158 'load' 'p_load202' <Predicate = true> <Delay = 0.00>
ST_3 : Operation 159 [1/1] (0.00ns)   --->   "%p_load201 = load i10 %empty_148"   --->   Operation 159 'load' 'p_load201' <Predicate = true> <Delay = 0.00>
ST_3 : Operation 160 [1/1] (0.00ns)   --->   "%p_load200 = load i10 %empty_149"   --->   Operation 160 'load' 'p_load200' <Predicate = true> <Delay = 0.00>
ST_3 : Operation 161 [1/1] (0.00ns)   --->   "%p_load199 = load i10 %empty_150"   --->   Operation 161 'load' 'p_load199' <Predicate = true> <Delay = 0.00>
ST_3 : Operation 162 [1/1] (0.00ns)   --->   "%p_load198 = load i10 %empty_151"   --->   Operation 162 'load' 'p_load198' <Predicate = true> <Delay = 0.00>
ST_3 : Operation 163 [1/1] (0.00ns)   --->   "%p_load = load i10 %empty_152"   --->   Operation 163 'load' 'p_load' <Predicate = true> <Delay = 0.00>
ST_3 : Operation 164 [1/1] (0.68ns)   --->   "%select_ln387 = select i1 %icmp_ln387, i10 %LineBufVal_6, i10 %p_load218" [V:/zybo_z7_imx219/zybo_z7_imx219.runs/design_1_v_demosaic_0_0_synth_1/prj/sol/.autopilot/db/v_demosaic.cpp:387]   --->   Operation 164 'select' 'select_ln387' <Predicate = (!icmp_ln318 & icmp_ln328)> <Delay = 0.68> <CoreInst = "Sel">   --->   Core 73 'Sel' <Latency = 0> <II = 1> <Delay = 0.68> <FuncUnit> <Opcode : 'select'> <InPorts = 3> <OutPorts = 1>
ST_3 : Operation 165 [1/1] (0.68ns)   --->   "%select_ln387_1 = select i1 %icmp_ln387, i10 %LineBufVal_6, i10 %p_load206" [V:/zybo_z7_imx219/zybo_z7_imx219.runs/design_1_v_demosaic_0_0_synth_1/prj/sol/.autopilot/db/v_demosaic.cpp:387]   --->   Operation 165 'select' 'select_ln387_1' <Predicate = (!icmp_ln318 & icmp_ln328)> <Delay = 0.68> <CoreInst = "Sel">   --->   Core 73 'Sel' <Latency = 0> <II = 1> <Delay = 0.68> <FuncUnit> <Opcode : 'select'> <InPorts = 3> <OutPorts = 1>
ST_3 : Operation 166 [1/1] (0.68ns)   --->   "%select_ln387_2 = select i1 %icmp_ln387, i10 %LineBufVal_6, i10 %p_load208" [V:/zybo_z7_imx219/zybo_z7_imx219.runs/design_1_v_demosaic_0_0_synth_1/prj/sol/.autopilot/db/v_demosaic.cpp:387]   --->   Operation 166 'select' 'select_ln387_2' <Predicate = (!icmp_ln318 & icmp_ln328 & icmp_ln439)> <Delay = 0.68> <CoreInst = "Sel">   --->   Core 73 'Sel' <Latency = 0> <II = 1> <Delay = 0.68> <FuncUnit> <Opcode : 'select'> <InPorts = 3> <OutPorts = 1>
ST_3 : Operation 167 [1/1] (0.68ns)   --->   "%select_ln387_3 = select i1 %icmp_ln387, i10 %LineBufVal_6, i10 %p_load207" [V:/zybo_z7_imx219/zybo_z7_imx219.runs/design_1_v_demosaic_0_0_synth_1/prj/sol/.autopilot/db/v_demosaic.cpp:387]   --->   Operation 167 'select' 'select_ln387_3' <Predicate = (!icmp_ln318 & icmp_ln328)> <Delay = 0.68> <CoreInst = "Sel">   --->   Core 73 'Sel' <Latency = 0> <II = 1> <Delay = 0.68> <FuncUnit> <Opcode : 'select'> <InPorts = 3> <OutPorts = 1>
ST_3 : Operation 168 [1/1] (0.68ns)   --->   "%select_ln387_4 = select i1 %icmp_ln387, i10 %LineBufVal_7, i10 %p_load220" [V:/zybo_z7_imx219/zybo_z7_imx219.runs/design_1_v_demosaic_0_0_synth_1/prj/sol/.autopilot/db/v_demosaic.cpp:387]   --->   Operation 168 'select' 'select_ln387_4' <Predicate = (!icmp_ln318 & icmp_ln328)> <Delay = 0.68> <CoreInst = "Sel">   --->   Core 73 'Sel' <Latency = 0> <II = 1> <Delay = 0.68> <FuncUnit> <Opcode : 'select'> <InPorts = 3> <OutPorts = 1>
ST_3 : Operation 169 [1/1] (0.68ns)   --->   "%select_ln387_5 = select i1 %icmp_ln387, i10 %LineBufVal_7, i10 %p_load209" [V:/zybo_z7_imx219/zybo_z7_imx219.runs/design_1_v_demosaic_0_0_synth_1/prj/sol/.autopilot/db/v_demosaic.cpp:387]   --->   Operation 169 'select' 'select_ln387_5' <Predicate = (!icmp_ln318 & icmp_ln328)> <Delay = 0.68> <CoreInst = "Sel">   --->   Core 73 'Sel' <Latency = 0> <II = 1> <Delay = 0.68> <FuncUnit> <Opcode : 'select'> <InPorts = 3> <OutPorts = 1>
ST_3 : Operation 170 [1/1] (0.68ns)   --->   "%select_ln387_6 = select i1 %icmp_ln387, i10 %LineBufVal_7, i10 %p_load211" [V:/zybo_z7_imx219/zybo_z7_imx219.runs/design_1_v_demosaic_0_0_synth_1/prj/sol/.autopilot/db/v_demosaic.cpp:387]   --->   Operation 170 'select' 'select_ln387_6' <Predicate = (!icmp_ln318 & icmp_ln328 & icmp_ln439)> <Delay = 0.68> <CoreInst = "Sel">   --->   Core 73 'Sel' <Latency = 0> <II = 1> <Delay = 0.68> <FuncUnit> <Opcode : 'select'> <InPorts = 3> <OutPorts = 1>
ST_3 : Operation 171 [1/1] (0.68ns)   --->   "%select_ln387_7 = select i1 %icmp_ln387, i10 %LineBufVal_7, i10 %p_load210" [V:/zybo_z7_imx219/zybo_z7_imx219.runs/design_1_v_demosaic_0_0_synth_1/prj/sol/.autopilot/db/v_demosaic.cpp:387]   --->   Operation 171 'select' 'select_ln387_7' <Predicate = (!icmp_ln318 & icmp_ln328)> <Delay = 0.68> <CoreInst = "Sel">   --->   Core 73 'Sel' <Latency = 0> <II = 1> <Delay = 0.68> <FuncUnit> <Opcode : 'select'> <InPorts = 3> <OutPorts = 1>
ST_3 : Operation 172 [1/1] (0.68ns)   --->   "%select_ln387_8 = select i1 %icmp_ln387, i10 %LineBufVal, i10 %p_load214" [V:/zybo_z7_imx219/zybo_z7_imx219.runs/design_1_v_demosaic_0_0_synth_1/prj/sol/.autopilot/db/v_demosaic.cpp:387]   --->   Operation 172 'select' 'select_ln387_8' <Predicate = (!icmp_ln318 & icmp_ln328)> <Delay = 0.68> <CoreInst = "Sel">   --->   Core 73 'Sel' <Latency = 0> <II = 1> <Delay = 0.68> <FuncUnit> <Opcode : 'select'> <InPorts = 3> <OutPorts = 1>
ST_3 : Operation 173 [1/1] (0.68ns)   --->   "%select_ln387_9 = select i1 %icmp_ln387, i10 %LineBufVal, i10 %p_load200" [V:/zybo_z7_imx219/zybo_z7_imx219.runs/design_1_v_demosaic_0_0_synth_1/prj/sol/.autopilot/db/v_demosaic.cpp:387]   --->   Operation 173 'select' 'select_ln387_9' <Predicate = (!icmp_ln318 & icmp_ln328)> <Delay = 0.68> <CoreInst = "Sel">   --->   Core 73 'Sel' <Latency = 0> <II = 1> <Delay = 0.68> <FuncUnit> <Opcode : 'select'> <InPorts = 3> <OutPorts = 1>
ST_3 : Operation 174 [1/1] (0.68ns)   --->   "%select_ln387_10 = select i1 %icmp_ln387, i10 %LineBufVal, i10 %p_load202" [V:/zybo_z7_imx219/zybo_z7_imx219.runs/design_1_v_demosaic_0_0_synth_1/prj/sol/.autopilot/db/v_demosaic.cpp:387]   --->   Operation 174 'select' 'select_ln387_10' <Predicate = (!icmp_ln318 & icmp_ln328 & icmp_ln439)> <Delay = 0.68> <CoreInst = "Sel">   --->   Core 73 'Sel' <Latency = 0> <II = 1> <Delay = 0.68> <FuncUnit> <Opcode : 'select'> <InPorts = 3> <OutPorts = 1>
ST_3 : Operation 175 [1/1] (0.68ns)   --->   "%select_ln387_11 = select i1 %icmp_ln387, i10 %LineBufVal, i10 %p_load201" [V:/zybo_z7_imx219/zybo_z7_imx219.runs/design_1_v_demosaic_0_0_synth_1/prj/sol/.autopilot/db/v_demosaic.cpp:387]   --->   Operation 175 'select' 'select_ln387_11' <Predicate = (!icmp_ln318 & icmp_ln328)> <Delay = 0.68> <CoreInst = "Sel">   --->   Core 73 'Sel' <Latency = 0> <II = 1> <Delay = 0.68> <FuncUnit> <Opcode : 'select'> <InPorts = 3> <OutPorts = 1>
ST_3 : Operation 176 [1/1] (0.68ns)   --->   "%select_ln387_12 = select i1 %icmp_ln387, i10 %LineBufVal_5, i10 %p_load216" [V:/zybo_z7_imx219/zybo_z7_imx219.runs/design_1_v_demosaic_0_0_synth_1/prj/sol/.autopilot/db/v_demosaic.cpp:387]   --->   Operation 176 'select' 'select_ln387_12' <Predicate = (!icmp_ln318 & icmp_ln328)> <Delay = 0.68> <CoreInst = "Sel">   --->   Core 73 'Sel' <Latency = 0> <II = 1> <Delay = 0.68> <FuncUnit> <Opcode : 'select'> <InPorts = 3> <OutPorts = 1>
ST_3 : Operation 177 [1/1] (0.68ns)   --->   "%select_ln387_13 = select i1 %icmp_ln387, i10 %LineBufVal_5, i10 %p_load203" [V:/zybo_z7_imx219/zybo_z7_imx219.runs/design_1_v_demosaic_0_0_synth_1/prj/sol/.autopilot/db/v_demosaic.cpp:387]   --->   Operation 177 'select' 'select_ln387_13' <Predicate = (!icmp_ln318 & icmp_ln328)> <Delay = 0.68> <CoreInst = "Sel">   --->   Core 73 'Sel' <Latency = 0> <II = 1> <Delay = 0.68> <FuncUnit> <Opcode : 'select'> <InPorts = 3> <OutPorts = 1>
ST_3 : Operation 178 [1/1] (0.68ns)   --->   "%select_ln387_14 = select i1 %icmp_ln387, i10 %LineBufVal_5, i10 %p_load205" [V:/zybo_z7_imx219/zybo_z7_imx219.runs/design_1_v_demosaic_0_0_synth_1/prj/sol/.autopilot/db/v_demosaic.cpp:387]   --->   Operation 178 'select' 'select_ln387_14' <Predicate = (!icmp_ln318 & icmp_ln328 & icmp_ln439)> <Delay = 0.68> <CoreInst = "Sel">   --->   Core 73 'Sel' <Latency = 0> <II = 1> <Delay = 0.68> <FuncUnit> <Opcode : 'select'> <InPorts = 3> <OutPorts = 1>
ST_3 : Operation 179 [1/1] (0.68ns)   --->   "%select_ln387_15 = select i1 %icmp_ln387, i10 %LineBufVal_5, i10 %p_load204" [V:/zybo_z7_imx219/zybo_z7_imx219.runs/design_1_v_demosaic_0_0_synth_1/prj/sol/.autopilot/db/v_demosaic.cpp:387]   --->   Operation 179 'select' 'select_ln387_15' <Predicate = (!icmp_ln318 & icmp_ln328)> <Delay = 0.68> <CoreInst = "Sel">   --->   Core 73 'Sel' <Latency = 0> <II = 1> <Delay = 0.68> <FuncUnit> <Opcode : 'select'> <InPorts = 3> <OutPorts = 1>
ST_3 : Operation 180 [1/1] (0.68ns)   --->   "%select_ln387_16 = select i1 %icmp_ln387, i10 %p_ph, i10 %p_load212" [V:/zybo_z7_imx219/zybo_z7_imx219.runs/design_1_v_demosaic_0_0_synth_1/prj/sol/.autopilot/db/v_demosaic.cpp:387]   --->   Operation 180 'select' 'select_ln387_16' <Predicate = (!icmp_ln318 & icmp_ln328)> <Delay = 0.68> <CoreInst = "Sel">   --->   Core 73 'Sel' <Latency = 0> <II = 1> <Delay = 0.68> <FuncUnit> <Opcode : 'select'> <InPorts = 3> <OutPorts = 1>
ST_3 : Operation 181 [1/1] (0.68ns)   --->   "%select_ln387_17 = select i1 %icmp_ln387, i10 %p_ph, i10 %p_load" [V:/zybo_z7_imx219/zybo_z7_imx219.runs/design_1_v_demosaic_0_0_synth_1/prj/sol/.autopilot/db/v_demosaic.cpp:387]   --->   Operation 181 'select' 'select_ln387_17' <Predicate = (!icmp_ln318 & icmp_ln328)> <Delay = 0.68> <CoreInst = "Sel">   --->   Core 73 'Sel' <Latency = 0> <II = 1> <Delay = 0.68> <FuncUnit> <Opcode : 'select'> <InPorts = 3> <OutPorts = 1>
ST_3 : Operation 182 [1/1] (0.68ns)   --->   "%select_ln387_18 = select i1 %icmp_ln387, i10 %p_ph, i10 %p_load199" [V:/zybo_z7_imx219/zybo_z7_imx219.runs/design_1_v_demosaic_0_0_synth_1/prj/sol/.autopilot/db/v_demosaic.cpp:387]   --->   Operation 182 'select' 'select_ln387_18' <Predicate = (!icmp_ln318 & icmp_ln328 & icmp_ln439)> <Delay = 0.68> <CoreInst = "Sel">   --->   Core 73 'Sel' <Latency = 0> <II = 1> <Delay = 0.68> <FuncUnit> <Opcode : 'select'> <InPorts = 3> <OutPorts = 1>
ST_3 : Operation 183 [1/1] (0.68ns)   --->   "%select_ln387_19 = select i1 %icmp_ln387, i10 %p_ph, i10 %p_load198" [V:/zybo_z7_imx219/zybo_z7_imx219.runs/design_1_v_demosaic_0_0_synth_1/prj/sol/.autopilot/db/v_demosaic.cpp:387]   --->   Operation 183 'select' 'select_ln387_19' <Predicate = (!icmp_ln318 & icmp_ln328)> <Delay = 0.68> <CoreInst = "Sel">   --->   Core 73 'Sel' <Latency = 0> <II = 1> <Delay = 0.68> <FuncUnit> <Opcode : 'select'> <InPorts = 3> <OutPorts = 1>
ST_3 : Operation 184 [1/1] (0.68ns)   --->   "%select_ln403 = select i1 %icmp_ln403, i10 %LineBufVal_5, i10 %p_ph" [V:/zybo_z7_imx219/zybo_z7_imx219.runs/design_1_v_demosaic_0_0_synth_1/prj/sol/.autopilot/db/v_demosaic.cpp:403]   --->   Operation 184 'select' 'select_ln403' <Predicate = (!icmp_ln318 & icmp_ln328)> <Delay = 0.68> <CoreInst = "Sel">   --->   Core 73 'Sel' <Latency = 0> <II = 1> <Delay = 0.68> <FuncUnit> <Opcode : 'select'> <InPorts = 3> <OutPorts = 1>
ST_3 : Operation 185 [1/1] (0.68ns)   --->   "%select_ln403_1 = select i1 %icmp_ln403, i10 %LineBufVal_6, i10 %p_ph" [V:/zybo_z7_imx219/zybo_z7_imx219.runs/design_1_v_demosaic_0_0_synth_1/prj/sol/.autopilot/db/v_demosaic.cpp:403]   --->   Operation 185 'select' 'select_ln403_1' <Predicate = (!icmp_ln318 & icmp_ln328)> <Delay = 0.68> <CoreInst = "Sel">   --->   Core 73 'Sel' <Latency = 0> <II = 1> <Delay = 0.68> <FuncUnit> <Opcode : 'select'> <InPorts = 3> <OutPorts = 1>
ST_3 : Operation 186 [1/1] (0.68ns)   --->   "%LineBufVal_8 = select i1 %icmp_ln403, i10 %LineBufVal, i10 %p_ph" [V:/zybo_z7_imx219/zybo_z7_imx219.runs/design_1_v_demosaic_0_0_synth_1/prj/sol/.autopilot/db/v_demosaic.cpp:403]   --->   Operation 186 'select' 'LineBufVal_8' <Predicate = (!icmp_ln318 & icmp_ln328)> <Delay = 0.68> <CoreInst = "Sel">   --->   Core 73 'Sel' <Latency = 0> <II = 1> <Delay = 0.68> <FuncUnit> <Opcode : 'select'> <InPorts = 3> <OutPorts = 1>
ST_3 : Operation 187 [1/1] ( I:3.25ns O:3.25ns )   --->   "%store_ln412 = store i10 %select_ln403, i11 %linebuf_yuv_2_addr" [V:/zybo_z7_imx219/zybo_z7_imx219.runs/design_1_v_demosaic_0_0_synth_1/prj/sol/.autopilot/db/v_demosaic.cpp:412]   --->   Operation 187 'store' 'store_ln412' <Predicate = (!icmp_ln318 & icmp_ln328)> <Delay = 3.25> <CoreInst = "RAM">   --->   Core 81 'RAM' <Latency = 1> <II = 1> <Delay = 3.25> <Storage> <Opcode : 'load' 'store'> <Ports = 2> <Width = 10> <Depth = 1921> <RAM>
ST_3 : Operation 188 [1/1] ( I:3.25ns O:3.25ns )   --->   "%store_ln412 = store i10 %select_ln403_1, i11 %linebuf_yuv_3_addr" [V:/zybo_z7_imx219/zybo_z7_imx219.runs/design_1_v_demosaic_0_0_synth_1/prj/sol/.autopilot/db/v_demosaic.cpp:412]   --->   Operation 188 'store' 'store_ln412' <Predicate = (!icmp_ln318 & icmp_ln328)> <Delay = 3.25> <CoreInst = "RAM">   --->   Core 81 'RAM' <Latency = 1> <II = 1> <Delay = 3.25> <Storage> <Opcode : 'load' 'store'> <Ports = 2> <Width = 10> <Depth = 1921> <RAM>
ST_3 : Operation 189 [1/1] ( I:3.25ns O:3.25ns )   --->   "%store_ln412 = store i10 %LineBufVal_8, i11 %linebuf_yuv_1_addr" [V:/zybo_z7_imx219/zybo_z7_imx219.runs/design_1_v_demosaic_0_0_synth_1/prj/sol/.autopilot/db/v_demosaic.cpp:412]   --->   Operation 189 'store' 'store_ln412' <Predicate = (!icmp_ln318 & icmp_ln328)> <Delay = 3.25> <CoreInst = "RAM">   --->   Core 81 'RAM' <Latency = 1> <II = 1> <Delay = 3.25> <Storage> <Opcode : 'load' 'store'> <Ports = 2> <Width = 10> <Depth = 1921> <RAM>
ST_3 : Operation 190 [1/1] (1.58ns)   --->   "%br_ln414 = br void %for.body226_ifconv" [V:/zybo_z7_imx219/zybo_z7_imx219.runs/design_1_v_demosaic_0_0_synth_1/prj/sol/.autopilot/db/v_demosaic.cpp:414]   --->   Operation 190 'br' 'br_ln414' <Predicate = (!icmp_ln318 & icmp_ln328)> <Delay = 1.58>
ST_3 : Operation 191 [1/1] (0.00ns)   --->   "%empty_153 = phi i10 %select_ln387_16, void %VITIS_LOOP_372_11, i10 %p_load212, void %for.body49.split" [V:/zybo_z7_imx219/zybo_z7_imx219.runs/design_1_v_demosaic_0_0_synth_1/prj/sol/.autopilot/db/v_demosaic.cpp:387]   --->   Operation 191 'phi' 'empty_153' <Predicate = (!icmp_ln318)> <Delay = 0.00>
ST_3 : Operation 192 [1/1] (0.00ns)   --->   "%empty_154 = phi i10 %select_ln387_17, void %VITIS_LOOP_372_11, i10 %p_load, void %for.body49.split" [V:/zybo_z7_imx219/zybo_z7_imx219.runs/design_1_v_demosaic_0_0_synth_1/prj/sol/.autopilot/db/v_demosaic.cpp:387]   --->   Operation 192 'phi' 'empty_154' <Predicate = (!icmp_ln318)> <Delay = 0.00>
ST_3 : Operation 193 [1/1] (0.00ns)   --->   "%empty_155 = phi i10 %select_ln387_18, void %VITIS_LOOP_372_11, i10 %p_load199, void %for.body49.split" [V:/zybo_z7_imx219/zybo_z7_imx219.runs/design_1_v_demosaic_0_0_synth_1/prj/sol/.autopilot/db/v_demosaic.cpp:387]   --->   Operation 193 'phi' 'empty_155' <Predicate = (!icmp_ln318 & icmp_ln439)> <Delay = 0.00>
ST_3 : Operation 194 [1/1] (0.00ns)   --->   "%empty_156 = phi i10 %select_ln387_19, void %VITIS_LOOP_372_11, i10 %p_load198, void %for.body49.split" [V:/zybo_z7_imx219/zybo_z7_imx219.runs/design_1_v_demosaic_0_0_synth_1/prj/sol/.autopilot/db/v_demosaic.cpp:387]   --->   Operation 194 'phi' 'empty_156' <Predicate = (!icmp_ln318)> <Delay = 0.00>
ST_3 : Operation 195 [1/1] (0.00ns)   --->   "%empty_157 = phi i10 %select_ln387_8, void %VITIS_LOOP_372_11, i10 %p_load214, void %for.body49.split" [V:/zybo_z7_imx219/zybo_z7_imx219.runs/design_1_v_demosaic_0_0_synth_1/prj/sol/.autopilot/db/v_demosaic.cpp:387]   --->   Operation 195 'phi' 'empty_157' <Predicate = (!icmp_ln318)> <Delay = 0.00>
ST_3 : Operation 196 [1/1] (0.00ns)   --->   "%empty_158 = phi i10 %select_ln387_9, void %VITIS_LOOP_372_11, i10 %p_load200, void %for.body49.split" [V:/zybo_z7_imx219/zybo_z7_imx219.runs/design_1_v_demosaic_0_0_synth_1/prj/sol/.autopilot/db/v_demosaic.cpp:387]   --->   Operation 196 'phi' 'empty_158' <Predicate = (!icmp_ln318)> <Delay = 0.00>
ST_3 : Operation 197 [1/1] (0.00ns)   --->   "%empty_159 = phi i10 %select_ln387_10, void %VITIS_LOOP_372_11, i10 %p_load202, void %for.body49.split" [V:/zybo_z7_imx219/zybo_z7_imx219.runs/design_1_v_demosaic_0_0_synth_1/prj/sol/.autopilot/db/v_demosaic.cpp:387]   --->   Operation 197 'phi' 'empty_159' <Predicate = (!icmp_ln318 & icmp_ln439)> <Delay = 0.00>
ST_3 : Operation 198 [1/1] (0.00ns)   --->   "%empty_160 = phi i10 %select_ln387_11, void %VITIS_LOOP_372_11, i10 %p_load201, void %for.body49.split" [V:/zybo_z7_imx219/zybo_z7_imx219.runs/design_1_v_demosaic_0_0_synth_1/prj/sol/.autopilot/db/v_demosaic.cpp:387]   --->   Operation 198 'phi' 'empty_160' <Predicate = (!icmp_ln318)> <Delay = 0.00>
ST_3 : Operation 199 [1/1] (0.00ns)   --->   "%empty_161 = phi i10 %select_ln387_12, void %VITIS_LOOP_372_11, i10 %p_load216, void %for.body49.split" [V:/zybo_z7_imx219/zybo_z7_imx219.runs/design_1_v_demosaic_0_0_synth_1/prj/sol/.autopilot/db/v_demosaic.cpp:387]   --->   Operation 199 'phi' 'empty_161' <Predicate = (!icmp_ln318)> <Delay = 0.00>
ST_3 : Operation 200 [1/1] (0.00ns)   --->   "%g_2 = phi i10 %select_ln387_13, void %VITIS_LOOP_372_11, i10 %p_load203, void %for.body49.split" [V:/zybo_z7_imx219/zybo_z7_imx219.runs/design_1_v_demosaic_0_0_synth_1/prj/sol/.autopilot/db/v_demosaic.cpp:387]   --->   Operation 200 'phi' 'g_2' <Predicate = (!icmp_ln318)> <Delay = 0.00>
ST_3 : Operation 201 [1/1] (0.00ns)   --->   "%empty_162 = phi i10 %select_ln387_14, void %VITIS_LOOP_372_11, i10 %p_load205, void %for.body49.split" [V:/zybo_z7_imx219/zybo_z7_imx219.runs/design_1_v_demosaic_0_0_synth_1/prj/sol/.autopilot/db/v_demosaic.cpp:387]   --->   Operation 201 'phi' 'empty_162' <Predicate = (!icmp_ln318 & icmp_ln439)> <Delay = 0.00>
ST_3 : Operation 202 [1/1] (0.00ns)   --->   "%empty_163 = phi i10 %select_ln387_15, void %VITIS_LOOP_372_11, i10 %p_load204, void %for.body49.split" [V:/zybo_z7_imx219/zybo_z7_imx219.runs/design_1_v_demosaic_0_0_synth_1/prj/sol/.autopilot/db/v_demosaic.cpp:387]   --->   Operation 202 'phi' 'empty_163' <Predicate = (!icmp_ln318)> <Delay = 0.00>
ST_3 : Operation 203 [1/1] (0.00ns)   --->   "%empty_164 = phi i10 %select_ln387, void %VITIS_LOOP_372_11, i10 %p_load218, void %for.body49.split" [V:/zybo_z7_imx219/zybo_z7_imx219.runs/design_1_v_demosaic_0_0_synth_1/prj/sol/.autopilot/db/v_demosaic.cpp:387]   --->   Operation 203 'phi' 'empty_164' <Predicate = (!icmp_ln318)> <Delay = 0.00>
ST_3 : Operation 204 [1/1] (0.00ns)   --->   "%empty_165 = phi i10 %select_ln387_1, void %VITIS_LOOP_372_11, i10 %p_load206, void %for.body49.split" [V:/zybo_z7_imx219/zybo_z7_imx219.runs/design_1_v_demosaic_0_0_synth_1/prj/sol/.autopilot/db/v_demosaic.cpp:387]   --->   Operation 204 'phi' 'empty_165' <Predicate = (!icmp_ln318)> <Delay = 0.00>
ST_3 : Operation 205 [1/1] (0.00ns)   --->   "%empty_166 = phi i10 %select_ln387_2, void %VITIS_LOOP_372_11, i10 %p_load208, void %for.body49.split" [V:/zybo_z7_imx219/zybo_z7_imx219.runs/design_1_v_demosaic_0_0_synth_1/prj/sol/.autopilot/db/v_demosaic.cpp:387]   --->   Operation 205 'phi' 'empty_166' <Predicate = (!icmp_ln318 & icmp_ln439)> <Delay = 0.00>
ST_3 : Operation 206 [1/1] (0.00ns)   --->   "%empty_167 = phi i10 %select_ln387_3, void %VITIS_LOOP_372_11, i10 %p_load207, void %for.body49.split" [V:/zybo_z7_imx219/zybo_z7_imx219.runs/design_1_v_demosaic_0_0_synth_1/prj/sol/.autopilot/db/v_demosaic.cpp:387]   --->   Operation 206 'phi' 'empty_167' <Predicate = (!icmp_ln318)> <Delay = 0.00>
ST_3 : Operation 207 [1/1] (0.00ns)   --->   "%empty_168 = phi i10 %select_ln387_4, void %VITIS_LOOP_372_11, i10 %p_load220, void %for.body49.split" [V:/zybo_z7_imx219/zybo_z7_imx219.runs/design_1_v_demosaic_0_0_synth_1/prj/sol/.autopilot/db/v_demosaic.cpp:387]   --->   Operation 207 'phi' 'empty_168' <Predicate = (!icmp_ln318)> <Delay = 0.00>
ST_3 : Operation 208 [1/1] (0.00ns)   --->   "%empty_169 = phi i10 %select_ln387_5, void %VITIS_LOOP_372_11, i10 %p_load209, void %for.body49.split" [V:/zybo_z7_imx219/zybo_z7_imx219.runs/design_1_v_demosaic_0_0_synth_1/prj/sol/.autopilot/db/v_demosaic.cpp:387]   --->   Operation 208 'phi' 'empty_169' <Predicate = (!icmp_ln318)> <Delay = 0.00>
ST_3 : Operation 209 [1/1] (0.00ns)   --->   "%empty_170 = phi i10 %select_ln387_6, void %VITIS_LOOP_372_11, i10 %p_load211, void %for.body49.split" [V:/zybo_z7_imx219/zybo_z7_imx219.runs/design_1_v_demosaic_0_0_synth_1/prj/sol/.autopilot/db/v_demosaic.cpp:387]   --->   Operation 209 'phi' 'empty_170' <Predicate = (!icmp_ln318 & icmp_ln439)> <Delay = 0.00>
ST_3 : Operation 210 [1/1] (0.00ns)   --->   "%empty_171 = phi i10 %select_ln387_7, void %VITIS_LOOP_372_11, i10 %p_load210, void %for.body49.split" [V:/zybo_z7_imx219/zybo_z7_imx219.runs/design_1_v_demosaic_0_0_synth_1/prj/sol/.autopilot/db/v_demosaic.cpp:387]   --->   Operation 210 'phi' 'empty_171' <Predicate = (!icmp_ln318)> <Delay = 0.00>
ST_3 : Operation 211 [1/1] (0.00ns)   --->   "%p_load221 = load i10 %empty_133" [V:/zybo_z7_imx219/zybo_z7_imx219.runs/design_1_v_demosaic_0_0_synth_1/prj/sol/.autopilot/db/v_demosaic.cpp:460]   --->   Operation 211 'load' 'p_load221' <Predicate = (!icmp_ln318 & icmp_ln439)> <Delay = 0.00>
ST_3 : Operation 212 [1/1] (0.00ns)   --->   "%p_load219 = load i10 %empty_134" [V:/zybo_z7_imx219/zybo_z7_imx219.runs/design_1_v_demosaic_0_0_synth_1/prj/sol/.autopilot/db/v_demosaic.cpp:460]   --->   Operation 212 'load' 'p_load219' <Predicate = (!icmp_ln318 & icmp_ln439)> <Delay = 0.00>
ST_3 : Operation 213 [1/1] (0.00ns)   --->   "%p_load217 = load i10 %empty_135" [V:/zybo_z7_imx219/zybo_z7_imx219.runs/design_1_v_demosaic_0_0_synth_1/prj/sol/.autopilot/db/v_demosaic.cpp:458]   --->   Operation 213 'load' 'p_load217' <Predicate = (!icmp_ln318 & icmp_ln439)> <Delay = 0.00>
ST_3 : Operation 214 [1/1] (0.00ns)   --->   "%p_load215 = load i10 %empty_136" [V:/zybo_z7_imx219/zybo_z7_imx219.runs/design_1_v_demosaic_0_0_synth_1/prj/sol/.autopilot/db/v_demosaic.cpp:458]   --->   Operation 214 'load' 'p_load215' <Predicate = (!icmp_ln318 & icmp_ln439)> <Delay = 0.00>
ST_3 : Operation 215 [1/1] (0.00ns)   --->   "%p_load213 = load i10 %empty_137" [V:/zybo_z7_imx219/zybo_z7_imx219.runs/design_1_v_demosaic_0_0_synth_1/prj/sol/.autopilot/db/v_demosaic.cpp:457]   --->   Operation 215 'load' 'p_load213' <Predicate = (!icmp_ln318 & icmp_ln439)> <Delay = 0.00>
ST_3 : Operation 216 [1/1] (0.00ns)   --->   "%shl_ln = bitconcatenate i11 @_ssdm_op_BitConcatenate.i11.i10.i1, i10 %empty_165, i1 0" [V:/zybo_z7_imx219/zybo_z7_imx219.runs/design_1_v_demosaic_0_0_synth_1/prj/sol/.autopilot/db/v_demosaic.cpp:450]   --->   Operation 216 'bitconcatenate' 'shl_ln' <Predicate = (!icmp_ln318 & icmp_ln439)> <Delay = 0.00>
ST_3 : Operation 217 [1/1] (0.00ns)   --->   "%zext_ln450 = zext i11 %shl_ln" [V:/zybo_z7_imx219/zybo_z7_imx219.runs/design_1_v_demosaic_0_0_synth_1/prj/sol/.autopilot/db/v_demosaic.cpp:450]   --->   Operation 217 'zext' 'zext_ln450' <Predicate = (!icmp_ln318 & icmp_ln439)> <Delay = 0.00>
ST_3 : Operation 218 [1/1] (0.00ns)   --->   "%zext_ln450_1 = zext i10 %empty_169" [V:/zybo_z7_imx219/zybo_z7_imx219.runs/design_1_v_demosaic_0_0_synth_1/prj/sol/.autopilot/db/v_demosaic.cpp:450]   --->   Operation 218 'zext' 'zext_ln450_1' <Predicate = (!icmp_ln318 & icmp_ln439)> <Delay = 0.00>
ST_3 : Operation 219 [1/1] (0.00ns)   --->   "%zext_ln450_2 = zext i10 %empty_169" [V:/zybo_z7_imx219/zybo_z7_imx219.runs/design_1_v_demosaic_0_0_synth_1/prj/sol/.autopilot/db/v_demosaic.cpp:450]   --->   Operation 219 'zext' 'zext_ln450_2' <Predicate = (!icmp_ln318 & icmp_ln439)> <Delay = 0.00>
ST_3 : Operation 220 [1/1] (0.00ns)   --->   "%zext_ln450_3 = zext i10 %g_2" [V:/zybo_z7_imx219/zybo_z7_imx219.runs/design_1_v_demosaic_0_0_synth_1/prj/sol/.autopilot/db/v_demosaic.cpp:450]   --->   Operation 220 'zext' 'zext_ln450_3' <Predicate = (!icmp_ln318 & icmp_ln439)> <Delay = 0.00>
ST_3 : Operation 221 [1/1] (0.00ns)   --->   "%zext_ln450_4 = zext i10 %g_2" [V:/zybo_z7_imx219/zybo_z7_imx219.runs/design_1_v_demosaic_0_0_synth_1/prj/sol/.autopilot/db/v_demosaic.cpp:450]   --->   Operation 221 'zext' 'zext_ln450_4' <Predicate = (!icmp_ln318 & icmp_ln439)> <Delay = 0.00>
ST_3 : Operation 222 [1/1] (0.00ns) (grouped into TernaryAdder)   --->   "%sub_ln450 = sub i12 %zext_ln450, i12 %zext_ln450_4" [V:/zybo_z7_imx219/zybo_z7_imx219.runs/design_1_v_demosaic_0_0_synth_1/prj/sol/.autopilot/db/v_demosaic.cpp:450]   --->   Operation 222 'sub' 'sub_ln450' <Predicate = (!icmp_ln318 & icmp_ln439)> <Delay = 0.00> <CoreInst = "TAddSub">   --->   Core 10 'TAddSub' <Latency = 0> <II = 1> <Delay = 1.89> <IPBlock> <Opcode : 'add' 'sub'> <InPorts = 3> <OutPorts = 1> <Sync> <CReg>
ST_3 : Operation 223 [1/1] (3.78ns) (root node of TernaryAdder)   --->   "%K = sub i12 %sub_ln450, i12 %zext_ln450_2" [V:/zybo_z7_imx219/zybo_z7_imx219.runs/design_1_v_demosaic_0_0_synth_1/prj/sol/.autopilot/db/v_demosaic.cpp:450]   --->   Operation 223 'sub' 'K' <Predicate = (!icmp_ln318 & icmp_ln439)> <Delay = 3.78> <CoreInst = "TAddSub">   --->   Core 10 'TAddSub' <Latency = 0> <II = 1> <Delay = 1.89> <IPBlock> <Opcode : 'add' 'sub'> <InPorts = 3> <OutPorts = 1> <Sync> <CReg>
ST_3 : Operation 224 [1/1] (0.00ns)   --->   "%shl_ln3 = bitconcatenate i11 @_ssdm_op_BitConcatenate.i11.i10.i1, i10 %empty_171, i1 0" [V:/zybo_z7_imx219/zybo_z7_imx219.runs/design_1_v_demosaic_0_0_synth_1/prj/sol/.autopilot/db/v_demosaic.cpp:451]   --->   Operation 224 'bitconcatenate' 'shl_ln3' <Predicate = (!icmp_ln318 & icmp_ln439)> <Delay = 0.00>
ST_3 : Operation 225 [1/1] (0.00ns)   --->   "%zext_ln451 = zext i11 %shl_ln3" [V:/zybo_z7_imx219/zybo_z7_imx219.runs/design_1_v_demosaic_0_0_synth_1/prj/sol/.autopilot/db/v_demosaic.cpp:451]   --->   Operation 225 'zext' 'zext_ln451' <Predicate = (!icmp_ln318 & icmp_ln439)> <Delay = 0.00>
ST_3 : Operation 226 [1/1] (0.00ns)   --->   "%zext_ln451_1 = zext i10 %empty_170" [V:/zybo_z7_imx219/zybo_z7_imx219.runs/design_1_v_demosaic_0_0_synth_1/prj/sol/.autopilot/db/v_demosaic.cpp:451]   --->   Operation 226 'zext' 'zext_ln451_1' <Predicate = (!icmp_ln318 & icmp_ln439)> <Delay = 0.00>
ST_3 : Operation 227 [1/1] (0.00ns)   --->   "%zext_ln451_2 = zext i10 %empty_170" [V:/zybo_z7_imx219/zybo_z7_imx219.runs/design_1_v_demosaic_0_0_synth_1/prj/sol/.autopilot/db/v_demosaic.cpp:451]   --->   Operation 227 'zext' 'zext_ln451_2' <Predicate = (!icmp_ln318 & icmp_ln439)> <Delay = 0.00>
ST_3 : Operation 228 [1/1] (1.73ns)   --->   "%add_ln451 = add i11 %zext_ln451_2, i11 %zext_ln450_1" [V:/zybo_z7_imx219/zybo_z7_imx219.runs/design_1_v_demosaic_0_0_synth_1/prj/sol/.autopilot/db/v_demosaic.cpp:451]   --->   Operation 228 'add' 'add_ln451' <Predicate = (!icmp_ln318 & icmp_ln439)> <Delay = 1.73> <CoreInst = "Adder">   --->   Core 1 'Adder' <Latency = 0> <II = 1> <Delay = 1.73> <FuncUnit> <Opcode : 'add' 'sub'> <InPorts = 2> <OutPorts = 1>
ST_3 : Operation 229 [1/1] (0.00ns)   --->   "%zext_ln451_3 = zext i11 %add_ln451" [V:/zybo_z7_imx219/zybo_z7_imx219.runs/design_1_v_demosaic_0_0_synth_1/prj/sol/.autopilot/db/v_demosaic.cpp:451]   --->   Operation 229 'zext' 'zext_ln451_3' <Predicate = (!icmp_ln318 & icmp_ln439)> <Delay = 0.00>
ST_3 : Operation 230 [1/1] (1.63ns)   --->   "%K_1 = sub i12 %zext_ln451, i12 %zext_ln451_3" [V:/zybo_z7_imx219/zybo_z7_imx219.runs/design_1_v_demosaic_0_0_synth_1/prj/sol/.autopilot/db/v_demosaic.cpp:451]   --->   Operation 230 'sub' 'K_1' <Predicate = (!icmp_ln318 & icmp_ln439)> <Delay = 1.63> <CoreInst = "Adder">   --->   Core 1 'Adder' <Latency = 0> <II = 1> <Delay = 1.63> <FuncUnit> <Opcode : 'add' 'sub'> <InPorts = 2> <OutPorts = 1>
ST_3 : Operation 231 [1/1] (0.00ns)   --->   "%shl_ln4 = bitconcatenate i11 @_ssdm_op_BitConcatenate.i11.i10.i1, i10 %empty_166, i1 0" [V:/zybo_z7_imx219/zybo_z7_imx219.runs/design_1_v_demosaic_0_0_synth_1/prj/sol/.autopilot/db/v_demosaic.cpp:452]   --->   Operation 231 'bitconcatenate' 'shl_ln4' <Predicate = (!icmp_ln318 & icmp_ln439)> <Delay = 0.00>
ST_3 : Operation 232 [1/1] (0.00ns)   --->   "%zext_ln452 = zext i11 %shl_ln4" [V:/zybo_z7_imx219/zybo_z7_imx219.runs/design_1_v_demosaic_0_0_synth_1/prj/sol/.autopilot/db/v_demosaic.cpp:452]   --->   Operation 232 'zext' 'zext_ln452' <Predicate = (!icmp_ln318 & icmp_ln439)> <Delay = 0.00>
ST_3 : Operation 233 [1/1] (0.00ns)   --->   "%zext_ln452_1 = zext i10 %empty_162" [V:/zybo_z7_imx219/zybo_z7_imx219.runs/design_1_v_demosaic_0_0_synth_1/prj/sol/.autopilot/db/v_demosaic.cpp:452]   --->   Operation 233 'zext' 'zext_ln452_1' <Predicate = (!icmp_ln318 & icmp_ln439)> <Delay = 0.00>
ST_3 : Operation 234 [1/1] (0.00ns)   --->   "%zext_ln452_2 = zext i10 %empty_162" [V:/zybo_z7_imx219/zybo_z7_imx219.runs/design_1_v_demosaic_0_0_synth_1/prj/sol/.autopilot/db/v_demosaic.cpp:452]   --->   Operation 234 'zext' 'zext_ln452_2' <Predicate = (!icmp_ln318 & icmp_ln439)> <Delay = 0.00>
ST_3 : Operation 235 [1/1] (0.00ns) (grouped into TernaryAdder)   --->   "%sub_ln452 = sub i12 %zext_ln452, i12 %zext_ln452_2" [V:/zybo_z7_imx219/zybo_z7_imx219.runs/design_1_v_demosaic_0_0_synth_1/prj/sol/.autopilot/db/v_demosaic.cpp:452]   --->   Operation 235 'sub' 'sub_ln452' <Predicate = (!icmp_ln318 & icmp_ln439)> <Delay = 0.00> <CoreInst = "TAddSub">   --->   Core 10 'TAddSub' <Latency = 0> <II = 1> <Delay = 1.89> <IPBlock> <Opcode : 'add' 'sub'> <InPorts = 3> <OutPorts = 1> <Sync> <CReg>
ST_3 : Operation 236 [1/1] (3.78ns) (root node of TernaryAdder)   --->   "%K_2 = sub i12 %sub_ln452, i12 %zext_ln451_1" [V:/zybo_z7_imx219/zybo_z7_imx219.runs/design_1_v_demosaic_0_0_synth_1/prj/sol/.autopilot/db/v_demosaic.cpp:452]   --->   Operation 236 'sub' 'K_2' <Predicate = (!icmp_ln318 & icmp_ln439)> <Delay = 3.78> <CoreInst = "TAddSub">   --->   Core 10 'TAddSub' <Latency = 0> <II = 1> <Delay = 1.89> <IPBlock> <Opcode : 'add' 'sub'> <InPorts = 3> <OutPorts = 1> <Sync> <CReg>
ST_3 : Operation 237 [1/1] (0.00ns)   --->   "%shl_ln5 = bitconcatenate i11 @_ssdm_op_BitConcatenate.i11.i10.i1, i10 %empty_163, i1 0" [V:/zybo_z7_imx219/zybo_z7_imx219.runs/design_1_v_demosaic_0_0_synth_1/prj/sol/.autopilot/db/v_demosaic.cpp:453]   --->   Operation 237 'bitconcatenate' 'shl_ln5' <Predicate = (!icmp_ln318 & icmp_ln439)> <Delay = 0.00>
ST_3 : Operation 238 [1/1] (0.00ns)   --->   "%zext_ln453 = zext i11 %shl_ln5" [V:/zybo_z7_imx219/zybo_z7_imx219.runs/design_1_v_demosaic_0_0_synth_1/prj/sol/.autopilot/db/v_demosaic.cpp:453]   --->   Operation 238 'zext' 'zext_ln453' <Predicate = (!icmp_ln318 & icmp_ln439)> <Delay = 0.00>
ST_3 : Operation 239 [1/1] (1.73ns)   --->   "%add_ln453 = add i11 %zext_ln452_1, i11 %zext_ln450_3" [V:/zybo_z7_imx219/zybo_z7_imx219.runs/design_1_v_demosaic_0_0_synth_1/prj/sol/.autopilot/db/v_demosaic.cpp:453]   --->   Operation 239 'add' 'add_ln453' <Predicate = (!icmp_ln318 & icmp_ln439)> <Delay = 1.73> <CoreInst = "Adder">   --->   Core 1 'Adder' <Latency = 0> <II = 1> <Delay = 1.73> <FuncUnit> <Opcode : 'add' 'sub'> <InPorts = 2> <OutPorts = 1>
ST_3 : Operation 240 [1/1] (0.00ns)   --->   "%zext_ln453_1 = zext i11 %add_ln453" [V:/zybo_z7_imx219/zybo_z7_imx219.runs/design_1_v_demosaic_0_0_synth_1/prj/sol/.autopilot/db/v_demosaic.cpp:453]   --->   Operation 240 'zext' 'zext_ln453_1' <Predicate = (!icmp_ln318 & icmp_ln439)> <Delay = 0.00>
ST_3 : Operation 241 [1/1] (1.63ns)   --->   "%K_3 = sub i12 %zext_ln453, i12 %zext_ln453_1" [V:/zybo_z7_imx219/zybo_z7_imx219.runs/design_1_v_demosaic_0_0_synth_1/prj/sol/.autopilot/db/v_demosaic.cpp:453]   --->   Operation 241 'sub' 'K_3' <Predicate = (!icmp_ln318 & icmp_ln439)> <Delay = 1.63> <CoreInst = "Adder">   --->   Core 1 'Adder' <Latency = 0> <II = 1> <Delay = 1.63> <FuncUnit> <Opcode : 'add' 'sub'> <InPorts = 2> <OutPorts = 1>
ST_3 : Operation 242 [1/1] (0.00ns)   --->   "%shl_ln6 = bitconcatenate i11 @_ssdm_op_BitConcatenate.i11.i10.i1, i10 %empty_159, i1 0" [V:/zybo_z7_imx219/zybo_z7_imx219.runs/design_1_v_demosaic_0_0_synth_1/prj/sol/.autopilot/db/v_demosaic.cpp:454]   --->   Operation 242 'bitconcatenate' 'shl_ln6' <Predicate = (!icmp_ln318 & icmp_ln439)> <Delay = 0.00>
ST_3 : Operation 243 [1/1] (0.00ns)   --->   "%zext_ln454 = zext i11 %shl_ln6" [V:/zybo_z7_imx219/zybo_z7_imx219.runs/design_1_v_demosaic_0_0_synth_1/prj/sol/.autopilot/db/v_demosaic.cpp:454]   --->   Operation 243 'zext' 'zext_ln454' <Predicate = (!icmp_ln318 & icmp_ln439)> <Delay = 0.00>
ST_3 : Operation 244 [1/1] (0.00ns)   --->   "%zext_ln454_1 = zext i10 %empty_155" [V:/zybo_z7_imx219/zybo_z7_imx219.runs/design_1_v_demosaic_0_0_synth_1/prj/sol/.autopilot/db/v_demosaic.cpp:454]   --->   Operation 244 'zext' 'zext_ln454_1' <Predicate = (!icmp_ln318 & icmp_ln439)> <Delay = 0.00>
ST_3 : Operation 245 [1/1] (0.00ns)   --->   "%zext_ln454_2 = zext i10 %empty_155" [V:/zybo_z7_imx219/zybo_z7_imx219.runs/design_1_v_demosaic_0_0_synth_1/prj/sol/.autopilot/db/v_demosaic.cpp:454]   --->   Operation 245 'zext' 'zext_ln454_2' <Predicate = (!icmp_ln318 & icmp_ln439)> <Delay = 0.00>
ST_3 : Operation 246 [1/1] (0.00ns) (grouped into TernaryAdder)   --->   "%sub_ln454 = sub i12 %zext_ln454, i12 %zext_ln454_2" [V:/zybo_z7_imx219/zybo_z7_imx219.runs/design_1_v_demosaic_0_0_synth_1/prj/sol/.autopilot/db/v_demosaic.cpp:454]   --->   Operation 246 'sub' 'sub_ln454' <Predicate = (!icmp_ln318 & icmp_ln439)> <Delay = 0.00> <CoreInst = "TAddSub">   --->   Core 10 'TAddSub' <Latency = 0> <II = 1> <Delay = 1.89> <IPBlock> <Opcode : 'add' 'sub'> <InPorts = 3> <OutPorts = 1> <Sync> <CReg>
ST_3 : Operation 247 [1/1] (3.78ns) (root node of TernaryAdder)   --->   "%K_4 = sub i12 %sub_ln454, i12 %zext_ln452_2" [V:/zybo_z7_imx219/zybo_z7_imx219.runs/design_1_v_demosaic_0_0_synth_1/prj/sol/.autopilot/db/v_demosaic.cpp:454]   --->   Operation 247 'sub' 'K_4' <Predicate = (!icmp_ln318 & icmp_ln439)> <Delay = 3.78> <CoreInst = "TAddSub">   --->   Core 10 'TAddSub' <Latency = 0> <II = 1> <Delay = 1.89> <IPBlock> <Opcode : 'add' 'sub'> <InPorts = 3> <OutPorts = 1> <Sync> <CReg>
ST_3 : Operation 248 [1/1] (0.00ns)   --->   "%shl_ln7 = bitconcatenate i11 @_ssdm_op_BitConcatenate.i11.i10.i1, i10 %empty_156, i1 0" [V:/zybo_z7_imx219/zybo_z7_imx219.runs/design_1_v_demosaic_0_0_synth_1/prj/sol/.autopilot/db/v_demosaic.cpp:455]   --->   Operation 248 'bitconcatenate' 'shl_ln7' <Predicate = (!icmp_ln318 & icmp_ln439)> <Delay = 0.00>
ST_3 : Operation 249 [1/1] (0.00ns)   --->   "%zext_ln455 = zext i11 %shl_ln7" [V:/zybo_z7_imx219/zybo_z7_imx219.runs/design_1_v_demosaic_0_0_synth_1/prj/sol/.autopilot/db/v_demosaic.cpp:455]   --->   Operation 249 'zext' 'zext_ln455' <Predicate = (!icmp_ln318 & icmp_ln439)> <Delay = 0.00>
ST_3 : Operation 250 [1/1] (0.00ns)   --->   "%zext_ln455_1 = zext i10 %empty_154" [V:/zybo_z7_imx219/zybo_z7_imx219.runs/design_1_v_demosaic_0_0_synth_1/prj/sol/.autopilot/db/v_demosaic.cpp:455]   --->   Operation 250 'zext' 'zext_ln455_1' <Predicate = (!icmp_ln318 & icmp_ln439)> <Delay = 0.00>
ST_3 : Operation 251 [1/1] (0.00ns)   --->   "%zext_ln455_2 = zext i10 %empty_154" [V:/zybo_z7_imx219/zybo_z7_imx219.runs/design_1_v_demosaic_0_0_synth_1/prj/sol/.autopilot/db/v_demosaic.cpp:455]   --->   Operation 251 'zext' 'zext_ln455_2' <Predicate = (!icmp_ln318 & icmp_ln439)> <Delay = 0.00>
ST_3 : Operation 252 [1/1] (1.73ns)   --->   "%add_ln455 = add i11 %zext_ln454_1, i11 %zext_ln455_2" [V:/zybo_z7_imx219/zybo_z7_imx219.runs/design_1_v_demosaic_0_0_synth_1/prj/sol/.autopilot/db/v_demosaic.cpp:455]   --->   Operation 252 'add' 'add_ln455' <Predicate = (!icmp_ln318 & icmp_ln439)> <Delay = 1.73> <CoreInst = "Adder">   --->   Core 1 'Adder' <Latency = 0> <II = 1> <Delay = 1.73> <FuncUnit> <Opcode : 'add' 'sub'> <InPorts = 2> <OutPorts = 1>
ST_3 : Operation 253 [1/1] (0.00ns)   --->   "%zext_ln455_3 = zext i11 %add_ln455" [V:/zybo_z7_imx219/zybo_z7_imx219.runs/design_1_v_demosaic_0_0_synth_1/prj/sol/.autopilot/db/v_demosaic.cpp:455]   --->   Operation 253 'zext' 'zext_ln455_3' <Predicate = (!icmp_ln318 & icmp_ln439)> <Delay = 0.00>
ST_3 : Operation 254 [1/1] (1.63ns)   --->   "%K_5 = sub i12 %zext_ln455, i12 %zext_ln455_3" [V:/zybo_z7_imx219/zybo_z7_imx219.runs/design_1_v_demosaic_0_0_synth_1/prj/sol/.autopilot/db/v_demosaic.cpp:455]   --->   Operation 254 'sub' 'K_5' <Predicate = (!icmp_ln318 & icmp_ln439)> <Delay = 1.63> <CoreInst = "Adder">   --->   Core 1 'Adder' <Latency = 0> <II = 1> <Delay = 1.63> <FuncUnit> <Opcode : 'add' 'sub'> <InPorts = 2> <OutPorts = 1>
ST_3 : Operation 255 [1/1] (0.00ns)   --->   "%shl_ln8 = bitconcatenate i11 @_ssdm_op_BitConcatenate.i11.i10.i1, i10 %empty_158, i1 0" [V:/zybo_z7_imx219/zybo_z7_imx219.runs/design_1_v_demosaic_0_0_synth_1/prj/sol/.autopilot/db/v_demosaic.cpp:456]   --->   Operation 255 'bitconcatenate' 'shl_ln8' <Predicate = (!icmp_ln318 & icmp_ln439)> <Delay = 0.00>
ST_3 : Operation 256 [1/1] (0.00ns)   --->   "%zext_ln456 = zext i11 %shl_ln8" [V:/zybo_z7_imx219/zybo_z7_imx219.runs/design_1_v_demosaic_0_0_synth_1/prj/sol/.autopilot/db/v_demosaic.cpp:456]   --->   Operation 256 'zext' 'zext_ln456' <Predicate = (!icmp_ln318 & icmp_ln439)> <Delay = 0.00>
ST_3 : Operation 257 [1/1] (0.00ns) (grouped into TernaryAdder)   --->   "%sub_ln456 = sub i12 %zext_ln456, i12 %zext_ln455_1" [V:/zybo_z7_imx219/zybo_z7_imx219.runs/design_1_v_demosaic_0_0_synth_1/prj/sol/.autopilot/db/v_demosaic.cpp:456]   --->   Operation 257 'sub' 'sub_ln456' <Predicate = (!icmp_ln318 & icmp_ln439)> <Delay = 0.00> <CoreInst = "TAddSub">   --->   Core 10 'TAddSub' <Latency = 0> <II = 1> <Delay = 1.89> <IPBlock> <Opcode : 'add' 'sub'> <InPorts = 3> <OutPorts = 1> <Sync> <CReg>
ST_3 : Operation 258 [1/1] (3.78ns) (root node of TernaryAdder)   --->   "%K_6 = sub i12 %sub_ln456, i12 %zext_ln450_4" [V:/zybo_z7_imx219/zybo_z7_imx219.runs/design_1_v_demosaic_0_0_synth_1/prj/sol/.autopilot/db/v_demosaic.cpp:456]   --->   Operation 258 'sub' 'K_6' <Predicate = (!icmp_ln318 & icmp_ln439)> <Delay = 3.78> <CoreInst = "TAddSub">   --->   Core 10 'TAddSub' <Latency = 0> <II = 1> <Delay = 1.89> <IPBlock> <Opcode : 'add' 'sub'> <InPorts = 3> <OutPorts = 1> <Sync> <CReg>
ST_3 : Operation 259 [1/1] (0.00ns)   --->   "%shl_ln9 = bitconcatenate i11 @_ssdm_op_BitConcatenate.i11.i10.i1, i10 %empty_153, i1 0" [V:/zybo_z7_imx219/zybo_z7_imx219.runs/design_1_v_demosaic_0_0_synth_1/prj/sol/.autopilot/db/v_demosaic.cpp:457]   --->   Operation 259 'bitconcatenate' 'shl_ln9' <Predicate = (!icmp_ln318 & icmp_ln439)> <Delay = 0.00>
ST_3 : Operation 260 [1/1] (0.00ns)   --->   "%zext_ln457 = zext i11 %shl_ln9" [V:/zybo_z7_imx219/zybo_z7_imx219.runs/design_1_v_demosaic_0_0_synth_1/prj/sol/.autopilot/db/v_demosaic.cpp:457]   --->   Operation 260 'zext' 'zext_ln457' <Predicate = (!icmp_ln318 & icmp_ln439)> <Delay = 0.00>
ST_3 : Operation 261 [1/1] (0.00ns)   --->   "%zext_ln457_1 = zext i10 %p_load213" [V:/zybo_z7_imx219/zybo_z7_imx219.runs/design_1_v_demosaic_0_0_synth_1/prj/sol/.autopilot/db/v_demosaic.cpp:457]   --->   Operation 261 'zext' 'zext_ln457_1' <Predicate = (!icmp_ln318 & icmp_ln439)> <Delay = 0.00>
ST_3 : Operation 262 [1/1] (1.73ns)   --->   "%add_ln457 = add i11 %zext_ln455_2, i11 %zext_ln457_1" [V:/zybo_z7_imx219/zybo_z7_imx219.runs/design_1_v_demosaic_0_0_synth_1/prj/sol/.autopilot/db/v_demosaic.cpp:457]   --->   Operation 262 'add' 'add_ln457' <Predicate = (!icmp_ln318 & icmp_ln439)> <Delay = 1.73> <CoreInst = "Adder">   --->   Core 1 'Adder' <Latency = 0> <II = 1> <Delay = 1.73> <FuncUnit> <Opcode : 'add' 'sub'> <InPorts = 2> <OutPorts = 1>
ST_3 : Operation 263 [1/1] (0.00ns)   --->   "%zext_ln457_2 = zext i11 %add_ln457" [V:/zybo_z7_imx219/zybo_z7_imx219.runs/design_1_v_demosaic_0_0_synth_1/prj/sol/.autopilot/db/v_demosaic.cpp:457]   --->   Operation 263 'zext' 'zext_ln457_2' <Predicate = (!icmp_ln318 & icmp_ln439)> <Delay = 0.00>
ST_3 : Operation 264 [1/1] (1.63ns)   --->   "%K_7 = sub i12 %zext_ln457, i12 %zext_ln457_2" [V:/zybo_z7_imx219/zybo_z7_imx219.runs/design_1_v_demosaic_0_0_synth_1/prj/sol/.autopilot/db/v_demosaic.cpp:457]   --->   Operation 264 'sub' 'K_7' <Predicate = (!icmp_ln318 & icmp_ln439)> <Delay = 1.63> <CoreInst = "Adder">   --->   Core 1 'Adder' <Latency = 0> <II = 1> <Delay = 1.63> <FuncUnit> <Opcode : 'add' 'sub'> <InPorts = 2> <OutPorts = 1>
ST_3 : Operation 265 [1/1] (0.00ns)   --->   "%shl_ln1 = bitconcatenate i11 @_ssdm_op_BitConcatenate.i11.i10.i1, i10 %p_load215, i1 0" [V:/zybo_z7_imx219/zybo_z7_imx219.runs/design_1_v_demosaic_0_0_synth_1/prj/sol/.autopilot/db/v_demosaic.cpp:458]   --->   Operation 265 'bitconcatenate' 'shl_ln1' <Predicate = (!icmp_ln318 & icmp_ln439)> <Delay = 0.00>
ST_3 : Operation 266 [1/1] (0.00ns)   --->   "%zext_ln458 = zext i11 %shl_ln1" [V:/zybo_z7_imx219/zybo_z7_imx219.runs/design_1_v_demosaic_0_0_synth_1/prj/sol/.autopilot/db/v_demosaic.cpp:458]   --->   Operation 266 'zext' 'zext_ln458' <Predicate = (!icmp_ln318 & icmp_ln439)> <Delay = 0.00>
ST_3 : Operation 267 [1/1] (0.00ns)   --->   "%zext_ln458_1 = zext i10 %p_load217" [V:/zybo_z7_imx219/zybo_z7_imx219.runs/design_1_v_demosaic_0_0_synth_1/prj/sol/.autopilot/db/v_demosaic.cpp:458]   --->   Operation 267 'zext' 'zext_ln458_1' <Predicate = (!icmp_ln318 & icmp_ln439)> <Delay = 0.00>
ST_3 : Operation 268 [1/1] (1.73ns)   --->   "%add_ln458 = add i11 %zext_ln458_1, i11 %zext_ln457_1" [V:/zybo_z7_imx219/zybo_z7_imx219.runs/design_1_v_demosaic_0_0_synth_1/prj/sol/.autopilot/db/v_demosaic.cpp:458]   --->   Operation 268 'add' 'add_ln458' <Predicate = (!icmp_ln318 & icmp_ln439)> <Delay = 1.73> <CoreInst = "Adder">   --->   Core 1 'Adder' <Latency = 0> <II = 1> <Delay = 1.73> <FuncUnit> <Opcode : 'add' 'sub'> <InPorts = 2> <OutPorts = 1>
ST_3 : Operation 269 [1/1] (0.00ns)   --->   "%zext_ln458_2 = zext i11 %add_ln458" [V:/zybo_z7_imx219/zybo_z7_imx219.runs/design_1_v_demosaic_0_0_synth_1/prj/sol/.autopilot/db/v_demosaic.cpp:458]   --->   Operation 269 'zext' 'zext_ln458_2' <Predicate = (!icmp_ln318 & icmp_ln439)> <Delay = 0.00>
ST_3 : Operation 270 [1/1] (1.63ns)   --->   "%K_8 = sub i12 %zext_ln458, i12 %zext_ln458_2" [V:/zybo_z7_imx219/zybo_z7_imx219.runs/design_1_v_demosaic_0_0_synth_1/prj/sol/.autopilot/db/v_demosaic.cpp:458]   --->   Operation 270 'sub' 'K_8' <Predicate = (!icmp_ln318 & icmp_ln439)> <Delay = 1.63> <CoreInst = "Adder">   --->   Core 1 'Adder' <Latency = 0> <II = 1> <Delay = 1.63> <FuncUnit> <Opcode : 'add' 'sub'> <InPorts = 2> <OutPorts = 1>
ST_3 : Operation 271 [1/1] (0.00ns)   --->   "%shl_ln2 = bitconcatenate i11 @_ssdm_op_BitConcatenate.i11.i10.i1, i10 %empty_161, i1 0" [V:/zybo_z7_imx219/zybo_z7_imx219.runs/design_1_v_demosaic_0_0_synth_1/prj/sol/.autopilot/db/v_demosaic.cpp:459]   --->   Operation 271 'bitconcatenate' 'shl_ln2' <Predicate = (!icmp_ln318 & icmp_ln439)> <Delay = 0.00>
ST_3 : Operation 272 [1/1] (0.00ns)   --->   "%zext_ln459 = zext i11 %shl_ln2" [V:/zybo_z7_imx219/zybo_z7_imx219.runs/design_1_v_demosaic_0_0_synth_1/prj/sol/.autopilot/db/v_demosaic.cpp:459]   --->   Operation 272 'zext' 'zext_ln459' <Predicate = (!icmp_ln318 & icmp_ln439)> <Delay = 0.00>
ST_3 : Operation 273 [1/1] (1.73ns)   --->   "%add_ln459 = add i11 %zext_ln450_3, i11 %zext_ln458_1" [V:/zybo_z7_imx219/zybo_z7_imx219.runs/design_1_v_demosaic_0_0_synth_1/prj/sol/.autopilot/db/v_demosaic.cpp:459]   --->   Operation 273 'add' 'add_ln459' <Predicate = (!icmp_ln318 & icmp_ln439)> <Delay = 1.73> <CoreInst = "Adder">   --->   Core 1 'Adder' <Latency = 0> <II = 1> <Delay = 1.73> <FuncUnit> <Opcode : 'add' 'sub'> <InPorts = 2> <OutPorts = 1>
ST_3 : Operation 274 [1/1] (0.00ns)   --->   "%zext_ln459_1 = zext i11 %add_ln459" [V:/zybo_z7_imx219/zybo_z7_imx219.runs/design_1_v_demosaic_0_0_synth_1/prj/sol/.autopilot/db/v_demosaic.cpp:459]   --->   Operation 274 'zext' 'zext_ln459_1' <Predicate = (!icmp_ln318 & icmp_ln439)> <Delay = 0.00>
ST_3 : Operation 275 [1/1] (1.63ns)   --->   "%K_9 = sub i12 %zext_ln459, i12 %zext_ln459_1" [V:/zybo_z7_imx219/zybo_z7_imx219.runs/design_1_v_demosaic_0_0_synth_1/prj/sol/.autopilot/db/v_demosaic.cpp:459]   --->   Operation 275 'sub' 'K_9' <Predicate = (!icmp_ln318 & icmp_ln439)> <Delay = 1.63> <CoreInst = "Adder">   --->   Core 1 'Adder' <Latency = 0> <II = 1> <Delay = 1.63> <FuncUnit> <Opcode : 'add' 'sub'> <InPorts = 2> <OutPorts = 1>
ST_3 : Operation 276 [1/1] (0.00ns)   --->   "%shl_ln10 = bitconcatenate i11 @_ssdm_op_BitConcatenate.i11.i10.i1, i10 %p_load219, i1 0" [V:/zybo_z7_imx219/zybo_z7_imx219.runs/design_1_v_demosaic_0_0_synth_1/prj/sol/.autopilot/db/v_demosaic.cpp:460]   --->   Operation 276 'bitconcatenate' 'shl_ln10' <Predicate = (!icmp_ln318 & icmp_ln439)> <Delay = 0.00>
ST_3 : Operation 277 [1/1] (0.00ns)   --->   "%zext_ln460 = zext i11 %shl_ln10" [V:/zybo_z7_imx219/zybo_z7_imx219.runs/design_1_v_demosaic_0_0_synth_1/prj/sol/.autopilot/db/v_demosaic.cpp:460]   --->   Operation 277 'zext' 'zext_ln460' <Predicate = (!icmp_ln318 & icmp_ln439)> <Delay = 0.00>
ST_3 : Operation 278 [1/1] (0.00ns)   --->   "%zext_ln460_1 = zext i10 %p_load221" [V:/zybo_z7_imx219/zybo_z7_imx219.runs/design_1_v_demosaic_0_0_synth_1/prj/sol/.autopilot/db/v_demosaic.cpp:460]   --->   Operation 278 'zext' 'zext_ln460_1' <Predicate = (!icmp_ln318 & icmp_ln439)> <Delay = 0.00>
ST_3 : Operation 279 [1/1] (1.73ns)   --->   "%add_ln460 = add i11 %zext_ln458_1, i11 %zext_ln460_1" [V:/zybo_z7_imx219/zybo_z7_imx219.runs/design_1_v_demosaic_0_0_synth_1/prj/sol/.autopilot/db/v_demosaic.cpp:460]   --->   Operation 279 'add' 'add_ln460' <Predicate = (!icmp_ln318 & icmp_ln439)> <Delay = 1.73> <CoreInst = "Adder">   --->   Core 1 'Adder' <Latency = 0> <II = 1> <Delay = 1.73> <FuncUnit> <Opcode : 'add' 'sub'> <InPorts = 2> <OutPorts = 1>
ST_3 : Operation 280 [1/1] (0.00ns)   --->   "%zext_ln460_2 = zext i11 %add_ln460" [V:/zybo_z7_imx219/zybo_z7_imx219.runs/design_1_v_demosaic_0_0_synth_1/prj/sol/.autopilot/db/v_demosaic.cpp:460]   --->   Operation 280 'zext' 'zext_ln460_2' <Predicate = (!icmp_ln318 & icmp_ln439)> <Delay = 0.00>
ST_3 : Operation 281 [1/1] (1.63ns)   --->   "%K_10 = sub i12 %zext_ln460, i12 %zext_ln460_2" [V:/zybo_z7_imx219/zybo_z7_imx219.runs/design_1_v_demosaic_0_0_synth_1/prj/sol/.autopilot/db/v_demosaic.cpp:460]   --->   Operation 281 'sub' 'K_10' <Predicate = (!icmp_ln318 & icmp_ln439)> <Delay = 1.63> <CoreInst = "Adder">   --->   Core 1 'Adder' <Latency = 0> <II = 1> <Delay = 1.63> <FuncUnit> <Opcode : 'add' 'sub'> <InPorts = 2> <OutPorts = 1>
ST_3 : Operation 282 [1/1] (0.00ns)   --->   "%shl_ln11 = bitconcatenate i11 @_ssdm_op_BitConcatenate.i11.i10.i1, i10 %empty_168, i1 0" [V:/zybo_z7_imx219/zybo_z7_imx219.runs/design_1_v_demosaic_0_0_synth_1/prj/sol/.autopilot/db/v_demosaic.cpp:461]   --->   Operation 282 'bitconcatenate' 'shl_ln11' <Predicate = (!icmp_ln318 & icmp_ln439)> <Delay = 0.00>
ST_3 : Operation 283 [1/1] (0.00ns)   --->   "%zext_ln461 = zext i11 %shl_ln11" [V:/zybo_z7_imx219/zybo_z7_imx219.runs/design_1_v_demosaic_0_0_synth_1/prj/sol/.autopilot/db/v_demosaic.cpp:461]   --->   Operation 283 'zext' 'zext_ln461' <Predicate = (!icmp_ln318 & icmp_ln439)> <Delay = 0.00>
ST_3 : Operation 284 [1/1] (1.73ns)   --->   "%add_ln461 = add i11 %zext_ln450_1, i11 %zext_ln460_1" [V:/zybo_z7_imx219/zybo_z7_imx219.runs/design_1_v_demosaic_0_0_synth_1/prj/sol/.autopilot/db/v_demosaic.cpp:461]   --->   Operation 284 'add' 'add_ln461' <Predicate = (!icmp_ln318 & icmp_ln439)> <Delay = 1.73> <CoreInst = "Adder">   --->   Core 1 'Adder' <Latency = 0> <II = 1> <Delay = 1.73> <FuncUnit> <Opcode : 'add' 'sub'> <InPorts = 2> <OutPorts = 1>
ST_3 : Operation 285 [1/1] (0.00ns)   --->   "%zext_ln461_1 = zext i11 %add_ln461" [V:/zybo_z7_imx219/zybo_z7_imx219.runs/design_1_v_demosaic_0_0_synth_1/prj/sol/.autopilot/db/v_demosaic.cpp:461]   --->   Operation 285 'zext' 'zext_ln461_1' <Predicate = (!icmp_ln318 & icmp_ln439)> <Delay = 0.00>
ST_3 : Operation 286 [1/1] (1.63ns)   --->   "%K_11 = sub i12 %zext_ln461, i12 %zext_ln461_1" [V:/zybo_z7_imx219/zybo_z7_imx219.runs/design_1_v_demosaic_0_0_synth_1/prj/sol/.autopilot/db/v_demosaic.cpp:461]   --->   Operation 286 'sub' 'K_11' <Predicate = (!icmp_ln318 & icmp_ln439)> <Delay = 1.63> <CoreInst = "Adder">   --->   Core 1 'Adder' <Latency = 0> <II = 1> <Delay = 1.63> <FuncUnit> <Opcode : 'add' 'sub'> <InPorts = 2> <OutPorts = 1>
ST_3 : Operation 287 [1/1] (1.58ns)   --->   "%store_ln387 = store i10 %empty_153, i10 %empty_152" [V:/zybo_z7_imx219/zybo_z7_imx219.runs/design_1_v_demosaic_0_0_synth_1/prj/sol/.autopilot/db/v_demosaic.cpp:387]   --->   Operation 287 'store' 'store_ln387' <Predicate = (!icmp_ln318)> <Delay = 1.58>
ST_3 : Operation 288 [1/1] (1.58ns)   --->   "%store_ln387 = store i10 %empty_154, i10 %empty_151" [V:/zybo_z7_imx219/zybo_z7_imx219.runs/design_1_v_demosaic_0_0_synth_1/prj/sol/.autopilot/db/v_demosaic.cpp:387]   --->   Operation 288 'store' 'store_ln387' <Predicate = (!icmp_ln318)> <Delay = 1.58>
ST_3 : Operation 289 [1/1] (1.58ns)   --->   "%store_ln387 = store i10 %empty_156, i10 %empty_150" [V:/zybo_z7_imx219/zybo_z7_imx219.runs/design_1_v_demosaic_0_0_synth_1/prj/sol/.autopilot/db/v_demosaic.cpp:387]   --->   Operation 289 'store' 'store_ln387' <Predicate = (!icmp_ln318)> <Delay = 1.58>
ST_3 : Operation 290 [1/1] (1.58ns)   --->   "%store_ln387 = store i10 %empty_157, i10 %empty_149" [V:/zybo_z7_imx219/zybo_z7_imx219.runs/design_1_v_demosaic_0_0_synth_1/prj/sol/.autopilot/db/v_demosaic.cpp:387]   --->   Operation 290 'store' 'store_ln387' <Predicate = (!icmp_ln318)> <Delay = 1.58>
ST_3 : Operation 291 [1/1] (1.58ns)   --->   "%store_ln387 = store i10 %empty_158, i10 %empty_148" [V:/zybo_z7_imx219/zybo_z7_imx219.runs/design_1_v_demosaic_0_0_synth_1/prj/sol/.autopilot/db/v_demosaic.cpp:387]   --->   Operation 291 'store' 'store_ln387' <Predicate = (!icmp_ln318)> <Delay = 1.58>
ST_3 : Operation 292 [1/1] (1.58ns)   --->   "%store_ln387 = store i10 %empty_160, i10 %empty_147" [V:/zybo_z7_imx219/zybo_z7_imx219.runs/design_1_v_demosaic_0_0_synth_1/prj/sol/.autopilot/db/v_demosaic.cpp:387]   --->   Operation 292 'store' 'store_ln387' <Predicate = (!icmp_ln318)> <Delay = 1.58>
ST_3 : Operation 293 [1/1] (1.58ns)   --->   "%store_ln387 = store i10 %empty_161, i10 %empty_146" [V:/zybo_z7_imx219/zybo_z7_imx219.runs/design_1_v_demosaic_0_0_synth_1/prj/sol/.autopilot/db/v_demosaic.cpp:387]   --->   Operation 293 'store' 'store_ln387' <Predicate = (!icmp_ln318)> <Delay = 1.58>
ST_3 : Operation 294 [1/1] (1.58ns)   --->   "%store_ln387 = store i10 %g_2, i10 %empty_145" [V:/zybo_z7_imx219/zybo_z7_imx219.runs/design_1_v_demosaic_0_0_synth_1/prj/sol/.autopilot/db/v_demosaic.cpp:387]   --->   Operation 294 'store' 'store_ln387' <Predicate = (!icmp_ln318)> <Delay = 1.58>
ST_3 : Operation 295 [1/1] (1.58ns)   --->   "%store_ln387 = store i10 %empty_163, i10 %empty_144" [V:/zybo_z7_imx219/zybo_z7_imx219.runs/design_1_v_demosaic_0_0_synth_1/prj/sol/.autopilot/db/v_demosaic.cpp:387]   --->   Operation 295 'store' 'store_ln387' <Predicate = (!icmp_ln318)> <Delay = 1.58>
ST_3 : Operation 296 [1/1] (1.58ns)   --->   "%store_ln387 = store i10 %empty_164, i10 %empty_143" [V:/zybo_z7_imx219/zybo_z7_imx219.runs/design_1_v_demosaic_0_0_synth_1/prj/sol/.autopilot/db/v_demosaic.cpp:387]   --->   Operation 296 'store' 'store_ln387' <Predicate = (!icmp_ln318)> <Delay = 1.58>
ST_3 : Operation 297 [1/1] (1.58ns)   --->   "%store_ln387 = store i10 %empty_165, i10 %empty_142" [V:/zybo_z7_imx219/zybo_z7_imx219.runs/design_1_v_demosaic_0_0_synth_1/prj/sol/.autopilot/db/v_demosaic.cpp:387]   --->   Operation 297 'store' 'store_ln387' <Predicate = (!icmp_ln318)> <Delay = 1.58>
ST_3 : Operation 298 [1/1] (1.58ns)   --->   "%store_ln387 = store i10 %empty_167, i10 %empty_141" [V:/zybo_z7_imx219/zybo_z7_imx219.runs/design_1_v_demosaic_0_0_synth_1/prj/sol/.autopilot/db/v_demosaic.cpp:387]   --->   Operation 298 'store' 'store_ln387' <Predicate = (!icmp_ln318)> <Delay = 1.58>
ST_3 : Operation 299 [1/1] (1.58ns)   --->   "%store_ln387 = store i10 %empty_168, i10 %empty_140" [V:/zybo_z7_imx219/zybo_z7_imx219.runs/design_1_v_demosaic_0_0_synth_1/prj/sol/.autopilot/db/v_demosaic.cpp:387]   --->   Operation 299 'store' 'store_ln387' <Predicate = (!icmp_ln318)> <Delay = 1.58>
ST_3 : Operation 300 [1/1] (1.58ns)   --->   "%store_ln387 = store i10 %empty_169, i10 %empty_139" [V:/zybo_z7_imx219/zybo_z7_imx219.runs/design_1_v_demosaic_0_0_synth_1/prj/sol/.autopilot/db/v_demosaic.cpp:387]   --->   Operation 300 'store' 'store_ln387' <Predicate = (!icmp_ln318)> <Delay = 1.58>
ST_3 : Operation 301 [1/1] (1.58ns)   --->   "%store_ln387 = store i10 %empty_171, i10 %empty_138" [V:/zybo_z7_imx219/zybo_z7_imx219.runs/design_1_v_demosaic_0_0_synth_1/prj/sol/.autopilot/db/v_demosaic.cpp:387]   --->   Operation 301 'store' 'store_ln387' <Predicate = (!icmp_ln318)> <Delay = 1.58>
ST_3 : Operation 302 [1/1] (0.00ns)   --->   "%br_ln318 = br void %for.body49" [V:/zybo_z7_imx219/zybo_z7_imx219.runs/design_1_v_demosaic_0_0_synth_1/prj/sol/.autopilot/db/v_demosaic.cpp:318]   --->   Operation 302 'br' 'br_ln318' <Predicate = (!icmp_ln318)> <Delay = 0.00>

State 4 <SV = 3> <Delay = 7.28>
ST_4 : Operation 303 [1/1] (0.00ns)   --->   "%sext_ln465 = sext i12 %K_2" [V:/zybo_z7_imx219/zybo_z7_imx219.runs/design_1_v_demosaic_0_0_synth_1/prj/sol/.autopilot/db/v_demosaic.cpp:465]   --->   Operation 303 'sext' 'sext_ln465' <Predicate = (icmp_ln439)> <Delay = 0.00>
ST_4 : Operation 304 [1/1] (0.00ns)   --->   "%sext_ln465_1 = sext i12 %K" [V:/zybo_z7_imx219/zybo_z7_imx219.runs/design_1_v_demosaic_0_0_synth_1/prj/sol/.autopilot/db/v_demosaic.cpp:465]   --->   Operation 304 'sext' 'sext_ln465_1' <Predicate = (icmp_ln439)> <Delay = 0.00>
ST_4 : Operation 305 [1/1] (0.00ns)   --->   "%sext_ln465_2 = sext i12 %K_4" [V:/zybo_z7_imx219/zybo_z7_imx219.runs/design_1_v_demosaic_0_0_synth_1/prj/sol/.autopilot/db/v_demosaic.cpp:465]   --->   Operation 305 'sext' 'sext_ln465_2' <Predicate = (icmp_ln439)> <Delay = 0.00>
ST_4 : Operation 306 [1/1] (0.00ns)   --->   "%sext_ln465_3 = sext i12 %K_6" [V:/zybo_z7_imx219/zybo_z7_imx219.runs/design_1_v_demosaic_0_0_synth_1/prj/sol/.autopilot/db/v_demosaic.cpp:465]   --->   Operation 306 'sext' 'sext_ln465_3' <Predicate = (icmp_ln439)> <Delay = 0.00>
ST_4 : Operation 307 [1/1] (1.54ns)   --->   "%add_ln465 = add i13 %sext_ln465_2, i13 %sext_ln465_3" [V:/zybo_z7_imx219/zybo_z7_imx219.runs/design_1_v_demosaic_0_0_synth_1/prj/sol/.autopilot/db/v_demosaic.cpp:465]   --->   Operation 307 'add' 'add_ln465' <Predicate = (icmp_ln439)> <Delay = 1.54> <CoreInst = "Adder">   --->   Core 1 'Adder' <Latency = 0> <II = 1> <Delay = 1.54> <FuncUnit> <Opcode : 'add' 'sub'> <InPorts = 2> <OutPorts = 1>
ST_4 : Operation 308 [1/1] (0.00ns)   --->   "%sext_ln465_4 = sext i13 %add_ln465" [V:/zybo_z7_imx219/zybo_z7_imx219.runs/design_1_v_demosaic_0_0_synth_1/prj/sol/.autopilot/db/v_demosaic.cpp:465]   --->   Operation 308 'sext' 'sext_ln465_4' <Predicate = (icmp_ln439)> <Delay = 0.00>
ST_4 : Operation 309 [1/1] (1.54ns)   --->   "%add_ln465_1 = add i13 %sext_ln465_1, i13 %sext_ln465" [V:/zybo_z7_imx219/zybo_z7_imx219.runs/design_1_v_demosaic_0_0_synth_1/prj/sol/.autopilot/db/v_demosaic.cpp:465]   --->   Operation 309 'add' 'add_ln465_1' <Predicate = (icmp_ln439)> <Delay = 1.54> <CoreInst = "Adder">   --->   Core 1 'Adder' <Latency = 0> <II = 1> <Delay = 1.54> <FuncUnit> <Opcode : 'add' 'sub'> <InPorts = 2> <OutPorts = 1>
ST_4 : Operation 310 [1/1] (0.00ns)   --->   "%sext_ln465_5 = sext i13 %add_ln465_1" [V:/zybo_z7_imx219/zybo_z7_imx219.runs/design_1_v_demosaic_0_0_synth_1/prj/sol/.autopilot/db/v_demosaic.cpp:465]   --->   Operation 310 'sext' 'sext_ln465_5' <Predicate = (icmp_ln439)> <Delay = 0.00>
ST_4 : Operation 311 [1/1] (1.67ns)   --->   "%ave = add i14 %sext_ln465_5, i14 %sext_ln465_4" [V:/zybo_z7_imx219/zybo_z7_imx219.runs/design_1_v_demosaic_0_0_synth_1/prj/sol/.autopilot/db/v_demosaic.cpp:465]   --->   Operation 311 'add' 'ave' <Predicate = (icmp_ln439)> <Delay = 1.67> <CoreInst = "Adder">   --->   Core 1 'Adder' <Latency = 0> <II = 1> <Delay = 1.67> <FuncUnit> <Opcode : 'add' 'sub'> <InPorts = 2> <OutPorts = 1>
ST_4 : Operation 312 [1/1] (0.00ns)   --->   "%sext_ln435 = sext i14 %ave" [V:/zybo_z7_imx219/zybo_z7_imx219.runs/design_1_v_demosaic_0_0_synth_1/prj/sol/.autopilot/db/v_demosaic.cpp:435]   --->   Operation 312 'sext' 'sext_ln435' <Predicate = (icmp_ln439)> <Delay = 0.00>
ST_4 : Operation 313 [1/1] (0.00ns)   --->   "%sext_ln466 = sext i12 %K_1" [V:/zybo_z7_imx219/zybo_z7_imx219.runs/design_1_v_demosaic_0_0_synth_1/prj/sol/.autopilot/db/v_demosaic.cpp:466]   --->   Operation 313 'sext' 'sext_ln466' <Predicate = (icmp_ln439)> <Delay = 0.00>
ST_4 : Operation 314 [1/1] (0.00ns)   --->   "%sext_ln466_1 = sext i12 %K_3" [V:/zybo_z7_imx219/zybo_z7_imx219.runs/design_1_v_demosaic_0_0_synth_1/prj/sol/.autopilot/db/v_demosaic.cpp:466]   --->   Operation 314 'sext' 'sext_ln466_1' <Predicate = (icmp_ln439)> <Delay = 0.00>
ST_4 : Operation 315 [1/1] (0.00ns)   --->   "%sext_ln466_2 = sext i12 %K_9" [V:/zybo_z7_imx219/zybo_z7_imx219.runs/design_1_v_demosaic_0_0_synth_1/prj/sol/.autopilot/db/v_demosaic.cpp:466]   --->   Operation 315 'sext' 'sext_ln466_2' <Predicate = (icmp_ln439)> <Delay = 0.00>
ST_4 : Operation 316 [1/1] (0.00ns)   --->   "%sext_ln466_3 = sext i12 %K_11" [V:/zybo_z7_imx219/zybo_z7_imx219.runs/design_1_v_demosaic_0_0_synth_1/prj/sol/.autopilot/db/v_demosaic.cpp:466]   --->   Operation 316 'sext' 'sext_ln466_3' <Predicate = (icmp_ln439)> <Delay = 0.00>
ST_4 : Operation 317 [1/1] (1.54ns)   --->   "%add_ln466 = add i13 %sext_ln466_1, i13 %sext_ln466_2" [V:/zybo_z7_imx219/zybo_z7_imx219.runs/design_1_v_demosaic_0_0_synth_1/prj/sol/.autopilot/db/v_demosaic.cpp:466]   --->   Operation 317 'add' 'add_ln466' <Predicate = (icmp_ln439)> <Delay = 1.54> <CoreInst = "Adder">   --->   Core 1 'Adder' <Latency = 0> <II = 1> <Delay = 1.54> <FuncUnit> <Opcode : 'add' 'sub'> <InPorts = 2> <OutPorts = 1>
ST_4 : Operation 318 [1/1] (0.00ns)   --->   "%sext_ln466_4 = sext i13 %add_ln466" [V:/zybo_z7_imx219/zybo_z7_imx219.runs/design_1_v_demosaic_0_0_synth_1/prj/sol/.autopilot/db/v_demosaic.cpp:466]   --->   Operation 318 'sext' 'sext_ln466_4' <Predicate = (icmp_ln439)> <Delay = 0.00>
ST_4 : Operation 319 [1/1] (1.54ns)   --->   "%add_ln466_1 = add i13 %sext_ln466_3, i13 %sext_ln466" [V:/zybo_z7_imx219/zybo_z7_imx219.runs/design_1_v_demosaic_0_0_synth_1/prj/sol/.autopilot/db/v_demosaic.cpp:466]   --->   Operation 319 'add' 'add_ln466_1' <Predicate = (icmp_ln439)> <Delay = 1.54> <CoreInst = "Adder">   --->   Core 1 'Adder' <Latency = 0> <II = 1> <Delay = 1.54> <FuncUnit> <Opcode : 'add' 'sub'> <InPorts = 2> <OutPorts = 1>
ST_4 : Operation 320 [1/1] (0.00ns)   --->   "%sext_ln466_5 = sext i13 %add_ln466_1" [V:/zybo_z7_imx219/zybo_z7_imx219.runs/design_1_v_demosaic_0_0_synth_1/prj/sol/.autopilot/db/v_demosaic.cpp:466]   --->   Operation 320 'sext' 'sext_ln466_5' <Predicate = (icmp_ln439)> <Delay = 0.00>
ST_4 : Operation 321 [1/1] (1.67ns)   --->   "%ave_1 = add i14 %sext_ln466_5, i14 %sext_ln466_4" [V:/zybo_z7_imx219/zybo_z7_imx219.runs/design_1_v_demosaic_0_0_synth_1/prj/sol/.autopilot/db/v_demosaic.cpp:466]   --->   Operation 321 'add' 'ave_1' <Predicate = (icmp_ln439)> <Delay = 1.67> <CoreInst = "Adder">   --->   Core 1 'Adder' <Latency = 0> <II = 1> <Delay = 1.67> <FuncUnit> <Opcode : 'add' 'sub'> <InPorts = 2> <OutPorts = 1>
ST_4 : Operation 322 [1/1] (0.00ns)   --->   "%sext_ln435_1 = sext i14 %ave_1" [V:/zybo_z7_imx219/zybo_z7_imx219.runs/design_1_v_demosaic_0_0_synth_1/prj/sol/.autopilot/db/v_demosaic.cpp:435]   --->   Operation 322 'sext' 'sext_ln435_1' <Predicate = (icmp_ln439)> <Delay = 0.00>
ST_4 : Operation 323 [1/1] (0.00ns)   --->   "%sext_ln467 = sext i12 %K_5" [V:/zybo_z7_imx219/zybo_z7_imx219.runs/design_1_v_demosaic_0_0_synth_1/prj/sol/.autopilot/db/v_demosaic.cpp:467]   --->   Operation 323 'sext' 'sext_ln467' <Predicate = (icmp_ln439)> <Delay = 0.00>
ST_4 : Operation 324 [1/1] (0.00ns)   --->   "%sext_ln467_1 = sext i12 %K_7" [V:/zybo_z7_imx219/zybo_z7_imx219.runs/design_1_v_demosaic_0_0_synth_1/prj/sol/.autopilot/db/v_demosaic.cpp:467]   --->   Operation 324 'sext' 'sext_ln467_1' <Predicate = (icmp_ln439)> <Delay = 0.00>
ST_4 : Operation 325 [1/1] (1.54ns)   --->   "%add_ln467 = add i13 %sext_ln467, i13 %sext_ln467_1" [V:/zybo_z7_imx219/zybo_z7_imx219.runs/design_1_v_demosaic_0_0_synth_1/prj/sol/.autopilot/db/v_demosaic.cpp:467]   --->   Operation 325 'add' 'add_ln467' <Predicate = (icmp_ln439)> <Delay = 1.54> <CoreInst = "Adder">   --->   Core 1 'Adder' <Latency = 0> <II = 1> <Delay = 1.54> <FuncUnit> <Opcode : 'add' 'sub'> <InPorts = 2> <OutPorts = 1>
ST_4 : Operation 326 [1/1] (0.00ns)   --->   "%sext_ln467_2 = sext i13 %add_ln467" [V:/zybo_z7_imx219/zybo_z7_imx219.runs/design_1_v_demosaic_0_0_synth_1/prj/sol/.autopilot/db/v_demosaic.cpp:467]   --->   Operation 326 'sext' 'sext_ln467_2' <Predicate = (icmp_ln439)> <Delay = 0.00>
ST_4 : Operation 327 [1/1] (1.67ns)   --->   "%ave_2 = add i14 %sext_ln466_4, i14 %sext_ln467_2" [V:/zybo_z7_imx219/zybo_z7_imx219.runs/design_1_v_demosaic_0_0_synth_1/prj/sol/.autopilot/db/v_demosaic.cpp:467]   --->   Operation 327 'add' 'ave_2' <Predicate = (icmp_ln439)> <Delay = 1.67> <CoreInst = "Adder">   --->   Core 1 'Adder' <Latency = 0> <II = 1> <Delay = 1.67> <FuncUnit> <Opcode : 'add' 'sub'> <InPorts = 2> <OutPorts = 1>
ST_4 : Operation 328 [1/1] (0.00ns)   --->   "%sext_ln435_2 = sext i14 %ave_2" [V:/zybo_z7_imx219/zybo_z7_imx219.runs/design_1_v_demosaic_0_0_synth_1/prj/sol/.autopilot/db/v_demosaic.cpp:435]   --->   Operation 328 'sext' 'sext_ln435_2' <Predicate = (icmp_ln439)> <Delay = 0.00>
ST_4 : Operation 329 [1/1] (0.00ns)   --->   "%sext_ln468 = sext i12 %K_8" [V:/zybo_z7_imx219/zybo_z7_imx219.runs/design_1_v_demosaic_0_0_synth_1/prj/sol/.autopilot/db/v_demosaic.cpp:468]   --->   Operation 329 'sext' 'sext_ln468' <Predicate = (icmp_ln439)> <Delay = 0.00>
ST_4 : Operation 330 [1/1] (0.00ns)   --->   "%sext_ln468_1 = sext i12 %K_10" [V:/zybo_z7_imx219/zybo_z7_imx219.runs/design_1_v_demosaic_0_0_synth_1/prj/sol/.autopilot/db/v_demosaic.cpp:468]   --->   Operation 330 'sext' 'sext_ln468_1' <Predicate = (icmp_ln439)> <Delay = 0.00>
ST_4 : Operation 331 [1/1] (1.54ns)   --->   "%add_ln468 = add i13 %sext_ln468, i13 %sext_ln468_1" [V:/zybo_z7_imx219/zybo_z7_imx219.runs/design_1_v_demosaic_0_0_synth_1/prj/sol/.autopilot/db/v_demosaic.cpp:468]   --->   Operation 331 'add' 'add_ln468' <Predicate = (icmp_ln439)> <Delay = 1.54> <CoreInst = "Adder">   --->   Core 1 'Adder' <Latency = 0> <II = 1> <Delay = 1.54> <FuncUnit> <Opcode : 'add' 'sub'> <InPorts = 2> <OutPorts = 1>
ST_4 : Operation 332 [1/1] (0.00ns)   --->   "%sext_ln468_2 = sext i13 %add_ln468" [V:/zybo_z7_imx219/zybo_z7_imx219.runs/design_1_v_demosaic_0_0_synth_1/prj/sol/.autopilot/db/v_demosaic.cpp:468]   --->   Operation 332 'sext' 'sext_ln468_2' <Predicate = (icmp_ln439)> <Delay = 0.00>
ST_4 : Operation 333 [1/1] (1.54ns)   --->   "%add_ln468_1 = add i13 %sext_ln465_3, i13 %sext_ln465_1" [V:/zybo_z7_imx219/zybo_z7_imx219.runs/design_1_v_demosaic_0_0_synth_1/prj/sol/.autopilot/db/v_demosaic.cpp:468]   --->   Operation 333 'add' 'add_ln468_1' <Predicate = (icmp_ln439)> <Delay = 1.54> <CoreInst = "Adder">   --->   Core 1 'Adder' <Latency = 0> <II = 1> <Delay = 1.54> <FuncUnit> <Opcode : 'add' 'sub'> <InPorts = 2> <OutPorts = 1>
ST_4 : Operation 334 [1/1] (0.00ns)   --->   "%sext_ln468_3 = sext i13 %add_ln468_1" [V:/zybo_z7_imx219/zybo_z7_imx219.runs/design_1_v_demosaic_0_0_synth_1/prj/sol/.autopilot/db/v_demosaic.cpp:468]   --->   Operation 334 'sext' 'sext_ln468_3' <Predicate = (icmp_ln439)> <Delay = 0.00>
ST_4 : Operation 335 [1/1] (1.67ns)   --->   "%ave_3 = add i14 %sext_ln468_3, i14 %sext_ln468_2" [V:/zybo_z7_imx219/zybo_z7_imx219.runs/design_1_v_demosaic_0_0_synth_1/prj/sol/.autopilot/db/v_demosaic.cpp:468]   --->   Operation 335 'add' 'ave_3' <Predicate = (icmp_ln439)> <Delay = 1.67> <CoreInst = "Adder">   --->   Core 1 'Adder' <Latency = 0> <II = 1> <Delay = 1.67> <FuncUnit> <Opcode : 'add' 'sub'> <InPorts = 2> <OutPorts = 1>
ST_4 : Operation 336 [1/1] (0.00ns)   --->   "%sext_ln435_3 = sext i14 %ave_3" [V:/zybo_z7_imx219/zybo_z7_imx219.runs/design_1_v_demosaic_0_0_synth_1/prj/sol/.autopilot/db/v_demosaic.cpp:435]   --->   Operation 336 'sext' 'sext_ln435_3' <Predicate = (icmp_ln439)> <Delay = 0.00>
ST_4 : Operation 337 [1/1] (0.00ns)   --->   "%tmp_25 = bitselect i1 @_ssdm_op_BitSelect.i1.i14.i32, i14 %ave, i32 13" [V:/zybo_z7_imx219/zybo_z7_imx219.runs/design_1_v_demosaic_0_0_synth_1/prj/sol/.autopilot/db/v_demosaic.cpp:472]   --->   Operation 337 'bitselect' 'tmp_25' <Predicate = (icmp_ln439)> <Delay = 0.00>
ST_4 : Operation 338 [1/1] (1.81ns)   --->   "%sub_ln472 = sub i15 0, i15 %sext_ln435" [V:/zybo_z7_imx219/zybo_z7_imx219.runs/design_1_v_demosaic_0_0_synth_1/prj/sol/.autopilot/db/v_demosaic.cpp:472]   --->   Operation 338 'sub' 'sub_ln472' <Predicate = (icmp_ln439)> <Delay = 1.81> <CoreInst = "Adder">   --->   Core 1 'Adder' <Latency = 0> <II = 1> <Delay = 1.81> <FuncUnit> <Opcode : 'add' 'sub'> <InPorts = 2> <OutPorts = 1>
ST_4 : Operation 339 [1/1] (0.00ns)   --->   "%trunc_ln472_1_cast = partselect i12 @_ssdm_op_PartSelect.i12.i15.i32.i32, i15 %sub_ln472, i32 2, i32 13" [V:/zybo_z7_imx219/zybo_z7_imx219.runs/design_1_v_demosaic_0_0_synth_1/prj/sol/.autopilot/db/v_demosaic.cpp:472]   --->   Operation 339 'partselect' 'trunc_ln472_1_cast' <Predicate = (icmp_ln439)> <Delay = 0.00>
ST_4 : Operation 340 [1/1] (0.00ns)   --->   "%trunc_ln472_2 = partselect i12 @_ssdm_op_PartSelect.i12.i14.i32.i32, i14 %ave, i32 2, i32 13" [V:/zybo_z7_imx219/zybo_z7_imx219.runs/design_1_v_demosaic_0_0_synth_1/prj/sol/.autopilot/db/v_demosaic.cpp:472]   --->   Operation 340 'partselect' 'trunc_ln472_2' <Predicate = (icmp_ln439)> <Delay = 0.00>
ST_4 : Operation 341 [1/1] (1.54ns)   --->   "%sub_ln472_1 = sub i12 0, i12 %trunc_ln472_1_cast" [V:/zybo_z7_imx219/zybo_z7_imx219.runs/design_1_v_demosaic_0_0_synth_1/prj/sol/.autopilot/db/v_demosaic.cpp:472]   --->   Operation 341 'sub' 'sub_ln472_1' <Predicate = (icmp_ln439)> <Delay = 1.54> <CoreInst = "Adder">   --->   Core 1 'Adder' <Latency = 0> <II = 1> <Delay = 1.54> <FuncUnit> <Opcode : 'add' 'sub'> <InPorts = 2> <OutPorts = 1>
ST_4 : Operation 342 [1/1] (0.69ns)   --->   "%mean = select i1 %tmp_25, i12 %sub_ln472_1, i12 %trunc_ln472_2" [V:/zybo_z7_imx219/zybo_z7_imx219.runs/design_1_v_demosaic_0_0_synth_1/prj/sol/.autopilot/db/v_demosaic.cpp:472]   --->   Operation 342 'select' 'mean' <Predicate = (icmp_ln439)> <Delay = 0.69> <CoreInst = "Sel">   --->   Core 73 'Sel' <Latency = 0> <II = 1> <Delay = 0.69> <FuncUnit> <Opcode : 'select'> <InPorts = 3> <OutPorts = 1>
ST_4 : Operation 343 [1/1] (0.00ns)   --->   "%tmp_26 = bitselect i1 @_ssdm_op_BitSelect.i1.i14.i32, i14 %ave_1, i32 13" [V:/zybo_z7_imx219/zybo_z7_imx219.runs/design_1_v_demosaic_0_0_synth_1/prj/sol/.autopilot/db/v_demosaic.cpp:472]   --->   Operation 343 'bitselect' 'tmp_26' <Predicate = (icmp_ln439)> <Delay = 0.00>
ST_4 : Operation 344 [1/1] (1.81ns)   --->   "%sub_ln472_2 = sub i15 0, i15 %sext_ln435_1" [V:/zybo_z7_imx219/zybo_z7_imx219.runs/design_1_v_demosaic_0_0_synth_1/prj/sol/.autopilot/db/v_demosaic.cpp:472]   --->   Operation 344 'sub' 'sub_ln472_2' <Predicate = (icmp_ln439)> <Delay = 1.81> <CoreInst = "Adder">   --->   Core 1 'Adder' <Latency = 0> <II = 1> <Delay = 1.81> <FuncUnit> <Opcode : 'add' 'sub'> <InPorts = 2> <OutPorts = 1>
ST_4 : Operation 345 [1/1] (0.00ns)   --->   "%trunc_ln472_4_cast = partselect i12 @_ssdm_op_PartSelect.i12.i15.i32.i32, i15 %sub_ln472_2, i32 2, i32 13" [V:/zybo_z7_imx219/zybo_z7_imx219.runs/design_1_v_demosaic_0_0_synth_1/prj/sol/.autopilot/db/v_demosaic.cpp:472]   --->   Operation 345 'partselect' 'trunc_ln472_4_cast' <Predicate = (icmp_ln439)> <Delay = 0.00>
ST_4 : Operation 346 [1/1] (0.00ns)   --->   "%trunc_ln472_5 = partselect i12 @_ssdm_op_PartSelect.i12.i14.i32.i32, i14 %ave_1, i32 2, i32 13" [V:/zybo_z7_imx219/zybo_z7_imx219.runs/design_1_v_demosaic_0_0_synth_1/prj/sol/.autopilot/db/v_demosaic.cpp:472]   --->   Operation 346 'partselect' 'trunc_ln472_5' <Predicate = (icmp_ln439)> <Delay = 0.00>
ST_4 : Operation 347 [1/1] (1.54ns)   --->   "%sub_ln472_3 = sub i12 0, i12 %trunc_ln472_4_cast" [V:/zybo_z7_imx219/zybo_z7_imx219.runs/design_1_v_demosaic_0_0_synth_1/prj/sol/.autopilot/db/v_demosaic.cpp:472]   --->   Operation 347 'sub' 'sub_ln472_3' <Predicate = (icmp_ln439)> <Delay = 1.54> <CoreInst = "Adder">   --->   Core 1 'Adder' <Latency = 0> <II = 1> <Delay = 1.54> <FuncUnit> <Opcode : 'add' 'sub'> <InPorts = 2> <OutPorts = 1>
ST_4 : Operation 348 [1/1] (0.69ns)   --->   "%mean_1 = select i1 %tmp_26, i12 %sub_ln472_3, i12 %trunc_ln472_5" [V:/zybo_z7_imx219/zybo_z7_imx219.runs/design_1_v_demosaic_0_0_synth_1/prj/sol/.autopilot/db/v_demosaic.cpp:472]   --->   Operation 348 'select' 'mean_1' <Predicate = (icmp_ln439)> <Delay = 0.69> <CoreInst = "Sel">   --->   Core 73 'Sel' <Latency = 0> <II = 1> <Delay = 0.69> <FuncUnit> <Opcode : 'select'> <InPorts = 3> <OutPorts = 1>
ST_4 : Operation 349 [1/1] (0.00ns)   --->   "%tmp_27 = bitselect i1 @_ssdm_op_BitSelect.i1.i14.i32, i14 %ave_2, i32 13" [V:/zybo_z7_imx219/zybo_z7_imx219.runs/design_1_v_demosaic_0_0_synth_1/prj/sol/.autopilot/db/v_demosaic.cpp:472]   --->   Operation 349 'bitselect' 'tmp_27' <Predicate = (icmp_ln439)> <Delay = 0.00>
ST_4 : Operation 350 [1/1] (1.81ns)   --->   "%sub_ln472_4 = sub i15 0, i15 %sext_ln435_2" [V:/zybo_z7_imx219/zybo_z7_imx219.runs/design_1_v_demosaic_0_0_synth_1/prj/sol/.autopilot/db/v_demosaic.cpp:472]   --->   Operation 350 'sub' 'sub_ln472_4' <Predicate = (icmp_ln439)> <Delay = 1.81> <CoreInst = "Adder">   --->   Core 1 'Adder' <Latency = 0> <II = 1> <Delay = 1.81> <FuncUnit> <Opcode : 'add' 'sub'> <InPorts = 2> <OutPorts = 1>
ST_4 : Operation 351 [1/1] (0.00ns)   --->   "%trunc_ln472_7_cast = partselect i12 @_ssdm_op_PartSelect.i12.i15.i32.i32, i15 %sub_ln472_4, i32 2, i32 13" [V:/zybo_z7_imx219/zybo_z7_imx219.runs/design_1_v_demosaic_0_0_synth_1/prj/sol/.autopilot/db/v_demosaic.cpp:472]   --->   Operation 351 'partselect' 'trunc_ln472_7_cast' <Predicate = (icmp_ln439)> <Delay = 0.00>
ST_4 : Operation 352 [1/1] (0.00ns)   --->   "%trunc_ln472_8 = partselect i12 @_ssdm_op_PartSelect.i12.i14.i32.i32, i14 %ave_2, i32 2, i32 13" [V:/zybo_z7_imx219/zybo_z7_imx219.runs/design_1_v_demosaic_0_0_synth_1/prj/sol/.autopilot/db/v_demosaic.cpp:472]   --->   Operation 352 'partselect' 'trunc_ln472_8' <Predicate = (icmp_ln439)> <Delay = 0.00>
ST_4 : Operation 353 [1/1] (1.54ns)   --->   "%sub_ln472_5 = sub i12 0, i12 %trunc_ln472_7_cast" [V:/zybo_z7_imx219/zybo_z7_imx219.runs/design_1_v_demosaic_0_0_synth_1/prj/sol/.autopilot/db/v_demosaic.cpp:472]   --->   Operation 353 'sub' 'sub_ln472_5' <Predicate = (icmp_ln439)> <Delay = 1.54> <CoreInst = "Adder">   --->   Core 1 'Adder' <Latency = 0> <II = 1> <Delay = 1.54> <FuncUnit> <Opcode : 'add' 'sub'> <InPorts = 2> <OutPorts = 1>
ST_4 : Operation 354 [1/1] (0.69ns)   --->   "%mean_2 = select i1 %tmp_27, i12 %sub_ln472_5, i12 %trunc_ln472_8" [V:/zybo_z7_imx219/zybo_z7_imx219.runs/design_1_v_demosaic_0_0_synth_1/prj/sol/.autopilot/db/v_demosaic.cpp:472]   --->   Operation 354 'select' 'mean_2' <Predicate = (icmp_ln439)> <Delay = 0.69> <CoreInst = "Sel">   --->   Core 73 'Sel' <Latency = 0> <II = 1> <Delay = 0.69> <FuncUnit> <Opcode : 'select'> <InPorts = 3> <OutPorts = 1>
ST_4 : Operation 355 [1/1] (0.00ns)   --->   "%tmp_28 = bitselect i1 @_ssdm_op_BitSelect.i1.i14.i32, i14 %ave_3, i32 13" [V:/zybo_z7_imx219/zybo_z7_imx219.runs/design_1_v_demosaic_0_0_synth_1/prj/sol/.autopilot/db/v_demosaic.cpp:472]   --->   Operation 355 'bitselect' 'tmp_28' <Predicate = (icmp_ln439)> <Delay = 0.00>
ST_4 : Operation 356 [1/1] (1.81ns)   --->   "%sub_ln472_6 = sub i15 0, i15 %sext_ln435_3" [V:/zybo_z7_imx219/zybo_z7_imx219.runs/design_1_v_demosaic_0_0_synth_1/prj/sol/.autopilot/db/v_demosaic.cpp:472]   --->   Operation 356 'sub' 'sub_ln472_6' <Predicate = (icmp_ln439)> <Delay = 1.81> <CoreInst = "Adder">   --->   Core 1 'Adder' <Latency = 0> <II = 1> <Delay = 1.81> <FuncUnit> <Opcode : 'add' 'sub'> <InPorts = 2> <OutPorts = 1>
ST_4 : Operation 357 [1/1] (0.00ns)   --->   "%trunc_ln472_cast = partselect i12 @_ssdm_op_PartSelect.i12.i15.i32.i32, i15 %sub_ln472_6, i32 2, i32 13" [V:/zybo_z7_imx219/zybo_z7_imx219.runs/design_1_v_demosaic_0_0_synth_1/prj/sol/.autopilot/db/v_demosaic.cpp:472]   --->   Operation 357 'partselect' 'trunc_ln472_cast' <Predicate = (icmp_ln439)> <Delay = 0.00>
ST_4 : Operation 358 [1/1] (0.00ns)   --->   "%trunc_ln472_s = partselect i12 @_ssdm_op_PartSelect.i12.i14.i32.i32, i14 %ave_3, i32 2, i32 13" [V:/zybo_z7_imx219/zybo_z7_imx219.runs/design_1_v_demosaic_0_0_synth_1/prj/sol/.autopilot/db/v_demosaic.cpp:472]   --->   Operation 358 'partselect' 'trunc_ln472_s' <Predicate = (icmp_ln439)> <Delay = 0.00>
ST_4 : Operation 359 [1/1] (1.54ns)   --->   "%sub_ln472_7 = sub i12 0, i12 %trunc_ln472_cast" [V:/zybo_z7_imx219/zybo_z7_imx219.runs/design_1_v_demosaic_0_0_synth_1/prj/sol/.autopilot/db/v_demosaic.cpp:472]   --->   Operation 359 'sub' 'sub_ln472_7' <Predicate = (icmp_ln439)> <Delay = 1.54> <CoreInst = "Adder">   --->   Core 1 'Adder' <Latency = 0> <II = 1> <Delay = 1.54> <FuncUnit> <Opcode : 'add' 'sub'> <InPorts = 2> <OutPorts = 1>
ST_4 : Operation 360 [1/1] (0.69ns)   --->   "%mean_3 = select i1 %tmp_28, i12 %sub_ln472_7, i12 %trunc_ln472_s" [V:/zybo_z7_imx219/zybo_z7_imx219.runs/design_1_v_demosaic_0_0_synth_1/prj/sol/.autopilot/db/v_demosaic.cpp:472]   --->   Operation 360 'select' 'mean_3' <Predicate = (icmp_ln439)> <Delay = 0.69> <CoreInst = "Sel">   --->   Core 73 'Sel' <Latency = 0> <II = 1> <Delay = 0.69> <FuncUnit> <Opcode : 'select'> <InPorts = 3> <OutPorts = 1>
ST_4 : Operation 361 [1/1] (1.73ns)   --->   "%sub_ln483 = sub i11 %zext_ln450_1, i11 %zext_ln450_3" [V:/zybo_z7_imx219/zybo_z7_imx219.runs/design_1_v_demosaic_0_0_synth_1/prj/sol/.autopilot/db/v_demosaic.cpp:483]   --->   Operation 361 'sub' 'sub_ln483' <Predicate = (icmp_ln439)> <Delay = 1.73> <CoreInst = "Adder">   --->   Core 1 'Adder' <Latency = 0> <II = 1> <Delay = 1.73> <FuncUnit> <Opcode : 'add' 'sub'> <InPorts = 2> <OutPorts = 1>
ST_4 : Operation 362 [1/1] (0.00ns)   --->   "%trunc_ln61_24 = trunc i11 %sub_ln483" [C:/AMDDesignTools/2025.2/Vitis/tps/mingw/8.3.0/win64.o/nt\lib\gcc\x86_64-w64-mingw32\8.3.0\include\c++\bits/std_abs.h:61->V:/zybo_z7_imx219/zybo_z7_imx219.runs/design_1_v_demosaic_0_0_synth_1/prj/sol/.autopilot/db/v_demosaic.cpp:483]   --->   Operation 362 'trunc' 'trunc_ln61_24' <Predicate = (icmp_ln439)> <Delay = 0.00>
ST_4 : Operation 363 [1/1] (0.00ns) (grouped into LUT with out node add_ln483)   --->   "%tmp_45 = bitselect i1 @_ssdm_op_BitSelect.i1.i11.i32, i11 %sub_ln483, i32 10" [C:/AMDDesignTools/2025.2/Vitis/tps/mingw/8.3.0/win64.o/nt\lib\gcc\x86_64-w64-mingw32\8.3.0\include\c++\bits/std_abs.h:61->V:/zybo_z7_imx219/zybo_z7_imx219.runs/design_1_v_demosaic_0_0_synth_1/prj/sol/.autopilot/db/v_demosaic.cpp:483]   --->   Operation 363 'bitselect' 'tmp_45' <Predicate = (icmp_ln439)> <Delay = 0.00>
ST_4 : Operation 364 [1/1] (1.73ns)   --->   "%sub_ln61_24 = sub i10 0, i10 %trunc_ln61_24" [C:/AMDDesignTools/2025.2/Vitis/tps/mingw/8.3.0/win64.o/nt\lib\gcc\x86_64-w64-mingw32\8.3.0\include\c++\bits/std_abs.h:61->V:/zybo_z7_imx219/zybo_z7_imx219.runs/design_1_v_demosaic_0_0_synth_1/prj/sol/.autopilot/db/v_demosaic.cpp:483]   --->   Operation 364 'sub' 'sub_ln61_24' <Predicate = (icmp_ln439)> <Delay = 1.73> <CoreInst = "Adder">   --->   Core 1 'Adder' <Latency = 0> <II = 1> <Delay = 1.73> <FuncUnit> <Opcode : 'add' 'sub'> <InPorts = 2> <OutPorts = 1>
ST_4 : Operation 365 [1/1] (0.00ns) (grouped into LUT with out node add_ln483)   --->   "%select_ln61_16 = select i1 %tmp_45, i10 %sub_ln61_24, i10 %trunc_ln61_24" [C:/AMDDesignTools/2025.2/Vitis/tps/mingw/8.3.0/win64.o/nt\lib\gcc\x86_64-w64-mingw32\8.3.0\include\c++\bits/std_abs.h:61->V:/zybo_z7_imx219/zybo_z7_imx219.runs/design_1_v_demosaic_0_0_synth_1/prj/sol/.autopilot/db/v_demosaic.cpp:483]   --->   Operation 365 'select' 'select_ln61_16' <Predicate = (icmp_ln439)> <Delay = 0.00> <CoreInst = "Sel">   --->   Core 73 'Sel' <Latency = 0> <II = 1> <Delay = 0.68> <FuncUnit> <Opcode : 'select'> <InPorts = 3> <OutPorts = 1>
ST_4 : Operation 366 [1/1] (0.00ns) (grouped into LUT with out node add_ln483)   --->   "%zext_ln483 = zext i10 %select_ln61_16" [V:/zybo_z7_imx219/zybo_z7_imx219.runs/design_1_v_demosaic_0_0_synth_1/prj/sol/.autopilot/db/v_demosaic.cpp:483]   --->   Operation 366 'zext' 'zext_ln483' <Predicate = (icmp_ln439)> <Delay = 0.00>
ST_4 : Operation 367 [1/1] (1.73ns)   --->   "%sub_ln483_1 = sub i11 %zext_ln455_2, i11 %zext_ln450_3" [V:/zybo_z7_imx219/zybo_z7_imx219.runs/design_1_v_demosaic_0_0_synth_1/prj/sol/.autopilot/db/v_demosaic.cpp:483]   --->   Operation 367 'sub' 'sub_ln483_1' <Predicate = (icmp_ln439)> <Delay = 1.73> <CoreInst = "Adder">   --->   Core 1 'Adder' <Latency = 0> <II = 1> <Delay = 1.73> <FuncUnit> <Opcode : 'add' 'sub'> <InPorts = 2> <OutPorts = 1>
ST_4 : Operation 368 [1/1] (0.00ns)   --->   "%trunc_ln61_25 = trunc i11 %sub_ln483_1" [C:/AMDDesignTools/2025.2/Vitis/tps/mingw/8.3.0/win64.o/nt\lib\gcc\x86_64-w64-mingw32\8.3.0\include\c++\bits/std_abs.h:61->V:/zybo_z7_imx219/zybo_z7_imx219.runs/design_1_v_demosaic_0_0_synth_1/prj/sol/.autopilot/db/v_demosaic.cpp:483]   --->   Operation 368 'trunc' 'trunc_ln61_25' <Predicate = (icmp_ln439)> <Delay = 0.00>
ST_4 : Operation 369 [1/1] (0.00ns) (grouped into LUT with out node add_ln483)   --->   "%tmp_46 = bitselect i1 @_ssdm_op_BitSelect.i1.i11.i32, i11 %sub_ln483_1, i32 10" [C:/AMDDesignTools/2025.2/Vitis/tps/mingw/8.3.0/win64.o/nt\lib\gcc\x86_64-w64-mingw32\8.3.0\include\c++\bits/std_abs.h:61->V:/zybo_z7_imx219/zybo_z7_imx219.runs/design_1_v_demosaic_0_0_synth_1/prj/sol/.autopilot/db/v_demosaic.cpp:483]   --->   Operation 369 'bitselect' 'tmp_46' <Predicate = (icmp_ln439)> <Delay = 0.00>
ST_4 : Operation 370 [1/1] (1.73ns)   --->   "%sub_ln61_25 = sub i10 0, i10 %trunc_ln61_25" [C:/AMDDesignTools/2025.2/Vitis/tps/mingw/8.3.0/win64.o/nt\lib\gcc\x86_64-w64-mingw32\8.3.0\include\c++\bits/std_abs.h:61->V:/zybo_z7_imx219/zybo_z7_imx219.runs/design_1_v_demosaic_0_0_synth_1/prj/sol/.autopilot/db/v_demosaic.cpp:483]   --->   Operation 370 'sub' 'sub_ln61_25' <Predicate = (icmp_ln439)> <Delay = 1.73> <CoreInst = "Adder">   --->   Core 1 'Adder' <Latency = 0> <II = 1> <Delay = 1.73> <FuncUnit> <Opcode : 'add' 'sub'> <InPorts = 2> <OutPorts = 1>
ST_4 : Operation 371 [1/1] (0.00ns) (grouped into LUT with out node add_ln483)   --->   "%select_ln61_17 = select i1 %tmp_46, i10 %sub_ln61_25, i10 %trunc_ln61_25" [C:/AMDDesignTools/2025.2/Vitis/tps/mingw/8.3.0/win64.o/nt\lib\gcc\x86_64-w64-mingw32\8.3.0\include\c++\bits/std_abs.h:61->V:/zybo_z7_imx219/zybo_z7_imx219.runs/design_1_v_demosaic_0_0_synth_1/prj/sol/.autopilot/db/v_demosaic.cpp:483]   --->   Operation 371 'select' 'select_ln61_17' <Predicate = (icmp_ln439)> <Delay = 0.00> <CoreInst = "Sel">   --->   Core 73 'Sel' <Latency = 0> <II = 1> <Delay = 0.68> <FuncUnit> <Opcode : 'select'> <InPorts = 3> <OutPorts = 1>
ST_4 : Operation 372 [1/1] (0.00ns) (grouped into LUT with out node add_ln483)   --->   "%zext_ln483_1 = zext i10 %select_ln61_17" [V:/zybo_z7_imx219/zybo_z7_imx219.runs/design_1_v_demosaic_0_0_synth_1/prj/sol/.autopilot/db/v_demosaic.cpp:483]   --->   Operation 372 'zext' 'zext_ln483_1' <Predicate = (icmp_ln439)> <Delay = 0.00>
ST_4 : Operation 373 [1/1] (1.73ns) (out node of the LUT)   --->   "%add_ln483 = add i11 %zext_ln483, i11 %zext_ln483_1" [V:/zybo_z7_imx219/zybo_z7_imx219.runs/design_1_v_demosaic_0_0_synth_1/prj/sol/.autopilot/db/v_demosaic.cpp:483]   --->   Operation 373 'add' 'add_ln483' <Predicate = (icmp_ln439)> <Delay = 1.73> <CoreInst = "Adder">   --->   Core 1 'Adder' <Latency = 0> <II = 1> <Delay = 1.73> <FuncUnit> <Opcode : 'add' 'sub'> <InPorts = 2> <OutPorts = 1>
ST_4 : Operation 374 [1/1] (0.00ns)   --->   "%SD = partselect i10 @_ssdm_op_PartSelect.i10.i11.i32.i32, i11 %add_ln483, i32 1, i32 10" [V:/zybo_z7_imx219/zybo_z7_imx219.runs/design_1_v_demosaic_0_0_synth_1/prj/sol/.autopilot/db/v_demosaic.cpp:483]   --->   Operation 374 'partselect' 'SD' <Predicate = (icmp_ln439)> <Delay = 0.00>
ST_4 : Operation 375 [1/1] (1.73ns)   --->   "%sub_ln484 = sub i11 %zext_ln452_1, i11 %zext_ln450_3" [V:/zybo_z7_imx219/zybo_z7_imx219.runs/design_1_v_demosaic_0_0_synth_1/prj/sol/.autopilot/db/v_demosaic.cpp:484]   --->   Operation 375 'sub' 'sub_ln484' <Predicate = (icmp_ln439)> <Delay = 1.73> <CoreInst = "Adder">   --->   Core 1 'Adder' <Latency = 0> <II = 1> <Delay = 1.73> <FuncUnit> <Opcode : 'add' 'sub'> <InPorts = 2> <OutPorts = 1>
ST_4 : Operation 376 [1/1] (0.00ns)   --->   "%trunc_ln61_26 = trunc i11 %sub_ln484" [C:/AMDDesignTools/2025.2/Vitis/tps/mingw/8.3.0/win64.o/nt\lib\gcc\x86_64-w64-mingw32\8.3.0\include\c++\bits/std_abs.h:61->V:/zybo_z7_imx219/zybo_z7_imx219.runs/design_1_v_demosaic_0_0_synth_1/prj/sol/.autopilot/db/v_demosaic.cpp:484]   --->   Operation 376 'trunc' 'trunc_ln61_26' <Predicate = (icmp_ln439)> <Delay = 0.00>
ST_4 : Operation 377 [1/1] (0.00ns) (grouped into LUT with out node add_ln484)   --->   "%tmp_47 = bitselect i1 @_ssdm_op_BitSelect.i1.i11.i32, i11 %sub_ln484, i32 10" [C:/AMDDesignTools/2025.2/Vitis/tps/mingw/8.3.0/win64.o/nt\lib\gcc\x86_64-w64-mingw32\8.3.0\include\c++\bits/std_abs.h:61->V:/zybo_z7_imx219/zybo_z7_imx219.runs/design_1_v_demosaic_0_0_synth_1/prj/sol/.autopilot/db/v_demosaic.cpp:484]   --->   Operation 377 'bitselect' 'tmp_47' <Predicate = (icmp_ln439)> <Delay = 0.00>
ST_4 : Operation 378 [1/1] (1.73ns)   --->   "%sub_ln61_26 = sub i10 0, i10 %trunc_ln61_26" [C:/AMDDesignTools/2025.2/Vitis/tps/mingw/8.3.0/win64.o/nt\lib\gcc\x86_64-w64-mingw32\8.3.0\include\c++\bits/std_abs.h:61->V:/zybo_z7_imx219/zybo_z7_imx219.runs/design_1_v_demosaic_0_0_synth_1/prj/sol/.autopilot/db/v_demosaic.cpp:484]   --->   Operation 378 'sub' 'sub_ln61_26' <Predicate = (icmp_ln439)> <Delay = 1.73> <CoreInst = "Adder">   --->   Core 1 'Adder' <Latency = 0> <II = 1> <Delay = 1.73> <FuncUnit> <Opcode : 'add' 'sub'> <InPorts = 2> <OutPorts = 1>
ST_4 : Operation 379 [1/1] (0.00ns) (grouped into LUT with out node add_ln484)   --->   "%select_ln61_18 = select i1 %tmp_47, i10 %sub_ln61_26, i10 %trunc_ln61_26" [C:/AMDDesignTools/2025.2/Vitis/tps/mingw/8.3.0/win64.o/nt\lib\gcc\x86_64-w64-mingw32\8.3.0\include\c++\bits/std_abs.h:61->V:/zybo_z7_imx219/zybo_z7_imx219.runs/design_1_v_demosaic_0_0_synth_1/prj/sol/.autopilot/db/v_demosaic.cpp:484]   --->   Operation 379 'select' 'select_ln61_18' <Predicate = (icmp_ln439)> <Delay = 0.00> <CoreInst = "Sel">   --->   Core 73 'Sel' <Latency = 0> <II = 1> <Delay = 0.68> <FuncUnit> <Opcode : 'select'> <InPorts = 3> <OutPorts = 1>
ST_4 : Operation 380 [1/1] (0.00ns) (grouped into LUT with out node add_ln484)   --->   "%zext_ln484 = zext i10 %select_ln61_18" [V:/zybo_z7_imx219/zybo_z7_imx219.runs/design_1_v_demosaic_0_0_synth_1/prj/sol/.autopilot/db/v_demosaic.cpp:484]   --->   Operation 380 'zext' 'zext_ln484' <Predicate = (icmp_ln439)> <Delay = 0.00>
ST_4 : Operation 381 [1/1] (1.73ns)   --->   "%sub_ln484_1 = sub i11 %zext_ln458_1, i11 %zext_ln450_3" [V:/zybo_z7_imx219/zybo_z7_imx219.runs/design_1_v_demosaic_0_0_synth_1/prj/sol/.autopilot/db/v_demosaic.cpp:484]   --->   Operation 381 'sub' 'sub_ln484_1' <Predicate = (icmp_ln439)> <Delay = 1.73> <CoreInst = "Adder">   --->   Core 1 'Adder' <Latency = 0> <II = 1> <Delay = 1.73> <FuncUnit> <Opcode : 'add' 'sub'> <InPorts = 2> <OutPorts = 1>
ST_4 : Operation 382 [1/1] (0.00ns)   --->   "%trunc_ln61_27 = trunc i11 %sub_ln484_1" [C:/AMDDesignTools/2025.2/Vitis/tps/mingw/8.3.0/win64.o/nt\lib\gcc\x86_64-w64-mingw32\8.3.0\include\c++\bits/std_abs.h:61->V:/zybo_z7_imx219/zybo_z7_imx219.runs/design_1_v_demosaic_0_0_synth_1/prj/sol/.autopilot/db/v_demosaic.cpp:484]   --->   Operation 382 'trunc' 'trunc_ln61_27' <Predicate = (icmp_ln439)> <Delay = 0.00>
ST_4 : Operation 383 [1/1] (0.00ns) (grouped into LUT with out node add_ln484)   --->   "%tmp_48 = bitselect i1 @_ssdm_op_BitSelect.i1.i11.i32, i11 %sub_ln484_1, i32 10" [C:/AMDDesignTools/2025.2/Vitis/tps/mingw/8.3.0/win64.o/nt\lib\gcc\x86_64-w64-mingw32\8.3.0\include\c++\bits/std_abs.h:61->V:/zybo_z7_imx219/zybo_z7_imx219.runs/design_1_v_demosaic_0_0_synth_1/prj/sol/.autopilot/db/v_demosaic.cpp:484]   --->   Operation 383 'bitselect' 'tmp_48' <Predicate = (icmp_ln439)> <Delay = 0.00>
ST_4 : Operation 384 [1/1] (1.73ns)   --->   "%sub_ln61_27 = sub i10 0, i10 %trunc_ln61_27" [C:/AMDDesignTools/2025.2/Vitis/tps/mingw/8.3.0/win64.o/nt\lib\gcc\x86_64-w64-mingw32\8.3.0\include\c++\bits/std_abs.h:61->V:/zybo_z7_imx219/zybo_z7_imx219.runs/design_1_v_demosaic_0_0_synth_1/prj/sol/.autopilot/db/v_demosaic.cpp:484]   --->   Operation 384 'sub' 'sub_ln61_27' <Predicate = (icmp_ln439)> <Delay = 1.73> <CoreInst = "Adder">   --->   Core 1 'Adder' <Latency = 0> <II = 1> <Delay = 1.73> <FuncUnit> <Opcode : 'add' 'sub'> <InPorts = 2> <OutPorts = 1>
ST_4 : Operation 385 [1/1] (0.00ns) (grouped into LUT with out node add_ln484)   --->   "%select_ln61_19 = select i1 %tmp_48, i10 %sub_ln61_27, i10 %trunc_ln61_27" [C:/AMDDesignTools/2025.2/Vitis/tps/mingw/8.3.0/win64.o/nt\lib\gcc\x86_64-w64-mingw32\8.3.0\include\c++\bits/std_abs.h:61->V:/zybo_z7_imx219/zybo_z7_imx219.runs/design_1_v_demosaic_0_0_synth_1/prj/sol/.autopilot/db/v_demosaic.cpp:484]   --->   Operation 385 'select' 'select_ln61_19' <Predicate = (icmp_ln439)> <Delay = 0.00> <CoreInst = "Sel">   --->   Core 73 'Sel' <Latency = 0> <II = 1> <Delay = 0.68> <FuncUnit> <Opcode : 'select'> <InPorts = 3> <OutPorts = 1>
ST_4 : Operation 386 [1/1] (0.00ns) (grouped into LUT with out node add_ln484)   --->   "%zext_ln484_1 = zext i10 %select_ln61_19" [V:/zybo_z7_imx219/zybo_z7_imx219.runs/design_1_v_demosaic_0_0_synth_1/prj/sol/.autopilot/db/v_demosaic.cpp:484]   --->   Operation 386 'zext' 'zext_ln484_1' <Predicate = (icmp_ln439)> <Delay = 0.00>
ST_4 : Operation 387 [1/1] (1.73ns) (out node of the LUT)   --->   "%add_ln484 = add i11 %zext_ln484, i11 %zext_ln484_1" [V:/zybo_z7_imx219/zybo_z7_imx219.runs/design_1_v_demosaic_0_0_synth_1/prj/sol/.autopilot/db/v_demosaic.cpp:484]   --->   Operation 387 'add' 'add_ln484' <Predicate = (icmp_ln439)> <Delay = 1.73> <CoreInst = "Adder">   --->   Core 1 'Adder' <Latency = 0> <II = 1> <Delay = 1.73> <FuncUnit> <Opcode : 'add' 'sub'> <InPorts = 2> <OutPorts = 1>
ST_4 : Operation 388 [1/1] (0.00ns)   --->   "%SD_1 = partselect i10 @_ssdm_op_PartSelect.i10.i11.i32.i32, i11 %add_ln484, i32 1, i32 10" [V:/zybo_z7_imx219/zybo_z7_imx219.runs/design_1_v_demosaic_0_0_synth_1/prj/sol/.autopilot/db/v_demosaic.cpp:484]   --->   Operation 388 'partselect' 'SD_1' <Predicate = (icmp_ln439)> <Delay = 0.00>

State 5 <SV = 4> <Delay = 6.32>
ST_5 : Operation 389 [1/1] (0.00ns)   --->   "%sext_ln476 = sext i12 %mean" [V:/zybo_z7_imx219/zybo_z7_imx219.runs/design_1_v_demosaic_0_0_synth_1/prj/sol/.autopilot/db/v_demosaic.cpp:476]   --->   Operation 389 'sext' 'sext_ln476' <Predicate = (icmp_ln439)> <Delay = 0.00>
ST_5 : Operation 390 [1/1] (1.54ns)   --->   "%sub_ln476 = sub i13 %sext_ln465_1, i13 %sext_ln476" [V:/zybo_z7_imx219/zybo_z7_imx219.runs/design_1_v_demosaic_0_0_synth_1/prj/sol/.autopilot/db/v_demosaic.cpp:476]   --->   Operation 390 'sub' 'sub_ln476' <Predicate = (icmp_ln439)> <Delay = 1.54> <CoreInst = "Adder">   --->   Core 1 'Adder' <Latency = 0> <II = 1> <Delay = 1.54> <FuncUnit> <Opcode : 'add' 'sub'> <InPorts = 2> <OutPorts = 1>
ST_5 : Operation 391 [1/1] (0.00ns) (grouped into LUT with out node add_ln476_1)   --->   "%sext_ln61 = sext i13 %sub_ln476" [C:/AMDDesignTools/2025.2/Vitis/tps/mingw/8.3.0/win64.o/nt\lib\gcc\x86_64-w64-mingw32\8.3.0\include\c++\bits/std_abs.h:61->V:/zybo_z7_imx219/zybo_z7_imx219.runs/design_1_v_demosaic_0_0_synth_1/prj/sol/.autopilot/db/v_demosaic.cpp:476]   --->   Operation 391 'sext' 'sext_ln61' <Predicate = (icmp_ln439)> <Delay = 0.00>
ST_5 : Operation 392 [1/1] (0.00ns)   --->   "%trunc_ln61 = trunc i13 %sub_ln476" [C:/AMDDesignTools/2025.2/Vitis/tps/mingw/8.3.0/win64.o/nt\lib\gcc\x86_64-w64-mingw32\8.3.0\include\c++\bits/std_abs.h:61->V:/zybo_z7_imx219/zybo_z7_imx219.runs/design_1_v_demosaic_0_0_synth_1/prj/sol/.autopilot/db/v_demosaic.cpp:476]   --->   Operation 392 'trunc' 'trunc_ln61' <Predicate = (icmp_ln439)> <Delay = 0.00>
ST_5 : Operation 393 [1/1] (0.00ns) (grouped into LUT with out node add_ln476_1)   --->   "%tmp_29 = bitselect i1 @_ssdm_op_BitSelect.i1.i14.i32, i14 %sext_ln61, i32 13" [C:/AMDDesignTools/2025.2/Vitis/tps/mingw/8.3.0/win64.o/nt\lib\gcc\x86_64-w64-mingw32\8.3.0\include\c++\bits/std_abs.h:61->V:/zybo_z7_imx219/zybo_z7_imx219.runs/design_1_v_demosaic_0_0_synth_1/prj/sol/.autopilot/db/v_demosaic.cpp:476]   --->   Operation 393 'bitselect' 'tmp_29' <Predicate = (icmp_ln439)> <Delay = 0.00>
ST_5 : Operation 394 [1/1] (1.54ns)   --->   "%sub_ln61 = sub i12 0, i12 %trunc_ln61" [C:/AMDDesignTools/2025.2/Vitis/tps/mingw/8.3.0/win64.o/nt\lib\gcc\x86_64-w64-mingw32\8.3.0\include\c++\bits/std_abs.h:61->V:/zybo_z7_imx219/zybo_z7_imx219.runs/design_1_v_demosaic_0_0_synth_1/prj/sol/.autopilot/db/v_demosaic.cpp:476]   --->   Operation 394 'sub' 'sub_ln61' <Predicate = (icmp_ln439)> <Delay = 1.54> <CoreInst = "Adder">   --->   Core 1 'Adder' <Latency = 0> <II = 1> <Delay = 1.54> <FuncUnit> <Opcode : 'add' 'sub'> <InPorts = 2> <OutPorts = 1>
ST_5 : Operation 395 [1/1] (0.00ns) (grouped into LUT with out node add_ln476_1)   --->   "%select_ln61 = select i1 %tmp_29, i12 %sub_ln61, i12 %trunc_ln61" [C:/AMDDesignTools/2025.2/Vitis/tps/mingw/8.3.0/win64.o/nt\lib\gcc\x86_64-w64-mingw32\8.3.0\include\c++\bits/std_abs.h:61->V:/zybo_z7_imx219/zybo_z7_imx219.runs/design_1_v_demosaic_0_0_synth_1/prj/sol/.autopilot/db/v_demosaic.cpp:476]   --->   Operation 395 'select' 'select_ln61' <Predicate = (icmp_ln439)> <Delay = 0.00> <CoreInst = "Sel">   --->   Core 73 'Sel' <Latency = 0> <II = 1> <Delay = 0.69> <FuncUnit> <Opcode : 'select'> <InPorts = 3> <OutPorts = 1>
ST_5 : Operation 396 [1/1] (0.00ns) (grouped into LUT with out node add_ln476_1)   --->   "%zext_ln476 = zext i12 %select_ln61" [V:/zybo_z7_imx219/zybo_z7_imx219.runs/design_1_v_demosaic_0_0_synth_1/prj/sol/.autopilot/db/v_demosaic.cpp:476]   --->   Operation 396 'zext' 'zext_ln476' <Predicate = (icmp_ln439)> <Delay = 0.00>
ST_5 : Operation 397 [1/1] (1.54ns)   --->   "%sub_ln476_1 = sub i13 %sext_ln465, i13 %sext_ln476" [V:/zybo_z7_imx219/zybo_z7_imx219.runs/design_1_v_demosaic_0_0_synth_1/prj/sol/.autopilot/db/v_demosaic.cpp:476]   --->   Operation 397 'sub' 'sub_ln476_1' <Predicate = (icmp_ln439)> <Delay = 1.54> <CoreInst = "Adder">   --->   Core 1 'Adder' <Latency = 0> <II = 1> <Delay = 1.54> <FuncUnit> <Opcode : 'add' 'sub'> <InPorts = 2> <OutPorts = 1>
ST_5 : Operation 398 [1/1] (0.00ns) (grouped into LUT with out node add_ln476_1)   --->   "%sext_ln61_1 = sext i13 %sub_ln476_1" [C:/AMDDesignTools/2025.2/Vitis/tps/mingw/8.3.0/win64.o/nt\lib\gcc\x86_64-w64-mingw32\8.3.0\include\c++\bits/std_abs.h:61->V:/zybo_z7_imx219/zybo_z7_imx219.runs/design_1_v_demosaic_0_0_synth_1/prj/sol/.autopilot/db/v_demosaic.cpp:476]   --->   Operation 398 'sext' 'sext_ln61_1' <Predicate = (icmp_ln439)> <Delay = 0.00>
ST_5 : Operation 399 [1/1] (0.00ns)   --->   "%trunc_ln61_9 = trunc i13 %sub_ln476_1" [C:/AMDDesignTools/2025.2/Vitis/tps/mingw/8.3.0/win64.o/nt\lib\gcc\x86_64-w64-mingw32\8.3.0\include\c++\bits/std_abs.h:61->V:/zybo_z7_imx219/zybo_z7_imx219.runs/design_1_v_demosaic_0_0_synth_1/prj/sol/.autopilot/db/v_demosaic.cpp:476]   --->   Operation 399 'trunc' 'trunc_ln61_9' <Predicate = (icmp_ln439)> <Delay = 0.00>
ST_5 : Operation 400 [1/1] (0.00ns) (grouped into LUT with out node add_ln476_1)   --->   "%tmp_30 = bitselect i1 @_ssdm_op_BitSelect.i1.i14.i32, i14 %sext_ln61_1, i32 13" [C:/AMDDesignTools/2025.2/Vitis/tps/mingw/8.3.0/win64.o/nt\lib\gcc\x86_64-w64-mingw32\8.3.0\include\c++\bits/std_abs.h:61->V:/zybo_z7_imx219/zybo_z7_imx219.runs/design_1_v_demosaic_0_0_synth_1/prj/sol/.autopilot/db/v_demosaic.cpp:476]   --->   Operation 400 'bitselect' 'tmp_30' <Predicate = (icmp_ln439)> <Delay = 0.00>
ST_5 : Operation 401 [1/1] (1.54ns)   --->   "%sub_ln61_9 = sub i12 0, i12 %trunc_ln61_9" [C:/AMDDesignTools/2025.2/Vitis/tps/mingw/8.3.0/win64.o/nt\lib\gcc\x86_64-w64-mingw32\8.3.0\include\c++\bits/std_abs.h:61->V:/zybo_z7_imx219/zybo_z7_imx219.runs/design_1_v_demosaic_0_0_synth_1/prj/sol/.autopilot/db/v_demosaic.cpp:476]   --->   Operation 401 'sub' 'sub_ln61_9' <Predicate = (icmp_ln439)> <Delay = 1.54> <CoreInst = "Adder">   --->   Core 1 'Adder' <Latency = 0> <II = 1> <Delay = 1.54> <FuncUnit> <Opcode : 'add' 'sub'> <InPorts = 2> <OutPorts = 1>
ST_5 : Operation 402 [1/1] (0.00ns) (grouped into LUT with out node add_ln476_1)   --->   "%select_ln61_1 = select i1 %tmp_30, i12 %sub_ln61_9, i12 %trunc_ln61_9" [C:/AMDDesignTools/2025.2/Vitis/tps/mingw/8.3.0/win64.o/nt\lib\gcc\x86_64-w64-mingw32\8.3.0\include\c++\bits/std_abs.h:61->V:/zybo_z7_imx219/zybo_z7_imx219.runs/design_1_v_demosaic_0_0_synth_1/prj/sol/.autopilot/db/v_demosaic.cpp:476]   --->   Operation 402 'select' 'select_ln61_1' <Predicate = (icmp_ln439)> <Delay = 0.00> <CoreInst = "Sel">   --->   Core 73 'Sel' <Latency = 0> <II = 1> <Delay = 0.69> <FuncUnit> <Opcode : 'select'> <InPorts = 3> <OutPorts = 1>
ST_5 : Operation 403 [1/1] (0.00ns) (grouped into LUT with out node add_ln476_1)   --->   "%zext_ln476_1 = zext i12 %select_ln61_1" [V:/zybo_z7_imx219/zybo_z7_imx219.runs/design_1_v_demosaic_0_0_synth_1/prj/sol/.autopilot/db/v_demosaic.cpp:476]   --->   Operation 403 'zext' 'zext_ln476_1' <Predicate = (icmp_ln439)> <Delay = 0.00>
ST_5 : Operation 404 [1/1] (1.54ns)   --->   "%sub_ln476_2 = sub i13 %sext_ln465_2, i13 %sext_ln476" [V:/zybo_z7_imx219/zybo_z7_imx219.runs/design_1_v_demosaic_0_0_synth_1/prj/sol/.autopilot/db/v_demosaic.cpp:476]   --->   Operation 404 'sub' 'sub_ln476_2' <Predicate = (icmp_ln439)> <Delay = 1.54> <CoreInst = "Adder">   --->   Core 1 'Adder' <Latency = 0> <II = 1> <Delay = 1.54> <FuncUnit> <Opcode : 'add' 'sub'> <InPorts = 2> <OutPorts = 1>
ST_5 : Operation 405 [1/1] (0.00ns) (grouped into LUT with out node add_ln476)   --->   "%sext_ln61_2 = sext i13 %sub_ln476_2" [C:/AMDDesignTools/2025.2/Vitis/tps/mingw/8.3.0/win64.o/nt\lib\gcc\x86_64-w64-mingw32\8.3.0\include\c++\bits/std_abs.h:61->V:/zybo_z7_imx219/zybo_z7_imx219.runs/design_1_v_demosaic_0_0_synth_1/prj/sol/.autopilot/db/v_demosaic.cpp:476]   --->   Operation 405 'sext' 'sext_ln61_2' <Predicate = (icmp_ln439)> <Delay = 0.00>
ST_5 : Operation 406 [1/1] (0.00ns)   --->   "%trunc_ln61_10 = trunc i13 %sub_ln476_2" [C:/AMDDesignTools/2025.2/Vitis/tps/mingw/8.3.0/win64.o/nt\lib\gcc\x86_64-w64-mingw32\8.3.0\include\c++\bits/std_abs.h:61->V:/zybo_z7_imx219/zybo_z7_imx219.runs/design_1_v_demosaic_0_0_synth_1/prj/sol/.autopilot/db/v_demosaic.cpp:476]   --->   Operation 406 'trunc' 'trunc_ln61_10' <Predicate = (icmp_ln439)> <Delay = 0.00>
ST_5 : Operation 407 [1/1] (0.00ns) (grouped into LUT with out node add_ln476)   --->   "%tmp_31 = bitselect i1 @_ssdm_op_BitSelect.i1.i14.i32, i14 %sext_ln61_2, i32 13" [C:/AMDDesignTools/2025.2/Vitis/tps/mingw/8.3.0/win64.o/nt\lib\gcc\x86_64-w64-mingw32\8.3.0\include\c++\bits/std_abs.h:61->V:/zybo_z7_imx219/zybo_z7_imx219.runs/design_1_v_demosaic_0_0_synth_1/prj/sol/.autopilot/db/v_demosaic.cpp:476]   --->   Operation 407 'bitselect' 'tmp_31' <Predicate = (icmp_ln439)> <Delay = 0.00>
ST_5 : Operation 408 [1/1] (1.54ns)   --->   "%sub_ln61_10 = sub i12 0, i12 %trunc_ln61_10" [C:/AMDDesignTools/2025.2/Vitis/tps/mingw/8.3.0/win64.o/nt\lib\gcc\x86_64-w64-mingw32\8.3.0\include\c++\bits/std_abs.h:61->V:/zybo_z7_imx219/zybo_z7_imx219.runs/design_1_v_demosaic_0_0_synth_1/prj/sol/.autopilot/db/v_demosaic.cpp:476]   --->   Operation 408 'sub' 'sub_ln61_10' <Predicate = (icmp_ln439)> <Delay = 1.54> <CoreInst = "Adder">   --->   Core 1 'Adder' <Latency = 0> <II = 1> <Delay = 1.54> <FuncUnit> <Opcode : 'add' 'sub'> <InPorts = 2> <OutPorts = 1>
ST_5 : Operation 409 [1/1] (0.00ns) (grouped into LUT with out node add_ln476)   --->   "%select_ln61_2 = select i1 %tmp_31, i12 %sub_ln61_10, i12 %trunc_ln61_10" [C:/AMDDesignTools/2025.2/Vitis/tps/mingw/8.3.0/win64.o/nt\lib\gcc\x86_64-w64-mingw32\8.3.0\include\c++\bits/std_abs.h:61->V:/zybo_z7_imx219/zybo_z7_imx219.runs/design_1_v_demosaic_0_0_synth_1/prj/sol/.autopilot/db/v_demosaic.cpp:476]   --->   Operation 409 'select' 'select_ln61_2' <Predicate = (icmp_ln439)> <Delay = 0.00> <CoreInst = "Sel">   --->   Core 73 'Sel' <Latency = 0> <II = 1> <Delay = 0.69> <FuncUnit> <Opcode : 'select'> <InPorts = 3> <OutPorts = 1>
ST_5 : Operation 410 [1/1] (0.00ns) (grouped into LUT with out node add_ln476)   --->   "%zext_ln476_2 = zext i12 %select_ln61_2" [V:/zybo_z7_imx219/zybo_z7_imx219.runs/design_1_v_demosaic_0_0_synth_1/prj/sol/.autopilot/db/v_demosaic.cpp:476]   --->   Operation 410 'zext' 'zext_ln476_2' <Predicate = (icmp_ln439)> <Delay = 0.00>
ST_5 : Operation 411 [1/1] (1.54ns)   --->   "%sub_ln476_3 = sub i13 %sext_ln465_3, i13 %sext_ln476" [V:/zybo_z7_imx219/zybo_z7_imx219.runs/design_1_v_demosaic_0_0_synth_1/prj/sol/.autopilot/db/v_demosaic.cpp:476]   --->   Operation 411 'sub' 'sub_ln476_3' <Predicate = (icmp_ln439)> <Delay = 1.54> <CoreInst = "Adder">   --->   Core 1 'Adder' <Latency = 0> <II = 1> <Delay = 1.54> <FuncUnit> <Opcode : 'add' 'sub'> <InPorts = 2> <OutPorts = 1>
ST_5 : Operation 412 [1/1] (0.00ns) (grouped into LUT with out node add_ln476)   --->   "%sext_ln61_3 = sext i13 %sub_ln476_3" [C:/AMDDesignTools/2025.2/Vitis/tps/mingw/8.3.0/win64.o/nt\lib\gcc\x86_64-w64-mingw32\8.3.0\include\c++\bits/std_abs.h:61->V:/zybo_z7_imx219/zybo_z7_imx219.runs/design_1_v_demosaic_0_0_synth_1/prj/sol/.autopilot/db/v_demosaic.cpp:476]   --->   Operation 412 'sext' 'sext_ln61_3' <Predicate = (icmp_ln439)> <Delay = 0.00>
ST_5 : Operation 413 [1/1] (0.00ns)   --->   "%trunc_ln61_11 = trunc i13 %sub_ln476_3" [C:/AMDDesignTools/2025.2/Vitis/tps/mingw/8.3.0/win64.o/nt\lib\gcc\x86_64-w64-mingw32\8.3.0\include\c++\bits/std_abs.h:61->V:/zybo_z7_imx219/zybo_z7_imx219.runs/design_1_v_demosaic_0_0_synth_1/prj/sol/.autopilot/db/v_demosaic.cpp:476]   --->   Operation 413 'trunc' 'trunc_ln61_11' <Predicate = (icmp_ln439)> <Delay = 0.00>
ST_5 : Operation 414 [1/1] (0.00ns) (grouped into LUT with out node add_ln476)   --->   "%tmp_32 = bitselect i1 @_ssdm_op_BitSelect.i1.i14.i32, i14 %sext_ln61_3, i32 13" [C:/AMDDesignTools/2025.2/Vitis/tps/mingw/8.3.0/win64.o/nt\lib\gcc\x86_64-w64-mingw32\8.3.0\include\c++\bits/std_abs.h:61->V:/zybo_z7_imx219/zybo_z7_imx219.runs/design_1_v_demosaic_0_0_synth_1/prj/sol/.autopilot/db/v_demosaic.cpp:476]   --->   Operation 414 'bitselect' 'tmp_32' <Predicate = (icmp_ln439)> <Delay = 0.00>
ST_5 : Operation 415 [1/1] (1.54ns)   --->   "%sub_ln61_11 = sub i12 0, i12 %trunc_ln61_11" [C:/AMDDesignTools/2025.2/Vitis/tps/mingw/8.3.0/win64.o/nt\lib\gcc\x86_64-w64-mingw32\8.3.0\include\c++\bits/std_abs.h:61->V:/zybo_z7_imx219/zybo_z7_imx219.runs/design_1_v_demosaic_0_0_synth_1/prj/sol/.autopilot/db/v_demosaic.cpp:476]   --->   Operation 415 'sub' 'sub_ln61_11' <Predicate = (icmp_ln439)> <Delay = 1.54> <CoreInst = "Adder">   --->   Core 1 'Adder' <Latency = 0> <II = 1> <Delay = 1.54> <FuncUnit> <Opcode : 'add' 'sub'> <InPorts = 2> <OutPorts = 1>
ST_5 : Operation 416 [1/1] (0.00ns) (grouped into LUT with out node add_ln476)   --->   "%select_ln61_3 = select i1 %tmp_32, i12 %sub_ln61_11, i12 %trunc_ln61_11" [C:/AMDDesignTools/2025.2/Vitis/tps/mingw/8.3.0/win64.o/nt\lib\gcc\x86_64-w64-mingw32\8.3.0\include\c++\bits/std_abs.h:61->V:/zybo_z7_imx219/zybo_z7_imx219.runs/design_1_v_demosaic_0_0_synth_1/prj/sol/.autopilot/db/v_demosaic.cpp:476]   --->   Operation 416 'select' 'select_ln61_3' <Predicate = (icmp_ln439)> <Delay = 0.00> <CoreInst = "Sel">   --->   Core 73 'Sel' <Latency = 0> <II = 1> <Delay = 0.69> <FuncUnit> <Opcode : 'select'> <InPorts = 3> <OutPorts = 1>
ST_5 : Operation 417 [1/1] (0.00ns) (grouped into LUT with out node add_ln476)   --->   "%zext_ln476_3 = zext i12 %select_ln61_3" [V:/zybo_z7_imx219/zybo_z7_imx219.runs/design_1_v_demosaic_0_0_synth_1/prj/sol/.autopilot/db/v_demosaic.cpp:476]   --->   Operation 417 'zext' 'zext_ln476_3' <Predicate = (icmp_ln439)> <Delay = 0.00>
ST_5 : Operation 418 [1/1] (1.54ns) (out node of the LUT)   --->   "%add_ln476 = add i13 %zext_ln476_3, i13 %zext_ln476_2" [V:/zybo_z7_imx219/zybo_z7_imx219.runs/design_1_v_demosaic_0_0_synth_1/prj/sol/.autopilot/db/v_demosaic.cpp:476]   --->   Operation 418 'add' 'add_ln476' <Predicate = (icmp_ln439)> <Delay = 1.54> <CoreInst = "Adder">   --->   Core 1 'Adder' <Latency = 0> <II = 1> <Delay = 1.54> <FuncUnit> <Opcode : 'add' 'sub'> <InPorts = 2> <OutPorts = 1>
ST_5 : Operation 419 [1/1] (0.00ns)   --->   "%zext_ln476_4 = zext i13 %add_ln476" [V:/zybo_z7_imx219/zybo_z7_imx219.runs/design_1_v_demosaic_0_0_synth_1/prj/sol/.autopilot/db/v_demosaic.cpp:476]   --->   Operation 419 'zext' 'zext_ln476_4' <Predicate = (icmp_ln439)> <Delay = 0.00>
ST_5 : Operation 420 [1/1] (1.54ns) (out node of the LUT)   --->   "%add_ln476_1 = add i13 %zext_ln476_1, i13 %zext_ln476" [V:/zybo_z7_imx219/zybo_z7_imx219.runs/design_1_v_demosaic_0_0_synth_1/prj/sol/.autopilot/db/v_demosaic.cpp:476]   --->   Operation 420 'add' 'add_ln476_1' <Predicate = (icmp_ln439)> <Delay = 1.54> <CoreInst = "Adder">   --->   Core 1 'Adder' <Latency = 0> <II = 1> <Delay = 1.54> <FuncUnit> <Opcode : 'add' 'sub'> <InPorts = 2> <OutPorts = 1>
ST_5 : Operation 421 [1/1] (0.00ns)   --->   "%zext_ln476_5 = zext i13 %add_ln476_1" [V:/zybo_z7_imx219/zybo_z7_imx219.runs/design_1_v_demosaic_0_0_synth_1/prj/sol/.autopilot/db/v_demosaic.cpp:476]   --->   Operation 421 'zext' 'zext_ln476_5' <Predicate = (icmp_ln439)> <Delay = 0.00>
ST_5 : Operation 422 [1/1] (1.67ns)   --->   "%add_ln476_2 = add i14 %zext_ln476_5, i14 %zext_ln476_4" [V:/zybo_z7_imx219/zybo_z7_imx219.runs/design_1_v_demosaic_0_0_synth_1/prj/sol/.autopilot/db/v_demosaic.cpp:476]   --->   Operation 422 'add' 'add_ln476_2' <Predicate = (icmp_ln439)> <Delay = 1.67> <CoreInst = "Adder">   --->   Core 1 'Adder' <Latency = 0> <II = 1> <Delay = 1.67> <FuncUnit> <Opcode : 'add' 'sub'> <InPorts = 2> <OutPorts = 1>
ST_5 : Operation 423 [1/1] (0.00ns)   --->   "%var = partselect i13 @_ssdm_op_PartSelect.i13.i14.i32.i32, i14 %add_ln476_2, i32 1, i32 13" [V:/zybo_z7_imx219/zybo_z7_imx219.runs/design_1_v_demosaic_0_0_synth_1/prj/sol/.autopilot/db/v_demosaic.cpp:476]   --->   Operation 423 'partselect' 'var' <Predicate = (icmp_ln439)> <Delay = 0.00>
ST_5 : Operation 424 [1/1] (0.00ns)   --->   "%sext_ln477 = sext i12 %mean_1" [V:/zybo_z7_imx219/zybo_z7_imx219.runs/design_1_v_demosaic_0_0_synth_1/prj/sol/.autopilot/db/v_demosaic.cpp:477]   --->   Operation 424 'sext' 'sext_ln477' <Predicate = (icmp_ln439)> <Delay = 0.00>
ST_5 : Operation 425 [1/1] (1.54ns)   --->   "%sub_ln477 = sub i13 %sext_ln466, i13 %sext_ln477" [V:/zybo_z7_imx219/zybo_z7_imx219.runs/design_1_v_demosaic_0_0_synth_1/prj/sol/.autopilot/db/v_demosaic.cpp:477]   --->   Operation 425 'sub' 'sub_ln477' <Predicate = (icmp_ln439)> <Delay = 1.54> <CoreInst = "Adder">   --->   Core 1 'Adder' <Latency = 0> <II = 1> <Delay = 1.54> <FuncUnit> <Opcode : 'add' 'sub'> <InPorts = 2> <OutPorts = 1>
ST_5 : Operation 426 [1/1] (0.00ns) (grouped into LUT with out node add_ln477_1)   --->   "%sext_ln61_4 = sext i13 %sub_ln477" [C:/AMDDesignTools/2025.2/Vitis/tps/mingw/8.3.0/win64.o/nt\lib\gcc\x86_64-w64-mingw32\8.3.0\include\c++\bits/std_abs.h:61->V:/zybo_z7_imx219/zybo_z7_imx219.runs/design_1_v_demosaic_0_0_synth_1/prj/sol/.autopilot/db/v_demosaic.cpp:477]   --->   Operation 426 'sext' 'sext_ln61_4' <Predicate = (icmp_ln439)> <Delay = 0.00>
ST_5 : Operation 427 [1/1] (0.00ns)   --->   "%trunc_ln61_12 = trunc i13 %sub_ln477" [C:/AMDDesignTools/2025.2/Vitis/tps/mingw/8.3.0/win64.o/nt\lib\gcc\x86_64-w64-mingw32\8.3.0\include\c++\bits/std_abs.h:61->V:/zybo_z7_imx219/zybo_z7_imx219.runs/design_1_v_demosaic_0_0_synth_1/prj/sol/.autopilot/db/v_demosaic.cpp:477]   --->   Operation 427 'trunc' 'trunc_ln61_12' <Predicate = (icmp_ln439)> <Delay = 0.00>
ST_5 : Operation 428 [1/1] (0.00ns) (grouped into LUT with out node add_ln477_1)   --->   "%tmp_33 = bitselect i1 @_ssdm_op_BitSelect.i1.i14.i32, i14 %sext_ln61_4, i32 13" [C:/AMDDesignTools/2025.2/Vitis/tps/mingw/8.3.0/win64.o/nt\lib\gcc\x86_64-w64-mingw32\8.3.0\include\c++\bits/std_abs.h:61->V:/zybo_z7_imx219/zybo_z7_imx219.runs/design_1_v_demosaic_0_0_synth_1/prj/sol/.autopilot/db/v_demosaic.cpp:477]   --->   Operation 428 'bitselect' 'tmp_33' <Predicate = (icmp_ln439)> <Delay = 0.00>
ST_5 : Operation 429 [1/1] (1.54ns)   --->   "%sub_ln61_12 = sub i12 0, i12 %trunc_ln61_12" [C:/AMDDesignTools/2025.2/Vitis/tps/mingw/8.3.0/win64.o/nt\lib\gcc\x86_64-w64-mingw32\8.3.0\include\c++\bits/std_abs.h:61->V:/zybo_z7_imx219/zybo_z7_imx219.runs/design_1_v_demosaic_0_0_synth_1/prj/sol/.autopilot/db/v_demosaic.cpp:477]   --->   Operation 429 'sub' 'sub_ln61_12' <Predicate = (icmp_ln439)> <Delay = 1.54> <CoreInst = "Adder">   --->   Core 1 'Adder' <Latency = 0> <II = 1> <Delay = 1.54> <FuncUnit> <Opcode : 'add' 'sub'> <InPorts = 2> <OutPorts = 1>
ST_5 : Operation 430 [1/1] (0.00ns) (grouped into LUT with out node add_ln477_1)   --->   "%select_ln61_4 = select i1 %tmp_33, i12 %sub_ln61_12, i12 %trunc_ln61_12" [C:/AMDDesignTools/2025.2/Vitis/tps/mingw/8.3.0/win64.o/nt\lib\gcc\x86_64-w64-mingw32\8.3.0\include\c++\bits/std_abs.h:61->V:/zybo_z7_imx219/zybo_z7_imx219.runs/design_1_v_demosaic_0_0_synth_1/prj/sol/.autopilot/db/v_demosaic.cpp:477]   --->   Operation 430 'select' 'select_ln61_4' <Predicate = (icmp_ln439)> <Delay = 0.00> <CoreInst = "Sel">   --->   Core 73 'Sel' <Latency = 0> <II = 1> <Delay = 0.69> <FuncUnit> <Opcode : 'select'> <InPorts = 3> <OutPorts = 1>
ST_5 : Operation 431 [1/1] (0.00ns) (grouped into LUT with out node add_ln477_1)   --->   "%zext_ln477 = zext i12 %select_ln61_4" [V:/zybo_z7_imx219/zybo_z7_imx219.runs/design_1_v_demosaic_0_0_synth_1/prj/sol/.autopilot/db/v_demosaic.cpp:477]   --->   Operation 431 'zext' 'zext_ln477' <Predicate = (icmp_ln439)> <Delay = 0.00>
ST_5 : Operation 432 [1/1] (1.54ns)   --->   "%sub_ln477_1 = sub i13 %sext_ln466_1, i13 %sext_ln477" [V:/zybo_z7_imx219/zybo_z7_imx219.runs/design_1_v_demosaic_0_0_synth_1/prj/sol/.autopilot/db/v_demosaic.cpp:477]   --->   Operation 432 'sub' 'sub_ln477_1' <Predicate = (icmp_ln439)> <Delay = 1.54> <CoreInst = "Adder">   --->   Core 1 'Adder' <Latency = 0> <II = 1> <Delay = 1.54> <FuncUnit> <Opcode : 'add' 'sub'> <InPorts = 2> <OutPorts = 1>
ST_5 : Operation 433 [1/1] (0.00ns) (grouped into LUT with out node add_ln477_1)   --->   "%sext_ln61_5 = sext i13 %sub_ln477_1" [C:/AMDDesignTools/2025.2/Vitis/tps/mingw/8.3.0/win64.o/nt\lib\gcc\x86_64-w64-mingw32\8.3.0\include\c++\bits/std_abs.h:61->V:/zybo_z7_imx219/zybo_z7_imx219.runs/design_1_v_demosaic_0_0_synth_1/prj/sol/.autopilot/db/v_demosaic.cpp:477]   --->   Operation 433 'sext' 'sext_ln61_5' <Predicate = (icmp_ln439)> <Delay = 0.00>
ST_5 : Operation 434 [1/1] (0.00ns)   --->   "%trunc_ln61_13 = trunc i13 %sub_ln477_1" [C:/AMDDesignTools/2025.2/Vitis/tps/mingw/8.3.0/win64.o/nt\lib\gcc\x86_64-w64-mingw32\8.3.0\include\c++\bits/std_abs.h:61->V:/zybo_z7_imx219/zybo_z7_imx219.runs/design_1_v_demosaic_0_0_synth_1/prj/sol/.autopilot/db/v_demosaic.cpp:477]   --->   Operation 434 'trunc' 'trunc_ln61_13' <Predicate = (icmp_ln439)> <Delay = 0.00>
ST_5 : Operation 435 [1/1] (0.00ns) (grouped into LUT with out node add_ln477_1)   --->   "%tmp_34 = bitselect i1 @_ssdm_op_BitSelect.i1.i14.i32, i14 %sext_ln61_5, i32 13" [C:/AMDDesignTools/2025.2/Vitis/tps/mingw/8.3.0/win64.o/nt\lib\gcc\x86_64-w64-mingw32\8.3.0\include\c++\bits/std_abs.h:61->V:/zybo_z7_imx219/zybo_z7_imx219.runs/design_1_v_demosaic_0_0_synth_1/prj/sol/.autopilot/db/v_demosaic.cpp:477]   --->   Operation 435 'bitselect' 'tmp_34' <Predicate = (icmp_ln439)> <Delay = 0.00>
ST_5 : Operation 436 [1/1] (1.54ns)   --->   "%sub_ln61_13 = sub i12 0, i12 %trunc_ln61_13" [C:/AMDDesignTools/2025.2/Vitis/tps/mingw/8.3.0/win64.o/nt\lib\gcc\x86_64-w64-mingw32\8.3.0\include\c++\bits/std_abs.h:61->V:/zybo_z7_imx219/zybo_z7_imx219.runs/design_1_v_demosaic_0_0_synth_1/prj/sol/.autopilot/db/v_demosaic.cpp:477]   --->   Operation 436 'sub' 'sub_ln61_13' <Predicate = (icmp_ln439)> <Delay = 1.54> <CoreInst = "Adder">   --->   Core 1 'Adder' <Latency = 0> <II = 1> <Delay = 1.54> <FuncUnit> <Opcode : 'add' 'sub'> <InPorts = 2> <OutPorts = 1>
ST_5 : Operation 437 [1/1] (0.00ns) (grouped into LUT with out node add_ln477_1)   --->   "%select_ln61_5 = select i1 %tmp_34, i12 %sub_ln61_13, i12 %trunc_ln61_13" [C:/AMDDesignTools/2025.2/Vitis/tps/mingw/8.3.0/win64.o/nt\lib\gcc\x86_64-w64-mingw32\8.3.0\include\c++\bits/std_abs.h:61->V:/zybo_z7_imx219/zybo_z7_imx219.runs/design_1_v_demosaic_0_0_synth_1/prj/sol/.autopilot/db/v_demosaic.cpp:477]   --->   Operation 437 'select' 'select_ln61_5' <Predicate = (icmp_ln439)> <Delay = 0.00> <CoreInst = "Sel">   --->   Core 73 'Sel' <Latency = 0> <II = 1> <Delay = 0.69> <FuncUnit> <Opcode : 'select'> <InPorts = 3> <OutPorts = 1>
ST_5 : Operation 438 [1/1] (0.00ns) (grouped into LUT with out node add_ln477_1)   --->   "%zext_ln477_1 = zext i12 %select_ln61_5" [V:/zybo_z7_imx219/zybo_z7_imx219.runs/design_1_v_demosaic_0_0_synth_1/prj/sol/.autopilot/db/v_demosaic.cpp:477]   --->   Operation 438 'zext' 'zext_ln477_1' <Predicate = (icmp_ln439)> <Delay = 0.00>
ST_5 : Operation 439 [1/1] (1.54ns)   --->   "%sub_ln477_2 = sub i13 %sext_ln466_2, i13 %sext_ln477" [V:/zybo_z7_imx219/zybo_z7_imx219.runs/design_1_v_demosaic_0_0_synth_1/prj/sol/.autopilot/db/v_demosaic.cpp:477]   --->   Operation 439 'sub' 'sub_ln477_2' <Predicate = (icmp_ln439)> <Delay = 1.54> <CoreInst = "Adder">   --->   Core 1 'Adder' <Latency = 0> <II = 1> <Delay = 1.54> <FuncUnit> <Opcode : 'add' 'sub'> <InPorts = 2> <OutPorts = 1>
ST_5 : Operation 440 [1/1] (0.00ns) (grouped into LUT with out node add_ln477)   --->   "%sext_ln61_6 = sext i13 %sub_ln477_2" [C:/AMDDesignTools/2025.2/Vitis/tps/mingw/8.3.0/win64.o/nt\lib\gcc\x86_64-w64-mingw32\8.3.0\include\c++\bits/std_abs.h:61->V:/zybo_z7_imx219/zybo_z7_imx219.runs/design_1_v_demosaic_0_0_synth_1/prj/sol/.autopilot/db/v_demosaic.cpp:477]   --->   Operation 440 'sext' 'sext_ln61_6' <Predicate = (icmp_ln439)> <Delay = 0.00>
ST_5 : Operation 441 [1/1] (0.00ns)   --->   "%trunc_ln61_14 = trunc i13 %sub_ln477_2" [C:/AMDDesignTools/2025.2/Vitis/tps/mingw/8.3.0/win64.o/nt\lib\gcc\x86_64-w64-mingw32\8.3.0\include\c++\bits/std_abs.h:61->V:/zybo_z7_imx219/zybo_z7_imx219.runs/design_1_v_demosaic_0_0_synth_1/prj/sol/.autopilot/db/v_demosaic.cpp:477]   --->   Operation 441 'trunc' 'trunc_ln61_14' <Predicate = (icmp_ln439)> <Delay = 0.00>
ST_5 : Operation 442 [1/1] (0.00ns) (grouped into LUT with out node add_ln477)   --->   "%tmp_35 = bitselect i1 @_ssdm_op_BitSelect.i1.i14.i32, i14 %sext_ln61_6, i32 13" [C:/AMDDesignTools/2025.2/Vitis/tps/mingw/8.3.0/win64.o/nt\lib\gcc\x86_64-w64-mingw32\8.3.0\include\c++\bits/std_abs.h:61->V:/zybo_z7_imx219/zybo_z7_imx219.runs/design_1_v_demosaic_0_0_synth_1/prj/sol/.autopilot/db/v_demosaic.cpp:477]   --->   Operation 442 'bitselect' 'tmp_35' <Predicate = (icmp_ln439)> <Delay = 0.00>
ST_5 : Operation 443 [1/1] (1.54ns)   --->   "%sub_ln61_14 = sub i12 0, i12 %trunc_ln61_14" [C:/AMDDesignTools/2025.2/Vitis/tps/mingw/8.3.0/win64.o/nt\lib\gcc\x86_64-w64-mingw32\8.3.0\include\c++\bits/std_abs.h:61->V:/zybo_z7_imx219/zybo_z7_imx219.runs/design_1_v_demosaic_0_0_synth_1/prj/sol/.autopilot/db/v_demosaic.cpp:477]   --->   Operation 443 'sub' 'sub_ln61_14' <Predicate = (icmp_ln439)> <Delay = 1.54> <CoreInst = "Adder">   --->   Core 1 'Adder' <Latency = 0> <II = 1> <Delay = 1.54> <FuncUnit> <Opcode : 'add' 'sub'> <InPorts = 2> <OutPorts = 1>
ST_5 : Operation 444 [1/1] (0.00ns) (grouped into LUT with out node add_ln477)   --->   "%select_ln61_6 = select i1 %tmp_35, i12 %sub_ln61_14, i12 %trunc_ln61_14" [C:/AMDDesignTools/2025.2/Vitis/tps/mingw/8.3.0/win64.o/nt\lib\gcc\x86_64-w64-mingw32\8.3.0\include\c++\bits/std_abs.h:61->V:/zybo_z7_imx219/zybo_z7_imx219.runs/design_1_v_demosaic_0_0_synth_1/prj/sol/.autopilot/db/v_demosaic.cpp:477]   --->   Operation 444 'select' 'select_ln61_6' <Predicate = (icmp_ln439)> <Delay = 0.00> <CoreInst = "Sel">   --->   Core 73 'Sel' <Latency = 0> <II = 1> <Delay = 0.69> <FuncUnit> <Opcode : 'select'> <InPorts = 3> <OutPorts = 1>
ST_5 : Operation 445 [1/1] (0.00ns) (grouped into LUT with out node add_ln477)   --->   "%zext_ln477_2 = zext i12 %select_ln61_6" [V:/zybo_z7_imx219/zybo_z7_imx219.runs/design_1_v_demosaic_0_0_synth_1/prj/sol/.autopilot/db/v_demosaic.cpp:477]   --->   Operation 445 'zext' 'zext_ln477_2' <Predicate = (icmp_ln439)> <Delay = 0.00>
ST_5 : Operation 446 [1/1] (1.54ns)   --->   "%sub_ln477_3 = sub i13 %sext_ln466_3, i13 %sext_ln477" [V:/zybo_z7_imx219/zybo_z7_imx219.runs/design_1_v_demosaic_0_0_synth_1/prj/sol/.autopilot/db/v_demosaic.cpp:477]   --->   Operation 446 'sub' 'sub_ln477_3' <Predicate = (icmp_ln439)> <Delay = 1.54> <CoreInst = "Adder">   --->   Core 1 'Adder' <Latency = 0> <II = 1> <Delay = 1.54> <FuncUnit> <Opcode : 'add' 'sub'> <InPorts = 2> <OutPorts = 1>
ST_5 : Operation 447 [1/1] (0.00ns) (grouped into LUT with out node add_ln477)   --->   "%sext_ln61_7 = sext i13 %sub_ln477_3" [C:/AMDDesignTools/2025.2/Vitis/tps/mingw/8.3.0/win64.o/nt\lib\gcc\x86_64-w64-mingw32\8.3.0\include\c++\bits/std_abs.h:61->V:/zybo_z7_imx219/zybo_z7_imx219.runs/design_1_v_demosaic_0_0_synth_1/prj/sol/.autopilot/db/v_demosaic.cpp:477]   --->   Operation 447 'sext' 'sext_ln61_7' <Predicate = (icmp_ln439)> <Delay = 0.00>
ST_5 : Operation 448 [1/1] (0.00ns)   --->   "%trunc_ln61_15 = trunc i13 %sub_ln477_3" [C:/AMDDesignTools/2025.2/Vitis/tps/mingw/8.3.0/win64.o/nt\lib\gcc\x86_64-w64-mingw32\8.3.0\include\c++\bits/std_abs.h:61->V:/zybo_z7_imx219/zybo_z7_imx219.runs/design_1_v_demosaic_0_0_synth_1/prj/sol/.autopilot/db/v_demosaic.cpp:477]   --->   Operation 448 'trunc' 'trunc_ln61_15' <Predicate = (icmp_ln439)> <Delay = 0.00>
ST_5 : Operation 449 [1/1] (0.00ns) (grouped into LUT with out node add_ln477)   --->   "%tmp_36 = bitselect i1 @_ssdm_op_BitSelect.i1.i14.i32, i14 %sext_ln61_7, i32 13" [C:/AMDDesignTools/2025.2/Vitis/tps/mingw/8.3.0/win64.o/nt\lib\gcc\x86_64-w64-mingw32\8.3.0\include\c++\bits/std_abs.h:61->V:/zybo_z7_imx219/zybo_z7_imx219.runs/design_1_v_demosaic_0_0_synth_1/prj/sol/.autopilot/db/v_demosaic.cpp:477]   --->   Operation 449 'bitselect' 'tmp_36' <Predicate = (icmp_ln439)> <Delay = 0.00>
ST_5 : Operation 450 [1/1] (1.54ns)   --->   "%sub_ln61_15 = sub i12 0, i12 %trunc_ln61_15" [C:/AMDDesignTools/2025.2/Vitis/tps/mingw/8.3.0/win64.o/nt\lib\gcc\x86_64-w64-mingw32\8.3.0\include\c++\bits/std_abs.h:61->V:/zybo_z7_imx219/zybo_z7_imx219.runs/design_1_v_demosaic_0_0_synth_1/prj/sol/.autopilot/db/v_demosaic.cpp:477]   --->   Operation 450 'sub' 'sub_ln61_15' <Predicate = (icmp_ln439)> <Delay = 1.54> <CoreInst = "Adder">   --->   Core 1 'Adder' <Latency = 0> <II = 1> <Delay = 1.54> <FuncUnit> <Opcode : 'add' 'sub'> <InPorts = 2> <OutPorts = 1>
ST_5 : Operation 451 [1/1] (0.00ns) (grouped into LUT with out node add_ln477)   --->   "%select_ln61_7 = select i1 %tmp_36, i12 %sub_ln61_15, i12 %trunc_ln61_15" [C:/AMDDesignTools/2025.2/Vitis/tps/mingw/8.3.0/win64.o/nt\lib\gcc\x86_64-w64-mingw32\8.3.0\include\c++\bits/std_abs.h:61->V:/zybo_z7_imx219/zybo_z7_imx219.runs/design_1_v_demosaic_0_0_synth_1/prj/sol/.autopilot/db/v_demosaic.cpp:477]   --->   Operation 451 'select' 'select_ln61_7' <Predicate = (icmp_ln439)> <Delay = 0.00> <CoreInst = "Sel">   --->   Core 73 'Sel' <Latency = 0> <II = 1> <Delay = 0.69> <FuncUnit> <Opcode : 'select'> <InPorts = 3> <OutPorts = 1>
ST_5 : Operation 452 [1/1] (0.00ns) (grouped into LUT with out node add_ln477)   --->   "%zext_ln477_3 = zext i12 %select_ln61_7" [V:/zybo_z7_imx219/zybo_z7_imx219.runs/design_1_v_demosaic_0_0_synth_1/prj/sol/.autopilot/db/v_demosaic.cpp:477]   --->   Operation 452 'zext' 'zext_ln477_3' <Predicate = (icmp_ln439)> <Delay = 0.00>
ST_5 : Operation 453 [1/1] (1.54ns) (out node of the LUT)   --->   "%add_ln477 = add i13 %zext_ln477_3, i13 %zext_ln477_2" [V:/zybo_z7_imx219/zybo_z7_imx219.runs/design_1_v_demosaic_0_0_synth_1/prj/sol/.autopilot/db/v_demosaic.cpp:477]   --->   Operation 453 'add' 'add_ln477' <Predicate = (icmp_ln439)> <Delay = 1.54> <CoreInst = "Adder">   --->   Core 1 'Adder' <Latency = 0> <II = 1> <Delay = 1.54> <FuncUnit> <Opcode : 'add' 'sub'> <InPorts = 2> <OutPorts = 1>
ST_5 : Operation 454 [1/1] (0.00ns)   --->   "%zext_ln477_4 = zext i13 %add_ln477" [V:/zybo_z7_imx219/zybo_z7_imx219.runs/design_1_v_demosaic_0_0_synth_1/prj/sol/.autopilot/db/v_demosaic.cpp:477]   --->   Operation 454 'zext' 'zext_ln477_4' <Predicate = (icmp_ln439)> <Delay = 0.00>
ST_5 : Operation 455 [1/1] (1.54ns) (out node of the LUT)   --->   "%add_ln477_1 = add i13 %zext_ln477_1, i13 %zext_ln477" [V:/zybo_z7_imx219/zybo_z7_imx219.runs/design_1_v_demosaic_0_0_synth_1/prj/sol/.autopilot/db/v_demosaic.cpp:477]   --->   Operation 455 'add' 'add_ln477_1' <Predicate = (icmp_ln439)> <Delay = 1.54> <CoreInst = "Adder">   --->   Core 1 'Adder' <Latency = 0> <II = 1> <Delay = 1.54> <FuncUnit> <Opcode : 'add' 'sub'> <InPorts = 2> <OutPorts = 1>
ST_5 : Operation 456 [1/1] (0.00ns)   --->   "%zext_ln477_5 = zext i13 %add_ln477_1" [V:/zybo_z7_imx219/zybo_z7_imx219.runs/design_1_v_demosaic_0_0_synth_1/prj/sol/.autopilot/db/v_demosaic.cpp:477]   --->   Operation 456 'zext' 'zext_ln477_5' <Predicate = (icmp_ln439)> <Delay = 0.00>
ST_5 : Operation 457 [1/1] (1.67ns)   --->   "%add_ln477_2 = add i14 %zext_ln477_5, i14 %zext_ln477_4" [V:/zybo_z7_imx219/zybo_z7_imx219.runs/design_1_v_demosaic_0_0_synth_1/prj/sol/.autopilot/db/v_demosaic.cpp:477]   --->   Operation 457 'add' 'add_ln477_2' <Predicate = (icmp_ln439)> <Delay = 1.67> <CoreInst = "Adder">   --->   Core 1 'Adder' <Latency = 0> <II = 1> <Delay = 1.67> <FuncUnit> <Opcode : 'add' 'sub'> <InPorts = 2> <OutPorts = 1>
ST_5 : Operation 458 [1/1] (0.00ns)   --->   "%var_1 = partselect i13 @_ssdm_op_PartSelect.i13.i14.i32.i32, i14 %add_ln477_2, i32 1, i32 13" [V:/zybo_z7_imx219/zybo_z7_imx219.runs/design_1_v_demosaic_0_0_synth_1/prj/sol/.autopilot/db/v_demosaic.cpp:477]   --->   Operation 458 'partselect' 'var_1' <Predicate = (icmp_ln439)> <Delay = 0.00>
ST_5 : Operation 459 [1/1] (0.00ns)   --->   "%sext_ln478 = sext i12 %mean_2" [V:/zybo_z7_imx219/zybo_z7_imx219.runs/design_1_v_demosaic_0_0_synth_1/prj/sol/.autopilot/db/v_demosaic.cpp:478]   --->   Operation 459 'sext' 'sext_ln478' <Predicate = (icmp_ln439)> <Delay = 0.00>
ST_5 : Operation 460 [1/1] (1.54ns)   --->   "%sub_ln478 = sub i13 %sext_ln466_1, i13 %sext_ln478" [V:/zybo_z7_imx219/zybo_z7_imx219.runs/design_1_v_demosaic_0_0_synth_1/prj/sol/.autopilot/db/v_demosaic.cpp:478]   --->   Operation 460 'sub' 'sub_ln478' <Predicate = (icmp_ln439)> <Delay = 1.54> <CoreInst = "Adder">   --->   Core 1 'Adder' <Latency = 0> <II = 1> <Delay = 1.54> <FuncUnit> <Opcode : 'add' 'sub'> <InPorts = 2> <OutPorts = 1>
ST_5 : Operation 461 [1/1] (0.00ns) (grouped into LUT with out node add_ln478_1)   --->   "%sext_ln61_8 = sext i13 %sub_ln478" [C:/AMDDesignTools/2025.2/Vitis/tps/mingw/8.3.0/win64.o/nt\lib\gcc\x86_64-w64-mingw32\8.3.0\include\c++\bits/std_abs.h:61->V:/zybo_z7_imx219/zybo_z7_imx219.runs/design_1_v_demosaic_0_0_synth_1/prj/sol/.autopilot/db/v_demosaic.cpp:478]   --->   Operation 461 'sext' 'sext_ln61_8' <Predicate = (icmp_ln439)> <Delay = 0.00>
ST_5 : Operation 462 [1/1] (0.00ns)   --->   "%trunc_ln61_16 = trunc i13 %sub_ln478" [C:/AMDDesignTools/2025.2/Vitis/tps/mingw/8.3.0/win64.o/nt\lib\gcc\x86_64-w64-mingw32\8.3.0\include\c++\bits/std_abs.h:61->V:/zybo_z7_imx219/zybo_z7_imx219.runs/design_1_v_demosaic_0_0_synth_1/prj/sol/.autopilot/db/v_demosaic.cpp:478]   --->   Operation 462 'trunc' 'trunc_ln61_16' <Predicate = (icmp_ln439)> <Delay = 0.00>
ST_5 : Operation 463 [1/1] (0.00ns) (grouped into LUT with out node add_ln478_1)   --->   "%tmp_37 = bitselect i1 @_ssdm_op_BitSelect.i1.i14.i32, i14 %sext_ln61_8, i32 13" [C:/AMDDesignTools/2025.2/Vitis/tps/mingw/8.3.0/win64.o/nt\lib\gcc\x86_64-w64-mingw32\8.3.0\include\c++\bits/std_abs.h:61->V:/zybo_z7_imx219/zybo_z7_imx219.runs/design_1_v_demosaic_0_0_synth_1/prj/sol/.autopilot/db/v_demosaic.cpp:478]   --->   Operation 463 'bitselect' 'tmp_37' <Predicate = (icmp_ln439)> <Delay = 0.00>
ST_5 : Operation 464 [1/1] (1.54ns)   --->   "%sub_ln61_16 = sub i12 0, i12 %trunc_ln61_16" [C:/AMDDesignTools/2025.2/Vitis/tps/mingw/8.3.0/win64.o/nt\lib\gcc\x86_64-w64-mingw32\8.3.0\include\c++\bits/std_abs.h:61->V:/zybo_z7_imx219/zybo_z7_imx219.runs/design_1_v_demosaic_0_0_synth_1/prj/sol/.autopilot/db/v_demosaic.cpp:478]   --->   Operation 464 'sub' 'sub_ln61_16' <Predicate = (icmp_ln439)> <Delay = 1.54> <CoreInst = "Adder">   --->   Core 1 'Adder' <Latency = 0> <II = 1> <Delay = 1.54> <FuncUnit> <Opcode : 'add' 'sub'> <InPorts = 2> <OutPorts = 1>
ST_5 : Operation 465 [1/1] (0.00ns) (grouped into LUT with out node add_ln478_1)   --->   "%select_ln61_8 = select i1 %tmp_37, i12 %sub_ln61_16, i12 %trunc_ln61_16" [C:/AMDDesignTools/2025.2/Vitis/tps/mingw/8.3.0/win64.o/nt\lib\gcc\x86_64-w64-mingw32\8.3.0\include\c++\bits/std_abs.h:61->V:/zybo_z7_imx219/zybo_z7_imx219.runs/design_1_v_demosaic_0_0_synth_1/prj/sol/.autopilot/db/v_demosaic.cpp:478]   --->   Operation 465 'select' 'select_ln61_8' <Predicate = (icmp_ln439)> <Delay = 0.00> <CoreInst = "Sel">   --->   Core 73 'Sel' <Latency = 0> <II = 1> <Delay = 0.69> <FuncUnit> <Opcode : 'select'> <InPorts = 3> <OutPorts = 1>
ST_5 : Operation 466 [1/1] (0.00ns) (grouped into LUT with out node add_ln478_1)   --->   "%zext_ln478 = zext i12 %select_ln61_8" [V:/zybo_z7_imx219/zybo_z7_imx219.runs/design_1_v_demosaic_0_0_synth_1/prj/sol/.autopilot/db/v_demosaic.cpp:478]   --->   Operation 466 'zext' 'zext_ln478' <Predicate = (icmp_ln439)> <Delay = 0.00>
ST_5 : Operation 467 [1/1] (1.54ns)   --->   "%sub_ln478_1 = sub i13 %sext_ln467, i13 %sext_ln478" [V:/zybo_z7_imx219/zybo_z7_imx219.runs/design_1_v_demosaic_0_0_synth_1/prj/sol/.autopilot/db/v_demosaic.cpp:478]   --->   Operation 467 'sub' 'sub_ln478_1' <Predicate = (icmp_ln439)> <Delay = 1.54> <CoreInst = "Adder">   --->   Core 1 'Adder' <Latency = 0> <II = 1> <Delay = 1.54> <FuncUnit> <Opcode : 'add' 'sub'> <InPorts = 2> <OutPorts = 1>
ST_5 : Operation 468 [1/1] (0.00ns) (grouped into LUT with out node add_ln478_1)   --->   "%sext_ln61_9 = sext i13 %sub_ln478_1" [C:/AMDDesignTools/2025.2/Vitis/tps/mingw/8.3.0/win64.o/nt\lib\gcc\x86_64-w64-mingw32\8.3.0\include\c++\bits/std_abs.h:61->V:/zybo_z7_imx219/zybo_z7_imx219.runs/design_1_v_demosaic_0_0_synth_1/prj/sol/.autopilot/db/v_demosaic.cpp:478]   --->   Operation 468 'sext' 'sext_ln61_9' <Predicate = (icmp_ln439)> <Delay = 0.00>
ST_5 : Operation 469 [1/1] (0.00ns)   --->   "%trunc_ln61_17 = trunc i13 %sub_ln478_1" [C:/AMDDesignTools/2025.2/Vitis/tps/mingw/8.3.0/win64.o/nt\lib\gcc\x86_64-w64-mingw32\8.3.0\include\c++\bits/std_abs.h:61->V:/zybo_z7_imx219/zybo_z7_imx219.runs/design_1_v_demosaic_0_0_synth_1/prj/sol/.autopilot/db/v_demosaic.cpp:478]   --->   Operation 469 'trunc' 'trunc_ln61_17' <Predicate = (icmp_ln439)> <Delay = 0.00>
ST_5 : Operation 470 [1/1] (0.00ns) (grouped into LUT with out node add_ln478_1)   --->   "%tmp_38 = bitselect i1 @_ssdm_op_BitSelect.i1.i14.i32, i14 %sext_ln61_9, i32 13" [C:/AMDDesignTools/2025.2/Vitis/tps/mingw/8.3.0/win64.o/nt\lib\gcc\x86_64-w64-mingw32\8.3.0\include\c++\bits/std_abs.h:61->V:/zybo_z7_imx219/zybo_z7_imx219.runs/design_1_v_demosaic_0_0_synth_1/prj/sol/.autopilot/db/v_demosaic.cpp:478]   --->   Operation 470 'bitselect' 'tmp_38' <Predicate = (icmp_ln439)> <Delay = 0.00>
ST_5 : Operation 471 [1/1] (1.54ns)   --->   "%sub_ln61_17 = sub i12 0, i12 %trunc_ln61_17" [C:/AMDDesignTools/2025.2/Vitis/tps/mingw/8.3.0/win64.o/nt\lib\gcc\x86_64-w64-mingw32\8.3.0\include\c++\bits/std_abs.h:61->V:/zybo_z7_imx219/zybo_z7_imx219.runs/design_1_v_demosaic_0_0_synth_1/prj/sol/.autopilot/db/v_demosaic.cpp:478]   --->   Operation 471 'sub' 'sub_ln61_17' <Predicate = (icmp_ln439)> <Delay = 1.54> <CoreInst = "Adder">   --->   Core 1 'Adder' <Latency = 0> <II = 1> <Delay = 1.54> <FuncUnit> <Opcode : 'add' 'sub'> <InPorts = 2> <OutPorts = 1>
ST_5 : Operation 472 [1/1] (0.00ns) (grouped into LUT with out node add_ln478_1)   --->   "%select_ln61_9 = select i1 %tmp_38, i12 %sub_ln61_17, i12 %trunc_ln61_17" [C:/AMDDesignTools/2025.2/Vitis/tps/mingw/8.3.0/win64.o/nt\lib\gcc\x86_64-w64-mingw32\8.3.0\include\c++\bits/std_abs.h:61->V:/zybo_z7_imx219/zybo_z7_imx219.runs/design_1_v_demosaic_0_0_synth_1/prj/sol/.autopilot/db/v_demosaic.cpp:478]   --->   Operation 472 'select' 'select_ln61_9' <Predicate = (icmp_ln439)> <Delay = 0.00> <CoreInst = "Sel">   --->   Core 73 'Sel' <Latency = 0> <II = 1> <Delay = 0.69> <FuncUnit> <Opcode : 'select'> <InPorts = 3> <OutPorts = 1>
ST_5 : Operation 473 [1/1] (0.00ns) (grouped into LUT with out node add_ln478_1)   --->   "%zext_ln478_1 = zext i12 %select_ln61_9" [V:/zybo_z7_imx219/zybo_z7_imx219.runs/design_1_v_demosaic_0_0_synth_1/prj/sol/.autopilot/db/v_demosaic.cpp:478]   --->   Operation 473 'zext' 'zext_ln478_1' <Predicate = (icmp_ln439)> <Delay = 0.00>
ST_5 : Operation 474 [1/1] (1.54ns)   --->   "%sub_ln478_2 = sub i13 %sext_ln467_1, i13 %sext_ln478" [V:/zybo_z7_imx219/zybo_z7_imx219.runs/design_1_v_demosaic_0_0_synth_1/prj/sol/.autopilot/db/v_demosaic.cpp:478]   --->   Operation 474 'sub' 'sub_ln478_2' <Predicate = (icmp_ln439)> <Delay = 1.54> <CoreInst = "Adder">   --->   Core 1 'Adder' <Latency = 0> <II = 1> <Delay = 1.54> <FuncUnit> <Opcode : 'add' 'sub'> <InPorts = 2> <OutPorts = 1>
ST_5 : Operation 475 [1/1] (0.00ns) (grouped into LUT with out node add_ln478)   --->   "%sext_ln61_10 = sext i13 %sub_ln478_2" [C:/AMDDesignTools/2025.2/Vitis/tps/mingw/8.3.0/win64.o/nt\lib\gcc\x86_64-w64-mingw32\8.3.0\include\c++\bits/std_abs.h:61->V:/zybo_z7_imx219/zybo_z7_imx219.runs/design_1_v_demosaic_0_0_synth_1/prj/sol/.autopilot/db/v_demosaic.cpp:478]   --->   Operation 475 'sext' 'sext_ln61_10' <Predicate = (icmp_ln439)> <Delay = 0.00>
ST_5 : Operation 476 [1/1] (0.00ns)   --->   "%trunc_ln61_18 = trunc i13 %sub_ln478_2" [C:/AMDDesignTools/2025.2/Vitis/tps/mingw/8.3.0/win64.o/nt\lib\gcc\x86_64-w64-mingw32\8.3.0\include\c++\bits/std_abs.h:61->V:/zybo_z7_imx219/zybo_z7_imx219.runs/design_1_v_demosaic_0_0_synth_1/prj/sol/.autopilot/db/v_demosaic.cpp:478]   --->   Operation 476 'trunc' 'trunc_ln61_18' <Predicate = (icmp_ln439)> <Delay = 0.00>
ST_5 : Operation 477 [1/1] (0.00ns) (grouped into LUT with out node add_ln478)   --->   "%tmp_39 = bitselect i1 @_ssdm_op_BitSelect.i1.i14.i32, i14 %sext_ln61_10, i32 13" [C:/AMDDesignTools/2025.2/Vitis/tps/mingw/8.3.0/win64.o/nt\lib\gcc\x86_64-w64-mingw32\8.3.0\include\c++\bits/std_abs.h:61->V:/zybo_z7_imx219/zybo_z7_imx219.runs/design_1_v_demosaic_0_0_synth_1/prj/sol/.autopilot/db/v_demosaic.cpp:478]   --->   Operation 477 'bitselect' 'tmp_39' <Predicate = (icmp_ln439)> <Delay = 0.00>
ST_5 : Operation 478 [1/1] (1.54ns)   --->   "%sub_ln61_18 = sub i12 0, i12 %trunc_ln61_18" [C:/AMDDesignTools/2025.2/Vitis/tps/mingw/8.3.0/win64.o/nt\lib\gcc\x86_64-w64-mingw32\8.3.0\include\c++\bits/std_abs.h:61->V:/zybo_z7_imx219/zybo_z7_imx219.runs/design_1_v_demosaic_0_0_synth_1/prj/sol/.autopilot/db/v_demosaic.cpp:478]   --->   Operation 478 'sub' 'sub_ln61_18' <Predicate = (icmp_ln439)> <Delay = 1.54> <CoreInst = "Adder">   --->   Core 1 'Adder' <Latency = 0> <II = 1> <Delay = 1.54> <FuncUnit> <Opcode : 'add' 'sub'> <InPorts = 2> <OutPorts = 1>
ST_5 : Operation 479 [1/1] (0.00ns) (grouped into LUT with out node add_ln478)   --->   "%select_ln61_10 = select i1 %tmp_39, i12 %sub_ln61_18, i12 %trunc_ln61_18" [C:/AMDDesignTools/2025.2/Vitis/tps/mingw/8.3.0/win64.o/nt\lib\gcc\x86_64-w64-mingw32\8.3.0\include\c++\bits/std_abs.h:61->V:/zybo_z7_imx219/zybo_z7_imx219.runs/design_1_v_demosaic_0_0_synth_1/prj/sol/.autopilot/db/v_demosaic.cpp:478]   --->   Operation 479 'select' 'select_ln61_10' <Predicate = (icmp_ln439)> <Delay = 0.00> <CoreInst = "Sel">   --->   Core 73 'Sel' <Latency = 0> <II = 1> <Delay = 0.69> <FuncUnit> <Opcode : 'select'> <InPorts = 3> <OutPorts = 1>
ST_5 : Operation 480 [1/1] (0.00ns) (grouped into LUT with out node add_ln478)   --->   "%zext_ln478_2 = zext i12 %select_ln61_10" [V:/zybo_z7_imx219/zybo_z7_imx219.runs/design_1_v_demosaic_0_0_synth_1/prj/sol/.autopilot/db/v_demosaic.cpp:478]   --->   Operation 480 'zext' 'zext_ln478_2' <Predicate = (icmp_ln439)> <Delay = 0.00>
ST_5 : Operation 481 [1/1] (1.54ns)   --->   "%sub_ln478_3 = sub i13 %sext_ln466_2, i13 %sext_ln478" [V:/zybo_z7_imx219/zybo_z7_imx219.runs/design_1_v_demosaic_0_0_synth_1/prj/sol/.autopilot/db/v_demosaic.cpp:478]   --->   Operation 481 'sub' 'sub_ln478_3' <Predicate = (icmp_ln439)> <Delay = 1.54> <CoreInst = "Adder">   --->   Core 1 'Adder' <Latency = 0> <II = 1> <Delay = 1.54> <FuncUnit> <Opcode : 'add' 'sub'> <InPorts = 2> <OutPorts = 1>
ST_5 : Operation 482 [1/1] (0.00ns) (grouped into LUT with out node add_ln478)   --->   "%sext_ln61_11 = sext i13 %sub_ln478_3" [C:/AMDDesignTools/2025.2/Vitis/tps/mingw/8.3.0/win64.o/nt\lib\gcc\x86_64-w64-mingw32\8.3.0\include\c++\bits/std_abs.h:61->V:/zybo_z7_imx219/zybo_z7_imx219.runs/design_1_v_demosaic_0_0_synth_1/prj/sol/.autopilot/db/v_demosaic.cpp:478]   --->   Operation 482 'sext' 'sext_ln61_11' <Predicate = (icmp_ln439)> <Delay = 0.00>
ST_5 : Operation 483 [1/1] (0.00ns)   --->   "%trunc_ln61_19 = trunc i13 %sub_ln478_3" [C:/AMDDesignTools/2025.2/Vitis/tps/mingw/8.3.0/win64.o/nt\lib\gcc\x86_64-w64-mingw32\8.3.0\include\c++\bits/std_abs.h:61->V:/zybo_z7_imx219/zybo_z7_imx219.runs/design_1_v_demosaic_0_0_synth_1/prj/sol/.autopilot/db/v_demosaic.cpp:478]   --->   Operation 483 'trunc' 'trunc_ln61_19' <Predicate = (icmp_ln439)> <Delay = 0.00>
ST_5 : Operation 484 [1/1] (0.00ns) (grouped into LUT with out node add_ln478)   --->   "%tmp_40 = bitselect i1 @_ssdm_op_BitSelect.i1.i14.i32, i14 %sext_ln61_11, i32 13" [C:/AMDDesignTools/2025.2/Vitis/tps/mingw/8.3.0/win64.o/nt\lib\gcc\x86_64-w64-mingw32\8.3.0\include\c++\bits/std_abs.h:61->V:/zybo_z7_imx219/zybo_z7_imx219.runs/design_1_v_demosaic_0_0_synth_1/prj/sol/.autopilot/db/v_demosaic.cpp:478]   --->   Operation 484 'bitselect' 'tmp_40' <Predicate = (icmp_ln439)> <Delay = 0.00>
ST_5 : Operation 485 [1/1] (1.54ns)   --->   "%sub_ln61_19 = sub i12 0, i12 %trunc_ln61_19" [C:/AMDDesignTools/2025.2/Vitis/tps/mingw/8.3.0/win64.o/nt\lib\gcc\x86_64-w64-mingw32\8.3.0\include\c++\bits/std_abs.h:61->V:/zybo_z7_imx219/zybo_z7_imx219.runs/design_1_v_demosaic_0_0_synth_1/prj/sol/.autopilot/db/v_demosaic.cpp:478]   --->   Operation 485 'sub' 'sub_ln61_19' <Predicate = (icmp_ln439)> <Delay = 1.54> <CoreInst = "Adder">   --->   Core 1 'Adder' <Latency = 0> <II = 1> <Delay = 1.54> <FuncUnit> <Opcode : 'add' 'sub'> <InPorts = 2> <OutPorts = 1>
ST_5 : Operation 486 [1/1] (0.00ns) (grouped into LUT with out node add_ln478)   --->   "%select_ln61_11 = select i1 %tmp_40, i12 %sub_ln61_19, i12 %trunc_ln61_19" [C:/AMDDesignTools/2025.2/Vitis/tps/mingw/8.3.0/win64.o/nt\lib\gcc\x86_64-w64-mingw32\8.3.0\include\c++\bits/std_abs.h:61->V:/zybo_z7_imx219/zybo_z7_imx219.runs/design_1_v_demosaic_0_0_synth_1/prj/sol/.autopilot/db/v_demosaic.cpp:478]   --->   Operation 486 'select' 'select_ln61_11' <Predicate = (icmp_ln439)> <Delay = 0.00> <CoreInst = "Sel">   --->   Core 73 'Sel' <Latency = 0> <II = 1> <Delay = 0.69> <FuncUnit> <Opcode : 'select'> <InPorts = 3> <OutPorts = 1>
ST_5 : Operation 487 [1/1] (0.00ns) (grouped into LUT with out node add_ln478)   --->   "%zext_ln478_3 = zext i12 %select_ln61_11" [V:/zybo_z7_imx219/zybo_z7_imx219.runs/design_1_v_demosaic_0_0_synth_1/prj/sol/.autopilot/db/v_demosaic.cpp:478]   --->   Operation 487 'zext' 'zext_ln478_3' <Predicate = (icmp_ln439)> <Delay = 0.00>
ST_5 : Operation 488 [1/1] (1.54ns) (out node of the LUT)   --->   "%add_ln478 = add i13 %zext_ln478_3, i13 %zext_ln478_2" [V:/zybo_z7_imx219/zybo_z7_imx219.runs/design_1_v_demosaic_0_0_synth_1/prj/sol/.autopilot/db/v_demosaic.cpp:478]   --->   Operation 488 'add' 'add_ln478' <Predicate = (icmp_ln439)> <Delay = 1.54> <CoreInst = "Adder">   --->   Core 1 'Adder' <Latency = 0> <II = 1> <Delay = 1.54> <FuncUnit> <Opcode : 'add' 'sub'> <InPorts = 2> <OutPorts = 1>
ST_5 : Operation 489 [1/1] (0.00ns)   --->   "%zext_ln478_4 = zext i13 %add_ln478" [V:/zybo_z7_imx219/zybo_z7_imx219.runs/design_1_v_demosaic_0_0_synth_1/prj/sol/.autopilot/db/v_demosaic.cpp:478]   --->   Operation 489 'zext' 'zext_ln478_4' <Predicate = (icmp_ln439)> <Delay = 0.00>
ST_5 : Operation 490 [1/1] (1.54ns) (out node of the LUT)   --->   "%add_ln478_1 = add i13 %zext_ln478_1, i13 %zext_ln478" [V:/zybo_z7_imx219/zybo_z7_imx219.runs/design_1_v_demosaic_0_0_synth_1/prj/sol/.autopilot/db/v_demosaic.cpp:478]   --->   Operation 490 'add' 'add_ln478_1' <Predicate = (icmp_ln439)> <Delay = 1.54> <CoreInst = "Adder">   --->   Core 1 'Adder' <Latency = 0> <II = 1> <Delay = 1.54> <FuncUnit> <Opcode : 'add' 'sub'> <InPorts = 2> <OutPorts = 1>
ST_5 : Operation 491 [1/1] (0.00ns)   --->   "%zext_ln478_5 = zext i13 %add_ln478_1" [V:/zybo_z7_imx219/zybo_z7_imx219.runs/design_1_v_demosaic_0_0_synth_1/prj/sol/.autopilot/db/v_demosaic.cpp:478]   --->   Operation 491 'zext' 'zext_ln478_5' <Predicate = (icmp_ln439)> <Delay = 0.00>
ST_5 : Operation 492 [1/1] (1.67ns)   --->   "%add_ln478_2 = add i14 %zext_ln478_5, i14 %zext_ln478_4" [V:/zybo_z7_imx219/zybo_z7_imx219.runs/design_1_v_demosaic_0_0_synth_1/prj/sol/.autopilot/db/v_demosaic.cpp:478]   --->   Operation 492 'add' 'add_ln478_2' <Predicate = (icmp_ln439)> <Delay = 1.67> <CoreInst = "Adder">   --->   Core 1 'Adder' <Latency = 0> <II = 1> <Delay = 1.67> <FuncUnit> <Opcode : 'add' 'sub'> <InPorts = 2> <OutPorts = 1>
ST_5 : Operation 493 [1/1] (0.00ns)   --->   "%var_2 = partselect i13 @_ssdm_op_PartSelect.i13.i14.i32.i32, i14 %add_ln478_2, i32 1, i32 13" [V:/zybo_z7_imx219/zybo_z7_imx219.runs/design_1_v_demosaic_0_0_synth_1/prj/sol/.autopilot/db/v_demosaic.cpp:478]   --->   Operation 493 'partselect' 'var_2' <Predicate = (icmp_ln439)> <Delay = 0.00>
ST_5 : Operation 494 [1/1] (0.00ns)   --->   "%sext_ln479 = sext i12 %mean_3" [V:/zybo_z7_imx219/zybo_z7_imx219.runs/design_1_v_demosaic_0_0_synth_1/prj/sol/.autopilot/db/v_demosaic.cpp:479]   --->   Operation 494 'sext' 'sext_ln479' <Predicate = (icmp_ln439)> <Delay = 0.00>
ST_5 : Operation 495 [1/1] (1.54ns)   --->   "%sub_ln479 = sub i13 %sext_ln465_1, i13 %sext_ln479" [V:/zybo_z7_imx219/zybo_z7_imx219.runs/design_1_v_demosaic_0_0_synth_1/prj/sol/.autopilot/db/v_demosaic.cpp:479]   --->   Operation 495 'sub' 'sub_ln479' <Predicate = (icmp_ln439)> <Delay = 1.54> <CoreInst = "Adder">   --->   Core 1 'Adder' <Latency = 0> <II = 1> <Delay = 1.54> <FuncUnit> <Opcode : 'add' 'sub'> <InPorts = 2> <OutPorts = 1>
ST_5 : Operation 496 [1/1] (0.00ns) (grouped into LUT with out node add_ln479_1)   --->   "%sext_ln61_12 = sext i13 %sub_ln479" [C:/AMDDesignTools/2025.2/Vitis/tps/mingw/8.3.0/win64.o/nt\lib\gcc\x86_64-w64-mingw32\8.3.0\include\c++\bits/std_abs.h:61->V:/zybo_z7_imx219/zybo_z7_imx219.runs/design_1_v_demosaic_0_0_synth_1/prj/sol/.autopilot/db/v_demosaic.cpp:479]   --->   Operation 496 'sext' 'sext_ln61_12' <Predicate = (icmp_ln439)> <Delay = 0.00>
ST_5 : Operation 497 [1/1] (0.00ns)   --->   "%trunc_ln61_20 = trunc i13 %sub_ln479" [C:/AMDDesignTools/2025.2/Vitis/tps/mingw/8.3.0/win64.o/nt\lib\gcc\x86_64-w64-mingw32\8.3.0\include\c++\bits/std_abs.h:61->V:/zybo_z7_imx219/zybo_z7_imx219.runs/design_1_v_demosaic_0_0_synth_1/prj/sol/.autopilot/db/v_demosaic.cpp:479]   --->   Operation 497 'trunc' 'trunc_ln61_20' <Predicate = (icmp_ln439)> <Delay = 0.00>
ST_5 : Operation 498 [1/1] (0.00ns) (grouped into LUT with out node add_ln479_1)   --->   "%tmp_41 = bitselect i1 @_ssdm_op_BitSelect.i1.i14.i32, i14 %sext_ln61_12, i32 13" [C:/AMDDesignTools/2025.2/Vitis/tps/mingw/8.3.0/win64.o/nt\lib\gcc\x86_64-w64-mingw32\8.3.0\include\c++\bits/std_abs.h:61->V:/zybo_z7_imx219/zybo_z7_imx219.runs/design_1_v_demosaic_0_0_synth_1/prj/sol/.autopilot/db/v_demosaic.cpp:479]   --->   Operation 498 'bitselect' 'tmp_41' <Predicate = (icmp_ln439)> <Delay = 0.00>
ST_5 : Operation 499 [1/1] (1.54ns)   --->   "%sub_ln61_20 = sub i12 0, i12 %trunc_ln61_20" [C:/AMDDesignTools/2025.2/Vitis/tps/mingw/8.3.0/win64.o/nt\lib\gcc\x86_64-w64-mingw32\8.3.0\include\c++\bits/std_abs.h:61->V:/zybo_z7_imx219/zybo_z7_imx219.runs/design_1_v_demosaic_0_0_synth_1/prj/sol/.autopilot/db/v_demosaic.cpp:479]   --->   Operation 499 'sub' 'sub_ln61_20' <Predicate = (icmp_ln439)> <Delay = 1.54> <CoreInst = "Adder">   --->   Core 1 'Adder' <Latency = 0> <II = 1> <Delay = 1.54> <FuncUnit> <Opcode : 'add' 'sub'> <InPorts = 2> <OutPorts = 1>
ST_5 : Operation 500 [1/1] (0.00ns) (grouped into LUT with out node add_ln479_1)   --->   "%select_ln61_12 = select i1 %tmp_41, i12 %sub_ln61_20, i12 %trunc_ln61_20" [C:/AMDDesignTools/2025.2/Vitis/tps/mingw/8.3.0/win64.o/nt\lib\gcc\x86_64-w64-mingw32\8.3.0\include\c++\bits/std_abs.h:61->V:/zybo_z7_imx219/zybo_z7_imx219.runs/design_1_v_demosaic_0_0_synth_1/prj/sol/.autopilot/db/v_demosaic.cpp:479]   --->   Operation 500 'select' 'select_ln61_12' <Predicate = (icmp_ln439)> <Delay = 0.00> <CoreInst = "Sel">   --->   Core 73 'Sel' <Latency = 0> <II = 1> <Delay = 0.69> <FuncUnit> <Opcode : 'select'> <InPorts = 3> <OutPorts = 1>
ST_5 : Operation 501 [1/1] (0.00ns) (grouped into LUT with out node add_ln479_1)   --->   "%zext_ln479 = zext i12 %select_ln61_12" [V:/zybo_z7_imx219/zybo_z7_imx219.runs/design_1_v_demosaic_0_0_synth_1/prj/sol/.autopilot/db/v_demosaic.cpp:479]   --->   Operation 501 'zext' 'zext_ln479' <Predicate = (icmp_ln439)> <Delay = 0.00>
ST_5 : Operation 502 [1/1] (1.54ns)   --->   "%sub_ln479_1 = sub i13 %sext_ln465_3, i13 %sext_ln479" [V:/zybo_z7_imx219/zybo_z7_imx219.runs/design_1_v_demosaic_0_0_synth_1/prj/sol/.autopilot/db/v_demosaic.cpp:479]   --->   Operation 502 'sub' 'sub_ln479_1' <Predicate = (icmp_ln439)> <Delay = 1.54> <CoreInst = "Adder">   --->   Core 1 'Adder' <Latency = 0> <II = 1> <Delay = 1.54> <FuncUnit> <Opcode : 'add' 'sub'> <InPorts = 2> <OutPorts = 1>
ST_5 : Operation 503 [1/1] (0.00ns) (grouped into LUT with out node add_ln479_1)   --->   "%sext_ln61_13 = sext i13 %sub_ln479_1" [C:/AMDDesignTools/2025.2/Vitis/tps/mingw/8.3.0/win64.o/nt\lib\gcc\x86_64-w64-mingw32\8.3.0\include\c++\bits/std_abs.h:61->V:/zybo_z7_imx219/zybo_z7_imx219.runs/design_1_v_demosaic_0_0_synth_1/prj/sol/.autopilot/db/v_demosaic.cpp:479]   --->   Operation 503 'sext' 'sext_ln61_13' <Predicate = (icmp_ln439)> <Delay = 0.00>
ST_5 : Operation 504 [1/1] (0.00ns)   --->   "%trunc_ln61_21 = trunc i13 %sub_ln479_1" [C:/AMDDesignTools/2025.2/Vitis/tps/mingw/8.3.0/win64.o/nt\lib\gcc\x86_64-w64-mingw32\8.3.0\include\c++\bits/std_abs.h:61->V:/zybo_z7_imx219/zybo_z7_imx219.runs/design_1_v_demosaic_0_0_synth_1/prj/sol/.autopilot/db/v_demosaic.cpp:479]   --->   Operation 504 'trunc' 'trunc_ln61_21' <Predicate = (icmp_ln439)> <Delay = 0.00>
ST_5 : Operation 505 [1/1] (0.00ns) (grouped into LUT with out node add_ln479_1)   --->   "%tmp_42 = bitselect i1 @_ssdm_op_BitSelect.i1.i14.i32, i14 %sext_ln61_13, i32 13" [C:/AMDDesignTools/2025.2/Vitis/tps/mingw/8.3.0/win64.o/nt\lib\gcc\x86_64-w64-mingw32\8.3.0\include\c++\bits/std_abs.h:61->V:/zybo_z7_imx219/zybo_z7_imx219.runs/design_1_v_demosaic_0_0_synth_1/prj/sol/.autopilot/db/v_demosaic.cpp:479]   --->   Operation 505 'bitselect' 'tmp_42' <Predicate = (icmp_ln439)> <Delay = 0.00>
ST_5 : Operation 506 [1/1] (1.54ns)   --->   "%sub_ln61_21 = sub i12 0, i12 %trunc_ln61_21" [C:/AMDDesignTools/2025.2/Vitis/tps/mingw/8.3.0/win64.o/nt\lib\gcc\x86_64-w64-mingw32\8.3.0\include\c++\bits/std_abs.h:61->V:/zybo_z7_imx219/zybo_z7_imx219.runs/design_1_v_demosaic_0_0_synth_1/prj/sol/.autopilot/db/v_demosaic.cpp:479]   --->   Operation 506 'sub' 'sub_ln61_21' <Predicate = (icmp_ln439)> <Delay = 1.54> <CoreInst = "Adder">   --->   Core 1 'Adder' <Latency = 0> <II = 1> <Delay = 1.54> <FuncUnit> <Opcode : 'add' 'sub'> <InPorts = 2> <OutPorts = 1>
ST_5 : Operation 507 [1/1] (0.00ns) (grouped into LUT with out node add_ln479_1)   --->   "%select_ln61_13 = select i1 %tmp_42, i12 %sub_ln61_21, i12 %trunc_ln61_21" [C:/AMDDesignTools/2025.2/Vitis/tps/mingw/8.3.0/win64.o/nt\lib\gcc\x86_64-w64-mingw32\8.3.0\include\c++\bits/std_abs.h:61->V:/zybo_z7_imx219/zybo_z7_imx219.runs/design_1_v_demosaic_0_0_synth_1/prj/sol/.autopilot/db/v_demosaic.cpp:479]   --->   Operation 507 'select' 'select_ln61_13' <Predicate = (icmp_ln439)> <Delay = 0.00> <CoreInst = "Sel">   --->   Core 73 'Sel' <Latency = 0> <II = 1> <Delay = 0.69> <FuncUnit> <Opcode : 'select'> <InPorts = 3> <OutPorts = 1>
ST_5 : Operation 508 [1/1] (0.00ns) (grouped into LUT with out node add_ln479_1)   --->   "%zext_ln479_1 = zext i12 %select_ln61_13" [V:/zybo_z7_imx219/zybo_z7_imx219.runs/design_1_v_demosaic_0_0_synth_1/prj/sol/.autopilot/db/v_demosaic.cpp:479]   --->   Operation 508 'zext' 'zext_ln479_1' <Predicate = (icmp_ln439)> <Delay = 0.00>
ST_5 : Operation 509 [1/1] (1.54ns)   --->   "%sub_ln479_2 = sub i13 %sext_ln468, i13 %sext_ln479" [V:/zybo_z7_imx219/zybo_z7_imx219.runs/design_1_v_demosaic_0_0_synth_1/prj/sol/.autopilot/db/v_demosaic.cpp:479]   --->   Operation 509 'sub' 'sub_ln479_2' <Predicate = (icmp_ln439)> <Delay = 1.54> <CoreInst = "Adder">   --->   Core 1 'Adder' <Latency = 0> <II = 1> <Delay = 1.54> <FuncUnit> <Opcode : 'add' 'sub'> <InPorts = 2> <OutPorts = 1>
ST_5 : Operation 510 [1/1] (0.00ns) (grouped into LUT with out node add_ln479)   --->   "%sext_ln61_14 = sext i13 %sub_ln479_2" [C:/AMDDesignTools/2025.2/Vitis/tps/mingw/8.3.0/win64.o/nt\lib\gcc\x86_64-w64-mingw32\8.3.0\include\c++\bits/std_abs.h:61->V:/zybo_z7_imx219/zybo_z7_imx219.runs/design_1_v_demosaic_0_0_synth_1/prj/sol/.autopilot/db/v_demosaic.cpp:479]   --->   Operation 510 'sext' 'sext_ln61_14' <Predicate = (icmp_ln439)> <Delay = 0.00>
ST_5 : Operation 511 [1/1] (0.00ns)   --->   "%trunc_ln61_22 = trunc i13 %sub_ln479_2" [C:/AMDDesignTools/2025.2/Vitis/tps/mingw/8.3.0/win64.o/nt\lib\gcc\x86_64-w64-mingw32\8.3.0\include\c++\bits/std_abs.h:61->V:/zybo_z7_imx219/zybo_z7_imx219.runs/design_1_v_demosaic_0_0_synth_1/prj/sol/.autopilot/db/v_demosaic.cpp:479]   --->   Operation 511 'trunc' 'trunc_ln61_22' <Predicate = (icmp_ln439)> <Delay = 0.00>
ST_5 : Operation 512 [1/1] (0.00ns) (grouped into LUT with out node add_ln479)   --->   "%tmp_43 = bitselect i1 @_ssdm_op_BitSelect.i1.i14.i32, i14 %sext_ln61_14, i32 13" [C:/AMDDesignTools/2025.2/Vitis/tps/mingw/8.3.0/win64.o/nt\lib\gcc\x86_64-w64-mingw32\8.3.0\include\c++\bits/std_abs.h:61->V:/zybo_z7_imx219/zybo_z7_imx219.runs/design_1_v_demosaic_0_0_synth_1/prj/sol/.autopilot/db/v_demosaic.cpp:479]   --->   Operation 512 'bitselect' 'tmp_43' <Predicate = (icmp_ln439)> <Delay = 0.00>
ST_5 : Operation 513 [1/1] (1.54ns)   --->   "%sub_ln61_22 = sub i12 0, i12 %trunc_ln61_22" [C:/AMDDesignTools/2025.2/Vitis/tps/mingw/8.3.0/win64.o/nt\lib\gcc\x86_64-w64-mingw32\8.3.0\include\c++\bits/std_abs.h:61->V:/zybo_z7_imx219/zybo_z7_imx219.runs/design_1_v_demosaic_0_0_synth_1/prj/sol/.autopilot/db/v_demosaic.cpp:479]   --->   Operation 513 'sub' 'sub_ln61_22' <Predicate = (icmp_ln439)> <Delay = 1.54> <CoreInst = "Adder">   --->   Core 1 'Adder' <Latency = 0> <II = 1> <Delay = 1.54> <FuncUnit> <Opcode : 'add' 'sub'> <InPorts = 2> <OutPorts = 1>
ST_5 : Operation 514 [1/1] (0.00ns) (grouped into LUT with out node add_ln479)   --->   "%select_ln61_14 = select i1 %tmp_43, i12 %sub_ln61_22, i12 %trunc_ln61_22" [C:/AMDDesignTools/2025.2/Vitis/tps/mingw/8.3.0/win64.o/nt\lib\gcc\x86_64-w64-mingw32\8.3.0\include\c++\bits/std_abs.h:61->V:/zybo_z7_imx219/zybo_z7_imx219.runs/design_1_v_demosaic_0_0_synth_1/prj/sol/.autopilot/db/v_demosaic.cpp:479]   --->   Operation 514 'select' 'select_ln61_14' <Predicate = (icmp_ln439)> <Delay = 0.00> <CoreInst = "Sel">   --->   Core 73 'Sel' <Latency = 0> <II = 1> <Delay = 0.69> <FuncUnit> <Opcode : 'select'> <InPorts = 3> <OutPorts = 1>
ST_5 : Operation 515 [1/1] (0.00ns) (grouped into LUT with out node add_ln479)   --->   "%zext_ln479_2 = zext i12 %select_ln61_14" [V:/zybo_z7_imx219/zybo_z7_imx219.runs/design_1_v_demosaic_0_0_synth_1/prj/sol/.autopilot/db/v_demosaic.cpp:479]   --->   Operation 515 'zext' 'zext_ln479_2' <Predicate = (icmp_ln439)> <Delay = 0.00>
ST_5 : Operation 516 [1/1] (1.54ns)   --->   "%sub_ln479_3 = sub i13 %sext_ln468_1, i13 %sext_ln479" [V:/zybo_z7_imx219/zybo_z7_imx219.runs/design_1_v_demosaic_0_0_synth_1/prj/sol/.autopilot/db/v_demosaic.cpp:479]   --->   Operation 516 'sub' 'sub_ln479_3' <Predicate = (icmp_ln439)> <Delay = 1.54> <CoreInst = "Adder">   --->   Core 1 'Adder' <Latency = 0> <II = 1> <Delay = 1.54> <FuncUnit> <Opcode : 'add' 'sub'> <InPorts = 2> <OutPorts = 1>
ST_5 : Operation 517 [1/1] (0.00ns) (grouped into LUT with out node add_ln479)   --->   "%sext_ln61_15 = sext i13 %sub_ln479_3" [C:/AMDDesignTools/2025.2/Vitis/tps/mingw/8.3.0/win64.o/nt\lib\gcc\x86_64-w64-mingw32\8.3.0\include\c++\bits/std_abs.h:61->V:/zybo_z7_imx219/zybo_z7_imx219.runs/design_1_v_demosaic_0_0_synth_1/prj/sol/.autopilot/db/v_demosaic.cpp:479]   --->   Operation 517 'sext' 'sext_ln61_15' <Predicate = (icmp_ln439)> <Delay = 0.00>
ST_5 : Operation 518 [1/1] (0.00ns)   --->   "%trunc_ln61_23 = trunc i13 %sub_ln479_3" [C:/AMDDesignTools/2025.2/Vitis/tps/mingw/8.3.0/win64.o/nt\lib\gcc\x86_64-w64-mingw32\8.3.0\include\c++\bits/std_abs.h:61->V:/zybo_z7_imx219/zybo_z7_imx219.runs/design_1_v_demosaic_0_0_synth_1/prj/sol/.autopilot/db/v_demosaic.cpp:479]   --->   Operation 518 'trunc' 'trunc_ln61_23' <Predicate = (icmp_ln439)> <Delay = 0.00>
ST_5 : Operation 519 [1/1] (0.00ns) (grouped into LUT with out node add_ln479)   --->   "%tmp_44 = bitselect i1 @_ssdm_op_BitSelect.i1.i14.i32, i14 %sext_ln61_15, i32 13" [C:/AMDDesignTools/2025.2/Vitis/tps/mingw/8.3.0/win64.o/nt\lib\gcc\x86_64-w64-mingw32\8.3.0\include\c++\bits/std_abs.h:61->V:/zybo_z7_imx219/zybo_z7_imx219.runs/design_1_v_demosaic_0_0_synth_1/prj/sol/.autopilot/db/v_demosaic.cpp:479]   --->   Operation 519 'bitselect' 'tmp_44' <Predicate = (icmp_ln439)> <Delay = 0.00>
ST_5 : Operation 520 [1/1] (1.54ns)   --->   "%sub_ln61_23 = sub i12 0, i12 %trunc_ln61_23" [C:/AMDDesignTools/2025.2/Vitis/tps/mingw/8.3.0/win64.o/nt\lib\gcc\x86_64-w64-mingw32\8.3.0\include\c++\bits/std_abs.h:61->V:/zybo_z7_imx219/zybo_z7_imx219.runs/design_1_v_demosaic_0_0_synth_1/prj/sol/.autopilot/db/v_demosaic.cpp:479]   --->   Operation 520 'sub' 'sub_ln61_23' <Predicate = (icmp_ln439)> <Delay = 1.54> <CoreInst = "Adder">   --->   Core 1 'Adder' <Latency = 0> <II = 1> <Delay = 1.54> <FuncUnit> <Opcode : 'add' 'sub'> <InPorts = 2> <OutPorts = 1>
ST_5 : Operation 521 [1/1] (0.00ns) (grouped into LUT with out node add_ln479)   --->   "%select_ln61_15 = select i1 %tmp_44, i12 %sub_ln61_23, i12 %trunc_ln61_23" [C:/AMDDesignTools/2025.2/Vitis/tps/mingw/8.3.0/win64.o/nt\lib\gcc\x86_64-w64-mingw32\8.3.0\include\c++\bits/std_abs.h:61->V:/zybo_z7_imx219/zybo_z7_imx219.runs/design_1_v_demosaic_0_0_synth_1/prj/sol/.autopilot/db/v_demosaic.cpp:479]   --->   Operation 521 'select' 'select_ln61_15' <Predicate = (icmp_ln439)> <Delay = 0.00> <CoreInst = "Sel">   --->   Core 73 'Sel' <Latency = 0> <II = 1> <Delay = 0.69> <FuncUnit> <Opcode : 'select'> <InPorts = 3> <OutPorts = 1>
ST_5 : Operation 522 [1/1] (0.00ns) (grouped into LUT with out node add_ln479)   --->   "%zext_ln479_3 = zext i12 %select_ln61_15" [V:/zybo_z7_imx219/zybo_z7_imx219.runs/design_1_v_demosaic_0_0_synth_1/prj/sol/.autopilot/db/v_demosaic.cpp:479]   --->   Operation 522 'zext' 'zext_ln479_3' <Predicate = (icmp_ln439)> <Delay = 0.00>
ST_5 : Operation 523 [1/1] (1.54ns) (out node of the LUT)   --->   "%add_ln479 = add i13 %zext_ln479_3, i13 %zext_ln479_2" [V:/zybo_z7_imx219/zybo_z7_imx219.runs/design_1_v_demosaic_0_0_synth_1/prj/sol/.autopilot/db/v_demosaic.cpp:479]   --->   Operation 523 'add' 'add_ln479' <Predicate = (icmp_ln439)> <Delay = 1.54> <CoreInst = "Adder">   --->   Core 1 'Adder' <Latency = 0> <II = 1> <Delay = 1.54> <FuncUnit> <Opcode : 'add' 'sub'> <InPorts = 2> <OutPorts = 1>
ST_5 : Operation 524 [1/1] (0.00ns)   --->   "%zext_ln479_4 = zext i13 %add_ln479" [V:/zybo_z7_imx219/zybo_z7_imx219.runs/design_1_v_demosaic_0_0_synth_1/prj/sol/.autopilot/db/v_demosaic.cpp:479]   --->   Operation 524 'zext' 'zext_ln479_4' <Predicate = (icmp_ln439)> <Delay = 0.00>
ST_5 : Operation 525 [1/1] (1.54ns) (out node of the LUT)   --->   "%add_ln479_1 = add i13 %zext_ln479_1, i13 %zext_ln479" [V:/zybo_z7_imx219/zybo_z7_imx219.runs/design_1_v_demosaic_0_0_synth_1/prj/sol/.autopilot/db/v_demosaic.cpp:479]   --->   Operation 525 'add' 'add_ln479_1' <Predicate = (icmp_ln439)> <Delay = 1.54> <CoreInst = "Adder">   --->   Core 1 'Adder' <Latency = 0> <II = 1> <Delay = 1.54> <FuncUnit> <Opcode : 'add' 'sub'> <InPorts = 2> <OutPorts = 1>
ST_5 : Operation 526 [1/1] (0.00ns)   --->   "%zext_ln479_5 = zext i13 %add_ln479_1" [V:/zybo_z7_imx219/zybo_z7_imx219.runs/design_1_v_demosaic_0_0_synth_1/prj/sol/.autopilot/db/v_demosaic.cpp:479]   --->   Operation 526 'zext' 'zext_ln479_5' <Predicate = (icmp_ln439)> <Delay = 0.00>
ST_5 : Operation 527 [1/1] (1.67ns)   --->   "%add_ln479_2 = add i14 %zext_ln479_5, i14 %zext_ln479_4" [V:/zybo_z7_imx219/zybo_z7_imx219.runs/design_1_v_demosaic_0_0_synth_1/prj/sol/.autopilot/db/v_demosaic.cpp:479]   --->   Operation 527 'add' 'add_ln479_2' <Predicate = (icmp_ln439)> <Delay = 1.67> <CoreInst = "Adder">   --->   Core 1 'Adder' <Latency = 0> <II = 1> <Delay = 1.67> <FuncUnit> <Opcode : 'add' 'sub'> <InPorts = 2> <OutPorts = 1>
ST_5 : Operation 528 [1/1] (0.00ns)   --->   "%var_3 = partselect i13 @_ssdm_op_PartSelect.i13.i14.i32.i32, i14 %add_ln479_2, i32 1, i32 13" [V:/zybo_z7_imx219/zybo_z7_imx219.runs/design_1_v_demosaic_0_0_synth_1/prj/sol/.autopilot/db/v_demosaic.cpp:479]   --->   Operation 528 'partselect' 'var_3' <Predicate = (icmp_ln439)> <Delay = 0.00>

State 6 <SV = 5> <Delay = 6.66>
ST_6 : Operation 529 [1/1] (0.00ns)   --->   "%zext_ln483_2 = zext i10 %SD" [V:/zybo_z7_imx219/zybo_z7_imx219.runs/design_1_v_demosaic_0_0_synth_1/prj/sol/.autopilot/db/v_demosaic.cpp:483]   --->   Operation 529 'zext' 'zext_ln483_2' <Predicate = (icmp_ln439)> <Delay = 0.00>
ST_6 : Operation 530 [1/1] (0.00ns)   --->   "%zext_ln484_2 = zext i10 %SD_1" [V:/zybo_z7_imx219/zybo_z7_imx219.runs/design_1_v_demosaic_0_0_synth_1/prj/sol/.autopilot/db/v_demosaic.cpp:484]   --->   Operation 530 'zext' 'zext_ln484_2' <Predicate = (icmp_ln439)> <Delay = 0.00>
ST_6 : Operation 531 [1/1] (1.73ns)   --->   "%add_ln492 = add i11 %zext_ln483_2, i11 1" [V:/zybo_z7_imx219/zybo_z7_imx219.runs/design_1_v_demosaic_0_0_synth_1/prj/sol/.autopilot/db/v_demosaic.cpp:492]   --->   Operation 531 'add' 'add_ln492' <Predicate = (icmp_ln439)> <Delay = 1.73> <CoreInst = "Adder">   --->   Core 1 'Adder' <Latency = 0> <II = 1> <Delay = 1.73> <FuncUnit> <Opcode : 'add' 'sub'> <InPorts = 2> <OutPorts = 1>
ST_6 : Operation 532 [1/1] (0.00ns)   --->   "%zext_ln492 = zext i11 %add_ln492" [V:/zybo_z7_imx219/zybo_z7_imx219.runs/design_1_v_demosaic_0_0_synth_1/prj/sol/.autopilot/db/v_demosaic.cpp:492]   --->   Operation 532 'zext' 'zext_ln492' <Predicate = (icmp_ln439)> <Delay = 0.00>
ST_6 : Operation 533 [1/1] (1.67ns)   --->   "%add_ln492_1 = add i13 %zext_ln492, i13 %var" [V:/zybo_z7_imx219/zybo_z7_imx219.runs/design_1_v_demosaic_0_0_synth_1/prj/sol/.autopilot/db/v_demosaic.cpp:492]   --->   Operation 533 'add' 'add_ln492_1' <Predicate = (icmp_ln439)> <Delay = 1.67> <CoreInst = "Adder">   --->   Core 1 'Adder' <Latency = 0> <II = 1> <Delay = 1.67> <FuncUnit> <Opcode : 'add' 'sub'> <InPorts = 2> <OutPorts = 1>
ST_6 : Operation 534 [1/1] (0.00ns)   --->   "%lshr_ln = partselect i10 @_ssdm_op_PartSelect.i10.i13.i32.i32, i13 %add_ln492_1, i32 3, i32 12" [V:/zybo_z7_imx219/zybo_z7_imx219.runs/design_1_v_demosaic_0_0_synth_1/prj/sol/.autopilot/db/v_demosaic.cpp:492]   --->   Operation 534 'partselect' 'lshr_ln' <Predicate = (icmp_ln439)> <Delay = 0.00>
ST_6 : Operation 535 [1/1] (0.00ns)   --->   "%zext_ln493 = zext i10 %lshr_ln" [V:/zybo_z7_imx219/zybo_z7_imx219.runs/design_1_v_demosaic_0_0_synth_1/prj/sol/.autopilot/db/v_demosaic.cpp:493]   --->   Operation 535 'zext' 'zext_ln493' <Predicate = (icmp_ln439)> <Delay = 0.00>
ST_6 : Operation 536 [1/1] (0.00ns)   --->   "%DIV1_TABLE_addr = getelementptr i10 %DIV1_TABLE, i64 0, i64 %zext_ln493" [V:/zybo_z7_imx219/zybo_z7_imx219.runs/design_1_v_demosaic_0_0_synth_1/prj/sol/.autopilot/db/v_demosaic.cpp:493]   --->   Operation 536 'getelementptr' 'DIV1_TABLE_addr' <Predicate = (icmp_ln439)> <Delay = 0.00>
ST_6 : Operation 537 [2/2] (3.25ns)   --->   "%DIV1_TABLE_load = load i10 %DIV1_TABLE_addr" [V:/zybo_z7_imx219/zybo_z7_imx219.runs/design_1_v_demosaic_0_0_synth_1/prj/sol/.autopilot/db/v_demosaic.cpp:493]   --->   Operation 537 'load' 'DIV1_TABLE_load' <Predicate = (icmp_ln439)> <Delay = 3.25> <CoreInst = "ROM">   --->   Core 94 'ROM' <Latency = 1> <II = 1> <Delay = 3.25> <Storage> <Opcode : 'load'> <Ports = 0> <Width = 10> <Depth = 1024> <ROM>
ST_6 : Operation 538 [1/1] (1.73ns)   --->   "%add_ln492_2 = add i11 %zext_ln484_2, i11 1" [V:/zybo_z7_imx219/zybo_z7_imx219.runs/design_1_v_demosaic_0_0_synth_1/prj/sol/.autopilot/db/v_demosaic.cpp:492]   --->   Operation 538 'add' 'add_ln492_2' <Predicate = (icmp_ln439)> <Delay = 1.73> <CoreInst = "Adder">   --->   Core 1 'Adder' <Latency = 0> <II = 1> <Delay = 1.73> <FuncUnit> <Opcode : 'add' 'sub'> <InPorts = 2> <OutPorts = 1>
ST_6 : Operation 539 [1/1] (0.00ns)   --->   "%zext_ln492_1 = zext i11 %add_ln492_2" [V:/zybo_z7_imx219/zybo_z7_imx219.runs/design_1_v_demosaic_0_0_synth_1/prj/sol/.autopilot/db/v_demosaic.cpp:492]   --->   Operation 539 'zext' 'zext_ln492_1' <Predicate = (icmp_ln439)> <Delay = 0.00>
ST_6 : Operation 540 [1/1] (1.67ns)   --->   "%add_ln492_3 = add i13 %zext_ln492_1, i13 %var_1" [V:/zybo_z7_imx219/zybo_z7_imx219.runs/design_1_v_demosaic_0_0_synth_1/prj/sol/.autopilot/db/v_demosaic.cpp:492]   --->   Operation 540 'add' 'add_ln492_3' <Predicate = (icmp_ln439)> <Delay = 1.67> <CoreInst = "Adder">   --->   Core 1 'Adder' <Latency = 0> <II = 1> <Delay = 1.67> <FuncUnit> <Opcode : 'add' 'sub'> <InPorts = 2> <OutPorts = 1>
ST_6 : Operation 541 [1/1] (0.00ns)   --->   "%lshr_ln492_1 = partselect i10 @_ssdm_op_PartSelect.i10.i13.i32.i32, i13 %add_ln492_3, i32 3, i32 12" [V:/zybo_z7_imx219/zybo_z7_imx219.runs/design_1_v_demosaic_0_0_synth_1/prj/sol/.autopilot/db/v_demosaic.cpp:492]   --->   Operation 541 'partselect' 'lshr_ln492_1' <Predicate = (icmp_ln439)> <Delay = 0.00>
ST_6 : Operation 542 [1/1] (0.00ns)   --->   "%zext_ln493_1 = zext i10 %lshr_ln492_1" [V:/zybo_z7_imx219/zybo_z7_imx219.runs/design_1_v_demosaic_0_0_synth_1/prj/sol/.autopilot/db/v_demosaic.cpp:493]   --->   Operation 542 'zext' 'zext_ln493_1' <Predicate = (icmp_ln439)> <Delay = 0.00>
ST_6 : Operation 543 [1/1] (0.00ns)   --->   "%DIV1_TABLE_addr_1 = getelementptr i10 %DIV1_TABLE, i64 0, i64 %zext_ln493_1" [V:/zybo_z7_imx219/zybo_z7_imx219.runs/design_1_v_demosaic_0_0_synth_1/prj/sol/.autopilot/db/v_demosaic.cpp:493]   --->   Operation 543 'getelementptr' 'DIV1_TABLE_addr_1' <Predicate = (icmp_ln439)> <Delay = 0.00>
ST_6 : Operation 544 [2/2] (3.25ns)   --->   "%DIV1_TABLE_load_1 = load i10 %DIV1_TABLE_addr_1" [V:/zybo_z7_imx219/zybo_z7_imx219.runs/design_1_v_demosaic_0_0_synth_1/prj/sol/.autopilot/db/v_demosaic.cpp:493]   --->   Operation 544 'load' 'DIV1_TABLE_load_1' <Predicate = (icmp_ln439)> <Delay = 3.25> <CoreInst = "ROM">   --->   Core 94 'ROM' <Latency = 1> <II = 1> <Delay = 3.25> <Storage> <Opcode : 'load'> <Ports = 0> <Width = 10> <Depth = 1024> <ROM>
ST_6 : Operation 545 [1/1] (1.67ns)   --->   "%add_ln492_4 = add i13 %zext_ln492_1, i13 %var_2" [V:/zybo_z7_imx219/zybo_z7_imx219.runs/design_1_v_demosaic_0_0_synth_1/prj/sol/.autopilot/db/v_demosaic.cpp:492]   --->   Operation 545 'add' 'add_ln492_4' <Predicate = (icmp_ln439)> <Delay = 1.67> <CoreInst = "Adder">   --->   Core 1 'Adder' <Latency = 0> <II = 1> <Delay = 1.67> <FuncUnit> <Opcode : 'add' 'sub'> <InPorts = 2> <OutPorts = 1>
ST_6 : Operation 546 [1/1] (0.00ns)   --->   "%lshr_ln492_2 = partselect i10 @_ssdm_op_PartSelect.i10.i13.i32.i32, i13 %add_ln492_4, i32 3, i32 12" [V:/zybo_z7_imx219/zybo_z7_imx219.runs/design_1_v_demosaic_0_0_synth_1/prj/sol/.autopilot/db/v_demosaic.cpp:492]   --->   Operation 546 'partselect' 'lshr_ln492_2' <Predicate = (icmp_ln439)> <Delay = 0.00>
ST_6 : Operation 547 [1/1] (0.00ns)   --->   "%zext_ln493_2 = zext i10 %lshr_ln492_2" [V:/zybo_z7_imx219/zybo_z7_imx219.runs/design_1_v_demosaic_0_0_synth_1/prj/sol/.autopilot/db/v_demosaic.cpp:493]   --->   Operation 547 'zext' 'zext_ln493_2' <Predicate = (icmp_ln439)> <Delay = 0.00>
ST_6 : Operation 548 [1/1] (0.00ns)   --->   "%DIV1_TABLE_addr_2 = getelementptr i10 %DIV1_TABLE, i64 0, i64 %zext_ln493_2" [V:/zybo_z7_imx219/zybo_z7_imx219.runs/design_1_v_demosaic_0_0_synth_1/prj/sol/.autopilot/db/v_demosaic.cpp:493]   --->   Operation 548 'getelementptr' 'DIV1_TABLE_addr_2' <Predicate = (icmp_ln439)> <Delay = 0.00>
ST_6 : Operation 549 [2/2] (3.25ns)   --->   "%DIV1_TABLE_load_2 = load i10 %DIV1_TABLE_addr_2" [V:/zybo_z7_imx219/zybo_z7_imx219.runs/design_1_v_demosaic_0_0_synth_1/prj/sol/.autopilot/db/v_demosaic.cpp:493]   --->   Operation 549 'load' 'DIV1_TABLE_load_2' <Predicate = (icmp_ln439)> <Delay = 3.25> <CoreInst = "ROM">   --->   Core 94 'ROM' <Latency = 1> <II = 1> <Delay = 3.25> <Storage> <Opcode : 'load'> <Ports = 0> <Width = 10> <Depth = 1024> <ROM>
ST_6 : Operation 550 [1/1] (1.67ns)   --->   "%add_ln492_5 = add i13 %zext_ln492, i13 %var_3" [V:/zybo_z7_imx219/zybo_z7_imx219.runs/design_1_v_demosaic_0_0_synth_1/prj/sol/.autopilot/db/v_demosaic.cpp:492]   --->   Operation 550 'add' 'add_ln492_5' <Predicate = (icmp_ln439)> <Delay = 1.67> <CoreInst = "Adder">   --->   Core 1 'Adder' <Latency = 0> <II = 1> <Delay = 1.67> <FuncUnit> <Opcode : 'add' 'sub'> <InPorts = 2> <OutPorts = 1>
ST_6 : Operation 551 [1/1] (0.00ns)   --->   "%lshr_ln492_3 = partselect i10 @_ssdm_op_PartSelect.i10.i13.i32.i32, i13 %add_ln492_5, i32 3, i32 12" [V:/zybo_z7_imx219/zybo_z7_imx219.runs/design_1_v_demosaic_0_0_synth_1/prj/sol/.autopilot/db/v_demosaic.cpp:492]   --->   Operation 551 'partselect' 'lshr_ln492_3' <Predicate = (icmp_ln439)> <Delay = 0.00>
ST_6 : Operation 552 [1/1] (0.00ns)   --->   "%zext_ln493_3 = zext i10 %lshr_ln492_3" [V:/zybo_z7_imx219/zybo_z7_imx219.runs/design_1_v_demosaic_0_0_synth_1/prj/sol/.autopilot/db/v_demosaic.cpp:493]   --->   Operation 552 'zext' 'zext_ln493_3' <Predicate = (icmp_ln439)> <Delay = 0.00>
ST_6 : Operation 553 [1/1] (0.00ns)   --->   "%DIV1_TABLE_addr_3 = getelementptr i10 %DIV1_TABLE, i64 0, i64 %zext_ln493_3" [V:/zybo_z7_imx219/zybo_z7_imx219.runs/design_1_v_demosaic_0_0_synth_1/prj/sol/.autopilot/db/v_demosaic.cpp:493]   --->   Operation 553 'getelementptr' 'DIV1_TABLE_addr_3' <Predicate = (icmp_ln439)> <Delay = 0.00>
ST_6 : Operation 554 [2/2] (3.25ns)   --->   "%DIV1_TABLE_load_3 = load i10 %DIV1_TABLE_addr_3" [V:/zybo_z7_imx219/zybo_z7_imx219.runs/design_1_v_demosaic_0_0_synth_1/prj/sol/.autopilot/db/v_demosaic.cpp:493]   --->   Operation 554 'load' 'DIV1_TABLE_load_3' <Predicate = (icmp_ln439)> <Delay = 3.25> <CoreInst = "ROM">   --->   Core 94 'ROM' <Latency = 1> <II = 1> <Delay = 3.25> <Storage> <Opcode : 'load'> <Ports = 0> <Width = 10> <Depth = 1024> <ROM>

State 7 <SV = 6> <Delay = 5.16>
ST_7 : Operation 555 [1/2] ( I:3.25ns O:3.25ns )   --->   "%DIV1_TABLE_load = load i10 %DIV1_TABLE_addr" [V:/zybo_z7_imx219/zybo_z7_imx219.runs/design_1_v_demosaic_0_0_synth_1/prj/sol/.autopilot/db/v_demosaic.cpp:493]   --->   Operation 555 'load' 'DIV1_TABLE_load' <Predicate = (icmp_ln439)> <Delay = 3.25> <CoreInst = "ROM">   --->   Core 94 'ROM' <Latency = 1> <II = 1> <Delay = 3.25> <Storage> <Opcode : 'load'> <Ports = 0> <Width = 10> <Depth = 1024> <ROM>
ST_7 : Operation 556 [1/1] (0.00ns)   --->   "%sw = partselect i9 @_ssdm_op_PartSelect.i9.i10.i32.i32, i10 %DIV1_TABLE_load, i32 1, i32 9" [V:/zybo_z7_imx219/zybo_z7_imx219.runs/design_1_v_demosaic_0_0_synth_1/prj/sol/.autopilot/db/v_demosaic.cpp:494]   --->   Operation 556 'partselect' 'sw' <Predicate = (icmp_ln439)> <Delay = 0.00>
ST_7 : Operation 557 [1/2] ( I:3.25ns O:3.25ns )   --->   "%DIV1_TABLE_load_1 = load i10 %DIV1_TABLE_addr_1" [V:/zybo_z7_imx219/zybo_z7_imx219.runs/design_1_v_demosaic_0_0_synth_1/prj/sol/.autopilot/db/v_demosaic.cpp:493]   --->   Operation 557 'load' 'DIV1_TABLE_load_1' <Predicate = (icmp_ln439)> <Delay = 3.25> <CoreInst = "ROM">   --->   Core 94 'ROM' <Latency = 1> <II = 1> <Delay = 3.25> <Storage> <Opcode : 'load'> <Ports = 0> <Width = 10> <Depth = 1024> <ROM>
ST_7 : Operation 558 [1/1] (0.00ns)   --->   "%lshr_ln1 = partselect i8 @_ssdm_op_PartSelect.i8.i10.i32.i32, i10 %DIV1_TABLE_load_1, i32 2, i32 9" [V:/zybo_z7_imx219/zybo_z7_imx219.runs/design_1_v_demosaic_0_0_synth_1/prj/sol/.autopilot/db/v_demosaic.cpp:494]   --->   Operation 558 'partselect' 'lshr_ln1' <Predicate = (icmp_ln439)> <Delay = 0.00>
ST_7 : Operation 559 [1/1] (0.00ns)   --->   "%zext_ln492_2 = zext i8 %lshr_ln1" [V:/zybo_z7_imx219/zybo_z7_imx219.runs/design_1_v_demosaic_0_0_synth_1/prj/sol/.autopilot/db/v_demosaic.cpp:492]   --->   Operation 559 'zext' 'zext_ln492_2' <Predicate = (icmp_ln439)> <Delay = 0.00>
ST_7 : Operation 560 [1/2] ( I:3.25ns O:3.25ns )   --->   "%DIV1_TABLE_load_2 = load i10 %DIV1_TABLE_addr_2" [V:/zybo_z7_imx219/zybo_z7_imx219.runs/design_1_v_demosaic_0_0_synth_1/prj/sol/.autopilot/db/v_demosaic.cpp:493]   --->   Operation 560 'load' 'DIV1_TABLE_load_2' <Predicate = (icmp_ln439)> <Delay = 3.25> <CoreInst = "ROM">   --->   Core 94 'ROM' <Latency = 1> <II = 1> <Delay = 3.25> <Storage> <Opcode : 'load'> <Ports = 0> <Width = 10> <Depth = 1024> <ROM>
ST_7 : Operation 561 [1/1] (0.00ns)   --->   "%lshr_ln494_1 = partselect i8 @_ssdm_op_PartSelect.i8.i10.i32.i32, i10 %DIV1_TABLE_load_2, i32 2, i32 9" [V:/zybo_z7_imx219/zybo_z7_imx219.runs/design_1_v_demosaic_0_0_synth_1/prj/sol/.autopilot/db/v_demosaic.cpp:494]   --->   Operation 561 'partselect' 'lshr_ln494_1' <Predicate = (icmp_ln439)> <Delay = 0.00>
ST_7 : Operation 562 [1/1] (0.00ns)   --->   "%zext_ln492_3 = zext i8 %lshr_ln494_1" [V:/zybo_z7_imx219/zybo_z7_imx219.runs/design_1_v_demosaic_0_0_synth_1/prj/sol/.autopilot/db/v_demosaic.cpp:492]   --->   Operation 562 'zext' 'zext_ln492_3' <Predicate = (icmp_ln439)> <Delay = 0.00>
ST_7 : Operation 563 [1/2] ( I:3.25ns O:3.25ns )   --->   "%DIV1_TABLE_load_3 = load i10 %DIV1_TABLE_addr_3" [V:/zybo_z7_imx219/zybo_z7_imx219.runs/design_1_v_demosaic_0_0_synth_1/prj/sol/.autopilot/db/v_demosaic.cpp:493]   --->   Operation 563 'load' 'DIV1_TABLE_load_3' <Predicate = (icmp_ln439)> <Delay = 3.25> <CoreInst = "ROM">   --->   Core 94 'ROM' <Latency = 1> <II = 1> <Delay = 3.25> <Storage> <Opcode : 'load'> <Ports = 0> <Width = 10> <Depth = 1024> <ROM>
ST_7 : Operation 564 [1/1] (0.00ns)   --->   "%lshr_ln494_2 = partselect i9 @_ssdm_op_PartSelect.i9.i10.i32.i32, i10 %DIV1_TABLE_load_3, i32 1, i32 9" [V:/zybo_z7_imx219/zybo_z7_imx219.runs/design_1_v_demosaic_0_0_synth_1/prj/sol/.autopilot/db/v_demosaic.cpp:494]   --->   Operation 564 'partselect' 'lshr_ln494_2' <Predicate = (icmp_ln439)> <Delay = 0.00>
ST_7 : Operation 565 [1/1] (1.91ns)   --->   "%add_ln495 = add i9 %zext_ln492_2, i9 %zext_ln492_3" [V:/zybo_z7_imx219/zybo_z7_imx219.runs/design_1_v_demosaic_0_0_synth_1/prj/sol/.autopilot/db/v_demosaic.cpp:495]   --->   Operation 565 'add' 'add_ln495' <Predicate = (icmp_ln439)> <Delay = 1.91> <CoreInst = "Adder">   --->   Core 1 'Adder' <Latency = 0> <II = 1> <Delay = 1.91> <FuncUnit> <Opcode : 'add' 'sub'> <InPorts = 2> <OutPorts = 1>

State 8 <SV = 7> <Delay = 6.80>
ST_8 : Operation 566 [1/1] (0.00ns)   --->   "%zext_ln494 = zext i9 %sw" [V:/zybo_z7_imx219/zybo_z7_imx219.runs/design_1_v_demosaic_0_0_synth_1/prj/sol/.autopilot/db/v_demosaic.cpp:494]   --->   Operation 566 'zext' 'zext_ln494' <Predicate = (icmp_ln439)> <Delay = 0.00>
ST_8 : Operation 567 [1/1] (0.00ns)   --->   "%zext_ln495 = zext i9 %lshr_ln494_2" [V:/zybo_z7_imx219/zybo_z7_imx219.runs/design_1_v_demosaic_0_0_synth_1/prj/sol/.autopilot/db/v_demosaic.cpp:495]   --->   Operation 567 'zext' 'zext_ln495' <Predicate = (icmp_ln439)> <Delay = 0.00>
ST_8 : Operation 568 [1/1] (0.00ns)   --->   "%zext_ln495_2 = zext i9 %add_ln495" [V:/zybo_z7_imx219/zybo_z7_imx219.runs/design_1_v_demosaic_0_0_synth_1/prj/sol/.autopilot/db/v_demosaic.cpp:495]   --->   Operation 568 'zext' 'zext_ln495_2' <Predicate = (icmp_ln439)> <Delay = 0.00>
ST_8 : Operation 569 [1/1] (1.82ns)   --->   "%add_ln495_1 = add i10 %zext_ln495_2, i10 %zext_ln494" [V:/zybo_z7_imx219/zybo_z7_imx219.runs/design_1_v_demosaic_0_0_synth_1/prj/sol/.autopilot/db/v_demosaic.cpp:495]   --->   Operation 569 'add' 'add_ln495_1' <Predicate = (icmp_ln439)> <Delay = 1.82> <CoreInst = "Adder">   --->   Core 1 'Adder' <Latency = 0> <II = 1> <Delay = 1.82> <FuncUnit> <Opcode : 'add' 'sub'> <InPorts = 2> <OutPorts = 1>
ST_8 : Operation 570 [1/1] (0.00ns)   --->   "%zext_ln495_1 = zext i10 %add_ln495_1" [V:/zybo_z7_imx219/zybo_z7_imx219.runs/design_1_v_demosaic_0_0_synth_1/prj/sol/.autopilot/db/v_demosaic.cpp:495]   --->   Operation 570 'zext' 'zext_ln495_1' <Predicate = (icmp_ln439)> <Delay = 0.00>
ST_8 : Operation 571 [1/1] (1.73ns)   --->   "%sw_1 = add i11 %zext_ln495_1, i11 %zext_ln495" [V:/zybo_z7_imx219/zybo_z7_imx219.runs/design_1_v_demosaic_0_0_synth_1/prj/sol/.autopilot/db/v_demosaic.cpp:495]   --->   Operation 571 'add' 'sw_1' <Predicate = (icmp_ln439)> <Delay = 1.73> <CoreInst = "Adder">   --->   Core 1 'Adder' <Latency = 0> <II = 1> <Delay = 1.73> <FuncUnit> <Opcode : 'add' 'sub'> <InPorts = 2> <OutPorts = 1>
ST_8 : Operation 572 [1/1] (0.00ns)   --->   "%zext_ln497 = zext i11 %sw_1" [V:/zybo_z7_imx219/zybo_z7_imx219.runs/design_1_v_demosaic_0_0_synth_1/prj/sol/.autopilot/db/v_demosaic.cpp:497]   --->   Operation 572 'zext' 'zext_ln497' <Predicate = (icmp_ln439)> <Delay = 0.00>
ST_8 : Operation 573 [1/1] (0.00ns)   --->   "%DIV2_TABLE_addr = getelementptr i18 %DIV2_TABLE, i64 0, i64 %zext_ln497" [V:/zybo_z7_imx219/zybo_z7_imx219.runs/design_1_v_demosaic_0_0_synth_1/prj/sol/.autopilot/db/v_demosaic.cpp:497]   --->   Operation 573 'getelementptr' 'DIV2_TABLE_addr' <Predicate = (icmp_ln439)> <Delay = 0.00>
ST_8 : Operation 574 [2/2] (3.25ns)   --->   "%norm = load i12 %DIV2_TABLE_addr" [V:/zybo_z7_imx219/zybo_z7_imx219.runs/design_1_v_demosaic_0_0_synth_1/prj/sol/.autopilot/db/v_demosaic.cpp:497]   --->   Operation 574 'load' 'norm' <Predicate = (icmp_ln439)> <Delay = 3.25> <CoreInst = "ROM">   --->   Core 94 'ROM' <Latency = 1> <II = 1> <Delay = 3.25> <Storage> <Opcode : 'load'> <Ports = 0> <Width = 18> <Depth = 4096> <ROM>

State 9 <SV = 8> <Delay = 3.25>
ST_9 : Operation 575 [1/2] ( I:3.25ns O:3.25ns )   --->   "%norm = load i12 %DIV2_TABLE_addr" [V:/zybo_z7_imx219/zybo_z7_imx219.runs/design_1_v_demosaic_0_0_synth_1/prj/sol/.autopilot/db/v_demosaic.cpp:497]   --->   Operation 575 'load' 'norm' <Predicate = (icmp_ln439)> <Delay = 3.25> <CoreInst = "ROM">   --->   Core 94 'ROM' <Latency = 1> <II = 1> <Delay = 3.25> <Storage> <Opcode : 'load'> <Ports = 0> <Width = 18> <Depth = 4096> <ROM>

State 10 <SV = 9> <Delay = 6.64>
ST_10 : Operation 576 [1/1] (0.00ns)   --->   "%sext_ln472 = sext i14 %ave" [V:/zybo_z7_imx219/zybo_z7_imx219.runs/design_1_v_demosaic_0_0_synth_1/prj/sol/.autopilot/db/v_demosaic.cpp:472]   --->   Operation 576 'sext' 'sext_ln472' <Predicate = (icmp_ln439)> <Delay = 0.00>
ST_10 : Operation 577 [1/1] (0.00ns)   --->   "%sext_ln472_3 = sext i14 %ave_3" [V:/zybo_z7_imx219/zybo_z7_imx219.runs/design_1_v_demosaic_0_0_synth_1/prj/sol/.autopilot/db/v_demosaic.cpp:472]   --->   Operation 577 'sext' 'sext_ln472_3' <Predicate = (icmp_ln439)> <Delay = 0.00>
ST_10 : Operation 578 [1/1] (0.00ns)   --->   "%zext_ln501 = zext i9 %sw" [V:/zybo_z7_imx219/zybo_z7_imx219.runs/design_1_v_demosaic_0_0_synth_1/prj/sol/.autopilot/db/v_demosaic.cpp:501]   --->   Operation 578 'zext' 'zext_ln501' <Predicate = (icmp_ln439)> <Delay = 0.00>
ST_10 : Operation 579 [1/1] (5.59ns)   --->   "%mul_ln501 = mul i18 %norm, i18 %zext_ln501" [V:/zybo_z7_imx219/zybo_z7_imx219.runs/design_1_v_demosaic_0_0_synth_1/prj/sol/.autopilot/db/v_demosaic.cpp:501]   --->   Operation 579 'mul' 'mul_ln501' <Predicate = (icmp_ln439)> <Delay = 5.59> <CoreInst = "Multiplier">   --->   Core 3 'Multiplier' <Latency = 0> <II = 1> <Delay = 5.59> <FuncUnit> <Opcode : 'mul'> <InPorts = 2> <OutPorts = 1>
ST_10 : Operation 580 [1/1] (0.00ns)   --->   "%lshr_ln2 = partselect i10 @_ssdm_op_PartSelect.i10.i18.i32.i32, i18 %mul_ln501, i32 8, i32 17" [V:/zybo_z7_imx219/zybo_z7_imx219.runs/design_1_v_demosaic_0_0_synth_1/prj/sol/.autopilot/db/v_demosaic.cpp:501]   --->   Operation 580 'partselect' 'lshr_ln2' <Predicate = (icmp_ln439)> <Delay = 0.00>
ST_10 : Operation 581 [1/1] (0.00ns)   --->   "%zext_ln501_1 = zext i8 %lshr_ln1" [V:/zybo_z7_imx219/zybo_z7_imx219.runs/design_1_v_demosaic_0_0_synth_1/prj/sol/.autopilot/db/v_demosaic.cpp:501]   --->   Operation 581 'zext' 'zext_ln501_1' <Predicate = (icmp_ln439)> <Delay = 0.00>
ST_10 : Operation 582 [1/1] (5.59ns)   --->   "%mul_ln501_1 = mul i18 %norm, i18 %zext_ln501_1" [V:/zybo_z7_imx219/zybo_z7_imx219.runs/design_1_v_demosaic_0_0_synth_1/prj/sol/.autopilot/db/v_demosaic.cpp:501]   --->   Operation 582 'mul' 'mul_ln501_1' <Predicate = (icmp_ln439)> <Delay = 5.59> <CoreInst = "Multiplier">   --->   Core 3 'Multiplier' <Latency = 0> <II = 1> <Delay = 5.59> <FuncUnit> <Opcode : 'mul'> <InPorts = 2> <OutPorts = 1>
ST_10 : Operation 583 [1/1] (0.00ns)   --->   "%lshr_ln501_1 = partselect i10 @_ssdm_op_PartSelect.i10.i18.i32.i32, i18 %mul_ln501_1, i32 8, i32 17" [V:/zybo_z7_imx219/zybo_z7_imx219.runs/design_1_v_demosaic_0_0_synth_1/prj/sol/.autopilot/db/v_demosaic.cpp:501]   --->   Operation 583 'partselect' 'lshr_ln501_1' <Predicate = (icmp_ln439)> <Delay = 0.00>
ST_10 : Operation 584 [1/1] (0.00ns)   --->   "%zext_ln501_2 = zext i8 %lshr_ln494_1" [V:/zybo_z7_imx219/zybo_z7_imx219.runs/design_1_v_demosaic_0_0_synth_1/prj/sol/.autopilot/db/v_demosaic.cpp:501]   --->   Operation 584 'zext' 'zext_ln501_2' <Predicate = (icmp_ln439)> <Delay = 0.00>
ST_10 : Operation 585 [1/1] (5.59ns)   --->   "%mul_ln501_2 = mul i18 %norm, i18 %zext_ln501_2" [V:/zybo_z7_imx219/zybo_z7_imx219.runs/design_1_v_demosaic_0_0_synth_1/prj/sol/.autopilot/db/v_demosaic.cpp:501]   --->   Operation 585 'mul' 'mul_ln501_2' <Predicate = (icmp_ln439)> <Delay = 5.59> <CoreInst = "Multiplier">   --->   Core 3 'Multiplier' <Latency = 0> <II = 1> <Delay = 5.59> <FuncUnit> <Opcode : 'mul'> <InPorts = 2> <OutPorts = 1>
ST_10 : Operation 586 [1/1] (0.00ns)   --->   "%lshr_ln501_2 = partselect i10 @_ssdm_op_PartSelect.i10.i18.i32.i32, i18 %mul_ln501_2, i32 8, i32 17" [V:/zybo_z7_imx219/zybo_z7_imx219.runs/design_1_v_demosaic_0_0_synth_1/prj/sol/.autopilot/db/v_demosaic.cpp:501]   --->   Operation 586 'partselect' 'lshr_ln501_2' <Predicate = (icmp_ln439)> <Delay = 0.00>
ST_10 : Operation 587 [1/1] (0.00ns)   --->   "%zext_ln501_3 = zext i9 %lshr_ln494_2" [V:/zybo_z7_imx219/zybo_z7_imx219.runs/design_1_v_demosaic_0_0_synth_1/prj/sol/.autopilot/db/v_demosaic.cpp:501]   --->   Operation 587 'zext' 'zext_ln501_3' <Predicate = (icmp_ln439)> <Delay = 0.00>
ST_10 : Operation 588 [1/1] (5.59ns)   --->   "%mul_ln501_3 = mul i18 %norm, i18 %zext_ln501_3" [V:/zybo_z7_imx219/zybo_z7_imx219.runs/design_1_v_demosaic_0_0_synth_1/prj/sol/.autopilot/db/v_demosaic.cpp:501]   --->   Operation 588 'mul' 'mul_ln501_3' <Predicate = (icmp_ln439)> <Delay = 5.59> <CoreInst = "Multiplier">   --->   Core 3 'Multiplier' <Latency = 0> <II = 1> <Delay = 5.59> <FuncUnit> <Opcode : 'mul'> <InPorts = 2> <OutPorts = 1>
ST_10 : Operation 589 [1/1] (0.00ns)   --->   "%lshr_ln501_3 = partselect i10 @_ssdm_op_PartSelect.i10.i18.i32.i32, i18 %mul_ln501_3, i32 8, i32 17" [V:/zybo_z7_imx219/zybo_z7_imx219.runs/design_1_v_demosaic_0_0_synth_1/prj/sol/.autopilot/db/v_demosaic.cpp:501]   --->   Operation 589 'partselect' 'lshr_ln501_3' <Predicate = (icmp_ln439)> <Delay = 0.00>
ST_10 : Operation 590 [1/1] (0.00ns)   --->   "%zext_ln504 = zext i10 %lshr_ln501_3" [V:/zybo_z7_imx219/zybo_z7_imx219.runs/design_1_v_demosaic_0_0_synth_1/prj/sol/.autopilot/db/v_demosaic.cpp:504]   --->   Operation 590 'zext' 'zext_ln504' <Predicate = (icmp_ln439)> <Delay = 0.00>
ST_10 : Operation 591 [1/1] (0.00ns)   --->   "%zext_ln504_2 = zext i10 %lshr_ln2" [V:/zybo_z7_imx219/zybo_z7_imx219.runs/design_1_v_demosaic_0_0_synth_1/prj/sol/.autopilot/db/v_demosaic.cpp:504]   --->   Operation 591 'zext' 'zext_ln504_2' <Predicate = (icmp_ln439)> <Delay = 0.00>
ST_10 : Operation 592 [3/3] (1.05ns) (grouped into DSP with root node add_ln504_1)   --->   "%mul_ln504 = mul i24 %sext_ln472_3, i24 %zext_ln504" [V:/zybo_z7_imx219/zybo_z7_imx219.runs/design_1_v_demosaic_0_0_synth_1/prj/sol/.autopilot/db/v_demosaic.cpp:504]   --->   Operation 592 'mul' 'mul_ln504' <Predicate = (icmp_ln439)> <Delay = 1.05> <CoreInst = "DSP48">   --->   Core 116 'DSP48' <Latency = 3> <II = 1> <Delay = 2.15> <IPBlock> <Opcode : 'add' 'sub' 'mul' 'select'> <InPorts = 0> <OutPorts = 1> <Sync> <CReg>
ST_10 : Operation 593 [3/3] (1.05ns) (grouped into DSP with root node add_ln504)   --->   "%mul_ln504_2 = mul i24 %sext_ln472, i24 %zext_ln504_2" [V:/zybo_z7_imx219/zybo_z7_imx219.runs/design_1_v_demosaic_0_0_synth_1/prj/sol/.autopilot/db/v_demosaic.cpp:504]   --->   Operation 593 'mul' 'mul_ln504_2' <Predicate = (icmp_ln439)> <Delay = 1.05> <CoreInst = "DSP48">   --->   Core 116 'DSP48' <Latency = 3> <II = 1> <Delay = 2.15> <IPBlock> <Opcode : 'add' 'sub' 'mul' 'select'> <InPorts = 0> <OutPorts = 1> <Sync> <CReg>

State 11 <SV = 10> <Delay = 5.60>
ST_11 : Operation 594 [1/1] (0.00ns)   --->   "%sext_ln472_1 = sext i14 %ave_1" [V:/zybo_z7_imx219/zybo_z7_imx219.runs/design_1_v_demosaic_0_0_synth_1/prj/sol/.autopilot/db/v_demosaic.cpp:472]   --->   Operation 594 'sext' 'sext_ln472_1' <Predicate = (icmp_ln439)> <Delay = 0.00>
ST_11 : Operation 595 [1/1] (0.00ns)   --->   "%sext_ln472_2 = sext i14 %ave_2" [V:/zybo_z7_imx219/zybo_z7_imx219.runs/design_1_v_demosaic_0_0_synth_1/prj/sol/.autopilot/db/v_demosaic.cpp:472]   --->   Operation 595 'sext' 'sext_ln472_2' <Predicate = (icmp_ln439)> <Delay = 0.00>
ST_11 : Operation 596 [1/1] (0.00ns)   --->   "%zext_ln504_1 = zext i10 %lshr_ln501_2" [V:/zybo_z7_imx219/zybo_z7_imx219.runs/design_1_v_demosaic_0_0_synth_1/prj/sol/.autopilot/db/v_demosaic.cpp:504]   --->   Operation 596 'zext' 'zext_ln504_1' <Predicate = (icmp_ln439)> <Delay = 0.00>
ST_11 : Operation 597 [1/1] (0.00ns)   --->   "%zext_ln504_3 = zext i10 %lshr_ln501_1" [V:/zybo_z7_imx219/zybo_z7_imx219.runs/design_1_v_demosaic_0_0_synth_1/prj/sol/.autopilot/db/v_demosaic.cpp:504]   --->   Operation 597 'zext' 'zext_ln504_3' <Predicate = (icmp_ln439)> <Delay = 0.00>
ST_11 : Operation 598 [2/3] (1.05ns) (grouped into DSP with root node add_ln504_1)   --->   "%mul_ln504 = mul i24 %sext_ln472_3, i24 %zext_ln504" [V:/zybo_z7_imx219/zybo_z7_imx219.runs/design_1_v_demosaic_0_0_synth_1/prj/sol/.autopilot/db/v_demosaic.cpp:504]   --->   Operation 598 'mul' 'mul_ln504' <Predicate = (icmp_ln439)> <Delay = 1.05> <CoreInst = "DSP48">   --->   Core 116 'DSP48' <Latency = 3> <II = 1> <Delay = 2.15> <IPBlock> <Opcode : 'add' 'sub' 'mul' 'select'> <InPorts = 0> <OutPorts = 1> <Sync> <CReg>
ST_11 : Operation 599 [1/1] (5.60ns)   --->   "%mul_ln504_1 = mul i24 %sext_ln472_2, i24 %zext_ln504_1" [V:/zybo_z7_imx219/zybo_z7_imx219.runs/design_1_v_demosaic_0_0_synth_1/prj/sol/.autopilot/db/v_demosaic.cpp:504]   --->   Operation 599 'mul' 'mul_ln504_1' <Predicate = (icmp_ln439)> <Delay = 5.60> <CoreInst = "Multiplier">   --->   Core 3 'Multiplier' <Latency = 0> <II = 1> <Delay = 5.60> <FuncUnit> <Opcode : 'mul'> <InPorts = 2> <OutPorts = 1>
ST_11 : Operation 600 [2/3] (1.05ns) (grouped into DSP with root node add_ln504)   --->   "%mul_ln504_2 = mul i24 %sext_ln472, i24 %zext_ln504_2" [V:/zybo_z7_imx219/zybo_z7_imx219.runs/design_1_v_demosaic_0_0_synth_1/prj/sol/.autopilot/db/v_demosaic.cpp:504]   --->   Operation 600 'mul' 'mul_ln504_2' <Predicate = (icmp_ln439)> <Delay = 1.05> <CoreInst = "DSP48">   --->   Core 116 'DSP48' <Latency = 3> <II = 1> <Delay = 2.15> <IPBlock> <Opcode : 'add' 'sub' 'mul' 'select'> <InPorts = 0> <OutPorts = 1> <Sync> <CReg>
ST_11 : Operation 601 [1/1] (5.60ns)   --->   "%mul_ln504_3 = mul i24 %sext_ln472_1, i24 %zext_ln504_3" [V:/zybo_z7_imx219/zybo_z7_imx219.runs/design_1_v_demosaic_0_0_synth_1/prj/sol/.autopilot/db/v_demosaic.cpp:504]   --->   Operation 601 'mul' 'mul_ln504_3' <Predicate = (icmp_ln439)> <Delay = 5.60> <CoreInst = "Multiplier">   --->   Core 3 'Multiplier' <Latency = 0> <II = 1> <Delay = 5.60> <FuncUnit> <Opcode : 'mul'> <InPorts = 2> <OutPorts = 1>

State 12 <SV = 11> <Delay = 2.10>
ST_12 : Operation 602 [1/3] (0.00ns) (grouped into DSP with root node add_ln504_1)   --->   "%mul_ln504 = mul i24 %sext_ln472_3, i24 %zext_ln504" [V:/zybo_z7_imx219/zybo_z7_imx219.runs/design_1_v_demosaic_0_0_synth_1/prj/sol/.autopilot/db/v_demosaic.cpp:504]   --->   Operation 602 'mul' 'mul_ln504' <Predicate = (icmp_ln439)> <Delay = 0.00> <CoreInst = "DSP48">   --->   Core 116 'DSP48' <Latency = 3> <II = 1> <Delay = 2.15> <IPBlock> <Opcode : 'add' 'sub' 'mul' 'select'> <InPorts = 0> <OutPorts = 1> <Sync> <CReg>
ST_12 : Operation 603 [1/1] (0.00ns) (grouped into DSP with root node add_ln504_1)   --->   "%sext_ln504 = sext i24 %mul_ln504" [V:/zybo_z7_imx219/zybo_z7_imx219.runs/design_1_v_demosaic_0_0_synth_1/prj/sol/.autopilot/db/v_demosaic.cpp:504]   --->   Operation 603 'sext' 'sext_ln504' <Predicate = (icmp_ln439)> <Delay = 0.00>
ST_12 : Operation 604 [1/1] (0.00ns)   --->   "%sext_ln504_1 = sext i24 %mul_ln504_1" [V:/zybo_z7_imx219/zybo_z7_imx219.runs/design_1_v_demosaic_0_0_synth_1/prj/sol/.autopilot/db/v_demosaic.cpp:504]   --->   Operation 604 'sext' 'sext_ln504_1' <Predicate = (icmp_ln439)> <Delay = 0.00>
ST_12 : Operation 605 [1/3] (0.00ns) (grouped into DSP with root node add_ln504)   --->   "%mul_ln504_2 = mul i24 %sext_ln472, i24 %zext_ln504_2" [V:/zybo_z7_imx219/zybo_z7_imx219.runs/design_1_v_demosaic_0_0_synth_1/prj/sol/.autopilot/db/v_demosaic.cpp:504]   --->   Operation 605 'mul' 'mul_ln504_2' <Predicate = (icmp_ln439)> <Delay = 0.00> <CoreInst = "DSP48">   --->   Core 116 'DSP48' <Latency = 3> <II = 1> <Delay = 2.15> <IPBlock> <Opcode : 'add' 'sub' 'mul' 'select'> <InPorts = 0> <OutPorts = 1> <Sync> <CReg>
ST_12 : Operation 606 [1/1] (0.00ns) (grouped into DSP with root node add_ln504)   --->   "%sext_ln504_2 = sext i24 %mul_ln504_2" [V:/zybo_z7_imx219/zybo_z7_imx219.runs/design_1_v_demosaic_0_0_synth_1/prj/sol/.autopilot/db/v_demosaic.cpp:504]   --->   Operation 606 'sext' 'sext_ln504_2' <Predicate = (icmp_ln439)> <Delay = 0.00>
ST_12 : Operation 607 [1/1] (0.00ns)   --->   "%sext_ln504_3 = sext i24 %mul_ln504_3" [V:/zybo_z7_imx219/zybo_z7_imx219.runs/design_1_v_demosaic_0_0_synth_1/prj/sol/.autopilot/db/v_demosaic.cpp:504]   --->   Operation 607 'sext' 'sext_ln504_3' <Predicate = (icmp_ln439)> <Delay = 0.00>
ST_12 : Operation 608 [2/2] (2.10ns) (root node of the DSP)   --->   "%add_ln504 = add i25 %sext_ln504_3, i25 %sext_ln504_2" [V:/zybo_z7_imx219/zybo_z7_imx219.runs/design_1_v_demosaic_0_0_synth_1/prj/sol/.autopilot/db/v_demosaic.cpp:504]   --->   Operation 608 'add' 'add_ln504' <Predicate = (icmp_ln439)> <Delay = 2.10> <CoreInst = "DSP48">   --->   Core 116 'DSP48' <Latency = 3> <II = 1> <Delay = 2.15> <IPBlock> <Opcode : 'add' 'sub' 'mul' 'select'> <InPorts = 0> <OutPorts = 1> <Sync> <CReg>
ST_12 : Operation 609 [2/2] (2.10ns) (root node of the DSP)   --->   "%add_ln504_1 = add i25 %sext_ln504_1, i25 %sext_ln504" [V:/zybo_z7_imx219/zybo_z7_imx219.runs/design_1_v_demosaic_0_0_synth_1/prj/sol/.autopilot/db/v_demosaic.cpp:504]   --->   Operation 609 'add' 'add_ln504_1' <Predicate = (icmp_ln439)> <Delay = 2.10> <CoreInst = "DSP48">   --->   Core 116 'DSP48' <Latency = 3> <II = 1> <Delay = 2.15> <IPBlock> <Opcode : 'add' 'sub' 'mul' 'select'> <InPorts = 0> <OutPorts = 1> <Sync> <CReg>

State 13 <SV = 12> <Delay = 6.81>
ST_13 : Operation 610 [1/2] (2.10ns) (root node of the DSP)   --->   "%add_ln504 = add i25 %sext_ln504_3, i25 %sext_ln504_2" [V:/zybo_z7_imx219/zybo_z7_imx219.runs/design_1_v_demosaic_0_0_synth_1/prj/sol/.autopilot/db/v_demosaic.cpp:504]   --->   Operation 610 'add' 'add_ln504' <Predicate = (icmp_ln439)> <Delay = 2.10> <CoreInst = "DSP48">   --->   Core 116 'DSP48' <Latency = 3> <II = 1> <Delay = 2.15> <IPBlock> <Opcode : 'add' 'sub' 'mul' 'select'> <InPorts = 0> <OutPorts = 1> <Sync> <CReg>
ST_13 : Operation 611 [1/1] (0.00ns)   --->   "%sext_ln504_4 = sext i25 %add_ln504" [V:/zybo_z7_imx219/zybo_z7_imx219.runs/design_1_v_demosaic_0_0_synth_1/prj/sol/.autopilot/db/v_demosaic.cpp:504]   --->   Operation 611 'sext' 'sext_ln504_4' <Predicate = (icmp_ln439)> <Delay = 0.00>
ST_13 : Operation 612 [1/2] (2.10ns) (root node of the DSP)   --->   "%add_ln504_1 = add i25 %sext_ln504_1, i25 %sext_ln504" [V:/zybo_z7_imx219/zybo_z7_imx219.runs/design_1_v_demosaic_0_0_synth_1/prj/sol/.autopilot/db/v_demosaic.cpp:504]   --->   Operation 612 'add' 'add_ln504_1' <Predicate = (icmp_ln439)> <Delay = 2.10> <CoreInst = "DSP48">   --->   Core 116 'DSP48' <Latency = 3> <II = 1> <Delay = 2.15> <IPBlock> <Opcode : 'add' 'sub' 'mul' 'select'> <InPorts = 0> <OutPorts = 1> <Sync> <CReg>
ST_13 : Operation 613 [1/1] (0.00ns)   --->   "%sext_ln504_6 = sext i25 %add_ln504_1" [V:/zybo_z7_imx219/zybo_z7_imx219.runs/design_1_v_demosaic_0_0_synth_1/prj/sol/.autopilot/db/v_demosaic.cpp:504]   --->   Operation 613 'sext' 'sext_ln504_6' <Predicate = (icmp_ln439)> <Delay = 0.00>
ST_13 : Operation 614 [1/1] (2.34ns)   --->   "%add_ln504_2 = add i26 %sext_ln504_6, i26 %sext_ln504_4" [V:/zybo_z7_imx219/zybo_z7_imx219.runs/design_1_v_demosaic_0_0_synth_1/prj/sol/.autopilot/db/v_demosaic.cpp:504]   --->   Operation 614 'add' 'add_ln504_2' <Predicate = (icmp_ln439)> <Delay = 2.34> <CoreInst = "Adder">   --->   Core 1 'Adder' <Latency = 0> <II = 1> <Delay = 2.34> <FuncUnit> <Opcode : 'add' 'sub'> <InPorts = 2> <OutPorts = 1>
ST_13 : Operation 615 [1/1] (0.00ns)   --->   "%sext_ln504_5 = sext i26 %add_ln504_2" [V:/zybo_z7_imx219/zybo_z7_imx219.runs/design_1_v_demosaic_0_0_synth_1/prj/sol/.autopilot/db/v_demosaic.cpp:504]   --->   Operation 615 'sext' 'sext_ln504_5' <Predicate = (icmp_ln439)> <Delay = 0.00>
ST_13 : Operation 616 [1/1] (2.37ns)   --->   "%sub_ln504 = sub i27 0, i27 %sext_ln504_5" [V:/zybo_z7_imx219/zybo_z7_imx219.runs/design_1_v_demosaic_0_0_synth_1/prj/sol/.autopilot/db/v_demosaic.cpp:504]   --->   Operation 616 'sub' 'sub_ln504' <Predicate = (icmp_ln439)> <Delay = 2.37> <CoreInst = "Adder">   --->   Core 1 'Adder' <Latency = 0> <II = 1> <Delay = 2.37> <FuncUnit> <Opcode : 'add' 'sub'> <InPorts = 2> <OutPorts = 1>
ST_13 : Operation 617 [1/1] (0.00ns)   --->   "%tmp_3_cast = partselect i13 @_ssdm_op_PartSelect.i13.i27.i32.i32, i27 %sub_ln504, i32 13, i32 25" [V:/zybo_z7_imx219/zybo_z7_imx219.runs/design_1_v_demosaic_0_0_synth_1/prj/sol/.autopilot/db/v_demosaic.cpp:504]   --->   Operation 617 'partselect' 'tmp_3_cast' <Predicate = (icmp_ln439)> <Delay = 0.00>

State 14 <SV = 13> <Delay = 6.78>
ST_14 : Operation 618 [1/1] (0.00ns)   --->   "%zext_ln504_4 = zext i10 %g_2" [V:/zybo_z7_imx219/zybo_z7_imx219.runs/design_1_v_demosaic_0_0_synth_1/prj/sol/.autopilot/db/v_demosaic.cpp:504]   --->   Operation 618 'zext' 'zext_ln504_4' <Predicate = true> <Delay = 0.00>
ST_14 : Operation 619 [1/1] (0.00ns) (grouped into LUT with out node g)   --->   "%tmp_49 = bitselect i1 @_ssdm_op_BitSelect.i1.i26.i32, i26 %add_ln504_2, i32 25" [V:/zybo_z7_imx219/zybo_z7_imx219.runs/design_1_v_demosaic_0_0_synth_1/prj/sol/.autopilot/db/v_demosaic.cpp:504]   --->   Operation 619 'bitselect' 'tmp_49' <Predicate = (icmp_ln439)> <Delay = 0.00>
ST_14 : Operation 620 [1/1] (1.67ns)   --->   "%sub_ln504_1 = sub i13 0, i13 %tmp_3_cast" [V:/zybo_z7_imx219/zybo_z7_imx219.runs/design_1_v_demosaic_0_0_synth_1/prj/sol/.autopilot/db/v_demosaic.cpp:504]   --->   Operation 620 'sub' 'sub_ln504_1' <Predicate = (icmp_ln439)> <Delay = 1.67> <CoreInst = "Adder">   --->   Core 1 'Adder' <Latency = 0> <II = 1> <Delay = 1.67> <FuncUnit> <Opcode : 'add' 'sub'> <InPorts = 2> <OutPorts = 1>
ST_14 : Operation 621 [1/1] (0.00ns) (grouped into LUT with out node g)   --->   "%zext_ln504_5 = partselect i13 @_ssdm_op_PartSelect.i13.i26.i32.i32, i26 %add_ln504_2, i32 13, i32 25" [V:/zybo_z7_imx219/zybo_z7_imx219.runs/design_1_v_demosaic_0_0_synth_1/prj/sol/.autopilot/db/v_demosaic.cpp:504]   --->   Operation 621 'partselect' 'zext_ln504_5' <Predicate = (icmp_ln439)> <Delay = 0.00>
ST_14 : Operation 622 [1/1] (0.00ns) (grouped into LUT with out node g)   --->   "%select_ln504 = select i1 %tmp_49, i13 %sub_ln504_1, i13 %zext_ln504_5" [V:/zybo_z7_imx219/zybo_z7_imx219.runs/design_1_v_demosaic_0_0_synth_1/prj/sol/.autopilot/db/v_demosaic.cpp:504]   --->   Operation 622 'select' 'select_ln504' <Predicate = (icmp_ln439)> <Delay = 0.00> <CoreInst = "Sel">   --->   Core 73 'Sel' <Latency = 0> <II = 1> <Delay = 0.69> <FuncUnit> <Opcode : 'select'> <InPorts = 3> <OutPorts = 1>
ST_14 : Operation 623 [1/1] (0.00ns) (grouped into LUT with out node g)   --->   "%sext_ln504_7 = sext i13 %select_ln504" [V:/zybo_z7_imx219/zybo_z7_imx219.runs/design_1_v_demosaic_0_0_synth_1/prj/sol/.autopilot/db/v_demosaic.cpp:504]   --->   Operation 623 'sext' 'sext_ln504_7' <Predicate = (icmp_ln439)> <Delay = 0.00>
ST_14 : Operation 624 [1/1] (1.67ns) (out node of the LUT)   --->   "%g = add i14 %sext_ln504_7, i14 %zext_ln504_4" [V:/zybo_z7_imx219/zybo_z7_imx219.runs/design_1_v_demosaic_0_0_synth_1/prj/sol/.autopilot/db/v_demosaic.cpp:504]   --->   Operation 624 'add' 'g' <Predicate = (icmp_ln439)> <Delay = 1.67> <CoreInst = "Adder">   --->   Core 1 'Adder' <Latency = 0> <II = 1> <Delay = 1.67> <FuncUnit> <Opcode : 'add' 'sub'> <InPorts = 2> <OutPorts = 1>
ST_14 : Operation 625 [1/1] (0.70ns)   --->   "%g_1 = select i1 %icmp_ln439, i14 %g, i14 %zext_ln504_4" [V:/zybo_z7_imx219/zybo_z7_imx219.runs/design_1_v_demosaic_0_0_synth_1/prj/sol/.autopilot/db/v_demosaic.cpp:439]   --->   Operation 625 'select' 'g_1' <Predicate = true> <Delay = 0.70> <CoreInst = "Sel">   --->   Core 73 'Sel' <Latency = 0> <II = 1> <Delay = 0.70> <FuncUnit> <Opcode : 'select'> <InPorts = 3> <OutPorts = 1>
ST_14 : Operation 626 [1/1] (0.00ns)   --->   "%g_1_cast58 = sext i14 %g_1" [V:/zybo_z7_imx219/zybo_z7_imx219.runs/design_1_v_demosaic_0_0_synth_1/prj/sol/.autopilot/db/v_demosaic.cpp:439]   --->   Operation 626 'sext' 'g_1_cast58' <Predicate = true> <Delay = 0.00>
ST_14 : Operation 627 [1/1] (0.00ns)   --->   "%tmp_50 = bitselect i1 @_ssdm_op_BitSelect.i1.i16.i32, i16 %g_1_cast58, i32 15" [V:/zybo_z7_imx219/zybo_z7_imx219.runs/design_1_v_demosaic_0_0_synth_1/prj/sol/.autopilot/db/v_demosaic.cpp:510]   --->   Operation 627 'bitselect' 'tmp_50' <Predicate = true> <Delay = 0.00>
ST_14 : Operation 628 [1/1] (0.00ns)   --->   "%tmp_51 = partselect i4 @_ssdm_op_PartSelect.i4.i14.i32.i32, i14 %g_1, i32 10, i32 13" [V:/zybo_z7_imx219/zybo_z7_imx219.runs/design_1_v_demosaic_0_0_synth_1/prj/sol/.autopilot/db/v_demosaic.cpp:510]   --->   Operation 628 'partselect' 'tmp_51' <Predicate = true> <Delay = 0.00>
ST_14 : Operation 629 [1/1] (1.73ns)   --->   "%icmp_ln510 = icmp_sgt  i4 %tmp_51, i4 0" [V:/zybo_z7_imx219/zybo_z7_imx219.runs/design_1_v_demosaic_0_0_synth_1/prj/sol/.autopilot/db/v_demosaic.cpp:510]   --->   Operation 629 'icmp' 'icmp_ln510' <Predicate = true> <Delay = 1.73> <CoreInst = "Cmp">   --->   Core 9 'Cmp' <Latency = 0> <II = 1> <Delay = 1.73> <FuncUnit> <Opcode : 'seteq' 'setne' 'setle' 'setge' 'setlt' 'setgt'> <InPorts = 2> <OutPorts = 1>
ST_14 : Operation 630 [1/1] (0.00ns) (grouped into LUT with out node select_ln510)   --->   "%trunc_ln510 = trunc i14 %g_1" [V:/zybo_z7_imx219/zybo_z7_imx219.runs/design_1_v_demosaic_0_0_synth_1/prj/sol/.autopilot/db/v_demosaic.cpp:510]   --->   Operation 630 'trunc' 'trunc_ln510' <Predicate = true> <Delay = 0.00>
ST_14 : Operation 631 [1/1] (0.00ns) (grouped into LUT with out node select_ln510)   --->   "%xor_ln510 = xor i1 %tmp_50, i1 1" [V:/zybo_z7_imx219/zybo_z7_imx219.runs/design_1_v_demosaic_0_0_synth_1/prj/sol/.autopilot/db/v_demosaic.cpp:510]   --->   Operation 631 'xor' 'xor_ln510' <Predicate = true> <Delay = 0.00> <CoreInst = "LogicGate">   --->   Core 74 'LogicGate' <Latency = 0> <II = 1> <Delay = 0.97> <FuncUnit> <Opcode : 'and' 'or' 'xor'> <InPorts = 2> <OutPorts = 1>
ST_14 : Operation 632 [1/1] (0.00ns) (grouped into LUT with out node select_ln510)   --->   "%select_ln510_1 = select i1 %xor_ln510, i10 1023, i10 0" [V:/zybo_z7_imx219/zybo_z7_imx219.runs/design_1_v_demosaic_0_0_synth_1/prj/sol/.autopilot/db/v_demosaic.cpp:510]   --->   Operation 632 'select' 'select_ln510_1' <Predicate = true> <Delay = 0.00> <CoreInst = "Sel">   --->   Core 73 'Sel' <Latency = 0> <II = 1> <Delay = 0.99> <FuncUnit> <Opcode : 'select'> <InPorts = 3> <OutPorts = 1>
ST_14 : Operation 633 [1/1] (0.00ns) (grouped into LUT with out node select_ln510)   --->   "%or_ln510 = or i1 %tmp_50, i1 %icmp_ln510" [V:/zybo_z7_imx219/zybo_z7_imx219.runs/design_1_v_demosaic_0_0_synth_1/prj/sol/.autopilot/db/v_demosaic.cpp:510]   --->   Operation 633 'or' 'or_ln510' <Predicate = true> <Delay = 0.00> <CoreInst = "LogicGate">   --->   Core 74 'LogicGate' <Latency = 0> <II = 1> <Delay = 0.97> <FuncUnit> <Opcode : 'and' 'or' 'xor'> <InPorts = 2> <OutPorts = 1>
ST_14 : Operation 634 [1/1] (0.99ns) (out node of the LUT)   --->   "%select_ln510 = select i1 %or_ln510, i10 %select_ln510_1, i10 %trunc_ln510" [V:/zybo_z7_imx219/zybo_z7_imx219.runs/design_1_v_demosaic_0_0_synth_1/prj/sol/.autopilot/db/v_demosaic.cpp:510]   --->   Operation 634 'select' 'select_ln510' <Predicate = true> <Delay = 0.99> <CoreInst = "Sel">   --->   Core 73 'Sel' <Latency = 0> <II = 1> <Delay = 0.68> <FuncUnit> <Opcode : 'select'> <InPorts = 3> <OutPorts = 1>
ST_14 : Operation 642 [1/1] (0.00ns)   --->   "%store_ln0 = store i10 %p_load212, i10 %p_out"   --->   Operation 642 'store' 'store_ln0' <Predicate = (icmp_ln318)> <Delay = 0.00>
ST_14 : Operation 643 [1/1] (0.00ns)   --->   "%store_ln0 = store i10 %p_load214, i10 %p_out1"   --->   Operation 643 'store' 'store_ln0' <Predicate = (icmp_ln318)> <Delay = 0.00>
ST_14 : Operation 644 [1/1] (0.00ns)   --->   "%store_ln0 = store i10 %p_load216, i10 %p_out2"   --->   Operation 644 'store' 'store_ln0' <Predicate = (icmp_ln318)> <Delay = 0.00>
ST_14 : Operation 645 [1/1] (0.00ns)   --->   "%store_ln0 = store i10 %p_load218, i10 %p_out3"   --->   Operation 645 'store' 'store_ln0' <Predicate = (icmp_ln318)> <Delay = 0.00>
ST_14 : Operation 646 [1/1] (0.00ns)   --->   "%store_ln0 = store i10 %p_load220, i10 %p_out4"   --->   Operation 646 'store' 'store_ln0' <Predicate = (icmp_ln318)> <Delay = 0.00>
ST_14 : Operation 647 [1/1] (0.00ns)   --->   "%store_ln0 = store i10 %p_load, i10 %p_out5"   --->   Operation 647 'store' 'store_ln0' <Predicate = (icmp_ln318)> <Delay = 0.00>
ST_14 : Operation 648 [1/1] (0.00ns)   --->   "%store_ln0 = store i10 %p_load198, i10 %p_out6"   --->   Operation 648 'store' 'store_ln0' <Predicate = (icmp_ln318)> <Delay = 0.00>
ST_14 : Operation 649 [1/1] (0.00ns)   --->   "%store_ln0 = store i10 %p_load199, i10 %p_out7"   --->   Operation 649 'store' 'store_ln0' <Predicate = (icmp_ln318)> <Delay = 0.00>
ST_14 : Operation 650 [1/1] (0.00ns)   --->   "%store_ln0 = store i10 %p_load200, i10 %p_out8"   --->   Operation 650 'store' 'store_ln0' <Predicate = (icmp_ln318)> <Delay = 0.00>
ST_14 : Operation 651 [1/1] (0.00ns)   --->   "%store_ln0 = store i10 %p_load201, i10 %p_out9"   --->   Operation 651 'store' 'store_ln0' <Predicate = (icmp_ln318)> <Delay = 0.00>
ST_14 : Operation 652 [1/1] (0.00ns)   --->   "%store_ln0 = store i10 %p_load202, i10 %p_out10"   --->   Operation 652 'store' 'store_ln0' <Predicate = (icmp_ln318)> <Delay = 0.00>
ST_14 : Operation 653 [1/1] (0.00ns)   --->   "%store_ln0 = store i10 %p_load203, i10 %p_out11"   --->   Operation 653 'store' 'store_ln0' <Predicate = (icmp_ln318)> <Delay = 0.00>
ST_14 : Operation 654 [1/1] (0.00ns)   --->   "%store_ln0 = store i10 %p_load204, i10 %p_out12"   --->   Operation 654 'store' 'store_ln0' <Predicate = (icmp_ln318)> <Delay = 0.00>
ST_14 : Operation 655 [1/1] (0.00ns)   --->   "%store_ln0 = store i10 %p_load205, i10 %p_out13"   --->   Operation 655 'store' 'store_ln0' <Predicate = (icmp_ln318)> <Delay = 0.00>
ST_14 : Operation 656 [1/1] (0.00ns)   --->   "%store_ln0 = store i10 %p_load206, i10 %p_out14"   --->   Operation 656 'store' 'store_ln0' <Predicate = (icmp_ln318)> <Delay = 0.00>
ST_14 : Operation 657 [1/1] (0.00ns)   --->   "%store_ln0 = store i10 %p_load207, i10 %p_out15"   --->   Operation 657 'store' 'store_ln0' <Predicate = (icmp_ln318)> <Delay = 0.00>
ST_14 : Operation 658 [1/1] (0.00ns)   --->   "%store_ln0 = store i10 %p_load208, i10 %p_out16"   --->   Operation 658 'store' 'store_ln0' <Predicate = (icmp_ln318)> <Delay = 0.00>
ST_14 : Operation 659 [1/1] (0.00ns)   --->   "%store_ln0 = store i10 %p_load209, i10 %p_out17"   --->   Operation 659 'store' 'store_ln0' <Predicate = (icmp_ln318)> <Delay = 0.00>
ST_14 : Operation 660 [1/1] (0.00ns)   --->   "%store_ln0 = store i10 %p_load210, i10 %p_out18"   --->   Operation 660 'store' 'store_ln0' <Predicate = (icmp_ln318)> <Delay = 0.00>
ST_14 : Operation 661 [1/1] (0.00ns)   --->   "%store_ln0 = store i10 %p_load211, i10 %p_out19"   --->   Operation 661 'store' 'store_ln0' <Predicate = (icmp_ln318)> <Delay = 0.00>
ST_14 : Operation 662 [1/1] (1.58ns)   --->   "%ret_ln0 = ret"   --->   Operation 662 'ret' 'ret_ln0' <Predicate = (icmp_ln318)> <Delay = 1.58>

State 15 <SV = 14> <Delay = 4.32>
ST_15 : Operation 635 [1/1] (0.00ns) (grouped into LUT with out node phi_ln509)   --->   "%phitmp = select i1 %icmp_ln506, i10 %g_2, i10 0" [V:/zybo_z7_imx219/zybo_z7_imx219.runs/design_1_v_demosaic_0_0_synth_1/prj/sol/.autopilot/db/v_demosaic.cpp:506]   --->   Operation 635 'select' 'phitmp' <Predicate = (icmp_ln439)> <Delay = 0.00> <CoreInst = "Sel">   --->   Core 73 'Sel' <Latency = 0> <II = 1> <Delay = 0.68> <FuncUnit> <Opcode : 'select'> <InPorts = 3> <OutPorts = 1>
ST_15 : Operation 636 [1/1] (0.00ns) (grouped into LUT with out node phi_ln511)   --->   "%phitmp9 = select i1 %icmp_ln506, i10 0, i10 %g_2" [V:/zybo_z7_imx219/zybo_z7_imx219.runs/design_1_v_demosaic_0_0_synth_1/prj/sol/.autopilot/db/v_demosaic.cpp:506]   --->   Operation 636 'select' 'phitmp9' <Predicate = (icmp_ln439)> <Delay = 0.00> <CoreInst = "Sel">   --->   Core 73 'Sel' <Latency = 0> <II = 1> <Delay = 0.68> <FuncUnit> <Opcode : 'select'> <InPorts = 3> <OutPorts = 1>
ST_15 : Operation 637 [1/1] (0.68ns) (out node of the LUT)   --->   "%phi_ln509 = select i1 %icmp_ln439, i10 %phitmp, i10 0" [V:/zybo_z7_imx219/zybo_z7_imx219.runs/design_1_v_demosaic_0_0_synth_1/prj/sol/.autopilot/db/v_demosaic.cpp:439]   --->   Operation 637 'select' 'phi_ln509' <Predicate = true> <Delay = 0.68> <CoreInst = "Sel">   --->   Core 73 'Sel' <Latency = 0> <II = 1> <Delay = 0.68> <FuncUnit> <Opcode : 'select'> <InPorts = 3> <OutPorts = 1>
ST_15 : Operation 638 [1/1] (0.68ns) (out node of the LUT)   --->   "%phi_ln511 = select i1 %icmp_ln439, i10 %phitmp9, i10 0" [V:/zybo_z7_imx219/zybo_z7_imx219.runs/design_1_v_demosaic_0_0_synth_1/prj/sol/.autopilot/db/v_demosaic.cpp:439]   --->   Operation 638 'select' 'phi_ln511' <Predicate = true> <Delay = 0.68> <CoreInst = "Sel">   --->   Core 73 'Sel' <Latency = 0> <II = 1> <Delay = 0.68> <FuncUnit> <Opcode : 'select'> <InPorts = 3> <OutPorts = 1>
ST_15 : Operation 639 [1/1] (0.00ns)   --->   "%or_ln587_3 = bitconcatenate i30 @_ssdm_op_BitConcatenate.i30.i10.i10.i10, i10 %phi_ln511, i10 %select_ln510, i10 %phi_ln509" [V:/zybo_z7_imx219/zybo_z7_imx219.runs/design_1_v_demosaic_0_0_synth_1/prj/sol/.autopilot/db/v_demosaic.cpp:587]   --->   Operation 639 'bitconcatenate' 'or_ln587_3' <Predicate = (!tmp_52)> <Delay = 0.00>
ST_15 : Operation 640 [1/1] ( I:3.63ns O:3.63ns )   --->   "%write_ln587 = write void @_ssdm_op_Write.ap_fifo.volatile.i30P0A, i30 %imgG, i30 %or_ln587_3" [V:/zybo_z7_imx219/zybo_z7_imx219.runs/design_1_v_demosaic_0_0_synth_1/prj/sol/.autopilot/db/v_demosaic.cpp:587]   --->   Operation 640 'write' 'write_ln587' <Predicate = (!tmp_52)> <Delay = 3.63> <CoreInst = "FIFO_SRL">   --->   Core 80 'FIFO_SRL' <Latency = 0> <II = 1> <Delay = 3.63> <Storage> <Opcode : 'read' 'write' 'nbread' 'nbwrite'> <Ports = 0> <Width = 30> <Depth = 2> <FIFO>
ST_15 : Operation 641 [1/1] (0.00ns)   --->   "%br_ln588 = br void %for.inc745" [V:/zybo_z7_imx219/zybo_z7_imx219.runs/design_1_v_demosaic_0_0_synth_1/prj/sol/.autopilot/db/v_demosaic.cpp:588]   --->   Operation 641 'br' 'br_ln588' <Predicate = (!tmp_52)> <Delay = 0.00>


============================================================
+ Verbose Summary: Timing violations
============================================================
Target clock period: 10.000ns, clock uncertainty: 2.700ns.

 <State 1>: 6.949ns
The critical path consists of the following:
	'store' operation ('store_ln271', V:/zybo_z7_imx219/zybo_z7_imx219.runs/design_1_v_demosaic_0_0_synth_1/prj/sol/.autopilot/db/v_demosaic.cpp:271) of constant 0 17 bit on local variable 'x', V:/zybo_z7_imx219/zybo_z7_imx219.runs/design_1_v_demosaic_0_0_synth_1/prj/sol/.autopilot/db/v_demosaic.cpp:271 [136]  (1.588 ns)
	'load' operation 17 bit ('z', V:/zybo_z7_imx219/zybo_z7_imx219.runs/design_1_v_demosaic_0_0_synth_1/prj/sol/.autopilot/db/v_demosaic.cpp:326) on local variable 'x', V:/zybo_z7_imx219/zybo_z7_imx219.runs/design_1_v_demosaic_0_0_synth_1/prj/sol/.autopilot/db/v_demosaic.cpp:271 [139]  (0.000 ns)
	'add' operation 17 bit ('col', V:/zybo_z7_imx219/zybo_z7_imx219.runs/design_1_v_demosaic_0_0_synth_1/prj/sol/.autopilot/db/v_demosaic.cpp:323) [161]  (2.107 ns)
	'getelementptr' operation 11 bit ('linebuf_yuv_addr', v:/zybo_z7_imx219/zybo_z7_imx219.gen/sources_1/bd/design_1/ip/design_1_v_demosaic_0_0/src/hls/hls_video_mem.h:850->V:/zybo_z7_imx219/zybo_z7_imx219.runs/design_1_v_demosaic_0_0_synth_1/prj/sol/.autopilot/db/v_demosaic.cpp:333) [173]  (0.000 ns)
	'load' operation 10 bit ('LineBufVal', V:/zybo_z7_imx219/zybo_z7_imx219.runs/design_1_v_demosaic_0_0_synth_1/prj/sol/.autopilot/db/v_demosaic.cpp:333) on array 'linebuf_yuv', V:/zybo_z7_imx219/zybo_z7_imx219.runs/design_1_v_demosaic_0_0_synth_1/prj/sol/.autopilot/db/v_demosaic.cpp:283 [174]  (3.254 ns)

 <State 2>: 6.888ns
The critical path consists of the following:
	fifo read operation ('imgBayer_read', V:/zybo_z7_imx219/zybo_z7_imx219.runs/design_1_v_demosaic_0_0_synth_1/prj/sol/.autopilot/db/v_demosaic.cpp:348) on port 'imgBayer' (V:/zybo_z7_imx219/zybo_z7_imx219.runs/design_1_v_demosaic_0_0_synth_1/prj/sol/.autopilot/db/v_demosaic.cpp:348) [183]  (3.634 ns)
	'store' operation ('store_ln812', v:/zybo_z7_imx219/zybo_z7_imx219.gen/sources_1/bd/design_1/ip/design_1_v_demosaic_0_0/src/hls/hls_video_mem.h:812->v:/zybo_z7_imx219/zybo_z7_imx219.gen/sources_1/bd/design_1/ip/design_1_v_demosaic_0_0/src/hls/hls_video_mem.h:888->V:/zybo_z7_imx219/zybo_z7_imx219.runs/design_1_v_demosaic_0_0_synth_1/prj/sol/.autopilot/db/v_demosaic.cpp:354) of variable 'imgBayer_read', V:/zybo_z7_imx219/zybo_z7_imx219.runs/design_1_v_demosaic_0_0_synth_1/prj/sol/.autopilot/db/v_demosaic.cpp:348 10 bit on array 'linebuf_yuv', V:/zybo_z7_imx219/zybo_z7_imx219.runs/design_1_v_demosaic_0_0_synth_1/prj/sol/.autopilot/db/v_demosaic.cpp:283 [184]  (3.254 ns)

 <State 3>: 6.061ns
The critical path consists of the following:
	'load' operation 10 bit ('p_load209') on local variable 'empty_140' [147]  (0.000 ns)
	'select' operation 10 bit ('select_ln387_5', V:/zybo_z7_imx219/zybo_z7_imx219.runs/design_1_v_demosaic_0_0_synth_1/prj/sol/.autopilot/db/v_demosaic.cpp:387) [194]  (0.687 ns)
	multiplexor before 'phi' operation 10 bit ('empty_169', V:/zybo_z7_imx219/zybo_z7_imx219.runs/design_1_v_demosaic_0_0_synth_1/prj/sol/.autopilot/db/v_demosaic.cpp:387) with incoming values : ('p_load209') ('select_ln387_5', V:/zybo_z7_imx219/zybo_z7_imx219.runs/design_1_v_demosaic_0_0_synth_1/prj/sol/.autopilot/db/v_demosaic.cpp:387) [239]  (1.588 ns)
	'phi' operation 10 bit ('empty_169', V:/zybo_z7_imx219/zybo_z7_imx219.runs/design_1_v_demosaic_0_0_synth_1/prj/sol/.autopilot/db/v_demosaic.cpp:387) with incoming values : ('p_load209') ('select_ln387_5', V:/zybo_z7_imx219/zybo_z7_imx219.runs/design_1_v_demosaic_0_0_synth_1/prj/sol/.autopilot/db/v_demosaic.cpp:387) [239]  (0.000 ns)
	'sub' operation 12 bit ('K', V:/zybo_z7_imx219/zybo_z7_imx219.runs/design_1_v_demosaic_0_0_synth_1/prj/sol/.autopilot/db/v_demosaic.cpp:450) [257]  (3.786 ns)

 <State 4>: 7.282ns
The critical path consists of the following:
	'add' operation 13 bit ('add_ln465_1', V:/zybo_z7_imx219/zybo_z7_imx219.runs/design_1_v_demosaic_0_0_synth_1/prj/sol/.autopilot/db/v_demosaic.cpp:465) [327]  (1.547 ns)
	'add' operation 14 bit ('ave', V:/zybo_z7_imx219/zybo_z7_imx219.runs/design_1_v_demosaic_0_0_synth_1/prj/sol/.autopilot/db/v_demosaic.cpp:465) [329]  (1.679 ns)
	'sub' operation 15 bit ('sub_ln472', V:/zybo_z7_imx219/zybo_z7_imx219.runs/design_1_v_demosaic_0_0_synth_1/prj/sol/.autopilot/db/v_demosaic.cpp:472) [357]  (1.812 ns)
	'sub' operation 12 bit ('sub_ln472_1', V:/zybo_z7_imx219/zybo_z7_imx219.runs/design_1_v_demosaic_0_0_synth_1/prj/sol/.autopilot/db/v_demosaic.cpp:472) [360]  (1.547 ns)
	'select' operation 12 bit ('mean', V:/zybo_z7_imx219/zybo_z7_imx219.runs/design_1_v_demosaic_0_0_synth_1/prj/sol/.autopilot/db/v_demosaic.cpp:472) [361]  (0.697 ns)

 <State 5>: 6.321ns
The critical path consists of the following:
	'sub' operation 13 bit ('sub_ln476_3', V:/zybo_z7_imx219/zybo_z7_imx219.runs/design_1_v_demosaic_0_0_synth_1/prj/sol/.autopilot/db/v_demosaic.cpp:476) [405]  (1.547 ns)
	'sub' operation 12 bit ('sub_ln61_11', C:/AMDDesignTools/2025.2/Vitis/tps/mingw/8.3.0/win64.o/nt\lib\gcc\x86_64-w64-mingw32\8.3.0\include\c++\bits/std_abs.h:61->V:/zybo_z7_imx219/zybo_z7_imx219.runs/design_1_v_demosaic_0_0_synth_1/prj/sol/.autopilot/db/v_demosaic.cpp:476) [409]  (1.547 ns)
	'select' operation 12 bit ('select_ln61_3', C:/AMDDesignTools/2025.2/Vitis/tps/mingw/8.3.0/win64.o/nt\lib\gcc\x86_64-w64-mingw32\8.3.0\include\c++\bits/std_abs.h:61->V:/zybo_z7_imx219/zybo_z7_imx219.runs/design_1_v_demosaic_0_0_synth_1/prj/sol/.autopilot/db/v_demosaic.cpp:476) [410]  (0.000 ns)
	'add' operation 13 bit ('add_ln476', V:/zybo_z7_imx219/zybo_z7_imx219.runs/design_1_v_demosaic_0_0_synth_1/prj/sol/.autopilot/db/v_demosaic.cpp:476) [412]  (1.547 ns)
	'add' operation 14 bit ('add_ln476_2', V:/zybo_z7_imx219/zybo_z7_imx219.runs/design_1_v_demosaic_0_0_synth_1/prj/sol/.autopilot/db/v_demosaic.cpp:476) [416]  (1.679 ns)

 <State 6>: 6.665ns
The critical path consists of the following:
	'add' operation 11 bit ('add_ln492', V:/zybo_z7_imx219/zybo_z7_imx219.runs/design_1_v_demosaic_0_0_synth_1/prj/sol/.autopilot/db/v_demosaic.cpp:492) [553]  (1.731 ns)
	'add' operation 13 bit ('add_ln492_1', V:/zybo_z7_imx219/zybo_z7_imx219.runs/design_1_v_demosaic_0_0_synth_1/prj/sol/.autopilot/db/v_demosaic.cpp:492) [555]  (1.679 ns)
	'getelementptr' operation 10 bit ('DIV1_TABLE_addr', V:/zybo_z7_imx219/zybo_z7_imx219.runs/design_1_v_demosaic_0_0_synth_1/prj/sol/.autopilot/db/v_demosaic.cpp:493) [558]  (0.000 ns)
	'load' operation 10 bit ('DIV1_TABLE_load', V:/zybo_z7_imx219/zybo_z7_imx219.runs/design_1_v_demosaic_0_0_synth_1/prj/sol/.autopilot/db/v_demosaic.cpp:493) on array 'DIV1_TABLE' [559]  (3.254 ns)

 <State 7>: 5.169ns
The critical path consists of the following:
	'load' operation 10 bit ('DIV1_TABLE_load_1', V:/zybo_z7_imx219/zybo_z7_imx219.runs/design_1_v_demosaic_0_0_synth_1/prj/sol/.autopilot/db/v_demosaic.cpp:493) on array 'DIV1_TABLE' [568]  (3.254 ns)
	'add' operation 9 bit ('add_ln495', V:/zybo_z7_imx219/zybo_z7_imx219.runs/design_1_v_demosaic_0_0_synth_1/prj/sol/.autopilot/db/v_demosaic.cpp:495) [585]  (1.915 ns)

 <State 8>: 6.808ns
The critical path consists of the following:
	'add' operation 10 bit ('add_ln495_1', V:/zybo_z7_imx219/zybo_z7_imx219.runs/design_1_v_demosaic_0_0_synth_1/prj/sol/.autopilot/db/v_demosaic.cpp:495) [587]  (1.823 ns)
	'add' operation 11 bit ('sw', V:/zybo_z7_imx219/zybo_z7_imx219.runs/design_1_v_demosaic_0_0_synth_1/prj/sol/.autopilot/db/v_demosaic.cpp:495) [589]  (1.731 ns)
	'getelementptr' operation 12 bit ('DIV2_TABLE_addr', V:/zybo_z7_imx219/zybo_z7_imx219.runs/design_1_v_demosaic_0_0_synth_1/prj/sol/.autopilot/db/v_demosaic.cpp:497) [591]  (0.000 ns)
	'load' operation 18 bit ('norm', V:/zybo_z7_imx219/zybo_z7_imx219.runs/design_1_v_demosaic_0_0_synth_1/prj/sol/.autopilot/db/v_demosaic.cpp:497) on array 'DIV2_TABLE' [592]  (3.254 ns)

 <State 9>: 3.254ns
The critical path consists of the following:
	'load' operation 18 bit ('norm', V:/zybo_z7_imx219/zybo_z7_imx219.runs/design_1_v_demosaic_0_0_synth_1/prj/sol/.autopilot/db/v_demosaic.cpp:497) on array 'DIV2_TABLE' [592]  (3.254 ns)

 <State 10>: 6.643ns
The critical path consists of the following:
	'mul' operation 18 bit ('mul_ln501_3', V:/zybo_z7_imx219/zybo_z7_imx219.runs/design_1_v_demosaic_0_0_synth_1/prj/sol/.autopilot/db/v_demosaic.cpp:501) [603]  (5.593 ns)
	'mul' operation 24 bit of DSP[619] ('mul_ln504', V:/zybo_z7_imx219/zybo_z7_imx219.runs/design_1_v_demosaic_0_0_synth_1/prj/sol/.autopilot/db/v_demosaic.cpp:504) [609]  (1.050 ns)

 <State 11>: 5.600ns
The critical path consists of the following:
	'mul' operation 24 bit ('mul_ln504_1', V:/zybo_z7_imx219/zybo_z7_imx219.runs/design_1_v_demosaic_0_0_synth_1/prj/sol/.autopilot/db/v_demosaic.cpp:504) [611]  (5.600 ns)

 <State 12>: 2.100ns
The critical path consists of the following:
	'mul' operation 24 bit of DSP[617] ('mul_ln504_2', V:/zybo_z7_imx219/zybo_z7_imx219.runs/design_1_v_demosaic_0_0_synth_1/prj/sol/.autopilot/db/v_demosaic.cpp:504) [613]  (0.000 ns)
	'add' operation 25 bit of DSP[617] ('add_ln504', V:/zybo_z7_imx219/zybo_z7_imx219.runs/design_1_v_demosaic_0_0_synth_1/prj/sol/.autopilot/db/v_demosaic.cpp:504) [617]  (2.100 ns)

 <State 13>: 6.818ns
The critical path consists of the following:
	'add' operation 25 bit of DSP[617] ('add_ln504', V:/zybo_z7_imx219/zybo_z7_imx219.runs/design_1_v_demosaic_0_0_synth_1/prj/sol/.autopilot/db/v_demosaic.cpp:504) [617]  (2.100 ns)
	'add' operation 26 bit ('add_ln504_2', V:/zybo_z7_imx219/zybo_z7_imx219.runs/design_1_v_demosaic_0_0_synth_1/prj/sol/.autopilot/db/v_demosaic.cpp:504) [621]  (2.344 ns)
	'sub' operation 27 bit ('sub_ln504', V:/zybo_z7_imx219/zybo_z7_imx219.runs/design_1_v_demosaic_0_0_synth_1/prj/sol/.autopilot/db/v_demosaic.cpp:504) [625]  (2.374 ns)

 <State 14>: 6.789ns
The critical path consists of the following:
	'sub' operation 13 bit ('sub_ln504_1', V:/zybo_z7_imx219/zybo_z7_imx219.runs/design_1_v_demosaic_0_0_synth_1/prj/sol/.autopilot/db/v_demosaic.cpp:504) [627]  (1.679 ns)
	'select' operation 13 bit ('select_ln504', V:/zybo_z7_imx219/zybo_z7_imx219.runs/design_1_v_demosaic_0_0_synth_1/prj/sol/.autopilot/db/v_demosaic.cpp:504) [629]  (0.000 ns)
	'add' operation 14 bit ('g', V:/zybo_z7_imx219/zybo_z7_imx219.runs/design_1_v_demosaic_0_0_synth_1/prj/sol/.autopilot/db/v_demosaic.cpp:504) [631]  (1.679 ns)
	'select' operation 14 bit ('g', V:/zybo_z7_imx219/zybo_z7_imx219.runs/design_1_v_demosaic_0_0_synth_1/prj/sol/.autopilot/db/v_demosaic.cpp:439) [635]  (0.702 ns)
	'icmp' operation 1 bit ('icmp_ln510', V:/zybo_z7_imx219/zybo_z7_imx219.runs/design_1_v_demosaic_0_0_synth_1/prj/sol/.autopilot/db/v_demosaic.cpp:510) [640]  (1.735 ns)
	'or' operation 1 bit ('or_ln510', V:/zybo_z7_imx219/zybo_z7_imx219.runs/design_1_v_demosaic_0_0_synth_1/prj/sol/.autopilot/db/v_demosaic.cpp:510) [644]  (0.000 ns)
	'select' operation 10 bit ('select_ln510', V:/zybo_z7_imx219/zybo_z7_imx219.runs/design_1_v_demosaic_0_0_synth_1/prj/sol/.autopilot/db/v_demosaic.cpp:510) [645]  (0.993 ns)

 <State 15>: 4.321ns
The critical path consists of the following:
	'select' operation 10 bit ('phitmp', V:/zybo_z7_imx219/zybo_z7_imx219.runs/design_1_v_demosaic_0_0_synth_1/prj/sol/.autopilot/db/v_demosaic.cpp:506) [632]  (0.000 ns)
	'select' operation 10 bit ('phi_ln509', V:/zybo_z7_imx219/zybo_z7_imx219.runs/design_1_v_demosaic_0_0_synth_1/prj/sol/.autopilot/db/v_demosaic.cpp:439) [634]  (0.687 ns)
	fifo write operation ('write_ln587', V:/zybo_z7_imx219/zybo_z7_imx219.runs/design_1_v_demosaic_0_0_synth_1/prj/sol/.autopilot/db/v_demosaic.cpp:587) on port 'imgG' (V:/zybo_z7_imx219/zybo_z7_imx219.runs/design_1_v_demosaic_0_0_synth_1/prj/sol/.autopilot/db/v_demosaic.cpp:587) [651]  (3.634 ns)


============================================================
+ Verbose Summary: Binding
============================================================
N/A
* FSMD analyzer results:
  - Output states:
 - Input state : 
  - Chain level:
	State 1
	State 2
	State 3
	State 4
	State 5
	State 6
	State 7
	State 8
	State 9
	State 10
	State 11
	State 12
	State 13
	State 14
	State 15


============================================================
+ Verbose Summary: Datapath Resource usage 
============================================================
N/A
