

================================================================
== Vitis HLS Report for 'DebayerRatBorBatR'
================================================================
* Date:           Wed Sep 23 22:09:36 2026

* Version:        2025.2 (Build 6295257 on Nov 14 2025)
* Project:        prj
* Solution:       sol (Vivado IP Flow Target)
* Product family: zynq
* Target device:  xc7z020-clg400-1


================================================================
== Performance Estimates
================================================================
+ Timing: 
    * Summary: 
    +--------+----------+----------+------------+
    |  Clock |  Target  | Estimated| Uncertainty|
    +--------+----------+----------+------------+
    |ap_clk  |  10.00 ns|  7.268 ns|     2.70 ns|
    +--------+----------+----------+------------+

+ Latency: 
    * Summary: 
    +---------+---------+----------+-----------+-----+---------+---------+
    |  Latency (cycles) |  Latency (absolute)  |    Interval   | Pipeline|
    |   min   |   max   |    min   |    max    | min |   max   |   Type  |
    +---------+---------+----------+-----------+-----+---------+---------+
    |       12|  2087412|  0.120 us|  20.874 ms|   12|  2087412|       no|
    +---------+---------+----------+-----------+-----+---------+---------+

    + Detail: 
        * Instance: 
        +--------------------------------------------------------+---------------------------------------------+---------+---------+-----------+-----------+-----+-----+-------------------+
        |                                                        |                                             |  Latency (cycles) |   Latency (absolute)  |  Interval |      Pipeline     |
        |                        Instance                        |                    Module                   |   min   |   max   |    min    |    max    | min | max |        Type       |
        +--------------------------------------------------------+---------------------------------------------+---------+---------+-----------+-----------+-----+-----+-------------------+
        |grp_DebayerRatBorBatR_Pipeline_VITIS_LOOP_633_2_fu_176  |DebayerRatBorBatR_Pipeline_VITIS_LOOP_633_2  |        8|     1928|  80.000 ns|  19.280 us|    0|    0|  loop pipeline stp|
        +--------------------------------------------------------+---------------------------------------------+---------+---------+-----------+-----------+-----+-----+-------------------+

        * Loop: 
        +--------------------+---------+---------+-----------+-----------+-----------+----------+----------+
        |                    |  Latency (cycles) | Iteration |  Initiation Interval  |   Trip   |          |
        |      Loop Name     |   min   |   max   |  Latency  |  achieved |   target  |   Count  | Pipelined|
        +--------------------+---------+---------+-----------+-----------+-----------+----------+----------+
        |- VITIS_LOOP_630_1  |       11|  2087411|  11 ~ 1931|          -|          -|  1 ~ 1081|        no|
        +--------------------+---------+---------+-----------+-----------+-----------+----------+----------+



================================================================
== Utilization Estimates
================================================================
* Summary: 
+-----------------+---------+-----+--------+-------+-----+
|       Name      | BRAM_18K| DSP |   FF   |  LUT  | URAM|
+-----------------+---------+-----+--------+-------+-----+
|DSP              |        -|    -|       -|      -|    -|
|Expression       |        -|    -|       0|     67|    -|
|FIFO             |        -|    -|       -|      -|    -|
|Instance         |        8|    -|    1795|   1817|    0|
|Memory           |        -|    -|       -|      -|    -|
|Multiplexer      |        -|    -|       0|    106|    -|
|Register         |        -|    -|     405|      -|    -|
+-----------------+---------+-----+--------+-------+-----+
|Total            |        8|    0|    2200|   1990|    0|
+-----------------+---------+-----+--------+-------+-----+
|Available        |      280|  220|  106400|  53200|    0|
+-----------------+---------+-----+--------+-------+-----+
|Utilization (%)  |        2|    0|       2|      3|    0|
+-----------------+---------+-----+--------+-------+-----+

+ Detail: 
    * Instance: 
    +--------------------------------------------------------+---------------------------------------------+---------+----+------+------+-----+
    |                        Instance                        |                    Module                   | BRAM_18K| DSP|  FF  |  LUT | URAM|
    +--------------------------------------------------------+---------------------------------------------+---------+----+------+------+-----+
    |grp_DebayerRatBorBatR_Pipeline_VITIS_LOOP_633_2_fu_176  |DebayerRatBorBatR_Pipeline_VITIS_LOOP_633_2  |        8|   0|  1795|  1817|    0|
    +--------------------------------------------------------+---------------------------------------------+---------+----+------+------+-----+
    |Total                                                   |                                             |        8|   0|  1795|  1817|    0|
    +--------------------------------------------------------+---------------------------------------------+---------+----+------+------+-----+

    * DSP: 
    N/A

    * Memory: 
    N/A

    * FIFO: 
    N/A

    * Expression: 
    +-----------------------+----------+----+---+----+------------+------------+
    |     Variable Name     | Operation| DSP| FF| LUT| Bitwidth P0| Bitwidth P1|
    +-----------------------+----------+----+---+----+------------+------------+
    |loopHeight_fu_226_p2   |         +|   0|  0|  12|          11|           1|
    |loopWidth_fu_232_p2    |         +|   0|  0|  12|          11|           1|
    |y_4_fu_261_p2          |         +|   0|  0|  12|          11|           1|
    |icmp_ln630_fu_256_p2   |      icmp|   0|  0|  12|          11|          11|
    |ap_block_state1        |        or|   0|  0|   2|           1|           1|
    |xor_ln772_1_fu_331_p2  |       xor|   0|  0|  15|          15|          15|
    |xor_ln772_fu_320_p2    |       xor|   0|  0|   2|           1|           2|
    +-----------------------+----------+----+---+----+------------+------------+
    |Total                  |          |   0|  0|  67|          61|          32|
    +-----------------------+----------+----+---+----+------------+------------+

    * Multiplexer: 
    +--------------------------+----+-----------+-----+-----------+
    |           Name           | LUT| Input Size| Bits| Total Bits|
    +--------------------------+----+-----------+-----+-----------+
    |ap_NS_fsm                 |  25|          5|    1|          5|
    |ap_done                   |   9|          2|    1|          2|
    |bayerPhase_val11_blk_n    |   9|          2|    1|          2|
    |bayerPhase_val11_c_blk_n  |   9|          2|    1|          2|
    |height_val4_blk_n         |   9|          2|    1|          2|
    |height_val4_c_blk_n       |   9|          2|    1|          2|
    |real_start                |   9|          2|    1|          2|
    |width_val8_blk_n          |   9|          2|    1|          2|
    |width_val8_c_blk_n        |   9|          2|    1|          2|
    |y_fu_70                   |   9|          2|   11|         22|
    +--------------------------+----+-----------+-----+-----------+
    |Total                     | 106|         23|   20|         43|
    +--------------------------+----+-----------+-----+-----------+

    * Register: 
    +---------------------------------------------------------------------+----+----+-----+-----------+
    |                                 Name                                | FF | LUT| Bits| Const Bits|
    +---------------------------------------------------------------------+----+----+-----+-----------+
    |ap_CS_fsm                                                            |   4|   0|    4|          0|
    |ap_done_reg                                                          |   1|   0|    1|          0|
    |grp_DebayerRatBorBatR_Pipeline_VITIS_LOOP_633_2_fu_176_ap_start_reg  |   1|   0|    1|          0|
    |height_val4_read_reg_439                                             |  11|   0|   11|          0|
    |loopHeight_reg_449                                                   |  11|   0|   11|          0|
    |loopWidth_reg_454                                                    |  11|   0|   11|          0|
    |p_0_0_09381423_lcssa1473_i_fu_82                                     |  10|   0|   10|          0|
    |p_0_0_09381423_lcssa1473_i_load_reg_484                              |  10|   0|   10|          0|
    |p_0_0_0938_115131525_lcssa1561_i_fu_118                              |  10|   0|   10|          0|
    |p_0_0_0938_115131525_lcssa1561_i_load_reg_529                        |  10|   0|   10|          0|
    |p_0_0_0938_21453_lcssa1485_i_fu_94                                   |  10|   0|   10|          0|
    |p_0_0_0938_21453_lcssa1485_i_load_reg_499                            |  10|   0|   10|          0|
    |p_0_0_09391420_lcssa1471_i_fu_78                                     |  10|   0|   10|          0|
    |p_0_0_09391420_lcssa1471_i_load_reg_479                              |  10|   0|   10|          0|
    |p_0_0_0939_115111523_lcssa1559_i_fu_114                              |  10|   0|   10|          0|
    |p_0_0_0939_115111523_lcssa1559_i_load_reg_524                        |  10|   0|   10|          0|
    |p_0_0_0939_21450_lcssa1483_i_fu_90                                   |  10|   0|   10|          0|
    |p_0_0_0939_21450_lcssa1483_i_load_reg_494                            |  10|   0|   10|          0|
    |p_0_0_09401417_lcssa1469_i_fu_74                                     |  10|   0|   10|          0|
    |p_0_0_09401417_lcssa1469_i_load_reg_474                              |  10|   0|   10|          0|
    |p_0_0_0940_115091521_lcssa1557_i_fu_110                              |  10|   0|   10|          0|
    |p_0_0_0940_115091521_lcssa1557_i_load_reg_519                        |  10|   0|   10|          0|
    |p_0_0_0940_21447_lcssa1481_i_fu_86                                   |  10|   0|   10|          0|
    |p_0_0_0940_21447_lcssa1481_i_load_reg_489                            |  10|   0|   10|          0|
    |p_0_0_0_0_09071526_lcssa1563_i_fu_122                                |  10|   0|   10|          0|
    |p_0_0_0_0_09071526_lcssa1563_i_load_reg_534                          |  10|   0|   10|          0|
    |p_0_0_0_0_09131514_lcssa1551_i_fu_98                                 |  10|   0|   10|          0|
    |p_0_0_0_0_09131514_lcssa1551_i_load_reg_504                          |  10|   0|   10|          0|
    |p_0_1_0_0_09081528_lcssa1565_i_fu_126                                |  10|   0|   10|          0|
    |p_0_1_0_0_09081528_lcssa1565_i_load_reg_539                          |  10|   0|   10|          0|
    |p_0_1_0_0_09141516_lcssa1553_i_fu_102                                |  10|   0|   10|          0|
    |p_0_1_0_0_09141516_lcssa1553_i_load_reg_509                          |  10|   0|   10|          0|
    |p_0_2_0_0_09091530_lcssa1567_i_fu_130                                |  10|   0|   10|          0|
    |p_0_2_0_0_09091530_lcssa1567_i_load_reg_544                          |  10|   0|   10|          0|
    |p_0_2_0_0_09151518_lcssa1555_i_fu_106                                |  10|   0|   10|          0|
    |p_0_2_0_0_09151518_lcssa1555_i_load_reg_514                          |  10|   0|   10|          0|
    |start_once_reg                                                       |   1|   0|    1|          0|
    |trunc_ln_reg_459                                                     |  15|   0|   15|          0|
    |width_val8_read_reg_434                                              |  11|   0|   11|          0|
    |x_phase_reg_444                                                      |   1|   0|    1|          0|
    |xor_ln772_1_reg_554                                                  |  15|   0|   15|          0|
    |xor_ln772_reg_549                                                    |   1|   0|    1|          0|
    |y_3_reg_465                                                          |  11|   0|   11|          0|
    |y_fu_70                                                              |  11|   0|   11|          0|
    +---------------------------------------------------------------------+----+----+-----+-----------+
    |Total                                                                | 405|   0|  405|          0|
    +---------------------------------------------------------------------+----+----+-----+-----------+



================================================================
== Interface
================================================================
* Summary: 
+-----------------------------------+-----+-----+------------+--------------------+--------------+
|             RTL Ports             | Dir | Bits|  Protocol  |    Source Object   |    C Type    |
+-----------------------------------+-----+-----+------------+--------------------+--------------+
|ap_clk                             |   in|    1|  ap_ctrl_hs|   DebayerRatBorBatR|  return value|
|ap_rst                             |   in|    1|  ap_ctrl_hs|   DebayerRatBorBatR|  return value|
|ap_start                           |   in|    1|  ap_ctrl_hs|   DebayerRatBorBatR|  return value|
|start_full_n                       |   in|    1|  ap_ctrl_hs|   DebayerRatBorBatR|  return value|
|ap_done                            |  out|    1|  ap_ctrl_hs|   DebayerRatBorBatR|  return value|
|ap_continue                        |   in|    1|  ap_ctrl_hs|   DebayerRatBorBatR|  return value|
|ap_idle                            |  out|    1|  ap_ctrl_hs|   DebayerRatBorBatR|  return value|
|ap_ready                           |  out|    1|  ap_ctrl_hs|   DebayerRatBorBatR|  return value|
|start_out                          |  out|    1|  ap_ctrl_hs|   DebayerRatBorBatR|  return value|
|start_write                        |  out|    1|  ap_ctrl_hs|   DebayerRatBorBatR|  return value|
|imgG_dout                          |   in|   30|     ap_fifo|                imgG|       pointer|
|imgG_empty_n                       |   in|    1|     ap_fifo|                imgG|       pointer|
|imgG_read                          |  out|    1|     ap_fifo|                imgG|       pointer|
|imgG_num_data_valid                |   in|    3|     ap_fifo|                imgG|       pointer|
|imgG_fifo_cap                      |   in|    3|     ap_fifo|                imgG|       pointer|
|imgRB_din                          |  out|   30|     ap_fifo|               imgRB|       pointer|
|imgRB_full_n                       |   in|    1|     ap_fifo|               imgRB|       pointer|
|imgRB_write                        |  out|    1|     ap_fifo|               imgRB|       pointer|
|imgRB_num_data_valid               |   in|   32|     ap_fifo|               imgRB|       pointer|
|imgRB_fifo_cap                     |   in|   32|     ap_fifo|               imgRB|       pointer|
|height_val4_dout                   |   in|   11|     ap_fifo|         height_val4|       pointer|
|height_val4_empty_n                |   in|    1|     ap_fifo|         height_val4|       pointer|
|height_val4_read                   |  out|    1|     ap_fifo|         height_val4|       pointer|
|height_val4_num_data_valid         |   in|    3|     ap_fifo|         height_val4|       pointer|
|height_val4_fifo_cap               |   in|    3|     ap_fifo|         height_val4|       pointer|
|width_val8_dout                    |   in|   11|     ap_fifo|          width_val8|       pointer|
|width_val8_empty_n                 |   in|    1|     ap_fifo|          width_val8|       pointer|
|width_val8_read                    |  out|    1|     ap_fifo|          width_val8|       pointer|
|width_val8_num_data_valid          |   in|    3|     ap_fifo|          width_val8|       pointer|
|width_val8_fifo_cap                |   in|    3|     ap_fifo|          width_val8|       pointer|
|bayerPhase_val11_dout              |   in|   16|     ap_fifo|    bayerPhase_val11|       pointer|
|bayerPhase_val11_empty_n           |   in|    1|     ap_fifo|    bayerPhase_val11|       pointer|
|bayerPhase_val11_read              |  out|    1|     ap_fifo|    bayerPhase_val11|       pointer|
|bayerPhase_val11_num_data_valid    |   in|    3|     ap_fifo|    bayerPhase_val11|       pointer|
|bayerPhase_val11_fifo_cap          |   in|    3|     ap_fifo|    bayerPhase_val11|       pointer|
|height_val4_c_din                  |  out|   11|     ap_fifo|       height_val4_c|       pointer|
|height_val4_c_full_n               |   in|    1|     ap_fifo|       height_val4_c|       pointer|
|height_val4_c_write                |  out|    1|     ap_fifo|       height_val4_c|       pointer|
|height_val4_c_num_data_valid       |   in|    3|     ap_fifo|       height_val4_c|       pointer|
|height_val4_c_fifo_cap             |   in|    3|     ap_fifo|       height_val4_c|       pointer|
|width_val8_c_din                   |  out|   11|     ap_fifo|        width_val8_c|       pointer|
|width_val8_c_full_n                |   in|    1|     ap_fifo|        width_val8_c|       pointer|
|width_val8_c_write                 |  out|    1|     ap_fifo|        width_val8_c|       pointer|
|width_val8_c_num_data_valid        |   in|    3|     ap_fifo|        width_val8_c|       pointer|
|width_val8_c_fifo_cap              |   in|    3|     ap_fifo|        width_val8_c|       pointer|
|bayerPhase_val11_c_din             |  out|   16|     ap_fifo|  bayerPhase_val11_c|       pointer|
|bayerPhase_val11_c_full_n          |   in|    1|     ap_fifo|  bayerPhase_val11_c|       pointer|
|bayerPhase_val11_c_write           |  out|    1|     ap_fifo|  bayerPhase_val11_c|       pointer|
|bayerPhase_val11_c_num_data_valid  |   in|    3|     ap_fifo|  bayerPhase_val11_c|       pointer|
|bayerPhase_val11_c_fifo_cap        |   in|    3|     ap_fifo|  bayerPhase_val11_c|       pointer|
+-----------------------------------+-----+-----+------------+--------------------+--------------+

============================================================
+ Verbose Summary: Synthesis Manager
============================================================
InlineROM: 1
ExposeGlobal: 0
============================================================
+ Verbose Summary: CDFG Model
============================================================
IsTopModel: 0
ResetActiveHigh: 1
IsCombinational: 2
IsDatapathOnly: 0
HasWiredReturn: 1
HasMFsm: 0
HasVarLatency: 1
IsPipeline: 0
IsRtlPipelined: 0
IsInstanceOverlapped: 0
IsDontTouch: 0
HasImplIP: 0
IsGatedGlobalClock: 0


============================================================
+ Verbose Summary: Schedule
============================================================
* Number of FSM states : 4
* Pipeline : 0
* Dataflow Pipeline: 0

* FSM state transitions: 
1 --> 2 
2 --> 3 
3 --> 4 
4 --> 2 

* FSM state operations: 

State 1 <SV = 0> <Delay = 7.26>
ST_1 : Operation 5 [1/1] (0.00ns)   --->   "%y = alloca i32 1" [V:/zybo_z7_imx219/zybo_z7_imx219.runs/design_1_v_demosaic_0_0_synth_1/prj/sol/.autopilot/db/v_demosaic.cpp:603->V:/zybo_z7_imx219/zybo_z7_imx219.runs/design_1_v_demosaic_0_0_synth_1/prj/sol/.autopilot/db/v_demosaic.cpp:1072]   --->   Operation 5 'alloca' 'y' <Predicate = true> <Delay = 0.00>
ST_1 : Operation 6 [1/1] (0.00ns)   --->   "%p_0_0_09401417_lcssa1469_i = alloca i32 1"   --->   Operation 6 'alloca' 'p_0_0_09401417_lcssa1469_i' <Predicate = true> <Delay = 0.00>
ST_1 : Operation 7 [1/1] (0.00ns)   --->   "%p_0_0_09391420_lcssa1471_i = alloca i32 1"   --->   Operation 7 'alloca' 'p_0_0_09391420_lcssa1471_i' <Predicate = true> <Delay = 0.00>
ST_1 : Operation 8 [1/1] (0.00ns)   --->   "%p_0_0_09381423_lcssa1473_i = alloca i32 1"   --->   Operation 8 'alloca' 'p_0_0_09381423_lcssa1473_i' <Predicate = true> <Delay = 0.00>
ST_1 : Operation 9 [1/1] (0.00ns)   --->   "%p_0_0_0940_21447_lcssa1481_i = alloca i32 1"   --->   Operation 9 'alloca' 'p_0_0_0940_21447_lcssa1481_i' <Predicate = true> <Delay = 0.00>
ST_1 : Operation 10 [1/1] (0.00ns)   --->   "%p_0_0_0939_21450_lcssa1483_i = alloca i32 1"   --->   Operation 10 'alloca' 'p_0_0_0939_21450_lcssa1483_i' <Predicate = true> <Delay = 0.00>
ST_1 : Operation 11 [1/1] (0.00ns)   --->   "%p_0_0_0938_21453_lcssa1485_i = alloca i32 1"   --->   Operation 11 'alloca' 'p_0_0_0938_21453_lcssa1485_i' <Predicate = true> <Delay = 0.00>
ST_1 : Operation 12 [1/1] (0.00ns)   --->   "%p_0_0_0_0_09131514_lcssa1551_i = alloca i32 1"   --->   Operation 12 'alloca' 'p_0_0_0_0_09131514_lcssa1551_i' <Predicate = true> <Delay = 0.00>
ST_1 : Operation 13 [1/1] (0.00ns)   --->   "%p_0_1_0_0_09141516_lcssa1553_i = alloca i32 1"   --->   Operation 13 'alloca' 'p_0_1_0_0_09141516_lcssa1553_i' <Predicate = true> <Delay = 0.00>
ST_1 : Operation 14 [1/1] (0.00ns)   --->   "%p_0_2_0_0_09151518_lcssa1555_i = alloca i32 1"   --->   Operation 14 'alloca' 'p_0_2_0_0_09151518_lcssa1555_i' <Predicate = true> <Delay = 0.00>
ST_1 : Operation 15 [1/1] (0.00ns)   --->   "%p_0_0_0940_115091521_lcssa1557_i = alloca i32 1"   --->   Operation 15 'alloca' 'p_0_0_0940_115091521_lcssa1557_i' <Predicate = true> <Delay = 0.00>
ST_1 : Operation 16 [1/1] (0.00ns)   --->   "%p_0_0_0939_115111523_lcssa1559_i = alloca i32 1"   --->   Operation 16 'alloca' 'p_0_0_0939_115111523_lcssa1559_i' <Predicate = true> <Delay = 0.00>
ST_1 : Operation 17 [1/1] (0.00ns)   --->   "%p_0_0_0938_115131525_lcssa1561_i = alloca i32 1"   --->   Operation 17 'alloca' 'p_0_0_0938_115131525_lcssa1561_i' <Predicate = true> <Delay = 0.00>
ST_1 : Operation 18 [1/1] (0.00ns)   --->   "%p_0_0_0_0_09071526_lcssa1563_i = alloca i32 1"   --->   Operation 18 'alloca' 'p_0_0_0_0_09071526_lcssa1563_i' <Predicate = true> <Delay = 0.00>
ST_1 : Operation 19 [1/1] (0.00ns)   --->   "%p_0_1_0_0_09081528_lcssa1565_i = alloca i32 1"   --->   Operation 19 'alloca' 'p_0_1_0_0_09081528_lcssa1565_i' <Predicate = true> <Delay = 0.00>
ST_1 : Operation 20 [1/1] (0.00ns)   --->   "%p_0_2_0_0_09091530_lcssa1567_i = alloca i32 1"   --->   Operation 20 'alloca' 'p_0_2_0_0_09091530_lcssa1567_i' <Predicate = true> <Delay = 0.00>
ST_1 : Operation 21 [1/1] (0.00ns)   --->   "%specinterface_ln0 = specinterface void @_ssdm_op_SpecInterface, i16 %bayerPhase_val11, void @ap_fifo_str, i32 0, i32 0, void @p_str, i32 0, i32 0, void @p_str, void @p_str, void @p_str, i32 2, i32 2, i32 16, i32 16, void @p_str, void @ScalarProp_str, i32 4294967295, i32 0, i32 0, i32 0"   --->   Operation 21 'specinterface' 'specinterface_ln0' <Predicate = true> <Delay = 0.00>
ST_1 : Operation 22 [1/1] ( I:3.63ns O:3.63ns )   --->   "%bayerPhase_val11_read = read i16 @_ssdm_op_Read.ap_fifo.i16P0A, i16 %bayerPhase_val11"   --->   Operation 22 'read' 'bayerPhase_val11_read' <Predicate = true> <Delay = 3.63> <CoreInst = "FIFO_SRL">   --->   Core 80 'FIFO_SRL' <Latency = 0> <II = 1> <Delay = 3.63> <Storage> <Opcode : 'read' 'write' 'nbread' 'nbwrite'> <Ports = 0> <Width = 16> <Depth = 2> <FIFO>
ST_1 : Operation 23 [1/1] (0.00ns)   --->   "%specinterface_ln0 = specinterface void @_ssdm_op_SpecInterface, i16 %bayerPhase_val11_c, void @ap_fifo_str, i32 0, i32 0, void @p_str, i32 0, i32 0, void @p_str, void @p_str, void @p_str, i32 2, i32 2, i32 16, i32 16, void @p_str, void @ScalarProp_str, i32 4294967295, i32 0, i32 0, i32 0"   --->   Operation 23 'specinterface' 'specinterface_ln0' <Predicate = true> <Delay = 0.00>
ST_1 : Operation 24 [1/1] ( I:3.63ns O:3.63ns )   --->   "%write_ln0 = write void @_ssdm_op_Write.ap_fifo.i16P0A, i16 %bayerPhase_val11_c, i16 %bayerPhase_val11_read"   --->   Operation 24 'write' 'write_ln0' <Predicate = true> <Delay = 3.63> <CoreInst = "FIFO_SRL">   --->   Core 80 'FIFO_SRL' <Latency = 0> <II = 1> <Delay = 3.63> <Storage> <Opcode : 'read' 'write' 'nbread' 'nbwrite'> <Ports = 0> <Width = 16> <Depth = 2> <FIFO>
ST_1 : Operation 25 [1/1] (0.00ns)   --->   "%specinterface_ln0 = specinterface void @_ssdm_op_SpecInterface, i11 %width_val8, void @ap_fifo_str, i32 0, i32 0, void @p_str, i32 0, i32 0, void @p_str, void @p_str, void @p_str, i32 2, i32 2, i32 16, i32 16, void @p_str, void @ScalarProp_str, i32 4294967295, i32 0, i32 0, i32 0"   --->   Operation 25 'specinterface' 'specinterface_ln0' <Predicate = true> <Delay = 0.00>
ST_1 : Operation 26 [1/1] ( I:3.63ns O:3.63ns )   --->   "%width_val8_read = read i11 @_ssdm_op_Read.ap_fifo.i11P0A, i11 %width_val8"   --->   Operation 26 'read' 'width_val8_read' <Predicate = true> <Delay = 3.63> <CoreInst = "FIFO_SRL">   --->   Core 80 'FIFO_SRL' <Latency = 0> <II = 1> <Delay = 3.63> <Storage> <Opcode : 'read' 'write' 'nbread' 'nbwrite'> <Ports = 0> <Width = 11> <Depth = 2> <FIFO>
ST_1 : Operation 27 [1/1] (0.00ns)   --->   "%specinterface_ln0 = specinterface void @_ssdm_op_SpecInterface, i11 %width_val8_c, void @ap_fifo_str, i32 0, i32 0, void @p_str, i32 0, i32 0, void @p_str, void @p_str, void @p_str, i32 2, i32 2, i32 16, i32 16, void @p_str, void @ScalarProp_str, i32 4294967295, i32 0, i32 0, i32 0"   --->   Operation 27 'specinterface' 'specinterface_ln0' <Predicate = true> <Delay = 0.00>
ST_1 : Operation 28 [1/1] ( I:3.63ns O:3.63ns )   --->   "%write_ln0 = write void @_ssdm_op_Write.ap_fifo.i11P0A, i11 %width_val8_c, i11 %width_val8_read"   --->   Operation 28 'write' 'write_ln0' <Predicate = true> <Delay = 3.63> <CoreInst = "FIFO_SRL">   --->   Core 80 'FIFO_SRL' <Latency = 0> <II = 1> <Delay = 3.63> <Storage> <Opcode : 'read' 'write' 'nbread' 'nbwrite'> <Ports = 0> <Width = 11> <Depth = 2> <FIFO>
ST_1 : Operation 29 [1/1] (0.00ns)   --->   "%specinterface_ln0 = specinterface void @_ssdm_op_SpecInterface, i11 %height_val4, void @ap_fifo_str, i32 0, i32 0, void @p_str, i32 0, i32 0, void @p_str, void @p_str, void @p_str, i32 2, i32 2, i32 16, i32 16, void @p_str, void @ScalarProp_str, i32 4294967295, i32 0, i32 0, i32 0"   --->   Operation 29 'specinterface' 'specinterface_ln0' <Predicate = true> <Delay = 0.00>
ST_1 : Operation 30 [1/1] ( I:3.63ns O:3.63ns )   --->   "%height_val4_read = read i11 @_ssdm_op_Read.ap_fifo.i11P0A, i11 %height_val4"   --->   Operation 30 'read' 'height_val4_read' <Predicate = true> <Delay = 3.63> <CoreInst = "FIFO_SRL">   --->   Core 80 'FIFO_SRL' <Latency = 0> <II = 1> <Delay = 3.63> <Storage> <Opcode : 'read' 'write' 'nbread' 'nbwrite'> <Ports = 0> <Width = 11> <Depth = 2> <FIFO>
ST_1 : Operation 31 [1/1] (0.00ns)   --->   "%specinterface_ln0 = specinterface void @_ssdm_op_SpecInterface, i11 %height_val4_c, void @ap_fifo_str, i32 0, i32 0, void @p_str, i32 0, i32 0, void @p_str, void @p_str, void @p_str, i32 2, i32 2, i32 16, i32 16, void @p_str, void @ScalarProp_str, i32 4294967295, i32 0, i32 0, i32 0"   --->   Operation 31 'specinterface' 'specinterface_ln0' <Predicate = true> <Delay = 0.00>
ST_1 : Operation 32 [1/1] ( I:3.63ns O:3.63ns )   --->   "%write_ln0 = write void @_ssdm_op_Write.ap_fifo.i11P0A, i11 %height_val4_c, i11 %height_val4_read"   --->   Operation 32 'write' 'write_ln0' <Predicate = true> <Delay = 3.63> <CoreInst = "FIFO_SRL">   --->   Core 80 'FIFO_SRL' <Latency = 0> <II = 1> <Delay = 3.63> <Storage> <Opcode : 'read' 'write' 'nbread' 'nbwrite'> <Ports = 0> <Width = 11> <Depth = 2> <FIFO>
ST_1 : Operation 33 [1/1] (0.00ns)   --->   "%x_phase = trunc i16 %bayerPhase_val11_read"   --->   Operation 33 'trunc' 'x_phase' <Predicate = true> <Delay = 0.00>
ST_1 : Operation 34 [1/1] (0.00ns)   --->   "%specinterface_ln0 = specinterface void @_ssdm_op_SpecInterface, i30 %imgRB, void @empty_20, i32 0, i32 0, void @empty_14, i32 0, i32 0, void @empty_14, void @empty_14, void @empty_14, i32 0, i32 0, i32 0, i32 0, void @empty_14, void @empty_14, i32 4294967295, i32 0, i32 0, i32 0"   --->   Operation 34 'specinterface' 'specinterface_ln0' <Predicate = true> <Delay = 0.00>
ST_1 : Operation 35 [1/1] (0.00ns)   --->   "%specinterface_ln0 = specinterface void @_ssdm_op_SpecInterface, i30 %imgG, void @empty_20, i32 0, i32 0, void @empty_14, i32 0, i32 0, void @empty_14, void @empty_14, void @empty_14, i32 0, i32 0, i32 0, i32 0, void @empty_14, void @empty_14, i32 4294967295, i32 0, i32 0, i32 0"   --->   Operation 35 'specinterface' 'specinterface_ln0' <Predicate = true> <Delay = 0.00>
ST_1 : Operation 36 [1/1] (1.63ns)   --->   "%loopHeight = add i11 %height_val4_read, i11 1" [V:/zybo_z7_imx219/zybo_z7_imx219.runs/design_1_v_demosaic_0_0_synth_1/prj/sol/.autopilot/db/v_demosaic.cpp:606->V:/zybo_z7_imx219/zybo_z7_imx219.runs/design_1_v_demosaic_0_0_synth_1/prj/sol/.autopilot/db/v_demosaic.cpp:1072]   --->   Operation 36 'add' 'loopHeight' <Predicate = true> <Delay = 1.63> <CoreInst = "Adder">   --->   Core 1 'Adder' <Latency = 0> <II = 1> <Delay = 1.63> <FuncUnit> <Opcode : 'add' 'sub'> <InPorts = 2> <OutPorts = 1>
ST_1 : Operation 37 [1/1] (1.63ns)   --->   "%loopWidth = add i11 %width_val8_read, i11 1" [V:/zybo_z7_imx219/zybo_z7_imx219.runs/design_1_v_demosaic_0_0_synth_1/prj/sol/.autopilot/db/v_demosaic.cpp:607->V:/zybo_z7_imx219/zybo_z7_imx219.runs/design_1_v_demosaic_0_0_synth_1/prj/sol/.autopilot/db/v_demosaic.cpp:1072]   --->   Operation 37 'add' 'loopWidth' <Predicate = true> <Delay = 1.63> <CoreInst = "Adder">   --->   Core 1 'Adder' <Latency = 0> <II = 1> <Delay = 1.63> <FuncUnit> <Opcode : 'add' 'sub'> <InPorts = 2> <OutPorts = 1>
ST_1 : Operation 38 [1/1] (0.00ns)   --->   "%trunc_ln = partselect i15 @_ssdm_op_PartSelect.i15.i16.i32.i32, i16 %bayerPhase_val11_read, i32 1, i32 15" [V:/zybo_z7_imx219/zybo_z7_imx219.runs/design_1_v_demosaic_0_0_synth_1/prj/sol/.autopilot/db/v_demosaic.cpp:622->V:/zybo_z7_imx219/zybo_z7_imx219.runs/design_1_v_demosaic_0_0_synth_1/prj/sol/.autopilot/db/v_demosaic.cpp:1072]   --->   Operation 38 'partselect' 'trunc_ln' <Predicate = true> <Delay = 0.00>
ST_1 : Operation 39 [1/1] (1.58ns)   --->   "%store_ln603 = store i11 0, i11 %y" [V:/zybo_z7_imx219/zybo_z7_imx219.runs/design_1_v_demosaic_0_0_synth_1/prj/sol/.autopilot/db/v_demosaic.cpp:603->V:/zybo_z7_imx219/zybo_z7_imx219.runs/design_1_v_demosaic_0_0_synth_1/prj/sol/.autopilot/db/v_demosaic.cpp:1072]   --->   Operation 39 'store' 'store_ln603' <Predicate = true> <Delay = 1.58>
ST_1 : Operation 40 [1/1] (0.00ns)   --->   "%br_ln630 = br void %VITIS_LOOP_633_2.i" [V:/zybo_z7_imx219/zybo_z7_imx219.runs/design_1_v_demosaic_0_0_synth_1/prj/sol/.autopilot/db/v_demosaic.cpp:630->V:/zybo_z7_imx219/zybo_z7_imx219.runs/design_1_v_demosaic_0_0_synth_1/prj/sol/.autopilot/db/v_demosaic.cpp:1072]   --->   Operation 40 'br' 'br_ln630' <Predicate = true> <Delay = 0.00>

State 2 <SV = 1> <Delay = 3.22>
ST_2 : Operation 41 [1/1] (0.00ns)   --->   "%y_3 = load i11 %y" [V:/zybo_z7_imx219/zybo_z7_imx219.runs/design_1_v_demosaic_0_0_synth_1/prj/sol/.autopilot/db/v_demosaic.cpp:630->V:/zybo_z7_imx219/zybo_z7_imx219.runs/design_1_v_demosaic_0_0_synth_1/prj/sol/.autopilot/db/v_demosaic.cpp:1072]   --->   Operation 41 'load' 'y_3' <Predicate = true> <Delay = 0.00>
ST_2 : Operation 42 [1/1] (1.63ns)   --->   "%icmp_ln630 = icmp_eq  i11 %y_3, i11 %loopHeight" [V:/zybo_z7_imx219/zybo_z7_imx219.runs/design_1_v_demosaic_0_0_synth_1/prj/sol/.autopilot/db/v_demosaic.cpp:630->V:/zybo_z7_imx219/zybo_z7_imx219.runs/design_1_v_demosaic_0_0_synth_1/prj/sol/.autopilot/db/v_demosaic.cpp:1072]   --->   Operation 42 'icmp' 'icmp_ln630' <Predicate = true> <Delay = 1.63> <CoreInst = "Cmp">   --->   Core 9 'Cmp' <Latency = 0> <II = 1> <Delay = 1.63> <FuncUnit> <Opcode : 'seteq' 'setne' 'setle' 'setge' 'setlt' 'setgt'> <InPorts = 2> <OutPorts = 1>
ST_2 : Operation 43 [1/1] (0.00ns)   --->   "%speclooptripcount_ln0 = speclooptripcount void @_ssdm_op_SpecLoopTripCount, i64 1, i64 1081, i64 0"   --->   Operation 43 'speclooptripcount' 'speclooptripcount_ln0' <Predicate = true> <Delay = 0.00>
ST_2 : Operation 44 [1/1] (1.63ns)   --->   "%y_4 = add i11 %y_3, i11 1" [V:/zybo_z7_imx219/zybo_z7_imx219.runs/design_1_v_demosaic_0_0_synth_1/prj/sol/.autopilot/db/v_demosaic.cpp:630->V:/zybo_z7_imx219/zybo_z7_imx219.runs/design_1_v_demosaic_0_0_synth_1/prj/sol/.autopilot/db/v_demosaic.cpp:1072]   --->   Operation 44 'add' 'y_4' <Predicate = true> <Delay = 1.63> <CoreInst = "Adder">   --->   Core 1 'Adder' <Latency = 0> <II = 1> <Delay = 1.63> <FuncUnit> <Opcode : 'add' 'sub'> <InPorts = 2> <OutPorts = 1>
ST_2 : Operation 45 [1/1] (0.00ns)   --->   "%br_ln630 = br i1 %icmp_ln630, void %VITIS_LOOP_633_2.split.i, void %DebayerRatBorBatR.exit" [V:/zybo_z7_imx219/zybo_z7_imx219.runs/design_1_v_demosaic_0_0_synth_1/prj/sol/.autopilot/db/v_demosaic.cpp:630->V:/zybo_z7_imx219/zybo_z7_imx219.runs/design_1_v_demosaic_0_0_synth_1/prj/sol/.autopilot/db/v_demosaic.cpp:1072]   --->   Operation 45 'br' 'br_ln630' <Predicate = true> <Delay = 0.00>
ST_2 : Operation 46 [1/1] (0.00ns)   --->   "%p_0_0_09401417_lcssa1469_i_load = load i10 %p_0_0_09401417_lcssa1469_i"   --->   Operation 46 'load' 'p_0_0_09401417_lcssa1469_i_load' <Predicate = (!icmp_ln630)> <Delay = 0.00>
ST_2 : Operation 47 [1/1] (0.00ns)   --->   "%p_0_0_09391420_lcssa1471_i_load = load i10 %p_0_0_09391420_lcssa1471_i"   --->   Operation 47 'load' 'p_0_0_09391420_lcssa1471_i_load' <Predicate = (!icmp_ln630)> <Delay = 0.00>
ST_2 : Operation 48 [1/1] (0.00ns)   --->   "%p_0_0_09381423_lcssa1473_i_load = load i10 %p_0_0_09381423_lcssa1473_i"   --->   Operation 48 'load' 'p_0_0_09381423_lcssa1473_i_load' <Predicate = (!icmp_ln630)> <Delay = 0.00>
ST_2 : Operation 49 [1/1] (0.00ns)   --->   "%p_0_0_0940_21447_lcssa1481_i_load = load i10 %p_0_0_0940_21447_lcssa1481_i"   --->   Operation 49 'load' 'p_0_0_0940_21447_lcssa1481_i_load' <Predicate = (!icmp_ln630)> <Delay = 0.00>
ST_2 : Operation 50 [1/1] (0.00ns)   --->   "%p_0_0_0939_21450_lcssa1483_i_load = load i10 %p_0_0_0939_21450_lcssa1483_i"   --->   Operation 50 'load' 'p_0_0_0939_21450_lcssa1483_i_load' <Predicate = (!icmp_ln630)> <Delay = 0.00>
ST_2 : Operation 51 [1/1] (0.00ns)   --->   "%p_0_0_0938_21453_lcssa1485_i_load = load i10 %p_0_0_0938_21453_lcssa1485_i"   --->   Operation 51 'load' 'p_0_0_0938_21453_lcssa1485_i_load' <Predicate = (!icmp_ln630)> <Delay = 0.00>
ST_2 : Operation 52 [1/1] (0.00ns)   --->   "%p_0_0_0_0_09131514_lcssa1551_i_load = load i10 %p_0_0_0_0_09131514_lcssa1551_i"   --->   Operation 52 'load' 'p_0_0_0_0_09131514_lcssa1551_i_load' <Predicate = (!icmp_ln630)> <Delay = 0.00>
ST_2 : Operation 53 [1/1] (0.00ns)   --->   "%p_0_1_0_0_09141516_lcssa1553_i_load = load i10 %p_0_1_0_0_09141516_lcssa1553_i"   --->   Operation 53 'load' 'p_0_1_0_0_09141516_lcssa1553_i_load' <Predicate = (!icmp_ln630)> <Delay = 0.00>
ST_2 : Operation 54 [1/1] (0.00ns)   --->   "%p_0_2_0_0_09151518_lcssa1555_i_load = load i10 %p_0_2_0_0_09151518_lcssa1555_i"   --->   Operation 54 'load' 'p_0_2_0_0_09151518_lcssa1555_i_load' <Predicate = (!icmp_ln630)> <Delay = 0.00>
ST_2 : Operation 55 [1/1] (0.00ns)   --->   "%p_0_0_0940_115091521_lcssa1557_i_load = load i10 %p_0_0_0940_115091521_lcssa1557_i"   --->   Operation 55 'load' 'p_0_0_0940_115091521_lcssa1557_i_load' <Predicate = (!icmp_ln630)> <Delay = 0.00>
ST_2 : Operation 56 [1/1] (0.00ns)   --->   "%p_0_0_0939_115111523_lcssa1559_i_load = load i10 %p_0_0_0939_115111523_lcssa1559_i"   --->   Operation 56 'load' 'p_0_0_0939_115111523_lcssa1559_i_load' <Predicate = (!icmp_ln630)> <Delay = 0.00>
ST_2 : Operation 57 [1/1] (0.00ns)   --->   "%p_0_0_0938_115131525_lcssa1561_i_load = load i10 %p_0_0_0938_115131525_lcssa1561_i"   --->   Operation 57 'load' 'p_0_0_0938_115131525_lcssa1561_i_load' <Predicate = (!icmp_ln630)> <Delay = 0.00>
ST_2 : Operation 58 [1/1] (0.00ns)   --->   "%p_0_0_0_0_09071526_lcssa1563_i_load = load i10 %p_0_0_0_0_09071526_lcssa1563_i"   --->   Operation 58 'load' 'p_0_0_0_0_09071526_lcssa1563_i_load' <Predicate = (!icmp_ln630)> <Delay = 0.00>
ST_2 : Operation 59 [1/1] (0.00ns)   --->   "%p_0_1_0_0_09081528_lcssa1565_i_load = load i10 %p_0_1_0_0_09081528_lcssa1565_i"   --->   Operation 59 'load' 'p_0_1_0_0_09081528_lcssa1565_i_load' <Predicate = (!icmp_ln630)> <Delay = 0.00>
ST_2 : Operation 60 [1/1] (0.00ns)   --->   "%p_0_2_0_0_09091530_lcssa1567_i_load = load i10 %p_0_2_0_0_09091530_lcssa1567_i"   --->   Operation 60 'load' 'p_0_2_0_0_09091530_lcssa1567_i_load' <Predicate = (!icmp_ln630)> <Delay = 0.00>
ST_2 : Operation 61 [1/1] (1.58ns)   --->   "%store_ln603 = store i11 %y_4, i11 %y" [V:/zybo_z7_imx219/zybo_z7_imx219.runs/design_1_v_demosaic_0_0_synth_1/prj/sol/.autopilot/db/v_demosaic.cpp:603->V:/zybo_z7_imx219/zybo_z7_imx219.runs/design_1_v_demosaic_0_0_synth_1/prj/sol/.autopilot/db/v_demosaic.cpp:1072]   --->   Operation 61 'store' 'store_ln603' <Predicate = (!icmp_ln630)> <Delay = 1.58>
ST_2 : Operation 62 [1/1] (0.00ns)   --->   "%ret_ln1072 = ret" [V:/zybo_z7_imx219/zybo_z7_imx219.runs/design_1_v_demosaic_0_0_synth_1/prj/sol/.autopilot/db/v_demosaic.cpp:1072]   --->   Operation 62 'ret' 'ret_ln1072' <Predicate = (icmp_ln630)> <Delay = 0.00>

State 3 <SV = 2> <Delay = 5.50>
ST_3 : Operation 63 [1/1] (0.00ns)   --->   "%trunc_ln630 = trunc i11 %y_3" [V:/zybo_z7_imx219/zybo_z7_imx219.runs/design_1_v_demosaic_0_0_synth_1/prj/sol/.autopilot/db/v_demosaic.cpp:630->V:/zybo_z7_imx219/zybo_z7_imx219.runs/design_1_v_demosaic_0_0_synth_1/prj/sol/.autopilot/db/v_demosaic.cpp:1072]   --->   Operation 63 'trunc' 'trunc_ln630' <Predicate = true> <Delay = 0.00>
ST_3 : Operation 64 [1/1] (0.97ns)   --->   "%xor_ln772 = xor i1 %trunc_ln630, i1 1" [V:/zybo_z7_imx219/zybo_z7_imx219.runs/design_1_v_demosaic_0_0_synth_1/prj/sol/.autopilot/db/v_demosaic.cpp:772->V:/zybo_z7_imx219/zybo_z7_imx219.runs/design_1_v_demosaic_0_0_synth_1/prj/sol/.autopilot/db/v_demosaic.cpp:1072]   --->   Operation 64 'xor' 'xor_ln772' <Predicate = true> <Delay = 0.97> <CoreInst = "LogicGate">   --->   Core 74 'LogicGate' <Latency = 0> <II = 1> <Delay = 0.97> <FuncUnit> <Opcode : 'and' 'or' 'xor'> <InPorts = 2> <OutPorts = 1>
ST_3 : Operation 65 [1/1] (0.00ns)   --->   "%zext_ln772 = zext i1 %xor_ln772" [V:/zybo_z7_imx219/zybo_z7_imx219.runs/design_1_v_demosaic_0_0_synth_1/prj/sol/.autopilot/db/v_demosaic.cpp:772->V:/zybo_z7_imx219/zybo_z7_imx219.runs/design_1_v_demosaic_0_0_synth_1/prj/sol/.autopilot/db/v_demosaic.cpp:1072]   --->   Operation 65 'zext' 'zext_ln772' <Predicate = true> <Delay = 0.00>
ST_3 : Operation 66 [1/1] (0.99ns)   --->   "%xor_ln772_1 = xor i15 %trunc_ln, i15 %zext_ln772" [V:/zybo_z7_imx219/zybo_z7_imx219.runs/design_1_v_demosaic_0_0_synth_1/prj/sol/.autopilot/db/v_demosaic.cpp:772->V:/zybo_z7_imx219/zybo_z7_imx219.runs/design_1_v_demosaic_0_0_synth_1/prj/sol/.autopilot/db/v_demosaic.cpp:1072]   --->   Operation 66 'xor' 'xor_ln772_1' <Predicate = true> <Delay = 0.99> <CoreInst = "LogicGate">   --->   Core 74 'LogicGate' <Latency = 0> <II = 1> <Delay = 0.99> <FuncUnit> <Opcode : 'and' 'or' 'xor'> <InPorts = 2> <OutPorts = 1>
ST_3 : Operation 67 [2/2] (3.53ns)   --->   "%call_ln772 = call void @DebayerRatBorBatR_Pipeline_VITIS_LOOP_633_2, i10 %p_0_2_0_0_09091530_lcssa1567_i_load, i10 %p_0_1_0_0_09081528_lcssa1565_i_load, i10 %p_0_0_0_0_09071526_lcssa1563_i_load, i10 %p_0_0_0938_115131525_lcssa1561_i_load, i10 %p_0_0_0939_115111523_lcssa1559_i_load, i10 %p_0_0_0940_115091521_lcssa1557_i_load, i10 %p_0_2_0_0_09151518_lcssa1555_i_load, i10 %p_0_1_0_0_09141516_lcssa1553_i_load, i10 %p_0_0_0_0_09131514_lcssa1551_i_load, i10 %p_0_0_0938_21453_lcssa1485_i_load, i10 %p_0_0_0939_21450_lcssa1483_i_load, i10 %p_0_0_0940_21447_lcssa1481_i_load, i10 %p_0_0_09381423_lcssa1473_i_load, i10 %p_0_0_09391420_lcssa1471_i_load, i10 %p_0_0_09401417_lcssa1469_i_load, i1 %xor_ln772, i15 %trunc_ln, i11 %y_3, i11 %height_val4_read, i11 %loopWidth, i1 %x_phase, i15 %xor_ln772_1, i11 %width_val8_read, i30 %imgG, i30 %imgRB, i10 %p_0_2_0_0_09091530_lcssa1567_i, i10 %p_0_1_0_0_09081528_lcssa1565_i, i10 %p_0_0_0_0_09071526_lcssa1563_i, i10 %p_0_0_0938_115131525_lcssa1561_i, i10 %p_0_0_0939_115111523_lcssa1559_i, i10 %p_0_0_0940_115091521_lcssa1557_i, i10 %p_0_2_0_0_09151518_lcssa1555_i, i10 %p_0_1_0_0_09141516_lcssa1553_i, i10 %p_0_0_0_0_09131514_lcssa1551_i, i10 %p_0_0_0938_21453_lcssa1485_i, i10 %p_0_0_0939_21450_lcssa1483_i, i10 %p_0_0_0940_21447_lcssa1481_i, i10 %p_0_0_09381423_lcssa1473_i, i10 %p_0_0_09391420_lcssa1471_i, i10 %p_0_0_09401417_lcssa1469_i" [V:/zybo_z7_imx219/zybo_z7_imx219.runs/design_1_v_demosaic_0_0_synth_1/prj/sol/.autopilot/db/v_demosaic.cpp:772->V:/zybo_z7_imx219/zybo_z7_imx219.runs/design_1_v_demosaic_0_0_synth_1/prj/sol/.autopilot/db/v_demosaic.cpp:1072]   --->   Operation 67 'call' 'call_ln772' <Predicate = true> <Delay = 3.53> <CoreType = "Generic">   --->   Generic Core

State 4 <SV = 3> <Delay = 0.00>
ST_4 : Operation 68 [1/1] (0.00ns)   --->   "%specloopname_ln630 = specloopname void @_ssdm_op_SpecLoopName, void @empty_7" [V:/zybo_z7_imx219/zybo_z7_imx219.runs/design_1_v_demosaic_0_0_synth_1/prj/sol/.autopilot/db/v_demosaic.cpp:630->V:/zybo_z7_imx219/zybo_z7_imx219.runs/design_1_v_demosaic_0_0_synth_1/prj/sol/.autopilot/db/v_demosaic.cpp:1072]   --->   Operation 68 'specloopname' 'specloopname_ln630' <Predicate = true> <Delay = 0.00>
ST_4 : Operation 69 [1/2] (0.00ns)   --->   "%call_ln772 = call void @DebayerRatBorBatR_Pipeline_VITIS_LOOP_633_2, i10 %p_0_2_0_0_09091530_lcssa1567_i_load, i10 %p_0_1_0_0_09081528_lcssa1565_i_load, i10 %p_0_0_0_0_09071526_lcssa1563_i_load, i10 %p_0_0_0938_115131525_lcssa1561_i_load, i10 %p_0_0_0939_115111523_lcssa1559_i_load, i10 %p_0_0_0940_115091521_lcssa1557_i_load, i10 %p_0_2_0_0_09151518_lcssa1555_i_load, i10 %p_0_1_0_0_09141516_lcssa1553_i_load, i10 %p_0_0_0_0_09131514_lcssa1551_i_load, i10 %p_0_0_0938_21453_lcssa1485_i_load, i10 %p_0_0_0939_21450_lcssa1483_i_load, i10 %p_0_0_0940_21447_lcssa1481_i_load, i10 %p_0_0_09381423_lcssa1473_i_load, i10 %p_0_0_09391420_lcssa1471_i_load, i10 %p_0_0_09401417_lcssa1469_i_load, i1 %xor_ln772, i15 %trunc_ln, i11 %y_3, i11 %height_val4_read, i11 %loopWidth, i1 %x_phase, i15 %xor_ln772_1, i11 %width_val8_read, i30 %imgG, i30 %imgRB, i10 %p_0_2_0_0_09091530_lcssa1567_i, i10 %p_0_1_0_0_09081528_lcssa1565_i, i10 %p_0_0_0_0_09071526_lcssa1563_i, i10 %p_0_0_0938_115131525_lcssa1561_i, i10 %p_0_0_0939_115111523_lcssa1559_i, i10 %p_0_0_0940_115091521_lcssa1557_i, i10 %p_0_2_0_0_09151518_lcssa1555_i, i10 %p_0_1_0_0_09141516_lcssa1553_i, i10 %p_0_0_0_0_09131514_lcssa1551_i, i10 %p_0_0_0938_21453_lcssa1485_i, i10 %p_0_0_0939_21450_lcssa1483_i, i10 %p_0_0_0940_21447_lcssa1481_i, i10 %p_0_0_09381423_lcssa1473_i, i10 %p_0_0_09391420_lcssa1471_i, i10 %p_0_0_09401417_lcssa1469_i" [V:/zybo_z7_imx219/zybo_z7_imx219.runs/design_1_v_demosaic_0_0_synth_1/prj/sol/.autopilot/db/v_demosaic.cpp:772->V:/zybo_z7_imx219/zybo_z7_imx219.runs/design_1_v_demosaic_0_0_synth_1/prj/sol/.autopilot/db/v_demosaic.cpp:1072]   --->   Operation 69 'call' 'call_ln772' <Predicate = true> <Delay = 0.00> <CoreType = "Generic">   --->   Generic Core
ST_4 : Operation 70 [1/1] (0.00ns)   --->   "%br_ln630 = br void %VITIS_LOOP_633_2.i" [V:/zybo_z7_imx219/zybo_z7_imx219.runs/design_1_v_demosaic_0_0_synth_1/prj/sol/.autopilot/db/v_demosaic.cpp:630->V:/zybo_z7_imx219/zybo_z7_imx219.runs/design_1_v_demosaic_0_0_synth_1/prj/sol/.autopilot/db/v_demosaic.cpp:1072]   --->   Operation 70 'br' 'br_ln630' <Predicate = true> <Delay = 0.00>


============================================================
+ Verbose Summary: Binding
============================================================
STG Binding: 
---------------- STG Properties BEGIN ----------------
- Is combinational: 0
- Is one-state seq: 0
- Is datapath-only: 0
- Is pipelined: 0
- Is top level: 0
Port [ Return ] is wired: 1; IO mode=ap_ctrl_hs:ce=0
Port [ imgG]:  wired=1; compound=1; hidden=0; nouse=0; global=0; static=0; extern=0; dir=0; type=3; pingpong=0; private_global=0; IO mode=ap_fifo:ce=0
Port [ imgRB]:  wired=1; compound=1; hidden=0; nouse=0; global=0; static=0; extern=0; dir=1; type=3; pingpong=0; private_global=0; IO mode=ap_fifo:ce=0
Port [ height_val4]:  wired=1; compound=1; hidden=0; nouse=0; global=0; static=0; extern=0; dir=0; type=3; pingpong=0; private_global=0; IO mode=ap_fifo:ce=0
Port [ width_val8]:  wired=1; compound=1; hidden=0; nouse=0; global=0; static=0; extern=0; dir=0; type=3; pingpong=0; private_global=0; IO mode=ap_fifo:ce=0
Port [ bayerPhase_val11]:  wired=1; compound=1; hidden=0; nouse=0; global=0; static=0; extern=0; dir=0; type=3; pingpong=0; private_global=0; IO mode=ap_fifo:ce=0
Port [ height_val4_c]:  wired=1; compound=1; hidden=0; nouse=0; global=0; static=0; extern=0; dir=1; type=3; pingpong=0; private_global=0; IO mode=ap_fifo:ce=0
Port [ width_val8_c]:  wired=1; compound=1; hidden=0; nouse=0; global=0; static=0; extern=0; dir=1; type=3; pingpong=0; private_global=0; IO mode=ap_fifo:ce=0
Port [ bayerPhase_val11_c]:  wired=1; compound=1; hidden=0; nouse=0; global=0; static=0; extern=0; dir=1; type=3; pingpong=0; private_global=0; IO mode=ap_fifo:ce=0
---------------- STG Properties END ------------------

---------------- Datapath Model BEGIN ----------------

<LifeTime>
<method=bitvector/>
y                                     (alloca           ) [ 01111]
p_0_0_09401417_lcssa1469_i            (alloca           ) [ 00111]
p_0_0_09391420_lcssa1471_i            (alloca           ) [ 00111]
p_0_0_09381423_lcssa1473_i            (alloca           ) [ 00111]
p_0_0_0940_21447_lcssa1481_i          (alloca           ) [ 00111]
p_0_0_0939_21450_lcssa1483_i          (alloca           ) [ 00111]
p_0_0_0938_21453_lcssa1485_i          (alloca           ) [ 00111]
p_0_0_0_0_09131514_lcssa1551_i        (alloca           ) [ 00111]
p_0_1_0_0_09141516_lcssa1553_i        (alloca           ) [ 00111]
p_0_2_0_0_09151518_lcssa1555_i        (alloca           ) [ 00111]
p_0_0_0940_115091521_lcssa1557_i      (alloca           ) [ 00111]
p_0_0_0939_115111523_lcssa1559_i      (alloca           ) [ 00111]
p_0_0_0938_115131525_lcssa1561_i      (alloca           ) [ 00111]
p_0_0_0_0_09071526_lcssa1563_i        (alloca           ) [ 00111]
p_0_1_0_0_09081528_lcssa1565_i        (alloca           ) [ 00111]
p_0_2_0_0_09091530_lcssa1567_i        (alloca           ) [ 00111]
specinterface_ln0                     (specinterface    ) [ 00000]
bayerPhase_val11_read                 (read             ) [ 00000]
specinterface_ln0                     (specinterface    ) [ 00000]
write_ln0                             (write            ) [ 00000]
specinterface_ln0                     (specinterface    ) [ 00000]
width_val8_read                       (read             ) [ 00111]
specinterface_ln0                     (specinterface    ) [ 00000]
write_ln0                             (write            ) [ 00000]
specinterface_ln0                     (specinterface    ) [ 00000]
height_val4_read                      (read             ) [ 00111]
specinterface_ln0                     (specinterface    ) [ 00000]
write_ln0                             (write            ) [ 00000]
x_phase                               (trunc            ) [ 00111]
specinterface_ln0                     (specinterface    ) [ 00000]
specinterface_ln0                     (specinterface    ) [ 00000]
loopHeight                            (add              ) [ 00111]
loopWidth                             (add              ) [ 00111]
trunc_ln                              (partselect       ) [ 00111]
store_ln603                           (store            ) [ 00000]
br_ln630                              (br               ) [ 00000]
y_3                                   (load             ) [ 00011]
icmp_ln630                            (icmp             ) [ 00111]
speclooptripcount_ln0                 (speclooptripcount) [ 00000]
y_4                                   (add              ) [ 00000]
br_ln630                              (br               ) [ 00000]
p_0_0_09401417_lcssa1469_i_load       (load             ) [ 00011]
p_0_0_09391420_lcssa1471_i_load       (load             ) [ 00011]
p_0_0_09381423_lcssa1473_i_load       (load             ) [ 00011]
p_0_0_0940_21447_lcssa1481_i_load     (load             ) [ 00011]
p_0_0_0939_21450_lcssa1483_i_load     (load             ) [ 00011]
p_0_0_0938_21453_lcssa1485_i_load     (load             ) [ 00011]
p_0_0_0_0_09131514_lcssa1551_i_load   (load             ) [ 00011]
p_0_1_0_0_09141516_lcssa1553_i_load   (load             ) [ 00011]
p_0_2_0_0_09151518_lcssa1555_i_load   (load             ) [ 00011]
p_0_0_0940_115091521_lcssa1557_i_load (load             ) [ 00011]
p_0_0_0939_115111523_lcssa1559_i_load (load             ) [ 00011]
p_0_0_0938_115131525_lcssa1561_i_load (load             ) [ 00011]
p_0_0_0_0_09071526_lcssa1563_i_load   (load             ) [ 00011]
p_0_1_0_0_09081528_lcssa1565_i_load   (load             ) [ 00011]
p_0_2_0_0_09091530_lcssa1567_i_load   (load             ) [ 00011]
store_ln603                           (store            ) [ 00000]
ret_ln1072                            (ret              ) [ 00000]
trunc_ln630                           (trunc            ) [ 00000]
xor_ln772                             (xor              ) [ 00001]
zext_ln772                            (zext             ) [ 00000]
xor_ln772_1                           (xor              ) [ 00001]
specloopname_ln630                    (specloopname     ) [ 00000]
call_ln772                            (call             ) [ 00000]
br_ln630                              (br               ) [ 00000]
</LifeTime>

<model>

<comp_list>
<comp id="0" class="1000" name="imgG">
<pin_list>
<pin id="1" dir="1" index="0" bw="1" slack="0"/>
</pin_list>
<bind>
<StgValue><ssdm name="imgG"/></StgValue>
</bind>
</comp>

<comp id="2" class="1000" name="imgRB">
<pin_list>
<pin id="3" dir="1" index="0" bw="1" slack="0"/>
</pin_list>
<bind>
<StgValue><ssdm name="imgRB"/></StgValue>
</bind>
</comp>

<comp id="4" class="1000" name="height_val4">
<pin_list>
<pin id="5" dir="1" index="0" bw="1" slack="0"/>
</pin_list>
<bind>
<StgValue><ssdm name="height_val4"/></StgValue>
</bind>
</comp>

<comp id="6" class="1000" name="width_val8">
<pin_list>
<pin id="7" dir="1" index="0" bw="1" slack="0"/>
</pin_list>
<bind>
<StgValue><ssdm name="width_val8"/></StgValue>
</bind>
</comp>

<comp id="8" class="1000" name="bayerPhase_val11">
<pin_list>
<pin id="9" dir="1" index="0" bw="1" slack="0"/>
</pin_list>
<bind>
<StgValue><ssdm name="bayerPhase_val11"/></StgValue>
</bind>
</comp>

<comp id="10" class="1000" name="height_val4_c">
<pin_list>
<pin id="11" dir="1" index="0" bw="1" slack="0"/>
</pin_list>
<bind>
<StgValue><ssdm name="height_val4_c"/></StgValue>
</bind>
</comp>

<comp id="12" class="1000" name="width_val8_c">
<pin_list>
<pin id="13" dir="1" index="0" bw="1" slack="0"/>
</pin_list>
<bind>
<StgValue><ssdm name="width_val8_c"/></StgValue>
</bind>
</comp>

<comp id="14" class="1000" name="bayerPhase_val11_c">
<pin_list>
<pin id="15" dir="1" index="0" bw="1" slack="0"/>
</pin_list>
<bind>
<StgValue><ssdm name="bayerPhase_val11_c"/></StgValue>
</bind>
</comp>

<comp id="16" class="1001" name="const_16">
<pin_list>
<pin id="17" dir="1" index="0" bw="1" slack="0"/>
</pin_list>
<bind>
<StgValue><ssdm name=""/></StgValue>
</bind>
</comp>

<comp id="18" class="1001" name="const_18">
<pin_list>
<pin id="19" dir="1" index="0" bw="1" slack="2147483647"/>
</pin_list>
<bind>
<StgValue><ssdm name="_ssdm_op_SpecInterface"/></StgValue>
</bind>
</comp>

<comp id="20" class="1001" name="const_20">
<pin_list>
<pin id="21" dir="1" index="0" bw="1" slack="2147483647"/>
</pin_list>
<bind>
<StgValue><ssdm name="ap_fifo_str"/></StgValue>
</bind>
</comp>

<comp id="22" class="1001" name="const_22">
<pin_list>
<pin id="23" dir="1" index="0" bw="1" slack="2147483647"/>
</pin_list>
<bind>
<StgValue><ssdm name=""/></StgValue>
</bind>
</comp>

<comp id="24" class="1001" name="const_24">
<pin_list>
<pin id="25" dir="1" index="0" bw="1" slack="2147483647"/>
</pin_list>
<bind>
<StgValue><ssdm name="p_str"/></StgValue>
</bind>
</comp>

<comp id="26" class="1001" name="const_26">
<pin_list>
<pin id="27" dir="1" index="0" bw="1" slack="2147483647"/>
</pin_list>
<bind>
<StgValue><ssdm name=""/></StgValue>
</bind>
</comp>

<comp id="28" class="1001" name="const_28">
<pin_list>
<pin id="29" dir="1" index="0" bw="1" slack="2147483647"/>
</pin_list>
<bind>
<StgValue><ssdm name=""/></StgValue>
</bind>
</comp>

<comp id="30" class="1001" name="const_30">
<pin_list>
<pin id="31" dir="1" index="0" bw="1" slack="2147483647"/>
</pin_list>
<bind>
<StgValue><ssdm name="ScalarProp_str"/></StgValue>
</bind>
</comp>

<comp id="32" class="1001" name="const_32">
<pin_list>
<pin id="33" dir="1" index="0" bw="1" slack="2147483647"/>
</pin_list>
<bind>
<StgValue><ssdm name=""/></StgValue>
</bind>
</comp>

<comp id="34" class="1001" name="const_34">
<pin_list>
<pin id="35" dir="1" index="0" bw="1" slack="0"/>
</pin_list>
<bind>
<StgValue><ssdm name="_ssdm_op_Read.ap_fifo.i16P0A"/></StgValue>
</bind>
</comp>

<comp id="36" class="1001" name="const_36">
<pin_list>
<pin id="37" dir="1" index="0" bw="1" slack="0"/>
</pin_list>
<bind>
<StgValue><ssdm name="_ssdm_op_Write.ap_fifo.i16P0A"/></StgValue>
</bind>
</comp>

<comp id="38" class="1001" name="const_38">
<pin_list>
<pin id="39" dir="1" index="0" bw="1" slack="0"/>
</pin_list>
<bind>
<StgValue><ssdm name="_ssdm_op_Read.ap_fifo.i11P0A"/></StgValue>
</bind>
</comp>

<comp id="40" class="1001" name="const_40">
<pin_list>
<pin id="41" dir="1" index="0" bw="1" slack="0"/>
</pin_list>
<bind>
<StgValue><ssdm name="_ssdm_op_Write.ap_fifo.i11P0A"/></StgValue>
</bind>
</comp>

<comp id="42" class="1001" name="const_42">
<pin_list>
<pin id="43" dir="1" index="0" bw="1" slack="2147483647"/>
</pin_list>
<bind>
<StgValue><ssdm name="empty_20"/></StgValue>
</bind>
</comp>

<comp id="44" class="1001" name="const_44">
<pin_list>
<pin id="45" dir="1" index="0" bw="1" slack="2147483647"/>
</pin_list>
<bind>
<StgValue><ssdm name="empty_14"/></StgValue>
</bind>
</comp>

<comp id="46" class="1001" name="const_46">
<pin_list>
<pin id="47" dir="1" index="0" bw="1" slack="0"/>
</pin_list>
<bind>
<StgValue><ssdm name=""/></StgValue>
</bind>
</comp>

<comp id="48" class="1001" name="const_48">
<pin_list>
<pin id="49" dir="1" index="0" bw="1" slack="0"/>
</pin_list>
<bind>
<StgValue><ssdm name="_ssdm_op_PartSelect.i15.i16.i32.i32"/></StgValue>
</bind>
</comp>

<comp id="50" class="1001" name="const_50">
<pin_list>
<pin id="51" dir="1" index="0" bw="1" slack="0"/>
</pin_list>
<bind>
<StgValue><ssdm name=""/></StgValue>
</bind>
</comp>

<comp id="52" class="1001" name="const_52">
<pin_list>
<pin id="53" dir="1" index="0" bw="1" slack="0"/>
</pin_list>
<bind>
<StgValue><ssdm name=""/></StgValue>
</bind>
</comp>

<comp id="54" class="1001" name="const_54">
<pin_list>
<pin id="55" dir="1" index="0" bw="1" slack="2147483647"/>
</pin_list>
<bind>
<StgValue><ssdm name="_ssdm_op_SpecLoopTripCount"/></StgValue>
</bind>
</comp>

<comp id="56" class="1001" name="const_56">
<pin_list>
<pin id="57" dir="1" index="0" bw="1" slack="2147483647"/>
</pin_list>
<bind>
<StgValue><ssdm name=""/></StgValue>
</bind>
</comp>

<comp id="58" class="1001" name="const_58">
<pin_list>
<pin id="59" dir="1" index="0" bw="1" slack="2147483647"/>
</pin_list>
<bind>
<StgValue><ssdm name=""/></StgValue>
</bind>
</comp>

<comp id="60" class="1001" name="const_60">
<pin_list>
<pin id="61" dir="1" index="0" bw="1" slack="2147483647"/>
</pin_list>
<bind>
<StgValue><ssdm name=""/></StgValue>
</bind>
</comp>

<comp id="62" class="1001" name="const_62">
<pin_list>
<pin id="63" dir="1" index="0" bw="1" slack="0"/>
</pin_list>
<bind>
<StgValue><ssdm name=""/></StgValue>
</bind>
</comp>

<comp id="64" class="1001" name="const_64">
<pin_list>
<pin id="65" dir="1" index="0" bw="1" slack="0"/>
</pin_list>
<bind>
<StgValue><ssdm name="DebayerRatBorBatR_Pipeline_VITIS_LOOP_633_2"/></StgValue>
</bind>
</comp>

<comp id="66" class="1001" name="const_66">
<pin_list>
<pin id="67" dir="1" index="0" bw="1" slack="2147483647"/>
</pin_list>
<bind>
<StgValue><ssdm name="_ssdm_op_SpecLoopName"/></StgValue>
</bind>
</comp>

<comp id="68" class="1001" name="const_68">
<pin_list>
<pin id="69" dir="1" index="0" bw="1" slack="2147483647"/>
</pin_list>
<bind>
<StgValue><ssdm name="empty_7"/></StgValue>
</bind>
</comp>

<comp id="70" class="1004" name="y_fu_70">
<pin_list>
<pin id="71" dir="0" index="0" bw="1" slack="0"/>
<pin id="72" dir="1" index="1" bw="11" slack="0"/>
</pin_list>
<bind>
<opcode="alloca(26) " fcode="alloca"/>
<opset="y/1 "/>
</bind>
</comp>

<comp id="74" class="1004" name="p_0_0_09401417_lcssa1469_i_fu_74">
<pin_list>
<pin id="75" dir="0" index="0" bw="1" slack="0"/>
<pin id="76" dir="1" index="1" bw="10" slack="1"/>
</pin_list>
<bind>
<opcode="alloca(26) " fcode="alloca"/>
<opset="p_0_0_09401417_lcssa1469_i/1 "/>
</bind>
</comp>

<comp id="78" class="1004" name="p_0_0_09391420_lcssa1471_i_fu_78">
<pin_list>
<pin id="79" dir="0" index="0" bw="1" slack="0"/>
<pin id="80" dir="1" index="1" bw="10" slack="1"/>
</pin_list>
<bind>
<opcode="alloca(26) " fcode="alloca"/>
<opset="p_0_0_09391420_lcssa1471_i/1 "/>
</bind>
</comp>

<comp id="82" class="1004" name="p_0_0_09381423_lcssa1473_i_fu_82">
<pin_list>
<pin id="83" dir="0" index="0" bw="1" slack="0"/>
<pin id="84" dir="1" index="1" bw="10" slack="1"/>
</pin_list>
<bind>
<opcode="alloca(26) " fcode="alloca"/>
<opset="p_0_0_09381423_lcssa1473_i/1 "/>
</bind>
</comp>

<comp id="86" class="1004" name="p_0_0_0940_21447_lcssa1481_i_fu_86">
<pin_list>
<pin id="87" dir="0" index="0" bw="1" slack="0"/>
<pin id="88" dir="1" index="1" bw="10" slack="1"/>
</pin_list>
<bind>
<opcode="alloca(26) " fcode="alloca"/>
<opset="p_0_0_0940_21447_lcssa1481_i/1 "/>
</bind>
</comp>

<comp id="90" class="1004" name="p_0_0_0939_21450_lcssa1483_i_fu_90">
<pin_list>
<pin id="91" dir="0" index="0" bw="1" slack="0"/>
<pin id="92" dir="1" index="1" bw="10" slack="1"/>
</pin_list>
<bind>
<opcode="alloca(26) " fcode="alloca"/>
<opset="p_0_0_0939_21450_lcssa1483_i/1 "/>
</bind>
</comp>

<comp id="94" class="1004" name="p_0_0_0938_21453_lcssa1485_i_fu_94">
<pin_list>
<pin id="95" dir="0" index="0" bw="1" slack="0"/>
<pin id="96" dir="1" index="1" bw="10" slack="1"/>
</pin_list>
<bind>
<opcode="alloca(26) " fcode="alloca"/>
<opset="p_0_0_0938_21453_lcssa1485_i/1 "/>
</bind>
</comp>

<comp id="98" class="1004" name="p_0_0_0_0_09131514_lcssa1551_i_fu_98">
<pin_list>
<pin id="99" dir="0" index="0" bw="1" slack="0"/>
<pin id="100" dir="1" index="1" bw="10" slack="1"/>
</pin_list>
<bind>
<opcode="alloca(26) " fcode="alloca"/>
<opset="p_0_0_0_0_09131514_lcssa1551_i/1 "/>
</bind>
</comp>

<comp id="102" class="1004" name="p_0_1_0_0_09141516_lcssa1553_i_fu_102">
<pin_list>
<pin id="103" dir="0" index="0" bw="1" slack="0"/>
<pin id="104" dir="1" index="1" bw="10" slack="1"/>
</pin_list>
<bind>
<opcode="alloca(26) " fcode="alloca"/>
<opset="p_0_1_0_0_09141516_lcssa1553_i/1 "/>
</bind>
</comp>

<comp id="106" class="1004" name="p_0_2_0_0_09151518_lcssa1555_i_fu_106">
<pin_list>
<pin id="107" dir="0" index="0" bw="1" slack="0"/>
<pin id="108" dir="1" index="1" bw="10" slack="1"/>
</pin_list>
<bind>
<opcode="alloca(26) " fcode="alloca"/>
<opset="p_0_2_0_0_09151518_lcssa1555_i/1 "/>
</bind>
</comp>

<comp id="110" class="1004" name="p_0_0_0940_115091521_lcssa1557_i_fu_110">
<pin_list>
<pin id="111" dir="0" index="0" bw="1" slack="0"/>
<pin id="112" dir="1" index="1" bw="10" slack="1"/>
</pin_list>
<bind>
<opcode="alloca(26) " fcode="alloca"/>
<opset="p_0_0_0940_115091521_lcssa1557_i/1 "/>
</bind>
</comp>

<comp id="114" class="1004" name="p_0_0_0939_115111523_lcssa1559_i_fu_114">
<pin_list>
<pin id="115" dir="0" index="0" bw="1" slack="0"/>
<pin id="116" dir="1" index="1" bw="10" slack="1"/>
</pin_list>
<bind>
<opcode="alloca(26) " fcode="alloca"/>
<opset="p_0_0_0939_115111523_lcssa1559_i/1 "/>
</bind>
</comp>

<comp id="118" class="1004" name="p_0_0_0938_115131525_lcssa1561_i_fu_118">
<pin_list>
<pin id="119" dir="0" index="0" bw="1" slack="0"/>
<pin id="120" dir="1" index="1" bw="10" slack="1"/>
</pin_list>
<bind>
<opcode="alloca(26) " fcode="alloca"/>
<opset="p_0_0_0938_115131525_lcssa1561_i/1 "/>
</bind>
</comp>

<comp id="122" class="1004" name="p_0_0_0_0_09071526_lcssa1563_i_fu_122">
<pin_list>
<pin id="123" dir="0" index="0" bw="1" slack="0"/>
<pin id="124" dir="1" index="1" bw="10" slack="1"/>
</pin_list>
<bind>
<opcode="alloca(26) " fcode="alloca"/>
<opset="p_0_0_0_0_09071526_lcssa1563_i/1 "/>
</bind>
</comp>

<comp id="126" class="1004" name="p_0_1_0_0_09081528_lcssa1565_i_fu_126">
<pin_list>
<pin id="127" dir="0" index="0" bw="1" slack="0"/>
<pin id="128" dir="1" index="1" bw="10" slack="1"/>
</pin_list>
<bind>
<opcode="alloca(26) " fcode="alloca"/>
<opset="p_0_1_0_0_09081528_lcssa1565_i/1 "/>
</bind>
</comp>

<comp id="130" class="1004" name="p_0_2_0_0_09091530_lcssa1567_i_fu_130">
<pin_list>
<pin id="131" dir="0" index="0" bw="1" slack="0"/>
<pin id="132" dir="1" index="1" bw="10" slack="1"/>
</pin_list>
<bind>
<opcode="alloca(26) " fcode="alloca"/>
<opset="p_0_2_0_0_09091530_lcssa1567_i/1 "/>
</bind>
</comp>

<comp id="134" class="1004" name="bayerPhase_val11_read_read_fu_134">
<pin_list>
<pin id="135" dir="0" index="0" bw="16" slack="0"/>
<pin id="136" dir="0" index="1" bw="16" slack="0"/>
<pin id="137" dir="1" index="2" bw="16" slack="0"/>
</pin_list>
<bind>
<opcode="read(1150) " fcode="read"/>
<opset="bayerPhase_val11_read/1 "/>
</bind>
</comp>

<comp id="140" class="1004" name="write_ln0_write_fu_140">
<pin_list>
<pin id="141" dir="0" index="0" bw="0" slack="0"/>
<pin id="142" dir="0" index="1" bw="16" slack="0"/>
<pin id="143" dir="0" index="2" bw="16" slack="0"/>
<pin id="144" dir="1" index="3" bw="0" slack="2147483647"/>
</pin_list>
<bind>
<opcode="write(1151) " fcode="write"/>
<opset="write_ln0/1 "/>
</bind>
</comp>

<comp id="148" class="1004" name="width_val8_read_read_fu_148">
<pin_list>
<pin id="149" dir="0" index="0" bw="11" slack="0"/>
<pin id="150" dir="0" index="1" bw="11" slack="0"/>
<pin id="151" dir="1" index="2" bw="11" slack="0"/>
</pin_list>
<bind>
<opcode="read(1150) " fcode="read"/>
<opset="width_val8_read/1 "/>
</bind>
</comp>

<comp id="154" class="1004" name="write_ln0_write_fu_154">
<pin_list>
<pin id="155" dir="0" index="0" bw="0" slack="0"/>
<pin id="156" dir="0" index="1" bw="11" slack="0"/>
<pin id="157" dir="0" index="2" bw="11" slack="0"/>
<pin id="158" dir="1" index="3" bw="0" slack="2147483647"/>
</pin_list>
<bind>
<opcode="write(1151) " fcode="write"/>
<opset="write_ln0/1 "/>
</bind>
</comp>

<comp id="162" class="1004" name="height_val4_read_read_fu_162">
<pin_list>
<pin id="163" dir="0" index="0" bw="11" slack="0"/>
<pin id="164" dir="0" index="1" bw="11" slack="0"/>
<pin id="165" dir="1" index="2" bw="11" slack="0"/>
</pin_list>
<bind>
<opcode="read(1150) " fcode="read"/>
<opset="height_val4_read/1 "/>
</bind>
</comp>

<comp id="168" class="1004" name="write_ln0_write_fu_168">
<pin_list>
<pin id="169" dir="0" index="0" bw="0" slack="0"/>
<pin id="170" dir="0" index="1" bw="11" slack="0"/>
<pin id="171" dir="0" index="2" bw="11" slack="0"/>
<pin id="172" dir="1" index="3" bw="0" slack="2147483647"/>
</pin_list>
<bind>
<opcode="write(1151) " fcode="write"/>
<opset="write_ln0/1 "/>
</bind>
</comp>

<comp id="176" class="1004" name="grp_DebayerRatBorBatR_Pipeline_VITIS_LOOP_633_2_fu_176">
<pin_list>
<pin id="177" dir="0" index="0" bw="0" slack="0"/>
<pin id="178" dir="0" index="1" bw="10" slack="2"/>
<pin id="179" dir="0" index="2" bw="10" slack="2"/>
<pin id="180" dir="0" index="3" bw="10" slack="2"/>
<pin id="181" dir="0" index="4" bw="10" slack="2"/>
<pin id="182" dir="0" index="5" bw="10" slack="2"/>
<pin id="183" dir="0" index="6" bw="10" slack="2"/>
<pin id="184" dir="0" index="7" bw="10" slack="2"/>
<pin id="185" dir="0" index="8" bw="10" slack="2"/>
<pin id="186" dir="0" index="9" bw="10" slack="2"/>
<pin id="187" dir="0" index="10" bw="10" slack="2"/>
<pin id="188" dir="0" index="11" bw="10" slack="2"/>
<pin id="189" dir="0" index="12" bw="10" slack="2"/>
<pin id="190" dir="0" index="13" bw="10" slack="2"/>
<pin id="191" dir="0" index="14" bw="10" slack="2"/>
<pin id="192" dir="0" index="15" bw="10" slack="2"/>
<pin id="193" dir="0" index="16" bw="1" slack="0"/>
<pin id="194" dir="0" index="17" bw="15" slack="2"/>
<pin id="195" dir="0" index="18" bw="11" slack="1"/>
<pin id="196" dir="0" index="19" bw="11" slack="2"/>
<pin id="197" dir="0" index="20" bw="11" slack="2"/>
<pin id="198" dir="0" index="21" bw="1" slack="2"/>
<pin id="199" dir="0" index="22" bw="15" slack="0"/>
<pin id="200" dir="0" index="23" bw="11" slack="2"/>
<pin id="201" dir="0" index="24" bw="30" slack="0"/>
<pin id="202" dir="0" index="25" bw="30" slack="0"/>
<pin id="203" dir="0" index="26" bw="10" slack="2"/>
<pin id="204" dir="0" index="27" bw="10" slack="2"/>
<pin id="205" dir="0" index="28" bw="10" slack="2"/>
<pin id="206" dir="0" index="29" bw="10" slack="2"/>
<pin id="207" dir="0" index="30" bw="10" slack="2"/>
<pin id="208" dir="0" index="31" bw="10" slack="2"/>
<pin id="209" dir="0" index="32" bw="10" slack="2"/>
<pin id="210" dir="0" index="33" bw="10" slack="2"/>
<pin id="211" dir="0" index="34" bw="10" slack="2"/>
<pin id="212" dir="0" index="35" bw="10" slack="2"/>
<pin id="213" dir="0" index="36" bw="10" slack="2"/>
<pin id="214" dir="0" index="37" bw="10" slack="2"/>
<pin id="215" dir="0" index="38" bw="10" slack="2"/>
<pin id="216" dir="0" index="39" bw="10" slack="2"/>
<pin id="217" dir="0" index="40" bw="10" slack="2"/>
<pin id="218" dir="1" index="41" bw="0" slack="2147483647"/>
</pin_list>
<bind>
<opcode="call(48) " fcode="call"/>
<opset="call_ln772/3 "/>
</bind>
</comp>

<comp id="222" class="1004" name="x_phase_fu_222">
<pin_list>
<pin id="223" dir="0" index="0" bw="16" slack="0"/>
<pin id="224" dir="1" index="1" bw="1" slack="2"/>
</pin_list>
<bind>
<opcode="trunc(33) " fcode="trunc"/>
<opset="x_phase/1 "/>
</bind>
</comp>

<comp id="226" class="1004" name="loopHeight_fu_226">
<pin_list>
<pin id="227" dir="0" index="0" bw="11" slack="0"/>
<pin id="228" dir="0" index="1" bw="1" slack="0"/>
<pin id="229" dir="1" index="2" bw="11" slack="1"/>
</pin_list>
<bind>
<opcode="add(8) " fcode="add"/>
<opset="loopHeight/1 "/>
</bind>
</comp>

<comp id="232" class="1004" name="loopWidth_fu_232">
<pin_list>
<pin id="233" dir="0" index="0" bw="11" slack="0"/>
<pin id="234" dir="0" index="1" bw="1" slack="0"/>
<pin id="235" dir="1" index="2" bw="11" slack="2"/>
</pin_list>
<bind>
<opcode="add(8) " fcode="add"/>
<opset="loopWidth/1 "/>
</bind>
</comp>

<comp id="238" class="1004" name="trunc_ln_fu_238">
<pin_list>
<pin id="239" dir="0" index="0" bw="15" slack="0"/>
<pin id="240" dir="0" index="1" bw="16" slack="0"/>
<pin id="241" dir="0" index="2" bw="1" slack="0"/>
<pin id="242" dir="0" index="3" bw="5" slack="0"/>
<pin id="243" dir="1" index="4" bw="15" slack="2"/>
</pin_list>
<bind>
<opcode="partselect(1002) " fcode="partselect"/>
<opset="trunc_ln/1 "/>
</bind>
</comp>

<comp id="248" class="1004" name="store_ln603_store_fu_248">
<pin_list>
<pin id="249" dir="0" index="0" bw="1" slack="0"/>
<pin id="250" dir="0" index="1" bw="11" slack="0"/>
<pin id="251" dir="1" index="2" bw="0" slack="2147483647"/>
</pin_list>
<bind>
<opcode="store(28) " fcode="store"/>
<opset="store_ln603/1 "/>
</bind>
</comp>

<comp id="253" class="1004" name="y_3_load_fu_253">
<pin_list>
<pin id="254" dir="0" index="0" bw="11" slack="1"/>
<pin id="255" dir="1" index="1" bw="11" slack="0"/>
</pin_list>
<bind>
<opcode="load(27) " fcode="load"/>
<opset="y_3/2 "/>
</bind>
</comp>

<comp id="256" class="1004" name="icmp_ln630_fu_256">
<pin_list>
<pin id="257" dir="0" index="0" bw="11" slack="0"/>
<pin id="258" dir="0" index="1" bw="11" slack="1"/>
<pin id="259" dir="1" index="2" bw="1" slack="2147483647"/>
</pin_list>
<bind>
<opcode="icmp(45) " fcode="icmp"/>
<opset="icmp_ln630/2 "/>
</bind>
</comp>

<comp id="261" class="1004" name="y_4_fu_261">
<pin_list>
<pin id="262" dir="0" index="0" bw="11" slack="0"/>
<pin id="263" dir="0" index="1" bw="1" slack="0"/>
<pin id="264" dir="1" index="2" bw="11" slack="0"/>
</pin_list>
<bind>
<opcode="add(8) " fcode="add"/>
<opset="y_4/2 "/>
</bind>
</comp>

<comp id="267" class="1004" name="p_0_0_09401417_lcssa1469_i_load_load_fu_267">
<pin_list>
<pin id="268" dir="0" index="0" bw="10" slack="1"/>
<pin id="269" dir="1" index="1" bw="10" slack="2"/>
</pin_list>
<bind>
<opcode="load(27) " fcode="load"/>
<opset="p_0_0_09401417_lcssa1469_i_load/2 "/>
</bind>
</comp>

<comp id="270" class="1004" name="p_0_0_09391420_lcssa1471_i_load_load_fu_270">
<pin_list>
<pin id="271" dir="0" index="0" bw="10" slack="1"/>
<pin id="272" dir="1" index="1" bw="10" slack="2"/>
</pin_list>
<bind>
<opcode="load(27) " fcode="load"/>
<opset="p_0_0_09391420_lcssa1471_i_load/2 "/>
</bind>
</comp>

<comp id="273" class="1004" name="p_0_0_09381423_lcssa1473_i_load_load_fu_273">
<pin_list>
<pin id="274" dir="0" index="0" bw="10" slack="1"/>
<pin id="275" dir="1" index="1" bw="10" slack="2"/>
</pin_list>
<bind>
<opcode="load(27) " fcode="load"/>
<opset="p_0_0_09381423_lcssa1473_i_load/2 "/>
</bind>
</comp>

<comp id="276" class="1004" name="p_0_0_0940_21447_lcssa1481_i_load_load_fu_276">
<pin_list>
<pin id="277" dir="0" index="0" bw="10" slack="1"/>
<pin id="278" dir="1" index="1" bw="10" slack="2"/>
</pin_list>
<bind>
<opcode="load(27) " fcode="load"/>
<opset="p_0_0_0940_21447_lcssa1481_i_load/2 "/>
</bind>
</comp>

<comp id="279" class="1004" name="p_0_0_0939_21450_lcssa1483_i_load_load_fu_279">
<pin_list>
<pin id="280" dir="0" index="0" bw="10" slack="1"/>
<pin id="281" dir="1" index="1" bw="10" slack="2"/>
</pin_list>
<bind>
<opcode="load(27) " fcode="load"/>
<opset="p_0_0_0939_21450_lcssa1483_i_load/2 "/>
</bind>
</comp>

<comp id="282" class="1004" name="p_0_0_0938_21453_lcssa1485_i_load_load_fu_282">
<pin_list>
<pin id="283" dir="0" index="0" bw="10" slack="1"/>
<pin id="284" dir="1" index="1" bw="10" slack="2"/>
</pin_list>
<bind>
<opcode="load(27) " fcode="load"/>
<opset="p_0_0_0938_21453_lcssa1485_i_load/2 "/>
</bind>
</comp>

<comp id="285" class="1004" name="p_0_0_0_0_09131514_lcssa1551_i_load_load_fu_285">
<pin_list>
<pin id="286" dir="0" index="0" bw="10" slack="1"/>
<pin id="287" dir="1" index="1" bw="10" slack="2"/>
</pin_list>
<bind>
<opcode="load(27) " fcode="load"/>
<opset="p_0_0_0_0_09131514_lcssa1551_i_load/2 "/>
</bind>
</comp>

<comp id="288" class="1004" name="p_0_1_0_0_09141516_lcssa1553_i_load_load_fu_288">
<pin_list>
<pin id="289" dir="0" index="0" bw="10" slack="1"/>
<pin id="290" dir="1" index="1" bw="10" slack="2"/>
</pin_list>
<bind>
<opcode="load(27) " fcode="load"/>
<opset="p_0_1_0_0_09141516_lcssa1553_i_load/2 "/>
</bind>
</comp>

<comp id="291" class="1004" name="p_0_2_0_0_09151518_lcssa1555_i_load_load_fu_291">
<pin_list>
<pin id="292" dir="0" index="0" bw="10" slack="1"/>
<pin id="293" dir="1" index="1" bw="10" slack="2"/>
</pin_list>
<bind>
<opcode="load(27) " fcode="load"/>
<opset="p_0_2_0_0_09151518_lcssa1555_i_load/2 "/>
</bind>
</comp>

<comp id="294" class="1004" name="p_0_0_0940_115091521_lcssa1557_i_load_load_fu_294">
<pin_list>
<pin id="295" dir="0" index="0" bw="10" slack="1"/>
<pin id="296" dir="1" index="1" bw="10" slack="2"/>
</pin_list>
<bind>
<opcode="load(27) " fcode="load"/>
<opset="p_0_0_0940_115091521_lcssa1557_i_load/2 "/>
</bind>
</comp>

<comp id="297" class="1004" name="p_0_0_0939_115111523_lcssa1559_i_load_load_fu_297">
<pin_list>
<pin id="298" dir="0" index="0" bw="10" slack="1"/>
<pin id="299" dir="1" index="1" bw="10" slack="2"/>
</pin_list>
<bind>
<opcode="load(27) " fcode="load"/>
<opset="p_0_0_0939_115111523_lcssa1559_i_load/2 "/>
</bind>
</comp>

<comp id="300" class="1004" name="p_0_0_0938_115131525_lcssa1561_i_load_load_fu_300">
<pin_list>
<pin id="301" dir="0" index="0" bw="10" slack="1"/>
<pin id="302" dir="1" index="1" bw="10" slack="2"/>
</pin_list>
<bind>
<opcode="load(27) " fcode="load"/>
<opset="p_0_0_0938_115131525_lcssa1561_i_load/2 "/>
</bind>
</comp>

<comp id="303" class="1004" name="p_0_0_0_0_09071526_lcssa1563_i_load_load_fu_303">
<pin_list>
<pin id="304" dir="0" index="0" bw="10" slack="1"/>
<pin id="305" dir="1" index="1" bw="10" slack="2"/>
</pin_list>
<bind>
<opcode="load(27) " fcode="load"/>
<opset="p_0_0_0_0_09071526_lcssa1563_i_load/2 "/>
</bind>
</comp>

<comp id="306" class="1004" name="p_0_1_0_0_09081528_lcssa1565_i_load_load_fu_306">
<pin_list>
<pin id="307" dir="0" index="0" bw="10" slack="1"/>
<pin id="308" dir="1" index="1" bw="10" slack="2"/>
</pin_list>
<bind>
<opcode="load(27) " fcode="load"/>
<opset="p_0_1_0_0_09081528_lcssa1565_i_load/2 "/>
</bind>
</comp>

<comp id="309" class="1004" name="p_0_2_0_0_09091530_lcssa1567_i_load_load_fu_309">
<pin_list>
<pin id="310" dir="0" index="0" bw="10" slack="1"/>
<pin id="311" dir="1" index="1" bw="10" slack="2"/>
</pin_list>
<bind>
<opcode="load(27) " fcode="load"/>
<opset="p_0_2_0_0_09091530_lcssa1567_i_load/2 "/>
</bind>
</comp>

<comp id="312" class="1004" name="store_ln603_store_fu_312">
<pin_list>
<pin id="313" dir="0" index="0" bw="11" slack="0"/>
<pin id="314" dir="0" index="1" bw="11" slack="1"/>
<pin id="315" dir="1" index="2" bw="0" slack="2147483647"/>
</pin_list>
<bind>
<opcode="store(28) " fcode="store"/>
<opset="store_ln603/2 "/>
</bind>
</comp>

<comp id="317" class="1004" name="trunc_ln630_fu_317">
<pin_list>
<pin id="318" dir="0" index="0" bw="11" slack="1"/>
<pin id="319" dir="1" index="1" bw="1" slack="0"/>
</pin_list>
<bind>
<opcode="trunc(33) " fcode="trunc"/>
<opset="trunc_ln630/3 "/>
</bind>
</comp>

<comp id="320" class="1004" name="xor_ln772_fu_320">
<pin_list>
<pin id="321" dir="0" index="0" bw="1" slack="0"/>
<pin id="322" dir="0" index="1" bw="1" slack="0"/>
<pin id="323" dir="1" index="2" bw="1" slack="0"/>
</pin_list>
<bind>
<opcode="xor(25) " fcode="xor"/>
<opset="xor_ln772/3 "/>
</bind>
</comp>

<comp id="327" class="1004" name="zext_ln772_fu_327">
<pin_list>
<pin id="328" dir="0" index="0" bw="1" slack="0"/>
<pin id="329" dir="1" index="1" bw="15" slack="0"/>
</pin_list>
<bind>
<opcode="zext(34) " fcode="zext"/>
<opset="zext_ln772/3 "/>
</bind>
</comp>

<comp id="331" class="1004" name="xor_ln772_1_fu_331">
<pin_list>
<pin id="332" dir="0" index="0" bw="15" slack="2"/>
<pin id="333" dir="0" index="1" bw="15" slack="0"/>
<pin id="334" dir="1" index="2" bw="15" slack="0"/>
</pin_list>
<bind>
<opcode="xor(25) " fcode="xor"/>
<opset="xor_ln772_1/3 "/>
</bind>
</comp>

<comp id="337" class="1005" name="y_reg_337">
<pin_list>
<pin id="338" dir="0" index="0" bw="11" slack="0"/>
<pin id="339" dir="1" index="1" bw="11" slack="0"/>
</pin_list>
<bind>
<opset="y "/>
</bind>
</comp>

<comp id="344" class="1005" name="p_0_0_09401417_lcssa1469_i_reg_344">
<pin_list>
<pin id="345" dir="0" index="0" bw="10" slack="1"/>
<pin id="346" dir="1" index="1" bw="10" slack="1"/>
</pin_list>
<bind>
<opset="p_0_0_09401417_lcssa1469_i "/>
</bind>
</comp>

<comp id="350" class="1005" name="p_0_0_09391420_lcssa1471_i_reg_350">
<pin_list>
<pin id="351" dir="0" index="0" bw="10" slack="1"/>
<pin id="352" dir="1" index="1" bw="10" slack="1"/>
</pin_list>
<bind>
<opset="p_0_0_09391420_lcssa1471_i "/>
</bind>
</comp>

<comp id="356" class="1005" name="p_0_0_09381423_lcssa1473_i_reg_356">
<pin_list>
<pin id="357" dir="0" index="0" bw="10" slack="1"/>
<pin id="358" dir="1" index="1" bw="10" slack="1"/>
</pin_list>
<bind>
<opset="p_0_0_09381423_lcssa1473_i "/>
</bind>
</comp>

<comp id="362" class="1005" name="p_0_0_0940_21447_lcssa1481_i_reg_362">
<pin_list>
<pin id="363" dir="0" index="0" bw="10" slack="1"/>
<pin id="364" dir="1" index="1" bw="10" slack="1"/>
</pin_list>
<bind>
<opset="p_0_0_0940_21447_lcssa1481_i "/>
</bind>
</comp>

<comp id="368" class="1005" name="p_0_0_0939_21450_lcssa1483_i_reg_368">
<pin_list>
<pin id="369" dir="0" index="0" bw="10" slack="1"/>
<pin id="370" dir="1" index="1" bw="10" slack="1"/>
</pin_list>
<bind>
<opset="p_0_0_0939_21450_lcssa1483_i "/>
</bind>
</comp>

<comp id="374" class="1005" name="p_0_0_0938_21453_lcssa1485_i_reg_374">
<pin_list>
<pin id="375" dir="0" index="0" bw="10" slack="1"/>
<pin id="376" dir="1" index="1" bw="10" slack="1"/>
</pin_list>
<bind>
<opset="p_0_0_0938_21453_lcssa1485_i "/>
</bind>
</comp>

<comp id="380" class="1005" name="p_0_0_0_0_09131514_lcssa1551_i_reg_380">
<pin_list>
<pin id="381" dir="0" index="0" bw="10" slack="1"/>
<pin id="382" dir="1" index="1" bw="10" slack="1"/>
</pin_list>
<bind>
<opset="p_0_0_0_0_09131514_lcssa1551_i "/>
</bind>
</comp>

<comp id="386" class="1005" name="p_0_1_0_0_09141516_lcssa1553_i_reg_386">
<pin_list>
<pin id="387" dir="0" index="0" bw="10" slack="1"/>
<pin id="388" dir="1" index="1" bw="10" slack="1"/>
</pin_list>
<bind>
<opset="p_0_1_0_0_09141516_lcssa1553_i "/>
</bind>
</comp>

<comp id="392" class="1005" name="p_0_2_0_0_09151518_lcssa1555_i_reg_392">
<pin_list>
<pin id="393" dir="0" index="0" bw="10" slack="1"/>
<pin id="394" dir="1" index="1" bw="10" slack="1"/>
</pin_list>
<bind>
<opset="p_0_2_0_0_09151518_lcssa1555_i "/>
</bind>
</comp>

<comp id="398" class="1005" name="p_0_0_0940_115091521_lcssa1557_i_reg_398">
<pin_list>
<pin id="399" dir="0" index="0" bw="10" slack="1"/>
<pin id="400" dir="1" index="1" bw="10" slack="1"/>
</pin_list>
<bind>
<opset="p_0_0_0940_115091521_lcssa1557_i "/>
</bind>
</comp>

<comp id="404" class="1005" name="p_0_0_0939_115111523_lcssa1559_i_reg_404">
<pin_list>
<pin id="405" dir="0" index="0" bw="10" slack="1"/>
<pin id="406" dir="1" index="1" bw="10" slack="1"/>
</pin_list>
<bind>
<opset="p_0_0_0939_115111523_lcssa1559_i "/>
</bind>
</comp>

<comp id="410" class="1005" name="p_0_0_0938_115131525_lcssa1561_i_reg_410">
<pin_list>
<pin id="411" dir="0" index="0" bw="10" slack="1"/>
<pin id="412" dir="1" index="1" bw="10" slack="1"/>
</pin_list>
<bind>
<opset="p_0_0_0938_115131525_lcssa1561_i "/>
</bind>
</comp>

<comp id="416" class="1005" name="p_0_0_0_0_09071526_lcssa1563_i_reg_416">
<pin_list>
<pin id="417" dir="0" index="0" bw="10" slack="1"/>
<pin id="418" dir="1" index="1" bw="10" slack="1"/>
</pin_list>
<bind>
<opset="p_0_0_0_0_09071526_lcssa1563_i "/>
</bind>
</comp>

<comp id="422" class="1005" name="p_0_1_0_0_09081528_lcssa1565_i_reg_422">
<pin_list>
<pin id="423" dir="0" index="0" bw="10" slack="1"/>
<pin id="424" dir="1" index="1" bw="10" slack="1"/>
</pin_list>
<bind>
<opset="p_0_1_0_0_09081528_lcssa1565_i "/>
</bind>
</comp>

<comp id="428" class="1005" name="p_0_2_0_0_09091530_lcssa1567_i_reg_428">
<pin_list>
<pin id="429" dir="0" index="0" bw="10" slack="1"/>
<pin id="430" dir="1" index="1" bw="10" slack="1"/>
</pin_list>
<bind>
<opset="p_0_2_0_0_09091530_lcssa1567_i "/>
</bind>
</comp>

<comp id="434" class="1005" name="width_val8_read_reg_434">
<pin_list>
<pin id="435" dir="0" index="0" bw="11" slack="2"/>
<pin id="436" dir="1" index="1" bw="11" slack="2"/>
</pin_list>
<bind>
<opset="width_val8_read "/>
</bind>
</comp>

<comp id="439" class="1005" name="height_val4_read_reg_439">
<pin_list>
<pin id="440" dir="0" index="0" bw="11" slack="2"/>
<pin id="441" dir="1" index="1" bw="11" slack="2"/>
</pin_list>
<bind>
<opset="height_val4_read "/>
</bind>
</comp>

<comp id="444" class="1005" name="x_phase_reg_444">
<pin_list>
<pin id="445" dir="0" index="0" bw="1" slack="2"/>
<pin id="446" dir="1" index="1" bw="1" slack="2"/>
</pin_list>
<bind>
<opset="x_phase "/>
</bind>
</comp>

<comp id="449" class="1005" name="loopHeight_reg_449">
<pin_list>
<pin id="450" dir="0" index="0" bw="11" slack="1"/>
<pin id="451" dir="1" index="1" bw="11" slack="1"/>
</pin_list>
<bind>
<opset="loopHeight "/>
</bind>
</comp>

<comp id="454" class="1005" name="loopWidth_reg_454">
<pin_list>
<pin id="455" dir="0" index="0" bw="11" slack="2"/>
<pin id="456" dir="1" index="1" bw="11" slack="2"/>
</pin_list>
<bind>
<opset="loopWidth "/>
</bind>
</comp>

<comp id="459" class="1005" name="trunc_ln_reg_459">
<pin_list>
<pin id="460" dir="0" index="0" bw="15" slack="2"/>
<pin id="461" dir="1" index="1" bw="15" slack="2"/>
</pin_list>
<bind>
<opset="trunc_ln "/>
</bind>
</comp>

<comp id="465" class="1005" name="y_3_reg_465">
<pin_list>
<pin id="466" dir="0" index="0" bw="11" slack="1"/>
<pin id="467" dir="1" index="1" bw="11" slack="1"/>
</pin_list>
<bind>
<opset="y_3 "/>
</bind>
</comp>

<comp id="474" class="1005" name="p_0_0_09401417_lcssa1469_i_load_reg_474">
<pin_list>
<pin id="475" dir="0" index="0" bw="10" slack="2"/>
<pin id="476" dir="1" index="1" bw="10" slack="2"/>
</pin_list>
<bind>
<opset="p_0_0_09401417_lcssa1469_i_load "/>
</bind>
</comp>

<comp id="479" class="1005" name="p_0_0_09391420_lcssa1471_i_load_reg_479">
<pin_list>
<pin id="480" dir="0" index="0" bw="10" slack="2"/>
<pin id="481" dir="1" index="1" bw="10" slack="2"/>
</pin_list>
<bind>
<opset="p_0_0_09391420_lcssa1471_i_load "/>
</bind>
</comp>

<comp id="484" class="1005" name="p_0_0_09381423_lcssa1473_i_load_reg_484">
<pin_list>
<pin id="485" dir="0" index="0" bw="10" slack="2"/>
<pin id="486" dir="1" index="1" bw="10" slack="2"/>
</pin_list>
<bind>
<opset="p_0_0_09381423_lcssa1473_i_load "/>
</bind>
</comp>

<comp id="489" class="1005" name="p_0_0_0940_21447_lcssa1481_i_load_reg_489">
<pin_list>
<pin id="490" dir="0" index="0" bw="10" slack="2"/>
<pin id="491" dir="1" index="1" bw="10" slack="2"/>
</pin_list>
<bind>
<opset="p_0_0_0940_21447_lcssa1481_i_load "/>
</bind>
</comp>

<comp id="494" class="1005" name="p_0_0_0939_21450_lcssa1483_i_load_reg_494">
<pin_list>
<pin id="495" dir="0" index="0" bw="10" slack="2"/>
<pin id="496" dir="1" index="1" bw="10" slack="2"/>
</pin_list>
<bind>
<opset="p_0_0_0939_21450_lcssa1483_i_load "/>
</bind>
</comp>

<comp id="499" class="1005" name="p_0_0_0938_21453_lcssa1485_i_load_reg_499">
<pin_list>
<pin id="500" dir="0" index="0" bw="10" slack="2"/>
<pin id="501" dir="1" index="1" bw="10" slack="2"/>
</pin_list>
<bind>
<opset="p_0_0_0938_21453_lcssa1485_i_load "/>
</bind>
</comp>

<comp id="504" class="1005" name="p_0_0_0_0_09131514_lcssa1551_i_load_reg_504">
<pin_list>
<pin id="505" dir="0" index="0" bw="10" slack="2"/>
<pin id="506" dir="1" index="1" bw="10" slack="2"/>
</pin_list>
<bind>
<opset="p_0_0_0_0_09131514_lcssa1551_i_load "/>
</bind>
</comp>

<comp id="509" class="1005" name="p_0_1_0_0_09141516_lcssa1553_i_load_reg_509">
<pin_list>
<pin id="510" dir="0" index="0" bw="10" slack="2"/>
<pin id="511" dir="1" index="1" bw="10" slack="2"/>
</pin_list>
<bind>
<opset="p_0_1_0_0_09141516_lcssa1553_i_load "/>
</bind>
</comp>

<comp id="514" class="1005" name="p_0_2_0_0_09151518_lcssa1555_i_load_reg_514">
<pin_list>
<pin id="515" dir="0" index="0" bw="10" slack="2"/>
<pin id="516" dir="1" index="1" bw="10" slack="2"/>
</pin_list>
<bind>
<opset="p_0_2_0_0_09151518_lcssa1555_i_load "/>
</bind>
</comp>

<comp id="519" class="1005" name="p_0_0_0940_115091521_lcssa1557_i_load_reg_519">
<pin_list>
<pin id="520" dir="0" index="0" bw="10" slack="2"/>
<pin id="521" dir="1" index="1" bw="10" slack="2"/>
</pin_list>
<bind>
<opset="p_0_0_0940_115091521_lcssa1557_i_load "/>
</bind>
</comp>

<comp id="524" class="1005" name="p_0_0_0939_115111523_lcssa1559_i_load_reg_524">
<pin_list>
<pin id="525" dir="0" index="0" bw="10" slack="2"/>
<pin id="526" dir="1" index="1" bw="10" slack="2"/>
</pin_list>
<bind>
<opset="p_0_0_0939_115111523_lcssa1559_i_load "/>
</bind>
</comp>

<comp id="529" class="1005" name="p_0_0_0938_115131525_lcssa1561_i_load_reg_529">
<pin_list>
<pin id="530" dir="0" index="0" bw="10" slack="2"/>
<pin id="531" dir="1" index="1" bw="10" slack="2"/>
</pin_list>
<bind>
<opset="p_0_0_0938_115131525_lcssa1561_i_load "/>
</bind>
</comp>

<comp id="534" class="1005" name="p_0_0_0_0_09071526_lcssa1563_i_load_reg_534">
<pin_list>
<pin id="535" dir="0" index="0" bw="10" slack="2"/>
<pin id="536" dir="1" index="1" bw="10" slack="2"/>
</pin_list>
<bind>
<opset="p_0_0_0_0_09071526_lcssa1563_i_load "/>
</bind>
</comp>

<comp id="539" class="1005" name="p_0_1_0_0_09081528_lcssa1565_i_load_reg_539">
<pin_list>
<pin id="540" dir="0" index="0" bw="10" slack="2"/>
<pin id="541" dir="1" index="1" bw="10" slack="2"/>
</pin_list>
<bind>
<opset="p_0_1_0_0_09081528_lcssa1565_i_load "/>
</bind>
</comp>

<comp id="544" class="1005" name="p_0_2_0_0_09091530_lcssa1567_i_load_reg_544">
<pin_list>
<pin id="545" dir="0" index="0" bw="10" slack="2"/>
<pin id="546" dir="1" index="1" bw="10" slack="2"/>
</pin_list>
<bind>
<opset="p_0_2_0_0_09091530_lcssa1567_i_load "/>
</bind>
</comp>

<comp id="549" class="1005" name="xor_ln772_reg_549">
<pin_list>
<pin id="550" dir="0" index="0" bw="1" slack="1"/>
<pin id="551" dir="1" index="1" bw="1" slack="1"/>
</pin_list>
<bind>
<opset="xor_ln772 "/>
</bind>
</comp>

<comp id="554" class="1005" name="xor_ln772_1_reg_554">
<pin_list>
<pin id="555" dir="0" index="0" bw="15" slack="1"/>
<pin id="556" dir="1" index="1" bw="15" slack="1"/>
</pin_list>
<bind>
<opset="xor_ln772_1 "/>
</bind>
</comp>

</comp_list>

<net_list>
<net id="73"><net_src comp="16" pin="0"/><net_sink comp="70" pin=0"/></net>

<net id="77"><net_src comp="16" pin="0"/><net_sink comp="74" pin=0"/></net>

<net id="81"><net_src comp="16" pin="0"/><net_sink comp="78" pin=0"/></net>

<net id="85"><net_src comp="16" pin="0"/><net_sink comp="82" pin=0"/></net>

<net id="89"><net_src comp="16" pin="0"/><net_sink comp="86" pin=0"/></net>

<net id="93"><net_src comp="16" pin="0"/><net_sink comp="90" pin=0"/></net>

<net id="97"><net_src comp="16" pin="0"/><net_sink comp="94" pin=0"/></net>

<net id="101"><net_src comp="16" pin="0"/><net_sink comp="98" pin=0"/></net>

<net id="105"><net_src comp="16" pin="0"/><net_sink comp="102" pin=0"/></net>

<net id="109"><net_src comp="16" pin="0"/><net_sink comp="106" pin=0"/></net>

<net id="113"><net_src comp="16" pin="0"/><net_sink comp="110" pin=0"/></net>

<net id="117"><net_src comp="16" pin="0"/><net_sink comp="114" pin=0"/></net>

<net id="121"><net_src comp="16" pin="0"/><net_sink comp="118" pin=0"/></net>

<net id="125"><net_src comp="16" pin="0"/><net_sink comp="122" pin=0"/></net>

<net id="129"><net_src comp="16" pin="0"/><net_sink comp="126" pin=0"/></net>

<net id="133"><net_src comp="16" pin="0"/><net_sink comp="130" pin=0"/></net>

<net id="138"><net_src comp="34" pin="0"/><net_sink comp="134" pin=0"/></net>

<net id="139"><net_src comp="8" pin="0"/><net_sink comp="134" pin=1"/></net>

<net id="145"><net_src comp="36" pin="0"/><net_sink comp="140" pin=0"/></net>

<net id="146"><net_src comp="14" pin="0"/><net_sink comp="140" pin=1"/></net>

<net id="147"><net_src comp="134" pin="2"/><net_sink comp="140" pin=2"/></net>

<net id="152"><net_src comp="38" pin="0"/><net_sink comp="148" pin=0"/></net>

<net id="153"><net_src comp="6" pin="0"/><net_sink comp="148" pin=1"/></net>

<net id="159"><net_src comp="40" pin="0"/><net_sink comp="154" pin=0"/></net>

<net id="160"><net_src comp="12" pin="0"/><net_sink comp="154" pin=1"/></net>

<net id="161"><net_src comp="148" pin="2"/><net_sink comp="154" pin=2"/></net>

<net id="166"><net_src comp="38" pin="0"/><net_sink comp="162" pin=0"/></net>

<net id="167"><net_src comp="4" pin="0"/><net_sink comp="162" pin=1"/></net>

<net id="173"><net_src comp="40" pin="0"/><net_sink comp="168" pin=0"/></net>

<net id="174"><net_src comp="10" pin="0"/><net_sink comp="168" pin=1"/></net>

<net id="175"><net_src comp="162" pin="2"/><net_sink comp="168" pin=2"/></net>

<net id="219"><net_src comp="64" pin="0"/><net_sink comp="176" pin=0"/></net>

<net id="220"><net_src comp="0" pin="0"/><net_sink comp="176" pin=24"/></net>

<net id="221"><net_src comp="2" pin="0"/><net_sink comp="176" pin=25"/></net>

<net id="225"><net_src comp="134" pin="2"/><net_sink comp="222" pin=0"/></net>

<net id="230"><net_src comp="162" pin="2"/><net_sink comp="226" pin=0"/></net>

<net id="231"><net_src comp="46" pin="0"/><net_sink comp="226" pin=1"/></net>

<net id="236"><net_src comp="148" pin="2"/><net_sink comp="232" pin=0"/></net>

<net id="237"><net_src comp="46" pin="0"/><net_sink comp="232" pin=1"/></net>

<net id="244"><net_src comp="48" pin="0"/><net_sink comp="238" pin=0"/></net>

<net id="245"><net_src comp="134" pin="2"/><net_sink comp="238" pin=1"/></net>

<net id="246"><net_src comp="16" pin="0"/><net_sink comp="238" pin=2"/></net>

<net id="247"><net_src comp="50" pin="0"/><net_sink comp="238" pin=3"/></net>

<net id="252"><net_src comp="52" pin="0"/><net_sink comp="248" pin=0"/></net>

<net id="260"><net_src comp="253" pin="1"/><net_sink comp="256" pin=0"/></net>

<net id="265"><net_src comp="253" pin="1"/><net_sink comp="261" pin=0"/></net>

<net id="266"><net_src comp="46" pin="0"/><net_sink comp="261" pin=1"/></net>

<net id="316"><net_src comp="261" pin="2"/><net_sink comp="312" pin=0"/></net>

<net id="324"><net_src comp="317" pin="1"/><net_sink comp="320" pin=0"/></net>

<net id="325"><net_src comp="62" pin="0"/><net_sink comp="320" pin=1"/></net>

<net id="326"><net_src comp="320" pin="2"/><net_sink comp="176" pin=16"/></net>

<net id="330"><net_src comp="320" pin="2"/><net_sink comp="327" pin=0"/></net>

<net id="335"><net_src comp="327" pin="1"/><net_sink comp="331" pin=1"/></net>

<net id="336"><net_src comp="331" pin="2"/><net_sink comp="176" pin=22"/></net>

<net id="340"><net_src comp="70" pin="1"/><net_sink comp="337" pin=0"/></net>

<net id="341"><net_src comp="337" pin="1"/><net_sink comp="248" pin=1"/></net>

<net id="342"><net_src comp="337" pin="1"/><net_sink comp="253" pin=0"/></net>

<net id="343"><net_src comp="337" pin="1"/><net_sink comp="312" pin=1"/></net>

<net id="347"><net_src comp="74" pin="1"/><net_sink comp="344" pin=0"/></net>

<net id="348"><net_src comp="344" pin="1"/><net_sink comp="267" pin=0"/></net>

<net id="349"><net_src comp="344" pin="1"/><net_sink comp="176" pin=40"/></net>

<net id="353"><net_src comp="78" pin="1"/><net_sink comp="350" pin=0"/></net>

<net id="354"><net_src comp="350" pin="1"/><net_sink comp="270" pin=0"/></net>

<net id="355"><net_src comp="350" pin="1"/><net_sink comp="176" pin=39"/></net>

<net id="359"><net_src comp="82" pin="1"/><net_sink comp="356" pin=0"/></net>

<net id="360"><net_src comp="356" pin="1"/><net_sink comp="273" pin=0"/></net>

<net id="361"><net_src comp="356" pin="1"/><net_sink comp="176" pin=38"/></net>

<net id="365"><net_src comp="86" pin="1"/><net_sink comp="362" pin=0"/></net>

<net id="366"><net_src comp="362" pin="1"/><net_sink comp="276" pin=0"/></net>

<net id="367"><net_src comp="362" pin="1"/><net_sink comp="176" pin=37"/></net>

<net id="371"><net_src comp="90" pin="1"/><net_sink comp="368" pin=0"/></net>

<net id="372"><net_src comp="368" pin="1"/><net_sink comp="279" pin=0"/></net>

<net id="373"><net_src comp="368" pin="1"/><net_sink comp="176" pin=36"/></net>

<net id="377"><net_src comp="94" pin="1"/><net_sink comp="374" pin=0"/></net>

<net id="378"><net_src comp="374" pin="1"/><net_sink comp="282" pin=0"/></net>

<net id="379"><net_src comp="374" pin="1"/><net_sink comp="176" pin=35"/></net>

<net id="383"><net_src comp="98" pin="1"/><net_sink comp="380" pin=0"/></net>

<net id="384"><net_src comp="380" pin="1"/><net_sink comp="285" pin=0"/></net>

<net id="385"><net_src comp="380" pin="1"/><net_sink comp="176" pin=34"/></net>

<net id="389"><net_src comp="102" pin="1"/><net_sink comp="386" pin=0"/></net>

<net id="390"><net_src comp="386" pin="1"/><net_sink comp="288" pin=0"/></net>

<net id="391"><net_src comp="386" pin="1"/><net_sink comp="176" pin=33"/></net>

<net id="395"><net_src comp="106" pin="1"/><net_sink comp="392" pin=0"/></net>

<net id="396"><net_src comp="392" pin="1"/><net_sink comp="291" pin=0"/></net>

<net id="397"><net_src comp="392" pin="1"/><net_sink comp="176" pin=32"/></net>

<net id="401"><net_src comp="110" pin="1"/><net_sink comp="398" pin=0"/></net>

<net id="402"><net_src comp="398" pin="1"/><net_sink comp="294" pin=0"/></net>

<net id="403"><net_src comp="398" pin="1"/><net_sink comp="176" pin=31"/></net>

<net id="407"><net_src comp="114" pin="1"/><net_sink comp="404" pin=0"/></net>

<net id="408"><net_src comp="404" pin="1"/><net_sink comp="297" pin=0"/></net>

<net id="409"><net_src comp="404" pin="1"/><net_sink comp="176" pin=30"/></net>

<net id="413"><net_src comp="118" pin="1"/><net_sink comp="410" pin=0"/></net>

<net id="414"><net_src comp="410" pin="1"/><net_sink comp="300" pin=0"/></net>

<net id="415"><net_src comp="410" pin="1"/><net_sink comp="176" pin=29"/></net>

<net id="419"><net_src comp="122" pin="1"/><net_sink comp="416" pin=0"/></net>

<net id="420"><net_src comp="416" pin="1"/><net_sink comp="303" pin=0"/></net>

<net id="421"><net_src comp="416" pin="1"/><net_sink comp="176" pin=28"/></net>

<net id="425"><net_src comp="126" pin="1"/><net_sink comp="422" pin=0"/></net>

<net id="426"><net_src comp="422" pin="1"/><net_sink comp="306" pin=0"/></net>

<net id="427"><net_src comp="422" pin="1"/><net_sink comp="176" pin=27"/></net>

<net id="431"><net_src comp="130" pin="1"/><net_sink comp="428" pin=0"/></net>

<net id="432"><net_src comp="428" pin="1"/><net_sink comp="309" pin=0"/></net>

<net id="433"><net_src comp="428" pin="1"/><net_sink comp="176" pin=26"/></net>

<net id="437"><net_src comp="148" pin="2"/><net_sink comp="434" pin=0"/></net>

<net id="438"><net_src comp="434" pin="1"/><net_sink comp="176" pin=23"/></net>

<net id="442"><net_src comp="162" pin="2"/><net_sink comp="439" pin=0"/></net>

<net id="443"><net_src comp="439" pin="1"/><net_sink comp="176" pin=19"/></net>

<net id="447"><net_src comp="222" pin="1"/><net_sink comp="444" pin=0"/></net>

<net id="448"><net_src comp="444" pin="1"/><net_sink comp="176" pin=21"/></net>

<net id="452"><net_src comp="226" pin="2"/><net_sink comp="449" pin=0"/></net>

<net id="453"><net_src comp="449" pin="1"/><net_sink comp="256" pin=1"/></net>

<net id="457"><net_src comp="232" pin="2"/><net_sink comp="454" pin=0"/></net>

<net id="458"><net_src comp="454" pin="1"/><net_sink comp="176" pin=20"/></net>

<net id="462"><net_src comp="238" pin="4"/><net_sink comp="459" pin=0"/></net>

<net id="463"><net_src comp="459" pin="1"/><net_sink comp="331" pin=0"/></net>

<net id="464"><net_src comp="459" pin="1"/><net_sink comp="176" pin=17"/></net>

<net id="468"><net_src comp="253" pin="1"/><net_sink comp="465" pin=0"/></net>

<net id="469"><net_src comp="465" pin="1"/><net_sink comp="317" pin=0"/></net>

<net id="470"><net_src comp="465" pin="1"/><net_sink comp="176" pin=18"/></net>

<net id="477"><net_src comp="267" pin="1"/><net_sink comp="474" pin=0"/></net>

<net id="478"><net_src comp="474" pin="1"/><net_sink comp="176" pin=15"/></net>

<net id="482"><net_src comp="270" pin="1"/><net_sink comp="479" pin=0"/></net>

<net id="483"><net_src comp="479" pin="1"/><net_sink comp="176" pin=14"/></net>

<net id="487"><net_src comp="273" pin="1"/><net_sink comp="484" pin=0"/></net>

<net id="488"><net_src comp="484" pin="1"/><net_sink comp="176" pin=13"/></net>

<net id="492"><net_src comp="276" pin="1"/><net_sink comp="489" pin=0"/></net>

<net id="493"><net_src comp="489" pin="1"/><net_sink comp="176" pin=12"/></net>

<net id="497"><net_src comp="279" pin="1"/><net_sink comp="494" pin=0"/></net>

<net id="498"><net_src comp="494" pin="1"/><net_sink comp="176" pin=11"/></net>

<net id="502"><net_src comp="282" pin="1"/><net_sink comp="499" pin=0"/></net>

<net id="503"><net_src comp="499" pin="1"/><net_sink comp="176" pin=10"/></net>

<net id="507"><net_src comp="285" pin="1"/><net_sink comp="504" pin=0"/></net>

<net id="508"><net_src comp="504" pin="1"/><net_sink comp="176" pin=9"/></net>

<net id="512"><net_src comp="288" pin="1"/><net_sink comp="509" pin=0"/></net>

<net id="513"><net_src comp="509" pin="1"/><net_sink comp="176" pin=8"/></net>

<net id="517"><net_src comp="291" pin="1"/><net_sink comp="514" pin=0"/></net>

<net id="518"><net_src comp="514" pin="1"/><net_sink comp="176" pin=7"/></net>

<net id="522"><net_src comp="294" pin="1"/><net_sink comp="519" pin=0"/></net>

<net id="523"><net_src comp="519" pin="1"/><net_sink comp="176" pin=6"/></net>

<net id="527"><net_src comp="297" pin="1"/><net_sink comp="524" pin=0"/></net>

<net id="528"><net_src comp="524" pin="1"/><net_sink comp="176" pin=5"/></net>

<net id="532"><net_src comp="300" pin="1"/><net_sink comp="529" pin=0"/></net>

<net id="533"><net_src comp="529" pin="1"/><net_sink comp="176" pin=4"/></net>

<net id="537"><net_src comp="303" pin="1"/><net_sink comp="534" pin=0"/></net>

<net id="538"><net_src comp="534" pin="1"/><net_sink comp="176" pin=3"/></net>

<net id="542"><net_src comp="306" pin="1"/><net_sink comp="539" pin=0"/></net>

<net id="543"><net_src comp="539" pin="1"/><net_sink comp="176" pin=2"/></net>

<net id="547"><net_src comp="309" pin="1"/><net_sink comp="544" pin=0"/></net>

<net id="548"><net_src comp="544" pin="1"/><net_sink comp="176" pin=1"/></net>

<net id="552"><net_src comp="320" pin="2"/><net_sink comp="549" pin=0"/></net>

<net id="553"><net_src comp="549" pin="1"/><net_sink comp="176" pin=16"/></net>

<net id="557"><net_src comp="331" pin="2"/><net_sink comp="554" pin=0"/></net>

<net id="558"><net_src comp="554" pin="1"/><net_sink comp="176" pin=22"/></net>

</net_list>

</model> 
---------------- Datapath Model END ------------------

* FSMD analyzer results:
  - Output states:
	Port: imgRB | {3 4 }
	Port: height_val4_c | {1 }
	Port: width_val8_c | {1 }
	Port: bayerPhase_val11_c | {1 }
 - Input state : 
	Port: DebayerRatBorBatR : imgG | {3 4 }
	Port: DebayerRatBorBatR : height_val4 | {1 }
	Port: DebayerRatBorBatR : width_val8 | {1 }
	Port: DebayerRatBorBatR : bayerPhase_val11 | {1 }
  - Chain level:
	State 1
		store_ln603 : 1
	State 2
		icmp_ln630 : 1
		y_4 : 1
		br_ln630 : 2
		store_ln603 : 2
	State 3
		xor_ln772 : 1
		zext_ln772 : 1
		xor_ln772_1 : 2
		call_ln772 : 2
	State 4


============================================================
+ Verbose Summary: Datapath Resource usage 
============================================================

* Functional unit list:
|----------|--------------------------------------------------------|---------|---------|---------|---------|---------|
| Operation|                     Functional Unit                    |   BRAM  |  Delay  |    FF   |   LUT   |   URAM  |
|----------|--------------------------------------------------------|---------|---------|---------|---------|---------|
|   call   | grp_DebayerRatBorBatR_Pipeline_VITIS_LOOP_633_2_fu_176 |    8    |  3.176  |   798   |   938   |    0    |
|----------|--------------------------------------------------------|---------|---------|---------|---------|---------|
|          |                    loopHeight_fu_226                   |    0    |    0    |    0    |    12   |    0    |
|    add   |                    loopWidth_fu_232                    |    0    |    0    |    0    |    12   |    0    |
|          |                       y_4_fu_261                       |    0    |    0    |    0    |    12   |    0    |
|----------|--------------------------------------------------------|---------|---------|---------|---------|---------|
|    xor   |                    xor_ln772_fu_320                    |    0    |    0    |    0    |    2    |    0    |
|          |                   xor_ln772_1_fu_331                   |    0    |    0    |    0    |    15   |    0    |
|----------|--------------------------------------------------------|---------|---------|---------|---------|---------|
|   icmp   |                    icmp_ln630_fu_256                   |    0    |    0    |    0    |    12   |    0    |
|----------|--------------------------------------------------------|---------|---------|---------|---------|---------|
|          |            bayerPhase_val11_read_read_fu_134           |    0    |    0    |    0    |    0    |    0    |
|   read   |               width_val8_read_read_fu_148              |    0    |    0    |    0    |    0    |    0    |
|          |              height_val4_read_read_fu_162              |    0    |    0    |    0    |    0    |    0    |
|----------|--------------------------------------------------------|---------|---------|---------|---------|---------|
|          |                 write_ln0_write_fu_140                 |    0    |    0    |    0    |    0    |    0    |
|   write  |                 write_ln0_write_fu_154                 |    0    |    0    |    0    |    0    |    0    |
|          |                 write_ln0_write_fu_168                 |    0    |    0    |    0    |    0    |    0    |
|----------|--------------------------------------------------------|---------|---------|---------|---------|---------|
|   trunc  |                     x_phase_fu_222                     |    0    |    0    |    0    |    0    |    0    |
|          |                   trunc_ln630_fu_317                   |    0    |    0    |    0    |    0    |    0    |
|----------|--------------------------------------------------------|---------|---------|---------|---------|---------|
|partselect|                     trunc_ln_fu_238                    |    0    |    0    |    0    |    0    |    0    |
|----------|--------------------------------------------------------|---------|---------|---------|---------|---------|
|   zext   |                    zext_ln772_fu_327                   |    0    |    0    |    0    |    0    |    0    |
|----------|--------------------------------------------------------|---------|---------|---------|---------|---------|
|   Total  |                                                        |    8    |  3.176  |   798   |   1003  |    0    |
|----------|--------------------------------------------------------|---------|---------|---------|---------|---------|

Memories:
N/A

* Register list:
+---------------------------------------------+--------+
|                                             |   FF   |
+---------------------------------------------+--------+
|           height_val4_read_reg_439          |   11   |
|              loopHeight_reg_449             |   11   |
|              loopWidth_reg_454              |   11   |
|   p_0_0_09381423_lcssa1473_i_load_reg_484   |   10   |
|      p_0_0_09381423_lcssa1473_i_reg_356     |   10   |
|p_0_0_0938_115131525_lcssa1561_i_load_reg_529|   10   |
|   p_0_0_0938_115131525_lcssa1561_i_reg_410  |   10   |
|  p_0_0_0938_21453_lcssa1485_i_load_reg_499  |   10   |
|     p_0_0_0938_21453_lcssa1485_i_reg_374    |   10   |
|   p_0_0_09391420_lcssa1471_i_load_reg_479   |   10   |
|      p_0_0_09391420_lcssa1471_i_reg_350     |   10   |
|p_0_0_0939_115111523_lcssa1559_i_load_reg_524|   10   |
|   p_0_0_0939_115111523_lcssa1559_i_reg_404  |   10   |
|  p_0_0_0939_21450_lcssa1483_i_load_reg_494  |   10   |
|     p_0_0_0939_21450_lcssa1483_i_reg_368    |   10   |
|   p_0_0_09401417_lcssa1469_i_load_reg_474   |   10   |
|      p_0_0_09401417_lcssa1469_i_reg_344     |   10   |
|p_0_0_0940_115091521_lcssa1557_i_load_reg_519|   10   |
|   p_0_0_0940_115091521_lcssa1557_i_reg_398  |   10   |
|  p_0_0_0940_21447_lcssa1481_i_load_reg_489  |   10   |
|     p_0_0_0940_21447_lcssa1481_i_reg_362    |   10   |
| p_0_0_0_0_09071526_lcssa1563_i_load_reg_534 |   10   |
|    p_0_0_0_0_09071526_lcssa1563_i_reg_416   |   10   |
| p_0_0_0_0_09131514_lcssa1551_i_load_reg_504 |   10   |
|    p_0_0_0_0_09131514_lcssa1551_i_reg_380   |   10   |
| p_0_1_0_0_09081528_lcssa1565_i_load_reg_539 |   10   |
|    p_0_1_0_0_09081528_lcssa1565_i_reg_422   |   10   |
| p_0_1_0_0_09141516_lcssa1553_i_load_reg_509 |   10   |
|    p_0_1_0_0_09141516_lcssa1553_i_reg_386   |   10   |
| p_0_2_0_0_09091530_lcssa1567_i_load_reg_544 |   10   |
|    p_0_2_0_0_09091530_lcssa1567_i_reg_428   |   10   |
| p_0_2_0_0_09151518_lcssa1555_i_load_reg_514 |   10   |
|    p_0_2_0_0_09151518_lcssa1555_i_reg_392   |   10   |
|               trunc_ln_reg_459              |   15   |
|           width_val8_read_reg_434           |   11   |
|               x_phase_reg_444               |    1   |
|             xor_ln772_1_reg_554             |   15   |
|              xor_ln772_reg_549              |    1   |
|                 y_3_reg_465                 |   11   |
|                  y_reg_337                  |   11   |
+---------------------------------------------+--------+
|                    Total                    |   398  |
+---------------------------------------------+--------+

* Multiplexer (MUX) list: 
|--------------------------------------------------------|------|------|------|--------||---------||---------||---------|
|                          Comp                          |  Pin | Size |  BW  | S x BW ||  Delay  ||    FF   ||   LUT   |
|--------------------------------------------------------|------|------|------|--------||---------||---------||---------|
| grp_DebayerRatBorBatR_Pipeline_VITIS_LOOP_633_2_fu_176 |  p16 |   2  |   1  |    2   ||    0    ||    9    |
| grp_DebayerRatBorBatR_Pipeline_VITIS_LOOP_633_2_fu_176 |  p22 |   2  |  15  |   30   ||    0    ||    9    |
|--------------------------------------------------------|------|------|------|--------||---------||---------||---------|
|                          Total                         |      |      |      |   32   ||  3.176  ||    0    ||    18   |
|--------------------------------------------------------|------|------|------|--------||---------||---------||---------|



* Summary:
+-----------+--------+--------+--------+--------+--------+
|           |  BRAM  |  Delay |   FF   |   LUT  |  URAM  |
+-----------+--------+--------+--------+--------+--------+
|  Function |    8   |    3   |   798  |  1003  |    0   |
|   Memory  |    -   |    -   |    -   |    -   |    -   |
|Multiplexer|    -   |    3   |    0   |   18   |    -   |
|  Register |    -   |    -   |   398  |    -   |    -   |
+-----------+--------+--------+--------+--------+--------+
|   Total   |    8   |    6   |  1196  |  1021  |    0   |
+-----------+--------+--------+--------+--------+--------+
