

================================================================
== Vitis HLS Report for 'DebayerRandBatG_Pipeline_VITIS_LOOP_881_2'
================================================================
* Date:           Mon Sep 21 19:19:09 2026

* Version:        2025.2 (Build 6295257 on Nov 14 2025)
* Project:        prj
* Solution:       sol (Vivado IP Flow Target)
* Product family: zynq
* Target device:  xc7z020-clg400-1


================================================================
== Performance Estimates
================================================================
+ Timing: 
    * Summary: 
    +--------+----------+----------+------------+
    |  Clock |  Target  | Estimated| Uncertainty|
    +--------+----------+----------+------------+
    |ap_clk  |  10.00 ns|  7.156 ns|     2.70 ns|
    +--------+----------+----------+------------+

+ Latency: 
    * Summary: 
    +---------+---------+-----------+-----------+-----+-----+-------------------+
    |  Latency (cycles) |   Latency (absolute)  |  Interval |      Pipeline     |
    |   min   |   max   |    min    |    max    | min | max |        Type       |
    +---------+---------+-----------+-----------+-----+-----+-------------------+
    |        6|     1926|  60.000 ns|  19.260 us|    0|    0|  loop pipeline stp|
    +---------+---------+-----------+-----------+-----+-----+-------------------+

    + Detail: 
        * Instance: 
        N/A

        * Loop: 
        +--------------------+---------+---------+----------+-----------+-----------+----------+----------+
        |                    |  Latency (cycles) | Iteration|  Initiation Interval  |   Trip   |          |
        |      Loop Name     |   min   |   max   |  Latency |  achieved |   target  |   Count  | Pipelined|
        +--------------------+---------+---------+----------+-----------+-----------+----------+----------+
        |- VITIS_LOOP_881_2  |        4|     1924|         5|          1|          1|  1 ~ 1921|       yes|
        +--------------------+---------+---------+----------+-----------+-----------+----------+----------+

============================================================
+ Verbose Summary: Synthesis Manager
============================================================
InlineROM: 1
ExposeGlobal: 0
============================================================
+ Verbose Summary: CDFG Model
============================================================
IsTopModel: 0
ResetActiveHigh: 1
IsCombinational: 0
IsDatapathOnly: 0
HasWiredReturn: 1
HasMFsm: 2
HasVarLatency: 1
IsPipeline: 0
IsRtlPipelined: 0
IsInstanceOverlapped: 0
IsDontTouch: 0
HasImplIP: 0
IsGatedGlobalClock: 0

+ Individual pipeline summary: 
  * Pipeline-0: initiation interval (II) = 1, depth = 5


============================================================
+ Verbose Summary: Schedule
============================================================
* Number of FSM states : 5
* Pipeline : 1
  Pipeline-0 : II = 1, D = 5, States = { 1 2 3 4 5 }
* Dataflow Pipeline: 0

* FSM state transitions: 
1 --> 2 
2 --> 3 
3 --> 4 
4 --> 5 
5 --> 

* FSM state operations: 

State 1 <SV = 0> <Delay = 6.50>
ST_1 : Operation 8 [1/1] (0.00ns)   --->   "%x = alloca i32 1" [C:/github/zybo_z7_cam_rpi_v2_5mp_hdmi/zybo_z7_imx219/zybo_z7_imx219.runs/design_1_v_demosaic_0_0_synth_1/prj/sol/.autopilot/db/v_demosaic.cpp:851->C:/github/zybo_z7_cam_rpi_v2_5mp_hdmi/zybo_z7_imx219/zybo_z7_imx219.runs/design_1_v_demosaic_0_0_synth_1/prj/sol/.autopilot/db/v_demosaic.cpp:1073]   --->   Operation 8 'alloca' 'x' <Predicate = true> <Delay = 0.00>
ST_1 : Operation 9 [1/1] (0.00ns)   --->   "%p_0_0_0116617811792_i = alloca i32 1"   --->   Operation 9 'alloca' 'p_0_0_0116617811792_i' <Predicate = true> <Delay = 0.00>
ST_1 : Operation 10 [1/1] (0.00ns)   --->   "%p_0_0_0116517831794_i = alloca i32 1"   --->   Operation 10 'alloca' 'p_0_0_0116517831794_i' <Predicate = true> <Delay = 0.00>
ST_1 : Operation 11 [1/1] (0.00ns)   --->   "%p_0_0_0116417851796_i = alloca i32 1"   --->   Operation 11 'alloca' 'p_0_0_0116417851796_i' <Predicate = true> <Delay = 0.00>
ST_1 : Operation 12 [1/1] (0.00ns)   --->   "%right = alloca i32 1" [C:/github/zybo_z7_cam_rpi_v2_5mp_hdmi/zybo_z7_imx219/zybo_z7_imx219.runs/design_1_v_demosaic_0_0_synth_1/prj/sol/.autopilot/db/v_demosaic.cpp:1018->C:/github/zybo_z7_cam_rpi_v2_5mp_hdmi/zybo_z7_imx219/zybo_z7_imx219.runs/design_1_v_demosaic_0_0_synth_1/prj/sol/.autopilot/db/v_demosaic.cpp:1073]   --->   Operation 12 'alloca' 'right' <Predicate = true> <Delay = 0.00>
ST_1 : Operation 13 [1/1] (0.00ns)   --->   "%right_1 = alloca i32 1" [C:/github/zybo_z7_cam_rpi_v2_5mp_hdmi/zybo_z7_imx219/zybo_z7_imx219.runs/design_1_v_demosaic_0_0_synth_1/prj/sol/.autopilot/db/v_demosaic.cpp:1018->C:/github/zybo_z7_cam_rpi_v2_5mp_hdmi/zybo_z7_imx219/zybo_z7_imx219.runs/design_1_v_demosaic_0_0_synth_1/prj/sol/.autopilot/db/v_demosaic.cpp:1073]   --->   Operation 13 'alloca' 'right_1' <Predicate = true> <Delay = 0.00>
ST_1 : Operation 14 [1/1] (0.00ns)   --->   "%right_2 = alloca i32 1" [C:/github/zybo_z7_cam_rpi_v2_5mp_hdmi/zybo_z7_imx219/zybo_z7_imx219.runs/design_1_v_demosaic_0_0_synth_1/prj/sol/.autopilot/db/v_demosaic.cpp:1018->C:/github/zybo_z7_cam_rpi_v2_5mp_hdmi/zybo_z7_imx219/zybo_z7_imx219.runs/design_1_v_demosaic_0_0_synth_1/prj/sol/.autopilot/db/v_demosaic.cpp:1073]   --->   Operation 14 'alloca' 'right_2' <Predicate = true> <Delay = 0.00>
ST_1 : Operation 15 [1/1] (0.00ns)   --->   "%p_0_0_01179_217751804_i = alloca i32 1"   --->   Operation 15 'alloca' 'p_0_0_01179_217751804_i' <Predicate = true> <Delay = 0.00>
ST_1 : Operation 16 [1/1] (0.00ns)   --->   "%p_0_0_01178_217771806_i = alloca i32 1"   --->   Operation 16 'alloca' 'p_0_0_01178_217771806_i' <Predicate = true> <Delay = 0.00>
ST_1 : Operation 17 [1/1] (0.00ns)   --->   "%p_0_0_01177_217791808_i = alloca i32 1"   --->   Operation 17 'alloca' 'p_0_0_01177_217791808_i' <Predicate = true> <Delay = 0.00>
ST_1 : Operation 18 [1/1] (0.00ns)   --->   "%p_0_0_0_0_011581705_i = alloca i32 1"   --->   Operation 18 'alloca' 'p_0_0_0_0_011581705_i' <Predicate = true> <Delay = 0.00>
ST_1 : Operation 19 [1/1] (0.00ns)   --->   "%p_0_1_0_0_011591708_i = alloca i32 1"   --->   Operation 19 'alloca' 'p_0_1_0_0_011591708_i' <Predicate = true> <Delay = 0.00>
ST_1 : Operation 20 [1/1] (0.00ns)   --->   "%p_0_2_0_0_011601711_i = alloca i32 1"   --->   Operation 20 'alloca' 'p_0_2_0_0_011601711_i' <Predicate = true> <Delay = 0.00>
ST_1 : Operation 21 [1/1] (0.00ns)   --->   "%specinterface_ln0 = specinterface void @_ssdm_op_SpecInterface, i30 %imgRgb, void @empty_20, i32 0, i32 0, void @empty_14, i32 0, i32 0, void @empty_14, void @empty_14, void @empty_14, i32 0, i32 0, i32 0, i32 0, void @empty_14, void @empty_14, i32 4294967295, i32 0, i32 0, i32 0"   --->   Operation 21 'specinterface' 'specinterface_ln0' <Predicate = true> <Delay = 0.00>
ST_1 : Operation 22 [1/1] (0.00ns)   --->   "%specinterface_ln0 = specinterface void @_ssdm_op_SpecInterface, i30 %imgRB, void @empty_20, i32 0, i32 0, void @empty_14, i32 0, i32 0, void @empty_14, void @empty_14, void @empty_14, i32 0, i32 0, i32 0, i32 0, void @empty_14, void @empty_14, i32 4294967295, i32 0, i32 0, i32 0"   --->   Operation 22 'specinterface' 'specinterface_ln0' <Predicate = true> <Delay = 0.00>
ST_1 : Operation 23 [1/1] (0.00ns)   --->   "%width_val8_load_read = read i11 @_ssdm_op_Read.ap_auto.i11, i11 %width_val8_load"   --->   Operation 23 'read' 'width_val8_load_read' <Predicate = true> <Delay = 0.00>
ST_1 : Operation 24 [1/1] (0.00ns)   --->   "%xor_ln1014_1_read = read i15 @_ssdm_op_Read.ap_auto.i15, i15 %xor_ln1014_1"   --->   Operation 24 'read' 'xor_ln1014_1_read' <Predicate = true> <Delay = 0.00>
ST_1 : Operation 25 [1/1] (0.00ns)   --->   "%tmp = read i1 @_ssdm_op_Read.ap_auto.i1, i1 %empty"   --->   Operation 25 'read' 'tmp' <Predicate = true> <Delay = 0.00>
ST_1 : Operation 26 [1/1] (0.00ns)   --->   "%loopWidth_read = read i11 @_ssdm_op_Read.ap_auto.i11, i11 %loopWidth"   --->   Operation 26 'read' 'loopWidth_read' <Predicate = true> <Delay = 0.00>
ST_1 : Operation 27 [1/1] (0.00ns)   --->   "%height_val4_load_read = read i11 @_ssdm_op_Read.ap_auto.i11, i11 %height_val4_load"   --->   Operation 27 'read' 'height_val4_load_read' <Predicate = true> <Delay = 0.00>
ST_1 : Operation 28 [1/1] (0.00ns)   --->   "%y_read = read i11 @_ssdm_op_Read.ap_auto.i11, i11 %y"   --->   Operation 28 'read' 'y_read' <Predicate = true> <Delay = 0.00>
ST_1 : Operation 29 [1/1] (0.00ns)   --->   "%p_0_0_0_0_011581703_lcssa1747_i_read = read i10 @_ssdm_op_Read.ap_auto.i10, i10 %p_0_0_0_0_011581703_lcssa1747_i"   --->   Operation 29 'read' 'p_0_0_0_0_011581703_lcssa1747_i_read' <Predicate = true> <Delay = 0.00>
ST_1 : Operation 30 [1/1] (0.00ns)   --->   "%p_0_1_0_0_011591706_lcssa1749_i_read = read i10 @_ssdm_op_Read.ap_auto.i10, i10 %p_0_1_0_0_011591706_lcssa1749_i"   --->   Operation 30 'read' 'p_0_1_0_0_011591706_lcssa1749_i_read' <Predicate = true> <Delay = 0.00>
ST_1 : Operation 31 [1/1] (0.00ns)   --->   "%p_0_2_0_0_011601709_lcssa1751_i_read = read i10 @_ssdm_op_Read.ap_auto.i10, i10 %p_0_2_0_0_011601709_lcssa1751_i"   --->   Operation 31 'read' 'p_0_2_0_0_011601709_lcssa1751_i_read' <Predicate = true> <Delay = 0.00>
ST_1 : Operation 32 [1/1] (0.00ns)   --->   "%p_0_0_0116617811793_lcssa1829_i_read = read i10 @_ssdm_op_Read.ap_auto.i10, i10 %p_0_0_0116617811793_lcssa1829_i"   --->   Operation 32 'read' 'p_0_0_0116617811793_lcssa1829_i_read' <Predicate = true> <Delay = 0.00>
ST_1 : Operation 33 [1/1] (0.00ns)   --->   "%p_0_0_0116517831795_lcssa1831_i_read = read i10 @_ssdm_op_Read.ap_auto.i10, i10 %p_0_0_0116517831795_lcssa1831_i"   --->   Operation 33 'read' 'p_0_0_0116517831795_lcssa1831_i_read' <Predicate = true> <Delay = 0.00>
ST_1 : Operation 34 [1/1] (0.00ns)   --->   "%p_0_0_0116417851797_lcssa1833_i_read = read i10 @_ssdm_op_Read.ap_auto.i10, i10 %p_0_0_0116417851797_lcssa1833_i"   --->   Operation 34 'read' 'p_0_0_0116417851797_lcssa1833_i_read' <Predicate = true> <Delay = 0.00>
ST_1 : Operation 35 [1/1] (0.00ns)   --->   "%p_0_0_0_0_011521798_lcssa1835_i_read = read i10 @_ssdm_op_Read.ap_auto.i10, i10 %p_0_0_0_0_011521798_lcssa1835_i"   --->   Operation 35 'read' 'p_0_0_0_0_011521798_lcssa1835_i_read' <Predicate = true> <Delay = 0.00>
ST_1 : Operation 36 [1/1] (0.00ns)   --->   "%p_0_1_0_0_011531800_lcssa1837_i_read = read i10 @_ssdm_op_Read.ap_auto.i10, i10 %p_0_1_0_0_011531800_lcssa1837_i"   --->   Operation 36 'read' 'p_0_1_0_0_011531800_lcssa1837_i_read' <Predicate = true> <Delay = 0.00>
ST_1 : Operation 37 [1/1] (0.00ns)   --->   "%p_0_2_0_0_011541802_lcssa1839_i_read = read i10 @_ssdm_op_Read.ap_auto.i10, i10 %p_0_2_0_0_011541802_lcssa1839_i"   --->   Operation 37 'read' 'p_0_2_0_0_011541802_lcssa1839_i_read' <Predicate = true> <Delay = 0.00>
ST_1 : Operation 38 [1/1] (0.00ns)   --->   "%p_0_0_01179_217751805_lcssa1841_i_read = read i10 @_ssdm_op_Read.ap_auto.i10, i10 %p_0_0_01179_217751805_lcssa1841_i"   --->   Operation 38 'read' 'p_0_0_01179_217751805_lcssa1841_i_read' <Predicate = true> <Delay = 0.00>
ST_1 : Operation 39 [1/1] (0.00ns)   --->   "%p_0_0_01178_217771807_lcssa1843_i_read = read i10 @_ssdm_op_Read.ap_auto.i10, i10 %p_0_0_01178_217771807_lcssa1843_i"   --->   Operation 39 'read' 'p_0_0_01178_217771807_lcssa1843_i_read' <Predicate = true> <Delay = 0.00>
ST_1 : Operation 40 [1/1] (0.00ns)   --->   "%p_0_0_01177_217791809_lcssa1845_i_read = read i10 @_ssdm_op_Read.ap_auto.i10, i10 %p_0_0_01177_217791809_lcssa1845_i"   --->   Operation 40 'read' 'p_0_0_01177_217791809_lcssa1845_i_read' <Predicate = true> <Delay = 0.00>
ST_1 : Operation 41 [1/1] (3.25ns)   --->   "%lineBuffer_2 = alloca i64 1" [C:/github/zybo_z7_cam_rpi_v2_5mp_hdmi/zybo_z7_imx219/zybo_z7_imx219.runs/design_1_v_demosaic_0_0_synth_1/prj/sol/.autopilot/db/v_demosaic.cpp:862->C:/github/zybo_z7_cam_rpi_v2_5mp_hdmi/zybo_z7_imx219/zybo_z7_imx219.runs/design_1_v_demosaic_0_0_synth_1/prj/sol/.autopilot/db/v_demosaic.cpp:1073]   --->   Operation 41 'alloca' 'lineBuffer_2' <Predicate = true> <Delay = 3.25> <CoreInst = "RAM">   --->   Core 81 'RAM' <Latency = 1> <II = 1> <Delay = 3.25> <Storage> <Opcode : 'load' 'store'> <Ports = 2> <Width = 30> <Depth = 1921> <RAM>
ST_1 : Operation 42 [1/1] (3.25ns)   --->   "%lineBuffer = alloca i64 1" [C:/github/zybo_z7_cam_rpi_v2_5mp_hdmi/zybo_z7_imx219/zybo_z7_imx219.runs/design_1_v_demosaic_0_0_synth_1/prj/sol/.autopilot/db/v_demosaic.cpp:862->C:/github/zybo_z7_cam_rpi_v2_5mp_hdmi/zybo_z7_imx219/zybo_z7_imx219.runs/design_1_v_demosaic_0_0_synth_1/prj/sol/.autopilot/db/v_demosaic.cpp:1073]   --->   Operation 42 'alloca' 'lineBuffer' <Predicate = true> <Delay = 3.25> <CoreInst = "RAM">   --->   Core 81 'RAM' <Latency = 1> <II = 1> <Delay = 3.25> <Storage> <Opcode : 'load' 'store'> <Ports = 2> <Width = 30> <Depth = 1921> <RAM>
ST_1 : Operation 43 [1/1] (1.63ns)   --->   "%icmp_ln911 = icmp_ult  i11 %y_read, i11 %height_val4_load_read" [C:/github/zybo_z7_cam_rpi_v2_5mp_hdmi/zybo_z7_imx219/zybo_z7_imx219.runs/design_1_v_demosaic_0_0_synth_1/prj/sol/.autopilot/db/v_demosaic.cpp:911->C:/github/zybo_z7_cam_rpi_v2_5mp_hdmi/zybo_z7_imx219/zybo_z7_imx219.runs/design_1_v_demosaic_0_0_synth_1/prj/sol/.autopilot/db/v_demosaic.cpp:1073]   --->   Operation 43 'icmp' 'icmp_ln911' <Predicate = true> <Delay = 1.63> <CoreInst = "Cmp">   --->   Core 9 'Cmp' <Latency = 0> <II = 1> <Delay = 1.63> <FuncUnit> <Opcode : 'seteq' 'setne' 'setle' 'setge' 'setlt' 'setgt'> <InPorts = 2> <OutPorts = 1>
ST_1 : Operation 44 [1/1] (1.63ns)   --->   "%icmp_ln975 = icmp_ne  i11 %y_read, i11 0" [C:/github/zybo_z7_cam_rpi_v2_5mp_hdmi/zybo_z7_imx219/zybo_z7_imx219.runs/design_1_v_demosaic_0_0_synth_1/prj/sol/.autopilot/db/v_demosaic.cpp:975->C:/github/zybo_z7_cam_rpi_v2_5mp_hdmi/zybo_z7_imx219/zybo_z7_imx219.runs/design_1_v_demosaic_0_0_synth_1/prj/sol/.autopilot/db/v_demosaic.cpp:1073]   --->   Operation 44 'icmp' 'icmp_ln975' <Predicate = true> <Delay = 1.63> <CoreInst = "Cmp">   --->   Core 9 'Cmp' <Latency = 0> <II = 1> <Delay = 1.63> <FuncUnit> <Opcode : 'seteq' 'setne' 'setle' 'setge' 'setlt' 'setgt'> <InPorts = 2> <OutPorts = 1>
ST_1 : Operation 45 [1/1] (1.58ns)   --->   "%store_ln0 = store i10 %p_0_2_0_0_011601709_lcssa1751_i_read, i10 %p_0_2_0_0_011601711_i"   --->   Operation 45 'store' 'store_ln0' <Predicate = true> <Delay = 1.58>
ST_1 : Operation 46 [1/1] (1.58ns)   --->   "%store_ln0 = store i10 %p_0_1_0_0_011591706_lcssa1749_i_read, i10 %p_0_1_0_0_011591708_i"   --->   Operation 46 'store' 'store_ln0' <Predicate = true> <Delay = 1.58>
ST_1 : Operation 47 [1/1] (1.58ns)   --->   "%store_ln0 = store i10 %p_0_0_0_0_011581703_lcssa1747_i_read, i10 %p_0_0_0_0_011581705_i"   --->   Operation 47 'store' 'store_ln0' <Predicate = true> <Delay = 1.58>
ST_1 : Operation 48 [1/1] (1.58ns)   --->   "%store_ln0 = store i10 %p_0_0_01177_217791809_lcssa1845_i_read, i10 %p_0_0_01177_217791808_i"   --->   Operation 48 'store' 'store_ln0' <Predicate = true> <Delay = 1.58>
ST_1 : Operation 49 [1/1] (1.58ns)   --->   "%store_ln0 = store i10 %p_0_0_01178_217771807_lcssa1843_i_read, i10 %p_0_0_01178_217771806_i"   --->   Operation 49 'store' 'store_ln0' <Predicate = true> <Delay = 1.58>
ST_1 : Operation 50 [1/1] (1.58ns)   --->   "%store_ln0 = store i10 %p_0_0_01179_217751805_lcssa1841_i_read, i10 %p_0_0_01179_217751804_i"   --->   Operation 50 'store' 'store_ln0' <Predicate = true> <Delay = 1.58>
ST_1 : Operation 51 [1/1] (1.58ns)   --->   "%store_ln1018 = store i10 %p_0_2_0_0_011541802_lcssa1839_i_read, i10 %right_2" [C:/github/zybo_z7_cam_rpi_v2_5mp_hdmi/zybo_z7_imx219/zybo_z7_imx219.runs/design_1_v_demosaic_0_0_synth_1/prj/sol/.autopilot/db/v_demosaic.cpp:1018->C:/github/zybo_z7_cam_rpi_v2_5mp_hdmi/zybo_z7_imx219/zybo_z7_imx219.runs/design_1_v_demosaic_0_0_synth_1/prj/sol/.autopilot/db/v_demosaic.cpp:1073]   --->   Operation 51 'store' 'store_ln1018' <Predicate = true> <Delay = 1.58>
ST_1 : Operation 52 [1/1] (1.58ns)   --->   "%store_ln1018 = store i10 %p_0_1_0_0_011531800_lcssa1837_i_read, i10 %right_1" [C:/github/zybo_z7_cam_rpi_v2_5mp_hdmi/zybo_z7_imx219/zybo_z7_imx219.runs/design_1_v_demosaic_0_0_synth_1/prj/sol/.autopilot/db/v_demosaic.cpp:1018->C:/github/zybo_z7_cam_rpi_v2_5mp_hdmi/zybo_z7_imx219/zybo_z7_imx219.runs/design_1_v_demosaic_0_0_synth_1/prj/sol/.autopilot/db/v_demosaic.cpp:1073]   --->   Operation 52 'store' 'store_ln1018' <Predicate = true> <Delay = 1.58>
ST_1 : Operation 53 [1/1] (1.58ns)   --->   "%store_ln1018 = store i10 %p_0_0_0_0_011521798_lcssa1835_i_read, i10 %right" [C:/github/zybo_z7_cam_rpi_v2_5mp_hdmi/zybo_z7_imx219/zybo_z7_imx219.runs/design_1_v_demosaic_0_0_synth_1/prj/sol/.autopilot/db/v_demosaic.cpp:1018->C:/github/zybo_z7_cam_rpi_v2_5mp_hdmi/zybo_z7_imx219/zybo_z7_imx219.runs/design_1_v_demosaic_0_0_synth_1/prj/sol/.autopilot/db/v_demosaic.cpp:1073]   --->   Operation 53 'store' 'store_ln1018' <Predicate = true> <Delay = 1.58>
ST_1 : Operation 54 [1/1] (1.58ns)   --->   "%store_ln0 = store i10 %p_0_0_0116417851797_lcssa1833_i_read, i10 %p_0_0_0116417851796_i"   --->   Operation 54 'store' 'store_ln0' <Predicate = true> <Delay = 1.58>
ST_1 : Operation 55 [1/1] (1.58ns)   --->   "%store_ln0 = store i10 %p_0_0_0116517831795_lcssa1831_i_read, i10 %p_0_0_0116517831794_i"   --->   Operation 55 'store' 'store_ln0' <Predicate = true> <Delay = 1.58>
ST_1 : Operation 56 [1/1] (1.58ns)   --->   "%store_ln0 = store i10 %p_0_0_0116617811793_lcssa1829_i_read, i10 %p_0_0_0116617811792_i"   --->   Operation 56 'store' 'store_ln0' <Predicate = true> <Delay = 1.58>
ST_1 : Operation 57 [1/1] (1.58ns)   --->   "%store_ln851 = store i11 0, i11 %x" [C:/github/zybo_z7_cam_rpi_v2_5mp_hdmi/zybo_z7_imx219/zybo_z7_imx219.runs/design_1_v_demosaic_0_0_synth_1/prj/sol/.autopilot/db/v_demosaic.cpp:851->C:/github/zybo_z7_cam_rpi_v2_5mp_hdmi/zybo_z7_imx219/zybo_z7_imx219.runs/design_1_v_demosaic_0_0_synth_1/prj/sol/.autopilot/db/v_demosaic.cpp:1073]   --->   Operation 57 'store' 'store_ln851' <Predicate = true> <Delay = 1.58>
ST_1 : Operation 58 [1/1] (0.00ns)   --->   "%br_ln881 = br void %for.body14.i" [C:/github/zybo_z7_cam_rpi_v2_5mp_hdmi/zybo_z7_imx219/zybo_z7_imx219.runs/design_1_v_demosaic_0_0_synth_1/prj/sol/.autopilot/db/v_demosaic.cpp:881->C:/github/zybo_z7_cam_rpi_v2_5mp_hdmi/zybo_z7_imx219/zybo_z7_imx219.runs/design_1_v_demosaic_0_0_synth_1/prj/sol/.autopilot/db/v_demosaic.cpp:1073]   --->   Operation 58 'br' 'br_ln881' <Predicate = true> <Delay = 0.00>
ST_1 : Operation 59 [1/1] (0.00ns)   --->   "%z = load i11 %x" [C:/github/zybo_z7_cam_rpi_v2_5mp_hdmi/zybo_z7_imx219/zybo_z7_imx219.runs/design_1_v_demosaic_0_0_synth_1/prj/sol/.autopilot/db/v_demosaic.cpp:886->C:/github/zybo_z7_cam_rpi_v2_5mp_hdmi/zybo_z7_imx219/zybo_z7_imx219.runs/design_1_v_demosaic_0_0_synth_1/prj/sol/.autopilot/db/v_demosaic.cpp:1073]   --->   Operation 59 'load' 'z' <Predicate = true> <Delay = 0.00>
ST_1 : Operation 60 [1/1] (1.63ns)   --->   "%icmp_ln881 = icmp_eq  i11 %z, i11 %loopWidth_read" [C:/github/zybo_z7_cam_rpi_v2_5mp_hdmi/zybo_z7_imx219/zybo_z7_imx219.runs/design_1_v_demosaic_0_0_synth_1/prj/sol/.autopilot/db/v_demosaic.cpp:881->C:/github/zybo_z7_cam_rpi_v2_5mp_hdmi/zybo_z7_imx219/zybo_z7_imx219.runs/design_1_v_demosaic_0_0_synth_1/prj/sol/.autopilot/db/v_demosaic.cpp:1073]   --->   Operation 60 'icmp' 'icmp_ln881' <Predicate = true> <Delay = 1.63> <CoreInst = "Cmp">   --->   Core 9 'Cmp' <Latency = 0> <II = 1> <Delay = 1.63> <FuncUnit> <Opcode : 'seteq' 'setne' 'setle' 'setge' 'setlt' 'setgt'> <InPorts = 2> <OutPorts = 1>
ST_1 : Operation 61 [1/1] (1.63ns)   --->   "%x_8 = add i11 %z, i11 1" [C:/github/zybo_z7_cam_rpi_v2_5mp_hdmi/zybo_z7_imx219/zybo_z7_imx219.runs/design_1_v_demosaic_0_0_synth_1/prj/sol/.autopilot/db/v_demosaic.cpp:886->C:/github/zybo_z7_cam_rpi_v2_5mp_hdmi/zybo_z7_imx219/zybo_z7_imx219.runs/design_1_v_demosaic_0_0_synth_1/prj/sol/.autopilot/db/v_demosaic.cpp:1073]   --->   Operation 61 'add' 'x_8' <Predicate = true> <Delay = 1.63> <CoreInst = "Adder">   --->   Core 1 'Adder' <Latency = 0> <II = 1> <Delay = 1.63> <FuncUnit> <Opcode : 'add' 'sub'> <InPorts = 2> <OutPorts = 1>
ST_1 : Operation 62 [1/1] (0.00ns)   --->   "%br_ln881 = br i1 %icmp_ln881, void %for.body14.split.i, void %for.inc486.i.exitStub" [C:/github/zybo_z7_cam_rpi_v2_5mp_hdmi/zybo_z7_imx219/zybo_z7_imx219.runs/design_1_v_demosaic_0_0_synth_1/prj/sol/.autopilot/db/v_demosaic.cpp:881->C:/github/zybo_z7_cam_rpi_v2_5mp_hdmi/zybo_z7_imx219/zybo_z7_imx219.runs/design_1_v_demosaic_0_0_synth_1/prj/sol/.autopilot/db/v_demosaic.cpp:1073]   --->   Operation 62 'br' 'br_ln881' <Predicate = true> <Delay = 0.00>
ST_1 : Operation 63 [1/1] (0.00ns)   --->   "%trunc_ln881 = trunc i11 %z" [C:/github/zybo_z7_cam_rpi_v2_5mp_hdmi/zybo_z7_imx219/zybo_z7_imx219.runs/design_1_v_demosaic_0_0_synth_1/prj/sol/.autopilot/db/v_demosaic.cpp:881->C:/github/zybo_z7_cam_rpi_v2_5mp_hdmi/zybo_z7_imx219/zybo_z7_imx219.runs/design_1_v_demosaic_0_0_synth_1/prj/sol/.autopilot/db/v_demosaic.cpp:1073]   --->   Operation 63 'trunc' 'trunc_ln881' <Predicate = (!icmp_ln881)> <Delay = 0.00>
ST_1 : Operation 64 [1/1] (0.00ns)   --->   "%specpipeline_ln884 = specpipeline void @_ssdm_op_SpecPipeline, i32 1, i32 0, i32 0, i32 0, i32 4294967295, void @empty_14" [C:/github/zybo_z7_cam_rpi_v2_5mp_hdmi/zybo_z7_imx219/zybo_z7_imx219.runs/design_1_v_demosaic_0_0_synth_1/prj/sol/.autopilot/db/v_demosaic.cpp:884->C:/github/zybo_z7_cam_rpi_v2_5mp_hdmi/zybo_z7_imx219/zybo_z7_imx219.runs/design_1_v_demosaic_0_0_synth_1/prj/sol/.autopilot/db/v_demosaic.cpp:1073]   --->   Operation 64 'specpipeline' 'specpipeline_ln884' <Predicate = (!icmp_ln881)> <Delay = 0.00>
ST_1 : Operation 65 [1/1] (0.00ns)   --->   "%specloopname_ln881 = specloopname void @_ssdm_op_SpecLoopName, void @empty_10" [C:/github/zybo_z7_cam_rpi_v2_5mp_hdmi/zybo_z7_imx219/zybo_z7_imx219.runs/design_1_v_demosaic_0_0_synth_1/prj/sol/.autopilot/db/v_demosaic.cpp:881->C:/github/zybo_z7_cam_rpi_v2_5mp_hdmi/zybo_z7_imx219/zybo_z7_imx219.runs/design_1_v_demosaic_0_0_synth_1/prj/sol/.autopilot/db/v_demosaic.cpp:1073]   --->   Operation 65 'specloopname' 'specloopname_ln881' <Predicate = (!icmp_ln881)> <Delay = 0.00>
ST_1 : Operation 66 [1/1] (0.00ns)   --->   "%zext_ln881 = zext i11 %x_8" [C:/github/zybo_z7_cam_rpi_v2_5mp_hdmi/zybo_z7_imx219/zybo_z7_imx219.runs/design_1_v_demosaic_0_0_synth_1/prj/sol/.autopilot/db/v_demosaic.cpp:881->C:/github/zybo_z7_cam_rpi_v2_5mp_hdmi/zybo_z7_imx219/zybo_z7_imx219.runs/design_1_v_demosaic_0_0_synth_1/prj/sol/.autopilot/db/v_demosaic.cpp:1073]   --->   Operation 66 'zext' 'zext_ln881' <Predicate = (!icmp_ln881)> <Delay = 0.00>
ST_1 : Operation 67 [1/1] (1.63ns)   --->   "%icmp_ln891 = icmp_ult  i11 %z, i11 %width_val8_load_read" [C:/github/zybo_z7_cam_rpi_v2_5mp_hdmi/zybo_z7_imx219/zybo_z7_imx219.runs/design_1_v_demosaic_0_0_synth_1/prj/sol/.autopilot/db/v_demosaic.cpp:891->C:/github/zybo_z7_cam_rpi_v2_5mp_hdmi/zybo_z7_imx219/zybo_z7_imx219.runs/design_1_v_demosaic_0_0_synth_1/prj/sol/.autopilot/db/v_demosaic.cpp:1073]   --->   Operation 67 'icmp' 'icmp_ln891' <Predicate = (!icmp_ln881)> <Delay = 1.63> <CoreInst = "Cmp">   --->   Core 9 'Cmp' <Latency = 0> <II = 1> <Delay = 1.63> <FuncUnit> <Opcode : 'seteq' 'setne' 'setle' 'setge' 'setlt' 'setgt'> <InPorts = 2> <OutPorts = 1>
ST_1 : Operation 68 [1/1] (1.58ns)   --->   "%br_ln891 = br i1 %icmp_ln891, void %for.body291.i_ifconv, void %VITIS_LOOP_894_3.i" [C:/github/zybo_z7_cam_rpi_v2_5mp_hdmi/zybo_z7_imx219/zybo_z7_imx219.runs/design_1_v_demosaic_0_0_synth_1/prj/sol/.autopilot/db/v_demosaic.cpp:891->C:/github/zybo_z7_cam_rpi_v2_5mp_hdmi/zybo_z7_imx219/zybo_z7_imx219.runs/design_1_v_demosaic_0_0_synth_1/prj/sol/.autopilot/db/v_demosaic.cpp:1073]   --->   Operation 68 'br' 'br_ln891' <Predicate = (!icmp_ln881)> <Delay = 1.58>
ST_1 : Operation 69 [1/1] (0.00ns)   --->   "%lineBuffer_addr = getelementptr i30 %lineBuffer, i64 0, i64 %zext_ln881" [c:/github/zybo_z7_cam_rpi_v2_5mp_hdmi/zybo_z7_imx219/zybo_z7_imx219.gen/sources_1/bd/design_1/ip/design_1_v_demosaic_0_0/src/hls/hls_video_mem.h:850->C:/github/zybo_z7_cam_rpi_v2_5mp_hdmi/zybo_z7_imx219/zybo_z7_imx219.runs/design_1_v_demosaic_0_0_synth_1/prj/sol/.autopilot/db/v_demosaic.cpp:896->C:/github/zybo_z7_cam_rpi_v2_5mp_hdmi/zybo_z7_imx219/zybo_z7_imx219.runs/design_1_v_demosaic_0_0_synth_1/prj/sol/.autopilot/db/v_demosaic.cpp:1073]   --->   Operation 69 'getelementptr' 'lineBuffer_addr' <Predicate = (!icmp_ln881 & icmp_ln891)> <Delay = 0.00>
ST_1 : Operation 70 [2/2] (3.25ns)   --->   "%LineBufVal = load i11 %lineBuffer_addr" [C:/github/zybo_z7_cam_rpi_v2_5mp_hdmi/zybo_z7_imx219/zybo_z7_imx219.runs/design_1_v_demosaic_0_0_synth_1/prj/sol/.autopilot/db/v_demosaic.cpp:896->C:/github/zybo_z7_cam_rpi_v2_5mp_hdmi/zybo_z7_imx219/zybo_z7_imx219.runs/design_1_v_demosaic_0_0_synth_1/prj/sol/.autopilot/db/v_demosaic.cpp:1073]   --->   Operation 70 'load' 'LineBufVal' <Predicate = (!icmp_ln881 & icmp_ln891)> <Delay = 3.25> <CoreInst = "RAM">   --->   Core 81 'RAM' <Latency = 1> <II = 1> <Delay = 3.25> <Storage> <Opcode : 'load' 'store'> <Ports = 2> <Width = 30> <Depth = 1921> <RAM>
ST_1 : Operation 71 [1/1] (0.00ns)   --->   "%lineBuffer_2_addr = getelementptr i30 %lineBuffer_2, i64 0, i64 %zext_ln881" [c:/github/zybo_z7_cam_rpi_v2_5mp_hdmi/zybo_z7_imx219/zybo_z7_imx219.gen/sources_1/bd/design_1/ip/design_1_v_demosaic_0_0/src/hls/hls_video_mem.h:850->C:/github/zybo_z7_cam_rpi_v2_5mp_hdmi/zybo_z7_imx219/zybo_z7_imx219.runs/design_1_v_demosaic_0_0_synth_1/prj/sol/.autopilot/db/v_demosaic.cpp:896->C:/github/zybo_z7_cam_rpi_v2_5mp_hdmi/zybo_z7_imx219/zybo_z7_imx219.runs/design_1_v_demosaic_0_0_synth_1/prj/sol/.autopilot/db/v_demosaic.cpp:1073]   --->   Operation 71 'getelementptr' 'lineBuffer_2_addr' <Predicate = (!icmp_ln881 & icmp_ln891)> <Delay = 0.00>
ST_1 : Operation 72 [2/2] (3.25ns)   --->   "%LineBufVal_3 = load i11 %lineBuffer_2_addr" [C:/github/zybo_z7_cam_rpi_v2_5mp_hdmi/zybo_z7_imx219/zybo_z7_imx219.runs/design_1_v_demosaic_0_0_synth_1/prj/sol/.autopilot/db/v_demosaic.cpp:896->C:/github/zybo_z7_cam_rpi_v2_5mp_hdmi/zybo_z7_imx219/zybo_z7_imx219.runs/design_1_v_demosaic_0_0_synth_1/prj/sol/.autopilot/db/v_demosaic.cpp:1073]   --->   Operation 72 'load' 'LineBufVal_3' <Predicate = (!icmp_ln881 & icmp_ln891)> <Delay = 3.25> <CoreInst = "RAM">   --->   Core 81 'RAM' <Latency = 1> <II = 1> <Delay = 3.25> <Storage> <Opcode : 'load' 'store'> <Ports = 2> <Width = 30> <Depth = 1921> <RAM>
ST_1 : Operation 73 [1/1] (1.58ns)   --->   "%br_ln911 = br i1 %icmp_ln911, void %VITIS_LOOP_940_11.i, void %VITIS_LOOP_914_7.i" [C:/github/zybo_z7_cam_rpi_v2_5mp_hdmi/zybo_z7_imx219/zybo_z7_imx219.runs/design_1_v_demosaic_0_0_synth_1/prj/sol/.autopilot/db/v_demosaic.cpp:911->C:/github/zybo_z7_cam_rpi_v2_5mp_hdmi/zybo_z7_imx219/zybo_z7_imx219.runs/design_1_v_demosaic_0_0_synth_1/prj/sol/.autopilot/db/v_demosaic.cpp:1073]   --->   Operation 73 'br' 'br_ln911' <Predicate = (!icmp_ln881 & icmp_ln891)> <Delay = 1.58>
ST_1 : Operation 74 [1/1] (1.58ns)   --->   "%br_ln925 = br void %VITIS_LOOP_940_11.i" [C:/github/zybo_z7_cam_rpi_v2_5mp_hdmi/zybo_z7_imx219/zybo_z7_imx219.runs/design_1_v_demosaic_0_0_synth_1/prj/sol/.autopilot/db/v_demosaic.cpp:925->C:/github/zybo_z7_cam_rpi_v2_5mp_hdmi/zybo_z7_imx219/zybo_z7_imx219.runs/design_1_v_demosaic_0_0_synth_1/prj/sol/.autopilot/db/v_demosaic.cpp:1073]   --->   Operation 74 'br' 'br_ln925' <Predicate = (!icmp_ln881 & icmp_ln891 & icmp_ln911)> <Delay = 1.58>
ST_1 : Operation 75 [1/1] (1.63ns)   --->   "%icmp_ln957 = icmp_eq  i11 %z, i11 0" [C:/github/zybo_z7_cam_rpi_v2_5mp_hdmi/zybo_z7_imx219/zybo_z7_imx219.runs/design_1_v_demosaic_0_0_synth_1/prj/sol/.autopilot/db/v_demosaic.cpp:957->C:/github/zybo_z7_cam_rpi_v2_5mp_hdmi/zybo_z7_imx219/zybo_z7_imx219.runs/design_1_v_demosaic_0_0_synth_1/prj/sol/.autopilot/db/v_demosaic.cpp:1073]   --->   Operation 75 'icmp' 'icmp_ln957' <Predicate = (!icmp_ln881 & icmp_ln891)> <Delay = 1.63> <CoreInst = "Cmp">   --->   Core 9 'Cmp' <Latency = 0> <II = 1> <Delay = 1.63> <FuncUnit> <Opcode : 'seteq' 'setne' 'setle' 'setge' 'setlt' 'setgt'> <InPorts = 2> <OutPorts = 1>
ST_1 : Operation 76 [1/1] (0.00ns) (grouped into LUT with out node icmp_ln1014)   --->   "%xor_ln1014 = xor i1 %tmp, i1 %trunc_ln881" [C:/github/zybo_z7_cam_rpi_v2_5mp_hdmi/zybo_z7_imx219/zybo_z7_imx219.runs/design_1_v_demosaic_0_0_synth_1/prj/sol/.autopilot/db/v_demosaic.cpp:1014->C:/github/zybo_z7_cam_rpi_v2_5mp_hdmi/zybo_z7_imx219/zybo_z7_imx219.runs/design_1_v_demosaic_0_0_synth_1/prj/sol/.autopilot/db/v_demosaic.cpp:1073]   --->   Operation 76 'xor' 'xor_ln1014' <Predicate = (!icmp_ln881)> <Delay = 0.00> <CoreInst = "LogicGate">   --->   Core 74 'LogicGate' <Latency = 0> <II = 1> <Delay = 0.97> <FuncUnit> <Opcode : 'and' 'or' 'xor'> <InPorts = 2> <OutPorts = 1>
ST_1 : Operation 77 [1/1] (0.00ns) (grouped into LUT with out node icmp_ln1014)   --->   "%xor_ln1014_2 = xor i1 %xor_ln1014, i1 1" [C:/github/zybo_z7_cam_rpi_v2_5mp_hdmi/zybo_z7_imx219/zybo_z7_imx219.runs/design_1_v_demosaic_0_0_synth_1/prj/sol/.autopilot/db/v_demosaic.cpp:1014->C:/github/zybo_z7_cam_rpi_v2_5mp_hdmi/zybo_z7_imx219/zybo_z7_imx219.runs/design_1_v_demosaic_0_0_synth_1/prj/sol/.autopilot/db/v_demosaic.cpp:1073]   --->   Operation 77 'xor' 'xor_ln1014_2' <Predicate = (!icmp_ln881)> <Delay = 0.00> <CoreInst = "LogicGate">   --->   Core 74 'LogicGate' <Latency = 0> <II = 1> <Delay = 0.97> <FuncUnit> <Opcode : 'and' 'or' 'xor'> <InPorts = 2> <OutPorts = 1>
ST_1 : Operation 78 [1/1] (0.00ns) (grouped into LUT with out node icmp_ln1014)   --->   "%zext_ln1014 = zext i1 %xor_ln1014_2" [C:/github/zybo_z7_cam_rpi_v2_5mp_hdmi/zybo_z7_imx219/zybo_z7_imx219.runs/design_1_v_demosaic_0_0_synth_1/prj/sol/.autopilot/db/v_demosaic.cpp:1014->C:/github/zybo_z7_cam_rpi_v2_5mp_hdmi/zybo_z7_imx219/zybo_z7_imx219.runs/design_1_v_demosaic_0_0_synth_1/prj/sol/.autopilot/db/v_demosaic.cpp:1073]   --->   Operation 78 'zext' 'zext_ln1014' <Predicate = (!icmp_ln881)> <Delay = 0.00>
ST_1 : Operation 79 [1/1] (1.94ns) (out node of the LUT)   --->   "%icmp_ln1014 = icmp_eq  i15 %xor_ln1014_1_read, i15 %zext_ln1014" [C:/github/zybo_z7_cam_rpi_v2_5mp_hdmi/zybo_z7_imx219/zybo_z7_imx219.runs/design_1_v_demosaic_0_0_synth_1/prj/sol/.autopilot/db/v_demosaic.cpp:1014->C:/github/zybo_z7_cam_rpi_v2_5mp_hdmi/zybo_z7_imx219/zybo_z7_imx219.runs/design_1_v_demosaic_0_0_synth_1/prj/sol/.autopilot/db/v_demosaic.cpp:1073]   --->   Operation 79 'icmp' 'icmp_ln1014' <Predicate = (!icmp_ln881)> <Delay = 1.94> <CoreInst = "Cmp">   --->   Core 9 'Cmp' <Latency = 0> <II = 1> <Delay = 1.94> <FuncUnit> <Opcode : 'seteq' 'setne' 'setle' 'setge' 'setlt' 'setgt'> <InPorts = 2> <OutPorts = 1>
ST_1 : Operation 80 [1/1] (1.63ns)   --->   "%icmp_ln1052 = icmp_ne  i11 %z, i11 0" [C:/github/zybo_z7_cam_rpi_v2_5mp_hdmi/zybo_z7_imx219/zybo_z7_imx219.runs/design_1_v_demosaic_0_0_synth_1/prj/sol/.autopilot/db/v_demosaic.cpp:1052->C:/github/zybo_z7_cam_rpi_v2_5mp_hdmi/zybo_z7_imx219/zybo_z7_imx219.runs/design_1_v_demosaic_0_0_synth_1/prj/sol/.autopilot/db/v_demosaic.cpp:1073]   --->   Operation 80 'icmp' 'icmp_ln1052' <Predicate = (!icmp_ln881)> <Delay = 1.63> <CoreInst = "Cmp">   --->   Core 9 'Cmp' <Latency = 0> <II = 1> <Delay = 1.63> <FuncUnit> <Opcode : 'seteq' 'setne' 'setle' 'setge' 'setlt' 'setgt'> <InPorts = 2> <OutPorts = 1>
ST_1 : Operation 81 [1/1] (0.97ns)   --->   "%and_ln1052 = and i1 %icmp_ln975, i1 %icmp_ln1052" [C:/github/zybo_z7_cam_rpi_v2_5mp_hdmi/zybo_z7_imx219/zybo_z7_imx219.runs/design_1_v_demosaic_0_0_synth_1/prj/sol/.autopilot/db/v_demosaic.cpp:1052->C:/github/zybo_z7_cam_rpi_v2_5mp_hdmi/zybo_z7_imx219/zybo_z7_imx219.runs/design_1_v_demosaic_0_0_synth_1/prj/sol/.autopilot/db/v_demosaic.cpp:1073]   --->   Operation 81 'and' 'and_ln1052' <Predicate = (!icmp_ln881)> <Delay = 0.97> <CoreInst = "LogicGate">   --->   Core 74 'LogicGate' <Latency = 0> <II = 1> <Delay = 0.97> <FuncUnit> <Opcode : 'and' 'or' 'xor'> <InPorts = 2> <OutPorts = 1>
ST_1 : Operation 82 [1/1] (0.00ns)   --->   "%br_ln1052 = br i1 %and_ln1052, void %for.inc483.i, void %if.then481.i" [C:/github/zybo_z7_cam_rpi_v2_5mp_hdmi/zybo_z7_imx219/zybo_z7_imx219.runs/design_1_v_demosaic_0_0_synth_1/prj/sol/.autopilot/db/v_demosaic.cpp:1052->C:/github/zybo_z7_cam_rpi_v2_5mp_hdmi/zybo_z7_imx219/zybo_z7_imx219.runs/design_1_v_demosaic_0_0_synth_1/prj/sol/.autopilot/db/v_demosaic.cpp:1073]   --->   Operation 82 'br' 'br_ln1052' <Predicate = (!icmp_ln881)> <Delay = 0.00>
ST_1 : Operation 83 [1/1] (1.58ns)   --->   "%store_ln851 = store i11 %x_8, i11 %x" [C:/github/zybo_z7_cam_rpi_v2_5mp_hdmi/zybo_z7_imx219/zybo_z7_imx219.runs/design_1_v_demosaic_0_0_synth_1/prj/sol/.autopilot/db/v_demosaic.cpp:851->C:/github/zybo_z7_cam_rpi_v2_5mp_hdmi/zybo_z7_imx219/zybo_z7_imx219.runs/design_1_v_demosaic_0_0_synth_1/prj/sol/.autopilot/db/v_demosaic.cpp:1073]   --->   Operation 83 'store' 'store_ln851' <Predicate = (!icmp_ln881)> <Delay = 1.58>

State 2 <SV = 1> <Delay = 6.88>
ST_2 : Operation 84 [1/1] (0.00ns)   --->   "%p_0_0_0116617811792_i_load = load i10 %p_0_0_0116617811792_i"   --->   Operation 84 'load' 'p_0_0_0116617811792_i_load' <Predicate = true> <Delay = 0.00>
ST_2 : Operation 85 [1/1] (0.00ns)   --->   "%p_0_0_0116517831794_i_load = load i10 %p_0_0_0116517831794_i"   --->   Operation 85 'load' 'p_0_0_0116517831794_i_load' <Predicate = true> <Delay = 0.00>
ST_2 : Operation 86 [1/1] (0.00ns)   --->   "%right_3 = load i10 %right"   --->   Operation 86 'load' 'right_3' <Predicate = true> <Delay = 0.00>
ST_2 : Operation 87 [1/1] (0.00ns)   --->   "%right_4 = load i10 %right_1"   --->   Operation 87 'load' 'right_4' <Predicate = true> <Delay = 0.00>
ST_2 : Operation 88 [1/1] (0.00ns)   --->   "%right_5 = load i10 %right_2"   --->   Operation 88 'load' 'right_5' <Predicate = true> <Delay = 0.00>
ST_2 : Operation 89 [1/1] (0.00ns)   --->   "%p_0_0_01179_217751804_i_load = load i10 %p_0_0_01179_217751804_i"   --->   Operation 89 'load' 'p_0_0_01179_217751804_i_load' <Predicate = true> <Delay = 0.00>
ST_2 : Operation 90 [1/1] (0.00ns)   --->   "%p_0_0_01178_217771806_i_load = load i10 %p_0_0_01178_217771806_i"   --->   Operation 90 'load' 'p_0_0_01178_217771806_i_load' <Predicate = true> <Delay = 0.00>
ST_2 : Operation 91 [1/2] ( I:3.25ns O:3.25ns )   --->   "%LineBufVal = load i11 %lineBuffer_addr" [C:/github/zybo_z7_cam_rpi_v2_5mp_hdmi/zybo_z7_imx219/zybo_z7_imx219.runs/design_1_v_demosaic_0_0_synth_1/prj/sol/.autopilot/db/v_demosaic.cpp:896->C:/github/zybo_z7_cam_rpi_v2_5mp_hdmi/zybo_z7_imx219/zybo_z7_imx219.runs/design_1_v_demosaic_0_0_synth_1/prj/sol/.autopilot/db/v_demosaic.cpp:1073]   --->   Operation 91 'load' 'LineBufVal' <Predicate = (!icmp_ln881 & icmp_ln891)> <Delay = 3.25> <CoreInst = "RAM">   --->   Core 81 'RAM' <Latency = 1> <II = 1> <Delay = 3.25> <Storage> <Opcode : 'load' 'store'> <Ports = 2> <Width = 30> <Depth = 1921> <RAM>
ST_2 : Operation 92 [1/1] (0.00ns)   --->   "%trunc_ln902 = trunc i30 %LineBufVal" [C:/github/zybo_z7_cam_rpi_v2_5mp_hdmi/zybo_z7_imx219/zybo_z7_imx219.runs/design_1_v_demosaic_0_0_synth_1/prj/sol/.autopilot/db/v_demosaic.cpp:902->C:/github/zybo_z7_cam_rpi_v2_5mp_hdmi/zybo_z7_imx219/zybo_z7_imx219.runs/design_1_v_demosaic_0_0_synth_1/prj/sol/.autopilot/db/v_demosaic.cpp:1073]   --->   Operation 92 'trunc' 'trunc_ln902' <Predicate = (!icmp_ln881 & icmp_ln891)> <Delay = 0.00>
ST_2 : Operation 93 [1/1] (0.00ns)   --->   "%tmp_i = partselect i10 @_ssdm_op_PartSelect.i10.i30.i32, i30 %LineBufVal, i32 10" [C:/github/zybo_z7_cam_rpi_v2_5mp_hdmi/zybo_z7_imx219/zybo_z7_imx219.runs/design_1_v_demosaic_0_0_synth_1/prj/sol/.autopilot/db/v_demosaic.cpp:902->C:/github/zybo_z7_cam_rpi_v2_5mp_hdmi/zybo_z7_imx219/zybo_z7_imx219.runs/design_1_v_demosaic_0_0_synth_1/prj/sol/.autopilot/db/v_demosaic.cpp:1073]   --->   Operation 93 'partselect' 'tmp_i' <Predicate = (!icmp_ln881 & icmp_ln891)> <Delay = 0.00>
ST_2 : Operation 94 [1/1] (0.00ns)   --->   "%tmp_1_i = partselect i10 @_ssdm_op_PartSelect.i10.i30.i32, i30 %LineBufVal, i32 20" [C:/github/zybo_z7_cam_rpi_v2_5mp_hdmi/zybo_z7_imx219/zybo_z7_imx219.runs/design_1_v_demosaic_0_0_synth_1/prj/sol/.autopilot/db/v_demosaic.cpp:902->C:/github/zybo_z7_cam_rpi_v2_5mp_hdmi/zybo_z7_imx219/zybo_z7_imx219.runs/design_1_v_demosaic_0_0_synth_1/prj/sol/.autopilot/db/v_demosaic.cpp:1073]   --->   Operation 94 'partselect' 'tmp_1_i' <Predicate = (!icmp_ln881 & icmp_ln891)> <Delay = 0.00>
ST_2 : Operation 95 [1/2] ( I:3.25ns O:3.25ns )   --->   "%LineBufVal_3 = load i11 %lineBuffer_2_addr" [C:/github/zybo_z7_cam_rpi_v2_5mp_hdmi/zybo_z7_imx219/zybo_z7_imx219.runs/design_1_v_demosaic_0_0_synth_1/prj/sol/.autopilot/db/v_demosaic.cpp:896->C:/github/zybo_z7_cam_rpi_v2_5mp_hdmi/zybo_z7_imx219/zybo_z7_imx219.runs/design_1_v_demosaic_0_0_synth_1/prj/sol/.autopilot/db/v_demosaic.cpp:1073]   --->   Operation 95 'load' 'LineBufVal_3' <Predicate = (!icmp_ln881 & icmp_ln891)> <Delay = 3.25> <CoreInst = "RAM">   --->   Core 81 'RAM' <Latency = 1> <II = 1> <Delay = 3.25> <Storage> <Opcode : 'load' 'store'> <Ports = 2> <Width = 30> <Depth = 1921> <RAM>
ST_2 : Operation 96 [1/1] (0.00ns)   --->   "%trunc_ln902_1 = trunc i30 %LineBufVal_3" [C:/github/zybo_z7_cam_rpi_v2_5mp_hdmi/zybo_z7_imx219/zybo_z7_imx219.runs/design_1_v_demosaic_0_0_synth_1/prj/sol/.autopilot/db/v_demosaic.cpp:902->C:/github/zybo_z7_cam_rpi_v2_5mp_hdmi/zybo_z7_imx219/zybo_z7_imx219.runs/design_1_v_demosaic_0_0_synth_1/prj/sol/.autopilot/db/v_demosaic.cpp:1073]   --->   Operation 96 'trunc' 'trunc_ln902_1' <Predicate = (!icmp_ln881 & icmp_ln891)> <Delay = 0.00>
ST_2 : Operation 97 [1/1] (0.00ns)   --->   "%tmp_3_i = partselect i10 @_ssdm_op_PartSelect.i10.i30.i32, i30 %LineBufVal_3, i32 10" [C:/github/zybo_z7_cam_rpi_v2_5mp_hdmi/zybo_z7_imx219/zybo_z7_imx219.runs/design_1_v_demosaic_0_0_synth_1/prj/sol/.autopilot/db/v_demosaic.cpp:902->C:/github/zybo_z7_cam_rpi_v2_5mp_hdmi/zybo_z7_imx219/zybo_z7_imx219.runs/design_1_v_demosaic_0_0_synth_1/prj/sol/.autopilot/db/v_demosaic.cpp:1073]   --->   Operation 97 'partselect' 'tmp_3_i' <Predicate = (!icmp_ln881 & icmp_ln891)> <Delay = 0.00>
ST_2 : Operation 98 [1/1] (0.00ns)   --->   "%tmp_4_i = partselect i10 @_ssdm_op_PartSelect.i10.i30.i32, i30 %LineBufVal_3, i32 20" [C:/github/zybo_z7_cam_rpi_v2_5mp_hdmi/zybo_z7_imx219/zybo_z7_imx219.runs/design_1_v_demosaic_0_0_synth_1/prj/sol/.autopilot/db/v_demosaic.cpp:902->C:/github/zybo_z7_cam_rpi_v2_5mp_hdmi/zybo_z7_imx219/zybo_z7_imx219.runs/design_1_v_demosaic_0_0_synth_1/prj/sol/.autopilot/db/v_demosaic.cpp:1073]   --->   Operation 98 'partselect' 'tmp_4_i' <Predicate = (!icmp_ln881 & icmp_ln891)> <Delay = 0.00>
ST_2 : Operation 99 [1/1] ( I:3.63ns O:3.63ns )   --->   "%InPix = read i30 @_ssdm_op_Read.ap_fifo.volatile.i30P0A, i30 %imgRB" [C:/github/zybo_z7_cam_rpi_v2_5mp_hdmi/zybo_z7_imx219/zybo_z7_imx219.runs/design_1_v_demosaic_0_0_synth_1/prj/sol/.autopilot/db/v_demosaic.cpp:913->C:/github/zybo_z7_cam_rpi_v2_5mp_hdmi/zybo_z7_imx219/zybo_z7_imx219.runs/design_1_v_demosaic_0_0_synth_1/prj/sol/.autopilot/db/v_demosaic.cpp:1073]   --->   Operation 99 'read' 'InPix' <Predicate = (!icmp_ln881 & icmp_ln891 & icmp_ln911)> <Delay = 3.63> <CoreInst = "FIFO_SRL">   --->   Core 80 'FIFO_SRL' <Latency = 0> <II = 1> <Delay = 3.63> <Storage> <Opcode : 'read' 'write' 'nbread' 'nbwrite'> <Ports = 0> <Width = 30> <Depth = 2> <FIFO>
ST_2 : Operation 100 [1/1] (0.00ns)   --->   "%trunc_ln913 = trunc i30 %InPix" [C:/github/zybo_z7_cam_rpi_v2_5mp_hdmi/zybo_z7_imx219/zybo_z7_imx219.runs/design_1_v_demosaic_0_0_synth_1/prj/sol/.autopilot/db/v_demosaic.cpp:913->C:/github/zybo_z7_cam_rpi_v2_5mp_hdmi/zybo_z7_imx219/zybo_z7_imx219.runs/design_1_v_demosaic_0_0_synth_1/prj/sol/.autopilot/db/v_demosaic.cpp:1073]   --->   Operation 100 'trunc' 'trunc_ln913' <Predicate = (!icmp_ln881 & icmp_ln891 & icmp_ln911)> <Delay = 0.00>
ST_2 : Operation 101 [1/1] (0.00ns)   --->   "%trunc_ln913_2 = partselect i10 @_ssdm_op_PartSelect.i10.i30.i32.i32, i30 %InPix, i32 10, i32 19" [C:/github/zybo_z7_cam_rpi_v2_5mp_hdmi/zybo_z7_imx219/zybo_z7_imx219.runs/design_1_v_demosaic_0_0_synth_1/prj/sol/.autopilot/db/v_demosaic.cpp:913->C:/github/zybo_z7_cam_rpi_v2_5mp_hdmi/zybo_z7_imx219/zybo_z7_imx219.runs/design_1_v_demosaic_0_0_synth_1/prj/sol/.autopilot/db/v_demosaic.cpp:1073]   --->   Operation 101 'partselect' 'trunc_ln913_2' <Predicate = (!icmp_ln881 & icmp_ln891 & icmp_ln911)> <Delay = 0.00>
ST_2 : Operation 102 [1/1] (0.00ns)   --->   "%trunc_ln913_3 = partselect i10 @_ssdm_op_PartSelect.i10.i30.i32.i32, i30 %InPix, i32 20, i32 29" [C:/github/zybo_z7_cam_rpi_v2_5mp_hdmi/zybo_z7_imx219/zybo_z7_imx219.runs/design_1_v_demosaic_0_0_synth_1/prj/sol/.autopilot/db/v_demosaic.cpp:913->C:/github/zybo_z7_cam_rpi_v2_5mp_hdmi/zybo_z7_imx219/zybo_z7_imx219.runs/design_1_v_demosaic_0_0_synth_1/prj/sol/.autopilot/db/v_demosaic.cpp:1073]   --->   Operation 102 'partselect' 'trunc_ln913_3' <Predicate = (!icmp_ln881 & icmp_ln891 & icmp_ln911)> <Delay = 0.00>
ST_2 : Operation 103 [1/1] ( I:3.25ns O:3.25ns )   --->   "%store_ln812 = store i30 %InPix, i11 %lineBuffer_addr" [c:/github/zybo_z7_cam_rpi_v2_5mp_hdmi/zybo_z7_imx219/zybo_z7_imx219.gen/sources_1/bd/design_1/ip/design_1_v_demosaic_0_0/src/hls/hls_video_mem.h:812->c:/github/zybo_z7_cam_rpi_v2_5mp_hdmi/zybo_z7_imx219/zybo_z7_imx219.gen/sources_1/bd/design_1/ip/design_1_v_demosaic_0_0/src/hls/hls_video_mem.h:888->C:/github/zybo_z7_cam_rpi_v2_5mp_hdmi/zybo_z7_imx219/zybo_z7_imx219.runs/design_1_v_demosaic_0_0_synth_1/prj/sol/.autopilot/db/v_demosaic.cpp:922->C:/github/zybo_z7_cam_rpi_v2_5mp_hdmi/zybo_z7_imx219/zybo_z7_imx219.runs/design_1_v_demosaic_0_0_synth_1/prj/sol/.autopilot/db/v_demosaic.cpp:1073]   --->   Operation 103 'store' 'store_ln812' <Predicate = (!icmp_ln881 & icmp_ln891 & icmp_ln911)> <Delay = 3.25> <CoreInst = "RAM">   --->   Core 81 'RAM' <Latency = 1> <II = 1> <Delay = 3.25> <Storage> <Opcode : 'load' 'store'> <Ports = 2> <Width = 30> <Depth = 1921> <RAM>
ST_2 : Operation 104 [1/1] (0.00ns)   --->   "%p_0_0_01178_21777_ph_i = phi i10 %trunc_ln913_2, void %VITIS_LOOP_914_7.i, i10 %tmp_i, void %VITIS_LOOP_894_3.i" [C:/github/zybo_z7_cam_rpi_v2_5mp_hdmi/zybo_z7_imx219/zybo_z7_imx219.runs/design_1_v_demosaic_0_0_synth_1/prj/sol/.autopilot/db/v_demosaic.cpp:913->C:/github/zybo_z7_cam_rpi_v2_5mp_hdmi/zybo_z7_imx219/zybo_z7_imx219.runs/design_1_v_demosaic_0_0_synth_1/prj/sol/.autopilot/db/v_demosaic.cpp:1073]   --->   Operation 104 'phi' 'p_0_0_01178_21777_ph_i' <Predicate = (!icmp_ln881 & icmp_ln891)> <Delay = 0.00>
ST_2 : Operation 105 [1/1] (0.00ns)   --->   "%p_0_0_01179_21775_ph_i = phi i10 %trunc_ln913, void %VITIS_LOOP_914_7.i, i10 %trunc_ln902, void %VITIS_LOOP_894_3.i" [C:/github/zybo_z7_cam_rpi_v2_5mp_hdmi/zybo_z7_imx219/zybo_z7_imx219.runs/design_1_v_demosaic_0_0_synth_1/prj/sol/.autopilot/db/v_demosaic.cpp:913->C:/github/zybo_z7_cam_rpi_v2_5mp_hdmi/zybo_z7_imx219/zybo_z7_imx219.runs/design_1_v_demosaic_0_0_synth_1/prj/sol/.autopilot/db/v_demosaic.cpp:1073]   --->   Operation 105 'phi' 'p_0_0_01179_21775_ph_i' <Predicate = (!icmp_ln881 & icmp_ln891)> <Delay = 0.00>
ST_2 : Operation 106 [1/1] (0.68ns)   --->   "%select_ln957_7 = select i1 %icmp_ln957, i10 %tmp_3_i, i10 %p_0_0_0116517831794_i_load" [C:/github/zybo_z7_cam_rpi_v2_5mp_hdmi/zybo_z7_imx219/zybo_z7_imx219.runs/design_1_v_demosaic_0_0_synth_1/prj/sol/.autopilot/db/v_demosaic.cpp:957->C:/github/zybo_z7_cam_rpi_v2_5mp_hdmi/zybo_z7_imx219/zybo_z7_imx219.runs/design_1_v_demosaic_0_0_synth_1/prj/sol/.autopilot/db/v_demosaic.cpp:1073]   --->   Operation 106 'select' 'select_ln957_7' <Predicate = (!icmp_ln881 & icmp_ln891)> <Delay = 0.68> <CoreInst = "Sel">   --->   Core 73 'Sel' <Latency = 0> <II = 1> <Delay = 0.68> <FuncUnit> <Opcode : 'select'> <InPorts = 3> <OutPorts = 1>
ST_2 : Operation 107 [1/1] (0.68ns)   --->   "%select_ln957_8 = select i1 %icmp_ln957, i10 %trunc_ln902_1, i10 %p_0_0_0116617811792_i_load" [C:/github/zybo_z7_cam_rpi_v2_5mp_hdmi/zybo_z7_imx219/zybo_z7_imx219.runs/design_1_v_demosaic_0_0_synth_1/prj/sol/.autopilot/db/v_demosaic.cpp:957->C:/github/zybo_z7_cam_rpi_v2_5mp_hdmi/zybo_z7_imx219/zybo_z7_imx219.runs/design_1_v_demosaic_0_0_synth_1/prj/sol/.autopilot/db/v_demosaic.cpp:1073]   --->   Operation 107 'select' 'select_ln957_8' <Predicate = (!icmp_ln881 & icmp_ln891)> <Delay = 0.68> <CoreInst = "Sel">   --->   Core 73 'Sel' <Latency = 0> <II = 1> <Delay = 0.68> <FuncUnit> <Opcode : 'select'> <InPorts = 3> <OutPorts = 1>
ST_2 : Operation 108 [1/1] (0.68ns)   --->   "%select_ln957_10 = select i1 %icmp_ln957, i10 %p_0_0_01178_21777_ph_i, i10 %p_0_0_01178_217771806_i_load" [C:/github/zybo_z7_cam_rpi_v2_5mp_hdmi/zybo_z7_imx219/zybo_z7_imx219.runs/design_1_v_demosaic_0_0_synth_1/prj/sol/.autopilot/db/v_demosaic.cpp:957->C:/github/zybo_z7_cam_rpi_v2_5mp_hdmi/zybo_z7_imx219/zybo_z7_imx219.runs/design_1_v_demosaic_0_0_synth_1/prj/sol/.autopilot/db/v_demosaic.cpp:1073]   --->   Operation 108 'select' 'select_ln957_10' <Predicate = (!icmp_ln881 & icmp_ln891)> <Delay = 0.68> <CoreInst = "Sel">   --->   Core 73 'Sel' <Latency = 0> <II = 1> <Delay = 0.68> <FuncUnit> <Opcode : 'select'> <InPorts = 3> <OutPorts = 1>
ST_2 : Operation 109 [1/1] (0.68ns)   --->   "%select_ln957_11 = select i1 %icmp_ln957, i10 %p_0_0_01179_21775_ph_i, i10 %p_0_0_01179_217751804_i_load" [C:/github/zybo_z7_cam_rpi_v2_5mp_hdmi/zybo_z7_imx219/zybo_z7_imx219.runs/design_1_v_demosaic_0_0_synth_1/prj/sol/.autopilot/db/v_demosaic.cpp:957->C:/github/zybo_z7_cam_rpi_v2_5mp_hdmi/zybo_z7_imx219/zybo_z7_imx219.runs/design_1_v_demosaic_0_0_synth_1/prj/sol/.autopilot/db/v_demosaic.cpp:1073]   --->   Operation 109 'select' 'select_ln957_11' <Predicate = (!icmp_ln881 & icmp_ln891)> <Delay = 0.68> <CoreInst = "Sel">   --->   Core 73 'Sel' <Latency = 0> <II = 1> <Delay = 0.68> <FuncUnit> <Opcode : 'select'> <InPorts = 3> <OutPorts = 1>
ST_2 : Operation 110 [1/1] (0.68ns)   --->   "%select_ln975 = select i1 %icmp_ln975, i10 %trunc_ln902, i10 %p_0_0_01179_21775_ph_i" [C:/github/zybo_z7_cam_rpi_v2_5mp_hdmi/zybo_z7_imx219/zybo_z7_imx219.runs/design_1_v_demosaic_0_0_synth_1/prj/sol/.autopilot/db/v_demosaic.cpp:975->C:/github/zybo_z7_cam_rpi_v2_5mp_hdmi/zybo_z7_imx219/zybo_z7_imx219.runs/design_1_v_demosaic_0_0_synth_1/prj/sol/.autopilot/db/v_demosaic.cpp:1073]   --->   Operation 110 'select' 'select_ln975' <Predicate = (!icmp_ln881 & icmp_ln891)> <Delay = 0.68> <CoreInst = "Sel">   --->   Core 73 'Sel' <Latency = 0> <II = 1> <Delay = 0.68> <FuncUnit> <Opcode : 'select'> <InPorts = 3> <OutPorts = 1>
ST_2 : Operation 111 [1/1] (1.58ns)   --->   "%store_ln913 = store i10 %p_0_0_01178_21777_ph_i, i10 %p_0_0_01178_217771806_i" [C:/github/zybo_z7_cam_rpi_v2_5mp_hdmi/zybo_z7_imx219/zybo_z7_imx219.runs/design_1_v_demosaic_0_0_synth_1/prj/sol/.autopilot/db/v_demosaic.cpp:913->C:/github/zybo_z7_cam_rpi_v2_5mp_hdmi/zybo_z7_imx219/zybo_z7_imx219.runs/design_1_v_demosaic_0_0_synth_1/prj/sol/.autopilot/db/v_demosaic.cpp:1073]   --->   Operation 111 'store' 'store_ln913' <Predicate = (!icmp_ln881 & icmp_ln891)> <Delay = 1.58>
ST_2 : Operation 112 [1/1] (1.58ns)   --->   "%store_ln913 = store i10 %p_0_0_01179_21775_ph_i, i10 %p_0_0_01179_217751804_i" [C:/github/zybo_z7_cam_rpi_v2_5mp_hdmi/zybo_z7_imx219/zybo_z7_imx219.runs/design_1_v_demosaic_0_0_synth_1/prj/sol/.autopilot/db/v_demosaic.cpp:913->C:/github/zybo_z7_cam_rpi_v2_5mp_hdmi/zybo_z7_imx219/zybo_z7_imx219.runs/design_1_v_demosaic_0_0_synth_1/prj/sol/.autopilot/db/v_demosaic.cpp:1073]   --->   Operation 112 'store' 'store_ln913' <Predicate = (!icmp_ln881 & icmp_ln891)> <Delay = 1.58>
ST_2 : Operation 113 [1/1] (1.58ns)   --->   "%store_ln1018 = store i10 %tmp_1_i, i10 %right_2" [C:/github/zybo_z7_cam_rpi_v2_5mp_hdmi/zybo_z7_imx219/zybo_z7_imx219.runs/design_1_v_demosaic_0_0_synth_1/prj/sol/.autopilot/db/v_demosaic.cpp:1018->C:/github/zybo_z7_cam_rpi_v2_5mp_hdmi/zybo_z7_imx219/zybo_z7_imx219.runs/design_1_v_demosaic_0_0_synth_1/prj/sol/.autopilot/db/v_demosaic.cpp:1073]   --->   Operation 113 'store' 'store_ln1018' <Predicate = (!icmp_ln881 & icmp_ln891)> <Delay = 1.58>
ST_2 : Operation 114 [1/1] (1.58ns)   --->   "%store_ln1018 = store i10 %tmp_i, i10 %right_1" [C:/github/zybo_z7_cam_rpi_v2_5mp_hdmi/zybo_z7_imx219/zybo_z7_imx219.runs/design_1_v_demosaic_0_0_synth_1/prj/sol/.autopilot/db/v_demosaic.cpp:1018->C:/github/zybo_z7_cam_rpi_v2_5mp_hdmi/zybo_z7_imx219/zybo_z7_imx219.runs/design_1_v_demosaic_0_0_synth_1/prj/sol/.autopilot/db/v_demosaic.cpp:1073]   --->   Operation 114 'store' 'store_ln1018' <Predicate = (!icmp_ln881 & icmp_ln891)> <Delay = 1.58>
ST_2 : Operation 115 [1/1] (1.58ns)   --->   "%store_ln1018 = store i10 %trunc_ln902, i10 %right" [C:/github/zybo_z7_cam_rpi_v2_5mp_hdmi/zybo_z7_imx219/zybo_z7_imx219.runs/design_1_v_demosaic_0_0_synth_1/prj/sol/.autopilot/db/v_demosaic.cpp:1018->C:/github/zybo_z7_cam_rpi_v2_5mp_hdmi/zybo_z7_imx219/zybo_z7_imx219.runs/design_1_v_demosaic_0_0_synth_1/prj/sol/.autopilot/db/v_demosaic.cpp:1073]   --->   Operation 115 'store' 'store_ln1018' <Predicate = (!icmp_ln881 & icmp_ln891)> <Delay = 1.58>
ST_2 : Operation 116 [1/1] (1.58ns)   --->   "%store_ln902 = store i10 %tmp_3_i, i10 %p_0_0_0116517831794_i" [C:/github/zybo_z7_cam_rpi_v2_5mp_hdmi/zybo_z7_imx219/zybo_z7_imx219.runs/design_1_v_demosaic_0_0_synth_1/prj/sol/.autopilot/db/v_demosaic.cpp:902->C:/github/zybo_z7_cam_rpi_v2_5mp_hdmi/zybo_z7_imx219/zybo_z7_imx219.runs/design_1_v_demosaic_0_0_synth_1/prj/sol/.autopilot/db/v_demosaic.cpp:1073]   --->   Operation 116 'store' 'store_ln902' <Predicate = (!icmp_ln881 & icmp_ln891)> <Delay = 1.58>
ST_2 : Operation 117 [1/1] (1.58ns)   --->   "%store_ln902 = store i10 %trunc_ln902_1, i10 %p_0_0_0116617811792_i" [C:/github/zybo_z7_cam_rpi_v2_5mp_hdmi/zybo_z7_imx219/zybo_z7_imx219.runs/design_1_v_demosaic_0_0_synth_1/prj/sol/.autopilot/db/v_demosaic.cpp:902->C:/github/zybo_z7_cam_rpi_v2_5mp_hdmi/zybo_z7_imx219/zybo_z7_imx219.runs/design_1_v_demosaic_0_0_synth_1/prj/sol/.autopilot/db/v_demosaic.cpp:1073]   --->   Operation 117 'store' 'store_ln902' <Predicate = (!icmp_ln881 & icmp_ln891)> <Delay = 1.58>

State 3 <SV = 2> <Delay = 6.78>
ST_3 : Operation 118 [1/1] (0.00ns)   --->   "%p_0_0_0116417851796_i_load = load i10 %p_0_0_0116417851796_i"   --->   Operation 118 'load' 'p_0_0_0116417851796_i_load' <Predicate = true> <Delay = 0.00>
ST_3 : Operation 119 [1/1] (0.00ns)   --->   "%p_0_0_01177_217791808_i_load = load i10 %p_0_0_01177_217791808_i"   --->   Operation 119 'load' 'p_0_0_01177_217791808_i_load' <Predicate = true> <Delay = 0.00>
ST_3 : Operation 120 [1/1] (0.00ns)   --->   "%p_0_0_0_0_011581705_i_load = load i10 %p_0_0_0_0_011581705_i"   --->   Operation 120 'load' 'p_0_0_0_0_011581705_i_load' <Predicate = true> <Delay = 0.00>
ST_3 : Operation 121 [1/1] (0.00ns)   --->   "%p_0_1_0_0_011591708_i_load = load i10 %p_0_1_0_0_011591708_i"   --->   Operation 121 'load' 'p_0_1_0_0_011591708_i_load' <Predicate = true> <Delay = 0.00>
ST_3 : Operation 122 [1/1] (0.00ns)   --->   "%p_0_2_0_0_011601711_i_load = load i10 %p_0_2_0_0_011601711_i"   --->   Operation 122 'load' 'p_0_2_0_0_011601711_i_load' <Predicate = true> <Delay = 0.00>
ST_3 : Operation 123 [1/1] (0.00ns)   --->   "%speclooptripcount_ln0 = speclooptripcount void @_ssdm_op_SpecLoopTripCount, i64 1, i64 1921, i64 0"   --->   Operation 123 'speclooptripcount' 'speclooptripcount_ln0' <Predicate = true> <Delay = 0.00>
ST_3 : Operation 124 [1/1] (0.00ns)   --->   "%p_0_0_01177_21779_ph_i = phi i10 %trunc_ln913_3, void %VITIS_LOOP_914_7.i, i10 %tmp_1_i, void %VITIS_LOOP_894_3.i" [C:/github/zybo_z7_cam_rpi_v2_5mp_hdmi/zybo_z7_imx219/zybo_z7_imx219.runs/design_1_v_demosaic_0_0_synth_1/prj/sol/.autopilot/db/v_demosaic.cpp:913->C:/github/zybo_z7_cam_rpi_v2_5mp_hdmi/zybo_z7_imx219/zybo_z7_imx219.runs/design_1_v_demosaic_0_0_synth_1/prj/sol/.autopilot/db/v_demosaic.cpp:1073]   --->   Operation 124 'phi' 'p_0_0_01177_21779_ph_i' <Predicate = (!icmp_ln881 & icmp_ln891)> <Delay = 0.00>
ST_3 : Operation 125 [1/1] (0.68ns)   --->   "%select_ln957 = select i1 %icmp_ln957, i10 %trunc_ln902, i10 %right_3" [C:/github/zybo_z7_cam_rpi_v2_5mp_hdmi/zybo_z7_imx219/zybo_z7_imx219.runs/design_1_v_demosaic_0_0_synth_1/prj/sol/.autopilot/db/v_demosaic.cpp:957->C:/github/zybo_z7_cam_rpi_v2_5mp_hdmi/zybo_z7_imx219/zybo_z7_imx219.runs/design_1_v_demosaic_0_0_synth_1/prj/sol/.autopilot/db/v_demosaic.cpp:1073]   --->   Operation 125 'select' 'select_ln957' <Predicate = (!icmp_ln881 & icmp_ln891)> <Delay = 0.68> <CoreInst = "Sel">   --->   Core 73 'Sel' <Latency = 0> <II = 1> <Delay = 0.68> <FuncUnit> <Opcode : 'select'> <InPorts = 3> <OutPorts = 1>
ST_3 : Operation 126 [1/1] (0.68ns)   --->   "%select_ln957_1 = select i1 %icmp_ln957, i10 %tmp_i, i10 %right_4" [C:/github/zybo_z7_cam_rpi_v2_5mp_hdmi/zybo_z7_imx219/zybo_z7_imx219.runs/design_1_v_demosaic_0_0_synth_1/prj/sol/.autopilot/db/v_demosaic.cpp:957->C:/github/zybo_z7_cam_rpi_v2_5mp_hdmi/zybo_z7_imx219/zybo_z7_imx219.runs/design_1_v_demosaic_0_0_synth_1/prj/sol/.autopilot/db/v_demosaic.cpp:1073]   --->   Operation 126 'select' 'select_ln957_1' <Predicate = (!icmp_ln881 & icmp_ln891)> <Delay = 0.68> <CoreInst = "Sel">   --->   Core 73 'Sel' <Latency = 0> <II = 1> <Delay = 0.68> <FuncUnit> <Opcode : 'select'> <InPorts = 3> <OutPorts = 1>
ST_3 : Operation 127 [1/1] (0.68ns)   --->   "%select_ln957_2 = select i1 %icmp_ln957, i10 %tmp_1_i, i10 %right_5" [C:/github/zybo_z7_cam_rpi_v2_5mp_hdmi/zybo_z7_imx219/zybo_z7_imx219.runs/design_1_v_demosaic_0_0_synth_1/prj/sol/.autopilot/db/v_demosaic.cpp:957->C:/github/zybo_z7_cam_rpi_v2_5mp_hdmi/zybo_z7_imx219/zybo_z7_imx219.runs/design_1_v_demosaic_0_0_synth_1/prj/sol/.autopilot/db/v_demosaic.cpp:1073]   --->   Operation 127 'select' 'select_ln957_2' <Predicate = (!icmp_ln881 & icmp_ln891)> <Delay = 0.68> <CoreInst = "Sel">   --->   Core 73 'Sel' <Latency = 0> <II = 1> <Delay = 0.68> <FuncUnit> <Opcode : 'select'> <InPorts = 3> <OutPorts = 1>
ST_3 : Operation 128 [1/1] (0.68ns)   --->   "%select_ln957_3 = select i1 %icmp_ln957, i10 %trunc_ln902, i10 %p_0_0_0_0_011581705_i_load" [C:/github/zybo_z7_cam_rpi_v2_5mp_hdmi/zybo_z7_imx219/zybo_z7_imx219.runs/design_1_v_demosaic_0_0_synth_1/prj/sol/.autopilot/db/v_demosaic.cpp:957->C:/github/zybo_z7_cam_rpi_v2_5mp_hdmi/zybo_z7_imx219/zybo_z7_imx219.runs/design_1_v_demosaic_0_0_synth_1/prj/sol/.autopilot/db/v_demosaic.cpp:1073]   --->   Operation 128 'select' 'select_ln957_3' <Predicate = (!icmp_ln881 & icmp_ln891)> <Delay = 0.68> <CoreInst = "Sel">   --->   Core 73 'Sel' <Latency = 0> <II = 1> <Delay = 0.68> <FuncUnit> <Opcode : 'select'> <InPorts = 3> <OutPorts = 1>
ST_3 : Operation 129 [1/1] (0.68ns)   --->   "%select_ln957_4 = select i1 %icmp_ln957, i10 %tmp_i, i10 %p_0_1_0_0_011591708_i_load" [C:/github/zybo_z7_cam_rpi_v2_5mp_hdmi/zybo_z7_imx219/zybo_z7_imx219.runs/design_1_v_demosaic_0_0_synth_1/prj/sol/.autopilot/db/v_demosaic.cpp:957->C:/github/zybo_z7_cam_rpi_v2_5mp_hdmi/zybo_z7_imx219/zybo_z7_imx219.runs/design_1_v_demosaic_0_0_synth_1/prj/sol/.autopilot/db/v_demosaic.cpp:1073]   --->   Operation 129 'select' 'select_ln957_4' <Predicate = (!icmp_ln881 & icmp_ln891)> <Delay = 0.68> <CoreInst = "Sel">   --->   Core 73 'Sel' <Latency = 0> <II = 1> <Delay = 0.68> <FuncUnit> <Opcode : 'select'> <InPorts = 3> <OutPorts = 1>
ST_3 : Operation 130 [1/1] (0.68ns)   --->   "%select_ln957_5 = select i1 %icmp_ln957, i10 %tmp_1_i, i10 %p_0_2_0_0_011601711_i_load" [C:/github/zybo_z7_cam_rpi_v2_5mp_hdmi/zybo_z7_imx219/zybo_z7_imx219.runs/design_1_v_demosaic_0_0_synth_1/prj/sol/.autopilot/db/v_demosaic.cpp:957->C:/github/zybo_z7_cam_rpi_v2_5mp_hdmi/zybo_z7_imx219/zybo_z7_imx219.runs/design_1_v_demosaic_0_0_synth_1/prj/sol/.autopilot/db/v_demosaic.cpp:1073]   --->   Operation 130 'select' 'select_ln957_5' <Predicate = (!icmp_ln881 & icmp_ln891)> <Delay = 0.68> <CoreInst = "Sel">   --->   Core 73 'Sel' <Latency = 0> <II = 1> <Delay = 0.68> <FuncUnit> <Opcode : 'select'> <InPorts = 3> <OutPorts = 1>
ST_3 : Operation 131 [1/1] (0.68ns)   --->   "%select_ln957_6 = select i1 %icmp_ln957, i10 %tmp_4_i, i10 %p_0_0_0116417851796_i_load" [C:/github/zybo_z7_cam_rpi_v2_5mp_hdmi/zybo_z7_imx219/zybo_z7_imx219.runs/design_1_v_demosaic_0_0_synth_1/prj/sol/.autopilot/db/v_demosaic.cpp:957->C:/github/zybo_z7_cam_rpi_v2_5mp_hdmi/zybo_z7_imx219/zybo_z7_imx219.runs/design_1_v_demosaic_0_0_synth_1/prj/sol/.autopilot/db/v_demosaic.cpp:1073]   --->   Operation 131 'select' 'select_ln957_6' <Predicate = (!icmp_ln881 & icmp_ln891)> <Delay = 0.68> <CoreInst = "Sel">   --->   Core 73 'Sel' <Latency = 0> <II = 1> <Delay = 0.68> <FuncUnit> <Opcode : 'select'> <InPorts = 3> <OutPorts = 1>
ST_3 : Operation 132 [1/1] (0.68ns)   --->   "%select_ln957_9 = select i1 %icmp_ln957, i10 %p_0_0_01177_21779_ph_i, i10 %p_0_0_01177_217791808_i_load" [C:/github/zybo_z7_cam_rpi_v2_5mp_hdmi/zybo_z7_imx219/zybo_z7_imx219.runs/design_1_v_demosaic_0_0_synth_1/prj/sol/.autopilot/db/v_demosaic.cpp:957->C:/github/zybo_z7_cam_rpi_v2_5mp_hdmi/zybo_z7_imx219/zybo_z7_imx219.runs/design_1_v_demosaic_0_0_synth_1/prj/sol/.autopilot/db/v_demosaic.cpp:1073]   --->   Operation 132 'select' 'select_ln957_9' <Predicate = (!icmp_ln881 & icmp_ln891)> <Delay = 0.68> <CoreInst = "Sel">   --->   Core 73 'Sel' <Latency = 0> <II = 1> <Delay = 0.68> <FuncUnit> <Opcode : 'select'> <InPorts = 3> <OutPorts = 1>
ST_3 : Operation 133 [1/1] (0.68ns)   --->   "%select_ln975_1 = select i1 %icmp_ln975, i10 %tmp_i, i10 %p_0_0_01178_21777_ph_i" [C:/github/zybo_z7_cam_rpi_v2_5mp_hdmi/zybo_z7_imx219/zybo_z7_imx219.runs/design_1_v_demosaic_0_0_synth_1/prj/sol/.autopilot/db/v_demosaic.cpp:975->C:/github/zybo_z7_cam_rpi_v2_5mp_hdmi/zybo_z7_imx219/zybo_z7_imx219.runs/design_1_v_demosaic_0_0_synth_1/prj/sol/.autopilot/db/v_demosaic.cpp:1073]   --->   Operation 133 'select' 'select_ln975_1' <Predicate = (!icmp_ln881 & icmp_ln891)> <Delay = 0.68> <CoreInst = "Sel">   --->   Core 73 'Sel' <Latency = 0> <II = 1> <Delay = 0.68> <FuncUnit> <Opcode : 'select'> <InPorts = 3> <OutPorts = 1>
ST_3 : Operation 134 [1/1] (0.68ns)   --->   "%select_ln975_2 = select i1 %icmp_ln975, i10 %tmp_1_i, i10 %p_0_0_01177_21779_ph_i" [C:/github/zybo_z7_cam_rpi_v2_5mp_hdmi/zybo_z7_imx219/zybo_z7_imx219.runs/design_1_v_demosaic_0_0_synth_1/prj/sol/.autopilot/db/v_demosaic.cpp:975->C:/github/zybo_z7_cam_rpi_v2_5mp_hdmi/zybo_z7_imx219/zybo_z7_imx219.runs/design_1_v_demosaic_0_0_synth_1/prj/sol/.autopilot/db/v_demosaic.cpp:1073]   --->   Operation 134 'select' 'select_ln975_2' <Predicate = (!icmp_ln881 & icmp_ln891)> <Delay = 0.68> <CoreInst = "Sel">   --->   Core 73 'Sel' <Latency = 0> <II = 1> <Delay = 0.68> <FuncUnit> <Opcode : 'select'> <InPorts = 3> <OutPorts = 1>
ST_3 : Operation 135 [1/1] (0.00ns)   --->   "%LineBufVal_4 = bitconcatenate i30 @_ssdm_op_BitConcatenate.i30.i10.i10.i10, i10 %select_ln975_2, i10 %select_ln975_1, i10 %select_ln975" [C:/github/zybo_z7_cam_rpi_v2_5mp_hdmi/zybo_z7_imx219/zybo_z7_imx219.runs/design_1_v_demosaic_0_0_synth_1/prj/sol/.autopilot/db/v_demosaic.cpp:984->C:/github/zybo_z7_cam_rpi_v2_5mp_hdmi/zybo_z7_imx219/zybo_z7_imx219.runs/design_1_v_demosaic_0_0_synth_1/prj/sol/.autopilot/db/v_demosaic.cpp:1073]   --->   Operation 135 'bitconcatenate' 'LineBufVal_4' <Predicate = (!icmp_ln881 & icmp_ln891)> <Delay = 0.00>
ST_3 : Operation 136 [1/1] ( I:3.25ns O:3.25ns )   --->   "%store_ln987 = store i30 %LineBufVal_4, i11 %lineBuffer_2_addr" [C:/github/zybo_z7_cam_rpi_v2_5mp_hdmi/zybo_z7_imx219/zybo_z7_imx219.runs/design_1_v_demosaic_0_0_synth_1/prj/sol/.autopilot/db/v_demosaic.cpp:987->C:/github/zybo_z7_cam_rpi_v2_5mp_hdmi/zybo_z7_imx219/zybo_z7_imx219.runs/design_1_v_demosaic_0_0_synth_1/prj/sol/.autopilot/db/v_demosaic.cpp:1073]   --->   Operation 136 'store' 'store_ln987' <Predicate = (!icmp_ln881 & icmp_ln891)> <Delay = 3.25> <CoreInst = "RAM">   --->   Core 81 'RAM' <Latency = 1> <II = 1> <Delay = 3.25> <Storage> <Opcode : 'load' 'store'> <Ports = 2> <Width = 30> <Depth = 1921> <RAM>
ST_3 : Operation 137 [1/1] (1.58ns)   --->   "%store_ln913 = store i10 %p_0_0_01177_21779_ph_i, i10 %p_0_0_01177_217791808_i" [C:/github/zybo_z7_cam_rpi_v2_5mp_hdmi/zybo_z7_imx219/zybo_z7_imx219.runs/design_1_v_demosaic_0_0_synth_1/prj/sol/.autopilot/db/v_demosaic.cpp:913->C:/github/zybo_z7_cam_rpi_v2_5mp_hdmi/zybo_z7_imx219/zybo_z7_imx219.runs/design_1_v_demosaic_0_0_synth_1/prj/sol/.autopilot/db/v_demosaic.cpp:1073]   --->   Operation 137 'store' 'store_ln913' <Predicate = (!icmp_ln881 & icmp_ln891)> <Delay = 1.58>
ST_3 : Operation 138 [1/1] (1.58ns)   --->   "%store_ln902 = store i10 %tmp_4_i, i10 %p_0_0_0116417851796_i" [C:/github/zybo_z7_cam_rpi_v2_5mp_hdmi/zybo_z7_imx219/zybo_z7_imx219.runs/design_1_v_demosaic_0_0_synth_1/prj/sol/.autopilot/db/v_demosaic.cpp:902->C:/github/zybo_z7_cam_rpi_v2_5mp_hdmi/zybo_z7_imx219/zybo_z7_imx219.runs/design_1_v_demosaic_0_0_synth_1/prj/sol/.autopilot/db/v_demosaic.cpp:1073]   --->   Operation 138 'store' 'store_ln902' <Predicate = (!icmp_ln881 & icmp_ln891)> <Delay = 1.58>
ST_3 : Operation 139 [1/1] (1.58ns)   --->   "%br_ln989 = br void %for.body291.i_ifconv" [C:/github/zybo_z7_cam_rpi_v2_5mp_hdmi/zybo_z7_imx219/zybo_z7_imx219.runs/design_1_v_demosaic_0_0_synth_1/prj/sol/.autopilot/db/v_demosaic.cpp:989->C:/github/zybo_z7_cam_rpi_v2_5mp_hdmi/zybo_z7_imx219/zybo_z7_imx219.runs/design_1_v_demosaic_0_0_synth_1/prj/sol/.autopilot/db/v_demosaic.cpp:1073]   --->   Operation 139 'br' 'br_ln989' <Predicate = (!icmp_ln881 & icmp_ln891)> <Delay = 1.58>
ST_3 : Operation 140 [1/1] (0.00ns)   --->   "%down_2 = phi i10 %select_ln957_9, void %VITIS_LOOP_940_11.i, i10 %p_0_0_01177_217791808_i_load, void %for.body14.split.i" [C:/github/zybo_z7_cam_rpi_v2_5mp_hdmi/zybo_z7_imx219/zybo_z7_imx219.runs/design_1_v_demosaic_0_0_synth_1/prj/sol/.autopilot/db/v_demosaic.cpp:957->C:/github/zybo_z7_cam_rpi_v2_5mp_hdmi/zybo_z7_imx219/zybo_z7_imx219.runs/design_1_v_demosaic_0_0_synth_1/prj/sol/.autopilot/db/v_demosaic.cpp:1073]   --->   Operation 140 'phi' 'down_2' <Predicate = (!icmp_ln881)> <Delay = 0.00>
ST_3 : Operation 141 [1/1] (0.00ns)   --->   "%down_1 = phi i10 %select_ln957_10, void %VITIS_LOOP_940_11.i, i10 %p_0_0_01178_217771806_i_load, void %for.body14.split.i" [C:/github/zybo_z7_cam_rpi_v2_5mp_hdmi/zybo_z7_imx219/zybo_z7_imx219.runs/design_1_v_demosaic_0_0_synth_1/prj/sol/.autopilot/db/v_demosaic.cpp:957->C:/github/zybo_z7_cam_rpi_v2_5mp_hdmi/zybo_z7_imx219/zybo_z7_imx219.runs/design_1_v_demosaic_0_0_synth_1/prj/sol/.autopilot/db/v_demosaic.cpp:1073]   --->   Operation 141 'phi' 'down_1' <Predicate = (!icmp_ln881)> <Delay = 0.00>
ST_3 : Operation 142 [1/1] (0.00ns)   --->   "%down = phi i10 %select_ln957_11, void %VITIS_LOOP_940_11.i, i10 %p_0_0_01179_217751804_i_load, void %for.body14.split.i" [C:/github/zybo_z7_cam_rpi_v2_5mp_hdmi/zybo_z7_imx219/zybo_z7_imx219.runs/design_1_v_demosaic_0_0_synth_1/prj/sol/.autopilot/db/v_demosaic.cpp:957->C:/github/zybo_z7_cam_rpi_v2_5mp_hdmi/zybo_z7_imx219/zybo_z7_imx219.runs/design_1_v_demosaic_0_0_synth_1/prj/sol/.autopilot/db/v_demosaic.cpp:1073]   --->   Operation 142 'phi' 'down' <Predicate = (!icmp_ln881)> <Delay = 0.00>
ST_3 : Operation 143 [1/1] (0.00ns)   --->   "%left_2 = phi i10 %select_ln957_5, void %VITIS_LOOP_940_11.i, i10 %p_0_2_0_0_011601711_i_load, void %for.body14.split.i" [C:/github/zybo_z7_cam_rpi_v2_5mp_hdmi/zybo_z7_imx219/zybo_z7_imx219.runs/design_1_v_demosaic_0_0_synth_1/prj/sol/.autopilot/db/v_demosaic.cpp:957->C:/github/zybo_z7_cam_rpi_v2_5mp_hdmi/zybo_z7_imx219/zybo_z7_imx219.runs/design_1_v_demosaic_0_0_synth_1/prj/sol/.autopilot/db/v_demosaic.cpp:1073]   --->   Operation 143 'phi' 'left_2' <Predicate = (!icmp_ln881)> <Delay = 0.00>
ST_3 : Operation 144 [1/1] (0.00ns)   --->   "%left_1 = phi i10 %select_ln957_4, void %VITIS_LOOP_940_11.i, i10 %p_0_1_0_0_011591708_i_load, void %for.body14.split.i" [C:/github/zybo_z7_cam_rpi_v2_5mp_hdmi/zybo_z7_imx219/zybo_z7_imx219.runs/design_1_v_demosaic_0_0_synth_1/prj/sol/.autopilot/db/v_demosaic.cpp:957->C:/github/zybo_z7_cam_rpi_v2_5mp_hdmi/zybo_z7_imx219/zybo_z7_imx219.runs/design_1_v_demosaic_0_0_synth_1/prj/sol/.autopilot/db/v_demosaic.cpp:1073]   --->   Operation 144 'phi' 'left_1' <Predicate = (!icmp_ln881)> <Delay = 0.00>
ST_3 : Operation 145 [1/1] (0.00ns)   --->   "%left = phi i10 %select_ln957_3, void %VITIS_LOOP_940_11.i, i10 %p_0_0_0_0_011581705_i_load, void %for.body14.split.i" [C:/github/zybo_z7_cam_rpi_v2_5mp_hdmi/zybo_z7_imx219/zybo_z7_imx219.runs/design_1_v_demosaic_0_0_synth_1/prj/sol/.autopilot/db/v_demosaic.cpp:957->C:/github/zybo_z7_cam_rpi_v2_5mp_hdmi/zybo_z7_imx219/zybo_z7_imx219.runs/design_1_v_demosaic_0_0_synth_1/prj/sol/.autopilot/db/v_demosaic.cpp:1073]   --->   Operation 145 'phi' 'left' <Predicate = (!icmp_ln881)> <Delay = 0.00>
ST_3 : Operation 146 [1/1] (0.00ns)   --->   "%pix_8 = phi i10 %select_ln957_2, void %VITIS_LOOP_940_11.i, i10 %right_5, void %for.body14.split.i"   --->   Operation 146 'phi' 'pix_8' <Predicate = (!icmp_ln881)> <Delay = 0.00>
ST_3 : Operation 147 [1/1] (0.00ns)   --->   "%pix_7 = phi i10 %select_ln957_1, void %VITIS_LOOP_940_11.i, i10 %right_4, void %for.body14.split.i"   --->   Operation 147 'phi' 'pix_7' <Predicate = (!icmp_ln881)> <Delay = 0.00>
ST_3 : Operation 148 [1/1] (0.00ns)   --->   "%pix = phi i10 %select_ln957, void %VITIS_LOOP_940_11.i, i10 %right_3, void %for.body14.split.i"   --->   Operation 148 'phi' 'pix' <Predicate = (!icmp_ln881)> <Delay = 0.00>
ST_3 : Operation 149 [1/1] (0.00ns)   --->   "%up_2 = phi i10 %select_ln957_6, void %VITIS_LOOP_940_11.i, i10 %p_0_0_0116417851796_i_load, void %for.body14.split.i" [C:/github/zybo_z7_cam_rpi_v2_5mp_hdmi/zybo_z7_imx219/zybo_z7_imx219.runs/design_1_v_demosaic_0_0_synth_1/prj/sol/.autopilot/db/v_demosaic.cpp:957->C:/github/zybo_z7_cam_rpi_v2_5mp_hdmi/zybo_z7_imx219/zybo_z7_imx219.runs/design_1_v_demosaic_0_0_synth_1/prj/sol/.autopilot/db/v_demosaic.cpp:1073]   --->   Operation 149 'phi' 'up_2' <Predicate = (!icmp_ln881)> <Delay = 0.00>
ST_3 : Operation 150 [1/1] (0.00ns)   --->   "%up_1 = phi i10 %select_ln957_7, void %VITIS_LOOP_940_11.i, i10 %p_0_0_0116517831794_i_load, void %for.body14.split.i" [C:/github/zybo_z7_cam_rpi_v2_5mp_hdmi/zybo_z7_imx219/zybo_z7_imx219.runs/design_1_v_demosaic_0_0_synth_1/prj/sol/.autopilot/db/v_demosaic.cpp:957->C:/github/zybo_z7_cam_rpi_v2_5mp_hdmi/zybo_z7_imx219/zybo_z7_imx219.runs/design_1_v_demosaic_0_0_synth_1/prj/sol/.autopilot/db/v_demosaic.cpp:1073]   --->   Operation 150 'phi' 'up_1' <Predicate = (!icmp_ln881)> <Delay = 0.00>
ST_3 : Operation 151 [1/1] (0.00ns)   --->   "%up = phi i10 %select_ln957_8, void %VITIS_LOOP_940_11.i, i10 %p_0_0_0116617811792_i_load, void %for.body14.split.i" [C:/github/zybo_z7_cam_rpi_v2_5mp_hdmi/zybo_z7_imx219/zybo_z7_imx219.runs/design_1_v_demosaic_0_0_synth_1/prj/sol/.autopilot/db/v_demosaic.cpp:957->C:/github/zybo_z7_cam_rpi_v2_5mp_hdmi/zybo_z7_imx219/zybo_z7_imx219.runs/design_1_v_demosaic_0_0_synth_1/prj/sol/.autopilot/db/v_demosaic.cpp:1073]   --->   Operation 151 'phi' 'up' <Predicate = (!icmp_ln881)> <Delay = 0.00>
ST_3 : Operation 152 [1/1] (0.00ns)   --->   "%right_load_1 = load i10 %right" [C:/github/zybo_z7_cam_rpi_v2_5mp_hdmi/zybo_z7_imx219/zybo_z7_imx219.runs/design_1_v_demosaic_0_0_synth_1/prj/sol/.autopilot/db/v_demosaic.cpp:1023->C:/github/zybo_z7_cam_rpi_v2_5mp_hdmi/zybo_z7_imx219/zybo_z7_imx219.runs/design_1_v_demosaic_0_0_synth_1/prj/sol/.autopilot/db/v_demosaic.cpp:1073]   --->   Operation 152 'load' 'right_load_1' <Predicate = (!icmp_ln881)> <Delay = 0.00>
ST_3 : Operation 153 [1/1] (0.00ns)   --->   "%right_1_load_1 = load i10 %right_1" [C:/github/zybo_z7_cam_rpi_v2_5mp_hdmi/zybo_z7_imx219/zybo_z7_imx219.runs/design_1_v_demosaic_0_0_synth_1/prj/sol/.autopilot/db/v_demosaic.cpp:1025->C:/github/zybo_z7_cam_rpi_v2_5mp_hdmi/zybo_z7_imx219/zybo_z7_imx219.runs/design_1_v_demosaic_0_0_synth_1/prj/sol/.autopilot/db/v_demosaic.cpp:1073]   --->   Operation 153 'load' 'right_1_load_1' <Predicate = (!icmp_ln881)> <Delay = 0.00>
ST_3 : Operation 154 [1/1] (0.00ns)   --->   "%right_2_load_1 = load i10 %right_2" [C:/github/zybo_z7_cam_rpi_v2_5mp_hdmi/zybo_z7_imx219/zybo_z7_imx219.runs/design_1_v_demosaic_0_0_synth_1/prj/sol/.autopilot/db/v_demosaic.cpp:1027->C:/github/zybo_z7_cam_rpi_v2_5mp_hdmi/zybo_z7_imx219/zybo_z7_imx219.runs/design_1_v_demosaic_0_0_synth_1/prj/sol/.autopilot/db/v_demosaic.cpp:1073]   --->   Operation 154 'load' 'right_2_load_1' <Predicate = (!icmp_ln881)> <Delay = 0.00>
ST_3 : Operation 155 [1/1] (0.00ns)   --->   "%zext_ln1023 = zext i10 %left" [C:/github/zybo_z7_cam_rpi_v2_5mp_hdmi/zybo_z7_imx219/zybo_z7_imx219.runs/design_1_v_demosaic_0_0_synth_1/prj/sol/.autopilot/db/v_demosaic.cpp:1023->C:/github/zybo_z7_cam_rpi_v2_5mp_hdmi/zybo_z7_imx219/zybo_z7_imx219.runs/design_1_v_demosaic_0_0_synth_1/prj/sol/.autopilot/db/v_demosaic.cpp:1073]   --->   Operation 155 'zext' 'zext_ln1023' <Predicate = (!icmp_ln881)> <Delay = 0.00>
ST_3 : Operation 156 [1/1] (0.00ns)   --->   "%zext_ln1023_1 = zext i10 %right_load_1" [C:/github/zybo_z7_cam_rpi_v2_5mp_hdmi/zybo_z7_imx219/zybo_z7_imx219.runs/design_1_v_demosaic_0_0_synth_1/prj/sol/.autopilot/db/v_demosaic.cpp:1023->C:/github/zybo_z7_cam_rpi_v2_5mp_hdmi/zybo_z7_imx219/zybo_z7_imx219.runs/design_1_v_demosaic_0_0_synth_1/prj/sol/.autopilot/db/v_demosaic.cpp:1073]   --->   Operation 156 'zext' 'zext_ln1023_1' <Predicate = (!icmp_ln881)> <Delay = 0.00>
ST_3 : Operation 157 [1/1] (1.73ns)   --->   "%sub_ln1023 = sub i11 %zext_ln1023, i11 %zext_ln1023_1" [C:/github/zybo_z7_cam_rpi_v2_5mp_hdmi/zybo_z7_imx219/zybo_z7_imx219.runs/design_1_v_demosaic_0_0_synth_1/prj/sol/.autopilot/db/v_demosaic.cpp:1023->C:/github/zybo_z7_cam_rpi_v2_5mp_hdmi/zybo_z7_imx219/zybo_z7_imx219.runs/design_1_v_demosaic_0_0_synth_1/prj/sol/.autopilot/db/v_demosaic.cpp:1073]   --->   Operation 157 'sub' 'sub_ln1023' <Predicate = (!icmp_ln881)> <Delay = 1.73> <CoreInst = "Adder">   --->   Core 1 'Adder' <Latency = 0> <II = 1> <Delay = 1.73> <FuncUnit> <Opcode : 'add' 'sub'> <InPorts = 2> <OutPorts = 1>
ST_3 : Operation 158 [1/1] (0.00ns)   --->   "%trunc_ln61 = trunc i11 %sub_ln1023" [C:/AMDDesignTools/2025.2/Vitis/tps/mingw/8.3.0/win64.o/nt\lib\gcc\x86_64-w64-mingw32\8.3.0\include\c++\bits/std_abs.h:61->C:/github/zybo_z7_cam_rpi_v2_5mp_hdmi/zybo_z7_imx219/zybo_z7_imx219.runs/design_1_v_demosaic_0_0_synth_1/prj/sol/.autopilot/db/v_demosaic.cpp:1023->C:/github/zybo_z7_cam_rpi_v2_5mp_hdmi/zybo_z7_imx219/zybo_z7_imx219.runs/design_1_v_demosaic_0_0_synth_1/prj/sol/.autopilot/db/v_demosaic.cpp:1073]   --->   Operation 158 'trunc' 'trunc_ln61' <Predicate = (!icmp_ln881)> <Delay = 0.00>
ST_3 : Operation 159 [1/1] (1.73ns)   --->   "%sub_ln61 = sub i10 0, i10 %trunc_ln61" [C:/AMDDesignTools/2025.2/Vitis/tps/mingw/8.3.0/win64.o/nt\lib\gcc\x86_64-w64-mingw32\8.3.0\include\c++\bits/std_abs.h:61->C:/github/zybo_z7_cam_rpi_v2_5mp_hdmi/zybo_z7_imx219/zybo_z7_imx219.runs/design_1_v_demosaic_0_0_synth_1/prj/sol/.autopilot/db/v_demosaic.cpp:1023->C:/github/zybo_z7_cam_rpi_v2_5mp_hdmi/zybo_z7_imx219/zybo_z7_imx219.runs/design_1_v_demosaic_0_0_synth_1/prj/sol/.autopilot/db/v_demosaic.cpp:1073]   --->   Operation 159 'sub' 'sub_ln61' <Predicate = (!icmp_ln881)> <Delay = 1.73> <CoreInst = "Adder">   --->   Core 1 'Adder' <Latency = 0> <II = 1> <Delay = 1.73> <FuncUnit> <Opcode : 'add' 'sub'> <InPorts = 2> <OutPorts = 1>
ST_3 : Operation 160 [1/1] (0.00ns)   --->   "%zext_ln1024 = zext i10 %up" [C:/github/zybo_z7_cam_rpi_v2_5mp_hdmi/zybo_z7_imx219/zybo_z7_imx219.runs/design_1_v_demosaic_0_0_synth_1/prj/sol/.autopilot/db/v_demosaic.cpp:1024->C:/github/zybo_z7_cam_rpi_v2_5mp_hdmi/zybo_z7_imx219/zybo_z7_imx219.runs/design_1_v_demosaic_0_0_synth_1/prj/sol/.autopilot/db/v_demosaic.cpp:1073]   --->   Operation 160 'zext' 'zext_ln1024' <Predicate = (!icmp_ln881)> <Delay = 0.00>
ST_3 : Operation 161 [1/1] (0.00ns)   --->   "%zext_ln1024_1 = zext i10 %down" [C:/github/zybo_z7_cam_rpi_v2_5mp_hdmi/zybo_z7_imx219/zybo_z7_imx219.runs/design_1_v_demosaic_0_0_synth_1/prj/sol/.autopilot/db/v_demosaic.cpp:1024->C:/github/zybo_z7_cam_rpi_v2_5mp_hdmi/zybo_z7_imx219/zybo_z7_imx219.runs/design_1_v_demosaic_0_0_synth_1/prj/sol/.autopilot/db/v_demosaic.cpp:1073]   --->   Operation 161 'zext' 'zext_ln1024_1' <Predicate = (!icmp_ln881)> <Delay = 0.00>
ST_3 : Operation 162 [1/1] (1.73ns)   --->   "%sub_ln1024 = sub i11 %zext_ln1024, i11 %zext_ln1024_1" [C:/github/zybo_z7_cam_rpi_v2_5mp_hdmi/zybo_z7_imx219/zybo_z7_imx219.runs/design_1_v_demosaic_0_0_synth_1/prj/sol/.autopilot/db/v_demosaic.cpp:1024->C:/github/zybo_z7_cam_rpi_v2_5mp_hdmi/zybo_z7_imx219/zybo_z7_imx219.runs/design_1_v_demosaic_0_0_synth_1/prj/sol/.autopilot/db/v_demosaic.cpp:1073]   --->   Operation 162 'sub' 'sub_ln1024' <Predicate = (!icmp_ln881)> <Delay = 1.73> <CoreInst = "Adder">   --->   Core 1 'Adder' <Latency = 0> <II = 1> <Delay = 1.73> <FuncUnit> <Opcode : 'add' 'sub'> <InPorts = 2> <OutPorts = 1>
ST_3 : Operation 163 [1/1] (0.00ns)   --->   "%trunc_ln61_4 = trunc i11 %sub_ln1024" [C:/AMDDesignTools/2025.2/Vitis/tps/mingw/8.3.0/win64.o/nt\lib\gcc\x86_64-w64-mingw32\8.3.0\include\c++\bits/std_abs.h:61->C:/github/zybo_z7_cam_rpi_v2_5mp_hdmi/zybo_z7_imx219/zybo_z7_imx219.runs/design_1_v_demosaic_0_0_synth_1/prj/sol/.autopilot/db/v_demosaic.cpp:1024->C:/github/zybo_z7_cam_rpi_v2_5mp_hdmi/zybo_z7_imx219/zybo_z7_imx219.runs/design_1_v_demosaic_0_0_synth_1/prj/sol/.autopilot/db/v_demosaic.cpp:1073]   --->   Operation 163 'trunc' 'trunc_ln61_4' <Predicate = (!icmp_ln881)> <Delay = 0.00>
ST_3 : Operation 164 [1/1] (0.00ns) (grouped into LUT with out node add_ln1030_2)   --->   "%tmp_11 = bitselect i1 @_ssdm_op_BitSelect.i1.i11.i32, i11 %sub_ln1024, i32 10" [C:/AMDDesignTools/2025.2/Vitis/tps/mingw/8.3.0/win64.o/nt\lib\gcc\x86_64-w64-mingw32\8.3.0\include\c++\bits/std_abs.h:61->C:/github/zybo_z7_cam_rpi_v2_5mp_hdmi/zybo_z7_imx219/zybo_z7_imx219.runs/design_1_v_demosaic_0_0_synth_1/prj/sol/.autopilot/db/v_demosaic.cpp:1024->C:/github/zybo_z7_cam_rpi_v2_5mp_hdmi/zybo_z7_imx219/zybo_z7_imx219.runs/design_1_v_demosaic_0_0_synth_1/prj/sol/.autopilot/db/v_demosaic.cpp:1073]   --->   Operation 164 'bitselect' 'tmp_11' <Predicate = (!icmp_ln881)> <Delay = 0.00>
ST_3 : Operation 165 [1/1] (1.73ns)   --->   "%sub_ln61_4 = sub i10 0, i10 %trunc_ln61_4" [C:/AMDDesignTools/2025.2/Vitis/tps/mingw/8.3.0/win64.o/nt\lib\gcc\x86_64-w64-mingw32\8.3.0\include\c++\bits/std_abs.h:61->C:/github/zybo_z7_cam_rpi_v2_5mp_hdmi/zybo_z7_imx219/zybo_z7_imx219.runs/design_1_v_demosaic_0_0_synth_1/prj/sol/.autopilot/db/v_demosaic.cpp:1024->C:/github/zybo_z7_cam_rpi_v2_5mp_hdmi/zybo_z7_imx219/zybo_z7_imx219.runs/design_1_v_demosaic_0_0_synth_1/prj/sol/.autopilot/db/v_demosaic.cpp:1073]   --->   Operation 165 'sub' 'sub_ln61_4' <Predicate = (!icmp_ln881)> <Delay = 1.73> <CoreInst = "Adder">   --->   Core 1 'Adder' <Latency = 0> <II = 1> <Delay = 1.73> <FuncUnit> <Opcode : 'add' 'sub'> <InPorts = 2> <OutPorts = 1>
ST_3 : Operation 166 [1/1] (0.00ns) (grouped into LUT with out node add_ln1030_2)   --->   "%DRv = select i1 %tmp_11, i10 %sub_ln61_4, i10 %trunc_ln61_4" [C:/AMDDesignTools/2025.2/Vitis/tps/mingw/8.3.0/win64.o/nt\lib\gcc\x86_64-w64-mingw32\8.3.0\include\c++\bits/std_abs.h:61->C:/github/zybo_z7_cam_rpi_v2_5mp_hdmi/zybo_z7_imx219/zybo_z7_imx219.runs/design_1_v_demosaic_0_0_synth_1/prj/sol/.autopilot/db/v_demosaic.cpp:1024->C:/github/zybo_z7_cam_rpi_v2_5mp_hdmi/zybo_z7_imx219/zybo_z7_imx219.runs/design_1_v_demosaic_0_0_synth_1/prj/sol/.autopilot/db/v_demosaic.cpp:1073]   --->   Operation 166 'select' 'DRv' <Predicate = (!icmp_ln881)> <Delay = 0.00> <CoreInst = "Sel">   --->   Core 73 'Sel' <Latency = 0> <II = 1> <Delay = 0.68> <FuncUnit> <Opcode : 'select'> <InPorts = 3> <OutPorts = 1>
ST_3 : Operation 167 [1/1] (0.00ns)   --->   "%zext_ln1025 = zext i10 %left_1" [C:/github/zybo_z7_cam_rpi_v2_5mp_hdmi/zybo_z7_imx219/zybo_z7_imx219.runs/design_1_v_demosaic_0_0_synth_1/prj/sol/.autopilot/db/v_demosaic.cpp:1025->C:/github/zybo_z7_cam_rpi_v2_5mp_hdmi/zybo_z7_imx219/zybo_z7_imx219.runs/design_1_v_demosaic_0_0_synth_1/prj/sol/.autopilot/db/v_demosaic.cpp:1073]   --->   Operation 167 'zext' 'zext_ln1025' <Predicate = (!icmp_ln881)> <Delay = 0.00>
ST_3 : Operation 168 [1/1] (0.00ns)   --->   "%zext_ln1025_1 = zext i10 %right_1_load_1" [C:/github/zybo_z7_cam_rpi_v2_5mp_hdmi/zybo_z7_imx219/zybo_z7_imx219.runs/design_1_v_demosaic_0_0_synth_1/prj/sol/.autopilot/db/v_demosaic.cpp:1025->C:/github/zybo_z7_cam_rpi_v2_5mp_hdmi/zybo_z7_imx219/zybo_z7_imx219.runs/design_1_v_demosaic_0_0_synth_1/prj/sol/.autopilot/db/v_demosaic.cpp:1073]   --->   Operation 168 'zext' 'zext_ln1025_1' <Predicate = (!icmp_ln881)> <Delay = 0.00>
ST_3 : Operation 169 [1/1] (1.73ns)   --->   "%sub_ln1025 = sub i11 %zext_ln1025, i11 %zext_ln1025_1" [C:/github/zybo_z7_cam_rpi_v2_5mp_hdmi/zybo_z7_imx219/zybo_z7_imx219.runs/design_1_v_demosaic_0_0_synth_1/prj/sol/.autopilot/db/v_demosaic.cpp:1025->C:/github/zybo_z7_cam_rpi_v2_5mp_hdmi/zybo_z7_imx219/zybo_z7_imx219.runs/design_1_v_demosaic_0_0_synth_1/prj/sol/.autopilot/db/v_demosaic.cpp:1073]   --->   Operation 169 'sub' 'sub_ln1025' <Predicate = (!icmp_ln881)> <Delay = 1.73> <CoreInst = "Adder">   --->   Core 1 'Adder' <Latency = 0> <II = 1> <Delay = 1.73> <FuncUnit> <Opcode : 'add' 'sub'> <InPorts = 2> <OutPorts = 1>
ST_3 : Operation 170 [1/1] (0.00ns)   --->   "%trunc_ln61_5 = trunc i11 %sub_ln1025" [C:/AMDDesignTools/2025.2/Vitis/tps/mingw/8.3.0/win64.o/nt\lib\gcc\x86_64-w64-mingw32\8.3.0\include\c++\bits/std_abs.h:61->C:/github/zybo_z7_cam_rpi_v2_5mp_hdmi/zybo_z7_imx219/zybo_z7_imx219.runs/design_1_v_demosaic_0_0_synth_1/prj/sol/.autopilot/db/v_demosaic.cpp:1025->C:/github/zybo_z7_cam_rpi_v2_5mp_hdmi/zybo_z7_imx219/zybo_z7_imx219.runs/design_1_v_demosaic_0_0_synth_1/prj/sol/.autopilot/db/v_demosaic.cpp:1073]   --->   Operation 170 'trunc' 'trunc_ln61_5' <Predicate = (!icmp_ln881)> <Delay = 0.00>
ST_3 : Operation 171 [1/1] (1.73ns)   --->   "%sub_ln61_5 = sub i10 0, i10 %trunc_ln61_5" [C:/AMDDesignTools/2025.2/Vitis/tps/mingw/8.3.0/win64.o/nt\lib\gcc\x86_64-w64-mingw32\8.3.0\include\c++\bits/std_abs.h:61->C:/github/zybo_z7_cam_rpi_v2_5mp_hdmi/zybo_z7_imx219/zybo_z7_imx219.runs/design_1_v_demosaic_0_0_synth_1/prj/sol/.autopilot/db/v_demosaic.cpp:1025->C:/github/zybo_z7_cam_rpi_v2_5mp_hdmi/zybo_z7_imx219/zybo_z7_imx219.runs/design_1_v_demosaic_0_0_synth_1/prj/sol/.autopilot/db/v_demosaic.cpp:1073]   --->   Operation 171 'sub' 'sub_ln61_5' <Predicate = (!icmp_ln881)> <Delay = 1.73> <CoreInst = "Adder">   --->   Core 1 'Adder' <Latency = 0> <II = 1> <Delay = 1.73> <FuncUnit> <Opcode : 'add' 'sub'> <InPorts = 2> <OutPorts = 1>
ST_3 : Operation 172 [1/1] (0.00ns)   --->   "%zext_ln1026 = zext i10 %up_1" [C:/github/zybo_z7_cam_rpi_v2_5mp_hdmi/zybo_z7_imx219/zybo_z7_imx219.runs/design_1_v_demosaic_0_0_synth_1/prj/sol/.autopilot/db/v_demosaic.cpp:1026->C:/github/zybo_z7_cam_rpi_v2_5mp_hdmi/zybo_z7_imx219/zybo_z7_imx219.runs/design_1_v_demosaic_0_0_synth_1/prj/sol/.autopilot/db/v_demosaic.cpp:1073]   --->   Operation 172 'zext' 'zext_ln1026' <Predicate = (!icmp_ln881)> <Delay = 0.00>
ST_3 : Operation 173 [1/1] (0.00ns)   --->   "%zext_ln1026_1 = zext i10 %down_1" [C:/github/zybo_z7_cam_rpi_v2_5mp_hdmi/zybo_z7_imx219/zybo_z7_imx219.runs/design_1_v_demosaic_0_0_synth_1/prj/sol/.autopilot/db/v_demosaic.cpp:1026->C:/github/zybo_z7_cam_rpi_v2_5mp_hdmi/zybo_z7_imx219/zybo_z7_imx219.runs/design_1_v_demosaic_0_0_synth_1/prj/sol/.autopilot/db/v_demosaic.cpp:1073]   --->   Operation 173 'zext' 'zext_ln1026_1' <Predicate = (!icmp_ln881)> <Delay = 0.00>
ST_3 : Operation 174 [1/1] (1.73ns)   --->   "%sub_ln1026 = sub i11 %zext_ln1026, i11 %zext_ln1026_1" [C:/github/zybo_z7_cam_rpi_v2_5mp_hdmi/zybo_z7_imx219/zybo_z7_imx219.runs/design_1_v_demosaic_0_0_synth_1/prj/sol/.autopilot/db/v_demosaic.cpp:1026->C:/github/zybo_z7_cam_rpi_v2_5mp_hdmi/zybo_z7_imx219/zybo_z7_imx219.runs/design_1_v_demosaic_0_0_synth_1/prj/sol/.autopilot/db/v_demosaic.cpp:1073]   --->   Operation 174 'sub' 'sub_ln1026' <Predicate = (!icmp_ln881)> <Delay = 1.73> <CoreInst = "Adder">   --->   Core 1 'Adder' <Latency = 0> <II = 1> <Delay = 1.73> <FuncUnit> <Opcode : 'add' 'sub'> <InPorts = 2> <OutPorts = 1>
ST_3 : Operation 175 [1/1] (0.00ns)   --->   "%trunc_ln61_6 = trunc i11 %sub_ln1026" [C:/AMDDesignTools/2025.2/Vitis/tps/mingw/8.3.0/win64.o/nt\lib\gcc\x86_64-w64-mingw32\8.3.0\include\c++\bits/std_abs.h:61->C:/github/zybo_z7_cam_rpi_v2_5mp_hdmi/zybo_z7_imx219/zybo_z7_imx219.runs/design_1_v_demosaic_0_0_synth_1/prj/sol/.autopilot/db/v_demosaic.cpp:1026->C:/github/zybo_z7_cam_rpi_v2_5mp_hdmi/zybo_z7_imx219/zybo_z7_imx219.runs/design_1_v_demosaic_0_0_synth_1/prj/sol/.autopilot/db/v_demosaic.cpp:1073]   --->   Operation 175 'trunc' 'trunc_ln61_6' <Predicate = (!icmp_ln881)> <Delay = 0.00>
ST_3 : Operation 176 [1/1] (0.00ns) (grouped into LUT with out node add_ln1030_2)   --->   "%tmp_13 = bitselect i1 @_ssdm_op_BitSelect.i1.i11.i32, i11 %sub_ln1026, i32 10" [C:/AMDDesignTools/2025.2/Vitis/tps/mingw/8.3.0/win64.o/nt\lib\gcc\x86_64-w64-mingw32\8.3.0\include\c++\bits/std_abs.h:61->C:/github/zybo_z7_cam_rpi_v2_5mp_hdmi/zybo_z7_imx219/zybo_z7_imx219.runs/design_1_v_demosaic_0_0_synth_1/prj/sol/.autopilot/db/v_demosaic.cpp:1026->C:/github/zybo_z7_cam_rpi_v2_5mp_hdmi/zybo_z7_imx219/zybo_z7_imx219.runs/design_1_v_demosaic_0_0_synth_1/prj/sol/.autopilot/db/v_demosaic.cpp:1073]   --->   Operation 176 'bitselect' 'tmp_13' <Predicate = (!icmp_ln881)> <Delay = 0.00>
ST_3 : Operation 177 [1/1] (1.73ns)   --->   "%sub_ln61_6 = sub i10 0, i10 %trunc_ln61_6" [C:/AMDDesignTools/2025.2/Vitis/tps/mingw/8.3.0/win64.o/nt\lib\gcc\x86_64-w64-mingw32\8.3.0\include\c++\bits/std_abs.h:61->C:/github/zybo_z7_cam_rpi_v2_5mp_hdmi/zybo_z7_imx219/zybo_z7_imx219.runs/design_1_v_demosaic_0_0_synth_1/prj/sol/.autopilot/db/v_demosaic.cpp:1026->C:/github/zybo_z7_cam_rpi_v2_5mp_hdmi/zybo_z7_imx219/zybo_z7_imx219.runs/design_1_v_demosaic_0_0_synth_1/prj/sol/.autopilot/db/v_demosaic.cpp:1073]   --->   Operation 177 'sub' 'sub_ln61_6' <Predicate = (!icmp_ln881)> <Delay = 1.73> <CoreInst = "Adder">   --->   Core 1 'Adder' <Latency = 0> <II = 1> <Delay = 1.73> <FuncUnit> <Opcode : 'add' 'sub'> <InPorts = 2> <OutPorts = 1>
ST_3 : Operation 178 [1/1] (0.00ns) (grouped into LUT with out node add_ln1030_2)   --->   "%DGv = select i1 %tmp_13, i10 %sub_ln61_6, i10 %trunc_ln61_6" [C:/AMDDesignTools/2025.2/Vitis/tps/mingw/8.3.0/win64.o/nt\lib\gcc\x86_64-w64-mingw32\8.3.0\include\c++\bits/std_abs.h:61->C:/github/zybo_z7_cam_rpi_v2_5mp_hdmi/zybo_z7_imx219/zybo_z7_imx219.runs/design_1_v_demosaic_0_0_synth_1/prj/sol/.autopilot/db/v_demosaic.cpp:1026->C:/github/zybo_z7_cam_rpi_v2_5mp_hdmi/zybo_z7_imx219/zybo_z7_imx219.runs/design_1_v_demosaic_0_0_synth_1/prj/sol/.autopilot/db/v_demosaic.cpp:1073]   --->   Operation 178 'select' 'DGv' <Predicate = (!icmp_ln881)> <Delay = 0.00> <CoreInst = "Sel">   --->   Core 73 'Sel' <Latency = 0> <II = 1> <Delay = 0.68> <FuncUnit> <Opcode : 'select'> <InPorts = 3> <OutPorts = 1>
ST_3 : Operation 179 [1/1] (0.00ns)   --->   "%zext_ln1027 = zext i10 %left_2" [C:/github/zybo_z7_cam_rpi_v2_5mp_hdmi/zybo_z7_imx219/zybo_z7_imx219.runs/design_1_v_demosaic_0_0_synth_1/prj/sol/.autopilot/db/v_demosaic.cpp:1027->C:/github/zybo_z7_cam_rpi_v2_5mp_hdmi/zybo_z7_imx219/zybo_z7_imx219.runs/design_1_v_demosaic_0_0_synth_1/prj/sol/.autopilot/db/v_demosaic.cpp:1073]   --->   Operation 179 'zext' 'zext_ln1027' <Predicate = (!icmp_ln881)> <Delay = 0.00>
ST_3 : Operation 180 [1/1] (0.00ns)   --->   "%zext_ln1027_1 = zext i10 %right_2_load_1" [C:/github/zybo_z7_cam_rpi_v2_5mp_hdmi/zybo_z7_imx219/zybo_z7_imx219.runs/design_1_v_demosaic_0_0_synth_1/prj/sol/.autopilot/db/v_demosaic.cpp:1027->C:/github/zybo_z7_cam_rpi_v2_5mp_hdmi/zybo_z7_imx219/zybo_z7_imx219.runs/design_1_v_demosaic_0_0_synth_1/prj/sol/.autopilot/db/v_demosaic.cpp:1073]   --->   Operation 180 'zext' 'zext_ln1027_1' <Predicate = (!icmp_ln881)> <Delay = 0.00>
ST_3 : Operation 181 [1/1] (1.73ns)   --->   "%sub_ln1027 = sub i11 %zext_ln1027, i11 %zext_ln1027_1" [C:/github/zybo_z7_cam_rpi_v2_5mp_hdmi/zybo_z7_imx219/zybo_z7_imx219.runs/design_1_v_demosaic_0_0_synth_1/prj/sol/.autopilot/db/v_demosaic.cpp:1027->C:/github/zybo_z7_cam_rpi_v2_5mp_hdmi/zybo_z7_imx219/zybo_z7_imx219.runs/design_1_v_demosaic_0_0_synth_1/prj/sol/.autopilot/db/v_demosaic.cpp:1073]   --->   Operation 181 'sub' 'sub_ln1027' <Predicate = (!icmp_ln881)> <Delay = 1.73> <CoreInst = "Adder">   --->   Core 1 'Adder' <Latency = 0> <II = 1> <Delay = 1.73> <FuncUnit> <Opcode : 'add' 'sub'> <InPorts = 2> <OutPorts = 1>
ST_3 : Operation 182 [1/1] (0.00ns)   --->   "%trunc_ln61_7 = trunc i11 %sub_ln1027" [C:/AMDDesignTools/2025.2/Vitis/tps/mingw/8.3.0/win64.o/nt\lib\gcc\x86_64-w64-mingw32\8.3.0\include\c++\bits/std_abs.h:61->C:/github/zybo_z7_cam_rpi_v2_5mp_hdmi/zybo_z7_imx219/zybo_z7_imx219.runs/design_1_v_demosaic_0_0_synth_1/prj/sol/.autopilot/db/v_demosaic.cpp:1027->C:/github/zybo_z7_cam_rpi_v2_5mp_hdmi/zybo_z7_imx219/zybo_z7_imx219.runs/design_1_v_demosaic_0_0_synth_1/prj/sol/.autopilot/db/v_demosaic.cpp:1073]   --->   Operation 182 'trunc' 'trunc_ln61_7' <Predicate = (!icmp_ln881)> <Delay = 0.00>
ST_3 : Operation 183 [1/1] (0.00ns)   --->   "%zext_ln1028 = zext i10 %up_2" [C:/github/zybo_z7_cam_rpi_v2_5mp_hdmi/zybo_z7_imx219/zybo_z7_imx219.runs/design_1_v_demosaic_0_0_synth_1/prj/sol/.autopilot/db/v_demosaic.cpp:1028->C:/github/zybo_z7_cam_rpi_v2_5mp_hdmi/zybo_z7_imx219/zybo_z7_imx219.runs/design_1_v_demosaic_0_0_synth_1/prj/sol/.autopilot/db/v_demosaic.cpp:1073]   --->   Operation 183 'zext' 'zext_ln1028' <Predicate = (!icmp_ln881)> <Delay = 0.00>
ST_3 : Operation 184 [1/1] (0.00ns)   --->   "%zext_ln1028_1 = zext i10 %down_2" [C:/github/zybo_z7_cam_rpi_v2_5mp_hdmi/zybo_z7_imx219/zybo_z7_imx219.runs/design_1_v_demosaic_0_0_synth_1/prj/sol/.autopilot/db/v_demosaic.cpp:1028->C:/github/zybo_z7_cam_rpi_v2_5mp_hdmi/zybo_z7_imx219/zybo_z7_imx219.runs/design_1_v_demosaic_0_0_synth_1/prj/sol/.autopilot/db/v_demosaic.cpp:1073]   --->   Operation 184 'zext' 'zext_ln1028_1' <Predicate = (!icmp_ln881)> <Delay = 0.00>
ST_3 : Operation 185 [1/1] (1.73ns)   --->   "%sub_ln1028 = sub i11 %zext_ln1028, i11 %zext_ln1028_1" [C:/github/zybo_z7_cam_rpi_v2_5mp_hdmi/zybo_z7_imx219/zybo_z7_imx219.runs/design_1_v_demosaic_0_0_synth_1/prj/sol/.autopilot/db/v_demosaic.cpp:1028->C:/github/zybo_z7_cam_rpi_v2_5mp_hdmi/zybo_z7_imx219/zybo_z7_imx219.runs/design_1_v_demosaic_0_0_synth_1/prj/sol/.autopilot/db/v_demosaic.cpp:1073]   --->   Operation 185 'sub' 'sub_ln1028' <Predicate = (!icmp_ln881)> <Delay = 1.73> <CoreInst = "Adder">   --->   Core 1 'Adder' <Latency = 0> <II = 1> <Delay = 1.73> <FuncUnit> <Opcode : 'add' 'sub'> <InPorts = 2> <OutPorts = 1>
ST_3 : Operation 186 [1/1] (0.00ns)   --->   "%trunc_ln61_8 = trunc i11 %sub_ln1028" [C:/AMDDesignTools/2025.2/Vitis/tps/mingw/8.3.0/win64.o/nt\lib\gcc\x86_64-w64-mingw32\8.3.0\include\c++\bits/std_abs.h:61->C:/github/zybo_z7_cam_rpi_v2_5mp_hdmi/zybo_z7_imx219/zybo_z7_imx219.runs/design_1_v_demosaic_0_0_synth_1/prj/sol/.autopilot/db/v_demosaic.cpp:1028->C:/github/zybo_z7_cam_rpi_v2_5mp_hdmi/zybo_z7_imx219/zybo_z7_imx219.runs/design_1_v_demosaic_0_0_synth_1/prj/sol/.autopilot/db/v_demosaic.cpp:1073]   --->   Operation 186 'trunc' 'trunc_ln61_8' <Predicate = (!icmp_ln881)> <Delay = 0.00>
ST_3 : Operation 187 [1/1] (0.00ns) (grouped into LUT with out node add_ln1030_2)   --->   "%zext_ln1030_4 = zext i10 %DRv" [C:/github/zybo_z7_cam_rpi_v2_5mp_hdmi/zybo_z7_imx219/zybo_z7_imx219.runs/design_1_v_demosaic_0_0_synth_1/prj/sol/.autopilot/db/v_demosaic.cpp:1030->C:/github/zybo_z7_cam_rpi_v2_5mp_hdmi/zybo_z7_imx219/zybo_z7_imx219.runs/design_1_v_demosaic_0_0_synth_1/prj/sol/.autopilot/db/v_demosaic.cpp:1073]   --->   Operation 187 'zext' 'zext_ln1030_4' <Predicate = (!icmp_ln881)> <Delay = 0.00>
ST_3 : Operation 188 [1/1] (0.00ns) (grouped into LUT with out node add_ln1030_2)   --->   "%zext_ln1030_5 = zext i10 %DGv" [C:/github/zybo_z7_cam_rpi_v2_5mp_hdmi/zybo_z7_imx219/zybo_z7_imx219.runs/design_1_v_demosaic_0_0_synth_1/prj/sol/.autopilot/db/v_demosaic.cpp:1030->C:/github/zybo_z7_cam_rpi_v2_5mp_hdmi/zybo_z7_imx219/zybo_z7_imx219.runs/design_1_v_demosaic_0_0_synth_1/prj/sol/.autopilot/db/v_demosaic.cpp:1073]   --->   Operation 188 'zext' 'zext_ln1030_5' <Predicate = (!icmp_ln881)> <Delay = 0.00>
ST_3 : Operation 189 [1/1] (1.73ns) (out node of the LUT)   --->   "%add_ln1030_2 = add i11 %zext_ln1030_4, i11 %zext_ln1030_5" [C:/github/zybo_z7_cam_rpi_v2_5mp_hdmi/zybo_z7_imx219/zybo_z7_imx219.runs/design_1_v_demosaic_0_0_synth_1/prj/sol/.autopilot/db/v_demosaic.cpp:1030->C:/github/zybo_z7_cam_rpi_v2_5mp_hdmi/zybo_z7_imx219/zybo_z7_imx219.runs/design_1_v_demosaic_0_0_synth_1/prj/sol/.autopilot/db/v_demosaic.cpp:1073]   --->   Operation 189 'add' 'add_ln1030_2' <Predicate = (!icmp_ln881)> <Delay = 1.73> <CoreInst = "Adder">   --->   Core 1 'Adder' <Latency = 0> <II = 1> <Delay = 1.73> <FuncUnit> <Opcode : 'add' 'sub'> <InPorts = 2> <OutPorts = 1>
ST_3 : Operation 190 [1/1] (1.73ns)   --->   "%sub_ln1033 = sub i11 %zext_ln1025, i11 %zext_ln1023" [C:/github/zybo_z7_cam_rpi_v2_5mp_hdmi/zybo_z7_imx219/zybo_z7_imx219.runs/design_1_v_demosaic_0_0_synth_1/prj/sol/.autopilot/db/v_demosaic.cpp:1033->C:/github/zybo_z7_cam_rpi_v2_5mp_hdmi/zybo_z7_imx219/zybo_z7_imx219.runs/design_1_v_demosaic_0_0_synth_1/prj/sol/.autopilot/db/v_demosaic.cpp:1073]   --->   Operation 190 'sub' 'sub_ln1033' <Predicate = (!icmp_ln881 & !icmp_ln1014)> <Delay = 1.73> <CoreInst = "Adder">   --->   Core 1 'Adder' <Latency = 0> <II = 1> <Delay = 1.73> <FuncUnit> <Opcode : 'add' 'sub'> <InPorts = 2> <OutPorts = 1>
ST_3 : Operation 191 [1/1] (1.73ns)   --->   "%sub_ln1033_1 = sub i11 %zext_ln1025_1, i11 %zext_ln1023_1" [C:/github/zybo_z7_cam_rpi_v2_5mp_hdmi/zybo_z7_imx219/zybo_z7_imx219.runs/design_1_v_demosaic_0_0_synth_1/prj/sol/.autopilot/db/v_demosaic.cpp:1033->C:/github/zybo_z7_cam_rpi_v2_5mp_hdmi/zybo_z7_imx219/zybo_z7_imx219.runs/design_1_v_demosaic_0_0_synth_1/prj/sol/.autopilot/db/v_demosaic.cpp:1073]   --->   Operation 191 'sub' 'sub_ln1033_1' <Predicate = (!icmp_ln881 & !icmp_ln1014)> <Delay = 1.73> <CoreInst = "Adder">   --->   Core 1 'Adder' <Latency = 0> <II = 1> <Delay = 1.73> <FuncUnit> <Opcode : 'add' 'sub'> <InPorts = 2> <OutPorts = 1>
ST_3 : Operation 192 [1/1] (1.73ns)   --->   "%sub_ln1034 = sub i11 %zext_ln1025, i11 %zext_ln1027" [C:/github/zybo_z7_cam_rpi_v2_5mp_hdmi/zybo_z7_imx219/zybo_z7_imx219.runs/design_1_v_demosaic_0_0_synth_1/prj/sol/.autopilot/db/v_demosaic.cpp:1034->C:/github/zybo_z7_cam_rpi_v2_5mp_hdmi/zybo_z7_imx219/zybo_z7_imx219.runs/design_1_v_demosaic_0_0_synth_1/prj/sol/.autopilot/db/v_demosaic.cpp:1073]   --->   Operation 192 'sub' 'sub_ln1034' <Predicate = (!icmp_ln881 & !icmp_ln1014)> <Delay = 1.73> <CoreInst = "Adder">   --->   Core 1 'Adder' <Latency = 0> <II = 1> <Delay = 1.73> <FuncUnit> <Opcode : 'add' 'sub'> <InPorts = 2> <OutPorts = 1>
ST_3 : Operation 193 [1/1] (1.73ns)   --->   "%sub_ln1034_1 = sub i11 %zext_ln1025_1, i11 %zext_ln1027_1" [C:/github/zybo_z7_cam_rpi_v2_5mp_hdmi/zybo_z7_imx219/zybo_z7_imx219.runs/design_1_v_demosaic_0_0_synth_1/prj/sol/.autopilot/db/v_demosaic.cpp:1034->C:/github/zybo_z7_cam_rpi_v2_5mp_hdmi/zybo_z7_imx219/zybo_z7_imx219.runs/design_1_v_demosaic_0_0_synth_1/prj/sol/.autopilot/db/v_demosaic.cpp:1073]   --->   Operation 193 'sub' 'sub_ln1034_1' <Predicate = (!icmp_ln881 & !icmp_ln1014)> <Delay = 1.73> <CoreInst = "Adder">   --->   Core 1 'Adder' <Latency = 0> <II = 1> <Delay = 1.73> <FuncUnit> <Opcode : 'add' 'sub'> <InPorts = 2> <OutPorts = 1>
ST_3 : Operation 194 [1/1] (1.73ns)   --->   "%sub_ln1039 = sub i11 %zext_ln1026, i11 %zext_ln1024" [C:/github/zybo_z7_cam_rpi_v2_5mp_hdmi/zybo_z7_imx219/zybo_z7_imx219.runs/design_1_v_demosaic_0_0_synth_1/prj/sol/.autopilot/db/v_demosaic.cpp:1039->C:/github/zybo_z7_cam_rpi_v2_5mp_hdmi/zybo_z7_imx219/zybo_z7_imx219.runs/design_1_v_demosaic_0_0_synth_1/prj/sol/.autopilot/db/v_demosaic.cpp:1073]   --->   Operation 194 'sub' 'sub_ln1039' <Predicate = (!icmp_ln881 & !icmp_ln1014)> <Delay = 1.73> <CoreInst = "Adder">   --->   Core 1 'Adder' <Latency = 0> <II = 1> <Delay = 1.73> <FuncUnit> <Opcode : 'add' 'sub'> <InPorts = 2> <OutPorts = 1>
ST_3 : Operation 195 [1/1] (1.73ns)   --->   "%sub_ln1039_1 = sub i11 %zext_ln1026_1, i11 %zext_ln1024_1" [C:/github/zybo_z7_cam_rpi_v2_5mp_hdmi/zybo_z7_imx219/zybo_z7_imx219.runs/design_1_v_demosaic_0_0_synth_1/prj/sol/.autopilot/db/v_demosaic.cpp:1039->C:/github/zybo_z7_cam_rpi_v2_5mp_hdmi/zybo_z7_imx219/zybo_z7_imx219.runs/design_1_v_demosaic_0_0_synth_1/prj/sol/.autopilot/db/v_demosaic.cpp:1073]   --->   Operation 195 'sub' 'sub_ln1039_1' <Predicate = (!icmp_ln881 & !icmp_ln1014)> <Delay = 1.73> <CoreInst = "Adder">   --->   Core 1 'Adder' <Latency = 0> <II = 1> <Delay = 1.73> <FuncUnit> <Opcode : 'add' 'sub'> <InPorts = 2> <OutPorts = 1>
ST_3 : Operation 196 [1/1] (1.73ns)   --->   "%sub_ln1040 = sub i11 %zext_ln1026, i11 %zext_ln1028" [C:/github/zybo_z7_cam_rpi_v2_5mp_hdmi/zybo_z7_imx219/zybo_z7_imx219.runs/design_1_v_demosaic_0_0_synth_1/prj/sol/.autopilot/db/v_demosaic.cpp:1040->C:/github/zybo_z7_cam_rpi_v2_5mp_hdmi/zybo_z7_imx219/zybo_z7_imx219.runs/design_1_v_demosaic_0_0_synth_1/prj/sol/.autopilot/db/v_demosaic.cpp:1073]   --->   Operation 196 'sub' 'sub_ln1040' <Predicate = (!icmp_ln881 & !icmp_ln1014)> <Delay = 1.73> <CoreInst = "Adder">   --->   Core 1 'Adder' <Latency = 0> <II = 1> <Delay = 1.73> <FuncUnit> <Opcode : 'add' 'sub'> <InPorts = 2> <OutPorts = 1>
ST_3 : Operation 197 [1/1] (1.73ns)   --->   "%sub_ln1040_1 = sub i11 %zext_ln1026_1, i11 %zext_ln1028_1" [C:/github/zybo_z7_cam_rpi_v2_5mp_hdmi/zybo_z7_imx219/zybo_z7_imx219.runs/design_1_v_demosaic_0_0_synth_1/prj/sol/.autopilot/db/v_demosaic.cpp:1040->C:/github/zybo_z7_cam_rpi_v2_5mp_hdmi/zybo_z7_imx219/zybo_z7_imx219.runs/design_1_v_demosaic_0_0_synth_1/prj/sol/.autopilot/db/v_demosaic.cpp:1073]   --->   Operation 197 'sub' 'sub_ln1040_1' <Predicate = (!icmp_ln881 & !icmp_ln1014)> <Delay = 1.73> <CoreInst = "Adder">   --->   Core 1 'Adder' <Latency = 0> <II = 1> <Delay = 1.73> <FuncUnit> <Opcode : 'add' 'sub'> <InPorts = 2> <OutPorts = 1>
ST_3 : Operation 198 [1/1] (1.58ns)   --->   "%store_ln957 = store i10 %pix_8, i10 %p_0_2_0_0_011601711_i" [C:/github/zybo_z7_cam_rpi_v2_5mp_hdmi/zybo_z7_imx219/zybo_z7_imx219.runs/design_1_v_demosaic_0_0_synth_1/prj/sol/.autopilot/db/v_demosaic.cpp:957->C:/github/zybo_z7_cam_rpi_v2_5mp_hdmi/zybo_z7_imx219/zybo_z7_imx219.runs/design_1_v_demosaic_0_0_synth_1/prj/sol/.autopilot/db/v_demosaic.cpp:1073]   --->   Operation 198 'store' 'store_ln957' <Predicate = (!icmp_ln881)> <Delay = 1.58>
ST_3 : Operation 199 [1/1] (1.58ns)   --->   "%store_ln957 = store i10 %pix_7, i10 %p_0_1_0_0_011591708_i" [C:/github/zybo_z7_cam_rpi_v2_5mp_hdmi/zybo_z7_imx219/zybo_z7_imx219.runs/design_1_v_demosaic_0_0_synth_1/prj/sol/.autopilot/db/v_demosaic.cpp:957->C:/github/zybo_z7_cam_rpi_v2_5mp_hdmi/zybo_z7_imx219/zybo_z7_imx219.runs/design_1_v_demosaic_0_0_synth_1/prj/sol/.autopilot/db/v_demosaic.cpp:1073]   --->   Operation 199 'store' 'store_ln957' <Predicate = (!icmp_ln881)> <Delay = 1.58>
ST_3 : Operation 200 [1/1] (1.58ns)   --->   "%store_ln957 = store i10 %pix, i10 %p_0_0_0_0_011581705_i" [C:/github/zybo_z7_cam_rpi_v2_5mp_hdmi/zybo_z7_imx219/zybo_z7_imx219.runs/design_1_v_demosaic_0_0_synth_1/prj/sol/.autopilot/db/v_demosaic.cpp:957->C:/github/zybo_z7_cam_rpi_v2_5mp_hdmi/zybo_z7_imx219/zybo_z7_imx219.runs/design_1_v_demosaic_0_0_synth_1/prj/sol/.autopilot/db/v_demosaic.cpp:1073]   --->   Operation 200 'store' 'store_ln957' <Predicate = (!icmp_ln881)> <Delay = 1.58>
ST_3 : Operation 201 [1/1] (0.00ns)   --->   "%br_ln881 = br void %for.body14.i" [C:/github/zybo_z7_cam_rpi_v2_5mp_hdmi/zybo_z7_imx219/zybo_z7_imx219.runs/design_1_v_demosaic_0_0_synth_1/prj/sol/.autopilot/db/v_demosaic.cpp:881->C:/github/zybo_z7_cam_rpi_v2_5mp_hdmi/zybo_z7_imx219/zybo_z7_imx219.runs/design_1_v_demosaic_0_0_synth_1/prj/sol/.autopilot/db/v_demosaic.cpp:1073]   --->   Operation 201 'br' 'br_ln881' <Predicate = (!icmp_ln881)> <Delay = 0.00>

State 4 <SV = 3> <Delay = 7.15>
ST_4 : Operation 202 [1/1] (0.00ns) (grouped into LUT with out node add_ln1030)   --->   "%tmp_10 = bitselect i1 @_ssdm_op_BitSelect.i1.i11.i32, i11 %sub_ln1023, i32 10" [C:/AMDDesignTools/2025.2/Vitis/tps/mingw/8.3.0/win64.o/nt\lib\gcc\x86_64-w64-mingw32\8.3.0\include\c++\bits/std_abs.h:61->C:/github/zybo_z7_cam_rpi_v2_5mp_hdmi/zybo_z7_imx219/zybo_z7_imx219.runs/design_1_v_demosaic_0_0_synth_1/prj/sol/.autopilot/db/v_demosaic.cpp:1023->C:/github/zybo_z7_cam_rpi_v2_5mp_hdmi/zybo_z7_imx219/zybo_z7_imx219.runs/design_1_v_demosaic_0_0_synth_1/prj/sol/.autopilot/db/v_demosaic.cpp:1073]   --->   Operation 202 'bitselect' 'tmp_10' <Predicate = true> <Delay = 0.00>
ST_4 : Operation 203 [1/1] (0.00ns) (grouped into LUT with out node add_ln1030)   --->   "%DRh = select i1 %tmp_10, i10 %sub_ln61, i10 %trunc_ln61" [C:/AMDDesignTools/2025.2/Vitis/tps/mingw/8.3.0/win64.o/nt\lib\gcc\x86_64-w64-mingw32\8.3.0\include\c++\bits/std_abs.h:61->C:/github/zybo_z7_cam_rpi_v2_5mp_hdmi/zybo_z7_imx219/zybo_z7_imx219.runs/design_1_v_demosaic_0_0_synth_1/prj/sol/.autopilot/db/v_demosaic.cpp:1023->C:/github/zybo_z7_cam_rpi_v2_5mp_hdmi/zybo_z7_imx219/zybo_z7_imx219.runs/design_1_v_demosaic_0_0_synth_1/prj/sol/.autopilot/db/v_demosaic.cpp:1073]   --->   Operation 203 'select' 'DRh' <Predicate = true> <Delay = 0.00> <CoreInst = "Sel">   --->   Core 73 'Sel' <Latency = 0> <II = 1> <Delay = 0.68> <FuncUnit> <Opcode : 'select'> <InPorts = 3> <OutPorts = 1>
ST_4 : Operation 204 [1/1] (0.00ns) (grouped into LUT with out node add_ln1030)   --->   "%tmp_12 = bitselect i1 @_ssdm_op_BitSelect.i1.i11.i32, i11 %sub_ln1025, i32 10" [C:/AMDDesignTools/2025.2/Vitis/tps/mingw/8.3.0/win64.o/nt\lib\gcc\x86_64-w64-mingw32\8.3.0\include\c++\bits/std_abs.h:61->C:/github/zybo_z7_cam_rpi_v2_5mp_hdmi/zybo_z7_imx219/zybo_z7_imx219.runs/design_1_v_demosaic_0_0_synth_1/prj/sol/.autopilot/db/v_demosaic.cpp:1025->C:/github/zybo_z7_cam_rpi_v2_5mp_hdmi/zybo_z7_imx219/zybo_z7_imx219.runs/design_1_v_demosaic_0_0_synth_1/prj/sol/.autopilot/db/v_demosaic.cpp:1073]   --->   Operation 204 'bitselect' 'tmp_12' <Predicate = true> <Delay = 0.00>
ST_4 : Operation 205 [1/1] (0.00ns) (grouped into LUT with out node add_ln1030)   --->   "%DGh = select i1 %tmp_12, i10 %sub_ln61_5, i10 %trunc_ln61_5" [C:/AMDDesignTools/2025.2/Vitis/tps/mingw/8.3.0/win64.o/nt\lib\gcc\x86_64-w64-mingw32\8.3.0\include\c++\bits/std_abs.h:61->C:/github/zybo_z7_cam_rpi_v2_5mp_hdmi/zybo_z7_imx219/zybo_z7_imx219.runs/design_1_v_demosaic_0_0_synth_1/prj/sol/.autopilot/db/v_demosaic.cpp:1025->C:/github/zybo_z7_cam_rpi_v2_5mp_hdmi/zybo_z7_imx219/zybo_z7_imx219.runs/design_1_v_demosaic_0_0_synth_1/prj/sol/.autopilot/db/v_demosaic.cpp:1073]   --->   Operation 205 'select' 'DGh' <Predicate = true> <Delay = 0.00> <CoreInst = "Sel">   --->   Core 73 'Sel' <Latency = 0> <II = 1> <Delay = 0.68> <FuncUnit> <Opcode : 'select'> <InPorts = 3> <OutPorts = 1>
ST_4 : Operation 206 [1/1] (0.00ns) (grouped into LUT with out node add_ln1030_1)   --->   "%tmp_14 = bitselect i1 @_ssdm_op_BitSelect.i1.i11.i32, i11 %sub_ln1027, i32 10" [C:/AMDDesignTools/2025.2/Vitis/tps/mingw/8.3.0/win64.o/nt\lib\gcc\x86_64-w64-mingw32\8.3.0\include\c++\bits/std_abs.h:61->C:/github/zybo_z7_cam_rpi_v2_5mp_hdmi/zybo_z7_imx219/zybo_z7_imx219.runs/design_1_v_demosaic_0_0_synth_1/prj/sol/.autopilot/db/v_demosaic.cpp:1027->C:/github/zybo_z7_cam_rpi_v2_5mp_hdmi/zybo_z7_imx219/zybo_z7_imx219.runs/design_1_v_demosaic_0_0_synth_1/prj/sol/.autopilot/db/v_demosaic.cpp:1073]   --->   Operation 206 'bitselect' 'tmp_14' <Predicate = true> <Delay = 0.00>
ST_4 : Operation 207 [1/1] (1.73ns)   --->   "%sub_ln61_7 = sub i10 0, i10 %trunc_ln61_7" [C:/AMDDesignTools/2025.2/Vitis/tps/mingw/8.3.0/win64.o/nt\lib\gcc\x86_64-w64-mingw32\8.3.0\include\c++\bits/std_abs.h:61->C:/github/zybo_z7_cam_rpi_v2_5mp_hdmi/zybo_z7_imx219/zybo_z7_imx219.runs/design_1_v_demosaic_0_0_synth_1/prj/sol/.autopilot/db/v_demosaic.cpp:1027->C:/github/zybo_z7_cam_rpi_v2_5mp_hdmi/zybo_z7_imx219/zybo_z7_imx219.runs/design_1_v_demosaic_0_0_synth_1/prj/sol/.autopilot/db/v_demosaic.cpp:1073]   --->   Operation 207 'sub' 'sub_ln61_7' <Predicate = true> <Delay = 1.73> <CoreInst = "Adder">   --->   Core 1 'Adder' <Latency = 0> <II = 1> <Delay = 1.73> <FuncUnit> <Opcode : 'add' 'sub'> <InPorts = 2> <OutPorts = 1>
ST_4 : Operation 208 [1/1] (0.00ns) (grouped into LUT with out node add_ln1030_1)   --->   "%DBh = select i1 %tmp_14, i10 %sub_ln61_7, i10 %trunc_ln61_7" [C:/AMDDesignTools/2025.2/Vitis/tps/mingw/8.3.0/win64.o/nt\lib\gcc\x86_64-w64-mingw32\8.3.0\include\c++\bits/std_abs.h:61->C:/github/zybo_z7_cam_rpi_v2_5mp_hdmi/zybo_z7_imx219/zybo_z7_imx219.runs/design_1_v_demosaic_0_0_synth_1/prj/sol/.autopilot/db/v_demosaic.cpp:1027->C:/github/zybo_z7_cam_rpi_v2_5mp_hdmi/zybo_z7_imx219/zybo_z7_imx219.runs/design_1_v_demosaic_0_0_synth_1/prj/sol/.autopilot/db/v_demosaic.cpp:1073]   --->   Operation 208 'select' 'DBh' <Predicate = true> <Delay = 0.00> <CoreInst = "Sel">   --->   Core 73 'Sel' <Latency = 0> <II = 1> <Delay = 0.68> <FuncUnit> <Opcode : 'select'> <InPorts = 3> <OutPorts = 1>
ST_4 : Operation 209 [1/1] (0.00ns) (grouped into LUT with out node add_ln1030_3)   --->   "%tmp_15 = bitselect i1 @_ssdm_op_BitSelect.i1.i11.i32, i11 %sub_ln1028, i32 10" [C:/AMDDesignTools/2025.2/Vitis/tps/mingw/8.3.0/win64.o/nt\lib\gcc\x86_64-w64-mingw32\8.3.0\include\c++\bits/std_abs.h:61->C:/github/zybo_z7_cam_rpi_v2_5mp_hdmi/zybo_z7_imx219/zybo_z7_imx219.runs/design_1_v_demosaic_0_0_synth_1/prj/sol/.autopilot/db/v_demosaic.cpp:1028->C:/github/zybo_z7_cam_rpi_v2_5mp_hdmi/zybo_z7_imx219/zybo_z7_imx219.runs/design_1_v_demosaic_0_0_synth_1/prj/sol/.autopilot/db/v_demosaic.cpp:1073]   --->   Operation 209 'bitselect' 'tmp_15' <Predicate = true> <Delay = 0.00>
ST_4 : Operation 210 [1/1] (1.73ns)   --->   "%sub_ln61_8 = sub i10 0, i10 %trunc_ln61_8" [C:/AMDDesignTools/2025.2/Vitis/tps/mingw/8.3.0/win64.o/nt\lib\gcc\x86_64-w64-mingw32\8.3.0\include\c++\bits/std_abs.h:61->C:/github/zybo_z7_cam_rpi_v2_5mp_hdmi/zybo_z7_imx219/zybo_z7_imx219.runs/design_1_v_demosaic_0_0_synth_1/prj/sol/.autopilot/db/v_demosaic.cpp:1028->C:/github/zybo_z7_cam_rpi_v2_5mp_hdmi/zybo_z7_imx219/zybo_z7_imx219.runs/design_1_v_demosaic_0_0_synth_1/prj/sol/.autopilot/db/v_demosaic.cpp:1073]   --->   Operation 210 'sub' 'sub_ln61_8' <Predicate = true> <Delay = 1.73> <CoreInst = "Adder">   --->   Core 1 'Adder' <Latency = 0> <II = 1> <Delay = 1.73> <FuncUnit> <Opcode : 'add' 'sub'> <InPorts = 2> <OutPorts = 1>
ST_4 : Operation 211 [1/1] (0.00ns) (grouped into LUT with out node add_ln1030_3)   --->   "%DBv = select i1 %tmp_15, i10 %sub_ln61_8, i10 %trunc_ln61_8" [C:/AMDDesignTools/2025.2/Vitis/tps/mingw/8.3.0/win64.o/nt\lib\gcc\x86_64-w64-mingw32\8.3.0\include\c++\bits/std_abs.h:61->C:/github/zybo_z7_cam_rpi_v2_5mp_hdmi/zybo_z7_imx219/zybo_z7_imx219.runs/design_1_v_demosaic_0_0_synth_1/prj/sol/.autopilot/db/v_demosaic.cpp:1028->C:/github/zybo_z7_cam_rpi_v2_5mp_hdmi/zybo_z7_imx219/zybo_z7_imx219.runs/design_1_v_demosaic_0_0_synth_1/prj/sol/.autopilot/db/v_demosaic.cpp:1073]   --->   Operation 211 'select' 'DBv' <Predicate = true> <Delay = 0.00> <CoreInst = "Sel">   --->   Core 73 'Sel' <Latency = 0> <II = 1> <Delay = 0.68> <FuncUnit> <Opcode : 'select'> <InPorts = 3> <OutPorts = 1>
ST_4 : Operation 212 [1/1] (0.00ns) (grouped into LUT with out node add_ln1030)   --->   "%zext_ln1030 = zext i10 %DRh" [C:/github/zybo_z7_cam_rpi_v2_5mp_hdmi/zybo_z7_imx219/zybo_z7_imx219.runs/design_1_v_demosaic_0_0_synth_1/prj/sol/.autopilot/db/v_demosaic.cpp:1030->C:/github/zybo_z7_cam_rpi_v2_5mp_hdmi/zybo_z7_imx219/zybo_z7_imx219.runs/design_1_v_demosaic_0_0_synth_1/prj/sol/.autopilot/db/v_demosaic.cpp:1073]   --->   Operation 212 'zext' 'zext_ln1030' <Predicate = true> <Delay = 0.00>
ST_4 : Operation 213 [1/1] (0.00ns) (grouped into LUT with out node add_ln1030)   --->   "%zext_ln1030_1 = zext i10 %DGh" [C:/github/zybo_z7_cam_rpi_v2_5mp_hdmi/zybo_z7_imx219/zybo_z7_imx219.runs/design_1_v_demosaic_0_0_synth_1/prj/sol/.autopilot/db/v_demosaic.cpp:1030->C:/github/zybo_z7_cam_rpi_v2_5mp_hdmi/zybo_z7_imx219/zybo_z7_imx219.runs/design_1_v_demosaic_0_0_synth_1/prj/sol/.autopilot/db/v_demosaic.cpp:1073]   --->   Operation 213 'zext' 'zext_ln1030_1' <Predicate = true> <Delay = 0.00>
ST_4 : Operation 214 [1/1] (1.73ns) (out node of the LUT)   --->   "%add_ln1030 = add i11 %zext_ln1030, i11 %zext_ln1030_1" [C:/github/zybo_z7_cam_rpi_v2_5mp_hdmi/zybo_z7_imx219/zybo_z7_imx219.runs/design_1_v_demosaic_0_0_synth_1/prj/sol/.autopilot/db/v_demosaic.cpp:1030->C:/github/zybo_z7_cam_rpi_v2_5mp_hdmi/zybo_z7_imx219/zybo_z7_imx219.runs/design_1_v_demosaic_0_0_synth_1/prj/sol/.autopilot/db/v_demosaic.cpp:1073]   --->   Operation 214 'add' 'add_ln1030' <Predicate = true> <Delay = 1.73> <CoreInst = "Adder">   --->   Core 1 'Adder' <Latency = 0> <II = 1> <Delay = 1.73> <FuncUnit> <Opcode : 'add' 'sub'> <InPorts = 2> <OutPorts = 1>
ST_4 : Operation 215 [1/1] (0.00ns) (grouped into LUT with out node add_ln1030_1)   --->   "%zext_ln1030_2 = zext i11 %add_ln1030" [C:/github/zybo_z7_cam_rpi_v2_5mp_hdmi/zybo_z7_imx219/zybo_z7_imx219.runs/design_1_v_demosaic_0_0_synth_1/prj/sol/.autopilot/db/v_demosaic.cpp:1030->C:/github/zybo_z7_cam_rpi_v2_5mp_hdmi/zybo_z7_imx219/zybo_z7_imx219.runs/design_1_v_demosaic_0_0_synth_1/prj/sol/.autopilot/db/v_demosaic.cpp:1073]   --->   Operation 215 'zext' 'zext_ln1030_2' <Predicate = true> <Delay = 0.00>
ST_4 : Operation 216 [1/1] (0.00ns) (grouped into LUT with out node add_ln1030_1)   --->   "%zext_ln1030_3 = zext i10 %DBh" [C:/github/zybo_z7_cam_rpi_v2_5mp_hdmi/zybo_z7_imx219/zybo_z7_imx219.runs/design_1_v_demosaic_0_0_synth_1/prj/sol/.autopilot/db/v_demosaic.cpp:1030->C:/github/zybo_z7_cam_rpi_v2_5mp_hdmi/zybo_z7_imx219/zybo_z7_imx219.runs/design_1_v_demosaic_0_0_synth_1/prj/sol/.autopilot/db/v_demosaic.cpp:1073]   --->   Operation 216 'zext' 'zext_ln1030_3' <Predicate = true> <Delay = 0.00>
ST_4 : Operation 217 [1/1] (1.63ns) (out node of the LUT)   --->   "%add_ln1030_1 = add i12 %zext_ln1030_2, i12 %zext_ln1030_3" [C:/github/zybo_z7_cam_rpi_v2_5mp_hdmi/zybo_z7_imx219/zybo_z7_imx219.runs/design_1_v_demosaic_0_0_synth_1/prj/sol/.autopilot/db/v_demosaic.cpp:1030->C:/github/zybo_z7_cam_rpi_v2_5mp_hdmi/zybo_z7_imx219/zybo_z7_imx219.runs/design_1_v_demosaic_0_0_synth_1/prj/sol/.autopilot/db/v_demosaic.cpp:1073]   --->   Operation 217 'add' 'add_ln1030_1' <Predicate = true> <Delay = 1.63> <CoreInst = "Adder">   --->   Core 1 'Adder' <Latency = 0> <II = 1> <Delay = 1.63> <FuncUnit> <Opcode : 'add' 'sub'> <InPorts = 2> <OutPorts = 1>
ST_4 : Operation 218 [1/1] (0.00ns) (grouped into LUT with out node add_ln1030_3)   --->   "%zext_ln1030_6 = zext i11 %add_ln1030_2" [C:/github/zybo_z7_cam_rpi_v2_5mp_hdmi/zybo_z7_imx219/zybo_z7_imx219.runs/design_1_v_demosaic_0_0_synth_1/prj/sol/.autopilot/db/v_demosaic.cpp:1030->C:/github/zybo_z7_cam_rpi_v2_5mp_hdmi/zybo_z7_imx219/zybo_z7_imx219.runs/design_1_v_demosaic_0_0_synth_1/prj/sol/.autopilot/db/v_demosaic.cpp:1073]   --->   Operation 218 'zext' 'zext_ln1030_6' <Predicate = true> <Delay = 0.00>
ST_4 : Operation 219 [1/1] (0.00ns) (grouped into LUT with out node add_ln1030_3)   --->   "%zext_ln1030_7 = zext i10 %DBv" [C:/github/zybo_z7_cam_rpi_v2_5mp_hdmi/zybo_z7_imx219/zybo_z7_imx219.runs/design_1_v_demosaic_0_0_synth_1/prj/sol/.autopilot/db/v_demosaic.cpp:1030->C:/github/zybo_z7_cam_rpi_v2_5mp_hdmi/zybo_z7_imx219/zybo_z7_imx219.runs/design_1_v_demosaic_0_0_synth_1/prj/sol/.autopilot/db/v_demosaic.cpp:1073]   --->   Operation 219 'zext' 'zext_ln1030_7' <Predicate = true> <Delay = 0.00>
ST_4 : Operation 220 [1/1] (1.63ns) (out node of the LUT)   --->   "%add_ln1030_3 = add i12 %zext_ln1030_6, i12 %zext_ln1030_7" [C:/github/zybo_z7_cam_rpi_v2_5mp_hdmi/zybo_z7_imx219/zybo_z7_imx219.runs/design_1_v_demosaic_0_0_synth_1/prj/sol/.autopilot/db/v_demosaic.cpp:1030->C:/github/zybo_z7_cam_rpi_v2_5mp_hdmi/zybo_z7_imx219/zybo_z7_imx219.runs/design_1_v_demosaic_0_0_synth_1/prj/sol/.autopilot/db/v_demosaic.cpp:1073]   --->   Operation 220 'add' 'add_ln1030_3' <Predicate = true> <Delay = 1.63> <CoreInst = "Adder">   --->   Core 1 'Adder' <Latency = 0> <II = 1> <Delay = 1.63> <FuncUnit> <Opcode : 'add' 'sub'> <InPorts = 2> <OutPorts = 1>
ST_4 : Operation 221 [1/1] (1.54ns)   --->   "%icmp_ln1030 = icmp_ult  i12 %add_ln1030_1, i12 %add_ln1030_3" [C:/github/zybo_z7_cam_rpi_v2_5mp_hdmi/zybo_z7_imx219/zybo_z7_imx219.runs/design_1_v_demosaic_0_0_synth_1/prj/sol/.autopilot/db/v_demosaic.cpp:1030->C:/github/zybo_z7_cam_rpi_v2_5mp_hdmi/zybo_z7_imx219/zybo_z7_imx219.runs/design_1_v_demosaic_0_0_synth_1/prj/sol/.autopilot/db/v_demosaic.cpp:1073]   --->   Operation 221 'icmp' 'icmp_ln1030' <Predicate = true> <Delay = 1.54> <CoreInst = "Cmp">   --->   Core 9 'Cmp' <Latency = 0> <II = 1> <Delay = 1.54> <FuncUnit> <Opcode : 'seteq' 'setne' 'setle' 'setge' 'setlt' 'setgt'> <InPorts = 2> <OutPorts = 1>
ST_4 : Operation 222 [1/1] (0.00ns)   --->   "%sext_ln1033 = sext i11 %sub_ln1033" [C:/github/zybo_z7_cam_rpi_v2_5mp_hdmi/zybo_z7_imx219/zybo_z7_imx219.runs/design_1_v_demosaic_0_0_synth_1/prj/sol/.autopilot/db/v_demosaic.cpp:1033->C:/github/zybo_z7_cam_rpi_v2_5mp_hdmi/zybo_z7_imx219/zybo_z7_imx219.runs/design_1_v_demosaic_0_0_synth_1/prj/sol/.autopilot/db/v_demosaic.cpp:1073]   --->   Operation 222 'sext' 'sext_ln1033' <Predicate = (!icmp_ln1014)> <Delay = 0.00>
ST_4 : Operation 223 [1/1] (0.00ns)   --->   "%sext_ln1033_1 = sext i11 %sub_ln1033_1" [C:/github/zybo_z7_cam_rpi_v2_5mp_hdmi/zybo_z7_imx219/zybo_z7_imx219.runs/design_1_v_demosaic_0_0_synth_1/prj/sol/.autopilot/db/v_demosaic.cpp:1033->C:/github/zybo_z7_cam_rpi_v2_5mp_hdmi/zybo_z7_imx219/zybo_z7_imx219.runs/design_1_v_demosaic_0_0_synth_1/prj/sol/.autopilot/db/v_demosaic.cpp:1073]   --->   Operation 223 'sext' 'sext_ln1033_1' <Predicate = (!icmp_ln1014)> <Delay = 0.00>
ST_4 : Operation 224 [1/1] (1.63ns)   --->   "%add_ln1033 = add i12 %sext_ln1033, i12 %sext_ln1033_1" [C:/github/zybo_z7_cam_rpi_v2_5mp_hdmi/zybo_z7_imx219/zybo_z7_imx219.runs/design_1_v_demosaic_0_0_synth_1/prj/sol/.autopilot/db/v_demosaic.cpp:1033->C:/github/zybo_z7_cam_rpi_v2_5mp_hdmi/zybo_z7_imx219/zybo_z7_imx219.runs/design_1_v_demosaic_0_0_synth_1/prj/sol/.autopilot/db/v_demosaic.cpp:1073]   --->   Operation 224 'add' 'add_ln1033' <Predicate = (!icmp_ln1014)> <Delay = 1.63> <CoreInst = "Adder">   --->   Core 1 'Adder' <Latency = 0> <II = 1> <Delay = 1.63> <FuncUnit> <Opcode : 'add' 'sub'> <InPorts = 2> <OutPorts = 1>
ST_4 : Operation 225 [1/1] (0.00ns)   --->   "%sext_ln1033_2 = sext i12 %add_ln1033" [C:/github/zybo_z7_cam_rpi_v2_5mp_hdmi/zybo_z7_imx219/zybo_z7_imx219.runs/design_1_v_demosaic_0_0_synth_1/prj/sol/.autopilot/db/v_demosaic.cpp:1033->C:/github/zybo_z7_cam_rpi_v2_5mp_hdmi/zybo_z7_imx219/zybo_z7_imx219.runs/design_1_v_demosaic_0_0_synth_1/prj/sol/.autopilot/db/v_demosaic.cpp:1073]   --->   Operation 225 'sext' 'sext_ln1033_2' <Predicate = (!icmp_ln1014)> <Delay = 0.00>
ST_4 : Operation 226 [1/1] (0.00ns) (grouped into LUT with out node r_0_in_i)   --->   "%tmp_16 = bitselect i1 @_ssdm_op_BitSelect.i1.i12.i32, i12 %add_ln1033, i32 11" [C:/github/zybo_z7_cam_rpi_v2_5mp_hdmi/zybo_z7_imx219/zybo_z7_imx219.runs/design_1_v_demosaic_0_0_synth_1/prj/sol/.autopilot/db/v_demosaic.cpp:1033->C:/github/zybo_z7_cam_rpi_v2_5mp_hdmi/zybo_z7_imx219/zybo_z7_imx219.runs/design_1_v_demosaic_0_0_synth_1/prj/sol/.autopilot/db/v_demosaic.cpp:1073]   --->   Operation 226 'bitselect' 'tmp_16' <Predicate = (!icmp_ln1014)> <Delay = 0.00>
ST_4 : Operation 227 [1/1] (1.54ns)   --->   "%sub_ln1033_2 = sub i13 0, i13 %sext_ln1033_2" [C:/github/zybo_z7_cam_rpi_v2_5mp_hdmi/zybo_z7_imx219/zybo_z7_imx219.runs/design_1_v_demosaic_0_0_synth_1/prj/sol/.autopilot/db/v_demosaic.cpp:1033->C:/github/zybo_z7_cam_rpi_v2_5mp_hdmi/zybo_z7_imx219/zybo_z7_imx219.runs/design_1_v_demosaic_0_0_synth_1/prj/sol/.autopilot/db/v_demosaic.cpp:1073]   --->   Operation 227 'sub' 'sub_ln1033_2' <Predicate = (!icmp_ln1014)> <Delay = 1.54> <CoreInst = "Adder">   --->   Core 1 'Adder' <Latency = 0> <II = 1> <Delay = 1.54> <FuncUnit> <Opcode : 'add' 'sub'> <InPorts = 2> <OutPorts = 1>
ST_4 : Operation 228 [1/1] (0.00ns)   --->   "%lshr_ln1033_1_cast = partselect i11 @_ssdm_op_PartSelect.i11.i13.i32.i32, i13 %sub_ln1033_2, i32 1, i32 11" [C:/github/zybo_z7_cam_rpi_v2_5mp_hdmi/zybo_z7_imx219/zybo_z7_imx219.runs/design_1_v_demosaic_0_0_synth_1/prj/sol/.autopilot/db/v_demosaic.cpp:1033->C:/github/zybo_z7_cam_rpi_v2_5mp_hdmi/zybo_z7_imx219/zybo_z7_imx219.runs/design_1_v_demosaic_0_0_synth_1/prj/sol/.autopilot/db/v_demosaic.cpp:1073]   --->   Operation 228 'partselect' 'lshr_ln1033_1_cast' <Predicate = (!icmp_ln1014)> <Delay = 0.00>
ST_4 : Operation 229 [1/1] (1.63ns)   --->   "%sub_ln1033_3 = sub i11 0, i11 %lshr_ln1033_1_cast" [C:/github/zybo_z7_cam_rpi_v2_5mp_hdmi/zybo_z7_imx219/zybo_z7_imx219.runs/design_1_v_demosaic_0_0_synth_1/prj/sol/.autopilot/db/v_demosaic.cpp:1033->C:/github/zybo_z7_cam_rpi_v2_5mp_hdmi/zybo_z7_imx219/zybo_z7_imx219.runs/design_1_v_demosaic_0_0_synth_1/prj/sol/.autopilot/db/v_demosaic.cpp:1073]   --->   Operation 229 'sub' 'sub_ln1033_3' <Predicate = (!icmp_ln1014)> <Delay = 1.63> <CoreInst = "Adder">   --->   Core 1 'Adder' <Latency = 0> <II = 1> <Delay = 1.63> <FuncUnit> <Opcode : 'add' 'sub'> <InPorts = 2> <OutPorts = 1>
ST_4 : Operation 230 [1/1] (0.00ns) (grouped into LUT with out node r_0_in_i)   --->   "%zext_ln = partselect i11 @_ssdm_op_PartSelect.i11.i12.i32.i32, i12 %add_ln1033, i32 1, i32 11" [C:/github/zybo_z7_cam_rpi_v2_5mp_hdmi/zybo_z7_imx219/zybo_z7_imx219.runs/design_1_v_demosaic_0_0_synth_1/prj/sol/.autopilot/db/v_demosaic.cpp:1033->C:/github/zybo_z7_cam_rpi_v2_5mp_hdmi/zybo_z7_imx219/zybo_z7_imx219.runs/design_1_v_demosaic_0_0_synth_1/prj/sol/.autopilot/db/v_demosaic.cpp:1073]   --->   Operation 230 'partselect' 'zext_ln' <Predicate = (!icmp_ln1014)> <Delay = 0.00>
ST_4 : Operation 231 [1/1] (0.00ns) (grouped into LUT with out node r_0_in_i)   --->   "%select_ln1033 = select i1 %tmp_16, i11 %sub_ln1033_3, i11 %zext_ln" [C:/github/zybo_z7_cam_rpi_v2_5mp_hdmi/zybo_z7_imx219/zybo_z7_imx219.runs/design_1_v_demosaic_0_0_synth_1/prj/sol/.autopilot/db/v_demosaic.cpp:1033->C:/github/zybo_z7_cam_rpi_v2_5mp_hdmi/zybo_z7_imx219/zybo_z7_imx219.runs/design_1_v_demosaic_0_0_synth_1/prj/sol/.autopilot/db/v_demosaic.cpp:1073]   --->   Operation 231 'select' 'select_ln1033' <Predicate = (!icmp_ln1014)> <Delay = 0.00> <CoreInst = "Sel">   --->   Core 73 'Sel' <Latency = 0> <II = 1> <Delay = 0.69> <FuncUnit> <Opcode : 'select'> <InPorts = 3> <OutPorts = 1>
ST_4 : Operation 232 [1/1] (0.00ns)   --->   "%zext_ln1034_1 = zext i10 %pix_7" [C:/github/zybo_z7_cam_rpi_v2_5mp_hdmi/zybo_z7_imx219/zybo_z7_imx219.runs/design_1_v_demosaic_0_0_synth_1/prj/sol/.autopilot/db/v_demosaic.cpp:1034->C:/github/zybo_z7_cam_rpi_v2_5mp_hdmi/zybo_z7_imx219/zybo_z7_imx219.runs/design_1_v_demosaic_0_0_synth_1/prj/sol/.autopilot/db/v_demosaic.cpp:1073]   --->   Operation 232 'zext' 'zext_ln1034_1' <Predicate = true> <Delay = 0.00>
ST_4 : Operation 233 [1/1] (0.00ns)   --->   "%sext_ln1034 = sext i11 %sub_ln1034" [C:/github/zybo_z7_cam_rpi_v2_5mp_hdmi/zybo_z7_imx219/zybo_z7_imx219.runs/design_1_v_demosaic_0_0_synth_1/prj/sol/.autopilot/db/v_demosaic.cpp:1034->C:/github/zybo_z7_cam_rpi_v2_5mp_hdmi/zybo_z7_imx219/zybo_z7_imx219.runs/design_1_v_demosaic_0_0_synth_1/prj/sol/.autopilot/db/v_demosaic.cpp:1073]   --->   Operation 233 'sext' 'sext_ln1034' <Predicate = (!icmp_ln1014)> <Delay = 0.00>
ST_4 : Operation 234 [1/1] (0.00ns)   --->   "%sext_ln1034_1 = sext i11 %sub_ln1034_1" [C:/github/zybo_z7_cam_rpi_v2_5mp_hdmi/zybo_z7_imx219/zybo_z7_imx219.runs/design_1_v_demosaic_0_0_synth_1/prj/sol/.autopilot/db/v_demosaic.cpp:1034->C:/github/zybo_z7_cam_rpi_v2_5mp_hdmi/zybo_z7_imx219/zybo_z7_imx219.runs/design_1_v_demosaic_0_0_synth_1/prj/sol/.autopilot/db/v_demosaic.cpp:1073]   --->   Operation 234 'sext' 'sext_ln1034_1' <Predicate = (!icmp_ln1014)> <Delay = 0.00>
ST_4 : Operation 235 [1/1] (1.63ns)   --->   "%add_ln1034 = add i12 %sext_ln1034, i12 %sext_ln1034_1" [C:/github/zybo_z7_cam_rpi_v2_5mp_hdmi/zybo_z7_imx219/zybo_z7_imx219.runs/design_1_v_demosaic_0_0_synth_1/prj/sol/.autopilot/db/v_demosaic.cpp:1034->C:/github/zybo_z7_cam_rpi_v2_5mp_hdmi/zybo_z7_imx219/zybo_z7_imx219.runs/design_1_v_demosaic_0_0_synth_1/prj/sol/.autopilot/db/v_demosaic.cpp:1073]   --->   Operation 235 'add' 'add_ln1034' <Predicate = (!icmp_ln1014)> <Delay = 1.63> <CoreInst = "Adder">   --->   Core 1 'Adder' <Latency = 0> <II = 1> <Delay = 1.63> <FuncUnit> <Opcode : 'add' 'sub'> <InPorts = 2> <OutPorts = 1>
ST_4 : Operation 236 [1/1] (0.00ns)   --->   "%sext_ln1034_2 = sext i12 %add_ln1034" [C:/github/zybo_z7_cam_rpi_v2_5mp_hdmi/zybo_z7_imx219/zybo_z7_imx219.runs/design_1_v_demosaic_0_0_synth_1/prj/sol/.autopilot/db/v_demosaic.cpp:1034->C:/github/zybo_z7_cam_rpi_v2_5mp_hdmi/zybo_z7_imx219/zybo_z7_imx219.runs/design_1_v_demosaic_0_0_synth_1/prj/sol/.autopilot/db/v_demosaic.cpp:1073]   --->   Operation 236 'sext' 'sext_ln1034_2' <Predicate = (!icmp_ln1014)> <Delay = 0.00>
ST_4 : Operation 237 [1/1] (0.00ns) (grouped into LUT with out node b_0_in_i)   --->   "%tmp_17 = bitselect i1 @_ssdm_op_BitSelect.i1.i12.i32, i12 %add_ln1034, i32 11" [C:/github/zybo_z7_cam_rpi_v2_5mp_hdmi/zybo_z7_imx219/zybo_z7_imx219.runs/design_1_v_demosaic_0_0_synth_1/prj/sol/.autopilot/db/v_demosaic.cpp:1034->C:/github/zybo_z7_cam_rpi_v2_5mp_hdmi/zybo_z7_imx219/zybo_z7_imx219.runs/design_1_v_demosaic_0_0_synth_1/prj/sol/.autopilot/db/v_demosaic.cpp:1073]   --->   Operation 237 'bitselect' 'tmp_17' <Predicate = (!icmp_ln1014)> <Delay = 0.00>
ST_4 : Operation 238 [1/1] (1.54ns)   --->   "%sub_ln1034_2 = sub i13 0, i13 %sext_ln1034_2" [C:/github/zybo_z7_cam_rpi_v2_5mp_hdmi/zybo_z7_imx219/zybo_z7_imx219.runs/design_1_v_demosaic_0_0_synth_1/prj/sol/.autopilot/db/v_demosaic.cpp:1034->C:/github/zybo_z7_cam_rpi_v2_5mp_hdmi/zybo_z7_imx219/zybo_z7_imx219.runs/design_1_v_demosaic_0_0_synth_1/prj/sol/.autopilot/db/v_demosaic.cpp:1073]   --->   Operation 238 'sub' 'sub_ln1034_2' <Predicate = (!icmp_ln1014)> <Delay = 1.54> <CoreInst = "Adder">   --->   Core 1 'Adder' <Latency = 0> <II = 1> <Delay = 1.54> <FuncUnit> <Opcode : 'add' 'sub'> <InPorts = 2> <OutPorts = 1>
ST_4 : Operation 239 [1/1] (0.00ns)   --->   "%lshr_ln1034_1_cast = partselect i11 @_ssdm_op_PartSelect.i11.i13.i32.i32, i13 %sub_ln1034_2, i32 1, i32 11" [C:/github/zybo_z7_cam_rpi_v2_5mp_hdmi/zybo_z7_imx219/zybo_z7_imx219.runs/design_1_v_demosaic_0_0_synth_1/prj/sol/.autopilot/db/v_demosaic.cpp:1034->C:/github/zybo_z7_cam_rpi_v2_5mp_hdmi/zybo_z7_imx219/zybo_z7_imx219.runs/design_1_v_demosaic_0_0_synth_1/prj/sol/.autopilot/db/v_demosaic.cpp:1073]   --->   Operation 239 'partselect' 'lshr_ln1034_1_cast' <Predicate = (!icmp_ln1014)> <Delay = 0.00>
ST_4 : Operation 240 [1/1] (1.63ns)   --->   "%sub_ln1034_3 = sub i11 0, i11 %lshr_ln1034_1_cast" [C:/github/zybo_z7_cam_rpi_v2_5mp_hdmi/zybo_z7_imx219/zybo_z7_imx219.runs/design_1_v_demosaic_0_0_synth_1/prj/sol/.autopilot/db/v_demosaic.cpp:1034->C:/github/zybo_z7_cam_rpi_v2_5mp_hdmi/zybo_z7_imx219/zybo_z7_imx219.runs/design_1_v_demosaic_0_0_synth_1/prj/sol/.autopilot/db/v_demosaic.cpp:1073]   --->   Operation 240 'sub' 'sub_ln1034_3' <Predicate = (!icmp_ln1014)> <Delay = 1.63> <CoreInst = "Adder">   --->   Core 1 'Adder' <Latency = 0> <II = 1> <Delay = 1.63> <FuncUnit> <Opcode : 'add' 'sub'> <InPorts = 2> <OutPorts = 1>
ST_4 : Operation 241 [1/1] (0.00ns) (grouped into LUT with out node b_0_in_i)   --->   "%zext_ln1 = partselect i11 @_ssdm_op_PartSelect.i11.i12.i32.i32, i12 %add_ln1034, i32 1, i32 11" [C:/github/zybo_z7_cam_rpi_v2_5mp_hdmi/zybo_z7_imx219/zybo_z7_imx219.runs/design_1_v_demosaic_0_0_synth_1/prj/sol/.autopilot/db/v_demosaic.cpp:1034->C:/github/zybo_z7_cam_rpi_v2_5mp_hdmi/zybo_z7_imx219/zybo_z7_imx219.runs/design_1_v_demosaic_0_0_synth_1/prj/sol/.autopilot/db/v_demosaic.cpp:1073]   --->   Operation 241 'partselect' 'zext_ln1' <Predicate = (!icmp_ln1014)> <Delay = 0.00>
ST_4 : Operation 242 [1/1] (0.00ns) (grouped into LUT with out node b_0_in_i)   --->   "%select_ln1034 = select i1 %tmp_17, i11 %sub_ln1034_3, i11 %zext_ln1" [C:/github/zybo_z7_cam_rpi_v2_5mp_hdmi/zybo_z7_imx219/zybo_z7_imx219.runs/design_1_v_demosaic_0_0_synth_1/prj/sol/.autopilot/db/v_demosaic.cpp:1034->C:/github/zybo_z7_cam_rpi_v2_5mp_hdmi/zybo_z7_imx219/zybo_z7_imx219.runs/design_1_v_demosaic_0_0_synth_1/prj/sol/.autopilot/db/v_demosaic.cpp:1073]   --->   Operation 242 'select' 'select_ln1034' <Predicate = (!icmp_ln1014)> <Delay = 0.00> <CoreInst = "Sel">   --->   Core 73 'Sel' <Latency = 0> <II = 1> <Delay = 0.69> <FuncUnit> <Opcode : 'select'> <InPorts = 3> <OutPorts = 1>
ST_4 : Operation 243 [1/1] (0.00ns)   --->   "%sext_ln1039 = sext i11 %sub_ln1039" [C:/github/zybo_z7_cam_rpi_v2_5mp_hdmi/zybo_z7_imx219/zybo_z7_imx219.runs/design_1_v_demosaic_0_0_synth_1/prj/sol/.autopilot/db/v_demosaic.cpp:1039->C:/github/zybo_z7_cam_rpi_v2_5mp_hdmi/zybo_z7_imx219/zybo_z7_imx219.runs/design_1_v_demosaic_0_0_synth_1/prj/sol/.autopilot/db/v_demosaic.cpp:1073]   --->   Operation 243 'sext' 'sext_ln1039' <Predicate = (!icmp_ln1014)> <Delay = 0.00>
ST_4 : Operation 244 [1/1] (0.00ns)   --->   "%sext_ln1039_1 = sext i11 %sub_ln1039_1" [C:/github/zybo_z7_cam_rpi_v2_5mp_hdmi/zybo_z7_imx219/zybo_z7_imx219.runs/design_1_v_demosaic_0_0_synth_1/prj/sol/.autopilot/db/v_demosaic.cpp:1039->C:/github/zybo_z7_cam_rpi_v2_5mp_hdmi/zybo_z7_imx219/zybo_z7_imx219.runs/design_1_v_demosaic_0_0_synth_1/prj/sol/.autopilot/db/v_demosaic.cpp:1073]   --->   Operation 244 'sext' 'sext_ln1039_1' <Predicate = (!icmp_ln1014)> <Delay = 0.00>
ST_4 : Operation 245 [1/1] (1.63ns)   --->   "%add_ln1039 = add i12 %sext_ln1039, i12 %sext_ln1039_1" [C:/github/zybo_z7_cam_rpi_v2_5mp_hdmi/zybo_z7_imx219/zybo_z7_imx219.runs/design_1_v_demosaic_0_0_synth_1/prj/sol/.autopilot/db/v_demosaic.cpp:1039->C:/github/zybo_z7_cam_rpi_v2_5mp_hdmi/zybo_z7_imx219/zybo_z7_imx219.runs/design_1_v_demosaic_0_0_synth_1/prj/sol/.autopilot/db/v_demosaic.cpp:1073]   --->   Operation 245 'add' 'add_ln1039' <Predicate = (!icmp_ln1014)> <Delay = 1.63> <CoreInst = "Adder">   --->   Core 1 'Adder' <Latency = 0> <II = 1> <Delay = 1.63> <FuncUnit> <Opcode : 'add' 'sub'> <InPorts = 2> <OutPorts = 1>
ST_4 : Operation 246 [1/1] (0.00ns)   --->   "%sext_ln1039_2 = sext i12 %add_ln1039" [C:/github/zybo_z7_cam_rpi_v2_5mp_hdmi/zybo_z7_imx219/zybo_z7_imx219.runs/design_1_v_demosaic_0_0_synth_1/prj/sol/.autopilot/db/v_demosaic.cpp:1039->C:/github/zybo_z7_cam_rpi_v2_5mp_hdmi/zybo_z7_imx219/zybo_z7_imx219.runs/design_1_v_demosaic_0_0_synth_1/prj/sol/.autopilot/db/v_demosaic.cpp:1073]   --->   Operation 246 'sext' 'sext_ln1039_2' <Predicate = (!icmp_ln1014)> <Delay = 0.00>
ST_4 : Operation 247 [1/1] (0.00ns) (grouped into LUT with out node select_ln1039)   --->   "%tmp_18 = bitselect i1 @_ssdm_op_BitSelect.i1.i12.i32, i12 %add_ln1039, i32 11" [C:/github/zybo_z7_cam_rpi_v2_5mp_hdmi/zybo_z7_imx219/zybo_z7_imx219.runs/design_1_v_demosaic_0_0_synth_1/prj/sol/.autopilot/db/v_demosaic.cpp:1039->C:/github/zybo_z7_cam_rpi_v2_5mp_hdmi/zybo_z7_imx219/zybo_z7_imx219.runs/design_1_v_demosaic_0_0_synth_1/prj/sol/.autopilot/db/v_demosaic.cpp:1073]   --->   Operation 247 'bitselect' 'tmp_18' <Predicate = (!icmp_ln1014)> <Delay = 0.00>
ST_4 : Operation 248 [1/1] (1.54ns)   --->   "%sub_ln1039_2 = sub i13 0, i13 %sext_ln1039_2" [C:/github/zybo_z7_cam_rpi_v2_5mp_hdmi/zybo_z7_imx219/zybo_z7_imx219.runs/design_1_v_demosaic_0_0_synth_1/prj/sol/.autopilot/db/v_demosaic.cpp:1039->C:/github/zybo_z7_cam_rpi_v2_5mp_hdmi/zybo_z7_imx219/zybo_z7_imx219.runs/design_1_v_demosaic_0_0_synth_1/prj/sol/.autopilot/db/v_demosaic.cpp:1073]   --->   Operation 248 'sub' 'sub_ln1039_2' <Predicate = (!icmp_ln1014)> <Delay = 1.54> <CoreInst = "Adder">   --->   Core 1 'Adder' <Latency = 0> <II = 1> <Delay = 1.54> <FuncUnit> <Opcode : 'add' 'sub'> <InPorts = 2> <OutPorts = 1>
ST_4 : Operation 249 [1/1] (0.00ns)   --->   "%lshr_ln1039_1_cast = partselect i11 @_ssdm_op_PartSelect.i11.i13.i32.i32, i13 %sub_ln1039_2, i32 1, i32 11" [C:/github/zybo_z7_cam_rpi_v2_5mp_hdmi/zybo_z7_imx219/zybo_z7_imx219.runs/design_1_v_demosaic_0_0_synth_1/prj/sol/.autopilot/db/v_demosaic.cpp:1039->C:/github/zybo_z7_cam_rpi_v2_5mp_hdmi/zybo_z7_imx219/zybo_z7_imx219.runs/design_1_v_demosaic_0_0_synth_1/prj/sol/.autopilot/db/v_demosaic.cpp:1073]   --->   Operation 249 'partselect' 'lshr_ln1039_1_cast' <Predicate = (!icmp_ln1014)> <Delay = 0.00>
ST_4 : Operation 250 [1/1] (1.63ns)   --->   "%sub_ln1039_3 = sub i11 0, i11 %lshr_ln1039_1_cast" [C:/github/zybo_z7_cam_rpi_v2_5mp_hdmi/zybo_z7_imx219/zybo_z7_imx219.runs/design_1_v_demosaic_0_0_synth_1/prj/sol/.autopilot/db/v_demosaic.cpp:1039->C:/github/zybo_z7_cam_rpi_v2_5mp_hdmi/zybo_z7_imx219/zybo_z7_imx219.runs/design_1_v_demosaic_0_0_synth_1/prj/sol/.autopilot/db/v_demosaic.cpp:1073]   --->   Operation 250 'sub' 'sub_ln1039_3' <Predicate = (!icmp_ln1014)> <Delay = 1.63> <CoreInst = "Adder">   --->   Core 1 'Adder' <Latency = 0> <II = 1> <Delay = 1.63> <FuncUnit> <Opcode : 'add' 'sub'> <InPorts = 2> <OutPorts = 1>
ST_4 : Operation 251 [1/1] (0.00ns) (grouped into LUT with out node select_ln1039)   --->   "%zext_ln2 = partselect i11 @_ssdm_op_PartSelect.i11.i12.i32.i32, i12 %add_ln1039, i32 1, i32 11" [C:/github/zybo_z7_cam_rpi_v2_5mp_hdmi/zybo_z7_imx219/zybo_z7_imx219.runs/design_1_v_demosaic_0_0_synth_1/prj/sol/.autopilot/db/v_demosaic.cpp:1039->C:/github/zybo_z7_cam_rpi_v2_5mp_hdmi/zybo_z7_imx219/zybo_z7_imx219.runs/design_1_v_demosaic_0_0_synth_1/prj/sol/.autopilot/db/v_demosaic.cpp:1073]   --->   Operation 251 'partselect' 'zext_ln2' <Predicate = (!icmp_ln1014)> <Delay = 0.00>
ST_4 : Operation 252 [1/1] (0.69ns) (out node of the LUT)   --->   "%select_ln1039 = select i1 %tmp_18, i11 %sub_ln1039_3, i11 %zext_ln2" [C:/github/zybo_z7_cam_rpi_v2_5mp_hdmi/zybo_z7_imx219/zybo_z7_imx219.runs/design_1_v_demosaic_0_0_synth_1/prj/sol/.autopilot/db/v_demosaic.cpp:1039->C:/github/zybo_z7_cam_rpi_v2_5mp_hdmi/zybo_z7_imx219/zybo_z7_imx219.runs/design_1_v_demosaic_0_0_synth_1/prj/sol/.autopilot/db/v_demosaic.cpp:1073]   --->   Operation 252 'select' 'select_ln1039' <Predicate = (!icmp_ln1014)> <Delay = 0.69> <CoreInst = "Sel">   --->   Core 73 'Sel' <Latency = 0> <II = 1> <Delay = 0.69> <FuncUnit> <Opcode : 'select'> <InPorts = 3> <OutPorts = 1>
ST_4 : Operation 253 [1/1] (0.00ns)   --->   "%sext_ln1040 = sext i11 %sub_ln1040" [C:/github/zybo_z7_cam_rpi_v2_5mp_hdmi/zybo_z7_imx219/zybo_z7_imx219.runs/design_1_v_demosaic_0_0_synth_1/prj/sol/.autopilot/db/v_demosaic.cpp:1040->C:/github/zybo_z7_cam_rpi_v2_5mp_hdmi/zybo_z7_imx219/zybo_z7_imx219.runs/design_1_v_demosaic_0_0_synth_1/prj/sol/.autopilot/db/v_demosaic.cpp:1073]   --->   Operation 253 'sext' 'sext_ln1040' <Predicate = (!icmp_ln1014)> <Delay = 0.00>
ST_4 : Operation 254 [1/1] (0.00ns)   --->   "%sext_ln1040_1 = sext i11 %sub_ln1040_1" [C:/github/zybo_z7_cam_rpi_v2_5mp_hdmi/zybo_z7_imx219/zybo_z7_imx219.runs/design_1_v_demosaic_0_0_synth_1/prj/sol/.autopilot/db/v_demosaic.cpp:1040->C:/github/zybo_z7_cam_rpi_v2_5mp_hdmi/zybo_z7_imx219/zybo_z7_imx219.runs/design_1_v_demosaic_0_0_synth_1/prj/sol/.autopilot/db/v_demosaic.cpp:1073]   --->   Operation 254 'sext' 'sext_ln1040_1' <Predicate = (!icmp_ln1014)> <Delay = 0.00>
ST_4 : Operation 255 [1/1] (1.63ns)   --->   "%add_ln1040 = add i12 %sext_ln1040, i12 %sext_ln1040_1" [C:/github/zybo_z7_cam_rpi_v2_5mp_hdmi/zybo_z7_imx219/zybo_z7_imx219.runs/design_1_v_demosaic_0_0_synth_1/prj/sol/.autopilot/db/v_demosaic.cpp:1040->C:/github/zybo_z7_cam_rpi_v2_5mp_hdmi/zybo_z7_imx219/zybo_z7_imx219.runs/design_1_v_demosaic_0_0_synth_1/prj/sol/.autopilot/db/v_demosaic.cpp:1073]   --->   Operation 255 'add' 'add_ln1040' <Predicate = (!icmp_ln1014)> <Delay = 1.63> <CoreInst = "Adder">   --->   Core 1 'Adder' <Latency = 0> <II = 1> <Delay = 1.63> <FuncUnit> <Opcode : 'add' 'sub'> <InPorts = 2> <OutPorts = 1>
ST_4 : Operation 256 [1/1] (0.00ns)   --->   "%sext_ln1040_2 = sext i12 %add_ln1040" [C:/github/zybo_z7_cam_rpi_v2_5mp_hdmi/zybo_z7_imx219/zybo_z7_imx219.runs/design_1_v_demosaic_0_0_synth_1/prj/sol/.autopilot/db/v_demosaic.cpp:1040->C:/github/zybo_z7_cam_rpi_v2_5mp_hdmi/zybo_z7_imx219/zybo_z7_imx219.runs/design_1_v_demosaic_0_0_synth_1/prj/sol/.autopilot/db/v_demosaic.cpp:1073]   --->   Operation 256 'sext' 'sext_ln1040_2' <Predicate = (!icmp_ln1014)> <Delay = 0.00>
ST_4 : Operation 257 [1/1] (0.00ns) (grouped into LUT with out node select_ln1040)   --->   "%tmp_19 = bitselect i1 @_ssdm_op_BitSelect.i1.i12.i32, i12 %add_ln1040, i32 11" [C:/github/zybo_z7_cam_rpi_v2_5mp_hdmi/zybo_z7_imx219/zybo_z7_imx219.runs/design_1_v_demosaic_0_0_synth_1/prj/sol/.autopilot/db/v_demosaic.cpp:1040->C:/github/zybo_z7_cam_rpi_v2_5mp_hdmi/zybo_z7_imx219/zybo_z7_imx219.runs/design_1_v_demosaic_0_0_synth_1/prj/sol/.autopilot/db/v_demosaic.cpp:1073]   --->   Operation 257 'bitselect' 'tmp_19' <Predicate = (!icmp_ln1014)> <Delay = 0.00>
ST_4 : Operation 258 [1/1] (1.54ns)   --->   "%sub_ln1040_2 = sub i13 0, i13 %sext_ln1040_2" [C:/github/zybo_z7_cam_rpi_v2_5mp_hdmi/zybo_z7_imx219/zybo_z7_imx219.runs/design_1_v_demosaic_0_0_synth_1/prj/sol/.autopilot/db/v_demosaic.cpp:1040->C:/github/zybo_z7_cam_rpi_v2_5mp_hdmi/zybo_z7_imx219/zybo_z7_imx219.runs/design_1_v_demosaic_0_0_synth_1/prj/sol/.autopilot/db/v_demosaic.cpp:1073]   --->   Operation 258 'sub' 'sub_ln1040_2' <Predicate = (!icmp_ln1014)> <Delay = 1.54> <CoreInst = "Adder">   --->   Core 1 'Adder' <Latency = 0> <II = 1> <Delay = 1.54> <FuncUnit> <Opcode : 'add' 'sub'> <InPorts = 2> <OutPorts = 1>
ST_4 : Operation 259 [1/1] (0.00ns)   --->   "%lshr_ln1040_1_cast = partselect i11 @_ssdm_op_PartSelect.i11.i13.i32.i32, i13 %sub_ln1040_2, i32 1, i32 11" [C:/github/zybo_z7_cam_rpi_v2_5mp_hdmi/zybo_z7_imx219/zybo_z7_imx219.runs/design_1_v_demosaic_0_0_synth_1/prj/sol/.autopilot/db/v_demosaic.cpp:1040->C:/github/zybo_z7_cam_rpi_v2_5mp_hdmi/zybo_z7_imx219/zybo_z7_imx219.runs/design_1_v_demosaic_0_0_synth_1/prj/sol/.autopilot/db/v_demosaic.cpp:1073]   --->   Operation 259 'partselect' 'lshr_ln1040_1_cast' <Predicate = (!icmp_ln1014)> <Delay = 0.00>
ST_4 : Operation 260 [1/1] (1.63ns)   --->   "%sub_ln1040_3 = sub i11 0, i11 %lshr_ln1040_1_cast" [C:/github/zybo_z7_cam_rpi_v2_5mp_hdmi/zybo_z7_imx219/zybo_z7_imx219.runs/design_1_v_demosaic_0_0_synth_1/prj/sol/.autopilot/db/v_demosaic.cpp:1040->C:/github/zybo_z7_cam_rpi_v2_5mp_hdmi/zybo_z7_imx219/zybo_z7_imx219.runs/design_1_v_demosaic_0_0_synth_1/prj/sol/.autopilot/db/v_demosaic.cpp:1073]   --->   Operation 260 'sub' 'sub_ln1040_3' <Predicate = (!icmp_ln1014)> <Delay = 1.63> <CoreInst = "Adder">   --->   Core 1 'Adder' <Latency = 0> <II = 1> <Delay = 1.63> <FuncUnit> <Opcode : 'add' 'sub'> <InPorts = 2> <OutPorts = 1>
ST_4 : Operation 261 [1/1] (0.00ns) (grouped into LUT with out node select_ln1040)   --->   "%zext_ln3 = partselect i11 @_ssdm_op_PartSelect.i11.i12.i32.i32, i12 %add_ln1040, i32 1, i32 11" [C:/github/zybo_z7_cam_rpi_v2_5mp_hdmi/zybo_z7_imx219/zybo_z7_imx219.runs/design_1_v_demosaic_0_0_synth_1/prj/sol/.autopilot/db/v_demosaic.cpp:1040->C:/github/zybo_z7_cam_rpi_v2_5mp_hdmi/zybo_z7_imx219/zybo_z7_imx219.runs/design_1_v_demosaic_0_0_synth_1/prj/sol/.autopilot/db/v_demosaic.cpp:1073]   --->   Operation 261 'partselect' 'zext_ln3' <Predicate = (!icmp_ln1014)> <Delay = 0.00>
ST_4 : Operation 262 [1/1] (0.69ns) (out node of the LUT)   --->   "%select_ln1040 = select i1 %tmp_19, i11 %sub_ln1040_3, i11 %zext_ln3" [C:/github/zybo_z7_cam_rpi_v2_5mp_hdmi/zybo_z7_imx219/zybo_z7_imx219.runs/design_1_v_demosaic_0_0_synth_1/prj/sol/.autopilot/db/v_demosaic.cpp:1040->C:/github/zybo_z7_cam_rpi_v2_5mp_hdmi/zybo_z7_imx219/zybo_z7_imx219.runs/design_1_v_demosaic_0_0_synth_1/prj/sol/.autopilot/db/v_demosaic.cpp:1073]   --->   Operation 262 'select' 'select_ln1040' <Predicate = (!icmp_ln1014)> <Delay = 0.69> <CoreInst = "Sel">   --->   Core 73 'Sel' <Latency = 0> <II = 1> <Delay = 0.69> <FuncUnit> <Opcode : 'select'> <InPorts = 3> <OutPorts = 1>
ST_4 : Operation 263 [1/1] (0.00ns) (grouped into LUT with out node r_0_in_i)   --->   "%r_0_in_i_v_v = select i1 %icmp_ln1030, i11 %select_ln1033, i11 %select_ln1039" [C:/github/zybo_z7_cam_rpi_v2_5mp_hdmi/zybo_z7_imx219/zybo_z7_imx219.runs/design_1_v_demosaic_0_0_synth_1/prj/sol/.autopilot/db/v_demosaic.cpp:1030->C:/github/zybo_z7_cam_rpi_v2_5mp_hdmi/zybo_z7_imx219/zybo_z7_imx219.runs/design_1_v_demosaic_0_0_synth_1/prj/sol/.autopilot/db/v_demosaic.cpp:1073]   --->   Operation 263 'select' 'r_0_in_i_v_v' <Predicate = (!icmp_ln1014)> <Delay = 0.00> <CoreInst = "Sel">   --->   Core 73 'Sel' <Latency = 0> <II = 1> <Delay = 0.69> <FuncUnit> <Opcode : 'select'> <InPorts = 3> <OutPorts = 1>
ST_4 : Operation 264 [1/1] (0.00ns) (grouped into LUT with out node r_0_in_i)   --->   "%r_0_in_i_v_v_cast = sext i11 %r_0_in_i_v_v" [C:/github/zybo_z7_cam_rpi_v2_5mp_hdmi/zybo_z7_imx219/zybo_z7_imx219.runs/design_1_v_demosaic_0_0_synth_1/prj/sol/.autopilot/db/v_demosaic.cpp:1030->C:/github/zybo_z7_cam_rpi_v2_5mp_hdmi/zybo_z7_imx219/zybo_z7_imx219.runs/design_1_v_demosaic_0_0_synth_1/prj/sol/.autopilot/db/v_demosaic.cpp:1073]   --->   Operation 264 'sext' 'r_0_in_i_v_v_cast' <Predicate = (!icmp_ln1014)> <Delay = 0.00>
ST_4 : Operation 265 [1/1] (1.63ns) (out node of the LUT)   --->   "%r_0_in_i = sub i12 %zext_ln1034_1, i12 %r_0_in_i_v_v_cast" [C:/github/zybo_z7_cam_rpi_v2_5mp_hdmi/zybo_z7_imx219/zybo_z7_imx219.runs/design_1_v_demosaic_0_0_synth_1/prj/sol/.autopilot/db/v_demosaic.cpp:1034->C:/github/zybo_z7_cam_rpi_v2_5mp_hdmi/zybo_z7_imx219/zybo_z7_imx219.runs/design_1_v_demosaic_0_0_synth_1/prj/sol/.autopilot/db/v_demosaic.cpp:1073]   --->   Operation 265 'sub' 'r_0_in_i' <Predicate = (!icmp_ln1014)> <Delay = 1.63> <CoreInst = "Adder">   --->   Core 1 'Adder' <Latency = 0> <II = 1> <Delay = 1.63> <FuncUnit> <Opcode : 'add' 'sub'> <InPorts = 2> <OutPorts = 1>
ST_4 : Operation 266 [1/1] (0.00ns) (grouped into LUT with out node b_0_in_i)   --->   "%b_0_in_i_v_v = select i1 %icmp_ln1030, i11 %select_ln1034, i11 %select_ln1040" [C:/github/zybo_z7_cam_rpi_v2_5mp_hdmi/zybo_z7_imx219/zybo_z7_imx219.runs/design_1_v_demosaic_0_0_synth_1/prj/sol/.autopilot/db/v_demosaic.cpp:1030->C:/github/zybo_z7_cam_rpi_v2_5mp_hdmi/zybo_z7_imx219/zybo_z7_imx219.runs/design_1_v_demosaic_0_0_synth_1/prj/sol/.autopilot/db/v_demosaic.cpp:1073]   --->   Operation 266 'select' 'b_0_in_i_v_v' <Predicate = (!icmp_ln1014)> <Delay = 0.00> <CoreInst = "Sel">   --->   Core 73 'Sel' <Latency = 0> <II = 1> <Delay = 0.69> <FuncUnit> <Opcode : 'select'> <InPorts = 3> <OutPorts = 1>
ST_4 : Operation 267 [1/1] (0.00ns) (grouped into LUT with out node b_0_in_i)   --->   "%b_0_in_i_v_v_cast = sext i11 %b_0_in_i_v_v" [C:/github/zybo_z7_cam_rpi_v2_5mp_hdmi/zybo_z7_imx219/zybo_z7_imx219.runs/design_1_v_demosaic_0_0_synth_1/prj/sol/.autopilot/db/v_demosaic.cpp:1030->C:/github/zybo_z7_cam_rpi_v2_5mp_hdmi/zybo_z7_imx219/zybo_z7_imx219.runs/design_1_v_demosaic_0_0_synth_1/prj/sol/.autopilot/db/v_demosaic.cpp:1073]   --->   Operation 267 'sext' 'b_0_in_i_v_v_cast' <Predicate = (!icmp_ln1014)> <Delay = 0.00>
ST_4 : Operation 268 [1/1] (1.63ns) (out node of the LUT)   --->   "%b_0_in_i = sub i12 %zext_ln1034_1, i12 %b_0_in_i_v_v_cast" [C:/github/zybo_z7_cam_rpi_v2_5mp_hdmi/zybo_z7_imx219/zybo_z7_imx219.runs/design_1_v_demosaic_0_0_synth_1/prj/sol/.autopilot/db/v_demosaic.cpp:1034->C:/github/zybo_z7_cam_rpi_v2_5mp_hdmi/zybo_z7_imx219/zybo_z7_imx219.runs/design_1_v_demosaic_0_0_synth_1/prj/sol/.autopilot/db/v_demosaic.cpp:1073]   --->   Operation 268 'sub' 'b_0_in_i' <Predicate = (!icmp_ln1014)> <Delay = 1.63> <CoreInst = "Adder">   --->   Core 1 'Adder' <Latency = 0> <II = 1> <Delay = 1.63> <FuncUnit> <Opcode : 'add' 'sub'> <InPorts = 2> <OutPorts = 1>
ST_4 : Operation 269 [1/1] (0.00ns)   --->   "%tmp_21 = partselect i2 @_ssdm_op_PartSelect.i2.i12.i32.i32, i12 %r_0_in_i, i32 10, i32 11" [C:/github/zybo_z7_cam_rpi_v2_5mp_hdmi/zybo_z7_imx219/zybo_z7_imx219.runs/design_1_v_demosaic_0_0_synth_1/prj/sol/.autopilot/db/v_demosaic.cpp:1042->C:/github/zybo_z7_cam_rpi_v2_5mp_hdmi/zybo_z7_imx219/zybo_z7_imx219.runs/design_1_v_demosaic_0_0_synth_1/prj/sol/.autopilot/db/v_demosaic.cpp:1073]   --->   Operation 269 'partselect' 'tmp_21' <Predicate = (!icmp_ln1014)> <Delay = 0.00>
ST_4 : Operation 270 [1/1] (0.00ns)   --->   "%tmp_23 = partselect i2 @_ssdm_op_PartSelect.i2.i12.i32.i32, i12 %b_0_in_i, i32 10, i32 11" [C:/github/zybo_z7_cam_rpi_v2_5mp_hdmi/zybo_z7_imx219/zybo_z7_imx219.runs/design_1_v_demosaic_0_0_synth_1/prj/sol/.autopilot/db/v_demosaic.cpp:1043->C:/github/zybo_z7_cam_rpi_v2_5mp_hdmi/zybo_z7_imx219/zybo_z7_imx219.runs/design_1_v_demosaic_0_0_synth_1/prj/sol/.autopilot/db/v_demosaic.cpp:1073]   --->   Operation 270 'partselect' 'tmp_23' <Predicate = (!icmp_ln1014)> <Delay = 0.00>
ST_4 : Operation 292 [1/1] (0.00ns)   --->   "%store_ln0 = store i10 %p_0_0_01177_217791808_i_load, i10 %p_0_0_01177_217791808_i_out"   --->   Operation 292 'store' 'store_ln0' <Predicate = (icmp_ln881)> <Delay = 0.00>
ST_4 : Operation 293 [1/1] (0.00ns)   --->   "%store_ln0 = store i10 %p_0_0_01178_217771806_i_load, i10 %p_0_0_01178_217771806_i_out"   --->   Operation 293 'store' 'store_ln0' <Predicate = (icmp_ln881)> <Delay = 0.00>
ST_4 : Operation 294 [1/1] (0.00ns)   --->   "%store_ln0 = store i10 %p_0_0_01179_217751804_i_load, i10 %p_0_0_01179_217751804_i_out"   --->   Operation 294 'store' 'store_ln0' <Predicate = (icmp_ln881)> <Delay = 0.00>
ST_4 : Operation 295 [1/1] (0.00ns)   --->   "%store_ln0 = store i10 %right_5, i10 %right_2_out"   --->   Operation 295 'store' 'store_ln0' <Predicate = (icmp_ln881)> <Delay = 0.00>
ST_4 : Operation 296 [1/1] (0.00ns)   --->   "%store_ln0 = store i10 %right_4, i10 %right_1_out"   --->   Operation 296 'store' 'store_ln0' <Predicate = (icmp_ln881)> <Delay = 0.00>
ST_4 : Operation 297 [1/1] (0.00ns)   --->   "%store_ln0 = store i10 %right_3, i10 %right_out"   --->   Operation 297 'store' 'store_ln0' <Predicate = (icmp_ln881)> <Delay = 0.00>
ST_4 : Operation 298 [1/1] (0.00ns)   --->   "%store_ln0 = store i10 %p_0_0_0116417851796_i_load, i10 %p_0_0_0116417851796_i_out"   --->   Operation 298 'store' 'store_ln0' <Predicate = (icmp_ln881)> <Delay = 0.00>
ST_4 : Operation 299 [1/1] (0.00ns)   --->   "%store_ln0 = store i10 %p_0_0_0116517831794_i_load, i10 %p_0_0_0116517831794_i_out"   --->   Operation 299 'store' 'store_ln0' <Predicate = (icmp_ln881)> <Delay = 0.00>
ST_4 : Operation 300 [1/1] (0.00ns)   --->   "%store_ln0 = store i10 %p_0_0_0116617811792_i_load, i10 %p_0_0_0116617811792_i_out"   --->   Operation 300 'store' 'store_ln0' <Predicate = (icmp_ln881)> <Delay = 0.00>
ST_4 : Operation 301 [1/1] (0.00ns)   --->   "%store_ln0 = store i10 %p_0_2_0_0_011601711_i_load, i10 %p_0_2_0_0_011601711_i_out"   --->   Operation 301 'store' 'store_ln0' <Predicate = (icmp_ln881)> <Delay = 0.00>
ST_4 : Operation 302 [1/1] (0.00ns)   --->   "%store_ln0 = store i10 %p_0_1_0_0_011591708_i_load, i10 %p_0_1_0_0_011591708_i_out"   --->   Operation 302 'store' 'store_ln0' <Predicate = (icmp_ln881)> <Delay = 0.00>
ST_4 : Operation 303 [1/1] (0.00ns)   --->   "%store_ln0 = store i10 %p_0_0_0_0_011581705_i_load, i10 %p_0_0_0_0_011581705_i_out"   --->   Operation 303 'store' 'store_ln0' <Predicate = (icmp_ln881)> <Delay = 0.00>
ST_4 : Operation 304 [1/1] (1.58ns)   --->   "%ret_ln0 = ret"   --->   Operation 304 'ret' 'ret_ln0' <Predicate = (icmp_ln881)> <Delay = 1.58>

State 5 <SV = 4> <Delay = 6.19>
ST_5 : Operation 271 [1/1] (0.00ns)   --->   "%r_0_in_i_cast1 = sext i12 %r_0_in_i" [C:/github/zybo_z7_cam_rpi_v2_5mp_hdmi/zybo_z7_imx219/zybo_z7_imx219.runs/design_1_v_demosaic_0_0_synth_1/prj/sol/.autopilot/db/v_demosaic.cpp:1034->C:/github/zybo_z7_cam_rpi_v2_5mp_hdmi/zybo_z7_imx219/zybo_z7_imx219.runs/design_1_v_demosaic_0_0_synth_1/prj/sol/.autopilot/db/v_demosaic.cpp:1073]   --->   Operation 271 'sext' 'r_0_in_i_cast1' <Predicate = (!icmp_ln1014)> <Delay = 0.00>
ST_5 : Operation 272 [1/1] (0.00ns)   --->   "%sext_ln1048 = sext i12 %b_0_in_i" [C:/github/zybo_z7_cam_rpi_v2_5mp_hdmi/zybo_z7_imx219/zybo_z7_imx219.runs/design_1_v_demosaic_0_0_synth_1/prj/sol/.autopilot/db/v_demosaic.cpp:1048->C:/github/zybo_z7_cam_rpi_v2_5mp_hdmi/zybo_z7_imx219/zybo_z7_imx219.runs/design_1_v_demosaic_0_0_synth_1/prj/sol/.autopilot/db/v_demosaic.cpp:1073]   --->   Operation 272 'sext' 'sext_ln1048' <Predicate = (!icmp_ln1014)> <Delay = 0.00>
ST_5 : Operation 273 [1/1] (0.00ns) (grouped into LUT with out node phi_ln1048)   --->   "%trunc_ln1048 = trunc i12 %b_0_in_i" [C:/github/zybo_z7_cam_rpi_v2_5mp_hdmi/zybo_z7_imx219/zybo_z7_imx219.runs/design_1_v_demosaic_0_0_synth_1/prj/sol/.autopilot/db/v_demosaic.cpp:1048->C:/github/zybo_z7_cam_rpi_v2_5mp_hdmi/zybo_z7_imx219/zybo_z7_imx219.runs/design_1_v_demosaic_0_0_synth_1/prj/sol/.autopilot/db/v_demosaic.cpp:1073]   --->   Operation 273 'trunc' 'trunc_ln1048' <Predicate = (!icmp_ln1014)> <Delay = 0.00>
ST_5 : Operation 274 [1/1] (0.00ns) (grouped into LUT with out node phi_ln1046)   --->   "%trunc_ln1046 = trunc i12 %r_0_in_i" [C:/github/zybo_z7_cam_rpi_v2_5mp_hdmi/zybo_z7_imx219/zybo_z7_imx219.runs/design_1_v_demosaic_0_0_synth_1/prj/sol/.autopilot/db/v_demosaic.cpp:1046->C:/github/zybo_z7_cam_rpi_v2_5mp_hdmi/zybo_z7_imx219/zybo_z7_imx219.runs/design_1_v_demosaic_0_0_synth_1/prj/sol/.autopilot/db/v_demosaic.cpp:1073]   --->   Operation 274 'trunc' 'trunc_ln1046' <Predicate = (!icmp_ln1014)> <Delay = 0.00>
ST_5 : Operation 275 [1/1] (0.00ns)   --->   "%tmp_20 = bitselect i1 @_ssdm_op_BitSelect.i1.i14.i32, i14 %r_0_in_i_cast1, i32 13" [C:/github/zybo_z7_cam_rpi_v2_5mp_hdmi/zybo_z7_imx219/zybo_z7_imx219.runs/design_1_v_demosaic_0_0_synth_1/prj/sol/.autopilot/db/v_demosaic.cpp:1042->C:/github/zybo_z7_cam_rpi_v2_5mp_hdmi/zybo_z7_imx219/zybo_z7_imx219.runs/design_1_v_demosaic_0_0_synth_1/prj/sol/.autopilot/db/v_demosaic.cpp:1073]   --->   Operation 275 'bitselect' 'tmp_20' <Predicate = (!icmp_ln1014)> <Delay = 0.00>
ST_5 : Operation 276 [1/1] (1.56ns)   --->   "%icmp_ln1042 = icmp_eq  i2 %tmp_21, i2 1" [C:/github/zybo_z7_cam_rpi_v2_5mp_hdmi/zybo_z7_imx219/zybo_z7_imx219.runs/design_1_v_demosaic_0_0_synth_1/prj/sol/.autopilot/db/v_demosaic.cpp:1042->C:/github/zybo_z7_cam_rpi_v2_5mp_hdmi/zybo_z7_imx219/zybo_z7_imx219.runs/design_1_v_demosaic_0_0_synth_1/prj/sol/.autopilot/db/v_demosaic.cpp:1073]   --->   Operation 276 'icmp' 'icmp_ln1042' <Predicate = (!icmp_ln1014)> <Delay = 1.56> <CoreInst = "Cmp">   --->   Core 9 'Cmp' <Latency = 0> <II = 1> <Delay = 1.56> <FuncUnit> <Opcode : 'seteq' 'setne' 'setle' 'setge' 'setlt' 'setgt'> <InPorts = 2> <OutPorts = 1>
ST_5 : Operation 277 [1/1] (0.00ns) (grouped into LUT with out node phi_ln1046)   --->   "%xor_ln1046 = xor i1 %tmp_20, i1 1" [C:/github/zybo_z7_cam_rpi_v2_5mp_hdmi/zybo_z7_imx219/zybo_z7_imx219.runs/design_1_v_demosaic_0_0_synth_1/prj/sol/.autopilot/db/v_demosaic.cpp:1046->C:/github/zybo_z7_cam_rpi_v2_5mp_hdmi/zybo_z7_imx219/zybo_z7_imx219.runs/design_1_v_demosaic_0_0_synth_1/prj/sol/.autopilot/db/v_demosaic.cpp:1073]   --->   Operation 277 'xor' 'xor_ln1046' <Predicate = (!icmp_ln1014)> <Delay = 0.00> <CoreInst = "LogicGate">   --->   Core 74 'LogicGate' <Latency = 0> <II = 1> <Delay = 0.97> <FuncUnit> <Opcode : 'and' 'or' 'xor'> <InPorts = 2> <OutPorts = 1>
ST_5 : Operation 278 [1/1] (0.00ns) (grouped into LUT with out node phi_ln1046)   --->   "%select_ln1042 = select i1 %xor_ln1046, i10 1023, i10 0" [C:/github/zybo_z7_cam_rpi_v2_5mp_hdmi/zybo_z7_imx219/zybo_z7_imx219.runs/design_1_v_demosaic_0_0_synth_1/prj/sol/.autopilot/db/v_demosaic.cpp:1042->C:/github/zybo_z7_cam_rpi_v2_5mp_hdmi/zybo_z7_imx219/zybo_z7_imx219.runs/design_1_v_demosaic_0_0_synth_1/prj/sol/.autopilot/db/v_demosaic.cpp:1073]   --->   Operation 278 'select' 'select_ln1042' <Predicate = (!icmp_ln1014)> <Delay = 0.00> <CoreInst = "Sel">   --->   Core 73 'Sel' <Latency = 0> <II = 1> <Delay = 0.99> <FuncUnit> <Opcode : 'select'> <InPorts = 3> <OutPorts = 1>
ST_5 : Operation 279 [1/1] (0.00ns) (grouped into LUT with out node phi_ln1046)   --->   "%or_ln1042 = or i1 %tmp_20, i1 %icmp_ln1042" [C:/github/zybo_z7_cam_rpi_v2_5mp_hdmi/zybo_z7_imx219/zybo_z7_imx219.runs/design_1_v_demosaic_0_0_synth_1/prj/sol/.autopilot/db/v_demosaic.cpp:1042->C:/github/zybo_z7_cam_rpi_v2_5mp_hdmi/zybo_z7_imx219/zybo_z7_imx219.runs/design_1_v_demosaic_0_0_synth_1/prj/sol/.autopilot/db/v_demosaic.cpp:1073]   --->   Operation 279 'or' 'or_ln1042' <Predicate = (!icmp_ln1014)> <Delay = 0.00> <CoreInst = "LogicGate">   --->   Core 74 'LogicGate' <Latency = 0> <II = 1> <Delay = 0.97> <FuncUnit> <Opcode : 'and' 'or' 'xor'> <InPorts = 2> <OutPorts = 1>
ST_5 : Operation 280 [1/1] (0.00ns) (grouped into LUT with out node phi_ln1046)   --->   "%select_ln1046 = select i1 %or_ln1042, i10 %select_ln1042, i10 %trunc_ln1046" [C:/github/zybo_z7_cam_rpi_v2_5mp_hdmi/zybo_z7_imx219/zybo_z7_imx219.runs/design_1_v_demosaic_0_0_synth_1/prj/sol/.autopilot/db/v_demosaic.cpp:1046->C:/github/zybo_z7_cam_rpi_v2_5mp_hdmi/zybo_z7_imx219/zybo_z7_imx219.runs/design_1_v_demosaic_0_0_synth_1/prj/sol/.autopilot/db/v_demosaic.cpp:1073]   --->   Operation 280 'select' 'select_ln1046' <Predicate = (!icmp_ln1014)> <Delay = 0.00> <CoreInst = "Sel">   --->   Core 73 'Sel' <Latency = 0> <II = 1> <Delay = 0.68> <FuncUnit> <Opcode : 'select'> <InPorts = 3> <OutPorts = 1>
ST_5 : Operation 281 [1/1] (0.00ns)   --->   "%tmp_22 = bitselect i1 @_ssdm_op_BitSelect.i1.i14.i32, i14 %sext_ln1048, i32 13" [C:/github/zybo_z7_cam_rpi_v2_5mp_hdmi/zybo_z7_imx219/zybo_z7_imx219.runs/design_1_v_demosaic_0_0_synth_1/prj/sol/.autopilot/db/v_demosaic.cpp:1043->C:/github/zybo_z7_cam_rpi_v2_5mp_hdmi/zybo_z7_imx219/zybo_z7_imx219.runs/design_1_v_demosaic_0_0_synth_1/prj/sol/.autopilot/db/v_demosaic.cpp:1073]   --->   Operation 281 'bitselect' 'tmp_22' <Predicate = (!icmp_ln1014)> <Delay = 0.00>
ST_5 : Operation 282 [1/1] (1.56ns)   --->   "%icmp_ln1043 = icmp_eq  i2 %tmp_23, i2 1" [C:/github/zybo_z7_cam_rpi_v2_5mp_hdmi/zybo_z7_imx219/zybo_z7_imx219.runs/design_1_v_demosaic_0_0_synth_1/prj/sol/.autopilot/db/v_demosaic.cpp:1043->C:/github/zybo_z7_cam_rpi_v2_5mp_hdmi/zybo_z7_imx219/zybo_z7_imx219.runs/design_1_v_demosaic_0_0_synth_1/prj/sol/.autopilot/db/v_demosaic.cpp:1073]   --->   Operation 282 'icmp' 'icmp_ln1043' <Predicate = (!icmp_ln1014)> <Delay = 1.56> <CoreInst = "Cmp">   --->   Core 9 'Cmp' <Latency = 0> <II = 1> <Delay = 1.56> <FuncUnit> <Opcode : 'seteq' 'setne' 'setle' 'setge' 'setlt' 'setgt'> <InPorts = 2> <OutPorts = 1>
ST_5 : Operation 283 [1/1] (0.00ns) (grouped into LUT with out node phi_ln1048)   --->   "%xor_ln1048 = xor i1 %tmp_22, i1 1" [C:/github/zybo_z7_cam_rpi_v2_5mp_hdmi/zybo_z7_imx219/zybo_z7_imx219.runs/design_1_v_demosaic_0_0_synth_1/prj/sol/.autopilot/db/v_demosaic.cpp:1048->C:/github/zybo_z7_cam_rpi_v2_5mp_hdmi/zybo_z7_imx219/zybo_z7_imx219.runs/design_1_v_demosaic_0_0_synth_1/prj/sol/.autopilot/db/v_demosaic.cpp:1073]   --->   Operation 283 'xor' 'xor_ln1048' <Predicate = (!icmp_ln1014)> <Delay = 0.00> <CoreInst = "LogicGate">   --->   Core 74 'LogicGate' <Latency = 0> <II = 1> <Delay = 0.97> <FuncUnit> <Opcode : 'and' 'or' 'xor'> <InPorts = 2> <OutPorts = 1>
ST_5 : Operation 284 [1/1] (0.00ns) (grouped into LUT with out node phi_ln1048)   --->   "%select_ln1043 = select i1 %xor_ln1048, i10 1023, i10 0" [C:/github/zybo_z7_cam_rpi_v2_5mp_hdmi/zybo_z7_imx219/zybo_z7_imx219.runs/design_1_v_demosaic_0_0_synth_1/prj/sol/.autopilot/db/v_demosaic.cpp:1043->C:/github/zybo_z7_cam_rpi_v2_5mp_hdmi/zybo_z7_imx219/zybo_z7_imx219.runs/design_1_v_demosaic_0_0_synth_1/prj/sol/.autopilot/db/v_demosaic.cpp:1073]   --->   Operation 284 'select' 'select_ln1043' <Predicate = (!icmp_ln1014)> <Delay = 0.00> <CoreInst = "Sel">   --->   Core 73 'Sel' <Latency = 0> <II = 1> <Delay = 0.99> <FuncUnit> <Opcode : 'select'> <InPorts = 3> <OutPorts = 1>
ST_5 : Operation 285 [1/1] (0.00ns) (grouped into LUT with out node phi_ln1048)   --->   "%or_ln1043 = or i1 %tmp_22, i1 %icmp_ln1043" [C:/github/zybo_z7_cam_rpi_v2_5mp_hdmi/zybo_z7_imx219/zybo_z7_imx219.runs/design_1_v_demosaic_0_0_synth_1/prj/sol/.autopilot/db/v_demosaic.cpp:1043->C:/github/zybo_z7_cam_rpi_v2_5mp_hdmi/zybo_z7_imx219/zybo_z7_imx219.runs/design_1_v_demosaic_0_0_synth_1/prj/sol/.autopilot/db/v_demosaic.cpp:1073]   --->   Operation 285 'or' 'or_ln1043' <Predicate = (!icmp_ln1014)> <Delay = 0.00> <CoreInst = "LogicGate">   --->   Core 74 'LogicGate' <Latency = 0> <II = 1> <Delay = 0.97> <FuncUnit> <Opcode : 'and' 'or' 'xor'> <InPorts = 2> <OutPorts = 1>
ST_5 : Operation 286 [1/1] (0.00ns) (grouped into LUT with out node phi_ln1048)   --->   "%select_ln1048 = select i1 %or_ln1043, i10 %select_ln1043, i10 %trunc_ln1048" [C:/github/zybo_z7_cam_rpi_v2_5mp_hdmi/zybo_z7_imx219/zybo_z7_imx219.runs/design_1_v_demosaic_0_0_synth_1/prj/sol/.autopilot/db/v_demosaic.cpp:1048->C:/github/zybo_z7_cam_rpi_v2_5mp_hdmi/zybo_z7_imx219/zybo_z7_imx219.runs/design_1_v_demosaic_0_0_synth_1/prj/sol/.autopilot/db/v_demosaic.cpp:1073]   --->   Operation 286 'select' 'select_ln1048' <Predicate = (!icmp_ln1014)> <Delay = 0.00> <CoreInst = "Sel">   --->   Core 73 'Sel' <Latency = 0> <II = 1> <Delay = 0.68> <FuncUnit> <Opcode : 'select'> <InPorts = 3> <OutPorts = 1>
ST_5 : Operation 287 [1/1] (0.99ns) (out node of the LUT)   --->   "%phi_ln1046 = select i1 %icmp_ln1014, i10 %pix, i10 %select_ln1046" [C:/github/zybo_z7_cam_rpi_v2_5mp_hdmi/zybo_z7_imx219/zybo_z7_imx219.runs/design_1_v_demosaic_0_0_synth_1/prj/sol/.autopilot/db/v_demosaic.cpp:1014->C:/github/zybo_z7_cam_rpi_v2_5mp_hdmi/zybo_z7_imx219/zybo_z7_imx219.runs/design_1_v_demosaic_0_0_synth_1/prj/sol/.autopilot/db/v_demosaic.cpp:1073]   --->   Operation 287 'select' 'phi_ln1046' <Predicate = true> <Delay = 0.99> <CoreInst = "Sel">   --->   Core 73 'Sel' <Latency = 0> <II = 1> <Delay = 0.68> <FuncUnit> <Opcode : 'select'> <InPorts = 3> <OutPorts = 1>
ST_5 : Operation 288 [1/1] (0.99ns) (out node of the LUT)   --->   "%phi_ln1048 = select i1 %icmp_ln1014, i10 %pix_8, i10 %select_ln1048" [C:/github/zybo_z7_cam_rpi_v2_5mp_hdmi/zybo_z7_imx219/zybo_z7_imx219.runs/design_1_v_demosaic_0_0_synth_1/prj/sol/.autopilot/db/v_demosaic.cpp:1014->C:/github/zybo_z7_cam_rpi_v2_5mp_hdmi/zybo_z7_imx219/zybo_z7_imx219.runs/design_1_v_demosaic_0_0_synth_1/prj/sol/.autopilot/db/v_demosaic.cpp:1073]   --->   Operation 288 'select' 'phi_ln1048' <Predicate = true> <Delay = 0.99> <CoreInst = "Sel">   --->   Core 73 'Sel' <Latency = 0> <II = 1> <Delay = 0.68> <FuncUnit> <Opcode : 'select'> <InPorts = 3> <OutPorts = 1>
ST_5 : Operation 289 [1/1] (0.00ns)   --->   "%or_ln1054_3_i = bitconcatenate i30 @_ssdm_op_BitConcatenate.i30.i10.i10.i10, i10 %phi_ln1046, i10 %phi_ln1048, i10 %pix_7" [C:/github/zybo_z7_cam_rpi_v2_5mp_hdmi/zybo_z7_imx219/zybo_z7_imx219.runs/design_1_v_demosaic_0_0_synth_1/prj/sol/.autopilot/db/v_demosaic.cpp:1054->C:/github/zybo_z7_cam_rpi_v2_5mp_hdmi/zybo_z7_imx219/zybo_z7_imx219.runs/design_1_v_demosaic_0_0_synth_1/prj/sol/.autopilot/db/v_demosaic.cpp:1073]   --->   Operation 289 'bitconcatenate' 'or_ln1054_3_i' <Predicate = (and_ln1052)> <Delay = 0.00>
ST_5 : Operation 290 [1/1] ( I:3.63ns O:3.63ns )   --->   "%write_ln1054 = write void @_ssdm_op_Write.ap_fifo.volatile.i30P0A, i30 %imgRgb, i30 %or_ln1054_3_i" [C:/github/zybo_z7_cam_rpi_v2_5mp_hdmi/zybo_z7_imx219/zybo_z7_imx219.runs/design_1_v_demosaic_0_0_synth_1/prj/sol/.autopilot/db/v_demosaic.cpp:1054->C:/github/zybo_z7_cam_rpi_v2_5mp_hdmi/zybo_z7_imx219/zybo_z7_imx219.runs/design_1_v_demosaic_0_0_synth_1/prj/sol/.autopilot/db/v_demosaic.cpp:1073]   --->   Operation 290 'write' 'write_ln1054' <Predicate = (and_ln1052)> <Delay = 3.63> <CoreInst = "FIFO_SRL">   --->   Core 80 'FIFO_SRL' <Latency = 0> <II = 1> <Delay = 3.63> <Storage> <Opcode : 'read' 'write' 'nbread' 'nbwrite'> <Ports = 0> <Width = 30> <Depth = 2> <FIFO>
ST_5 : Operation 291 [1/1] (0.00ns)   --->   "%br_ln1055 = br void %for.inc483.i" [C:/github/zybo_z7_cam_rpi_v2_5mp_hdmi/zybo_z7_imx219/zybo_z7_imx219.runs/design_1_v_demosaic_0_0_synth_1/prj/sol/.autopilot/db/v_demosaic.cpp:1055->C:/github/zybo_z7_cam_rpi_v2_5mp_hdmi/zybo_z7_imx219/zybo_z7_imx219.runs/design_1_v_demosaic_0_0_synth_1/prj/sol/.autopilot/db/v_demosaic.cpp:1073]   --->   Operation 291 'br' 'br_ln1055' <Predicate = (and_ln1052)> <Delay = 0.00>


============================================================
+ Verbose Summary: Binding
============================================================
STG Binding: 
---------------- STG Properties BEGIN ----------------
- Is combinational: 0
- Is one-state seq: 0
- Is datapath-only: 0
- Is pipelined: 0
- Is top level: 0
Port [ Return ] is wired: 1; IO mode=ap_ctrl_hs:ce=0
Port [ p_0_0_01177_217791809_lcssa1845_i]:  wired=1; compound=0; hidden=0; nouse=0; global=0; static=0; extern=0; dir=0; type=0; pingpong=0; private_global=0; IO mode=ap_none:ce=0
Port [ p_0_0_01178_217771807_lcssa1843_i]:  wired=1; compound=0; hidden=0; nouse=0; global=0; static=0; extern=0; dir=0; type=0; pingpong=0; private_global=0; IO mode=ap_none:ce=0
Port [ p_0_0_01179_217751805_lcssa1841_i]:  wired=1; compound=0; hidden=0; nouse=0; global=0; static=0; extern=0; dir=0; type=0; pingpong=0; private_global=0; IO mode=ap_none:ce=0
Port [ p_0_2_0_0_011541802_lcssa1839_i]:  wired=1; compound=0; hidden=0; nouse=0; global=0; static=0; extern=0; dir=0; type=0; pingpong=0; private_global=0; IO mode=ap_none:ce=0
Port [ p_0_1_0_0_011531800_lcssa1837_i]:  wired=1; compound=0; hidden=0; nouse=0; global=0; static=0; extern=0; dir=0; type=0; pingpong=0; private_global=0; IO mode=ap_none:ce=0
Port [ p_0_0_0_0_011521798_lcssa1835_i]:  wired=1; compound=0; hidden=0; nouse=0; global=0; static=0; extern=0; dir=0; type=0; pingpong=0; private_global=0; IO mode=ap_none:ce=0
Port [ p_0_0_0116417851797_lcssa1833_i]:  wired=1; compound=0; hidden=0; nouse=0; global=0; static=0; extern=0; dir=0; type=0; pingpong=0; private_global=0; IO mode=ap_none:ce=0
Port [ p_0_0_0116517831795_lcssa1831_i]:  wired=1; compound=0; hidden=0; nouse=0; global=0; static=0; extern=0; dir=0; type=0; pingpong=0; private_global=0; IO mode=ap_none:ce=0
Port [ p_0_0_0116617811793_lcssa1829_i]:  wired=1; compound=0; hidden=0; nouse=0; global=0; static=0; extern=0; dir=0; type=0; pingpong=0; private_global=0; IO mode=ap_none:ce=0
Port [ p_0_2_0_0_011601709_lcssa1751_i]:  wired=1; compound=0; hidden=0; nouse=0; global=0; static=0; extern=0; dir=0; type=0; pingpong=0; private_global=0; IO mode=ap_none:ce=0
Port [ p_0_1_0_0_011591706_lcssa1749_i]:  wired=1; compound=0; hidden=0; nouse=0; global=0; static=0; extern=0; dir=0; type=0; pingpong=0; private_global=0; IO mode=ap_none:ce=0
Port [ p_0_0_0_0_011581703_lcssa1747_i]:  wired=1; compound=0; hidden=0; nouse=0; global=0; static=0; extern=0; dir=0; type=0; pingpong=0; private_global=0; IO mode=ap_none:ce=0
Port [ y]:  wired=1; compound=0; hidden=0; nouse=0; global=0; static=0; extern=0; dir=0; type=0; pingpong=0; private_global=0; IO mode=ap_none:ce=0
Port [ height_val4_load]:  wired=1; compound=0; hidden=0; nouse=0; global=0; static=0; extern=0; dir=0; type=0; pingpong=0; private_global=0; IO mode=ap_none:ce=0
Port [ loopWidth]:  wired=1; compound=0; hidden=0; nouse=0; global=0; static=0; extern=0; dir=0; type=0; pingpong=0; private_global=0; IO mode=ap_none:ce=0
Port [ empty]:  wired=1; compound=0; hidden=0; nouse=0; global=0; static=0; extern=0; dir=0; type=0; pingpong=0; private_global=0; IO mode=ap_none:ce=0
Port [ xor_ln1014_1]:  wired=1; compound=0; hidden=0; nouse=0; global=0; static=0; extern=0; dir=0; type=0; pingpong=0; private_global=0; IO mode=ap_none:ce=0
Port [ width_val8_load]:  wired=1; compound=0; hidden=0; nouse=0; global=0; static=0; extern=0; dir=0; type=0; pingpong=0; private_global=0; IO mode=ap_none:ce=0
Port [ imgRB]:  wired=1; compound=1; hidden=0; nouse=0; global=0; static=0; extern=0; dir=0; type=3; pingpong=0; private_global=0; IO mode=ap_fifo:ce=0
Port [ imgRgb]:  wired=1; compound=1; hidden=0; nouse=0; global=0; static=0; extern=0; dir=1; type=3; pingpong=0; private_global=0; IO mode=ap_fifo:ce=0
Port [ p_0_0_01177_217791808_i_out]:  wired=1; compound=0; hidden=0; nouse=0; global=0; static=0; extern=0; dir=1; type=0; pingpong=0; private_global=0; IO mode=ap_vld:ce=0
Port [ p_0_0_01178_217771806_i_out]:  wired=1; compound=0; hidden=0; nouse=0; global=0; static=0; extern=0; dir=1; type=0; pingpong=0; private_global=0; IO mode=ap_vld:ce=0
Port [ p_0_0_01179_217751804_i_out]:  wired=1; compound=0; hidden=0; nouse=0; global=0; static=0; extern=0; dir=1; type=0; pingpong=0; private_global=0; IO mode=ap_vld:ce=0
Port [ right_2_out]:  wired=1; compound=0; hidden=0; nouse=0; global=0; static=0; extern=0; dir=1; type=0; pingpong=0; private_global=0; IO mode=ap_vld:ce=0
Port [ right_1_out]:  wired=1; compound=0; hidden=0; nouse=0; global=0; static=0; extern=0; dir=1; type=0; pingpong=0; private_global=0; IO mode=ap_vld:ce=0
Port [ right_out]:  wired=1; compound=0; hidden=0; nouse=0; global=0; static=0; extern=0; dir=1; type=0; pingpong=0; private_global=0; IO mode=ap_vld:ce=0
Port [ p_0_0_0116417851796_i_out]:  wired=1; compound=0; hidden=0; nouse=0; global=0; static=0; extern=0; dir=1; type=0; pingpong=0; private_global=0; IO mode=ap_vld:ce=0
Port [ p_0_0_0116517831794_i_out]:  wired=1; compound=0; hidden=0; nouse=0; global=0; static=0; extern=0; dir=1; type=0; pingpong=0; private_global=0; IO mode=ap_vld:ce=0
Port [ p_0_0_0116617811792_i_out]:  wired=1; compound=0; hidden=0; nouse=0; global=0; static=0; extern=0; dir=1; type=0; pingpong=0; private_global=0; IO mode=ap_vld:ce=0
Port [ p_0_2_0_0_011601711_i_out]:  wired=1; compound=0; hidden=0; nouse=0; global=0; static=0; extern=0; dir=1; type=0; pingpong=0; private_global=0; IO mode=ap_vld:ce=0
Port [ p_0_1_0_0_011591708_i_out]:  wired=1; compound=0; hidden=0; nouse=0; global=0; static=0; extern=0; dir=1; type=0; pingpong=0; private_global=0; IO mode=ap_vld:ce=0
Port [ p_0_0_0_0_011581705_i_out]:  wired=1; compound=0; hidden=0; nouse=0; global=0; static=0; extern=0; dir=1; type=0; pingpong=0; private_global=0; IO mode=ap_vld:ce=0
---------------- STG Properties END ------------------

---------------- Datapath Model BEGIN ----------------

<LifeTime>
<method=bitvector/>
x                                      (alloca           ) [ 010000]
p_0_0_0116617811792_i                  (alloca           ) [ 011000]
p_0_0_0116517831794_i                  (alloca           ) [ 011000]
p_0_0_0116417851796_i                  (alloca           ) [ 011100]
right                                  (alloca           ) [ 011100]
right_1                                (alloca           ) [ 011100]
right_2                                (alloca           ) [ 011100]
p_0_0_01179_217751804_i                (alloca           ) [ 011000]
p_0_0_01178_217771806_i                (alloca           ) [ 011000]
p_0_0_01177_217791808_i                (alloca           ) [ 011100]
p_0_0_0_0_011581705_i                  (alloca           ) [ 011100]
p_0_1_0_0_011591708_i                  (alloca           ) [ 011100]
p_0_2_0_0_011601711_i                  (alloca           ) [ 011100]
specinterface_ln0                      (specinterface    ) [ 000000]
specinterface_ln0                      (specinterface    ) [ 000000]
width_val8_load_read                   (read             ) [ 000000]
xor_ln1014_1_read                      (read             ) [ 000000]
tmp                                    (read             ) [ 000000]
loopWidth_read                         (read             ) [ 000000]
height_val4_load_read                  (read             ) [ 000000]
y_read                                 (read             ) [ 000000]
p_0_0_0_0_011581703_lcssa1747_i_read   (read             ) [ 000000]
p_0_1_0_0_011591706_lcssa1749_i_read   (read             ) [ 000000]
p_0_2_0_0_011601709_lcssa1751_i_read   (read             ) [ 000000]
p_0_0_0116617811793_lcssa1829_i_read   (read             ) [ 000000]
p_0_0_0116517831795_lcssa1831_i_read   (read             ) [ 000000]
p_0_0_0116417851797_lcssa1833_i_read   (read             ) [ 000000]
p_0_0_0_0_011521798_lcssa1835_i_read   (read             ) [ 000000]
p_0_1_0_0_011531800_lcssa1837_i_read   (read             ) [ 000000]
p_0_2_0_0_011541802_lcssa1839_i_read   (read             ) [ 000000]
p_0_0_01179_217751805_lcssa1841_i_read (read             ) [ 000000]
p_0_0_01178_217771807_lcssa1843_i_read (read             ) [ 000000]
p_0_0_01177_217791809_lcssa1845_i_read (read             ) [ 000000]
lineBuffer_2                           (alloca           ) [ 000000]
lineBuffer                             (alloca           ) [ 000000]
icmp_ln911                             (icmp             ) [ 011111]
icmp_ln975                             (icmp             ) [ 011100]
store_ln0                              (store            ) [ 000000]
store_ln0                              (store            ) [ 000000]
store_ln0                              (store            ) [ 000000]
store_ln0                              (store            ) [ 000000]
store_ln0                              (store            ) [ 000000]
store_ln0                              (store            ) [ 000000]
store_ln1018                           (store            ) [ 000000]
store_ln1018                           (store            ) [ 000000]
store_ln1018                           (store            ) [ 000000]
store_ln0                              (store            ) [ 000000]
store_ln0                              (store            ) [ 000000]
store_ln0                              (store            ) [ 000000]
store_ln851                            (store            ) [ 000000]
br_ln881                               (br               ) [ 000000]
z                                      (load             ) [ 000000]
icmp_ln881                             (icmp             ) [ 011111]
x_8                                    (add              ) [ 000000]
br_ln881                               (br               ) [ 000000]
trunc_ln881                            (trunc            ) [ 000000]
specpipeline_ln884                     (specpipeline     ) [ 000000]
specloopname_ln881                     (specloopname     ) [ 000000]
zext_ln881                             (zext             ) [ 000000]
icmp_ln891                             (icmp             ) [ 011111]
br_ln891                               (br               ) [ 011100]
lineBuffer_addr                        (getelementptr    ) [ 011000]
lineBuffer_2_addr                      (getelementptr    ) [ 011100]
br_ln911                               (br               ) [ 011100]
br_ln925                               (br               ) [ 011100]
icmp_ln957                             (icmp             ) [ 011100]
xor_ln1014                             (xor              ) [ 000000]
xor_ln1014_2                           (xor              ) [ 000000]
zext_ln1014                            (zext             ) [ 000000]
icmp_ln1014                            (icmp             ) [ 011111]
icmp_ln1052                            (icmp             ) [ 000000]
and_ln1052                             (and              ) [ 011111]
br_ln1052                              (br               ) [ 000000]
store_ln851                            (store            ) [ 000000]
p_0_0_0116617811792_i_load             (load             ) [ 010110]
p_0_0_0116517831794_i_load             (load             ) [ 010110]
right_3                                (load             ) [ 010110]
right_4                                (load             ) [ 010110]
right_5                                (load             ) [ 010110]
p_0_0_01179_217751804_i_load           (load             ) [ 010110]
p_0_0_01178_217771806_i_load           (load             ) [ 010110]
LineBufVal                             (load             ) [ 000000]
trunc_ln902                            (trunc            ) [ 010100]
tmp_i                                  (partselect       ) [ 010100]
tmp_1_i                                (partselect       ) [ 010100]
LineBufVal_3                           (load             ) [ 000000]
trunc_ln902_1                          (trunc            ) [ 000000]
tmp_3_i                                (partselect       ) [ 000000]
tmp_4_i                                (partselect       ) [ 010100]
InPix                                  (read             ) [ 000000]
trunc_ln913                            (trunc            ) [ 000000]
trunc_ln913_2                          (partselect       ) [ 000000]
trunc_ln913_3                          (partselect       ) [ 010100]
store_ln812                            (store            ) [ 000000]
p_0_0_01178_21777_ph_i                 (phi              ) [ 011100]
p_0_0_01179_21775_ph_i                 (phi              ) [ 011000]
select_ln957_7                         (select           ) [ 010100]
select_ln957_8                         (select           ) [ 010100]
select_ln957_10                        (select           ) [ 010100]
select_ln957_11                        (select           ) [ 010100]
select_ln975                           (select           ) [ 010100]
store_ln913                            (store            ) [ 000000]
store_ln913                            (store            ) [ 000000]
store_ln1018                           (store            ) [ 000000]
store_ln1018                           (store            ) [ 000000]
store_ln1018                           (store            ) [ 000000]
store_ln902                            (store            ) [ 000000]
store_ln902                            (store            ) [ 000000]
p_0_0_0116417851796_i_load             (load             ) [ 010010]
p_0_0_01177_217791808_i_load           (load             ) [ 010010]
p_0_0_0_0_011581705_i_load             (load             ) [ 010010]
p_0_1_0_0_011591708_i_load             (load             ) [ 010010]
p_0_2_0_0_011601711_i_load             (load             ) [ 010010]
speclooptripcount_ln0                  (speclooptripcount) [ 000000]
p_0_0_01177_21779_ph_i                 (phi              ) [ 010100]
select_ln957                           (select           ) [ 000000]
select_ln957_1                         (select           ) [ 000000]
select_ln957_2                         (select           ) [ 000000]
select_ln957_3                         (select           ) [ 000000]
select_ln957_4                         (select           ) [ 000000]
select_ln957_5                         (select           ) [ 000000]
select_ln957_6                         (select           ) [ 000000]
select_ln957_9                         (select           ) [ 000000]
select_ln975_1                         (select           ) [ 000000]
select_ln975_2                         (select           ) [ 000000]
LineBufVal_4                           (bitconcatenate   ) [ 000000]
store_ln987                            (store            ) [ 000000]
store_ln913                            (store            ) [ 000000]
store_ln902                            (store            ) [ 000000]
br_ln989                               (br               ) [ 000000]
down_2                                 (phi              ) [ 011100]
down_1                                 (phi              ) [ 010100]
down                                   (phi              ) [ 010100]
left_2                                 (phi              ) [ 011100]
left_1                                 (phi              ) [ 011100]
left                                   (phi              ) [ 011100]
pix_8                                  (phi              ) [ 010111]
pix_7                                  (phi              ) [ 010111]
pix                                    (phi              ) [ 010111]
up_2                                   (phi              ) [ 011100]
up_1                                   (phi              ) [ 010100]
up                                     (phi              ) [ 010100]
right_load_1                           (load             ) [ 000000]
right_1_load_1                         (load             ) [ 000000]
right_2_load_1                         (load             ) [ 000000]
zext_ln1023                            (zext             ) [ 000000]
zext_ln1023_1                          (zext             ) [ 000000]
sub_ln1023                             (sub              ) [ 010010]
trunc_ln61                             (trunc            ) [ 010010]
sub_ln61                               (sub              ) [ 010010]
zext_ln1024                            (zext             ) [ 000000]
zext_ln1024_1                          (zext             ) [ 000000]
sub_ln1024                             (sub              ) [ 000000]
trunc_ln61_4                           (trunc            ) [ 000000]
tmp_11                                 (bitselect        ) [ 000000]
sub_ln61_4                             (sub              ) [ 000000]
DRv                                    (select           ) [ 000000]
zext_ln1025                            (zext             ) [ 000000]
zext_ln1025_1                          (zext             ) [ 000000]
sub_ln1025                             (sub              ) [ 010010]
trunc_ln61_5                           (trunc            ) [ 010010]
sub_ln61_5                             (sub              ) [ 010010]
zext_ln1026                            (zext             ) [ 000000]
zext_ln1026_1                          (zext             ) [ 000000]
sub_ln1026                             (sub              ) [ 000000]
trunc_ln61_6                           (trunc            ) [ 000000]
tmp_13                                 (bitselect        ) [ 000000]
sub_ln61_6                             (sub              ) [ 000000]
DGv                                    (select           ) [ 000000]
zext_ln1027                            (zext             ) [ 000000]
zext_ln1027_1                          (zext             ) [ 000000]
sub_ln1027                             (sub              ) [ 010010]
trunc_ln61_7                           (trunc            ) [ 010010]
zext_ln1028                            (zext             ) [ 000000]
zext_ln1028_1                          (zext             ) [ 000000]
sub_ln1028                             (sub              ) [ 010010]
trunc_ln61_8                           (trunc            ) [ 010010]
zext_ln1030_4                          (zext             ) [ 000000]
zext_ln1030_5                          (zext             ) [ 000000]
add_ln1030_2                           (add              ) [ 010010]
sub_ln1033                             (sub              ) [ 010010]
sub_ln1033_1                           (sub              ) [ 010010]
sub_ln1034                             (sub              ) [ 010010]
sub_ln1034_1                           (sub              ) [ 010010]
sub_ln1039                             (sub              ) [ 010010]
sub_ln1039_1                           (sub              ) [ 010010]
sub_ln1040                             (sub              ) [ 010010]
sub_ln1040_1                           (sub              ) [ 010010]
store_ln957                            (store            ) [ 000000]
store_ln957                            (store            ) [ 000000]
store_ln957                            (store            ) [ 000000]
br_ln881                               (br               ) [ 000000]
tmp_10                                 (bitselect        ) [ 000000]
DRh                                    (select           ) [ 000000]
tmp_12                                 (bitselect        ) [ 000000]
DGh                                    (select           ) [ 000000]
tmp_14                                 (bitselect        ) [ 000000]
sub_ln61_7                             (sub              ) [ 000000]
DBh                                    (select           ) [ 000000]
tmp_15                                 (bitselect        ) [ 000000]
sub_ln61_8                             (sub              ) [ 000000]
DBv                                    (select           ) [ 000000]
zext_ln1030                            (zext             ) [ 000000]
zext_ln1030_1                          (zext             ) [ 000000]
add_ln1030                             (add              ) [ 000000]
zext_ln1030_2                          (zext             ) [ 000000]
zext_ln1030_3                          (zext             ) [ 000000]
add_ln1030_1                           (add              ) [ 000000]
zext_ln1030_6                          (zext             ) [ 000000]
zext_ln1030_7                          (zext             ) [ 000000]
add_ln1030_3                           (add              ) [ 000000]
icmp_ln1030                            (icmp             ) [ 000000]
sext_ln1033                            (sext             ) [ 000000]
sext_ln1033_1                          (sext             ) [ 000000]
add_ln1033                             (add              ) [ 000000]
sext_ln1033_2                          (sext             ) [ 000000]
tmp_16                                 (bitselect        ) [ 000000]
sub_ln1033_2                           (sub              ) [ 000000]
lshr_ln1033_1_cast                     (partselect       ) [ 000000]
sub_ln1033_3                           (sub              ) [ 000000]
zext_ln                                (partselect       ) [ 000000]
select_ln1033                          (select           ) [ 000000]
zext_ln1034_1                          (zext             ) [ 000000]
sext_ln1034                            (sext             ) [ 000000]
sext_ln1034_1                          (sext             ) [ 000000]
add_ln1034                             (add              ) [ 000000]
sext_ln1034_2                          (sext             ) [ 000000]
tmp_17                                 (bitselect        ) [ 000000]
sub_ln1034_2                           (sub              ) [ 000000]
lshr_ln1034_1_cast                     (partselect       ) [ 000000]
sub_ln1034_3                           (sub              ) [ 000000]
zext_ln1                               (partselect       ) [ 000000]
select_ln1034                          (select           ) [ 000000]
sext_ln1039                            (sext             ) [ 000000]
sext_ln1039_1                          (sext             ) [ 000000]
add_ln1039                             (add              ) [ 000000]
sext_ln1039_2                          (sext             ) [ 000000]
tmp_18                                 (bitselect        ) [ 000000]
sub_ln1039_2                           (sub              ) [ 000000]
lshr_ln1039_1_cast                     (partselect       ) [ 000000]
sub_ln1039_3                           (sub              ) [ 000000]
zext_ln2                               (partselect       ) [ 000000]
select_ln1039                          (select           ) [ 000000]
sext_ln1040                            (sext             ) [ 000000]
sext_ln1040_1                          (sext             ) [ 000000]
add_ln1040                             (add              ) [ 000000]
sext_ln1040_2                          (sext             ) [ 000000]
tmp_19                                 (bitselect        ) [ 000000]
sub_ln1040_2                           (sub              ) [ 000000]
lshr_ln1040_1_cast                     (partselect       ) [ 000000]
sub_ln1040_3                           (sub              ) [ 000000]
zext_ln3                               (partselect       ) [ 000000]
select_ln1040                          (select           ) [ 000000]
r_0_in_i_v_v                           (select           ) [ 000000]
r_0_in_i_v_v_cast                      (sext             ) [ 000000]
r_0_in_i                               (sub              ) [ 010001]
b_0_in_i_v_v                           (select           ) [ 000000]
b_0_in_i_v_v_cast                      (sext             ) [ 000000]
b_0_in_i                               (sub              ) [ 010001]
tmp_21                                 (partselect       ) [ 010001]
tmp_23                                 (partselect       ) [ 010001]
r_0_in_i_cast1                         (sext             ) [ 000000]
sext_ln1048                            (sext             ) [ 000000]
trunc_ln1048                           (trunc            ) [ 000000]
trunc_ln1046                           (trunc            ) [ 000000]
tmp_20                                 (bitselect        ) [ 000000]
icmp_ln1042                            (icmp             ) [ 000000]
xor_ln1046                             (xor              ) [ 000000]
select_ln1042                          (select           ) [ 000000]
or_ln1042                              (or               ) [ 000000]
select_ln1046                          (select           ) [ 000000]
tmp_22                                 (bitselect        ) [ 000000]
icmp_ln1043                            (icmp             ) [ 000000]
xor_ln1048                             (xor              ) [ 000000]
select_ln1043                          (select           ) [ 000000]
or_ln1043                              (or               ) [ 000000]
select_ln1048                          (select           ) [ 000000]
phi_ln1046                             (select           ) [ 000000]
phi_ln1048                             (select           ) [ 000000]
or_ln1054_3_i                          (bitconcatenate   ) [ 000000]
write_ln1054                           (write            ) [ 000000]
br_ln1055                              (br               ) [ 000000]
store_ln0                              (store            ) [ 000000]
store_ln0                              (store            ) [ 000000]
store_ln0                              (store            ) [ 000000]
store_ln0                              (store            ) [ 000000]
store_ln0                              (store            ) [ 000000]
store_ln0                              (store            ) [ 000000]
store_ln0                              (store            ) [ 000000]
store_ln0                              (store            ) [ 000000]
store_ln0                              (store            ) [ 000000]
store_ln0                              (store            ) [ 000000]
store_ln0                              (store            ) [ 000000]
store_ln0                              (store            ) [ 000000]
ret_ln0                                (ret              ) [ 000000]
</LifeTime>

<model>

<comp_list>
<comp id="0" class="1000" name="p_0_0_01177_217791809_lcssa1845_i">
<pin_list>
<pin id="1" dir="1" index="0" bw="1" slack="0"/>
</pin_list>
<bind>
<StgValue><ssdm name="p_0_0_01177_217791809_lcssa1845_i"/></StgValue>
</bind>
</comp>

<comp id="2" class="1000" name="p_0_0_01178_217771807_lcssa1843_i">
<pin_list>
<pin id="3" dir="1" index="0" bw="1" slack="0"/>
</pin_list>
<bind>
<StgValue><ssdm name="p_0_0_01178_217771807_lcssa1843_i"/></StgValue>
</bind>
</comp>

<comp id="4" class="1000" name="p_0_0_01179_217751805_lcssa1841_i">
<pin_list>
<pin id="5" dir="1" index="0" bw="1" slack="0"/>
</pin_list>
<bind>
<StgValue><ssdm name="p_0_0_01179_217751805_lcssa1841_i"/></StgValue>
</bind>
</comp>

<comp id="6" class="1000" name="p_0_2_0_0_011541802_lcssa1839_i">
<pin_list>
<pin id="7" dir="1" index="0" bw="1" slack="0"/>
</pin_list>
<bind>
<StgValue><ssdm name="p_0_2_0_0_011541802_lcssa1839_i"/></StgValue>
</bind>
</comp>

<comp id="8" class="1000" name="p_0_1_0_0_011531800_lcssa1837_i">
<pin_list>
<pin id="9" dir="1" index="0" bw="1" slack="0"/>
</pin_list>
<bind>
<StgValue><ssdm name="p_0_1_0_0_011531800_lcssa1837_i"/></StgValue>
</bind>
</comp>

<comp id="10" class="1000" name="p_0_0_0_0_011521798_lcssa1835_i">
<pin_list>
<pin id="11" dir="1" index="0" bw="1" slack="0"/>
</pin_list>
<bind>
<StgValue><ssdm name="p_0_0_0_0_011521798_lcssa1835_i"/></StgValue>
</bind>
</comp>

<comp id="12" class="1000" name="p_0_0_0116417851797_lcssa1833_i">
<pin_list>
<pin id="13" dir="1" index="0" bw="1" slack="0"/>
</pin_list>
<bind>
<StgValue><ssdm name="p_0_0_0116417851797_lcssa1833_i"/></StgValue>
</bind>
</comp>

<comp id="14" class="1000" name="p_0_0_0116517831795_lcssa1831_i">
<pin_list>
<pin id="15" dir="1" index="0" bw="1" slack="0"/>
</pin_list>
<bind>
<StgValue><ssdm name="p_0_0_0116517831795_lcssa1831_i"/></StgValue>
</bind>
</comp>

<comp id="16" class="1000" name="p_0_0_0116617811793_lcssa1829_i">
<pin_list>
<pin id="17" dir="1" index="0" bw="1" slack="0"/>
</pin_list>
<bind>
<StgValue><ssdm name="p_0_0_0116617811793_lcssa1829_i"/></StgValue>
</bind>
</comp>

<comp id="18" class="1000" name="p_0_2_0_0_011601709_lcssa1751_i">
<pin_list>
<pin id="19" dir="1" index="0" bw="1" slack="0"/>
</pin_list>
<bind>
<StgValue><ssdm name="p_0_2_0_0_011601709_lcssa1751_i"/></StgValue>
</bind>
</comp>

<comp id="20" class="1000" name="p_0_1_0_0_011591706_lcssa1749_i">
<pin_list>
<pin id="21" dir="1" index="0" bw="1" slack="0"/>
</pin_list>
<bind>
<StgValue><ssdm name="p_0_1_0_0_011591706_lcssa1749_i"/></StgValue>
</bind>
</comp>

<comp id="22" class="1000" name="p_0_0_0_0_011581703_lcssa1747_i">
<pin_list>
<pin id="23" dir="1" index="0" bw="1" slack="0"/>
</pin_list>
<bind>
<StgValue><ssdm name="p_0_0_0_0_011581703_lcssa1747_i"/></StgValue>
</bind>
</comp>

<comp id="24" class="1000" name="y">
<pin_list>
<pin id="25" dir="1" index="0" bw="1" slack="0"/>
</pin_list>
<bind>
<StgValue><ssdm name="y"/></StgValue>
</bind>
</comp>

<comp id="26" class="1000" name="height_val4_load">
<pin_list>
<pin id="27" dir="1" index="0" bw="1" slack="0"/>
</pin_list>
<bind>
<StgValue><ssdm name="height_val4_load"/></StgValue>
</bind>
</comp>

<comp id="28" class="1000" name="loopWidth">
<pin_list>
<pin id="29" dir="1" index="0" bw="1" slack="0"/>
</pin_list>
<bind>
<StgValue><ssdm name="loopWidth"/></StgValue>
</bind>
</comp>

<comp id="30" class="1000" name="empty">
<pin_list>
<pin id="31" dir="1" index="0" bw="1" slack="0"/>
</pin_list>
<bind>
<StgValue><ssdm name="empty"/></StgValue>
</bind>
</comp>

<comp id="32" class="1000" name="xor_ln1014_1">
<pin_list>
<pin id="33" dir="1" index="0" bw="1" slack="0"/>
</pin_list>
<bind>
<StgValue><ssdm name="xor_ln1014_1"/></StgValue>
</bind>
</comp>

<comp id="34" class="1000" name="width_val8_load">
<pin_list>
<pin id="35" dir="1" index="0" bw="1" slack="0"/>
</pin_list>
<bind>
<StgValue><ssdm name="width_val8_load"/></StgValue>
</bind>
</comp>

<comp id="36" class="1000" name="imgRB">
<pin_list>
<pin id="37" dir="1" index="0" bw="1" slack="0"/>
</pin_list>
<bind>
<StgValue><ssdm name="imgRB"/></StgValue>
</bind>
</comp>

<comp id="38" class="1000" name="imgRgb">
<pin_list>
<pin id="39" dir="1" index="0" bw="1" slack="0"/>
</pin_list>
<bind>
<StgValue><ssdm name="imgRgb"/></StgValue>
</bind>
</comp>

<comp id="40" class="1000" name="p_0_0_01177_217791808_i_out">
<pin_list>
<pin id="41" dir="1" index="0" bw="1" slack="0"/>
</pin_list>
<bind>
<StgValue><ssdm name="p_0_0_01177_217791808_i_out"/></StgValue>
</bind>
</comp>

<comp id="42" class="1000" name="p_0_0_01178_217771806_i_out">
<pin_list>
<pin id="43" dir="1" index="0" bw="1" slack="0"/>
</pin_list>
<bind>
<StgValue><ssdm name="p_0_0_01178_217771806_i_out"/></StgValue>
</bind>
</comp>

<comp id="44" class="1000" name="p_0_0_01179_217751804_i_out">
<pin_list>
<pin id="45" dir="1" index="0" bw="1" slack="0"/>
</pin_list>
<bind>
<StgValue><ssdm name="p_0_0_01179_217751804_i_out"/></StgValue>
</bind>
</comp>

<comp id="46" class="1000" name="right_2_out">
<pin_list>
<pin id="47" dir="1" index="0" bw="1" slack="0"/>
</pin_list>
<bind>
<StgValue><ssdm name="right_2_out"/></StgValue>
</bind>
</comp>

<comp id="48" class="1000" name="right_1_out">
<pin_list>
<pin id="49" dir="1" index="0" bw="1" slack="0"/>
</pin_list>
<bind>
<StgValue><ssdm name="right_1_out"/></StgValue>
</bind>
</comp>

<comp id="50" class="1000" name="right_out">
<pin_list>
<pin id="51" dir="1" index="0" bw="1" slack="0"/>
</pin_list>
<bind>
<StgValue><ssdm name="right_out"/></StgValue>
</bind>
</comp>

<comp id="52" class="1000" name="p_0_0_0116417851796_i_out">
<pin_list>
<pin id="53" dir="1" index="0" bw="1" slack="0"/>
</pin_list>
<bind>
<StgValue><ssdm name="p_0_0_0116417851796_i_out"/></StgValue>
</bind>
</comp>

<comp id="54" class="1000" name="p_0_0_0116517831794_i_out">
<pin_list>
<pin id="55" dir="1" index="0" bw="1" slack="0"/>
</pin_list>
<bind>
<StgValue><ssdm name="p_0_0_0116517831794_i_out"/></StgValue>
</bind>
</comp>

<comp id="56" class="1000" name="p_0_0_0116617811792_i_out">
<pin_list>
<pin id="57" dir="1" index="0" bw="1" slack="0"/>
</pin_list>
<bind>
<StgValue><ssdm name="p_0_0_0116617811792_i_out"/></StgValue>
</bind>
</comp>

<comp id="58" class="1000" name="p_0_2_0_0_011601711_i_out">
<pin_list>
<pin id="59" dir="1" index="0" bw="1" slack="0"/>
</pin_list>
<bind>
<StgValue><ssdm name="p_0_2_0_0_011601711_i_out"/></StgValue>
</bind>
</comp>

<comp id="60" class="1000" name="p_0_1_0_0_011591708_i_out">
<pin_list>
<pin id="61" dir="1" index="0" bw="1" slack="0"/>
</pin_list>
<bind>
<StgValue><ssdm name="p_0_1_0_0_011591708_i_out"/></StgValue>
</bind>
</comp>

<comp id="62" class="1000" name="p_0_0_0_0_011581705_i_out">
<pin_list>
<pin id="63" dir="1" index="0" bw="1" slack="0"/>
</pin_list>
<bind>
<StgValue><ssdm name="p_0_0_0_0_011581705_i_out"/></StgValue>
</bind>
</comp>

<comp id="64" class="1001" name="const_64">
<pin_list>
<pin id="65" dir="1" index="0" bw="1" slack="0"/>
</pin_list>
<bind>
<StgValue><ssdm name=""/></StgValue>
</bind>
</comp>

<comp id="66" class="1001" name="const_66">
<pin_list>
<pin id="67" dir="1" index="0" bw="1" slack="2147483647"/>
</pin_list>
<bind>
<StgValue><ssdm name="_ssdm_op_SpecInterface"/></StgValue>
</bind>
</comp>

<comp id="68" class="1001" name="const_68">
<pin_list>
<pin id="69" dir="1" index="0" bw="1" slack="2147483647"/>
</pin_list>
<bind>
<StgValue><ssdm name="empty_20"/></StgValue>
</bind>
</comp>

<comp id="70" class="1001" name="const_70">
<pin_list>
<pin id="71" dir="1" index="0" bw="1" slack="2147483647"/>
</pin_list>
<bind>
<StgValue><ssdm name=""/></StgValue>
</bind>
</comp>

<comp id="72" class="1001" name="const_72">
<pin_list>
<pin id="73" dir="1" index="0" bw="1" slack="2147483647"/>
</pin_list>
<bind>
<StgValue><ssdm name="empty_14"/></StgValue>
</bind>
</comp>

<comp id="74" class="1001" name="const_74">
<pin_list>
<pin id="75" dir="1" index="0" bw="1" slack="2147483647"/>
</pin_list>
<bind>
<StgValue><ssdm name=""/></StgValue>
</bind>
</comp>

<comp id="76" class="1001" name="const_76">
<pin_list>
<pin id="77" dir="1" index="0" bw="1" slack="0"/>
</pin_list>
<bind>
<StgValue><ssdm name="_ssdm_op_Read.ap_auto.i11"/></StgValue>
</bind>
</comp>

<comp id="78" class="1001" name="const_78">
<pin_list>
<pin id="79" dir="1" index="0" bw="1" slack="0"/>
</pin_list>
<bind>
<StgValue><ssdm name="_ssdm_op_Read.ap_auto.i15"/></StgValue>
</bind>
</comp>

<comp id="80" class="1001" name="const_80">
<pin_list>
<pin id="81" dir="1" index="0" bw="1" slack="0"/>
</pin_list>
<bind>
<StgValue><ssdm name="_ssdm_op_Read.ap_auto.i1"/></StgValue>
</bind>
</comp>

<comp id="82" class="1001" name="const_82">
<pin_list>
<pin id="83" dir="1" index="0" bw="1" slack="0"/>
</pin_list>
<bind>
<StgValue><ssdm name="_ssdm_op_Read.ap_auto.i10"/></StgValue>
</bind>
</comp>

<comp id="84" class="1001" name="const_84">
<pin_list>
<pin id="85" dir="1" index="0" bw="1" slack="0"/>
</pin_list>
<bind>
<StgValue><ssdm name=""/></StgValue>
</bind>
</comp>

<comp id="86" class="1001" name="const_86">
<pin_list>
<pin id="87" dir="1" index="0" bw="1" slack="0"/>
</pin_list>
<bind>
<StgValue><ssdm name=""/></StgValue>
</bind>
</comp>

<comp id="88" class="1001" name="const_88">
<pin_list>
<pin id="89" dir="1" index="0" bw="1" slack="0"/>
</pin_list>
<bind>
<StgValue><ssdm name=""/></StgValue>
</bind>
</comp>

<comp id="90" class="1001" name="const_90">
<pin_list>
<pin id="91" dir="1" index="0" bw="1" slack="2147483647"/>
</pin_list>
<bind>
<StgValue><ssdm name="_ssdm_op_SpecPipeline"/></StgValue>
</bind>
</comp>

<comp id="92" class="1001" name="const_92">
<pin_list>
<pin id="93" dir="1" index="0" bw="1" slack="2147483647"/>
</pin_list>
<bind>
<StgValue><ssdm name="_ssdm_op_SpecLoopName"/></StgValue>
</bind>
</comp>

<comp id="94" class="1001" name="const_94">
<pin_list>
<pin id="95" dir="1" index="0" bw="1" slack="2147483647"/>
</pin_list>
<bind>
<StgValue><ssdm name="empty_10"/></StgValue>
</bind>
</comp>

<comp id="96" class="1001" name="const_96">
<pin_list>
<pin id="97" dir="1" index="0" bw="1" slack="0"/>
</pin_list>
<bind>
<StgValue><ssdm name=""/></StgValue>
</bind>
</comp>

<comp id="98" class="1001" name="const_98">
<pin_list>
<pin id="99" dir="1" index="0" bw="1" slack="0"/>
</pin_list>
<bind>
<StgValue><ssdm name=""/></StgValue>
</bind>
</comp>

<comp id="100" class="1001" name="const_100">
<pin_list>
<pin id="101" dir="1" index="0" bw="1" slack="0"/>
</pin_list>
<bind>
<StgValue><ssdm name="_ssdm_op_PartSelect.i10.i30.i32"/></StgValue>
</bind>
</comp>

<comp id="102" class="1001" name="const_102">
<pin_list>
<pin id="103" dir="1" index="0" bw="1" slack="0"/>
</pin_list>
<bind>
<StgValue><ssdm name=""/></StgValue>
</bind>
</comp>

<comp id="104" class="1001" name="const_104">
<pin_list>
<pin id="105" dir="1" index="0" bw="1" slack="0"/>
</pin_list>
<bind>
<StgValue><ssdm name=""/></StgValue>
</bind>
</comp>

<comp id="106" class="1001" name="const_106">
<pin_list>
<pin id="107" dir="1" index="0" bw="1" slack="0"/>
</pin_list>
<bind>
<StgValue><ssdm name="_ssdm_op_Read.ap_fifo.volatile.i30P0A"/></StgValue>
</bind>
</comp>

<comp id="108" class="1001" name="const_108">
<pin_list>
<pin id="109" dir="1" index="0" bw="1" slack="0"/>
</pin_list>
<bind>
<StgValue><ssdm name="_ssdm_op_PartSelect.i10.i30.i32.i32"/></StgValue>
</bind>
</comp>

<comp id="110" class="1001" name="const_110">
<pin_list>
<pin id="111" dir="1" index="0" bw="1" slack="0"/>
</pin_list>
<bind>
<StgValue><ssdm name=""/></StgValue>
</bind>
</comp>

<comp id="112" class="1001" name="const_112">
<pin_list>
<pin id="113" dir="1" index="0" bw="1" slack="0"/>
</pin_list>
<bind>
<StgValue><ssdm name=""/></StgValue>
</bind>
</comp>

<comp id="114" class="1001" name="const_114">
<pin_list>
<pin id="115" dir="1" index="0" bw="1" slack="2147483647"/>
</pin_list>
<bind>
<StgValue><ssdm name="_ssdm_op_SpecLoopTripCount"/></StgValue>
</bind>
</comp>

<comp id="116" class="1001" name="const_116">
<pin_list>
<pin id="117" dir="1" index="0" bw="1" slack="2147483647"/>
</pin_list>
<bind>
<StgValue><ssdm name=""/></StgValue>
</bind>
</comp>

<comp id="118" class="1001" name="const_118">
<pin_list>
<pin id="119" dir="1" index="0" bw="1" slack="0"/>
</pin_list>
<bind>
<StgValue><ssdm name="_ssdm_op_BitConcatenate.i30.i10.i10.i10"/></StgValue>
</bind>
</comp>

<comp id="120" class="1001" name="const_120">
<pin_list>
<pin id="121" dir="1" index="0" bw="1" slack="0"/>
</pin_list>
<bind>
<StgValue><ssdm name=""/></StgValue>
</bind>
</comp>

<comp id="122" class="1001" name="const_122">
<pin_list>
<pin id="123" dir="1" index="0" bw="1" slack="0"/>
</pin_list>
<bind>
<StgValue><ssdm name="_ssdm_op_BitSelect.i1.i11.i32"/></StgValue>
</bind>
</comp>

<comp id="124" class="1001" name="const_124">
<pin_list>
<pin id="125" dir="1" index="0" bw="1" slack="0"/>
</pin_list>
<bind>
<StgValue><ssdm name="_ssdm_op_BitSelect.i1.i12.i32"/></StgValue>
</bind>
</comp>

<comp id="126" class="1001" name="const_126">
<pin_list>
<pin id="127" dir="1" index="0" bw="1" slack="0"/>
</pin_list>
<bind>
<StgValue><ssdm name=""/></StgValue>
</bind>
</comp>

<comp id="128" class="1001" name="const_128">
<pin_list>
<pin id="129" dir="1" index="0" bw="1" slack="0"/>
</pin_list>
<bind>
<StgValue><ssdm name=""/></StgValue>
</bind>
</comp>

<comp id="130" class="1001" name="const_130">
<pin_list>
<pin id="131" dir="1" index="0" bw="1" slack="0"/>
</pin_list>
<bind>
<StgValue><ssdm name="_ssdm_op_PartSelect.i11.i13.i32.i32"/></StgValue>
</bind>
</comp>

<comp id="132" class="1001" name="const_132">
<pin_list>
<pin id="133" dir="1" index="0" bw="1" slack="0"/>
</pin_list>
<bind>
<StgValue><ssdm name="_ssdm_op_PartSelect.i11.i12.i32.i32"/></StgValue>
</bind>
</comp>

<comp id="134" class="1001" name="const_134">
<pin_list>
<pin id="135" dir="1" index="0" bw="1" slack="0"/>
</pin_list>
<bind>
<StgValue><ssdm name="_ssdm_op_PartSelect.i2.i12.i32.i32"/></StgValue>
</bind>
</comp>

<comp id="136" class="1001" name="const_136">
<pin_list>
<pin id="137" dir="1" index="0" bw="1" slack="0"/>
</pin_list>
<bind>
<StgValue><ssdm name="_ssdm_op_BitSelect.i1.i14.i32"/></StgValue>
</bind>
</comp>

<comp id="138" class="1001" name="const_138">
<pin_list>
<pin id="139" dir="1" index="0" bw="1" slack="0"/>
</pin_list>
<bind>
<StgValue><ssdm name=""/></StgValue>
</bind>
</comp>

<comp id="140" class="1001" name="const_140">
<pin_list>
<pin id="141" dir="1" index="0" bw="1" slack="0"/>
</pin_list>
<bind>
<StgValue><ssdm name=""/></StgValue>
</bind>
</comp>

<comp id="142" class="1001" name="const_142">
<pin_list>
<pin id="143" dir="1" index="0" bw="1" slack="0"/>
</pin_list>
<bind>
<StgValue><ssdm name=""/></StgValue>
</bind>
</comp>

<comp id="144" class="1001" name="const_144">
<pin_list>
<pin id="145" dir="1" index="0" bw="1" slack="0"/>
</pin_list>
<bind>
<StgValue><ssdm name="_ssdm_op_Write.ap_fifo.volatile.i30P0A"/></StgValue>
</bind>
</comp>

<comp id="146" class="1004" name="x_fu_146">
<pin_list>
<pin id="147" dir="0" index="0" bw="1" slack="0"/>
<pin id="148" dir="1" index="1" bw="11" slack="0"/>
</pin_list>
<bind>
<opcode="alloca(26) " fcode="alloca"/>
<opset="x/1 "/>
</bind>
</comp>

<comp id="150" class="1004" name="p_0_0_0116617811792_i_fu_150">
<pin_list>
<pin id="151" dir="0" index="0" bw="1" slack="0"/>
<pin id="152" dir="1" index="1" bw="10" slack="0"/>
</pin_list>
<bind>
<opcode="alloca(26) " fcode="alloca"/>
<opset="p_0_0_0116617811792_i/1 "/>
</bind>
</comp>

<comp id="154" class="1004" name="p_0_0_0116517831794_i_fu_154">
<pin_list>
<pin id="155" dir="0" index="0" bw="1" slack="0"/>
<pin id="156" dir="1" index="1" bw="10" slack="0"/>
</pin_list>
<bind>
<opcode="alloca(26) " fcode="alloca"/>
<opset="p_0_0_0116517831794_i/1 "/>
</bind>
</comp>

<comp id="158" class="1004" name="p_0_0_0116417851796_i_fu_158">
<pin_list>
<pin id="159" dir="0" index="0" bw="1" slack="0"/>
<pin id="160" dir="1" index="1" bw="10" slack="0"/>
</pin_list>
<bind>
<opcode="alloca(26) " fcode="alloca"/>
<opset="p_0_0_0116417851796_i/1 "/>
</bind>
</comp>

<comp id="162" class="1004" name="right_fu_162">
<pin_list>
<pin id="163" dir="0" index="0" bw="1" slack="0"/>
<pin id="164" dir="1" index="1" bw="10" slack="0"/>
</pin_list>
<bind>
<opcode="alloca(26) " fcode="alloca"/>
<opset="right/1 "/>
</bind>
</comp>

<comp id="166" class="1004" name="right_1_fu_166">
<pin_list>
<pin id="167" dir="0" index="0" bw="1" slack="0"/>
<pin id="168" dir="1" index="1" bw="10" slack="0"/>
</pin_list>
<bind>
<opcode="alloca(26) " fcode="alloca"/>
<opset="right_1/1 "/>
</bind>
</comp>

<comp id="170" class="1004" name="right_2_fu_170">
<pin_list>
<pin id="171" dir="0" index="0" bw="1" slack="0"/>
<pin id="172" dir="1" index="1" bw="10" slack="0"/>
</pin_list>
<bind>
<opcode="alloca(26) " fcode="alloca"/>
<opset="right_2/1 "/>
</bind>
</comp>

<comp id="174" class="1004" name="p_0_0_01179_217751804_i_fu_174">
<pin_list>
<pin id="175" dir="0" index="0" bw="1" slack="0"/>
<pin id="176" dir="1" index="1" bw="10" slack="0"/>
</pin_list>
<bind>
<opcode="alloca(26) " fcode="alloca"/>
<opset="p_0_0_01179_217751804_i/1 "/>
</bind>
</comp>

<comp id="178" class="1004" name="p_0_0_01178_217771806_i_fu_178">
<pin_list>
<pin id="179" dir="0" index="0" bw="1" slack="0"/>
<pin id="180" dir="1" index="1" bw="10" slack="0"/>
</pin_list>
<bind>
<opcode="alloca(26) " fcode="alloca"/>
<opset="p_0_0_01178_217771806_i/1 "/>
</bind>
</comp>

<comp id="182" class="1004" name="p_0_0_01177_217791808_i_fu_182">
<pin_list>
<pin id="183" dir="0" index="0" bw="1" slack="0"/>
<pin id="184" dir="1" index="1" bw="10" slack="0"/>
</pin_list>
<bind>
<opcode="alloca(26) " fcode="alloca"/>
<opset="p_0_0_01177_217791808_i/1 "/>
</bind>
</comp>

<comp id="186" class="1004" name="p_0_0_0_0_011581705_i_fu_186">
<pin_list>
<pin id="187" dir="0" index="0" bw="1" slack="0"/>
<pin id="188" dir="1" index="1" bw="10" slack="0"/>
</pin_list>
<bind>
<opcode="alloca(26) " fcode="alloca"/>
<opset="p_0_0_0_0_011581705_i/1 "/>
</bind>
</comp>

<comp id="190" class="1004" name="p_0_1_0_0_011591708_i_fu_190">
<pin_list>
<pin id="191" dir="0" index="0" bw="1" slack="0"/>
<pin id="192" dir="1" index="1" bw="10" slack="0"/>
</pin_list>
<bind>
<opcode="alloca(26) " fcode="alloca"/>
<opset="p_0_1_0_0_011591708_i/1 "/>
</bind>
</comp>

<comp id="194" class="1004" name="p_0_2_0_0_011601711_i_fu_194">
<pin_list>
<pin id="195" dir="0" index="0" bw="1" slack="0"/>
<pin id="196" dir="1" index="1" bw="10" slack="0"/>
</pin_list>
<bind>
<opcode="alloca(26) " fcode="alloca"/>
<opset="p_0_2_0_0_011601711_i/1 "/>
</bind>
</comp>

<comp id="198" class="1004" name="lineBuffer_2_alloca_fu_198">
<pin_list>
<pin id="199" dir="0" index="0" bw="1" slack="0"/>
<pin id="200" dir="1" index="1" bw="30" slack="0"/>
</pin_list>
<bind>
<opcode="alloca(26) " fcode="alloca"/>
<opset="lineBuffer_2/1 "/>
</bind>
</comp>

<comp id="202" class="1004" name="lineBuffer_alloca_fu_202">
<pin_list>
<pin id="203" dir="0" index="0" bw="1" slack="0"/>
<pin id="204" dir="1" index="1" bw="30" slack="0"/>
</pin_list>
<bind>
<opcode="alloca(26) " fcode="alloca"/>
<opset="lineBuffer/1 "/>
</bind>
</comp>

<comp id="206" class="1004" name="width_val8_load_read_read_fu_206">
<pin_list>
<pin id="207" dir="0" index="0" bw="11" slack="0"/>
<pin id="208" dir="0" index="1" bw="11" slack="0"/>
<pin id="209" dir="1" index="2" bw="11" slack="0"/>
</pin_list>
<bind>
<opcode="read(1150) " fcode="read"/>
<opset="width_val8_load_read/1 "/>
</bind>
</comp>

<comp id="212" class="1004" name="xor_ln1014_1_read_read_fu_212">
<pin_list>
<pin id="213" dir="0" index="0" bw="15" slack="0"/>
<pin id="214" dir="0" index="1" bw="15" slack="0"/>
<pin id="215" dir="1" index="2" bw="15" slack="0"/>
</pin_list>
<bind>
<opcode="read(1150) " fcode="read"/>
<opset="xor_ln1014_1_read/1 "/>
</bind>
</comp>

<comp id="218" class="1004" name="tmp_read_fu_218">
<pin_list>
<pin id="219" dir="0" index="0" bw="1" slack="0"/>
<pin id="220" dir="0" index="1" bw="1" slack="0"/>
<pin id="221" dir="1" index="2" bw="1" slack="0"/>
</pin_list>
<bind>
<opcode="read(1150) " fcode="read"/>
<opset="tmp/1 "/>
</bind>
</comp>

<comp id="224" class="1004" name="loopWidth_read_read_fu_224">
<pin_list>
<pin id="225" dir="0" index="0" bw="11" slack="0"/>
<pin id="226" dir="0" index="1" bw="11" slack="0"/>
<pin id="227" dir="1" index="2" bw="11" slack="0"/>
</pin_list>
<bind>
<opcode="read(1150) " fcode="read"/>
<opset="loopWidth_read/1 "/>
</bind>
</comp>

<comp id="230" class="1004" name="height_val4_load_read_read_fu_230">
<pin_list>
<pin id="231" dir="0" index="0" bw="11" slack="0"/>
<pin id="232" dir="0" index="1" bw="11" slack="0"/>
<pin id="233" dir="1" index="2" bw="11" slack="0"/>
</pin_list>
<bind>
<opcode="read(1150) " fcode="read"/>
<opset="height_val4_load_read/1 "/>
</bind>
</comp>

<comp id="236" class="1004" name="y_read_read_fu_236">
<pin_list>
<pin id="237" dir="0" index="0" bw="11" slack="0"/>
<pin id="238" dir="0" index="1" bw="11" slack="0"/>
<pin id="239" dir="1" index="2" bw="11" slack="0"/>
</pin_list>
<bind>
<opcode="read(1150) " fcode="read"/>
<opset="y_read/1 "/>
</bind>
</comp>

<comp id="242" class="1004" name="p_0_0_0_0_011581703_lcssa1747_i_read_read_fu_242">
<pin_list>
<pin id="243" dir="0" index="0" bw="10" slack="0"/>
<pin id="244" dir="0" index="1" bw="10" slack="0"/>
<pin id="245" dir="1" index="2" bw="10" slack="0"/>
</pin_list>
<bind>
<opcode="read(1150) " fcode="read"/>
<opset="p_0_0_0_0_011581703_lcssa1747_i_read/1 "/>
</bind>
</comp>

<comp id="248" class="1004" name="p_0_1_0_0_011591706_lcssa1749_i_read_read_fu_248">
<pin_list>
<pin id="249" dir="0" index="0" bw="10" slack="0"/>
<pin id="250" dir="0" index="1" bw="10" slack="0"/>
<pin id="251" dir="1" index="2" bw="10" slack="0"/>
</pin_list>
<bind>
<opcode="read(1150) " fcode="read"/>
<opset="p_0_1_0_0_011591706_lcssa1749_i_read/1 "/>
</bind>
</comp>

<comp id="254" class="1004" name="p_0_2_0_0_011601709_lcssa1751_i_read_read_fu_254">
<pin_list>
<pin id="255" dir="0" index="0" bw="10" slack="0"/>
<pin id="256" dir="0" index="1" bw="10" slack="0"/>
<pin id="257" dir="1" index="2" bw="10" slack="0"/>
</pin_list>
<bind>
<opcode="read(1150) " fcode="read"/>
<opset="p_0_2_0_0_011601709_lcssa1751_i_read/1 "/>
</bind>
</comp>

<comp id="260" class="1004" name="p_0_0_0116617811793_lcssa1829_i_read_read_fu_260">
<pin_list>
<pin id="261" dir="0" index="0" bw="10" slack="0"/>
<pin id="262" dir="0" index="1" bw="10" slack="0"/>
<pin id="263" dir="1" index="2" bw="10" slack="0"/>
</pin_list>
<bind>
<opcode="read(1150) " fcode="read"/>
<opset="p_0_0_0116617811793_lcssa1829_i_read/1 "/>
</bind>
</comp>

<comp id="266" class="1004" name="p_0_0_0116517831795_lcssa1831_i_read_read_fu_266">
<pin_list>
<pin id="267" dir="0" index="0" bw="10" slack="0"/>
<pin id="268" dir="0" index="1" bw="10" slack="0"/>
<pin id="269" dir="1" index="2" bw="10" slack="0"/>
</pin_list>
<bind>
<opcode="read(1150) " fcode="read"/>
<opset="p_0_0_0116517831795_lcssa1831_i_read/1 "/>
</bind>
</comp>

<comp id="272" class="1004" name="p_0_0_0116417851797_lcssa1833_i_read_read_fu_272">
<pin_list>
<pin id="273" dir="0" index="0" bw="10" slack="0"/>
<pin id="274" dir="0" index="1" bw="10" slack="0"/>
<pin id="275" dir="1" index="2" bw="10" slack="0"/>
</pin_list>
<bind>
<opcode="read(1150) " fcode="read"/>
<opset="p_0_0_0116417851797_lcssa1833_i_read/1 "/>
</bind>
</comp>

<comp id="278" class="1004" name="p_0_0_0_0_011521798_lcssa1835_i_read_read_fu_278">
<pin_list>
<pin id="279" dir="0" index="0" bw="10" slack="0"/>
<pin id="280" dir="0" index="1" bw="10" slack="0"/>
<pin id="281" dir="1" index="2" bw="10" slack="0"/>
</pin_list>
<bind>
<opcode="read(1150) " fcode="read"/>
<opset="p_0_0_0_0_011521798_lcssa1835_i_read/1 "/>
</bind>
</comp>

<comp id="284" class="1004" name="p_0_1_0_0_011531800_lcssa1837_i_read_read_fu_284">
<pin_list>
<pin id="285" dir="0" index="0" bw="10" slack="0"/>
<pin id="286" dir="0" index="1" bw="10" slack="0"/>
<pin id="287" dir="1" index="2" bw="10" slack="0"/>
</pin_list>
<bind>
<opcode="read(1150) " fcode="read"/>
<opset="p_0_1_0_0_011531800_lcssa1837_i_read/1 "/>
</bind>
</comp>

<comp id="290" class="1004" name="p_0_2_0_0_011541802_lcssa1839_i_read_read_fu_290">
<pin_list>
<pin id="291" dir="0" index="0" bw="10" slack="0"/>
<pin id="292" dir="0" index="1" bw="10" slack="0"/>
<pin id="293" dir="1" index="2" bw="10" slack="0"/>
</pin_list>
<bind>
<opcode="read(1150) " fcode="read"/>
<opset="p_0_2_0_0_011541802_lcssa1839_i_read/1 "/>
</bind>
</comp>

<comp id="296" class="1004" name="p_0_0_01179_217751805_lcssa1841_i_read_read_fu_296">
<pin_list>
<pin id="297" dir="0" index="0" bw="10" slack="0"/>
<pin id="298" dir="0" index="1" bw="10" slack="0"/>
<pin id="299" dir="1" index="2" bw="10" slack="0"/>
</pin_list>
<bind>
<opcode="read(1150) " fcode="read"/>
<opset="p_0_0_01179_217751805_lcssa1841_i_read/1 "/>
</bind>
</comp>

<comp id="302" class="1004" name="p_0_0_01178_217771807_lcssa1843_i_read_read_fu_302">
<pin_list>
<pin id="303" dir="0" index="0" bw="10" slack="0"/>
<pin id="304" dir="0" index="1" bw="10" slack="0"/>
<pin id="305" dir="1" index="2" bw="10" slack="0"/>
</pin_list>
<bind>
<opcode="read(1150) " fcode="read"/>
<opset="p_0_0_01178_217771807_lcssa1843_i_read/1 "/>
</bind>
</comp>

<comp id="308" class="1004" name="p_0_0_01177_217791809_lcssa1845_i_read_read_fu_308">
<pin_list>
<pin id="309" dir="0" index="0" bw="10" slack="0"/>
<pin id="310" dir="0" index="1" bw="10" slack="0"/>
<pin id="311" dir="1" index="2" bw="10" slack="0"/>
</pin_list>
<bind>
<opcode="read(1150) " fcode="read"/>
<opset="p_0_0_01177_217791809_lcssa1845_i_read/1 "/>
</bind>
</comp>

<comp id="314" class="1004" name="InPix_read_fu_314">
<pin_list>
<pin id="315" dir="0" index="0" bw="30" slack="0"/>
<pin id="316" dir="0" index="1" bw="30" slack="0"/>
<pin id="317" dir="1" index="2" bw="30" slack="0"/>
</pin_list>
<bind>
<opcode="read(1150) " fcode="read"/>
<opset="InPix/2 "/>
</bind>
</comp>

<comp id="320" class="1004" name="write_ln1054_write_fu_320">
<pin_list>
<pin id="321" dir="0" index="0" bw="0" slack="0"/>
<pin id="322" dir="0" index="1" bw="30" slack="0"/>
<pin id="323" dir="0" index="2" bw="30" slack="0"/>
<pin id="324" dir="1" index="3" bw="0" slack="2147483647"/>
</pin_list>
<bind>
<opcode="write(1151) " fcode="write"/>
<opset="write_ln1054/5 "/>
</bind>
</comp>

<comp id="327" class="1004" name="lineBuffer_addr_gep_fu_327">
<pin_list>
<pin id="328" dir="0" index="0" bw="30" slack="0"/>
<pin id="329" dir="0" index="1" bw="1" slack="0"/>
<pin id="330" dir="0" index="2" bw="11" slack="0"/>
<pin id="331" dir="1" index="3" bw="11" slack="0"/>
</pin_list>
<bind>
<opcode="getelementptr(29) " fcode="getelementptr"/>
<opset="lineBuffer_addr/1 "/>
</bind>
</comp>

<comp id="334" class="1004" name="grp_access_fu_334">
<pin_list>
<pin id="335" dir="0" index="0" bw="11" slack="1"/>
<pin id="336" dir="0" index="1" bw="30" slack="0"/>
<pin id="337" dir="0" index="2" bw="0" slack="0"/>
<pin id="339" dir="0" index="4" bw="11" slack="2147483647"/>
<pin id="340" dir="0" index="5" bw="30" slack="2147483647"/>
<pin id="341" dir="0" index="6" bw="0" slack="2147483647"/>
<pin id="338" dir="1" index="3" bw="30" slack="2147483647"/>
<pin id="342" dir="1" index="7" bw="30" slack="0"/>
</pin_list>
<bind>
<opcode="load(27) store(28) " fcode="store"/>
<opset="LineBufVal/1 store_ln812/2 "/>
</bind>
</comp>

<comp id="344" class="1004" name="lineBuffer_2_addr_gep_fu_344">
<pin_list>
<pin id="345" dir="0" index="0" bw="30" slack="0"/>
<pin id="346" dir="0" index="1" bw="1" slack="0"/>
<pin id="347" dir="0" index="2" bw="11" slack="0"/>
<pin id="348" dir="1" index="3" bw="11" slack="0"/>
</pin_list>
<bind>
<opcode="getelementptr(29) " fcode="getelementptr"/>
<opset="lineBuffer_2_addr/1 "/>
</bind>
</comp>

<comp id="351" class="1004" name="grp_access_fu_351">
<pin_list>
<pin id="352" dir="0" index="0" bw="11" slack="2"/>
<pin id="353" dir="0" index="1" bw="30" slack="0"/>
<pin id="354" dir="0" index="2" bw="0" slack="0"/>
<pin id="356" dir="0" index="4" bw="11" slack="2147483647"/>
<pin id="357" dir="0" index="5" bw="30" slack="2147483647"/>
<pin id="358" dir="0" index="6" bw="0" slack="2147483647"/>
<pin id="355" dir="1" index="3" bw="30" slack="2147483647"/>
<pin id="359" dir="1" index="7" bw="30" slack="0"/>
</pin_list>
<bind>
<opcode="load(27) store(28) " fcode="store"/>
<opset="LineBufVal_3/1 store_ln987/3 "/>
</bind>
</comp>

<comp id="362" class="1005" name="p_0_0_01178_21777_ph_i_reg_362">
<pin_list>
<pin id="363" dir="0" index="0" bw="10" slack="1"/>
<pin id="364" dir="1" index="1" bw="10" slack="1"/>
</pin_list>
<bind>
<opset="p_0_0_01178_21777_ph_i (phireg) "/>
</bind>
</comp>

<comp id="365" class="1004" name="p_0_0_01178_21777_ph_i_phi_fu_365">
<pin_list>
<pin id="366" dir="0" index="0" bw="10" slack="0"/>
<pin id="367" dir="0" index="1" bw="0" slack="2147483647"/>
<pin id="368" dir="0" index="2" bw="10" slack="0"/>
<pin id="369" dir="0" index="3" bw="0" slack="2147483647"/>
<pin id="370" dir="1" index="4" bw="10" slack="0"/>
</pin_list>
<bind>
<opcode="phi(47) " fcode="phi"/>
<opset="p_0_0_01178_21777_ph_i/2 "/>
</bind>
</comp>

<comp id="372" class="1005" name="p_0_0_01179_21775_ph_i_reg_372">
<pin_list>
<pin id="373" dir="0" index="0" bw="10" slack="2147483647"/>
<pin id="374" dir="1" index="1" bw="10" slack="2147483647"/>
</pin_list>
<bind>
<opset="p_0_0_01179_21775_ph_i (phireg) "/>
</bind>
</comp>

<comp id="375" class="1004" name="p_0_0_01179_21775_ph_i_phi_fu_375">
<pin_list>
<pin id="376" dir="0" index="0" bw="10" slack="0"/>
<pin id="377" dir="0" index="1" bw="0" slack="2147483647"/>
<pin id="378" dir="0" index="2" bw="10" slack="0"/>
<pin id="379" dir="0" index="3" bw="0" slack="2147483647"/>
<pin id="380" dir="1" index="4" bw="10" slack="0"/>
</pin_list>
<bind>
<opcode="phi(47) " fcode="phi"/>
<opset="p_0_0_01179_21775_ph_i/2 "/>
</bind>
</comp>

<comp id="381" class="1005" name="p_0_0_01177_21779_ph_i_reg_381">
<pin_list>
<pin id="382" dir="0" index="0" bw="10" slack="2147483647"/>
<pin id="383" dir="1" index="1" bw="10" slack="2147483647"/>
</pin_list>
<bind>
<opset="p_0_0_01177_21779_ph_i (phireg) "/>
</bind>
</comp>

<comp id="384" class="1004" name="p_0_0_01177_21779_ph_i_phi_fu_384">
<pin_list>
<pin id="385" dir="0" index="0" bw="10" slack="1"/>
<pin id="386" dir="0" index="1" bw="0" slack="2147483647"/>
<pin id="387" dir="0" index="2" bw="10" slack="1"/>
<pin id="388" dir="0" index="3" bw="0" slack="2147483647"/>
<pin id="389" dir="1" index="4" bw="10" slack="0"/>
</pin_list>
<bind>
<opcode="phi(47) " fcode="phi"/>
<opset="p_0_0_01177_21779_ph_i/3 "/>
</bind>
</comp>

<comp id="390" class="1005" name="down_2_reg_390">
<pin_list>
<pin id="391" dir="0" index="0" bw="10" slack="2147483647"/>
<pin id="392" dir="1" index="1" bw="10" slack="2147483647"/>
</pin_list>
<bind>
<opset="down_2 (phireg) "/>
</bind>
</comp>

<comp id="393" class="1004" name="down_2_phi_fu_393">
<pin_list>
<pin id="394" dir="0" index="0" bw="10" slack="0"/>
<pin id="395" dir="0" index="1" bw="0" slack="2147483647"/>
<pin id="396" dir="0" index="2" bw="10" slack="0"/>
<pin id="397" dir="0" index="3" bw="0" slack="2147483647"/>
<pin id="398" dir="1" index="4" bw="10" slack="0"/>
</pin_list>
<bind>
<opcode="phi(47) " fcode="phi"/>
<opset="down_2/3 "/>
</bind>
</comp>

<comp id="399" class="1005" name="down_1_reg_399">
<pin_list>
<pin id="400" dir="0" index="0" bw="10" slack="2147483647"/>
<pin id="401" dir="1" index="1" bw="10" slack="2147483647"/>
</pin_list>
<bind>
<opset="down_1 (phireg) "/>
</bind>
</comp>

<comp id="402" class="1004" name="down_1_phi_fu_402">
<pin_list>
<pin id="403" dir="0" index="0" bw="10" slack="1"/>
<pin id="404" dir="0" index="1" bw="0" slack="2147483647"/>
<pin id="405" dir="0" index="2" bw="10" slack="1"/>
<pin id="406" dir="0" index="3" bw="0" slack="2147483647"/>
<pin id="407" dir="1" index="4" bw="10" slack="0"/>
</pin_list>
<bind>
<opcode="phi(47) " fcode="phi"/>
<opset="down_1/3 "/>
</bind>
</comp>

<comp id="408" class="1005" name="down_reg_408">
<pin_list>
<pin id="409" dir="0" index="0" bw="10" slack="2147483647"/>
<pin id="410" dir="1" index="1" bw="10" slack="2147483647"/>
</pin_list>
<bind>
<opset="down (phireg) "/>
</bind>
</comp>

<comp id="411" class="1004" name="down_phi_fu_411">
<pin_list>
<pin id="412" dir="0" index="0" bw="10" slack="1"/>
<pin id="413" dir="0" index="1" bw="0" slack="2147483647"/>
<pin id="414" dir="0" index="2" bw="10" slack="1"/>
<pin id="415" dir="0" index="3" bw="0" slack="2147483647"/>
<pin id="416" dir="1" index="4" bw="10" slack="0"/>
</pin_list>
<bind>
<opcode="phi(47) " fcode="phi"/>
<opset="down/3 "/>
</bind>
</comp>

<comp id="417" class="1005" name="left_2_reg_417">
<pin_list>
<pin id="418" dir="0" index="0" bw="10" slack="2147483647"/>
<pin id="419" dir="1" index="1" bw="10" slack="2147483647"/>
</pin_list>
<bind>
<opset="left_2 (phireg) "/>
</bind>
</comp>

<comp id="420" class="1004" name="left_2_phi_fu_420">
<pin_list>
<pin id="421" dir="0" index="0" bw="10" slack="0"/>
<pin id="422" dir="0" index="1" bw="0" slack="2147483647"/>
<pin id="423" dir="0" index="2" bw="10" slack="0"/>
<pin id="424" dir="0" index="3" bw="0" slack="2147483647"/>
<pin id="425" dir="1" index="4" bw="10" slack="0"/>
</pin_list>
<bind>
<opcode="phi(47) " fcode="phi"/>
<opset="left_2/3 "/>
</bind>
</comp>

<comp id="426" class="1005" name="left_1_reg_426">
<pin_list>
<pin id="427" dir="0" index="0" bw="10" slack="2147483647"/>
<pin id="428" dir="1" index="1" bw="10" slack="2147483647"/>
</pin_list>
<bind>
<opset="left_1 (phireg) "/>
</bind>
</comp>

<comp id="429" class="1004" name="left_1_phi_fu_429">
<pin_list>
<pin id="430" dir="0" index="0" bw="10" slack="0"/>
<pin id="431" dir="0" index="1" bw="0" slack="2147483647"/>
<pin id="432" dir="0" index="2" bw="10" slack="0"/>
<pin id="433" dir="0" index="3" bw="0" slack="2147483647"/>
<pin id="434" dir="1" index="4" bw="10" slack="0"/>
</pin_list>
<bind>
<opcode="phi(47) " fcode="phi"/>
<opset="left_1/3 "/>
</bind>
</comp>

<comp id="435" class="1005" name="left_reg_435">
<pin_list>
<pin id="436" dir="0" index="0" bw="10" slack="2147483647"/>
<pin id="437" dir="1" index="1" bw="10" slack="2147483647"/>
</pin_list>
<bind>
<opset="left (phireg) "/>
</bind>
</comp>

<comp id="438" class="1004" name="left_phi_fu_438">
<pin_list>
<pin id="439" dir="0" index="0" bw="10" slack="0"/>
<pin id="440" dir="0" index="1" bw="0" slack="2147483647"/>
<pin id="441" dir="0" index="2" bw="10" slack="0"/>
<pin id="442" dir="0" index="3" bw="0" slack="2147483647"/>
<pin id="443" dir="1" index="4" bw="10" slack="0"/>
</pin_list>
<bind>
<opcode="phi(47) " fcode="phi"/>
<opset="left/3 "/>
</bind>
</comp>

<comp id="444" class="1005" name="pix_8_reg_444">
<pin_list>
<pin id="445" dir="0" index="0" bw="10" slack="2"/>
<pin id="446" dir="1" index="1" bw="10" slack="2"/>
</pin_list>
<bind>
<opset="pix_8 (phireg) "/>
</bind>
</comp>

<comp id="447" class="1004" name="pix_8_phi_fu_447">
<pin_list>
<pin id="448" dir="0" index="0" bw="10" slack="0"/>
<pin id="449" dir="0" index="1" bw="0" slack="2147483647"/>
<pin id="450" dir="0" index="2" bw="10" slack="1"/>
<pin id="451" dir="0" index="3" bw="0" slack="2147483647"/>
<pin id="452" dir="1" index="4" bw="10" slack="0"/>
</pin_list>
<bind>
<opcode="phi(47) " fcode="phi"/>
<opset="pix_8/3 "/>
</bind>
</comp>

<comp id="454" class="1005" name="pix_7_reg_454">
<pin_list>
<pin id="455" dir="0" index="0" bw="10" slack="1"/>
<pin id="456" dir="1" index="1" bw="10" slack="1"/>
</pin_list>
<bind>
<opset="pix_7 (phireg) "/>
</bind>
</comp>

<comp id="457" class="1004" name="pix_7_phi_fu_457">
<pin_list>
<pin id="458" dir="0" index="0" bw="10" slack="0"/>
<pin id="459" dir="0" index="1" bw="0" slack="2147483647"/>
<pin id="460" dir="0" index="2" bw="10" slack="1"/>
<pin id="461" dir="0" index="3" bw="0" slack="2147483647"/>
<pin id="462" dir="1" index="4" bw="10" slack="0"/>
</pin_list>
<bind>
<opcode="phi(47) " fcode="phi"/>
<opset="pix_7/3 "/>
</bind>
</comp>

<comp id="464" class="1005" name="pix_reg_464">
<pin_list>
<pin id="465" dir="0" index="0" bw="10" slack="2"/>
<pin id="466" dir="1" index="1" bw="10" slack="2"/>
</pin_list>
<bind>
<opset="pix (phireg) "/>
</bind>
</comp>

<comp id="467" class="1004" name="pix_phi_fu_467">
<pin_list>
<pin id="468" dir="0" index="0" bw="10" slack="0"/>
<pin id="469" dir="0" index="1" bw="0" slack="2147483647"/>
<pin id="470" dir="0" index="2" bw="10" slack="1"/>
<pin id="471" dir="0" index="3" bw="0" slack="2147483647"/>
<pin id="472" dir="1" index="4" bw="10" slack="0"/>
</pin_list>
<bind>
<opcode="phi(47) " fcode="phi"/>
<opset="pix/3 "/>
</bind>
</comp>

<comp id="474" class="1005" name="up_2_reg_474">
<pin_list>
<pin id="475" dir="0" index="0" bw="10" slack="2147483647"/>
<pin id="476" dir="1" index="1" bw="10" slack="2147483647"/>
</pin_list>
<bind>
<opset="up_2 (phireg) "/>
</bind>
</comp>

<comp id="477" class="1004" name="up_2_phi_fu_477">
<pin_list>
<pin id="478" dir="0" index="0" bw="10" slack="0"/>
<pin id="479" dir="0" index="1" bw="0" slack="2147483647"/>
<pin id="480" dir="0" index="2" bw="10" slack="0"/>
<pin id="481" dir="0" index="3" bw="0" slack="2147483647"/>
<pin id="482" dir="1" index="4" bw="10" slack="0"/>
</pin_list>
<bind>
<opcode="phi(47) " fcode="phi"/>
<opset="up_2/3 "/>
</bind>
</comp>

<comp id="483" class="1005" name="up_1_reg_483">
<pin_list>
<pin id="484" dir="0" index="0" bw="10" slack="2147483647"/>
<pin id="485" dir="1" index="1" bw="10" slack="2147483647"/>
</pin_list>
<bind>
<opset="up_1 (phireg) "/>
</bind>
</comp>

<comp id="486" class="1004" name="up_1_phi_fu_486">
<pin_list>
<pin id="487" dir="0" index="0" bw="10" slack="1"/>
<pin id="488" dir="0" index="1" bw="0" slack="2147483647"/>
<pin id="489" dir="0" index="2" bw="10" slack="1"/>
<pin id="490" dir="0" index="3" bw="0" slack="2147483647"/>
<pin id="491" dir="1" index="4" bw="10" slack="0"/>
</pin_list>
<bind>
<opcode="phi(47) " fcode="phi"/>
<opset="up_1/3 "/>
</bind>
</comp>

<comp id="492" class="1005" name="up_reg_492">
<pin_list>
<pin id="493" dir="0" index="0" bw="10" slack="2147483647"/>
<pin id="494" dir="1" index="1" bw="10" slack="2147483647"/>
</pin_list>
<bind>
<opset="up (phireg) "/>
</bind>
</comp>

<comp id="495" class="1004" name="up_phi_fu_495">
<pin_list>
<pin id="496" dir="0" index="0" bw="10" slack="1"/>
<pin id="497" dir="0" index="1" bw="0" slack="2147483647"/>
<pin id="498" dir="0" index="2" bw="10" slack="1"/>
<pin id="499" dir="0" index="3" bw="0" slack="2147483647"/>
<pin id="500" dir="1" index="4" bw="10" slack="0"/>
</pin_list>
<bind>
<opcode="phi(47) " fcode="phi"/>
<opset="up/3 "/>
</bind>
</comp>

<comp id="501" class="1004" name="icmp_ln911_fu_501">
<pin_list>
<pin id="502" dir="0" index="0" bw="11" slack="0"/>
<pin id="503" dir="0" index="1" bw="11" slack="0"/>
<pin id="504" dir="1" index="2" bw="1" slack="1"/>
</pin_list>
<bind>
<opcode="icmp(45) " fcode="icmp"/>
<opset="icmp_ln911/1 "/>
</bind>
</comp>

<comp id="507" class="1004" name="icmp_ln975_fu_507">
<pin_list>
<pin id="508" dir="0" index="0" bw="11" slack="0"/>
<pin id="509" dir="0" index="1" bw="1" slack="0"/>
<pin id="510" dir="1" index="2" bw="1" slack="0"/>
</pin_list>
<bind>
<opcode="icmp(45) " fcode="icmp"/>
<opset="icmp_ln975/1 "/>
</bind>
</comp>

<comp id="513" class="1004" name="store_ln0_store_fu_513">
<pin_list>
<pin id="514" dir="0" index="0" bw="10" slack="0"/>
<pin id="515" dir="0" index="1" bw="10" slack="0"/>
<pin id="516" dir="1" index="2" bw="0" slack="2147483647"/>
</pin_list>
<bind>
<opcode="store(28) " fcode="store"/>
<opset="store_ln0/1 "/>
</bind>
</comp>

<comp id="518" class="1004" name="store_ln0_store_fu_518">
<pin_list>
<pin id="519" dir="0" index="0" bw="10" slack="0"/>
<pin id="520" dir="0" index="1" bw="10" slack="0"/>
<pin id="521" dir="1" index="2" bw="0" slack="2147483647"/>
</pin_list>
<bind>
<opcode="store(28) " fcode="store"/>
<opset="store_ln0/1 "/>
</bind>
</comp>

<comp id="523" class="1004" name="store_ln0_store_fu_523">
<pin_list>
<pin id="524" dir="0" index="0" bw="10" slack="0"/>
<pin id="525" dir="0" index="1" bw="10" slack="0"/>
<pin id="526" dir="1" index="2" bw="0" slack="2147483647"/>
</pin_list>
<bind>
<opcode="store(28) " fcode="store"/>
<opset="store_ln0/1 "/>
</bind>
</comp>

<comp id="528" class="1004" name="store_ln0_store_fu_528">
<pin_list>
<pin id="529" dir="0" index="0" bw="10" slack="0"/>
<pin id="530" dir="0" index="1" bw="10" slack="0"/>
<pin id="531" dir="1" index="2" bw="0" slack="2147483647"/>
</pin_list>
<bind>
<opcode="store(28) " fcode="store"/>
<opset="store_ln0/1 "/>
</bind>
</comp>

<comp id="533" class="1004" name="store_ln0_store_fu_533">
<pin_list>
<pin id="534" dir="0" index="0" bw="10" slack="0"/>
<pin id="535" dir="0" index="1" bw="10" slack="0"/>
<pin id="536" dir="1" index="2" bw="0" slack="2147483647"/>
</pin_list>
<bind>
<opcode="store(28) " fcode="store"/>
<opset="store_ln0/1 "/>
</bind>
</comp>

<comp id="538" class="1004" name="store_ln0_store_fu_538">
<pin_list>
<pin id="539" dir="0" index="0" bw="10" slack="0"/>
<pin id="540" dir="0" index="1" bw="10" slack="0"/>
<pin id="541" dir="1" index="2" bw="0" slack="2147483647"/>
</pin_list>
<bind>
<opcode="store(28) " fcode="store"/>
<opset="store_ln0/1 "/>
</bind>
</comp>

<comp id="543" class="1004" name="store_ln1018_store_fu_543">
<pin_list>
<pin id="544" dir="0" index="0" bw="10" slack="0"/>
<pin id="545" dir="0" index="1" bw="10" slack="0"/>
<pin id="546" dir="1" index="2" bw="0" slack="2147483647"/>
</pin_list>
<bind>
<opcode="store(28) " fcode="store"/>
<opset="store_ln1018/1 "/>
</bind>
</comp>

<comp id="548" class="1004" name="store_ln1018_store_fu_548">
<pin_list>
<pin id="549" dir="0" index="0" bw="10" slack="0"/>
<pin id="550" dir="0" index="1" bw="10" slack="0"/>
<pin id="551" dir="1" index="2" bw="0" slack="2147483647"/>
</pin_list>
<bind>
<opcode="store(28) " fcode="store"/>
<opset="store_ln1018/1 "/>
</bind>
</comp>

<comp id="553" class="1004" name="store_ln1018_store_fu_553">
<pin_list>
<pin id="554" dir="0" index="0" bw="10" slack="0"/>
<pin id="555" dir="0" index="1" bw="10" slack="0"/>
<pin id="556" dir="1" index="2" bw="0" slack="2147483647"/>
</pin_list>
<bind>
<opcode="store(28) " fcode="store"/>
<opset="store_ln1018/1 "/>
</bind>
</comp>

<comp id="558" class="1004" name="store_ln0_store_fu_558">
<pin_list>
<pin id="559" dir="0" index="0" bw="10" slack="0"/>
<pin id="560" dir="0" index="1" bw="10" slack="0"/>
<pin id="561" dir="1" index="2" bw="0" slack="2147483647"/>
</pin_list>
<bind>
<opcode="store(28) " fcode="store"/>
<opset="store_ln0/1 "/>
</bind>
</comp>

<comp id="563" class="1004" name="store_ln0_store_fu_563">
<pin_list>
<pin id="564" dir="0" index="0" bw="10" slack="0"/>
<pin id="565" dir="0" index="1" bw="10" slack="0"/>
<pin id="566" dir="1" index="2" bw="0" slack="2147483647"/>
</pin_list>
<bind>
<opcode="store(28) " fcode="store"/>
<opset="store_ln0/1 "/>
</bind>
</comp>

<comp id="568" class="1004" name="store_ln0_store_fu_568">
<pin_list>
<pin id="569" dir="0" index="0" bw="10" slack="0"/>
<pin id="570" dir="0" index="1" bw="10" slack="0"/>
<pin id="571" dir="1" index="2" bw="0" slack="2147483647"/>
</pin_list>
<bind>
<opcode="store(28) " fcode="store"/>
<opset="store_ln0/1 "/>
</bind>
</comp>

<comp id="573" class="1004" name="store_ln851_store_fu_573">
<pin_list>
<pin id="574" dir="0" index="0" bw="1" slack="0"/>
<pin id="575" dir="0" index="1" bw="11" slack="0"/>
<pin id="576" dir="1" index="2" bw="0" slack="2147483647"/>
</pin_list>
<bind>
<opcode="store(28) " fcode="store"/>
<opset="store_ln851/1 "/>
</bind>
</comp>

<comp id="578" class="1004" name="z_load_fu_578">
<pin_list>
<pin id="579" dir="0" index="0" bw="11" slack="0"/>
<pin id="580" dir="1" index="1" bw="11" slack="0"/>
</pin_list>
<bind>
<opcode="load(27) " fcode="load"/>
<opset="z/1 "/>
</bind>
</comp>

<comp id="581" class="1004" name="icmp_ln881_fu_581">
<pin_list>
<pin id="582" dir="0" index="0" bw="11" slack="0"/>
<pin id="583" dir="0" index="1" bw="11" slack="0"/>
<pin id="584" dir="1" index="2" bw="1" slack="1"/>
</pin_list>
<bind>
<opcode="icmp(45) " fcode="icmp"/>
<opset="icmp_ln881/1 "/>
</bind>
</comp>

<comp id="587" class="1004" name="x_8_fu_587">
<pin_list>
<pin id="588" dir="0" index="0" bw="11" slack="0"/>
<pin id="589" dir="0" index="1" bw="1" slack="0"/>
<pin id="590" dir="1" index="2" bw="11" slack="0"/>
</pin_list>
<bind>
<opcode="add(8) " fcode="add"/>
<opset="x_8/1 "/>
</bind>
</comp>

<comp id="593" class="1004" name="trunc_ln881_fu_593">
<pin_list>
<pin id="594" dir="0" index="0" bw="11" slack="0"/>
<pin id="595" dir="1" index="1" bw="1" slack="0"/>
</pin_list>
<bind>
<opcode="trunc(33) " fcode="trunc"/>
<opset="trunc_ln881/1 "/>
</bind>
</comp>

<comp id="597" class="1004" name="zext_ln881_fu_597">
<pin_list>
<pin id="598" dir="0" index="0" bw="11" slack="0"/>
<pin id="599" dir="1" index="1" bw="64" slack="0"/>
</pin_list>
<bind>
<opcode="zext(34) " fcode="zext"/>
<opset="zext_ln881/1 "/>
</bind>
</comp>

<comp id="603" class="1004" name="icmp_ln891_fu_603">
<pin_list>
<pin id="604" dir="0" index="0" bw="11" slack="0"/>
<pin id="605" dir="0" index="1" bw="11" slack="0"/>
<pin id="606" dir="1" index="2" bw="1" slack="1"/>
</pin_list>
<bind>
<opcode="icmp(45) " fcode="icmp"/>
<opset="icmp_ln891/1 "/>
</bind>
</comp>

<comp id="609" class="1004" name="icmp_ln957_fu_609">
<pin_list>
<pin id="610" dir="0" index="0" bw="11" slack="0"/>
<pin id="611" dir="0" index="1" bw="1" slack="0"/>
<pin id="612" dir="1" index="2" bw="1" slack="1"/>
</pin_list>
<bind>
<opcode="icmp(45) " fcode="icmp"/>
<opset="icmp_ln957/1 "/>
</bind>
</comp>

<comp id="615" class="1004" name="xor_ln1014_fu_615">
<pin_list>
<pin id="616" dir="0" index="0" bw="1" slack="0"/>
<pin id="617" dir="0" index="1" bw="1" slack="0"/>
<pin id="618" dir="1" index="2" bw="1" slack="0"/>
</pin_list>
<bind>
<opcode="xor(25) " fcode="xor"/>
<opset="xor_ln1014/1 "/>
</bind>
</comp>

<comp id="621" class="1004" name="xor_ln1014_2_fu_621">
<pin_list>
<pin id="622" dir="0" index="0" bw="1" slack="0"/>
<pin id="623" dir="0" index="1" bw="1" slack="0"/>
<pin id="624" dir="1" index="2" bw="1" slack="0"/>
</pin_list>
<bind>
<opcode="xor(25) " fcode="xor"/>
<opset="xor_ln1014_2/1 "/>
</bind>
</comp>

<comp id="627" class="1004" name="zext_ln1014_fu_627">
<pin_list>
<pin id="628" dir="0" index="0" bw="1" slack="0"/>
<pin id="629" dir="1" index="1" bw="15" slack="0"/>
</pin_list>
<bind>
<opcode="zext(34) " fcode="zext"/>
<opset="zext_ln1014/1 "/>
</bind>
</comp>

<comp id="631" class="1004" name="icmp_ln1014_fu_631">
<pin_list>
<pin id="632" dir="0" index="0" bw="15" slack="0"/>
<pin id="633" dir="0" index="1" bw="1" slack="0"/>
<pin id="634" dir="1" index="2" bw="1" slack="2"/>
</pin_list>
<bind>
<opcode="icmp(45) " fcode="icmp"/>
<opset="icmp_ln1014/1 "/>
</bind>
</comp>

<comp id="637" class="1004" name="icmp_ln1052_fu_637">
<pin_list>
<pin id="638" dir="0" index="0" bw="11" slack="0"/>
<pin id="639" dir="0" index="1" bw="1" slack="0"/>
<pin id="640" dir="1" index="2" bw="1" slack="0"/>
</pin_list>
<bind>
<opcode="icmp(45) " fcode="icmp"/>
<opset="icmp_ln1052/1 "/>
</bind>
</comp>

<comp id="643" class="1004" name="and_ln1052_fu_643">
<pin_list>
<pin id="644" dir="0" index="0" bw="1" slack="0"/>
<pin id="645" dir="0" index="1" bw="1" slack="0"/>
<pin id="646" dir="1" index="2" bw="1" slack="4"/>
</pin_list>
<bind>
<opcode="and(23) " fcode="and"/>
<opset="and_ln1052/1 "/>
</bind>
</comp>

<comp id="649" class="1004" name="store_ln851_store_fu_649">
<pin_list>
<pin id="650" dir="0" index="0" bw="11" slack="0"/>
<pin id="651" dir="0" index="1" bw="11" slack="0"/>
<pin id="652" dir="1" index="2" bw="0" slack="2147483647"/>
</pin_list>
<bind>
<opcode="store(28) " fcode="store"/>
<opset="store_ln851/1 "/>
</bind>
</comp>

<comp id="654" class="1004" name="p_0_0_0116617811792_i_load_load_fu_654">
<pin_list>
<pin id="655" dir="0" index="0" bw="10" slack="1"/>
<pin id="656" dir="1" index="1" bw="10" slack="0"/>
</pin_list>
<bind>
<opcode="load(27) " fcode="load"/>
<opset="p_0_0_0116617811792_i_load/2 "/>
</bind>
</comp>

<comp id="657" class="1004" name="p_0_0_0116517831794_i_load_load_fu_657">
<pin_list>
<pin id="658" dir="0" index="0" bw="10" slack="1"/>
<pin id="659" dir="1" index="1" bw="10" slack="0"/>
</pin_list>
<bind>
<opcode="load(27) " fcode="load"/>
<opset="p_0_0_0116517831794_i_load/2 "/>
</bind>
</comp>

<comp id="660" class="1004" name="right_3_load_fu_660">
<pin_list>
<pin id="661" dir="0" index="0" bw="10" slack="1"/>
<pin id="662" dir="1" index="1" bw="10" slack="1"/>
</pin_list>
<bind>
<opcode="load(27) " fcode="load"/>
<opset="right_3/2 "/>
</bind>
</comp>

<comp id="663" class="1004" name="right_4_load_fu_663">
<pin_list>
<pin id="664" dir="0" index="0" bw="10" slack="1"/>
<pin id="665" dir="1" index="1" bw="10" slack="1"/>
</pin_list>
<bind>
<opcode="load(27) " fcode="load"/>
<opset="right_4/2 "/>
</bind>
</comp>

<comp id="666" class="1004" name="right_5_load_fu_666">
<pin_list>
<pin id="667" dir="0" index="0" bw="10" slack="1"/>
<pin id="668" dir="1" index="1" bw="10" slack="1"/>
</pin_list>
<bind>
<opcode="load(27) " fcode="load"/>
<opset="right_5/2 "/>
</bind>
</comp>

<comp id="669" class="1004" name="p_0_0_01179_217751804_i_load_load_fu_669">
<pin_list>
<pin id="670" dir="0" index="0" bw="10" slack="1"/>
<pin id="671" dir="1" index="1" bw="10" slack="0"/>
</pin_list>
<bind>
<opcode="load(27) " fcode="load"/>
<opset="p_0_0_01179_217751804_i_load/2 "/>
</bind>
</comp>

<comp id="672" class="1004" name="p_0_0_01178_217771806_i_load_load_fu_672">
<pin_list>
<pin id="673" dir="0" index="0" bw="10" slack="1"/>
<pin id="674" dir="1" index="1" bw="10" slack="0"/>
</pin_list>
<bind>
<opcode="load(27) " fcode="load"/>
<opset="p_0_0_01178_217771806_i_load/2 "/>
</bind>
</comp>

<comp id="675" class="1004" name="trunc_ln902_fu_675">
<pin_list>
<pin id="676" dir="0" index="0" bw="30" slack="0"/>
<pin id="677" dir="1" index="1" bw="10" slack="0"/>
</pin_list>
<bind>
<opcode="trunc(33) " fcode="trunc"/>
<opset="trunc_ln902/2 "/>
</bind>
</comp>

<comp id="680" class="1004" name="tmp_i_fu_680">
<pin_list>
<pin id="681" dir="0" index="0" bw="10" slack="0"/>
<pin id="682" dir="0" index="1" bw="30" slack="0"/>
<pin id="683" dir="0" index="2" bw="5" slack="0"/>
<pin id="684" dir="1" index="3" bw="10" slack="0"/>
</pin_list>
<bind>
<opcode="partselect(1002) " fcode="partselect"/>
<opset="tmp_i/2 "/>
</bind>
</comp>

<comp id="689" class="1004" name="tmp_1_i_fu_689">
<pin_list>
<pin id="690" dir="0" index="0" bw="10" slack="0"/>
<pin id="691" dir="0" index="1" bw="30" slack="0"/>
<pin id="692" dir="0" index="2" bw="6" slack="0"/>
<pin id="693" dir="1" index="3" bw="10" slack="0"/>
</pin_list>
<bind>
<opcode="partselect(1002) " fcode="partselect"/>
<opset="tmp_1_i/2 "/>
</bind>
</comp>

<comp id="697" class="1004" name="trunc_ln902_1_fu_697">
<pin_list>
<pin id="698" dir="0" index="0" bw="30" slack="0"/>
<pin id="699" dir="1" index="1" bw="10" slack="0"/>
</pin_list>
<bind>
<opcode="trunc(33) " fcode="trunc"/>
<opset="trunc_ln902_1/2 "/>
</bind>
</comp>

<comp id="701" class="1004" name="tmp_3_i_fu_701">
<pin_list>
<pin id="702" dir="0" index="0" bw="10" slack="0"/>
<pin id="703" dir="0" index="1" bw="30" slack="0"/>
<pin id="704" dir="0" index="2" bw="5" slack="0"/>
<pin id="705" dir="1" index="3" bw="10" slack="0"/>
</pin_list>
<bind>
<opcode="partselect(1002) " fcode="partselect"/>
<opset="tmp_3_i/2 "/>
</bind>
</comp>

<comp id="709" class="1004" name="tmp_4_i_fu_709">
<pin_list>
<pin id="710" dir="0" index="0" bw="10" slack="0"/>
<pin id="711" dir="0" index="1" bw="30" slack="0"/>
<pin id="712" dir="0" index="2" bw="6" slack="0"/>
<pin id="713" dir="1" index="3" bw="10" slack="1"/>
</pin_list>
<bind>
<opcode="partselect(1002) " fcode="partselect"/>
<opset="tmp_4_i/2 "/>
</bind>
</comp>

<comp id="717" class="1004" name="trunc_ln913_fu_717">
<pin_list>
<pin id="718" dir="0" index="0" bw="30" slack="0"/>
<pin id="719" dir="1" index="1" bw="10" slack="0"/>
</pin_list>
<bind>
<opcode="trunc(33) " fcode="trunc"/>
<opset="trunc_ln913/2 "/>
</bind>
</comp>

<comp id="722" class="1004" name="trunc_ln913_2_fu_722">
<pin_list>
<pin id="723" dir="0" index="0" bw="10" slack="0"/>
<pin id="724" dir="0" index="1" bw="30" slack="0"/>
<pin id="725" dir="0" index="2" bw="5" slack="0"/>
<pin id="726" dir="0" index="3" bw="6" slack="0"/>
<pin id="727" dir="1" index="4" bw="10" slack="0"/>
</pin_list>
<bind>
<opcode="partselect(1002) " fcode="partselect"/>
<opset="trunc_ln913_2/2 "/>
</bind>
</comp>

<comp id="733" class="1004" name="trunc_ln913_3_fu_733">
<pin_list>
<pin id="734" dir="0" index="0" bw="10" slack="0"/>
<pin id="735" dir="0" index="1" bw="30" slack="0"/>
<pin id="736" dir="0" index="2" bw="6" slack="0"/>
<pin id="737" dir="0" index="3" bw="6" slack="0"/>
<pin id="738" dir="1" index="4" bw="10" slack="1"/>
</pin_list>
<bind>
<opcode="partselect(1002) " fcode="partselect"/>
<opset="trunc_ln913_3/2 "/>
</bind>
</comp>

<comp id="743" class="1004" name="select_ln957_7_fu_743">
<pin_list>
<pin id="744" dir="0" index="0" bw="1" slack="1"/>
<pin id="745" dir="0" index="1" bw="10" slack="0"/>
<pin id="746" dir="0" index="2" bw="10" slack="0"/>
<pin id="747" dir="1" index="3" bw="10" slack="1"/>
</pin_list>
<bind>
<opcode="select(49) " fcode="select"/>
<opset="select_ln957_7/2 "/>
</bind>
</comp>

<comp id="750" class="1004" name="select_ln957_8_fu_750">
<pin_list>
<pin id="751" dir="0" index="0" bw="1" slack="1"/>
<pin id="752" dir="0" index="1" bw="10" slack="0"/>
<pin id="753" dir="0" index="2" bw="10" slack="0"/>
<pin id="754" dir="1" index="3" bw="10" slack="1"/>
</pin_list>
<bind>
<opcode="select(49) " fcode="select"/>
<opset="select_ln957_8/2 "/>
</bind>
</comp>

<comp id="757" class="1004" name="select_ln957_10_fu_757">
<pin_list>
<pin id="758" dir="0" index="0" bw="1" slack="1"/>
<pin id="759" dir="0" index="1" bw="10" slack="0"/>
<pin id="760" dir="0" index="2" bw="10" slack="0"/>
<pin id="761" dir="1" index="3" bw="10" slack="1"/>
</pin_list>
<bind>
<opcode="select(49) " fcode="select"/>
<opset="select_ln957_10/2 "/>
</bind>
</comp>

<comp id="764" class="1004" name="select_ln957_11_fu_764">
<pin_list>
<pin id="765" dir="0" index="0" bw="1" slack="1"/>
<pin id="766" dir="0" index="1" bw="10" slack="0"/>
<pin id="767" dir="0" index="2" bw="10" slack="0"/>
<pin id="768" dir="1" index="3" bw="10" slack="1"/>
</pin_list>
<bind>
<opcode="select(49) " fcode="select"/>
<opset="select_ln957_11/2 "/>
</bind>
</comp>

<comp id="771" class="1004" name="select_ln975_fu_771">
<pin_list>
<pin id="772" dir="0" index="0" bw="1" slack="1"/>
<pin id="773" dir="0" index="1" bw="10" slack="0"/>
<pin id="774" dir="0" index="2" bw="10" slack="0"/>
<pin id="775" dir="1" index="3" bw="10" slack="1"/>
</pin_list>
<bind>
<opcode="select(49) " fcode="select"/>
<opset="select_ln975/2 "/>
</bind>
</comp>

<comp id="778" class="1004" name="store_ln913_store_fu_778">
<pin_list>
<pin id="779" dir="0" index="0" bw="10" slack="0"/>
<pin id="780" dir="0" index="1" bw="10" slack="1"/>
<pin id="781" dir="1" index="2" bw="0" slack="2147483647"/>
</pin_list>
<bind>
<opcode="store(28) " fcode="store"/>
<opset="store_ln913/2 "/>
</bind>
</comp>

<comp id="783" class="1004" name="store_ln913_store_fu_783">
<pin_list>
<pin id="784" dir="0" index="0" bw="10" slack="0"/>
<pin id="785" dir="0" index="1" bw="10" slack="1"/>
<pin id="786" dir="1" index="2" bw="0" slack="2147483647"/>
</pin_list>
<bind>
<opcode="store(28) " fcode="store"/>
<opset="store_ln913/2 "/>
</bind>
</comp>

<comp id="788" class="1004" name="store_ln1018_store_fu_788">
<pin_list>
<pin id="789" dir="0" index="0" bw="10" slack="0"/>
<pin id="790" dir="0" index="1" bw="10" slack="1"/>
<pin id="791" dir="1" index="2" bw="0" slack="2147483647"/>
</pin_list>
<bind>
<opcode="store(28) " fcode="store"/>
<opset="store_ln1018/2 "/>
</bind>
</comp>

<comp id="793" class="1004" name="store_ln1018_store_fu_793">
<pin_list>
<pin id="794" dir="0" index="0" bw="10" slack="0"/>
<pin id="795" dir="0" index="1" bw="10" slack="1"/>
<pin id="796" dir="1" index="2" bw="0" slack="2147483647"/>
</pin_list>
<bind>
<opcode="store(28) " fcode="store"/>
<opset="store_ln1018/2 "/>
</bind>
</comp>

<comp id="798" class="1004" name="store_ln1018_store_fu_798">
<pin_list>
<pin id="799" dir="0" index="0" bw="10" slack="0"/>
<pin id="800" dir="0" index="1" bw="10" slack="1"/>
<pin id="801" dir="1" index="2" bw="0" slack="2147483647"/>
</pin_list>
<bind>
<opcode="store(28) " fcode="store"/>
<opset="store_ln1018/2 "/>
</bind>
</comp>

<comp id="803" class="1004" name="store_ln902_store_fu_803">
<pin_list>
<pin id="804" dir="0" index="0" bw="10" slack="0"/>
<pin id="805" dir="0" index="1" bw="10" slack="1"/>
<pin id="806" dir="1" index="2" bw="0" slack="2147483647"/>
</pin_list>
<bind>
<opcode="store(28) " fcode="store"/>
<opset="store_ln902/2 "/>
</bind>
</comp>

<comp id="808" class="1004" name="store_ln902_store_fu_808">
<pin_list>
<pin id="809" dir="0" index="0" bw="10" slack="0"/>
<pin id="810" dir="0" index="1" bw="10" slack="1"/>
<pin id="811" dir="1" index="2" bw="0" slack="2147483647"/>
</pin_list>
<bind>
<opcode="store(28) " fcode="store"/>
<opset="store_ln902/2 "/>
</bind>
</comp>

<comp id="813" class="1004" name="p_0_0_0116417851796_i_load_load_fu_813">
<pin_list>
<pin id="814" dir="0" index="0" bw="10" slack="2"/>
<pin id="815" dir="1" index="1" bw="10" slack="0"/>
</pin_list>
<bind>
<opcode="load(27) " fcode="load"/>
<opset="p_0_0_0116417851796_i_load/3 "/>
</bind>
</comp>

<comp id="817" class="1004" name="p_0_0_01177_217791808_i_load_load_fu_817">
<pin_list>
<pin id="818" dir="0" index="0" bw="10" slack="2"/>
<pin id="819" dir="1" index="1" bw="10" slack="0"/>
</pin_list>
<bind>
<opcode="load(27) " fcode="load"/>
<opset="p_0_0_01177_217791808_i_load/3 "/>
</bind>
</comp>

<comp id="821" class="1004" name="p_0_0_0_0_011581705_i_load_load_fu_821">
<pin_list>
<pin id="822" dir="0" index="0" bw="10" slack="2"/>
<pin id="823" dir="1" index="1" bw="10" slack="0"/>
</pin_list>
<bind>
<opcode="load(27) " fcode="load"/>
<opset="p_0_0_0_0_011581705_i_load/3 "/>
</bind>
</comp>

<comp id="825" class="1004" name="p_0_1_0_0_011591708_i_load_load_fu_825">
<pin_list>
<pin id="826" dir="0" index="0" bw="10" slack="2"/>
<pin id="827" dir="1" index="1" bw="10" slack="0"/>
</pin_list>
<bind>
<opcode="load(27) " fcode="load"/>
<opset="p_0_1_0_0_011591708_i_load/3 "/>
</bind>
</comp>

<comp id="829" class="1004" name="p_0_2_0_0_011601711_i_load_load_fu_829">
<pin_list>
<pin id="830" dir="0" index="0" bw="10" slack="2"/>
<pin id="831" dir="1" index="1" bw="10" slack="0"/>
</pin_list>
<bind>
<opcode="load(27) " fcode="load"/>
<opset="p_0_2_0_0_011601711_i_load/3 "/>
</bind>
</comp>

<comp id="833" class="1004" name="select_ln957_fu_833">
<pin_list>
<pin id="834" dir="0" index="0" bw="1" slack="2"/>
<pin id="835" dir="0" index="1" bw="10" slack="1"/>
<pin id="836" dir="0" index="2" bw="10" slack="1"/>
<pin id="837" dir="1" index="3" bw="10" slack="0"/>
</pin_list>
<bind>
<opcode="select(49) " fcode="select"/>
<opset="select_ln957/3 "/>
</bind>
</comp>

<comp id="839" class="1004" name="select_ln957_1_fu_839">
<pin_list>
<pin id="840" dir="0" index="0" bw="1" slack="2"/>
<pin id="841" dir="0" index="1" bw="10" slack="1"/>
<pin id="842" dir="0" index="2" bw="10" slack="1"/>
<pin id="843" dir="1" index="3" bw="10" slack="0"/>
</pin_list>
<bind>
<opcode="select(49) " fcode="select"/>
<opset="select_ln957_1/3 "/>
</bind>
</comp>

<comp id="845" class="1004" name="select_ln957_2_fu_845">
<pin_list>
<pin id="846" dir="0" index="0" bw="1" slack="2"/>
<pin id="847" dir="0" index="1" bw="10" slack="1"/>
<pin id="848" dir="0" index="2" bw="10" slack="1"/>
<pin id="849" dir="1" index="3" bw="10" slack="0"/>
</pin_list>
<bind>
<opcode="select(49) " fcode="select"/>
<opset="select_ln957_2/3 "/>
</bind>
</comp>

<comp id="851" class="1004" name="select_ln957_3_fu_851">
<pin_list>
<pin id="852" dir="0" index="0" bw="1" slack="2"/>
<pin id="853" dir="0" index="1" bw="10" slack="1"/>
<pin id="854" dir="0" index="2" bw="10" slack="0"/>
<pin id="855" dir="1" index="3" bw="10" slack="0"/>
</pin_list>
<bind>
<opcode="select(49) " fcode="select"/>
<opset="select_ln957_3/3 "/>
</bind>
</comp>

<comp id="858" class="1004" name="select_ln957_4_fu_858">
<pin_list>
<pin id="859" dir="0" index="0" bw="1" slack="2"/>
<pin id="860" dir="0" index="1" bw="10" slack="1"/>
<pin id="861" dir="0" index="2" bw="10" slack="0"/>
<pin id="862" dir="1" index="3" bw="10" slack="0"/>
</pin_list>
<bind>
<opcode="select(49) " fcode="select"/>
<opset="select_ln957_4/3 "/>
</bind>
</comp>

<comp id="865" class="1004" name="select_ln957_5_fu_865">
<pin_list>
<pin id="866" dir="0" index="0" bw="1" slack="2"/>
<pin id="867" dir="0" index="1" bw="10" slack="1"/>
<pin id="868" dir="0" index="2" bw="10" slack="0"/>
<pin id="869" dir="1" index="3" bw="10" slack="0"/>
</pin_list>
<bind>
<opcode="select(49) " fcode="select"/>
<opset="select_ln957_5/3 "/>
</bind>
</comp>

<comp id="872" class="1004" name="select_ln957_6_fu_872">
<pin_list>
<pin id="873" dir="0" index="0" bw="1" slack="2"/>
<pin id="874" dir="0" index="1" bw="10" slack="1"/>
<pin id="875" dir="0" index="2" bw="10" slack="0"/>
<pin id="876" dir="1" index="3" bw="10" slack="0"/>
</pin_list>
<bind>
<opcode="select(49) " fcode="select"/>
<opset="select_ln957_6/3 "/>
</bind>
</comp>

<comp id="879" class="1004" name="select_ln957_9_fu_879">
<pin_list>
<pin id="880" dir="0" index="0" bw="1" slack="2"/>
<pin id="881" dir="0" index="1" bw="10" slack="0"/>
<pin id="882" dir="0" index="2" bw="10" slack="0"/>
<pin id="883" dir="1" index="3" bw="10" slack="0"/>
</pin_list>
<bind>
<opcode="select(49) " fcode="select"/>
<opset="select_ln957_9/3 "/>
</bind>
</comp>

<comp id="887" class="1004" name="select_ln975_1_fu_887">
<pin_list>
<pin id="888" dir="0" index="0" bw="1" slack="2"/>
<pin id="889" dir="0" index="1" bw="10" slack="1"/>
<pin id="890" dir="0" index="2" bw="10" slack="1"/>
<pin id="891" dir="1" index="3" bw="10" slack="0"/>
</pin_list>
<bind>
<opcode="select(49) " fcode="select"/>
<opset="select_ln975_1/3 "/>
</bind>
</comp>

<comp id="893" class="1004" name="select_ln975_2_fu_893">
<pin_list>
<pin id="894" dir="0" index="0" bw="1" slack="2"/>
<pin id="895" dir="0" index="1" bw="10" slack="1"/>
<pin id="896" dir="0" index="2" bw="10" slack="0"/>
<pin id="897" dir="1" index="3" bw="10" slack="0"/>
</pin_list>
<bind>
<opcode="select(49) " fcode="select"/>
<opset="select_ln975_2/3 "/>
</bind>
</comp>

<comp id="899" class="1004" name="LineBufVal_4_fu_899">
<pin_list>
<pin id="900" dir="0" index="0" bw="30" slack="0"/>
<pin id="901" dir="0" index="1" bw="10" slack="0"/>
<pin id="902" dir="0" index="2" bw="10" slack="0"/>
<pin id="903" dir="0" index="3" bw="10" slack="1"/>
<pin id="904" dir="1" index="4" bw="30" slack="0"/>
</pin_list>
<bind>
<opcode="bitconcatenate(1004) " fcode="bitconcatenate"/>
<opset="LineBufVal_4/3 "/>
</bind>
</comp>

<comp id="909" class="1004" name="store_ln913_store_fu_909">
<pin_list>
<pin id="910" dir="0" index="0" bw="10" slack="0"/>
<pin id="911" dir="0" index="1" bw="10" slack="2"/>
<pin id="912" dir="1" index="2" bw="0" slack="2147483647"/>
</pin_list>
<bind>
<opcode="store(28) " fcode="store"/>
<opset="store_ln913/3 "/>
</bind>
</comp>

<comp id="914" class="1004" name="store_ln902_store_fu_914">
<pin_list>
<pin id="915" dir="0" index="0" bw="10" slack="1"/>
<pin id="916" dir="0" index="1" bw="10" slack="2"/>
<pin id="917" dir="1" index="2" bw="0" slack="2147483647"/>
</pin_list>
<bind>
<opcode="store(28) " fcode="store"/>
<opset="store_ln902/3 "/>
</bind>
</comp>

<comp id="918" class="1004" name="right_load_1_load_fu_918">
<pin_list>
<pin id="919" dir="0" index="0" bw="10" slack="2"/>
<pin id="920" dir="1" index="1" bw="10" slack="0"/>
</pin_list>
<bind>
<opcode="load(27) " fcode="load"/>
<opset="right_load_1/3 "/>
</bind>
</comp>

<comp id="921" class="1004" name="right_1_load_1_load_fu_921">
<pin_list>
<pin id="922" dir="0" index="0" bw="10" slack="2"/>
<pin id="923" dir="1" index="1" bw="10" slack="0"/>
</pin_list>
<bind>
<opcode="load(27) " fcode="load"/>
<opset="right_1_load_1/3 "/>
</bind>
</comp>

<comp id="924" class="1004" name="right_2_load_1_load_fu_924">
<pin_list>
<pin id="925" dir="0" index="0" bw="10" slack="2"/>
<pin id="926" dir="1" index="1" bw="10" slack="0"/>
</pin_list>
<bind>
<opcode="load(27) " fcode="load"/>
<opset="right_2_load_1/3 "/>
</bind>
</comp>

<comp id="927" class="1004" name="zext_ln1023_fu_927">
<pin_list>
<pin id="928" dir="0" index="0" bw="10" slack="0"/>
<pin id="929" dir="1" index="1" bw="11" slack="0"/>
</pin_list>
<bind>
<opcode="zext(34) " fcode="zext"/>
<opset="zext_ln1023/3 "/>
</bind>
</comp>

<comp id="931" class="1004" name="zext_ln1023_1_fu_931">
<pin_list>
<pin id="932" dir="0" index="0" bw="10" slack="0"/>
<pin id="933" dir="1" index="1" bw="11" slack="0"/>
</pin_list>
<bind>
<opcode="zext(34) " fcode="zext"/>
<opset="zext_ln1023_1/3 "/>
</bind>
</comp>

<comp id="935" class="1004" name="sub_ln1023_fu_935">
<pin_list>
<pin id="936" dir="0" index="0" bw="10" slack="0"/>
<pin id="937" dir="0" index="1" bw="10" slack="0"/>
<pin id="938" dir="1" index="2" bw="11" slack="0"/>
</pin_list>
<bind>
<opcode="sub(10) " fcode="sub"/>
<opset="sub_ln1023/3 "/>
</bind>
</comp>

<comp id="941" class="1004" name="trunc_ln61_fu_941">
<pin_list>
<pin id="942" dir="0" index="0" bw="11" slack="0"/>
<pin id="943" dir="1" index="1" bw="10" slack="0"/>
</pin_list>
<bind>
<opcode="trunc(33) " fcode="trunc"/>
<opset="trunc_ln61/3 "/>
</bind>
</comp>

<comp id="945" class="1004" name="sub_ln61_fu_945">
<pin_list>
<pin id="946" dir="0" index="0" bw="1" slack="0"/>
<pin id="947" dir="0" index="1" bw="10" slack="0"/>
<pin id="948" dir="1" index="2" bw="10" slack="1"/>
</pin_list>
<bind>
<opcode="sub(10) " fcode="sub"/>
<opset="sub_ln61/3 "/>
</bind>
</comp>

<comp id="951" class="1004" name="zext_ln1024_fu_951">
<pin_list>
<pin id="952" dir="0" index="0" bw="10" slack="0"/>
<pin id="953" dir="1" index="1" bw="11" slack="0"/>
</pin_list>
<bind>
<opcode="zext(34) " fcode="zext"/>
<opset="zext_ln1024/3 "/>
</bind>
</comp>

<comp id="955" class="1004" name="zext_ln1024_1_fu_955">
<pin_list>
<pin id="956" dir="0" index="0" bw="10" slack="0"/>
<pin id="957" dir="1" index="1" bw="11" slack="0"/>
</pin_list>
<bind>
<opcode="zext(34) " fcode="zext"/>
<opset="zext_ln1024_1/3 "/>
</bind>
</comp>

<comp id="959" class="1004" name="sub_ln1024_fu_959">
<pin_list>
<pin id="960" dir="0" index="0" bw="10" slack="0"/>
<pin id="961" dir="0" index="1" bw="10" slack="0"/>
<pin id="962" dir="1" index="2" bw="11" slack="0"/>
</pin_list>
<bind>
<opcode="sub(10) " fcode="sub"/>
<opset="sub_ln1024/3 "/>
</bind>
</comp>

<comp id="965" class="1004" name="trunc_ln61_4_fu_965">
<pin_list>
<pin id="966" dir="0" index="0" bw="11" slack="0"/>
<pin id="967" dir="1" index="1" bw="10" slack="0"/>
</pin_list>
<bind>
<opcode="trunc(33) " fcode="trunc"/>
<opset="trunc_ln61_4/3 "/>
</bind>
</comp>

<comp id="969" class="1004" name="tmp_11_fu_969">
<pin_list>
<pin id="970" dir="0" index="0" bw="1" slack="0"/>
<pin id="971" dir="0" index="1" bw="11" slack="0"/>
<pin id="972" dir="0" index="2" bw="5" slack="0"/>
<pin id="973" dir="1" index="3" bw="1" slack="0"/>
</pin_list>
<bind>
<opcode="bitselect(1000) " fcode="bitselect"/>
<opset="tmp_11/3 "/>
</bind>
</comp>

<comp id="977" class="1004" name="sub_ln61_4_fu_977">
<pin_list>
<pin id="978" dir="0" index="0" bw="1" slack="0"/>
<pin id="979" dir="0" index="1" bw="10" slack="0"/>
<pin id="980" dir="1" index="2" bw="10" slack="0"/>
</pin_list>
<bind>
<opcode="sub(10) " fcode="sub"/>
<opset="sub_ln61_4/3 "/>
</bind>
</comp>

<comp id="983" class="1004" name="DRv_fu_983">
<pin_list>
<pin id="984" dir="0" index="0" bw="1" slack="0"/>
<pin id="985" dir="0" index="1" bw="10" slack="0"/>
<pin id="986" dir="0" index="2" bw="10" slack="0"/>
<pin id="987" dir="1" index="3" bw="10" slack="0"/>
</pin_list>
<bind>
<opcode="select(49) " fcode="select"/>
<opset="DRv/3 "/>
</bind>
</comp>

<comp id="991" class="1004" name="zext_ln1025_fu_991">
<pin_list>
<pin id="992" dir="0" index="0" bw="10" slack="0"/>
<pin id="993" dir="1" index="1" bw="11" slack="0"/>
</pin_list>
<bind>
<opcode="zext(34) " fcode="zext"/>
<opset="zext_ln1025/3 "/>
</bind>
</comp>

<comp id="995" class="1004" name="zext_ln1025_1_fu_995">
<pin_list>
<pin id="996" dir="0" index="0" bw="10" slack="0"/>
<pin id="997" dir="1" index="1" bw="11" slack="0"/>
</pin_list>
<bind>
<opcode="zext(34) " fcode="zext"/>
<opset="zext_ln1025_1/3 "/>
</bind>
</comp>

<comp id="999" class="1004" name="sub_ln1025_fu_999">
<pin_list>
<pin id="1000" dir="0" index="0" bw="10" slack="0"/>
<pin id="1001" dir="0" index="1" bw="10" slack="0"/>
<pin id="1002" dir="1" index="2" bw="11" slack="0"/>
</pin_list>
<bind>
<opcode="sub(10) " fcode="sub"/>
<opset="sub_ln1025/3 "/>
</bind>
</comp>

<comp id="1005" class="1004" name="trunc_ln61_5_fu_1005">
<pin_list>
<pin id="1006" dir="0" index="0" bw="11" slack="0"/>
<pin id="1007" dir="1" index="1" bw="10" slack="0"/>
</pin_list>
<bind>
<opcode="trunc(33) " fcode="trunc"/>
<opset="trunc_ln61_5/3 "/>
</bind>
</comp>

<comp id="1009" class="1004" name="sub_ln61_5_fu_1009">
<pin_list>
<pin id="1010" dir="0" index="0" bw="1" slack="0"/>
<pin id="1011" dir="0" index="1" bw="10" slack="0"/>
<pin id="1012" dir="1" index="2" bw="10" slack="1"/>
</pin_list>
<bind>
<opcode="sub(10) " fcode="sub"/>
<opset="sub_ln61_5/3 "/>
</bind>
</comp>

<comp id="1015" class="1004" name="zext_ln1026_fu_1015">
<pin_list>
<pin id="1016" dir="0" index="0" bw="10" slack="0"/>
<pin id="1017" dir="1" index="1" bw="11" slack="0"/>
</pin_list>
<bind>
<opcode="zext(34) " fcode="zext"/>
<opset="zext_ln1026/3 "/>
</bind>
</comp>

<comp id="1019" class="1004" name="zext_ln1026_1_fu_1019">
<pin_list>
<pin id="1020" dir="0" index="0" bw="10" slack="0"/>
<pin id="1021" dir="1" index="1" bw="11" slack="0"/>
</pin_list>
<bind>
<opcode="zext(34) " fcode="zext"/>
<opset="zext_ln1026_1/3 "/>
</bind>
</comp>

<comp id="1023" class="1004" name="sub_ln1026_fu_1023">
<pin_list>
<pin id="1024" dir="0" index="0" bw="10" slack="0"/>
<pin id="1025" dir="0" index="1" bw="10" slack="0"/>
<pin id="1026" dir="1" index="2" bw="11" slack="0"/>
</pin_list>
<bind>
<opcode="sub(10) " fcode="sub"/>
<opset="sub_ln1026/3 "/>
</bind>
</comp>

<comp id="1029" class="1004" name="trunc_ln61_6_fu_1029">
<pin_list>
<pin id="1030" dir="0" index="0" bw="11" slack="0"/>
<pin id="1031" dir="1" index="1" bw="10" slack="0"/>
</pin_list>
<bind>
<opcode="trunc(33) " fcode="trunc"/>
<opset="trunc_ln61_6/3 "/>
</bind>
</comp>

<comp id="1033" class="1004" name="tmp_13_fu_1033">
<pin_list>
<pin id="1034" dir="0" index="0" bw="1" slack="0"/>
<pin id="1035" dir="0" index="1" bw="11" slack="0"/>
<pin id="1036" dir="0" index="2" bw="5" slack="0"/>
<pin id="1037" dir="1" index="3" bw="1" slack="0"/>
</pin_list>
<bind>
<opcode="bitselect(1000) " fcode="bitselect"/>
<opset="tmp_13/3 "/>
</bind>
</comp>

<comp id="1041" class="1004" name="sub_ln61_6_fu_1041">
<pin_list>
<pin id="1042" dir="0" index="0" bw="1" slack="0"/>
<pin id="1043" dir="0" index="1" bw="10" slack="0"/>
<pin id="1044" dir="1" index="2" bw="10" slack="0"/>
</pin_list>
<bind>
<opcode="sub(10) " fcode="sub"/>
<opset="sub_ln61_6/3 "/>
</bind>
</comp>

<comp id="1047" class="1004" name="DGv_fu_1047">
<pin_list>
<pin id="1048" dir="0" index="0" bw="1" slack="0"/>
<pin id="1049" dir="0" index="1" bw="10" slack="0"/>
<pin id="1050" dir="0" index="2" bw="10" slack="0"/>
<pin id="1051" dir="1" index="3" bw="10" slack="0"/>
</pin_list>
<bind>
<opcode="select(49) " fcode="select"/>
<opset="DGv/3 "/>
</bind>
</comp>

<comp id="1055" class="1004" name="zext_ln1027_fu_1055">
<pin_list>
<pin id="1056" dir="0" index="0" bw="10" slack="0"/>
<pin id="1057" dir="1" index="1" bw="11" slack="0"/>
</pin_list>
<bind>
<opcode="zext(34) " fcode="zext"/>
<opset="zext_ln1027/3 "/>
</bind>
</comp>

<comp id="1059" class="1004" name="zext_ln1027_1_fu_1059">
<pin_list>
<pin id="1060" dir="0" index="0" bw="10" slack="0"/>
<pin id="1061" dir="1" index="1" bw="11" slack="0"/>
</pin_list>
<bind>
<opcode="zext(34) " fcode="zext"/>
<opset="zext_ln1027_1/3 "/>
</bind>
</comp>

<comp id="1063" class="1004" name="sub_ln1027_fu_1063">
<pin_list>
<pin id="1064" dir="0" index="0" bw="10" slack="0"/>
<pin id="1065" dir="0" index="1" bw="10" slack="0"/>
<pin id="1066" dir="1" index="2" bw="11" slack="0"/>
</pin_list>
<bind>
<opcode="sub(10) " fcode="sub"/>
<opset="sub_ln1027/3 "/>
</bind>
</comp>

<comp id="1069" class="1004" name="trunc_ln61_7_fu_1069">
<pin_list>
<pin id="1070" dir="0" index="0" bw="11" slack="0"/>
<pin id="1071" dir="1" index="1" bw="10" slack="1"/>
</pin_list>
<bind>
<opcode="trunc(33) " fcode="trunc"/>
<opset="trunc_ln61_7/3 "/>
</bind>
</comp>

<comp id="1073" class="1004" name="zext_ln1028_fu_1073">
<pin_list>
<pin id="1074" dir="0" index="0" bw="10" slack="0"/>
<pin id="1075" dir="1" index="1" bw="11" slack="0"/>
</pin_list>
<bind>
<opcode="zext(34) " fcode="zext"/>
<opset="zext_ln1028/3 "/>
</bind>
</comp>

<comp id="1077" class="1004" name="zext_ln1028_1_fu_1077">
<pin_list>
<pin id="1078" dir="0" index="0" bw="10" slack="0"/>
<pin id="1079" dir="1" index="1" bw="11" slack="0"/>
</pin_list>
<bind>
<opcode="zext(34) " fcode="zext"/>
<opset="zext_ln1028_1/3 "/>
</bind>
</comp>

<comp id="1081" class="1004" name="sub_ln1028_fu_1081">
<pin_list>
<pin id="1082" dir="0" index="0" bw="10" slack="0"/>
<pin id="1083" dir="0" index="1" bw="10" slack="0"/>
<pin id="1084" dir="1" index="2" bw="11" slack="0"/>
</pin_list>
<bind>
<opcode="sub(10) " fcode="sub"/>
<opset="sub_ln1028/3 "/>
</bind>
</comp>

<comp id="1087" class="1004" name="trunc_ln61_8_fu_1087">
<pin_list>
<pin id="1088" dir="0" index="0" bw="11" slack="0"/>
<pin id="1089" dir="1" index="1" bw="10" slack="1"/>
</pin_list>
<bind>
<opcode="trunc(33) " fcode="trunc"/>
<opset="trunc_ln61_8/3 "/>
</bind>
</comp>

<comp id="1091" class="1004" name="zext_ln1030_4_fu_1091">
<pin_list>
<pin id="1092" dir="0" index="0" bw="10" slack="0"/>
<pin id="1093" dir="1" index="1" bw="11" slack="0"/>
</pin_list>
<bind>
<opcode="zext(34) " fcode="zext"/>
<opset="zext_ln1030_4/3 "/>
</bind>
</comp>

<comp id="1095" class="1004" name="zext_ln1030_5_fu_1095">
<pin_list>
<pin id="1096" dir="0" index="0" bw="10" slack="0"/>
<pin id="1097" dir="1" index="1" bw="11" slack="0"/>
</pin_list>
<bind>
<opcode="zext(34) " fcode="zext"/>
<opset="zext_ln1030_5/3 "/>
</bind>
</comp>

<comp id="1099" class="1004" name="add_ln1030_2_fu_1099">
<pin_list>
<pin id="1100" dir="0" index="0" bw="10" slack="0"/>
<pin id="1101" dir="0" index="1" bw="10" slack="0"/>
<pin id="1102" dir="1" index="2" bw="11" slack="1"/>
</pin_list>
<bind>
<opcode="add(8) " fcode="add"/>
<opset="add_ln1030_2/3 "/>
</bind>
</comp>

<comp id="1105" class="1004" name="sub_ln1033_fu_1105">
<pin_list>
<pin id="1106" dir="0" index="0" bw="10" slack="0"/>
<pin id="1107" dir="0" index="1" bw="10" slack="0"/>
<pin id="1108" dir="1" index="2" bw="11" slack="1"/>
</pin_list>
<bind>
<opcode="sub(10) " fcode="sub"/>
<opset="sub_ln1033/3 "/>
</bind>
</comp>

<comp id="1111" class="1004" name="sub_ln1033_1_fu_1111">
<pin_list>
<pin id="1112" dir="0" index="0" bw="10" slack="0"/>
<pin id="1113" dir="0" index="1" bw="10" slack="0"/>
<pin id="1114" dir="1" index="2" bw="11" slack="1"/>
</pin_list>
<bind>
<opcode="sub(10) " fcode="sub"/>
<opset="sub_ln1033_1/3 "/>
</bind>
</comp>

<comp id="1117" class="1004" name="sub_ln1034_fu_1117">
<pin_list>
<pin id="1118" dir="0" index="0" bw="10" slack="0"/>
<pin id="1119" dir="0" index="1" bw="10" slack="0"/>
<pin id="1120" dir="1" index="2" bw="11" slack="1"/>
</pin_list>
<bind>
<opcode="sub(10) " fcode="sub"/>
<opset="sub_ln1034/3 "/>
</bind>
</comp>

<comp id="1123" class="1004" name="sub_ln1034_1_fu_1123">
<pin_list>
<pin id="1124" dir="0" index="0" bw="10" slack="0"/>
<pin id="1125" dir="0" index="1" bw="10" slack="0"/>
<pin id="1126" dir="1" index="2" bw="11" slack="1"/>
</pin_list>
<bind>
<opcode="sub(10) " fcode="sub"/>
<opset="sub_ln1034_1/3 "/>
</bind>
</comp>

<comp id="1129" class="1004" name="sub_ln1039_fu_1129">
<pin_list>
<pin id="1130" dir="0" index="0" bw="10" slack="0"/>
<pin id="1131" dir="0" index="1" bw="10" slack="0"/>
<pin id="1132" dir="1" index="2" bw="11" slack="1"/>
</pin_list>
<bind>
<opcode="sub(10) " fcode="sub"/>
<opset="sub_ln1039/3 "/>
</bind>
</comp>

<comp id="1135" class="1004" name="sub_ln1039_1_fu_1135">
<pin_list>
<pin id="1136" dir="0" index="0" bw="10" slack="0"/>
<pin id="1137" dir="0" index="1" bw="10" slack="0"/>
<pin id="1138" dir="1" index="2" bw="11" slack="1"/>
</pin_list>
<bind>
<opcode="sub(10) " fcode="sub"/>
<opset="sub_ln1039_1/3 "/>
</bind>
</comp>

<comp id="1141" class="1004" name="sub_ln1040_fu_1141">
<pin_list>
<pin id="1142" dir="0" index="0" bw="10" slack="0"/>
<pin id="1143" dir="0" index="1" bw="10" slack="0"/>
<pin id="1144" dir="1" index="2" bw="11" slack="1"/>
</pin_list>
<bind>
<opcode="sub(10) " fcode="sub"/>
<opset="sub_ln1040/3 "/>
</bind>
</comp>

<comp id="1147" class="1004" name="sub_ln1040_1_fu_1147">
<pin_list>
<pin id="1148" dir="0" index="0" bw="10" slack="0"/>
<pin id="1149" dir="0" index="1" bw="10" slack="0"/>
<pin id="1150" dir="1" index="2" bw="11" slack="1"/>
</pin_list>
<bind>
<opcode="sub(10) " fcode="sub"/>
<opset="sub_ln1040_1/3 "/>
</bind>
</comp>

<comp id="1153" class="1004" name="store_ln957_store_fu_1153">
<pin_list>
<pin id="1154" dir="0" index="0" bw="10" slack="0"/>
<pin id="1155" dir="0" index="1" bw="10" slack="2"/>
<pin id="1156" dir="1" index="2" bw="0" slack="2147483647"/>
</pin_list>
<bind>
<opcode="store(28) " fcode="store"/>
<opset="store_ln957/3 "/>
</bind>
</comp>

<comp id="1158" class="1004" name="store_ln957_store_fu_1158">
<pin_list>
<pin id="1159" dir="0" index="0" bw="10" slack="0"/>
<pin id="1160" dir="0" index="1" bw="10" slack="2"/>
<pin id="1161" dir="1" index="2" bw="0" slack="2147483647"/>
</pin_list>
<bind>
<opcode="store(28) " fcode="store"/>
<opset="store_ln957/3 "/>
</bind>
</comp>

<comp id="1163" class="1004" name="store_ln957_store_fu_1163">
<pin_list>
<pin id="1164" dir="0" index="0" bw="10" slack="0"/>
<pin id="1165" dir="0" index="1" bw="10" slack="2"/>
<pin id="1166" dir="1" index="2" bw="0" slack="2147483647"/>
</pin_list>
<bind>
<opcode="store(28) " fcode="store"/>
<opset="store_ln957/3 "/>
</bind>
</comp>

<comp id="1168" class="1004" name="tmp_10_fu_1168">
<pin_list>
<pin id="1169" dir="0" index="0" bw="1" slack="0"/>
<pin id="1170" dir="0" index="1" bw="11" slack="1"/>
<pin id="1171" dir="0" index="2" bw="5" slack="0"/>
<pin id="1172" dir="1" index="3" bw="1" slack="0"/>
</pin_list>
<bind>
<opcode="bitselect(1000) " fcode="bitselect"/>
<opset="tmp_10/4 "/>
</bind>
</comp>

<comp id="1175" class="1004" name="DRh_fu_1175">
<pin_list>
<pin id="1176" dir="0" index="0" bw="1" slack="0"/>
<pin id="1177" dir="0" index="1" bw="10" slack="1"/>
<pin id="1178" dir="0" index="2" bw="10" slack="1"/>
<pin id="1179" dir="1" index="3" bw="10" slack="0"/>
</pin_list>
<bind>
<opcode="select(49) " fcode="select"/>
<opset="DRh/4 "/>
</bind>
</comp>

<comp id="1181" class="1004" name="tmp_12_fu_1181">
<pin_list>
<pin id="1182" dir="0" index="0" bw="1" slack="0"/>
<pin id="1183" dir="0" index="1" bw="11" slack="1"/>
<pin id="1184" dir="0" index="2" bw="5" slack="0"/>
<pin id="1185" dir="1" index="3" bw="1" slack="0"/>
</pin_list>
<bind>
<opcode="bitselect(1000) " fcode="bitselect"/>
<opset="tmp_12/4 "/>
</bind>
</comp>

<comp id="1188" class="1004" name="DGh_fu_1188">
<pin_list>
<pin id="1189" dir="0" index="0" bw="1" slack="0"/>
<pin id="1190" dir="0" index="1" bw="10" slack="1"/>
<pin id="1191" dir="0" index="2" bw="10" slack="1"/>
<pin id="1192" dir="1" index="3" bw="10" slack="0"/>
</pin_list>
<bind>
<opcode="select(49) " fcode="select"/>
<opset="DGh/4 "/>
</bind>
</comp>

<comp id="1194" class="1004" name="tmp_14_fu_1194">
<pin_list>
<pin id="1195" dir="0" index="0" bw="1" slack="0"/>
<pin id="1196" dir="0" index="1" bw="11" slack="1"/>
<pin id="1197" dir="0" index="2" bw="5" slack="0"/>
<pin id="1198" dir="1" index="3" bw="1" slack="0"/>
</pin_list>
<bind>
<opcode="bitselect(1000) " fcode="bitselect"/>
<opset="tmp_14/4 "/>
</bind>
</comp>

<comp id="1201" class="1004" name="sub_ln61_7_fu_1201">
<pin_list>
<pin id="1202" dir="0" index="0" bw="1" slack="0"/>
<pin id="1203" dir="0" index="1" bw="10" slack="1"/>
<pin id="1204" dir="1" index="2" bw="10" slack="0"/>
</pin_list>
<bind>
<opcode="sub(10) " fcode="sub"/>
<opset="sub_ln61_7/4 "/>
</bind>
</comp>

<comp id="1206" class="1004" name="DBh_fu_1206">
<pin_list>
<pin id="1207" dir="0" index="0" bw="1" slack="0"/>
<pin id="1208" dir="0" index="1" bw="10" slack="0"/>
<pin id="1209" dir="0" index="2" bw="10" slack="1"/>
<pin id="1210" dir="1" index="3" bw="10" slack="0"/>
</pin_list>
<bind>
<opcode="select(49) " fcode="select"/>
<opset="DBh/4 "/>
</bind>
</comp>

<comp id="1213" class="1004" name="tmp_15_fu_1213">
<pin_list>
<pin id="1214" dir="0" index="0" bw="1" slack="0"/>
<pin id="1215" dir="0" index="1" bw="11" slack="1"/>
<pin id="1216" dir="0" index="2" bw="5" slack="0"/>
<pin id="1217" dir="1" index="3" bw="1" slack="0"/>
</pin_list>
<bind>
<opcode="bitselect(1000) " fcode="bitselect"/>
<opset="tmp_15/4 "/>
</bind>
</comp>

<comp id="1220" class="1004" name="sub_ln61_8_fu_1220">
<pin_list>
<pin id="1221" dir="0" index="0" bw="1" slack="0"/>
<pin id="1222" dir="0" index="1" bw="10" slack="1"/>
<pin id="1223" dir="1" index="2" bw="10" slack="0"/>
</pin_list>
<bind>
<opcode="sub(10) " fcode="sub"/>
<opset="sub_ln61_8/4 "/>
</bind>
</comp>

<comp id="1225" class="1004" name="DBv_fu_1225">
<pin_list>
<pin id="1226" dir="0" index="0" bw="1" slack="0"/>
<pin id="1227" dir="0" index="1" bw="10" slack="0"/>
<pin id="1228" dir="0" index="2" bw="10" slack="1"/>
<pin id="1229" dir="1" index="3" bw="10" slack="0"/>
</pin_list>
<bind>
<opcode="select(49) " fcode="select"/>
<opset="DBv/4 "/>
</bind>
</comp>

<comp id="1232" class="1004" name="zext_ln1030_fu_1232">
<pin_list>
<pin id="1233" dir="0" index="0" bw="10" slack="0"/>
<pin id="1234" dir="1" index="1" bw="11" slack="0"/>
</pin_list>
<bind>
<opcode="zext(34) " fcode="zext"/>
<opset="zext_ln1030/4 "/>
</bind>
</comp>

<comp id="1236" class="1004" name="zext_ln1030_1_fu_1236">
<pin_list>
<pin id="1237" dir="0" index="0" bw="10" slack="0"/>
<pin id="1238" dir="1" index="1" bw="11" slack="0"/>
</pin_list>
<bind>
<opcode="zext(34) " fcode="zext"/>
<opset="zext_ln1030_1/4 "/>
</bind>
</comp>

<comp id="1240" class="1004" name="add_ln1030_fu_1240">
<pin_list>
<pin id="1241" dir="0" index="0" bw="10" slack="0"/>
<pin id="1242" dir="0" index="1" bw="10" slack="0"/>
<pin id="1243" dir="1" index="2" bw="11" slack="0"/>
</pin_list>
<bind>
<opcode="add(8) " fcode="add"/>
<opset="add_ln1030/4 "/>
</bind>
</comp>

<comp id="1246" class="1004" name="zext_ln1030_2_fu_1246">
<pin_list>
<pin id="1247" dir="0" index="0" bw="11" slack="0"/>
<pin id="1248" dir="1" index="1" bw="12" slack="0"/>
</pin_list>
<bind>
<opcode="zext(34) " fcode="zext"/>
<opset="zext_ln1030_2/4 "/>
</bind>
</comp>

<comp id="1250" class="1004" name="zext_ln1030_3_fu_1250">
<pin_list>
<pin id="1251" dir="0" index="0" bw="10" slack="0"/>
<pin id="1252" dir="1" index="1" bw="12" slack="0"/>
</pin_list>
<bind>
<opcode="zext(34) " fcode="zext"/>
<opset="zext_ln1030_3/4 "/>
</bind>
</comp>

<comp id="1254" class="1004" name="add_ln1030_1_fu_1254">
<pin_list>
<pin id="1255" dir="0" index="0" bw="11" slack="0"/>
<pin id="1256" dir="0" index="1" bw="10" slack="0"/>
<pin id="1257" dir="1" index="2" bw="12" slack="0"/>
</pin_list>
<bind>
<opcode="add(8) " fcode="add"/>
<opset="add_ln1030_1/4 "/>
</bind>
</comp>

<comp id="1260" class="1004" name="zext_ln1030_6_fu_1260">
<pin_list>
<pin id="1261" dir="0" index="0" bw="11" slack="1"/>
<pin id="1262" dir="1" index="1" bw="12" slack="0"/>
</pin_list>
<bind>
<opcode="zext(34) " fcode="zext"/>
<opset="zext_ln1030_6/4 "/>
</bind>
</comp>

<comp id="1263" class="1004" name="zext_ln1030_7_fu_1263">
<pin_list>
<pin id="1264" dir="0" index="0" bw="10" slack="0"/>
<pin id="1265" dir="1" index="1" bw="12" slack="0"/>
</pin_list>
<bind>
<opcode="zext(34) " fcode="zext"/>
<opset="zext_ln1030_7/4 "/>
</bind>
</comp>

<comp id="1267" class="1004" name="add_ln1030_3_fu_1267">
<pin_list>
<pin id="1268" dir="0" index="0" bw="11" slack="0"/>
<pin id="1269" dir="0" index="1" bw="10" slack="0"/>
<pin id="1270" dir="1" index="2" bw="12" slack="0"/>
</pin_list>
<bind>
<opcode="add(8) " fcode="add"/>
<opset="add_ln1030_3/4 "/>
</bind>
</comp>

<comp id="1273" class="1004" name="icmp_ln1030_fu_1273">
<pin_list>
<pin id="1274" dir="0" index="0" bw="12" slack="0"/>
<pin id="1275" dir="0" index="1" bw="12" slack="0"/>
<pin id="1276" dir="1" index="2" bw="1" slack="0"/>
</pin_list>
<bind>
<opcode="icmp(45) " fcode="icmp"/>
<opset="icmp_ln1030/4 "/>
</bind>
</comp>

<comp id="1279" class="1004" name="sext_ln1033_fu_1279">
<pin_list>
<pin id="1280" dir="0" index="0" bw="11" slack="1"/>
<pin id="1281" dir="1" index="1" bw="12" slack="0"/>
</pin_list>
<bind>
<opcode="sext(35) " fcode="sext"/>
<opset="sext_ln1033/4 "/>
</bind>
</comp>

<comp id="1282" class="1004" name="sext_ln1033_1_fu_1282">
<pin_list>
<pin id="1283" dir="0" index="0" bw="11" slack="1"/>
<pin id="1284" dir="1" index="1" bw="12" slack="0"/>
</pin_list>
<bind>
<opcode="sext(35) " fcode="sext"/>
<opset="sext_ln1033_1/4 "/>
</bind>
</comp>

<comp id="1285" class="1004" name="add_ln1033_fu_1285">
<pin_list>
<pin id="1286" dir="0" index="0" bw="11" slack="0"/>
<pin id="1287" dir="0" index="1" bw="11" slack="0"/>
<pin id="1288" dir="1" index="2" bw="12" slack="0"/>
</pin_list>
<bind>
<opcode="add(8) " fcode="add"/>
<opset="add_ln1033/4 "/>
</bind>
</comp>

<comp id="1291" class="1004" name="sext_ln1033_2_fu_1291">
<pin_list>
<pin id="1292" dir="0" index="0" bw="12" slack="0"/>
<pin id="1293" dir="1" index="1" bw="13" slack="0"/>
</pin_list>
<bind>
<opcode="sext(35) " fcode="sext"/>
<opset="sext_ln1033_2/4 "/>
</bind>
</comp>

<comp id="1295" class="1004" name="tmp_16_fu_1295">
<pin_list>
<pin id="1296" dir="0" index="0" bw="1" slack="0"/>
<pin id="1297" dir="0" index="1" bw="12" slack="0"/>
<pin id="1298" dir="0" index="2" bw="5" slack="0"/>
<pin id="1299" dir="1" index="3" bw="1" slack="0"/>
</pin_list>
<bind>
<opcode="bitselect(1000) " fcode="bitselect"/>
<opset="tmp_16/4 "/>
</bind>
</comp>

<comp id="1303" class="1004" name="sub_ln1033_2_fu_1303">
<pin_list>
<pin id="1304" dir="0" index="0" bw="1" slack="0"/>
<pin id="1305" dir="0" index="1" bw="12" slack="0"/>
<pin id="1306" dir="1" index="2" bw="13" slack="0"/>
</pin_list>
<bind>
<opcode="sub(10) " fcode="sub"/>
<opset="sub_ln1033_2/4 "/>
</bind>
</comp>

<comp id="1309" class="1004" name="lshr_ln1033_1_cast_fu_1309">
<pin_list>
<pin id="1310" dir="0" index="0" bw="11" slack="0"/>
<pin id="1311" dir="0" index="1" bw="13" slack="0"/>
<pin id="1312" dir="0" index="2" bw="1" slack="0"/>
<pin id="1313" dir="0" index="3" bw="5" slack="0"/>
<pin id="1314" dir="1" index="4" bw="11" slack="0"/>
</pin_list>
<bind>
<opcode="partselect(1002) " fcode="partselect"/>
<opset="lshr_ln1033_1_cast/4 "/>
</bind>
</comp>

<comp id="1319" class="1004" name="sub_ln1033_3_fu_1319">
<pin_list>
<pin id="1320" dir="0" index="0" bw="1" slack="0"/>
<pin id="1321" dir="0" index="1" bw="11" slack="0"/>
<pin id="1322" dir="1" index="2" bw="11" slack="0"/>
</pin_list>
<bind>
<opcode="sub(10) " fcode="sub"/>
<opset="sub_ln1033_3/4 "/>
</bind>
</comp>

<comp id="1325" class="1004" name="zext_ln_fu_1325">
<pin_list>
<pin id="1326" dir="0" index="0" bw="11" slack="0"/>
<pin id="1327" dir="0" index="1" bw="12" slack="0"/>
<pin id="1328" dir="0" index="2" bw="1" slack="0"/>
<pin id="1329" dir="0" index="3" bw="5" slack="0"/>
<pin id="1330" dir="1" index="4" bw="11" slack="0"/>
</pin_list>
<bind>
<opcode="partselect(1002) " fcode="partselect"/>
<opset="zext_ln/4 "/>
</bind>
</comp>

<comp id="1335" class="1004" name="select_ln1033_fu_1335">
<pin_list>
<pin id="1336" dir="0" index="0" bw="1" slack="0"/>
<pin id="1337" dir="0" index="1" bw="11" slack="0"/>
<pin id="1338" dir="0" index="2" bw="11" slack="0"/>
<pin id="1339" dir="1" index="3" bw="11" slack="0"/>
</pin_list>
<bind>
<opcode="select(49) " fcode="select"/>
<opset="select_ln1033/4 "/>
</bind>
</comp>

<comp id="1343" class="1004" name="zext_ln1034_1_fu_1343">
<pin_list>
<pin id="1344" dir="0" index="0" bw="10" slack="1"/>
<pin id="1345" dir="1" index="1" bw="12" slack="0"/>
</pin_list>
<bind>
<opcode="zext(34) " fcode="zext"/>
<opset="zext_ln1034_1/4 "/>
</bind>
</comp>

<comp id="1347" class="1004" name="sext_ln1034_fu_1347">
<pin_list>
<pin id="1348" dir="0" index="0" bw="11" slack="1"/>
<pin id="1349" dir="1" index="1" bw="12" slack="0"/>
</pin_list>
<bind>
<opcode="sext(35) " fcode="sext"/>
<opset="sext_ln1034/4 "/>
</bind>
</comp>

<comp id="1350" class="1004" name="sext_ln1034_1_fu_1350">
<pin_list>
<pin id="1351" dir="0" index="0" bw="11" slack="1"/>
<pin id="1352" dir="1" index="1" bw="12" slack="0"/>
</pin_list>
<bind>
<opcode="sext(35) " fcode="sext"/>
<opset="sext_ln1034_1/4 "/>
</bind>
</comp>

<comp id="1353" class="1004" name="add_ln1034_fu_1353">
<pin_list>
<pin id="1354" dir="0" index="0" bw="11" slack="0"/>
<pin id="1355" dir="0" index="1" bw="11" slack="0"/>
<pin id="1356" dir="1" index="2" bw="12" slack="0"/>
</pin_list>
<bind>
<opcode="add(8) " fcode="add"/>
<opset="add_ln1034/4 "/>
</bind>
</comp>

<comp id="1359" class="1004" name="sext_ln1034_2_fu_1359">
<pin_list>
<pin id="1360" dir="0" index="0" bw="12" slack="0"/>
<pin id="1361" dir="1" index="1" bw="13" slack="0"/>
</pin_list>
<bind>
<opcode="sext(35) " fcode="sext"/>
<opset="sext_ln1034_2/4 "/>
</bind>
</comp>

<comp id="1363" class="1004" name="tmp_17_fu_1363">
<pin_list>
<pin id="1364" dir="0" index="0" bw="1" slack="0"/>
<pin id="1365" dir="0" index="1" bw="12" slack="0"/>
<pin id="1366" dir="0" index="2" bw="5" slack="0"/>
<pin id="1367" dir="1" index="3" bw="1" slack="0"/>
</pin_list>
<bind>
<opcode="bitselect(1000) " fcode="bitselect"/>
<opset="tmp_17/4 "/>
</bind>
</comp>

<comp id="1371" class="1004" name="sub_ln1034_2_fu_1371">
<pin_list>
<pin id="1372" dir="0" index="0" bw="1" slack="0"/>
<pin id="1373" dir="0" index="1" bw="12" slack="0"/>
<pin id="1374" dir="1" index="2" bw="13" slack="0"/>
</pin_list>
<bind>
<opcode="sub(10) " fcode="sub"/>
<opset="sub_ln1034_2/4 "/>
</bind>
</comp>

<comp id="1377" class="1004" name="lshr_ln1034_1_cast_fu_1377">
<pin_list>
<pin id="1378" dir="0" index="0" bw="11" slack="0"/>
<pin id="1379" dir="0" index="1" bw="13" slack="0"/>
<pin id="1380" dir="0" index="2" bw="1" slack="0"/>
<pin id="1381" dir="0" index="3" bw="5" slack="0"/>
<pin id="1382" dir="1" index="4" bw="11" slack="0"/>
</pin_list>
<bind>
<opcode="partselect(1002) " fcode="partselect"/>
<opset="lshr_ln1034_1_cast/4 "/>
</bind>
</comp>

<comp id="1387" class="1004" name="sub_ln1034_3_fu_1387">
<pin_list>
<pin id="1388" dir="0" index="0" bw="1" slack="0"/>
<pin id="1389" dir="0" index="1" bw="11" slack="0"/>
<pin id="1390" dir="1" index="2" bw="11" slack="0"/>
</pin_list>
<bind>
<opcode="sub(10) " fcode="sub"/>
<opset="sub_ln1034_3/4 "/>
</bind>
</comp>

<comp id="1393" class="1004" name="zext_ln1_fu_1393">
<pin_list>
<pin id="1394" dir="0" index="0" bw="11" slack="0"/>
<pin id="1395" dir="0" index="1" bw="12" slack="0"/>
<pin id="1396" dir="0" index="2" bw="1" slack="0"/>
<pin id="1397" dir="0" index="3" bw="5" slack="0"/>
<pin id="1398" dir="1" index="4" bw="11" slack="0"/>
</pin_list>
<bind>
<opcode="partselect(1002) " fcode="partselect"/>
<opset="zext_ln1/4 "/>
</bind>
</comp>

<comp id="1403" class="1004" name="select_ln1034_fu_1403">
<pin_list>
<pin id="1404" dir="0" index="0" bw="1" slack="0"/>
<pin id="1405" dir="0" index="1" bw="11" slack="0"/>
<pin id="1406" dir="0" index="2" bw="11" slack="0"/>
<pin id="1407" dir="1" index="3" bw="11" slack="0"/>
</pin_list>
<bind>
<opcode="select(49) " fcode="select"/>
<opset="select_ln1034/4 "/>
</bind>
</comp>

<comp id="1411" class="1004" name="sext_ln1039_fu_1411">
<pin_list>
<pin id="1412" dir="0" index="0" bw="11" slack="1"/>
<pin id="1413" dir="1" index="1" bw="12" slack="0"/>
</pin_list>
<bind>
<opcode="sext(35) " fcode="sext"/>
<opset="sext_ln1039/4 "/>
</bind>
</comp>

<comp id="1414" class="1004" name="sext_ln1039_1_fu_1414">
<pin_list>
<pin id="1415" dir="0" index="0" bw="11" slack="1"/>
<pin id="1416" dir="1" index="1" bw="12" slack="0"/>
</pin_list>
<bind>
<opcode="sext(35) " fcode="sext"/>
<opset="sext_ln1039_1/4 "/>
</bind>
</comp>

<comp id="1417" class="1004" name="add_ln1039_fu_1417">
<pin_list>
<pin id="1418" dir="0" index="0" bw="11" slack="0"/>
<pin id="1419" dir="0" index="1" bw="11" slack="0"/>
<pin id="1420" dir="1" index="2" bw="12" slack="0"/>
</pin_list>
<bind>
<opcode="add(8) " fcode="add"/>
<opset="add_ln1039/4 "/>
</bind>
</comp>

<comp id="1423" class="1004" name="sext_ln1039_2_fu_1423">
<pin_list>
<pin id="1424" dir="0" index="0" bw="12" slack="0"/>
<pin id="1425" dir="1" index="1" bw="13" slack="0"/>
</pin_list>
<bind>
<opcode="sext(35) " fcode="sext"/>
<opset="sext_ln1039_2/4 "/>
</bind>
</comp>

<comp id="1427" class="1004" name="tmp_18_fu_1427">
<pin_list>
<pin id="1428" dir="0" index="0" bw="1" slack="0"/>
<pin id="1429" dir="0" index="1" bw="12" slack="0"/>
<pin id="1430" dir="0" index="2" bw="5" slack="0"/>
<pin id="1431" dir="1" index="3" bw="1" slack="0"/>
</pin_list>
<bind>
<opcode="bitselect(1000) " fcode="bitselect"/>
<opset="tmp_18/4 "/>
</bind>
</comp>

<comp id="1435" class="1004" name="sub_ln1039_2_fu_1435">
<pin_list>
<pin id="1436" dir="0" index="0" bw="1" slack="0"/>
<pin id="1437" dir="0" index="1" bw="12" slack="0"/>
<pin id="1438" dir="1" index="2" bw="13" slack="0"/>
</pin_list>
<bind>
<opcode="sub(10) " fcode="sub"/>
<opset="sub_ln1039_2/4 "/>
</bind>
</comp>

<comp id="1441" class="1004" name="lshr_ln1039_1_cast_fu_1441">
<pin_list>
<pin id="1442" dir="0" index="0" bw="11" slack="0"/>
<pin id="1443" dir="0" index="1" bw="13" slack="0"/>
<pin id="1444" dir="0" index="2" bw="1" slack="0"/>
<pin id="1445" dir="0" index="3" bw="5" slack="0"/>
<pin id="1446" dir="1" index="4" bw="11" slack="0"/>
</pin_list>
<bind>
<opcode="partselect(1002) " fcode="partselect"/>
<opset="lshr_ln1039_1_cast/4 "/>
</bind>
</comp>

<comp id="1451" class="1004" name="sub_ln1039_3_fu_1451">
<pin_list>
<pin id="1452" dir="0" index="0" bw="1" slack="0"/>
<pin id="1453" dir="0" index="1" bw="11" slack="0"/>
<pin id="1454" dir="1" index="2" bw="11" slack="0"/>
</pin_list>
<bind>
<opcode="sub(10) " fcode="sub"/>
<opset="sub_ln1039_3/4 "/>
</bind>
</comp>

<comp id="1457" class="1004" name="zext_ln2_fu_1457">
<pin_list>
<pin id="1458" dir="0" index="0" bw="11" slack="0"/>
<pin id="1459" dir="0" index="1" bw="12" slack="0"/>
<pin id="1460" dir="0" index="2" bw="1" slack="0"/>
<pin id="1461" dir="0" index="3" bw="5" slack="0"/>
<pin id="1462" dir="1" index="4" bw="11" slack="0"/>
</pin_list>
<bind>
<opcode="partselect(1002) " fcode="partselect"/>
<opset="zext_ln2/4 "/>
</bind>
</comp>

<comp id="1467" class="1004" name="select_ln1039_fu_1467">
<pin_list>
<pin id="1468" dir="0" index="0" bw="1" slack="0"/>
<pin id="1469" dir="0" index="1" bw="11" slack="0"/>
<pin id="1470" dir="0" index="2" bw="11" slack="0"/>
<pin id="1471" dir="1" index="3" bw="11" slack="0"/>
</pin_list>
<bind>
<opcode="select(49) " fcode="select"/>
<opset="select_ln1039/4 "/>
</bind>
</comp>

<comp id="1475" class="1004" name="sext_ln1040_fu_1475">
<pin_list>
<pin id="1476" dir="0" index="0" bw="11" slack="1"/>
<pin id="1477" dir="1" index="1" bw="12" slack="0"/>
</pin_list>
<bind>
<opcode="sext(35) " fcode="sext"/>
<opset="sext_ln1040/4 "/>
</bind>
</comp>

<comp id="1478" class="1004" name="sext_ln1040_1_fu_1478">
<pin_list>
<pin id="1479" dir="0" index="0" bw="11" slack="1"/>
<pin id="1480" dir="1" index="1" bw="12" slack="0"/>
</pin_list>
<bind>
<opcode="sext(35) " fcode="sext"/>
<opset="sext_ln1040_1/4 "/>
</bind>
</comp>

<comp id="1481" class="1004" name="add_ln1040_fu_1481">
<pin_list>
<pin id="1482" dir="0" index="0" bw="11" slack="0"/>
<pin id="1483" dir="0" index="1" bw="11" slack="0"/>
<pin id="1484" dir="1" index="2" bw="12" slack="0"/>
</pin_list>
<bind>
<opcode="add(8) " fcode="add"/>
<opset="add_ln1040/4 "/>
</bind>
</comp>

<comp id="1487" class="1004" name="sext_ln1040_2_fu_1487">
<pin_list>
<pin id="1488" dir="0" index="0" bw="12" slack="0"/>
<pin id="1489" dir="1" index="1" bw="13" slack="0"/>
</pin_list>
<bind>
<opcode="sext(35) " fcode="sext"/>
<opset="sext_ln1040_2/4 "/>
</bind>
</comp>

<comp id="1491" class="1004" name="tmp_19_fu_1491">
<pin_list>
<pin id="1492" dir="0" index="0" bw="1" slack="0"/>
<pin id="1493" dir="0" index="1" bw="12" slack="0"/>
<pin id="1494" dir="0" index="2" bw="5" slack="0"/>
<pin id="1495" dir="1" index="3" bw="1" slack="0"/>
</pin_list>
<bind>
<opcode="bitselect(1000) " fcode="bitselect"/>
<opset="tmp_19/4 "/>
</bind>
</comp>

<comp id="1499" class="1004" name="sub_ln1040_2_fu_1499">
<pin_list>
<pin id="1500" dir="0" index="0" bw="1" slack="0"/>
<pin id="1501" dir="0" index="1" bw="12" slack="0"/>
<pin id="1502" dir="1" index="2" bw="13" slack="0"/>
</pin_list>
<bind>
<opcode="sub(10) " fcode="sub"/>
<opset="sub_ln1040_2/4 "/>
</bind>
</comp>

<comp id="1505" class="1004" name="lshr_ln1040_1_cast_fu_1505">
<pin_list>
<pin id="1506" dir="0" index="0" bw="11" slack="0"/>
<pin id="1507" dir="0" index="1" bw="13" slack="0"/>
<pin id="1508" dir="0" index="2" bw="1" slack="0"/>
<pin id="1509" dir="0" index="3" bw="5" slack="0"/>
<pin id="1510" dir="1" index="4" bw="11" slack="0"/>
</pin_list>
<bind>
<opcode="partselect(1002) " fcode="partselect"/>
<opset="lshr_ln1040_1_cast/4 "/>
</bind>
</comp>

<comp id="1515" class="1004" name="sub_ln1040_3_fu_1515">
<pin_list>
<pin id="1516" dir="0" index="0" bw="1" slack="0"/>
<pin id="1517" dir="0" index="1" bw="11" slack="0"/>
<pin id="1518" dir="1" index="2" bw="11" slack="0"/>
</pin_list>
<bind>
<opcode="sub(10) " fcode="sub"/>
<opset="sub_ln1040_3/4 "/>
</bind>
</comp>

<comp id="1521" class="1004" name="zext_ln3_fu_1521">
<pin_list>
<pin id="1522" dir="0" index="0" bw="11" slack="0"/>
<pin id="1523" dir="0" index="1" bw="12" slack="0"/>
<pin id="1524" dir="0" index="2" bw="1" slack="0"/>
<pin id="1525" dir="0" index="3" bw="5" slack="0"/>
<pin id="1526" dir="1" index="4" bw="11" slack="0"/>
</pin_list>
<bind>
<opcode="partselect(1002) " fcode="partselect"/>
<opset="zext_ln3/4 "/>
</bind>
</comp>

<comp id="1531" class="1004" name="select_ln1040_fu_1531">
<pin_list>
<pin id="1532" dir="0" index="0" bw="1" slack="0"/>
<pin id="1533" dir="0" index="1" bw="11" slack="0"/>
<pin id="1534" dir="0" index="2" bw="11" slack="0"/>
<pin id="1535" dir="1" index="3" bw="11" slack="0"/>
</pin_list>
<bind>
<opcode="select(49) " fcode="select"/>
<opset="select_ln1040/4 "/>
</bind>
</comp>

<comp id="1539" class="1004" name="r_0_in_i_v_v_fu_1539">
<pin_list>
<pin id="1540" dir="0" index="0" bw="1" slack="0"/>
<pin id="1541" dir="0" index="1" bw="11" slack="0"/>
<pin id="1542" dir="0" index="2" bw="11" slack="0"/>
<pin id="1543" dir="1" index="3" bw="11" slack="0"/>
</pin_list>
<bind>
<opcode="select(49) " fcode="select"/>
<opset="r_0_in_i_v_v/4 "/>
</bind>
</comp>

<comp id="1547" class="1004" name="r_0_in_i_v_v_cast_fu_1547">
<pin_list>
<pin id="1548" dir="0" index="0" bw="11" slack="0"/>
<pin id="1549" dir="1" index="1" bw="12" slack="0"/>
</pin_list>
<bind>
<opcode="sext(35) " fcode="sext"/>
<opset="r_0_in_i_v_v_cast/4 "/>
</bind>
</comp>

<comp id="1551" class="1004" name="r_0_in_i_fu_1551">
<pin_list>
<pin id="1552" dir="0" index="0" bw="10" slack="0"/>
<pin id="1553" dir="0" index="1" bw="11" slack="0"/>
<pin id="1554" dir="1" index="2" bw="12" slack="0"/>
</pin_list>
<bind>
<opcode="sub(10) " fcode="sub"/>
<opset="r_0_in_i/4 "/>
</bind>
</comp>

<comp id="1557" class="1004" name="b_0_in_i_v_v_fu_1557">
<pin_list>
<pin id="1558" dir="0" index="0" bw="1" slack="0"/>
<pin id="1559" dir="0" index="1" bw="11" slack="0"/>
<pin id="1560" dir="0" index="2" bw="11" slack="0"/>
<pin id="1561" dir="1" index="3" bw="11" slack="0"/>
</pin_list>
<bind>
<opcode="select(49) " fcode="select"/>
<opset="b_0_in_i_v_v/4 "/>
</bind>
</comp>

<comp id="1565" class="1004" name="b_0_in_i_v_v_cast_fu_1565">
<pin_list>
<pin id="1566" dir="0" index="0" bw="11" slack="0"/>
<pin id="1567" dir="1" index="1" bw="12" slack="0"/>
</pin_list>
<bind>
<opcode="sext(35) " fcode="sext"/>
<opset="b_0_in_i_v_v_cast/4 "/>
</bind>
</comp>

<comp id="1569" class="1004" name="b_0_in_i_fu_1569">
<pin_list>
<pin id="1570" dir="0" index="0" bw="10" slack="0"/>
<pin id="1571" dir="0" index="1" bw="11" slack="0"/>
<pin id="1572" dir="1" index="2" bw="12" slack="0"/>
</pin_list>
<bind>
<opcode="sub(10) " fcode="sub"/>
<opset="b_0_in_i/4 "/>
</bind>
</comp>

<comp id="1575" class="1004" name="tmp_21_fu_1575">
<pin_list>
<pin id="1576" dir="0" index="0" bw="2" slack="0"/>
<pin id="1577" dir="0" index="1" bw="12" slack="0"/>
<pin id="1578" dir="0" index="2" bw="5" slack="0"/>
<pin id="1579" dir="0" index="3" bw="5" slack="0"/>
<pin id="1580" dir="1" index="4" bw="2" slack="1"/>
</pin_list>
<bind>
<opcode="partselect(1002) " fcode="partselect"/>
<opset="tmp_21/4 "/>
</bind>
</comp>

<comp id="1585" class="1004" name="tmp_23_fu_1585">
<pin_list>
<pin id="1586" dir="0" index="0" bw="2" slack="0"/>
<pin id="1587" dir="0" index="1" bw="12" slack="0"/>
<pin id="1588" dir="0" index="2" bw="5" slack="0"/>
<pin id="1589" dir="0" index="3" bw="5" slack="0"/>
<pin id="1590" dir="1" index="4" bw="2" slack="1"/>
</pin_list>
<bind>
<opcode="partselect(1002) " fcode="partselect"/>
<opset="tmp_23/4 "/>
</bind>
</comp>

<comp id="1595" class="1004" name="r_0_in_i_cast1_fu_1595">
<pin_list>
<pin id="1596" dir="0" index="0" bw="12" slack="1"/>
<pin id="1597" dir="1" index="1" bw="14" slack="0"/>
</pin_list>
<bind>
<opcode="sext(35) " fcode="sext"/>
<opset="r_0_in_i_cast1/5 "/>
</bind>
</comp>

<comp id="1598" class="1004" name="sext_ln1048_fu_1598">
<pin_list>
<pin id="1599" dir="0" index="0" bw="12" slack="1"/>
<pin id="1600" dir="1" index="1" bw="14" slack="0"/>
</pin_list>
<bind>
<opcode="sext(35) " fcode="sext"/>
<opset="sext_ln1048/5 "/>
</bind>
</comp>

<comp id="1601" class="1004" name="trunc_ln1048_fu_1601">
<pin_list>
<pin id="1602" dir="0" index="0" bw="12" slack="1"/>
<pin id="1603" dir="1" index="1" bw="10" slack="0"/>
</pin_list>
<bind>
<opcode="trunc(33) " fcode="trunc"/>
<opset="trunc_ln1048/5 "/>
</bind>
</comp>

<comp id="1604" class="1004" name="trunc_ln1046_fu_1604">
<pin_list>
<pin id="1605" dir="0" index="0" bw="12" slack="1"/>
<pin id="1606" dir="1" index="1" bw="10" slack="0"/>
</pin_list>
<bind>
<opcode="trunc(33) " fcode="trunc"/>
<opset="trunc_ln1046/5 "/>
</bind>
</comp>

<comp id="1607" class="1004" name="tmp_20_fu_1607">
<pin_list>
<pin id="1608" dir="0" index="0" bw="1" slack="0"/>
<pin id="1609" dir="0" index="1" bw="12" slack="0"/>
<pin id="1610" dir="0" index="2" bw="5" slack="0"/>
<pin id="1611" dir="1" index="3" bw="1" slack="0"/>
</pin_list>
<bind>
<opcode="bitselect(1000) " fcode="bitselect"/>
<opset="tmp_20/5 "/>
</bind>
</comp>

<comp id="1615" class="1004" name="icmp_ln1042_fu_1615">
<pin_list>
<pin id="1616" dir="0" index="0" bw="2" slack="1"/>
<pin id="1617" dir="0" index="1" bw="1" slack="0"/>
<pin id="1618" dir="1" index="2" bw="1" slack="0"/>
</pin_list>
<bind>
<opcode="icmp(45) " fcode="icmp"/>
<opset="icmp_ln1042/5 "/>
</bind>
</comp>

<comp id="1620" class="1004" name="xor_ln1046_fu_1620">
<pin_list>
<pin id="1621" dir="0" index="0" bw="1" slack="0"/>
<pin id="1622" dir="0" index="1" bw="1" slack="0"/>
<pin id="1623" dir="1" index="2" bw="1" slack="0"/>
</pin_list>
<bind>
<opcode="xor(25) " fcode="xor"/>
<opset="xor_ln1046/5 "/>
</bind>
</comp>

<comp id="1626" class="1004" name="select_ln1042_fu_1626">
<pin_list>
<pin id="1627" dir="0" index="0" bw="1" slack="0"/>
<pin id="1628" dir="0" index="1" bw="1" slack="0"/>
<pin id="1629" dir="0" index="2" bw="1" slack="0"/>
<pin id="1630" dir="1" index="3" bw="10" slack="0"/>
</pin_list>
<bind>
<opcode="select(49) " fcode="select"/>
<opset="select_ln1042/5 "/>
</bind>
</comp>

<comp id="1634" class="1004" name="or_ln1042_fu_1634">
<pin_list>
<pin id="1635" dir="0" index="0" bw="1" slack="0"/>
<pin id="1636" dir="0" index="1" bw="1" slack="0"/>
<pin id="1637" dir="1" index="2" bw="1" slack="0"/>
</pin_list>
<bind>
<opcode="or(24) " fcode="or"/>
<opset="or_ln1042/5 "/>
</bind>
</comp>

<comp id="1640" class="1004" name="select_ln1046_fu_1640">
<pin_list>
<pin id="1641" dir="0" index="0" bw="1" slack="0"/>
<pin id="1642" dir="0" index="1" bw="10" slack="0"/>
<pin id="1643" dir="0" index="2" bw="10" slack="0"/>
<pin id="1644" dir="1" index="3" bw="10" slack="0"/>
</pin_list>
<bind>
<opcode="select(49) " fcode="select"/>
<opset="select_ln1046/5 "/>
</bind>
</comp>

<comp id="1648" class="1004" name="tmp_22_fu_1648">
<pin_list>
<pin id="1649" dir="0" index="0" bw="1" slack="0"/>
<pin id="1650" dir="0" index="1" bw="12" slack="0"/>
<pin id="1651" dir="0" index="2" bw="5" slack="0"/>
<pin id="1652" dir="1" index="3" bw="1" slack="0"/>
</pin_list>
<bind>
<opcode="bitselect(1000) " fcode="bitselect"/>
<opset="tmp_22/5 "/>
</bind>
</comp>

<comp id="1656" class="1004" name="icmp_ln1043_fu_1656">
<pin_list>
<pin id="1657" dir="0" index="0" bw="2" slack="1"/>
<pin id="1658" dir="0" index="1" bw="1" slack="0"/>
<pin id="1659" dir="1" index="2" bw="1" slack="0"/>
</pin_list>
<bind>
<opcode="icmp(45) " fcode="icmp"/>
<opset="icmp_ln1043/5 "/>
</bind>
</comp>

<comp id="1661" class="1004" name="xor_ln1048_fu_1661">
<pin_list>
<pin id="1662" dir="0" index="0" bw="1" slack="0"/>
<pin id="1663" dir="0" index="1" bw="1" slack="0"/>
<pin id="1664" dir="1" index="2" bw="1" slack="0"/>
</pin_list>
<bind>
<opcode="xor(25) " fcode="xor"/>
<opset="xor_ln1048/5 "/>
</bind>
</comp>

<comp id="1667" class="1004" name="select_ln1043_fu_1667">
<pin_list>
<pin id="1668" dir="0" index="0" bw="1" slack="0"/>
<pin id="1669" dir="0" index="1" bw="1" slack="0"/>
<pin id="1670" dir="0" index="2" bw="1" slack="0"/>
<pin id="1671" dir="1" index="3" bw="10" slack="0"/>
</pin_list>
<bind>
<opcode="select(49) " fcode="select"/>
<opset="select_ln1043/5 "/>
</bind>
</comp>

<comp id="1675" class="1004" name="or_ln1043_fu_1675">
<pin_list>
<pin id="1676" dir="0" index="0" bw="1" slack="0"/>
<pin id="1677" dir="0" index="1" bw="1" slack="0"/>
<pin id="1678" dir="1" index="2" bw="1" slack="0"/>
</pin_list>
<bind>
<opcode="or(24) " fcode="or"/>
<opset="or_ln1043/5 "/>
</bind>
</comp>

<comp id="1681" class="1004" name="select_ln1048_fu_1681">
<pin_list>
<pin id="1682" dir="0" index="0" bw="1" slack="0"/>
<pin id="1683" dir="0" index="1" bw="10" slack="0"/>
<pin id="1684" dir="0" index="2" bw="10" slack="0"/>
<pin id="1685" dir="1" index="3" bw="10" slack="0"/>
</pin_list>
<bind>
<opcode="select(49) " fcode="select"/>
<opset="select_ln1048/5 "/>
</bind>
</comp>

<comp id="1689" class="1004" name="phi_ln1046_fu_1689">
<pin_list>
<pin id="1690" dir="0" index="0" bw="1" slack="4"/>
<pin id="1691" dir="0" index="1" bw="10" slack="2"/>
<pin id="1692" dir="0" index="2" bw="10" slack="0"/>
<pin id="1693" dir="1" index="3" bw="10" slack="0"/>
</pin_list>
<bind>
<opcode="select(49) " fcode="select"/>
<opset="phi_ln1046/5 "/>
</bind>
</comp>

<comp id="1696" class="1004" name="phi_ln1048_fu_1696">
<pin_list>
<pin id="1697" dir="0" index="0" bw="1" slack="4"/>
<pin id="1698" dir="0" index="1" bw="10" slack="2"/>
<pin id="1699" dir="0" index="2" bw="10" slack="0"/>
<pin id="1700" dir="1" index="3" bw="10" slack="0"/>
</pin_list>
<bind>
<opcode="select(49) " fcode="select"/>
<opset="phi_ln1048/5 "/>
</bind>
</comp>

<comp id="1703" class="1004" name="or_ln1054_3_i_fu_1703">
<pin_list>
<pin id="1704" dir="0" index="0" bw="30" slack="0"/>
<pin id="1705" dir="0" index="1" bw="10" slack="0"/>
<pin id="1706" dir="0" index="2" bw="10" slack="0"/>
<pin id="1707" dir="0" index="3" bw="10" slack="2"/>
<pin id="1708" dir="1" index="4" bw="30" slack="0"/>
</pin_list>
<bind>
<opcode="bitconcatenate(1004) " fcode="bitconcatenate"/>
<opset="or_ln1054_3_i/5 "/>
</bind>
</comp>

<comp id="1714" class="1004" name="store_ln0_store_fu_1714">
<pin_list>
<pin id="1715" dir="0" index="0" bw="10" slack="1"/>
<pin id="1716" dir="0" index="1" bw="10" slack="0"/>
<pin id="1717" dir="1" index="2" bw="0" slack="2147483647"/>
</pin_list>
<bind>
<opcode="store(28) " fcode="store"/>
<opset="store_ln0/4 "/>
</bind>
</comp>

<comp id="1719" class="1004" name="store_ln0_store_fu_1719">
<pin_list>
<pin id="1720" dir="0" index="0" bw="10" slack="2"/>
<pin id="1721" dir="0" index="1" bw="10" slack="0"/>
<pin id="1722" dir="1" index="2" bw="0" slack="2147483647"/>
</pin_list>
<bind>
<opcode="store(28) " fcode="store"/>
<opset="store_ln0/4 "/>
</bind>
</comp>

<comp id="1724" class="1004" name="store_ln0_store_fu_1724">
<pin_list>
<pin id="1725" dir="0" index="0" bw="10" slack="2"/>
<pin id="1726" dir="0" index="1" bw="10" slack="0"/>
<pin id="1727" dir="1" index="2" bw="0" slack="2147483647"/>
</pin_list>
<bind>
<opcode="store(28) " fcode="store"/>
<opset="store_ln0/4 "/>
</bind>
</comp>

<comp id="1729" class="1004" name="store_ln0_store_fu_1729">
<pin_list>
<pin id="1730" dir="0" index="0" bw="10" slack="2"/>
<pin id="1731" dir="0" index="1" bw="10" slack="0"/>
<pin id="1732" dir="1" index="2" bw="0" slack="2147483647"/>
</pin_list>
<bind>
<opcode="store(28) " fcode="store"/>
<opset="store_ln0/4 "/>
</bind>
</comp>

<comp id="1734" class="1004" name="store_ln0_store_fu_1734">
<pin_list>
<pin id="1735" dir="0" index="0" bw="10" slack="2"/>
<pin id="1736" dir="0" index="1" bw="10" slack="0"/>
<pin id="1737" dir="1" index="2" bw="0" slack="2147483647"/>
</pin_list>
<bind>
<opcode="store(28) " fcode="store"/>
<opset="store_ln0/4 "/>
</bind>
</comp>

<comp id="1739" class="1004" name="store_ln0_store_fu_1739">
<pin_list>
<pin id="1740" dir="0" index="0" bw="10" slack="2"/>
<pin id="1741" dir="0" index="1" bw="10" slack="0"/>
<pin id="1742" dir="1" index="2" bw="0" slack="2147483647"/>
</pin_list>
<bind>
<opcode="store(28) " fcode="store"/>
<opset="store_ln0/4 "/>
</bind>
</comp>

<comp id="1744" class="1004" name="store_ln0_store_fu_1744">
<pin_list>
<pin id="1745" dir="0" index="0" bw="10" slack="1"/>
<pin id="1746" dir="0" index="1" bw="10" slack="0"/>
<pin id="1747" dir="1" index="2" bw="0" slack="2147483647"/>
</pin_list>
<bind>
<opcode="store(28) " fcode="store"/>
<opset="store_ln0/4 "/>
</bind>
</comp>

<comp id="1749" class="1004" name="store_ln0_store_fu_1749">
<pin_list>
<pin id="1750" dir="0" index="0" bw="10" slack="2"/>
<pin id="1751" dir="0" index="1" bw="10" slack="0"/>
<pin id="1752" dir="1" index="2" bw="0" slack="2147483647"/>
</pin_list>
<bind>
<opcode="store(28) " fcode="store"/>
<opset="store_ln0/4 "/>
</bind>
</comp>

<comp id="1754" class="1004" name="store_ln0_store_fu_1754">
<pin_list>
<pin id="1755" dir="0" index="0" bw="10" slack="2"/>
<pin id="1756" dir="0" index="1" bw="10" slack="0"/>
<pin id="1757" dir="1" index="2" bw="0" slack="2147483647"/>
</pin_list>
<bind>
<opcode="store(28) " fcode="store"/>
<opset="store_ln0/4 "/>
</bind>
</comp>

<comp id="1759" class="1004" name="store_ln0_store_fu_1759">
<pin_list>
<pin id="1760" dir="0" index="0" bw="10" slack="1"/>
<pin id="1761" dir="0" index="1" bw="10" slack="0"/>
<pin id="1762" dir="1" index="2" bw="0" slack="2147483647"/>
</pin_list>
<bind>
<opcode="store(28) " fcode="store"/>
<opset="store_ln0/4 "/>
</bind>
</comp>

<comp id="1764" class="1004" name="store_ln0_store_fu_1764">
<pin_list>
<pin id="1765" dir="0" index="0" bw="10" slack="1"/>
<pin id="1766" dir="0" index="1" bw="10" slack="0"/>
<pin id="1767" dir="1" index="2" bw="0" slack="2147483647"/>
</pin_list>
<bind>
<opcode="store(28) " fcode="store"/>
<opset="store_ln0/4 "/>
</bind>
</comp>

<comp id="1769" class="1004" name="store_ln0_store_fu_1769">
<pin_list>
<pin id="1770" dir="0" index="0" bw="10" slack="1"/>
<pin id="1771" dir="0" index="1" bw="10" slack="0"/>
<pin id="1772" dir="1" index="2" bw="0" slack="2147483647"/>
</pin_list>
<bind>
<opcode="store(28) " fcode="store"/>
<opset="store_ln0/4 "/>
</bind>
</comp>

<comp id="1774" class="1005" name="x_reg_1774">
<pin_list>
<pin id="1775" dir="0" index="0" bw="11" slack="0"/>
<pin id="1776" dir="1" index="1" bw="11" slack="0"/>
</pin_list>
<bind>
<opset="x "/>
</bind>
</comp>

<comp id="1781" class="1005" name="p_0_0_0116617811792_i_reg_1781">
<pin_list>
<pin id="1782" dir="0" index="0" bw="10" slack="0"/>
<pin id="1783" dir="1" index="1" bw="10" slack="0"/>
</pin_list>
<bind>
<opset="p_0_0_0116617811792_i "/>
</bind>
</comp>

<comp id="1788" class="1005" name="p_0_0_0116517831794_i_reg_1788">
<pin_list>
<pin id="1789" dir="0" index="0" bw="10" slack="0"/>
<pin id="1790" dir="1" index="1" bw="10" slack="0"/>
</pin_list>
<bind>
<opset="p_0_0_0116517831794_i "/>
</bind>
</comp>

<comp id="1795" class="1005" name="p_0_0_0116417851796_i_reg_1795">
<pin_list>
<pin id="1796" dir="0" index="0" bw="10" slack="0"/>
<pin id="1797" dir="1" index="1" bw="10" slack="0"/>
</pin_list>
<bind>
<opset="p_0_0_0116417851796_i "/>
</bind>
</comp>

<comp id="1802" class="1005" name="right_reg_1802">
<pin_list>
<pin id="1803" dir="0" index="0" bw="10" slack="0"/>
<pin id="1804" dir="1" index="1" bw="10" slack="0"/>
</pin_list>
<bind>
<opset="right "/>
</bind>
</comp>

<comp id="1810" class="1005" name="right_1_reg_1810">
<pin_list>
<pin id="1811" dir="0" index="0" bw="10" slack="0"/>
<pin id="1812" dir="1" index="1" bw="10" slack="0"/>
</pin_list>
<bind>
<opset="right_1 "/>
</bind>
</comp>

<comp id="1818" class="1005" name="right_2_reg_1818">
<pin_list>
<pin id="1819" dir="0" index="0" bw="10" slack="0"/>
<pin id="1820" dir="1" index="1" bw="10" slack="0"/>
</pin_list>
<bind>
<opset="right_2 "/>
</bind>
</comp>

<comp id="1826" class="1005" name="p_0_0_01179_217751804_i_reg_1826">
<pin_list>
<pin id="1827" dir="0" index="0" bw="10" slack="0"/>
<pin id="1828" dir="1" index="1" bw="10" slack="0"/>
</pin_list>
<bind>
<opset="p_0_0_01179_217751804_i "/>
</bind>
</comp>

<comp id="1833" class="1005" name="p_0_0_01178_217771806_i_reg_1833">
<pin_list>
<pin id="1834" dir="0" index="0" bw="10" slack="0"/>
<pin id="1835" dir="1" index="1" bw="10" slack="0"/>
</pin_list>
<bind>
<opset="p_0_0_01178_217771806_i "/>
</bind>
</comp>

<comp id="1840" class="1005" name="p_0_0_01177_217791808_i_reg_1840">
<pin_list>
<pin id="1841" dir="0" index="0" bw="10" slack="0"/>
<pin id="1842" dir="1" index="1" bw="10" slack="0"/>
</pin_list>
<bind>
<opset="p_0_0_01177_217791808_i "/>
</bind>
</comp>

<comp id="1847" class="1005" name="p_0_0_0_0_011581705_i_reg_1847">
<pin_list>
<pin id="1848" dir="0" index="0" bw="10" slack="0"/>
<pin id="1849" dir="1" index="1" bw="10" slack="0"/>
</pin_list>
<bind>
<opset="p_0_0_0_0_011581705_i "/>
</bind>
</comp>

<comp id="1854" class="1005" name="p_0_1_0_0_011591708_i_reg_1854">
<pin_list>
<pin id="1855" dir="0" index="0" bw="10" slack="0"/>
<pin id="1856" dir="1" index="1" bw="10" slack="0"/>
</pin_list>
<bind>
<opset="p_0_1_0_0_011591708_i "/>
</bind>
</comp>

<comp id="1861" class="1005" name="p_0_2_0_0_011601711_i_reg_1861">
<pin_list>
<pin id="1862" dir="0" index="0" bw="10" slack="0"/>
<pin id="1863" dir="1" index="1" bw="10" slack="0"/>
</pin_list>
<bind>
<opset="p_0_2_0_0_011601711_i "/>
</bind>
</comp>

<comp id="1868" class="1005" name="icmp_ln911_reg_1868">
<pin_list>
<pin id="1869" dir="0" index="0" bw="1" slack="1"/>
<pin id="1870" dir="1" index="1" bw="1" slack="2147483647"/>
</pin_list>
<bind>
<opset="icmp_ln911 "/>
</bind>
</comp>

<comp id="1872" class="1005" name="icmp_ln975_reg_1872">
<pin_list>
<pin id="1873" dir="0" index="0" bw="1" slack="1"/>
<pin id="1874" dir="1" index="1" bw="1" slack="1"/>
</pin_list>
<bind>
<opset="icmp_ln975 "/>
</bind>
</comp>

<comp id="1879" class="1005" name="icmp_ln881_reg_1879">
<pin_list>
<pin id="1880" dir="0" index="0" bw="1" slack="1"/>
<pin id="1881" dir="1" index="1" bw="1" slack="2147483647"/>
</pin_list>
<bind>
<opset="icmp_ln881 "/>
</bind>
</comp>

<comp id="1883" class="1005" name="icmp_ln891_reg_1883">
<pin_list>
<pin id="1884" dir="0" index="0" bw="1" slack="1"/>
<pin id="1885" dir="1" index="1" bw="1" slack="2147483647"/>
</pin_list>
<bind>
<opset="icmp_ln891 "/>
</bind>
</comp>

<comp id="1887" class="1005" name="lineBuffer_addr_reg_1887">
<pin_list>
<pin id="1888" dir="0" index="0" bw="11" slack="1"/>
<pin id="1889" dir="1" index="1" bw="11" slack="1"/>
</pin_list>
<bind>
<opset="lineBuffer_addr "/>
</bind>
</comp>

<comp id="1893" class="1005" name="lineBuffer_2_addr_reg_1893">
<pin_list>
<pin id="1894" dir="0" index="0" bw="11" slack="1"/>
<pin id="1895" dir="1" index="1" bw="11" slack="1"/>
</pin_list>
<bind>
<opset="lineBuffer_2_addr "/>
</bind>
</comp>

<comp id="1899" class="1005" name="icmp_ln957_reg_1899">
<pin_list>
<pin id="1900" dir="0" index="0" bw="1" slack="1"/>
<pin id="1901" dir="1" index="1" bw="1" slack="1"/>
</pin_list>
<bind>
<opset="icmp_ln957 "/>
</bind>
</comp>

<comp id="1915" class="1005" name="icmp_ln1014_reg_1915">
<pin_list>
<pin id="1916" dir="0" index="0" bw="1" slack="2"/>
<pin id="1917" dir="1" index="1" bw="1" slack="4"/>
</pin_list>
<bind>
<opset="icmp_ln1014 "/>
</bind>
</comp>

<comp id="1921" class="1005" name="and_ln1052_reg_1921">
<pin_list>
<pin id="1922" dir="0" index="0" bw="1" slack="4"/>
<pin id="1923" dir="1" index="1" bw="1" slack="2147483647"/>
</pin_list>
<bind>
<opset="and_ln1052 "/>
</bind>
</comp>

<comp id="1925" class="1005" name="p_0_0_0116617811792_i_load_reg_1925">
<pin_list>
<pin id="1926" dir="0" index="0" bw="10" slack="1"/>
<pin id="1927" dir="1" index="1" bw="10" slack="1"/>
</pin_list>
<bind>
<opset="p_0_0_0116617811792_i_load "/>
</bind>
</comp>

<comp id="1931" class="1005" name="p_0_0_0116517831794_i_load_reg_1931">
<pin_list>
<pin id="1932" dir="0" index="0" bw="10" slack="1"/>
<pin id="1933" dir="1" index="1" bw="10" slack="1"/>
</pin_list>
<bind>
<opset="p_0_0_0116517831794_i_load "/>
</bind>
</comp>

<comp id="1937" class="1005" name="right_3_reg_1937">
<pin_list>
<pin id="1938" dir="0" index="0" bw="10" slack="1"/>
<pin id="1939" dir="1" index="1" bw="10" slack="1"/>
</pin_list>
<bind>
<opset="right_3 "/>
</bind>
</comp>

<comp id="1944" class="1005" name="right_4_reg_1944">
<pin_list>
<pin id="1945" dir="0" index="0" bw="10" slack="1"/>
<pin id="1946" dir="1" index="1" bw="10" slack="1"/>
</pin_list>
<bind>
<opset="right_4 "/>
</bind>
</comp>

<comp id="1951" class="1005" name="right_5_reg_1951">
<pin_list>
<pin id="1952" dir="0" index="0" bw="10" slack="1"/>
<pin id="1953" dir="1" index="1" bw="10" slack="1"/>
</pin_list>
<bind>
<opset="right_5 "/>
</bind>
</comp>

<comp id="1958" class="1005" name="p_0_0_01179_217751804_i_load_reg_1958">
<pin_list>
<pin id="1959" dir="0" index="0" bw="10" slack="1"/>
<pin id="1960" dir="1" index="1" bw="10" slack="1"/>
</pin_list>
<bind>
<opset="p_0_0_01179_217751804_i_load "/>
</bind>
</comp>

<comp id="1964" class="1005" name="p_0_0_01178_217771806_i_load_reg_1964">
<pin_list>
<pin id="1965" dir="0" index="0" bw="10" slack="1"/>
<pin id="1966" dir="1" index="1" bw="10" slack="1"/>
</pin_list>
<bind>
<opset="p_0_0_01178_217771806_i_load "/>
</bind>
</comp>

<comp id="1970" class="1005" name="trunc_ln902_reg_1970">
<pin_list>
<pin id="1971" dir="0" index="0" bw="10" slack="1"/>
<pin id="1972" dir="1" index="1" bw="10" slack="1"/>
</pin_list>
<bind>
<opset="trunc_ln902 "/>
</bind>
</comp>

<comp id="1976" class="1005" name="tmp_i_reg_1976">
<pin_list>
<pin id="1977" dir="0" index="0" bw="10" slack="1"/>
<pin id="1978" dir="1" index="1" bw="10" slack="1"/>
</pin_list>
<bind>
<opset="tmp_i "/>
</bind>
</comp>

<comp id="1983" class="1005" name="tmp_1_i_reg_1983">
<pin_list>
<pin id="1984" dir="0" index="0" bw="10" slack="1"/>
<pin id="1985" dir="1" index="1" bw="10" slack="1"/>
</pin_list>
<bind>
<opset="tmp_1_i "/>
</bind>
</comp>

<comp id="1991" class="1005" name="tmp_4_i_reg_1991">
<pin_list>
<pin id="1992" dir="0" index="0" bw="10" slack="1"/>
<pin id="1993" dir="1" index="1" bw="10" slack="1"/>
</pin_list>
<bind>
<opset="tmp_4_i "/>
</bind>
</comp>

<comp id="1997" class="1005" name="trunc_ln913_3_reg_1997">
<pin_list>
<pin id="1998" dir="0" index="0" bw="10" slack="1"/>
<pin id="1999" dir="1" index="1" bw="10" slack="1"/>
</pin_list>
<bind>
<opset="trunc_ln913_3 "/>
</bind>
</comp>

<comp id="2002" class="1005" name="select_ln957_7_reg_2002">
<pin_list>
<pin id="2003" dir="0" index="0" bw="10" slack="1"/>
<pin id="2004" dir="1" index="1" bw="10" slack="1"/>
</pin_list>
<bind>
<opset="select_ln957_7 "/>
</bind>
</comp>

<comp id="2007" class="1005" name="select_ln957_8_reg_2007">
<pin_list>
<pin id="2008" dir="0" index="0" bw="10" slack="1"/>
<pin id="2009" dir="1" index="1" bw="10" slack="1"/>
</pin_list>
<bind>
<opset="select_ln957_8 "/>
</bind>
</comp>

<comp id="2012" class="1005" name="select_ln957_10_reg_2012">
<pin_list>
<pin id="2013" dir="0" index="0" bw="10" slack="1"/>
<pin id="2014" dir="1" index="1" bw="10" slack="1"/>
</pin_list>
<bind>
<opset="select_ln957_10 "/>
</bind>
</comp>

<comp id="2017" class="1005" name="select_ln957_11_reg_2017">
<pin_list>
<pin id="2018" dir="0" index="0" bw="10" slack="1"/>
<pin id="2019" dir="1" index="1" bw="10" slack="1"/>
</pin_list>
<bind>
<opset="select_ln957_11 "/>
</bind>
</comp>

<comp id="2022" class="1005" name="select_ln975_reg_2022">
<pin_list>
<pin id="2023" dir="0" index="0" bw="10" slack="1"/>
<pin id="2024" dir="1" index="1" bw="10" slack="1"/>
</pin_list>
<bind>
<opset="select_ln975 "/>
</bind>
</comp>

<comp id="2027" class="1005" name="p_0_0_0116417851796_i_load_reg_2027">
<pin_list>
<pin id="2028" dir="0" index="0" bw="10" slack="1"/>
<pin id="2029" dir="1" index="1" bw="10" slack="1"/>
</pin_list>
<bind>
<opset="p_0_0_0116417851796_i_load "/>
</bind>
</comp>

<comp id="2032" class="1005" name="p_0_0_01177_217791808_i_load_reg_2032">
<pin_list>
<pin id="2033" dir="0" index="0" bw="10" slack="1"/>
<pin id="2034" dir="1" index="1" bw="10" slack="1"/>
</pin_list>
<bind>
<opset="p_0_0_01177_217791808_i_load "/>
</bind>
</comp>

<comp id="2037" class="1005" name="p_0_0_0_0_011581705_i_load_reg_2037">
<pin_list>
<pin id="2038" dir="0" index="0" bw="10" slack="1"/>
<pin id="2039" dir="1" index="1" bw="10" slack="1"/>
</pin_list>
<bind>
<opset="p_0_0_0_0_011581705_i_load "/>
</bind>
</comp>

<comp id="2042" class="1005" name="p_0_1_0_0_011591708_i_load_reg_2042">
<pin_list>
<pin id="2043" dir="0" index="0" bw="10" slack="1"/>
<pin id="2044" dir="1" index="1" bw="10" slack="1"/>
</pin_list>
<bind>
<opset="p_0_1_0_0_011591708_i_load "/>
</bind>
</comp>

<comp id="2047" class="1005" name="p_0_2_0_0_011601711_i_load_reg_2047">
<pin_list>
<pin id="2048" dir="0" index="0" bw="10" slack="1"/>
<pin id="2049" dir="1" index="1" bw="10" slack="1"/>
</pin_list>
<bind>
<opset="p_0_2_0_0_011601711_i_load "/>
</bind>
</comp>

<comp id="2052" class="1005" name="sub_ln1023_reg_2052">
<pin_list>
<pin id="2053" dir="0" index="0" bw="11" slack="1"/>
<pin id="2054" dir="1" index="1" bw="11" slack="1"/>
</pin_list>
<bind>
<opset="sub_ln1023 "/>
</bind>
</comp>

<comp id="2057" class="1005" name="trunc_ln61_reg_2057">
<pin_list>
<pin id="2058" dir="0" index="0" bw="10" slack="1"/>
<pin id="2059" dir="1" index="1" bw="10" slack="1"/>
</pin_list>
<bind>
<opset="trunc_ln61 "/>
</bind>
</comp>

<comp id="2062" class="1005" name="sub_ln61_reg_2062">
<pin_list>
<pin id="2063" dir="0" index="0" bw="10" slack="1"/>
<pin id="2064" dir="1" index="1" bw="10" slack="1"/>
</pin_list>
<bind>
<opset="sub_ln61 "/>
</bind>
</comp>

<comp id="2067" class="1005" name="sub_ln1025_reg_2067">
<pin_list>
<pin id="2068" dir="0" index="0" bw="11" slack="1"/>
<pin id="2069" dir="1" index="1" bw="11" slack="1"/>
</pin_list>
<bind>
<opset="sub_ln1025 "/>
</bind>
</comp>

<comp id="2072" class="1005" name="trunc_ln61_5_reg_2072">
<pin_list>
<pin id="2073" dir="0" index="0" bw="10" slack="1"/>
<pin id="2074" dir="1" index="1" bw="10" slack="1"/>
</pin_list>
<bind>
<opset="trunc_ln61_5 "/>
</bind>
</comp>

<comp id="2077" class="1005" name="sub_ln61_5_reg_2077">
<pin_list>
<pin id="2078" dir="0" index="0" bw="10" slack="1"/>
<pin id="2079" dir="1" index="1" bw="10" slack="1"/>
</pin_list>
<bind>
<opset="sub_ln61_5 "/>
</bind>
</comp>

<comp id="2082" class="1005" name="sub_ln1027_reg_2082">
<pin_list>
<pin id="2083" dir="0" index="0" bw="11" slack="1"/>
<pin id="2084" dir="1" index="1" bw="11" slack="1"/>
</pin_list>
<bind>
<opset="sub_ln1027 "/>
</bind>
</comp>

<comp id="2087" class="1005" name="trunc_ln61_7_reg_2087">
<pin_list>
<pin id="2088" dir="0" index="0" bw="10" slack="1"/>
<pin id="2089" dir="1" index="1" bw="10" slack="1"/>
</pin_list>
<bind>
<opset="trunc_ln61_7 "/>
</bind>
</comp>

<comp id="2093" class="1005" name="sub_ln1028_reg_2093">
<pin_list>
<pin id="2094" dir="0" index="0" bw="11" slack="1"/>
<pin id="2095" dir="1" index="1" bw="11" slack="1"/>
</pin_list>
<bind>
<opset="sub_ln1028 "/>
</bind>
</comp>

<comp id="2098" class="1005" name="trunc_ln61_8_reg_2098">
<pin_list>
<pin id="2099" dir="0" index="0" bw="10" slack="1"/>
<pin id="2100" dir="1" index="1" bw="10" slack="1"/>
</pin_list>
<bind>
<opset="trunc_ln61_8 "/>
</bind>
</comp>

<comp id="2104" class="1005" name="add_ln1030_2_reg_2104">
<pin_list>
<pin id="2105" dir="0" index="0" bw="11" slack="1"/>
<pin id="2106" dir="1" index="1" bw="11" slack="1"/>
</pin_list>
<bind>
<opset="add_ln1030_2 "/>
</bind>
</comp>

<comp id="2109" class="1005" name="sub_ln1033_reg_2109">
<pin_list>
<pin id="2110" dir="0" index="0" bw="11" slack="1"/>
<pin id="2111" dir="1" index="1" bw="11" slack="1"/>
</pin_list>
<bind>
<opset="sub_ln1033 "/>
</bind>
</comp>

<comp id="2114" class="1005" name="sub_ln1033_1_reg_2114">
<pin_list>
<pin id="2115" dir="0" index="0" bw="11" slack="1"/>
<pin id="2116" dir="1" index="1" bw="11" slack="1"/>
</pin_list>
<bind>
<opset="sub_ln1033_1 "/>
</bind>
</comp>

<comp id="2119" class="1005" name="sub_ln1034_reg_2119">
<pin_list>
<pin id="2120" dir="0" index="0" bw="11" slack="1"/>
<pin id="2121" dir="1" index="1" bw="11" slack="1"/>
</pin_list>
<bind>
<opset="sub_ln1034 "/>
</bind>
</comp>

<comp id="2124" class="1005" name="sub_ln1034_1_reg_2124">
<pin_list>
<pin id="2125" dir="0" index="0" bw="11" slack="1"/>
<pin id="2126" dir="1" index="1" bw="11" slack="1"/>
</pin_list>
<bind>
<opset="sub_ln1034_1 "/>
</bind>
</comp>

<comp id="2129" class="1005" name="sub_ln1039_reg_2129">
<pin_list>
<pin id="2130" dir="0" index="0" bw="11" slack="1"/>
<pin id="2131" dir="1" index="1" bw="11" slack="1"/>
</pin_list>
<bind>
<opset="sub_ln1039 "/>
</bind>
</comp>

<comp id="2134" class="1005" name="sub_ln1039_1_reg_2134">
<pin_list>
<pin id="2135" dir="0" index="0" bw="11" slack="1"/>
<pin id="2136" dir="1" index="1" bw="11" slack="1"/>
</pin_list>
<bind>
<opset="sub_ln1039_1 "/>
</bind>
</comp>

<comp id="2139" class="1005" name="sub_ln1040_reg_2139">
<pin_list>
<pin id="2140" dir="0" index="0" bw="11" slack="1"/>
<pin id="2141" dir="1" index="1" bw="11" slack="1"/>
</pin_list>
<bind>
<opset="sub_ln1040 "/>
</bind>
</comp>

<comp id="2144" class="1005" name="sub_ln1040_1_reg_2144">
<pin_list>
<pin id="2145" dir="0" index="0" bw="11" slack="1"/>
<pin id="2146" dir="1" index="1" bw="11" slack="1"/>
</pin_list>
<bind>
<opset="sub_ln1040_1 "/>
</bind>
</comp>

<comp id="2149" class="1005" name="r_0_in_i_reg_2149">
<pin_list>
<pin id="2150" dir="0" index="0" bw="12" slack="1"/>
<pin id="2151" dir="1" index="1" bw="12" slack="1"/>
</pin_list>
<bind>
<opset="r_0_in_i "/>
</bind>
</comp>

<comp id="2155" class="1005" name="b_0_in_i_reg_2155">
<pin_list>
<pin id="2156" dir="0" index="0" bw="12" slack="1"/>
<pin id="2157" dir="1" index="1" bw="12" slack="1"/>
</pin_list>
<bind>
<opset="b_0_in_i "/>
</bind>
</comp>

<comp id="2161" class="1005" name="tmp_21_reg_2161">
<pin_list>
<pin id="2162" dir="0" index="0" bw="2" slack="1"/>
<pin id="2163" dir="1" index="1" bw="2" slack="1"/>
</pin_list>
<bind>
<opset="tmp_21 "/>
</bind>
</comp>

<comp id="2166" class="1005" name="tmp_23_reg_2166">
<pin_list>
<pin id="2167" dir="0" index="0" bw="2" slack="1"/>
<pin id="2168" dir="1" index="1" bw="2" slack="1"/>
</pin_list>
<bind>
<opset="tmp_23 "/>
</bind>
</comp>

</comp_list>

<net_list>
<net id="149"><net_src comp="64" pin="0"/><net_sink comp="146" pin=0"/></net>

<net id="153"><net_src comp="64" pin="0"/><net_sink comp="150" pin=0"/></net>

<net id="157"><net_src comp="64" pin="0"/><net_sink comp="154" pin=0"/></net>

<net id="161"><net_src comp="64" pin="0"/><net_sink comp="158" pin=0"/></net>

<net id="165"><net_src comp="64" pin="0"/><net_sink comp="162" pin=0"/></net>

<net id="169"><net_src comp="64" pin="0"/><net_sink comp="166" pin=0"/></net>

<net id="173"><net_src comp="64" pin="0"/><net_sink comp="170" pin=0"/></net>

<net id="177"><net_src comp="64" pin="0"/><net_sink comp="174" pin=0"/></net>

<net id="181"><net_src comp="64" pin="0"/><net_sink comp="178" pin=0"/></net>

<net id="185"><net_src comp="64" pin="0"/><net_sink comp="182" pin=0"/></net>

<net id="189"><net_src comp="64" pin="0"/><net_sink comp="186" pin=0"/></net>

<net id="193"><net_src comp="64" pin="0"/><net_sink comp="190" pin=0"/></net>

<net id="197"><net_src comp="64" pin="0"/><net_sink comp="194" pin=0"/></net>

<net id="201"><net_src comp="84" pin="0"/><net_sink comp="198" pin=0"/></net>

<net id="205"><net_src comp="84" pin="0"/><net_sink comp="202" pin=0"/></net>

<net id="210"><net_src comp="76" pin="0"/><net_sink comp="206" pin=0"/></net>

<net id="211"><net_src comp="34" pin="0"/><net_sink comp="206" pin=1"/></net>

<net id="216"><net_src comp="78" pin="0"/><net_sink comp="212" pin=0"/></net>

<net id="217"><net_src comp="32" pin="0"/><net_sink comp="212" pin=1"/></net>

<net id="222"><net_src comp="80" pin="0"/><net_sink comp="218" pin=0"/></net>

<net id="223"><net_src comp="30" pin="0"/><net_sink comp="218" pin=1"/></net>

<net id="228"><net_src comp="76" pin="0"/><net_sink comp="224" pin=0"/></net>

<net id="229"><net_src comp="28" pin="0"/><net_sink comp="224" pin=1"/></net>

<net id="234"><net_src comp="76" pin="0"/><net_sink comp="230" pin=0"/></net>

<net id="235"><net_src comp="26" pin="0"/><net_sink comp="230" pin=1"/></net>

<net id="240"><net_src comp="76" pin="0"/><net_sink comp="236" pin=0"/></net>

<net id="241"><net_src comp="24" pin="0"/><net_sink comp="236" pin=1"/></net>

<net id="246"><net_src comp="82" pin="0"/><net_sink comp="242" pin=0"/></net>

<net id="247"><net_src comp="22" pin="0"/><net_sink comp="242" pin=1"/></net>

<net id="252"><net_src comp="82" pin="0"/><net_sink comp="248" pin=0"/></net>

<net id="253"><net_src comp="20" pin="0"/><net_sink comp="248" pin=1"/></net>

<net id="258"><net_src comp="82" pin="0"/><net_sink comp="254" pin=0"/></net>

<net id="259"><net_src comp="18" pin="0"/><net_sink comp="254" pin=1"/></net>

<net id="264"><net_src comp="82" pin="0"/><net_sink comp="260" pin=0"/></net>

<net id="265"><net_src comp="16" pin="0"/><net_sink comp="260" pin=1"/></net>

<net id="270"><net_src comp="82" pin="0"/><net_sink comp="266" pin=0"/></net>

<net id="271"><net_src comp="14" pin="0"/><net_sink comp="266" pin=1"/></net>

<net id="276"><net_src comp="82" pin="0"/><net_sink comp="272" pin=0"/></net>

<net id="277"><net_src comp="12" pin="0"/><net_sink comp="272" pin=1"/></net>

<net id="282"><net_src comp="82" pin="0"/><net_sink comp="278" pin=0"/></net>

<net id="283"><net_src comp="10" pin="0"/><net_sink comp="278" pin=1"/></net>

<net id="288"><net_src comp="82" pin="0"/><net_sink comp="284" pin=0"/></net>

<net id="289"><net_src comp="8" pin="0"/><net_sink comp="284" pin=1"/></net>

<net id="294"><net_src comp="82" pin="0"/><net_sink comp="290" pin=0"/></net>

<net id="295"><net_src comp="6" pin="0"/><net_sink comp="290" pin=1"/></net>

<net id="300"><net_src comp="82" pin="0"/><net_sink comp="296" pin=0"/></net>

<net id="301"><net_src comp="4" pin="0"/><net_sink comp="296" pin=1"/></net>

<net id="306"><net_src comp="82" pin="0"/><net_sink comp="302" pin=0"/></net>

<net id="307"><net_src comp="2" pin="0"/><net_sink comp="302" pin=1"/></net>

<net id="312"><net_src comp="82" pin="0"/><net_sink comp="308" pin=0"/></net>

<net id="313"><net_src comp="0" pin="0"/><net_sink comp="308" pin=1"/></net>

<net id="318"><net_src comp="106" pin="0"/><net_sink comp="314" pin=0"/></net>

<net id="319"><net_src comp="36" pin="0"/><net_sink comp="314" pin=1"/></net>

<net id="325"><net_src comp="144" pin="0"/><net_sink comp="320" pin=0"/></net>

<net id="326"><net_src comp="38" pin="0"/><net_sink comp="320" pin=1"/></net>

<net id="332"><net_src comp="202" pin="1"/><net_sink comp="327" pin=0"/></net>

<net id="333"><net_src comp="96" pin="0"/><net_sink comp="327" pin=1"/></net>

<net id="343"><net_src comp="327" pin="3"/><net_sink comp="334" pin=2"/></net>

<net id="349"><net_src comp="198" pin="1"/><net_sink comp="344" pin=0"/></net>

<net id="350"><net_src comp="96" pin="0"/><net_sink comp="344" pin=1"/></net>

<net id="360"><net_src comp="344" pin="3"/><net_sink comp="351" pin=2"/></net>

<net id="361"><net_src comp="314" pin="2"/><net_sink comp="334" pin=1"/></net>

<net id="371"><net_src comp="365" pin="4"/><net_sink comp="362" pin=0"/></net>

<net id="453"><net_src comp="447" pin="4"/><net_sink comp="444" pin=0"/></net>

<net id="463"><net_src comp="457" pin="4"/><net_sink comp="454" pin=0"/></net>

<net id="473"><net_src comp="467" pin="4"/><net_sink comp="464" pin=0"/></net>

<net id="505"><net_src comp="236" pin="2"/><net_sink comp="501" pin=0"/></net>

<net id="506"><net_src comp="230" pin="2"/><net_sink comp="501" pin=1"/></net>

<net id="511"><net_src comp="236" pin="2"/><net_sink comp="507" pin=0"/></net>

<net id="512"><net_src comp="86" pin="0"/><net_sink comp="507" pin=1"/></net>

<net id="517"><net_src comp="254" pin="2"/><net_sink comp="513" pin=0"/></net>

<net id="522"><net_src comp="248" pin="2"/><net_sink comp="518" pin=0"/></net>

<net id="527"><net_src comp="242" pin="2"/><net_sink comp="523" pin=0"/></net>

<net id="532"><net_src comp="308" pin="2"/><net_sink comp="528" pin=0"/></net>

<net id="537"><net_src comp="302" pin="2"/><net_sink comp="533" pin=0"/></net>

<net id="542"><net_src comp="296" pin="2"/><net_sink comp="538" pin=0"/></net>

<net id="547"><net_src comp="290" pin="2"/><net_sink comp="543" pin=0"/></net>

<net id="552"><net_src comp="284" pin="2"/><net_sink comp="548" pin=0"/></net>

<net id="557"><net_src comp="278" pin="2"/><net_sink comp="553" pin=0"/></net>

<net id="562"><net_src comp="272" pin="2"/><net_sink comp="558" pin=0"/></net>

<net id="567"><net_src comp="266" pin="2"/><net_sink comp="563" pin=0"/></net>

<net id="572"><net_src comp="260" pin="2"/><net_sink comp="568" pin=0"/></net>

<net id="577"><net_src comp="86" pin="0"/><net_sink comp="573" pin=0"/></net>

<net id="585"><net_src comp="578" pin="1"/><net_sink comp="581" pin=0"/></net>

<net id="586"><net_src comp="224" pin="2"/><net_sink comp="581" pin=1"/></net>

<net id="591"><net_src comp="578" pin="1"/><net_sink comp="587" pin=0"/></net>

<net id="592"><net_src comp="88" pin="0"/><net_sink comp="587" pin=1"/></net>

<net id="596"><net_src comp="578" pin="1"/><net_sink comp="593" pin=0"/></net>

<net id="600"><net_src comp="587" pin="2"/><net_sink comp="597" pin=0"/></net>

<net id="601"><net_src comp="597" pin="1"/><net_sink comp="327" pin=2"/></net>

<net id="602"><net_src comp="597" pin="1"/><net_sink comp="344" pin=2"/></net>

<net id="607"><net_src comp="578" pin="1"/><net_sink comp="603" pin=0"/></net>

<net id="608"><net_src comp="206" pin="2"/><net_sink comp="603" pin=1"/></net>

<net id="613"><net_src comp="578" pin="1"/><net_sink comp="609" pin=0"/></net>

<net id="614"><net_src comp="86" pin="0"/><net_sink comp="609" pin=1"/></net>

<net id="619"><net_src comp="218" pin="2"/><net_sink comp="615" pin=0"/></net>

<net id="620"><net_src comp="593" pin="1"/><net_sink comp="615" pin=1"/></net>

<net id="625"><net_src comp="615" pin="2"/><net_sink comp="621" pin=0"/></net>

<net id="626"><net_src comp="98" pin="0"/><net_sink comp="621" pin=1"/></net>

<net id="630"><net_src comp="621" pin="2"/><net_sink comp="627" pin=0"/></net>

<net id="635"><net_src comp="212" pin="2"/><net_sink comp="631" pin=0"/></net>

<net id="636"><net_src comp="627" pin="1"/><net_sink comp="631" pin=1"/></net>

<net id="641"><net_src comp="578" pin="1"/><net_sink comp="637" pin=0"/></net>

<net id="642"><net_src comp="86" pin="0"/><net_sink comp="637" pin=1"/></net>

<net id="647"><net_src comp="507" pin="2"/><net_sink comp="643" pin=0"/></net>

<net id="648"><net_src comp="637" pin="2"/><net_sink comp="643" pin=1"/></net>

<net id="653"><net_src comp="587" pin="2"/><net_sink comp="649" pin=0"/></net>

<net id="678"><net_src comp="334" pin="7"/><net_sink comp="675" pin=0"/></net>

<net id="679"><net_src comp="675" pin="1"/><net_sink comp="375" pin=2"/></net>

<net id="685"><net_src comp="100" pin="0"/><net_sink comp="680" pin=0"/></net>

<net id="686"><net_src comp="334" pin="7"/><net_sink comp="680" pin=1"/></net>

<net id="687"><net_src comp="102" pin="0"/><net_sink comp="680" pin=2"/></net>

<net id="688"><net_src comp="680" pin="3"/><net_sink comp="365" pin=2"/></net>

<net id="694"><net_src comp="100" pin="0"/><net_sink comp="689" pin=0"/></net>

<net id="695"><net_src comp="334" pin="7"/><net_sink comp="689" pin=1"/></net>

<net id="696"><net_src comp="104" pin="0"/><net_sink comp="689" pin=2"/></net>

<net id="700"><net_src comp="351" pin="7"/><net_sink comp="697" pin=0"/></net>

<net id="706"><net_src comp="100" pin="0"/><net_sink comp="701" pin=0"/></net>

<net id="707"><net_src comp="351" pin="7"/><net_sink comp="701" pin=1"/></net>

<net id="708"><net_src comp="102" pin="0"/><net_sink comp="701" pin=2"/></net>

<net id="714"><net_src comp="100" pin="0"/><net_sink comp="709" pin=0"/></net>

<net id="715"><net_src comp="351" pin="7"/><net_sink comp="709" pin=1"/></net>

<net id="716"><net_src comp="104" pin="0"/><net_sink comp="709" pin=2"/></net>

<net id="720"><net_src comp="314" pin="2"/><net_sink comp="717" pin=0"/></net>

<net id="721"><net_src comp="717" pin="1"/><net_sink comp="375" pin=0"/></net>

<net id="728"><net_src comp="108" pin="0"/><net_sink comp="722" pin=0"/></net>

<net id="729"><net_src comp="314" pin="2"/><net_sink comp="722" pin=1"/></net>

<net id="730"><net_src comp="102" pin="0"/><net_sink comp="722" pin=2"/></net>

<net id="731"><net_src comp="110" pin="0"/><net_sink comp="722" pin=3"/></net>

<net id="732"><net_src comp="722" pin="4"/><net_sink comp="365" pin=0"/></net>

<net id="739"><net_src comp="108" pin="0"/><net_sink comp="733" pin=0"/></net>

<net id="740"><net_src comp="314" pin="2"/><net_sink comp="733" pin=1"/></net>

<net id="741"><net_src comp="104" pin="0"/><net_sink comp="733" pin=2"/></net>

<net id="742"><net_src comp="112" pin="0"/><net_sink comp="733" pin=3"/></net>

<net id="748"><net_src comp="701" pin="3"/><net_sink comp="743" pin=1"/></net>

<net id="749"><net_src comp="657" pin="1"/><net_sink comp="743" pin=2"/></net>

<net id="755"><net_src comp="697" pin="1"/><net_sink comp="750" pin=1"/></net>

<net id="756"><net_src comp="654" pin="1"/><net_sink comp="750" pin=2"/></net>

<net id="762"><net_src comp="365" pin="4"/><net_sink comp="757" pin=1"/></net>

<net id="763"><net_src comp="672" pin="1"/><net_sink comp="757" pin=2"/></net>

<net id="769"><net_src comp="375" pin="4"/><net_sink comp="764" pin=1"/></net>

<net id="770"><net_src comp="669" pin="1"/><net_sink comp="764" pin=2"/></net>

<net id="776"><net_src comp="675" pin="1"/><net_sink comp="771" pin=1"/></net>

<net id="777"><net_src comp="375" pin="4"/><net_sink comp="771" pin=2"/></net>

<net id="782"><net_src comp="365" pin="4"/><net_sink comp="778" pin=0"/></net>

<net id="787"><net_src comp="375" pin="4"/><net_sink comp="783" pin=0"/></net>

<net id="792"><net_src comp="689" pin="3"/><net_sink comp="788" pin=0"/></net>

<net id="797"><net_src comp="680" pin="3"/><net_sink comp="793" pin=0"/></net>

<net id="802"><net_src comp="675" pin="1"/><net_sink comp="798" pin=0"/></net>

<net id="807"><net_src comp="701" pin="3"/><net_sink comp="803" pin=0"/></net>

<net id="812"><net_src comp="697" pin="1"/><net_sink comp="808" pin=0"/></net>

<net id="816"><net_src comp="813" pin="1"/><net_sink comp="477" pin=2"/></net>

<net id="820"><net_src comp="817" pin="1"/><net_sink comp="393" pin=2"/></net>

<net id="824"><net_src comp="821" pin="1"/><net_sink comp="438" pin=2"/></net>

<net id="828"><net_src comp="825" pin="1"/><net_sink comp="429" pin=2"/></net>

<net id="832"><net_src comp="829" pin="1"/><net_sink comp="420" pin=2"/></net>

<net id="838"><net_src comp="833" pin="3"/><net_sink comp="467" pin=0"/></net>

<net id="844"><net_src comp="839" pin="3"/><net_sink comp="457" pin=0"/></net>

<net id="850"><net_src comp="845" pin="3"/><net_sink comp="447" pin=0"/></net>

<net id="856"><net_src comp="821" pin="1"/><net_sink comp="851" pin=2"/></net>

<net id="857"><net_src comp="851" pin="3"/><net_sink comp="438" pin=0"/></net>

<net id="863"><net_src comp="825" pin="1"/><net_sink comp="858" pin=2"/></net>

<net id="864"><net_src comp="858" pin="3"/><net_sink comp="429" pin=0"/></net>

<net id="870"><net_src comp="829" pin="1"/><net_sink comp="865" pin=2"/></net>

<net id="871"><net_src comp="865" pin="3"/><net_sink comp="420" pin=0"/></net>

<net id="877"><net_src comp="813" pin="1"/><net_sink comp="872" pin=2"/></net>

<net id="878"><net_src comp="872" pin="3"/><net_sink comp="477" pin=0"/></net>

<net id="884"><net_src comp="384" pin="4"/><net_sink comp="879" pin=1"/></net>

<net id="885"><net_src comp="817" pin="1"/><net_sink comp="879" pin=2"/></net>

<net id="886"><net_src comp="879" pin="3"/><net_sink comp="393" pin=0"/></net>

<net id="892"><net_src comp="362" pin="1"/><net_sink comp="887" pin=2"/></net>

<net id="898"><net_src comp="384" pin="4"/><net_sink comp="893" pin=2"/></net>

<net id="905"><net_src comp="118" pin="0"/><net_sink comp="899" pin=0"/></net>

<net id="906"><net_src comp="893" pin="3"/><net_sink comp="899" pin=1"/></net>

<net id="907"><net_src comp="887" pin="3"/><net_sink comp="899" pin=2"/></net>

<net id="908"><net_src comp="899" pin="4"/><net_sink comp="351" pin=1"/></net>

<net id="913"><net_src comp="384" pin="4"/><net_sink comp="909" pin=0"/></net>

<net id="930"><net_src comp="438" pin="4"/><net_sink comp="927" pin=0"/></net>

<net id="934"><net_src comp="918" pin="1"/><net_sink comp="931" pin=0"/></net>

<net id="939"><net_src comp="927" pin="1"/><net_sink comp="935" pin=0"/></net>

<net id="940"><net_src comp="931" pin="1"/><net_sink comp="935" pin=1"/></net>

<net id="944"><net_src comp="935" pin="2"/><net_sink comp="941" pin=0"/></net>

<net id="949"><net_src comp="120" pin="0"/><net_sink comp="945" pin=0"/></net>

<net id="950"><net_src comp="941" pin="1"/><net_sink comp="945" pin=1"/></net>

<net id="954"><net_src comp="495" pin="4"/><net_sink comp="951" pin=0"/></net>

<net id="958"><net_src comp="411" pin="4"/><net_sink comp="955" pin=0"/></net>

<net id="963"><net_src comp="951" pin="1"/><net_sink comp="959" pin=0"/></net>

<net id="964"><net_src comp="955" pin="1"/><net_sink comp="959" pin=1"/></net>

<net id="968"><net_src comp="959" pin="2"/><net_sink comp="965" pin=0"/></net>

<net id="974"><net_src comp="122" pin="0"/><net_sink comp="969" pin=0"/></net>

<net id="975"><net_src comp="959" pin="2"/><net_sink comp="969" pin=1"/></net>

<net id="976"><net_src comp="102" pin="0"/><net_sink comp="969" pin=2"/></net>

<net id="981"><net_src comp="120" pin="0"/><net_sink comp="977" pin=0"/></net>

<net id="982"><net_src comp="965" pin="1"/><net_sink comp="977" pin=1"/></net>

<net id="988"><net_src comp="969" pin="3"/><net_sink comp="983" pin=0"/></net>

<net id="989"><net_src comp="977" pin="2"/><net_sink comp="983" pin=1"/></net>

<net id="990"><net_src comp="965" pin="1"/><net_sink comp="983" pin=2"/></net>

<net id="994"><net_src comp="429" pin="4"/><net_sink comp="991" pin=0"/></net>

<net id="998"><net_src comp="921" pin="1"/><net_sink comp="995" pin=0"/></net>

<net id="1003"><net_src comp="991" pin="1"/><net_sink comp="999" pin=0"/></net>

<net id="1004"><net_src comp="995" pin="1"/><net_sink comp="999" pin=1"/></net>

<net id="1008"><net_src comp="999" pin="2"/><net_sink comp="1005" pin=0"/></net>

<net id="1013"><net_src comp="120" pin="0"/><net_sink comp="1009" pin=0"/></net>

<net id="1014"><net_src comp="1005" pin="1"/><net_sink comp="1009" pin=1"/></net>

<net id="1018"><net_src comp="486" pin="4"/><net_sink comp="1015" pin=0"/></net>

<net id="1022"><net_src comp="402" pin="4"/><net_sink comp="1019" pin=0"/></net>

<net id="1027"><net_src comp="1015" pin="1"/><net_sink comp="1023" pin=0"/></net>

<net id="1028"><net_src comp="1019" pin="1"/><net_sink comp="1023" pin=1"/></net>

<net id="1032"><net_src comp="1023" pin="2"/><net_sink comp="1029" pin=0"/></net>

<net id="1038"><net_src comp="122" pin="0"/><net_sink comp="1033" pin=0"/></net>

<net id="1039"><net_src comp="1023" pin="2"/><net_sink comp="1033" pin=1"/></net>

<net id="1040"><net_src comp="102" pin="0"/><net_sink comp="1033" pin=2"/></net>

<net id="1045"><net_src comp="120" pin="0"/><net_sink comp="1041" pin=0"/></net>

<net id="1046"><net_src comp="1029" pin="1"/><net_sink comp="1041" pin=1"/></net>

<net id="1052"><net_src comp="1033" pin="3"/><net_sink comp="1047" pin=0"/></net>

<net id="1053"><net_src comp="1041" pin="2"/><net_sink comp="1047" pin=1"/></net>

<net id="1054"><net_src comp="1029" pin="1"/><net_sink comp="1047" pin=2"/></net>

<net id="1058"><net_src comp="420" pin="4"/><net_sink comp="1055" pin=0"/></net>

<net id="1062"><net_src comp="924" pin="1"/><net_sink comp="1059" pin=0"/></net>

<net id="1067"><net_src comp="1055" pin="1"/><net_sink comp="1063" pin=0"/></net>

<net id="1068"><net_src comp="1059" pin="1"/><net_sink comp="1063" pin=1"/></net>

<net id="1072"><net_src comp="1063" pin="2"/><net_sink comp="1069" pin=0"/></net>

<net id="1076"><net_src comp="477" pin="4"/><net_sink comp="1073" pin=0"/></net>

<net id="1080"><net_src comp="393" pin="4"/><net_sink comp="1077" pin=0"/></net>

<net id="1085"><net_src comp="1073" pin="1"/><net_sink comp="1081" pin=0"/></net>

<net id="1086"><net_src comp="1077" pin="1"/><net_sink comp="1081" pin=1"/></net>

<net id="1090"><net_src comp="1081" pin="2"/><net_sink comp="1087" pin=0"/></net>

<net id="1094"><net_src comp="983" pin="3"/><net_sink comp="1091" pin=0"/></net>

<net id="1098"><net_src comp="1047" pin="3"/><net_sink comp="1095" pin=0"/></net>

<net id="1103"><net_src comp="1091" pin="1"/><net_sink comp="1099" pin=0"/></net>

<net id="1104"><net_src comp="1095" pin="1"/><net_sink comp="1099" pin=1"/></net>

<net id="1109"><net_src comp="991" pin="1"/><net_sink comp="1105" pin=0"/></net>

<net id="1110"><net_src comp="927" pin="1"/><net_sink comp="1105" pin=1"/></net>

<net id="1115"><net_src comp="995" pin="1"/><net_sink comp="1111" pin=0"/></net>

<net id="1116"><net_src comp="931" pin="1"/><net_sink comp="1111" pin=1"/></net>

<net id="1121"><net_src comp="991" pin="1"/><net_sink comp="1117" pin=0"/></net>

<net id="1122"><net_src comp="1055" pin="1"/><net_sink comp="1117" pin=1"/></net>

<net id="1127"><net_src comp="995" pin="1"/><net_sink comp="1123" pin=0"/></net>

<net id="1128"><net_src comp="1059" pin="1"/><net_sink comp="1123" pin=1"/></net>

<net id="1133"><net_src comp="1015" pin="1"/><net_sink comp="1129" pin=0"/></net>

<net id="1134"><net_src comp="951" pin="1"/><net_sink comp="1129" pin=1"/></net>

<net id="1139"><net_src comp="1019" pin="1"/><net_sink comp="1135" pin=0"/></net>

<net id="1140"><net_src comp="955" pin="1"/><net_sink comp="1135" pin=1"/></net>

<net id="1145"><net_src comp="1015" pin="1"/><net_sink comp="1141" pin=0"/></net>

<net id="1146"><net_src comp="1073" pin="1"/><net_sink comp="1141" pin=1"/></net>

<net id="1151"><net_src comp="1019" pin="1"/><net_sink comp="1147" pin=0"/></net>

<net id="1152"><net_src comp="1077" pin="1"/><net_sink comp="1147" pin=1"/></net>

<net id="1157"><net_src comp="447" pin="4"/><net_sink comp="1153" pin=0"/></net>

<net id="1162"><net_src comp="457" pin="4"/><net_sink comp="1158" pin=0"/></net>

<net id="1167"><net_src comp="467" pin="4"/><net_sink comp="1163" pin=0"/></net>

<net id="1173"><net_src comp="122" pin="0"/><net_sink comp="1168" pin=0"/></net>

<net id="1174"><net_src comp="102" pin="0"/><net_sink comp="1168" pin=2"/></net>

<net id="1180"><net_src comp="1168" pin="3"/><net_sink comp="1175" pin=0"/></net>

<net id="1186"><net_src comp="122" pin="0"/><net_sink comp="1181" pin=0"/></net>

<net id="1187"><net_src comp="102" pin="0"/><net_sink comp="1181" pin=2"/></net>

<net id="1193"><net_src comp="1181" pin="3"/><net_sink comp="1188" pin=0"/></net>

<net id="1199"><net_src comp="122" pin="0"/><net_sink comp="1194" pin=0"/></net>

<net id="1200"><net_src comp="102" pin="0"/><net_sink comp="1194" pin=2"/></net>

<net id="1205"><net_src comp="120" pin="0"/><net_sink comp="1201" pin=0"/></net>

<net id="1211"><net_src comp="1194" pin="3"/><net_sink comp="1206" pin=0"/></net>

<net id="1212"><net_src comp="1201" pin="2"/><net_sink comp="1206" pin=1"/></net>

<net id="1218"><net_src comp="122" pin="0"/><net_sink comp="1213" pin=0"/></net>

<net id="1219"><net_src comp="102" pin="0"/><net_sink comp="1213" pin=2"/></net>

<net id="1224"><net_src comp="120" pin="0"/><net_sink comp="1220" pin=0"/></net>

<net id="1230"><net_src comp="1213" pin="3"/><net_sink comp="1225" pin=0"/></net>

<net id="1231"><net_src comp="1220" pin="2"/><net_sink comp="1225" pin=1"/></net>

<net id="1235"><net_src comp="1175" pin="3"/><net_sink comp="1232" pin=0"/></net>

<net id="1239"><net_src comp="1188" pin="3"/><net_sink comp="1236" pin=0"/></net>

<net id="1244"><net_src comp="1232" pin="1"/><net_sink comp="1240" pin=0"/></net>

<net id="1245"><net_src comp="1236" pin="1"/><net_sink comp="1240" pin=1"/></net>

<net id="1249"><net_src comp="1240" pin="2"/><net_sink comp="1246" pin=0"/></net>

<net id="1253"><net_src comp="1206" pin="3"/><net_sink comp="1250" pin=0"/></net>

<net id="1258"><net_src comp="1246" pin="1"/><net_sink comp="1254" pin=0"/></net>

<net id="1259"><net_src comp="1250" pin="1"/><net_sink comp="1254" pin=1"/></net>

<net id="1266"><net_src comp="1225" pin="3"/><net_sink comp="1263" pin=0"/></net>

<net id="1271"><net_src comp="1260" pin="1"/><net_sink comp="1267" pin=0"/></net>

<net id="1272"><net_src comp="1263" pin="1"/><net_sink comp="1267" pin=1"/></net>

<net id="1277"><net_src comp="1254" pin="2"/><net_sink comp="1273" pin=0"/></net>

<net id="1278"><net_src comp="1267" pin="2"/><net_sink comp="1273" pin=1"/></net>

<net id="1289"><net_src comp="1279" pin="1"/><net_sink comp="1285" pin=0"/></net>

<net id="1290"><net_src comp="1282" pin="1"/><net_sink comp="1285" pin=1"/></net>

<net id="1294"><net_src comp="1285" pin="2"/><net_sink comp="1291" pin=0"/></net>

<net id="1300"><net_src comp="124" pin="0"/><net_sink comp="1295" pin=0"/></net>

<net id="1301"><net_src comp="1285" pin="2"/><net_sink comp="1295" pin=1"/></net>

<net id="1302"><net_src comp="126" pin="0"/><net_sink comp="1295" pin=2"/></net>

<net id="1307"><net_src comp="128" pin="0"/><net_sink comp="1303" pin=0"/></net>

<net id="1308"><net_src comp="1291" pin="1"/><net_sink comp="1303" pin=1"/></net>

<net id="1315"><net_src comp="130" pin="0"/><net_sink comp="1309" pin=0"/></net>

<net id="1316"><net_src comp="1303" pin="2"/><net_sink comp="1309" pin=1"/></net>

<net id="1317"><net_src comp="64" pin="0"/><net_sink comp="1309" pin=2"/></net>

<net id="1318"><net_src comp="126" pin="0"/><net_sink comp="1309" pin=3"/></net>

<net id="1323"><net_src comp="86" pin="0"/><net_sink comp="1319" pin=0"/></net>

<net id="1324"><net_src comp="1309" pin="4"/><net_sink comp="1319" pin=1"/></net>

<net id="1331"><net_src comp="132" pin="0"/><net_sink comp="1325" pin=0"/></net>

<net id="1332"><net_src comp="1285" pin="2"/><net_sink comp="1325" pin=1"/></net>

<net id="1333"><net_src comp="64" pin="0"/><net_sink comp="1325" pin=2"/></net>

<net id="1334"><net_src comp="126" pin="0"/><net_sink comp="1325" pin=3"/></net>

<net id="1340"><net_src comp="1295" pin="3"/><net_sink comp="1335" pin=0"/></net>

<net id="1341"><net_src comp="1319" pin="2"/><net_sink comp="1335" pin=1"/></net>

<net id="1342"><net_src comp="1325" pin="4"/><net_sink comp="1335" pin=2"/></net>

<net id="1346"><net_src comp="454" pin="1"/><net_sink comp="1343" pin=0"/></net>

<net id="1357"><net_src comp="1347" pin="1"/><net_sink comp="1353" pin=0"/></net>

<net id="1358"><net_src comp="1350" pin="1"/><net_sink comp="1353" pin=1"/></net>

<net id="1362"><net_src comp="1353" pin="2"/><net_sink comp="1359" pin=0"/></net>

<net id="1368"><net_src comp="124" pin="0"/><net_sink comp="1363" pin=0"/></net>

<net id="1369"><net_src comp="1353" pin="2"/><net_sink comp="1363" pin=1"/></net>

<net id="1370"><net_src comp="126" pin="0"/><net_sink comp="1363" pin=2"/></net>

<net id="1375"><net_src comp="128" pin="0"/><net_sink comp="1371" pin=0"/></net>

<net id="1376"><net_src comp="1359" pin="1"/><net_sink comp="1371" pin=1"/></net>

<net id="1383"><net_src comp="130" pin="0"/><net_sink comp="1377" pin=0"/></net>

<net id="1384"><net_src comp="1371" pin="2"/><net_sink comp="1377" pin=1"/></net>

<net id="1385"><net_src comp="64" pin="0"/><net_sink comp="1377" pin=2"/></net>

<net id="1386"><net_src comp="126" pin="0"/><net_sink comp="1377" pin=3"/></net>

<net id="1391"><net_src comp="86" pin="0"/><net_sink comp="1387" pin=0"/></net>

<net id="1392"><net_src comp="1377" pin="4"/><net_sink comp="1387" pin=1"/></net>

<net id="1399"><net_src comp="132" pin="0"/><net_sink comp="1393" pin=0"/></net>

<net id="1400"><net_src comp="1353" pin="2"/><net_sink comp="1393" pin=1"/></net>

<net id="1401"><net_src comp="64" pin="0"/><net_sink comp="1393" pin=2"/></net>

<net id="1402"><net_src comp="126" pin="0"/><net_sink comp="1393" pin=3"/></net>

<net id="1408"><net_src comp="1363" pin="3"/><net_sink comp="1403" pin=0"/></net>

<net id="1409"><net_src comp="1387" pin="2"/><net_sink comp="1403" pin=1"/></net>

<net id="1410"><net_src comp="1393" pin="4"/><net_sink comp="1403" pin=2"/></net>

<net id="1421"><net_src comp="1411" pin="1"/><net_sink comp="1417" pin=0"/></net>

<net id="1422"><net_src comp="1414" pin="1"/><net_sink comp="1417" pin=1"/></net>

<net id="1426"><net_src comp="1417" pin="2"/><net_sink comp="1423" pin=0"/></net>

<net id="1432"><net_src comp="124" pin="0"/><net_sink comp="1427" pin=0"/></net>

<net id="1433"><net_src comp="1417" pin="2"/><net_sink comp="1427" pin=1"/></net>

<net id="1434"><net_src comp="126" pin="0"/><net_sink comp="1427" pin=2"/></net>

<net id="1439"><net_src comp="128" pin="0"/><net_sink comp="1435" pin=0"/></net>

<net id="1440"><net_src comp="1423" pin="1"/><net_sink comp="1435" pin=1"/></net>

<net id="1447"><net_src comp="130" pin="0"/><net_sink comp="1441" pin=0"/></net>

<net id="1448"><net_src comp="1435" pin="2"/><net_sink comp="1441" pin=1"/></net>

<net id="1449"><net_src comp="64" pin="0"/><net_sink comp="1441" pin=2"/></net>

<net id="1450"><net_src comp="126" pin="0"/><net_sink comp="1441" pin=3"/></net>

<net id="1455"><net_src comp="86" pin="0"/><net_sink comp="1451" pin=0"/></net>

<net id="1456"><net_src comp="1441" pin="4"/><net_sink comp="1451" pin=1"/></net>

<net id="1463"><net_src comp="132" pin="0"/><net_sink comp="1457" pin=0"/></net>

<net id="1464"><net_src comp="1417" pin="2"/><net_sink comp="1457" pin=1"/></net>

<net id="1465"><net_src comp="64" pin="0"/><net_sink comp="1457" pin=2"/></net>

<net id="1466"><net_src comp="126" pin="0"/><net_sink comp="1457" pin=3"/></net>

<net id="1472"><net_src comp="1427" pin="3"/><net_sink comp="1467" pin=0"/></net>

<net id="1473"><net_src comp="1451" pin="2"/><net_sink comp="1467" pin=1"/></net>

<net id="1474"><net_src comp="1457" pin="4"/><net_sink comp="1467" pin=2"/></net>

<net id="1485"><net_src comp="1475" pin="1"/><net_sink comp="1481" pin=0"/></net>

<net id="1486"><net_src comp="1478" pin="1"/><net_sink comp="1481" pin=1"/></net>

<net id="1490"><net_src comp="1481" pin="2"/><net_sink comp="1487" pin=0"/></net>

<net id="1496"><net_src comp="124" pin="0"/><net_sink comp="1491" pin=0"/></net>

<net id="1497"><net_src comp="1481" pin="2"/><net_sink comp="1491" pin=1"/></net>

<net id="1498"><net_src comp="126" pin="0"/><net_sink comp="1491" pin=2"/></net>

<net id="1503"><net_src comp="128" pin="0"/><net_sink comp="1499" pin=0"/></net>

<net id="1504"><net_src comp="1487" pin="1"/><net_sink comp="1499" pin=1"/></net>

<net id="1511"><net_src comp="130" pin="0"/><net_sink comp="1505" pin=0"/></net>

<net id="1512"><net_src comp="1499" pin="2"/><net_sink comp="1505" pin=1"/></net>

<net id="1513"><net_src comp="64" pin="0"/><net_sink comp="1505" pin=2"/></net>

<net id="1514"><net_src comp="126" pin="0"/><net_sink comp="1505" pin=3"/></net>

<net id="1519"><net_src comp="86" pin="0"/><net_sink comp="1515" pin=0"/></net>

<net id="1520"><net_src comp="1505" pin="4"/><net_sink comp="1515" pin=1"/></net>

<net id="1527"><net_src comp="132" pin="0"/><net_sink comp="1521" pin=0"/></net>

<net id="1528"><net_src comp="1481" pin="2"/><net_sink comp="1521" pin=1"/></net>

<net id="1529"><net_src comp="64" pin="0"/><net_sink comp="1521" pin=2"/></net>

<net id="1530"><net_src comp="126" pin="0"/><net_sink comp="1521" pin=3"/></net>

<net id="1536"><net_src comp="1491" pin="3"/><net_sink comp="1531" pin=0"/></net>

<net id="1537"><net_src comp="1515" pin="2"/><net_sink comp="1531" pin=1"/></net>

<net id="1538"><net_src comp="1521" pin="4"/><net_sink comp="1531" pin=2"/></net>

<net id="1544"><net_src comp="1273" pin="2"/><net_sink comp="1539" pin=0"/></net>

<net id="1545"><net_src comp="1335" pin="3"/><net_sink comp="1539" pin=1"/></net>

<net id="1546"><net_src comp="1467" pin="3"/><net_sink comp="1539" pin=2"/></net>

<net id="1550"><net_src comp="1539" pin="3"/><net_sink comp="1547" pin=0"/></net>

<net id="1555"><net_src comp="1343" pin="1"/><net_sink comp="1551" pin=0"/></net>

<net id="1556"><net_src comp="1547" pin="1"/><net_sink comp="1551" pin=1"/></net>

<net id="1562"><net_src comp="1273" pin="2"/><net_sink comp="1557" pin=0"/></net>

<net id="1563"><net_src comp="1403" pin="3"/><net_sink comp="1557" pin=1"/></net>

<net id="1564"><net_src comp="1531" pin="3"/><net_sink comp="1557" pin=2"/></net>

<net id="1568"><net_src comp="1557" pin="3"/><net_sink comp="1565" pin=0"/></net>

<net id="1573"><net_src comp="1343" pin="1"/><net_sink comp="1569" pin=0"/></net>

<net id="1574"><net_src comp="1565" pin="1"/><net_sink comp="1569" pin=1"/></net>

<net id="1581"><net_src comp="134" pin="0"/><net_sink comp="1575" pin=0"/></net>

<net id="1582"><net_src comp="1551" pin="2"/><net_sink comp="1575" pin=1"/></net>

<net id="1583"><net_src comp="102" pin="0"/><net_sink comp="1575" pin=2"/></net>

<net id="1584"><net_src comp="126" pin="0"/><net_sink comp="1575" pin=3"/></net>

<net id="1591"><net_src comp="134" pin="0"/><net_sink comp="1585" pin=0"/></net>

<net id="1592"><net_src comp="1569" pin="2"/><net_sink comp="1585" pin=1"/></net>

<net id="1593"><net_src comp="102" pin="0"/><net_sink comp="1585" pin=2"/></net>

<net id="1594"><net_src comp="126" pin="0"/><net_sink comp="1585" pin=3"/></net>

<net id="1612"><net_src comp="136" pin="0"/><net_sink comp="1607" pin=0"/></net>

<net id="1613"><net_src comp="1595" pin="1"/><net_sink comp="1607" pin=1"/></net>

<net id="1614"><net_src comp="138" pin="0"/><net_sink comp="1607" pin=2"/></net>

<net id="1619"><net_src comp="140" pin="0"/><net_sink comp="1615" pin=1"/></net>

<net id="1624"><net_src comp="1607" pin="3"/><net_sink comp="1620" pin=0"/></net>

<net id="1625"><net_src comp="98" pin="0"/><net_sink comp="1620" pin=1"/></net>

<net id="1631"><net_src comp="1620" pin="2"/><net_sink comp="1626" pin=0"/></net>

<net id="1632"><net_src comp="142" pin="0"/><net_sink comp="1626" pin=1"/></net>

<net id="1633"><net_src comp="120" pin="0"/><net_sink comp="1626" pin=2"/></net>

<net id="1638"><net_src comp="1607" pin="3"/><net_sink comp="1634" pin=0"/></net>

<net id="1639"><net_src comp="1615" pin="2"/><net_sink comp="1634" pin=1"/></net>

<net id="1645"><net_src comp="1634" pin="2"/><net_sink comp="1640" pin=0"/></net>

<net id="1646"><net_src comp="1626" pin="3"/><net_sink comp="1640" pin=1"/></net>

<net id="1647"><net_src comp="1604" pin="1"/><net_sink comp="1640" pin=2"/></net>

<net id="1653"><net_src comp="136" pin="0"/><net_sink comp="1648" pin=0"/></net>

<net id="1654"><net_src comp="1598" pin="1"/><net_sink comp="1648" pin=1"/></net>

<net id="1655"><net_src comp="138" pin="0"/><net_sink comp="1648" pin=2"/></net>

<net id="1660"><net_src comp="140" pin="0"/><net_sink comp="1656" pin=1"/></net>

<net id="1665"><net_src comp="1648" pin="3"/><net_sink comp="1661" pin=0"/></net>

<net id="1666"><net_src comp="98" pin="0"/><net_sink comp="1661" pin=1"/></net>

<net id="1672"><net_src comp="1661" pin="2"/><net_sink comp="1667" pin=0"/></net>

<net id="1673"><net_src comp="142" pin="0"/><net_sink comp="1667" pin=1"/></net>

<net id="1674"><net_src comp="120" pin="0"/><net_sink comp="1667" pin=2"/></net>

<net id="1679"><net_src comp="1648" pin="3"/><net_sink comp="1675" pin=0"/></net>

<net id="1680"><net_src comp="1656" pin="2"/><net_sink comp="1675" pin=1"/></net>

<net id="1686"><net_src comp="1675" pin="2"/><net_sink comp="1681" pin=0"/></net>

<net id="1687"><net_src comp="1667" pin="3"/><net_sink comp="1681" pin=1"/></net>

<net id="1688"><net_src comp="1601" pin="1"/><net_sink comp="1681" pin=2"/></net>

<net id="1694"><net_src comp="464" pin="1"/><net_sink comp="1689" pin=1"/></net>

<net id="1695"><net_src comp="1640" pin="3"/><net_sink comp="1689" pin=2"/></net>

<net id="1701"><net_src comp="444" pin="1"/><net_sink comp="1696" pin=1"/></net>

<net id="1702"><net_src comp="1681" pin="3"/><net_sink comp="1696" pin=2"/></net>

<net id="1709"><net_src comp="118" pin="0"/><net_sink comp="1703" pin=0"/></net>

<net id="1710"><net_src comp="1689" pin="3"/><net_sink comp="1703" pin=1"/></net>

<net id="1711"><net_src comp="1696" pin="3"/><net_sink comp="1703" pin=2"/></net>

<net id="1712"><net_src comp="454" pin="1"/><net_sink comp="1703" pin=3"/></net>

<net id="1713"><net_src comp="1703" pin="4"/><net_sink comp="320" pin=2"/></net>

<net id="1718"><net_src comp="40" pin="0"/><net_sink comp="1714" pin=1"/></net>

<net id="1723"><net_src comp="42" pin="0"/><net_sink comp="1719" pin=1"/></net>

<net id="1728"><net_src comp="44" pin="0"/><net_sink comp="1724" pin=1"/></net>

<net id="1733"><net_src comp="46" pin="0"/><net_sink comp="1729" pin=1"/></net>

<net id="1738"><net_src comp="48" pin="0"/><net_sink comp="1734" pin=1"/></net>

<net id="1743"><net_src comp="50" pin="0"/><net_sink comp="1739" pin=1"/></net>

<net id="1748"><net_src comp="52" pin="0"/><net_sink comp="1744" pin=1"/></net>

<net id="1753"><net_src comp="54" pin="0"/><net_sink comp="1749" pin=1"/></net>

<net id="1758"><net_src comp="56" pin="0"/><net_sink comp="1754" pin=1"/></net>

<net id="1763"><net_src comp="58" pin="0"/><net_sink comp="1759" pin=1"/></net>

<net id="1768"><net_src comp="60" pin="0"/><net_sink comp="1764" pin=1"/></net>

<net id="1773"><net_src comp="62" pin="0"/><net_sink comp="1769" pin=1"/></net>

<net id="1777"><net_src comp="146" pin="1"/><net_sink comp="1774" pin=0"/></net>

<net id="1778"><net_src comp="1774" pin="1"/><net_sink comp="573" pin=1"/></net>

<net id="1779"><net_src comp="1774" pin="1"/><net_sink comp="578" pin=0"/></net>

<net id="1780"><net_src comp="1774" pin="1"/><net_sink comp="649" pin=1"/></net>

<net id="1784"><net_src comp="150" pin="1"/><net_sink comp="1781" pin=0"/></net>

<net id="1785"><net_src comp="1781" pin="1"/><net_sink comp="568" pin=1"/></net>

<net id="1786"><net_src comp="1781" pin="1"/><net_sink comp="654" pin=0"/></net>

<net id="1787"><net_src comp="1781" pin="1"/><net_sink comp="808" pin=1"/></net>

<net id="1791"><net_src comp="154" pin="1"/><net_sink comp="1788" pin=0"/></net>

<net id="1792"><net_src comp="1788" pin="1"/><net_sink comp="563" pin=1"/></net>

<net id="1793"><net_src comp="1788" pin="1"/><net_sink comp="657" pin=0"/></net>

<net id="1794"><net_src comp="1788" pin="1"/><net_sink comp="803" pin=1"/></net>

<net id="1798"><net_src comp="158" pin="1"/><net_sink comp="1795" pin=0"/></net>

<net id="1799"><net_src comp="1795" pin="1"/><net_sink comp="558" pin=1"/></net>

<net id="1800"><net_src comp="1795" pin="1"/><net_sink comp="813" pin=0"/></net>

<net id="1801"><net_src comp="1795" pin="1"/><net_sink comp="914" pin=1"/></net>

<net id="1805"><net_src comp="162" pin="1"/><net_sink comp="1802" pin=0"/></net>

<net id="1806"><net_src comp="1802" pin="1"/><net_sink comp="553" pin=1"/></net>

<net id="1807"><net_src comp="1802" pin="1"/><net_sink comp="660" pin=0"/></net>

<net id="1808"><net_src comp="1802" pin="1"/><net_sink comp="798" pin=1"/></net>

<net id="1809"><net_src comp="1802" pin="1"/><net_sink comp="918" pin=0"/></net>

<net id="1813"><net_src comp="166" pin="1"/><net_sink comp="1810" pin=0"/></net>

<net id="1814"><net_src comp="1810" pin="1"/><net_sink comp="548" pin=1"/></net>

<net id="1815"><net_src comp="1810" pin="1"/><net_sink comp="663" pin=0"/></net>

<net id="1816"><net_src comp="1810" pin="1"/><net_sink comp="793" pin=1"/></net>

<net id="1817"><net_src comp="1810" pin="1"/><net_sink comp="921" pin=0"/></net>

<net id="1821"><net_src comp="170" pin="1"/><net_sink comp="1818" pin=0"/></net>

<net id="1822"><net_src comp="1818" pin="1"/><net_sink comp="543" pin=1"/></net>

<net id="1823"><net_src comp="1818" pin="1"/><net_sink comp="666" pin=0"/></net>

<net id="1824"><net_src comp="1818" pin="1"/><net_sink comp="788" pin=1"/></net>

<net id="1825"><net_src comp="1818" pin="1"/><net_sink comp="924" pin=0"/></net>

<net id="1829"><net_src comp="174" pin="1"/><net_sink comp="1826" pin=0"/></net>

<net id="1830"><net_src comp="1826" pin="1"/><net_sink comp="538" pin=1"/></net>

<net id="1831"><net_src comp="1826" pin="1"/><net_sink comp="669" pin=0"/></net>

<net id="1832"><net_src comp="1826" pin="1"/><net_sink comp="783" pin=1"/></net>

<net id="1836"><net_src comp="178" pin="1"/><net_sink comp="1833" pin=0"/></net>

<net id="1837"><net_src comp="1833" pin="1"/><net_sink comp="533" pin=1"/></net>

<net id="1838"><net_src comp="1833" pin="1"/><net_sink comp="672" pin=0"/></net>

<net id="1839"><net_src comp="1833" pin="1"/><net_sink comp="778" pin=1"/></net>

<net id="1843"><net_src comp="182" pin="1"/><net_sink comp="1840" pin=0"/></net>

<net id="1844"><net_src comp="1840" pin="1"/><net_sink comp="528" pin=1"/></net>

<net id="1845"><net_src comp="1840" pin="1"/><net_sink comp="817" pin=0"/></net>

<net id="1846"><net_src comp="1840" pin="1"/><net_sink comp="909" pin=1"/></net>

<net id="1850"><net_src comp="186" pin="1"/><net_sink comp="1847" pin=0"/></net>

<net id="1851"><net_src comp="1847" pin="1"/><net_sink comp="523" pin=1"/></net>

<net id="1852"><net_src comp="1847" pin="1"/><net_sink comp="821" pin=0"/></net>

<net id="1853"><net_src comp="1847" pin="1"/><net_sink comp="1163" pin=1"/></net>

<net id="1857"><net_src comp="190" pin="1"/><net_sink comp="1854" pin=0"/></net>

<net id="1858"><net_src comp="1854" pin="1"/><net_sink comp="518" pin=1"/></net>

<net id="1859"><net_src comp="1854" pin="1"/><net_sink comp="825" pin=0"/></net>

<net id="1860"><net_src comp="1854" pin="1"/><net_sink comp="1158" pin=1"/></net>

<net id="1864"><net_src comp="194" pin="1"/><net_sink comp="1861" pin=0"/></net>

<net id="1865"><net_src comp="1861" pin="1"/><net_sink comp="513" pin=1"/></net>

<net id="1866"><net_src comp="1861" pin="1"/><net_sink comp="829" pin=0"/></net>

<net id="1867"><net_src comp="1861" pin="1"/><net_sink comp="1153" pin=1"/></net>

<net id="1871"><net_src comp="501" pin="2"/><net_sink comp="1868" pin=0"/></net>

<net id="1875"><net_src comp="507" pin="2"/><net_sink comp="1872" pin=0"/></net>

<net id="1876"><net_src comp="1872" pin="1"/><net_sink comp="771" pin=0"/></net>

<net id="1877"><net_src comp="1872" pin="1"/><net_sink comp="887" pin=0"/></net>

<net id="1878"><net_src comp="1872" pin="1"/><net_sink comp="893" pin=0"/></net>

<net id="1882"><net_src comp="581" pin="2"/><net_sink comp="1879" pin=0"/></net>

<net id="1886"><net_src comp="603" pin="2"/><net_sink comp="1883" pin=0"/></net>

<net id="1890"><net_src comp="327" pin="3"/><net_sink comp="1887" pin=0"/></net>

<net id="1891"><net_src comp="1887" pin="1"/><net_sink comp="334" pin=2"/></net>

<net id="1892"><net_src comp="1887" pin="1"/><net_sink comp="334" pin=0"/></net>

<net id="1896"><net_src comp="344" pin="3"/><net_sink comp="1893" pin=0"/></net>

<net id="1897"><net_src comp="1893" pin="1"/><net_sink comp="351" pin=2"/></net>

<net id="1898"><net_src comp="1893" pin="1"/><net_sink comp="351" pin=0"/></net>

<net id="1902"><net_src comp="609" pin="2"/><net_sink comp="1899" pin=0"/></net>

<net id="1903"><net_src comp="1899" pin="1"/><net_sink comp="743" pin=0"/></net>

<net id="1904"><net_src comp="1899" pin="1"/><net_sink comp="750" pin=0"/></net>

<net id="1905"><net_src comp="1899" pin="1"/><net_sink comp="757" pin=0"/></net>

<net id="1906"><net_src comp="1899" pin="1"/><net_sink comp="764" pin=0"/></net>

<net id="1907"><net_src comp="1899" pin="1"/><net_sink comp="833" pin=0"/></net>

<net id="1908"><net_src comp="1899" pin="1"/><net_sink comp="839" pin=0"/></net>

<net id="1909"><net_src comp="1899" pin="1"/><net_sink comp="845" pin=0"/></net>

<net id="1910"><net_src comp="1899" pin="1"/><net_sink comp="851" pin=0"/></net>

<net id="1911"><net_src comp="1899" pin="1"/><net_sink comp="858" pin=0"/></net>

<net id="1912"><net_src comp="1899" pin="1"/><net_sink comp="865" pin=0"/></net>

<net id="1913"><net_src comp="1899" pin="1"/><net_sink comp="872" pin=0"/></net>

<net id="1914"><net_src comp="1899" pin="1"/><net_sink comp="879" pin=0"/></net>

<net id="1918"><net_src comp="631" pin="2"/><net_sink comp="1915" pin=0"/></net>

<net id="1919"><net_src comp="1915" pin="1"/><net_sink comp="1689" pin=0"/></net>

<net id="1920"><net_src comp="1915" pin="1"/><net_sink comp="1696" pin=0"/></net>

<net id="1924"><net_src comp="643" pin="2"/><net_sink comp="1921" pin=0"/></net>

<net id="1928"><net_src comp="654" pin="1"/><net_sink comp="1925" pin=0"/></net>

<net id="1929"><net_src comp="1925" pin="1"/><net_sink comp="495" pin=2"/></net>

<net id="1930"><net_src comp="1925" pin="1"/><net_sink comp="1754" pin=0"/></net>

<net id="1934"><net_src comp="657" pin="1"/><net_sink comp="1931" pin=0"/></net>

<net id="1935"><net_src comp="1931" pin="1"/><net_sink comp="486" pin=2"/></net>

<net id="1936"><net_src comp="1931" pin="1"/><net_sink comp="1749" pin=0"/></net>

<net id="1940"><net_src comp="660" pin="1"/><net_sink comp="1937" pin=0"/></net>

<net id="1941"><net_src comp="1937" pin="1"/><net_sink comp="833" pin=2"/></net>

<net id="1942"><net_src comp="1937" pin="1"/><net_sink comp="467" pin=2"/></net>

<net id="1943"><net_src comp="1937" pin="1"/><net_sink comp="1739" pin=0"/></net>

<net id="1947"><net_src comp="663" pin="1"/><net_sink comp="1944" pin=0"/></net>

<net id="1948"><net_src comp="1944" pin="1"/><net_sink comp="839" pin=2"/></net>

<net id="1949"><net_src comp="1944" pin="1"/><net_sink comp="457" pin=2"/></net>

<net id="1950"><net_src comp="1944" pin="1"/><net_sink comp="1734" pin=0"/></net>

<net id="1954"><net_src comp="666" pin="1"/><net_sink comp="1951" pin=0"/></net>

<net id="1955"><net_src comp="1951" pin="1"/><net_sink comp="845" pin=2"/></net>

<net id="1956"><net_src comp="1951" pin="1"/><net_sink comp="447" pin=2"/></net>

<net id="1957"><net_src comp="1951" pin="1"/><net_sink comp="1729" pin=0"/></net>

<net id="1961"><net_src comp="669" pin="1"/><net_sink comp="1958" pin=0"/></net>

<net id="1962"><net_src comp="1958" pin="1"/><net_sink comp="411" pin=2"/></net>

<net id="1963"><net_src comp="1958" pin="1"/><net_sink comp="1724" pin=0"/></net>

<net id="1967"><net_src comp="672" pin="1"/><net_sink comp="1964" pin=0"/></net>

<net id="1968"><net_src comp="1964" pin="1"/><net_sink comp="402" pin=2"/></net>

<net id="1969"><net_src comp="1964" pin="1"/><net_sink comp="1719" pin=0"/></net>

<net id="1973"><net_src comp="675" pin="1"/><net_sink comp="1970" pin=0"/></net>

<net id="1974"><net_src comp="1970" pin="1"/><net_sink comp="833" pin=1"/></net>

<net id="1975"><net_src comp="1970" pin="1"/><net_sink comp="851" pin=1"/></net>

<net id="1979"><net_src comp="680" pin="3"/><net_sink comp="1976" pin=0"/></net>

<net id="1980"><net_src comp="1976" pin="1"/><net_sink comp="839" pin=1"/></net>

<net id="1981"><net_src comp="1976" pin="1"/><net_sink comp="858" pin=1"/></net>

<net id="1982"><net_src comp="1976" pin="1"/><net_sink comp="887" pin=1"/></net>

<net id="1986"><net_src comp="689" pin="3"/><net_sink comp="1983" pin=0"/></net>

<net id="1987"><net_src comp="1983" pin="1"/><net_sink comp="384" pin=2"/></net>

<net id="1988"><net_src comp="1983" pin="1"/><net_sink comp="845" pin=1"/></net>

<net id="1989"><net_src comp="1983" pin="1"/><net_sink comp="865" pin=1"/></net>

<net id="1990"><net_src comp="1983" pin="1"/><net_sink comp="893" pin=1"/></net>

<net id="1994"><net_src comp="709" pin="3"/><net_sink comp="1991" pin=0"/></net>

<net id="1995"><net_src comp="1991" pin="1"/><net_sink comp="872" pin=1"/></net>

<net id="1996"><net_src comp="1991" pin="1"/><net_sink comp="914" pin=0"/></net>

<net id="2000"><net_src comp="733" pin="4"/><net_sink comp="1997" pin=0"/></net>

<net id="2001"><net_src comp="1997" pin="1"/><net_sink comp="384" pin=0"/></net>

<net id="2005"><net_src comp="743" pin="3"/><net_sink comp="2002" pin=0"/></net>

<net id="2006"><net_src comp="2002" pin="1"/><net_sink comp="486" pin=0"/></net>

<net id="2010"><net_src comp="750" pin="3"/><net_sink comp="2007" pin=0"/></net>

<net id="2011"><net_src comp="2007" pin="1"/><net_sink comp="495" pin=0"/></net>

<net id="2015"><net_src comp="757" pin="3"/><net_sink comp="2012" pin=0"/></net>

<net id="2016"><net_src comp="2012" pin="1"/><net_sink comp="402" pin=0"/></net>

<net id="2020"><net_src comp="764" pin="3"/><net_sink comp="2017" pin=0"/></net>

<net id="2021"><net_src comp="2017" pin="1"/><net_sink comp="411" pin=0"/></net>

<net id="2025"><net_src comp="771" pin="3"/><net_sink comp="2022" pin=0"/></net>

<net id="2026"><net_src comp="2022" pin="1"/><net_sink comp="899" pin=3"/></net>

<net id="2030"><net_src comp="813" pin="1"/><net_sink comp="2027" pin=0"/></net>

<net id="2031"><net_src comp="2027" pin="1"/><net_sink comp="1744" pin=0"/></net>

<net id="2035"><net_src comp="817" pin="1"/><net_sink comp="2032" pin=0"/></net>

<net id="2036"><net_src comp="2032" pin="1"/><net_sink comp="1714" pin=0"/></net>

<net id="2040"><net_src comp="821" pin="1"/><net_sink comp="2037" pin=0"/></net>

<net id="2041"><net_src comp="2037" pin="1"/><net_sink comp="1769" pin=0"/></net>

<net id="2045"><net_src comp="825" pin="1"/><net_sink comp="2042" pin=0"/></net>

<net id="2046"><net_src comp="2042" pin="1"/><net_sink comp="1764" pin=0"/></net>

<net id="2050"><net_src comp="829" pin="1"/><net_sink comp="2047" pin=0"/></net>

<net id="2051"><net_src comp="2047" pin="1"/><net_sink comp="1759" pin=0"/></net>

<net id="2055"><net_src comp="935" pin="2"/><net_sink comp="2052" pin=0"/></net>

<net id="2056"><net_src comp="2052" pin="1"/><net_sink comp="1168" pin=1"/></net>

<net id="2060"><net_src comp="941" pin="1"/><net_sink comp="2057" pin=0"/></net>

<net id="2061"><net_src comp="2057" pin="1"/><net_sink comp="1175" pin=2"/></net>

<net id="2065"><net_src comp="945" pin="2"/><net_sink comp="2062" pin=0"/></net>

<net id="2066"><net_src comp="2062" pin="1"/><net_sink comp="1175" pin=1"/></net>

<net id="2070"><net_src comp="999" pin="2"/><net_sink comp="2067" pin=0"/></net>

<net id="2071"><net_src comp="2067" pin="1"/><net_sink comp="1181" pin=1"/></net>

<net id="2075"><net_src comp="1005" pin="1"/><net_sink comp="2072" pin=0"/></net>

<net id="2076"><net_src comp="2072" pin="1"/><net_sink comp="1188" pin=2"/></net>

<net id="2080"><net_src comp="1009" pin="2"/><net_sink comp="2077" pin=0"/></net>

<net id="2081"><net_src comp="2077" pin="1"/><net_sink comp="1188" pin=1"/></net>

<net id="2085"><net_src comp="1063" pin="2"/><net_sink comp="2082" pin=0"/></net>

<net id="2086"><net_src comp="2082" pin="1"/><net_sink comp="1194" pin=1"/></net>

<net id="2090"><net_src comp="1069" pin="1"/><net_sink comp="2087" pin=0"/></net>

<net id="2091"><net_src comp="2087" pin="1"/><net_sink comp="1201" pin=1"/></net>

<net id="2092"><net_src comp="2087" pin="1"/><net_sink comp="1206" pin=2"/></net>

<net id="2096"><net_src comp="1081" pin="2"/><net_sink comp="2093" pin=0"/></net>

<net id="2097"><net_src comp="2093" pin="1"/><net_sink comp="1213" pin=1"/></net>

<net id="2101"><net_src comp="1087" pin="1"/><net_sink comp="2098" pin=0"/></net>

<net id="2102"><net_src comp="2098" pin="1"/><net_sink comp="1220" pin=1"/></net>

<net id="2103"><net_src comp="2098" pin="1"/><net_sink comp="1225" pin=2"/></net>

<net id="2107"><net_src comp="1099" pin="2"/><net_sink comp="2104" pin=0"/></net>

<net id="2108"><net_src comp="2104" pin="1"/><net_sink comp="1260" pin=0"/></net>

<net id="2112"><net_src comp="1105" pin="2"/><net_sink comp="2109" pin=0"/></net>

<net id="2113"><net_src comp="2109" pin="1"/><net_sink comp="1279" pin=0"/></net>

<net id="2117"><net_src comp="1111" pin="2"/><net_sink comp="2114" pin=0"/></net>

<net id="2118"><net_src comp="2114" pin="1"/><net_sink comp="1282" pin=0"/></net>

<net id="2122"><net_src comp="1117" pin="2"/><net_sink comp="2119" pin=0"/></net>

<net id="2123"><net_src comp="2119" pin="1"/><net_sink comp="1347" pin=0"/></net>

<net id="2127"><net_src comp="1123" pin="2"/><net_sink comp="2124" pin=0"/></net>

<net id="2128"><net_src comp="2124" pin="1"/><net_sink comp="1350" pin=0"/></net>

<net id="2132"><net_src comp="1129" pin="2"/><net_sink comp="2129" pin=0"/></net>

<net id="2133"><net_src comp="2129" pin="1"/><net_sink comp="1411" pin=0"/></net>

<net id="2137"><net_src comp="1135" pin="2"/><net_sink comp="2134" pin=0"/></net>

<net id="2138"><net_src comp="2134" pin="1"/><net_sink comp="1414" pin=0"/></net>

<net id="2142"><net_src comp="1141" pin="2"/><net_sink comp="2139" pin=0"/></net>

<net id="2143"><net_src comp="2139" pin="1"/><net_sink comp="1475" pin=0"/></net>

<net id="2147"><net_src comp="1147" pin="2"/><net_sink comp="2144" pin=0"/></net>

<net id="2148"><net_src comp="2144" pin="1"/><net_sink comp="1478" pin=0"/></net>

<net id="2152"><net_src comp="1551" pin="2"/><net_sink comp="2149" pin=0"/></net>

<net id="2153"><net_src comp="2149" pin="1"/><net_sink comp="1595" pin=0"/></net>

<net id="2154"><net_src comp="2149" pin="1"/><net_sink comp="1604" pin=0"/></net>

<net id="2158"><net_src comp="1569" pin="2"/><net_sink comp="2155" pin=0"/></net>

<net id="2159"><net_src comp="2155" pin="1"/><net_sink comp="1598" pin=0"/></net>

<net id="2160"><net_src comp="2155" pin="1"/><net_sink comp="1601" pin=0"/></net>

<net id="2164"><net_src comp="1575" pin="4"/><net_sink comp="2161" pin=0"/></net>

<net id="2165"><net_src comp="2161" pin="1"/><net_sink comp="1615" pin=0"/></net>

<net id="2169"><net_src comp="1585" pin="4"/><net_sink comp="2166" pin=0"/></net>

<net id="2170"><net_src comp="2166" pin="1"/><net_sink comp="1656" pin=0"/></net>

</net_list>

</model> 
---------------- Datapath Model END ------------------

* FSMD analyzer results:
  - Output states:
	Port: imgRgb | {5 }
	Port: p_0_0_01177_217791808_i_out | {4 }
	Port: p_0_0_01178_217771806_i_out | {4 }
	Port: p_0_0_01179_217751804_i_out | {4 }
	Port: right_2_out | {4 }
	Port: right_1_out | {4 }
	Port: right_out | {4 }
	Port: p_0_0_0116417851796_i_out | {4 }
	Port: p_0_0_0116517831794_i_out | {4 }
	Port: p_0_0_0116617811792_i_out | {4 }
	Port: p_0_2_0_0_011601711_i_out | {4 }
	Port: p_0_1_0_0_011591708_i_out | {4 }
	Port: p_0_0_0_0_011581705_i_out | {4 }
 - Input state : 
	Port: DebayerRandBatG_Pipeline_VITIS_LOOP_881_2 : p_0_0_01177_217791809_lcssa1845_i | {1 }
	Port: DebayerRandBatG_Pipeline_VITIS_LOOP_881_2 : p_0_0_01178_217771807_lcssa1843_i | {1 }
	Port: DebayerRandBatG_Pipeline_VITIS_LOOP_881_2 : p_0_0_01179_217751805_lcssa1841_i | {1 }
	Port: DebayerRandBatG_Pipeline_VITIS_LOOP_881_2 : p_0_2_0_0_011541802_lcssa1839_i | {1 }
	Port: DebayerRandBatG_Pipeline_VITIS_LOOP_881_2 : p_0_1_0_0_011531800_lcssa1837_i | {1 }
	Port: DebayerRandBatG_Pipeline_VITIS_LOOP_881_2 : p_0_0_0_0_011521798_lcssa1835_i | {1 }
	Port: DebayerRandBatG_Pipeline_VITIS_LOOP_881_2 : p_0_0_0116417851797_lcssa1833_i | {1 }
	Port: DebayerRandBatG_Pipeline_VITIS_LOOP_881_2 : p_0_0_0116517831795_lcssa1831_i | {1 }
	Port: DebayerRandBatG_Pipeline_VITIS_LOOP_881_2 : p_0_0_0116617811793_lcssa1829_i | {1 }
	Port: DebayerRandBatG_Pipeline_VITIS_LOOP_881_2 : p_0_2_0_0_011601709_lcssa1751_i | {1 }
	Port: DebayerRandBatG_Pipeline_VITIS_LOOP_881_2 : p_0_1_0_0_011591706_lcssa1749_i | {1 }
	Port: DebayerRandBatG_Pipeline_VITIS_LOOP_881_2 : p_0_0_0_0_011581703_lcssa1747_i | {1 }
	Port: DebayerRandBatG_Pipeline_VITIS_LOOP_881_2 : y | {1 }
	Port: DebayerRandBatG_Pipeline_VITIS_LOOP_881_2 : height_val4_load | {1 }
	Port: DebayerRandBatG_Pipeline_VITIS_LOOP_881_2 : loopWidth | {1 }
	Port: DebayerRandBatG_Pipeline_VITIS_LOOP_881_2 : empty | {1 }
	Port: DebayerRandBatG_Pipeline_VITIS_LOOP_881_2 : xor_ln1014_1 | {1 }
	Port: DebayerRandBatG_Pipeline_VITIS_LOOP_881_2 : width_val8_load | {1 }
	Port: DebayerRandBatG_Pipeline_VITIS_LOOP_881_2 : imgRB | {2 }
  - Chain level:
	State 1
		store_ln851 : 1
		z : 1
		icmp_ln881 : 2
		x_8 : 2
		br_ln881 : 3
		trunc_ln881 : 2
		zext_ln881 : 3
		icmp_ln891 : 2
		br_ln891 : 3
		lineBuffer_addr : 4
		LineBufVal : 5
		lineBuffer_2_addr : 4
		LineBufVal_3 : 5
		br_ln911 : 1
		icmp_ln957 : 2
		xor_ln1014 : 3
		xor_ln1014_2 : 3
		zext_ln1014 : 3
		icmp_ln1014 : 4
		icmp_ln1052 : 2
		and_ln1052 : 3
		br_ln1052 : 3
		store_ln851 : 3
	State 2
		trunc_ln902 : 1
		tmp_i : 1
		tmp_1_i : 1
		trunc_ln902_1 : 1
		tmp_3_i : 1
		tmp_4_i : 1
		p_0_0_01178_21777_ph_i : 1
		p_0_0_01179_21775_ph_i : 1
		select_ln957_7 : 2
		select_ln957_8 : 2
		select_ln957_10 : 2
		select_ln957_11 : 2
		select_ln975 : 2
		store_ln913 : 2
		store_ln913 : 2
		store_ln1018 : 2
		store_ln1018 : 2
		store_ln1018 : 2
		store_ln902 : 2
		store_ln902 : 2
	State 3
		select_ln957_3 : 1
		select_ln957_4 : 1
		select_ln957_5 : 1
		select_ln957_6 : 1
		select_ln957_9 : 1
		select_ln975_2 : 1
		LineBufVal_4 : 2
		store_ln987 : 3
		store_ln913 : 1
		down_2 : 2
		down_1 : 1
		down : 1
		left_2 : 2
		left_1 : 2
		left : 2
		pix_8 : 1
		pix_7 : 1
		pix : 1
		up_2 : 2
		up_1 : 1
		up : 1
		zext_ln1023 : 3
		zext_ln1023_1 : 1
		sub_ln1023 : 4
		trunc_ln61 : 5
		sub_ln61 : 6
		zext_ln1024 : 2
		zext_ln1024_1 : 2
		sub_ln1024 : 3
		trunc_ln61_4 : 4
		tmp_11 : 4
		sub_ln61_4 : 5
		DRv : 6
		zext_ln1025 : 3
		zext_ln1025_1 : 1
		sub_ln1025 : 4
		trunc_ln61_5 : 5
		sub_ln61_5 : 6
		zext_ln1026 : 2
		zext_ln1026_1 : 2
		sub_ln1026 : 3
		trunc_ln61_6 : 4
		tmp_13 : 4
		sub_ln61_6 : 5
		DGv : 6
		zext_ln1027 : 3
		zext_ln1027_1 : 1
		sub_ln1027 : 4
		trunc_ln61_7 : 5
		zext_ln1028 : 3
		zext_ln1028_1 : 3
		sub_ln1028 : 4
		trunc_ln61_8 : 5
		zext_ln1030_4 : 7
		zext_ln1030_5 : 7
		add_ln1030_2 : 8
		sub_ln1033 : 4
		sub_ln1033_1 : 2
		sub_ln1034 : 4
		sub_ln1034_1 : 2
		sub_ln1039 : 3
		sub_ln1039_1 : 3
		sub_ln1040 : 4
		sub_ln1040_1 : 4
		store_ln957 : 2
		store_ln957 : 2
		store_ln957 : 2
	State 4
		DRh : 1
		DGh : 1
		DBh : 1
		DBv : 1
		zext_ln1030 : 2
		zext_ln1030_1 : 2
		add_ln1030 : 3
		zext_ln1030_2 : 4
		zext_ln1030_3 : 2
		add_ln1030_1 : 5
		zext_ln1030_7 : 2
		add_ln1030_3 : 3
		icmp_ln1030 : 6
		add_ln1033 : 1
		sext_ln1033_2 : 2
		tmp_16 : 2
		sub_ln1033_2 : 3
		lshr_ln1033_1_cast : 4
		sub_ln1033_3 : 5
		zext_ln : 2
		select_ln1033 : 6
		add_ln1034 : 1
		sext_ln1034_2 : 2
		tmp_17 : 2
		sub_ln1034_2 : 3
		lshr_ln1034_1_cast : 4
		sub_ln1034_3 : 5
		zext_ln1 : 2
		select_ln1034 : 6
		add_ln1039 : 1
		sext_ln1039_2 : 2
		tmp_18 : 2
		sub_ln1039_2 : 3
		lshr_ln1039_1_cast : 4
		sub_ln1039_3 : 5
		zext_ln2 : 2
		select_ln1039 : 6
		add_ln1040 : 1
		sext_ln1040_2 : 2
		tmp_19 : 2
		sub_ln1040_2 : 3
		lshr_ln1040_1_cast : 4
		sub_ln1040_3 : 5
		zext_ln3 : 2
		select_ln1040 : 6
		r_0_in_i_v_v : 7
		r_0_in_i_v_v_cast : 8
		r_0_in_i : 9
		b_0_in_i_v_v : 7
		b_0_in_i_v_v_cast : 8
		b_0_in_i : 9
		tmp_21 : 10
		tmp_23 : 10
	State 5
		tmp_20 : 1
		xor_ln1046 : 2
		select_ln1042 : 2
		or_ln1042 : 2
		select_ln1046 : 3
		tmp_22 : 1
		xor_ln1048 : 2
		select_ln1043 : 2
		or_ln1043 : 2
		select_ln1048 : 3
		phi_ln1046 : 4
		phi_ln1048 : 4
		or_ln1054_3_i : 5
		write_ln1054 : 6


============================================================
+ Verbose Summary: Datapath Resource usage 
============================================================

* Functional unit list:
|----------|----------------------------------------------------|---------|---------|
| Operation|                   Functional Unit                  |    FF   |   LUT   |
|----------|----------------------------------------------------|---------|---------|
|          |                  sub_ln1023_fu_935                 |    0    |    13   |
|          |                   sub_ln61_fu_945                  |    0    |    13   |
|          |                  sub_ln1024_fu_959                 |    0    |    13   |
|          |                  sub_ln61_4_fu_977                 |    0    |    13   |
|          |                  sub_ln1025_fu_999                 |    0    |    13   |
|          |                 sub_ln61_5_fu_1009                 |    0    |    13   |
|          |                 sub_ln1026_fu_1023                 |    0    |    13   |
|          |                 sub_ln61_6_fu_1041                 |    0    |    13   |
|          |                 sub_ln1027_fu_1063                 |    0    |    13   |
|          |                 sub_ln1028_fu_1081                 |    0    |    13   |
|          |                 sub_ln1033_fu_1105                 |    0    |    13   |
|          |                sub_ln1033_1_fu_1111                |    0    |    13   |
|          |                 sub_ln1034_fu_1117                 |    0    |    13   |
|          |                sub_ln1034_1_fu_1123                |    0    |    13   |
|    sub   |                 sub_ln1039_fu_1129                 |    0    |    13   |
|          |                sub_ln1039_1_fu_1135                |    0    |    13   |
|          |                 sub_ln1040_fu_1141                 |    0    |    13   |
|          |                sub_ln1040_1_fu_1147                |    0    |    13   |
|          |                 sub_ln61_7_fu_1201                 |    0    |    13   |
|          |                 sub_ln61_8_fu_1220                 |    0    |    13   |
|          |                sub_ln1033_2_fu_1303                |    0    |    12   |
|          |                sub_ln1033_3_fu_1319                |    0    |    12   |
|          |                sub_ln1034_2_fu_1371                |    0    |    12   |
|          |                sub_ln1034_3_fu_1387                |    0    |    12   |
|          |                sub_ln1039_2_fu_1435                |    0    |    12   |
|          |                sub_ln1039_3_fu_1451                |    0    |    12   |
|          |                sub_ln1040_2_fu_1499                |    0    |    12   |
|          |                sub_ln1040_3_fu_1515                |    0    |    12   |
|          |                  r_0_in_i_fu_1551                  |    0    |    12   |
|          |                  b_0_in_i_fu_1569                  |    0    |    12   |
|----------|----------------------------------------------------|---------|---------|
|          |                select_ln957_7_fu_743               |    0    |    10   |
|          |                select_ln957_8_fu_750               |    0    |    10   |
|          |               select_ln957_10_fu_757               |    0    |    10   |
|          |               select_ln957_11_fu_764               |    0    |    10   |
|          |                 select_ln975_fu_771                |    0    |    10   |
|          |                 select_ln957_fu_833                |    0    |    10   |
|          |                select_ln957_1_fu_839               |    0    |    10   |
|          |                select_ln957_2_fu_845               |    0    |    10   |
|          |                select_ln957_3_fu_851               |    0    |    10   |
|          |                select_ln957_4_fu_858               |    0    |    10   |
|          |                select_ln957_5_fu_865               |    0    |    10   |
|          |                select_ln957_6_fu_872               |    0    |    10   |
|          |                select_ln957_9_fu_879               |    0    |    10   |
|          |                select_ln975_1_fu_887               |    0    |    10   |
|          |                select_ln975_2_fu_893               |    0    |    10   |
|          |                     DRv_fu_983                     |    0    |    10   |
|  select  |                     DGv_fu_1047                    |    0    |    10   |
|          |                     DRh_fu_1175                    |    0    |    10   |
|          |                     DGh_fu_1188                    |    0    |    10   |
|          |                     DBh_fu_1206                    |    0    |    10   |
|          |                     DBv_fu_1225                    |    0    |    10   |
|          |                select_ln1033_fu_1335               |    0    |    11   |
|          |                select_ln1034_fu_1403               |    0    |    11   |
|          |                select_ln1039_fu_1467               |    0    |    11   |
|          |                select_ln1040_fu_1531               |    0    |    11   |
|          |                r_0_in_i_v_v_fu_1539                |    0    |    11   |
|          |                b_0_in_i_v_v_fu_1557                |    0    |    11   |
|          |                select_ln1042_fu_1626               |    0    |    2    |
|          |                select_ln1046_fu_1640               |    0    |    10   |
|          |                select_ln1043_fu_1667               |    0    |    2    |
|          |                select_ln1048_fu_1681               |    0    |    10   |
|          |                 phi_ln1046_fu_1689                 |    0    |    10   |
|          |                 phi_ln1048_fu_1696                 |    0    |    10   |
|----------|----------------------------------------------------|---------|---------|
|          |                  icmp_ln911_fu_501                 |    0    |    12   |
|          |                  icmp_ln975_fu_507                 |    0    |    12   |
|          |                  icmp_ln881_fu_581                 |    0    |    12   |
|          |                  icmp_ln891_fu_603                 |    0    |    12   |
|   icmp   |                  icmp_ln957_fu_609                 |    0    |    12   |
|          |                 icmp_ln1014_fu_631                 |    0    |    20   |
|          |                 icmp_ln1052_fu_637                 |    0    |    12   |
|          |                 icmp_ln1030_fu_1273                |    0    |    12   |
|          |                 icmp_ln1042_fu_1615                |    0    |    10   |
|          |                 icmp_ln1043_fu_1656                |    0    |    10   |
|----------|----------------------------------------------------|---------|---------|
|          |                     x_8_fu_587                     |    0    |    12   |
|          |                add_ln1030_2_fu_1099                |    0    |    13   |
|          |                 add_ln1030_fu_1240                 |    0    |    13   |
|          |                add_ln1030_1_fu_1254                |    0    |    12   |
|    add   |                add_ln1030_3_fu_1267                |    0    |    12   |
|          |                 add_ln1033_fu_1285                 |    0    |    12   |
|          |                 add_ln1034_fu_1353                 |    0    |    12   |
|          |                 add_ln1039_fu_1417                 |    0    |    12   |
|          |                 add_ln1040_fu_1481                 |    0    |    12   |
|----------|----------------------------------------------------|---------|---------|
|          |                  xor_ln1014_fu_615                 |    0    |    2    |
|    xor   |                 xor_ln1014_2_fu_621                |    0    |    2    |
|          |                 xor_ln1046_fu_1620                 |    0    |    2    |
|          |                 xor_ln1048_fu_1661                 |    0    |    2    |
|----------|----------------------------------------------------|---------|---------|
|    or    |                  or_ln1042_fu_1634                 |    0    |    2    |
|          |                  or_ln1043_fu_1675                 |    0    |    2    |
|----------|----------------------------------------------------|---------|---------|
|    and   |                  and_ln1052_fu_643                 |    0    |    2    |
|----------|----------------------------------------------------|---------|---------|
|          |          width_val8_load_read_read_fu_206          |    0    |    0    |
|          |            xor_ln1014_1_read_read_fu_212           |    0    |    0    |
|          |                   tmp_read_fu_218                  |    0    |    0    |
|          |             loopWidth_read_read_fu_224             |    0    |    0    |
|          |          height_val4_load_read_read_fu_230         |    0    |    0    |
|          |                 y_read_read_fu_236                 |    0    |    0    |
|          |  p_0_0_0_0_011581703_lcssa1747_i_read_read_fu_242  |    0    |    0    |
|          |  p_0_1_0_0_011591706_lcssa1749_i_read_read_fu_248  |    0    |    0    |
|          |  p_0_2_0_0_011601709_lcssa1751_i_read_read_fu_254  |    0    |    0    |
|   read   |  p_0_0_0116617811793_lcssa1829_i_read_read_fu_260  |    0    |    0    |
|          |  p_0_0_0116517831795_lcssa1831_i_read_read_fu_266  |    0    |    0    |
|          |  p_0_0_0116417851797_lcssa1833_i_read_read_fu_272  |    0    |    0    |
|          |  p_0_0_0_0_011521798_lcssa1835_i_read_read_fu_278  |    0    |    0    |
|          |  p_0_1_0_0_011531800_lcssa1837_i_read_read_fu_284  |    0    |    0    |
|          |  p_0_2_0_0_011541802_lcssa1839_i_read_read_fu_290  |    0    |    0    |
|          | p_0_0_01179_217751805_lcssa1841_i_read_read_fu_296 |    0    |    0    |
|          | p_0_0_01178_217771807_lcssa1843_i_read_read_fu_302 |    0    |    0    |
|          | p_0_0_01177_217791809_lcssa1845_i_read_read_fu_308 |    0    |    0    |
|          |                  InPix_read_fu_314                 |    0    |    0    |
|----------|----------------------------------------------------|---------|---------|
|   write  |              write_ln1054_write_fu_320             |    0    |    0    |
|----------|----------------------------------------------------|---------|---------|
|          |                 trunc_ln881_fu_593                 |    0    |    0    |
|          |                 trunc_ln902_fu_675                 |    0    |    0    |
|          |                trunc_ln902_1_fu_697                |    0    |    0    |
|          |                 trunc_ln913_fu_717                 |    0    |    0    |
|          |                  trunc_ln61_fu_941                 |    0    |    0    |
|   trunc  |                 trunc_ln61_4_fu_965                |    0    |    0    |
|          |                trunc_ln61_5_fu_1005                |    0    |    0    |
|          |                trunc_ln61_6_fu_1029                |    0    |    0    |
|          |                trunc_ln61_7_fu_1069                |    0    |    0    |
|          |                trunc_ln61_8_fu_1087                |    0    |    0    |
|          |                trunc_ln1048_fu_1601                |    0    |    0    |
|          |                trunc_ln1046_fu_1604                |    0    |    0    |
|----------|----------------------------------------------------|---------|---------|
|          |                  zext_ln881_fu_597                 |    0    |    0    |
|          |                 zext_ln1014_fu_627                 |    0    |    0    |
|          |                 zext_ln1023_fu_927                 |    0    |    0    |
|          |                zext_ln1023_1_fu_931                |    0    |    0    |
|          |                 zext_ln1024_fu_951                 |    0    |    0    |
|          |                zext_ln1024_1_fu_955                |    0    |    0    |
|          |                 zext_ln1025_fu_991                 |    0    |    0    |
|          |                zext_ln1025_1_fu_995                |    0    |    0    |
|          |                 zext_ln1026_fu_1015                |    0    |    0    |
|          |                zext_ln1026_1_fu_1019               |    0    |    0    |
|          |                 zext_ln1027_fu_1055                |    0    |    0    |
|   zext   |                zext_ln1027_1_fu_1059               |    0    |    0    |
|          |                 zext_ln1028_fu_1073                |    0    |    0    |
|          |                zext_ln1028_1_fu_1077               |    0    |    0    |
|          |                zext_ln1030_4_fu_1091               |    0    |    0    |
|          |                zext_ln1030_5_fu_1095               |    0    |    0    |
|          |                 zext_ln1030_fu_1232                |    0    |    0    |
|          |                zext_ln1030_1_fu_1236               |    0    |    0    |
|          |                zext_ln1030_2_fu_1246               |    0    |    0    |
|          |                zext_ln1030_3_fu_1250               |    0    |    0    |
|          |                zext_ln1030_6_fu_1260               |    0    |    0    |
|          |                zext_ln1030_7_fu_1263               |    0    |    0    |
|          |                zext_ln1034_1_fu_1343               |    0    |    0    |
|----------|----------------------------------------------------|---------|---------|
|          |                    tmp_i_fu_680                    |    0    |    0    |
|          |                   tmp_1_i_fu_689                   |    0    |    0    |
|          |                   tmp_3_i_fu_701                   |    0    |    0    |
|          |                   tmp_4_i_fu_709                   |    0    |    0    |
|          |                trunc_ln913_2_fu_722                |    0    |    0    |
|          |                trunc_ln913_3_fu_733                |    0    |    0    |
|          |             lshr_ln1033_1_cast_fu_1309             |    0    |    0    |
|partselect|                   zext_ln_fu_1325                  |    0    |    0    |
|          |             lshr_ln1034_1_cast_fu_1377             |    0    |    0    |
|          |                  zext_ln1_fu_1393                  |    0    |    0    |
|          |             lshr_ln1039_1_cast_fu_1441             |    0    |    0    |
|          |                  zext_ln2_fu_1457                  |    0    |    0    |
|          |             lshr_ln1040_1_cast_fu_1505             |    0    |    0    |
|          |                  zext_ln3_fu_1521                  |    0    |    0    |
|          |                   tmp_21_fu_1575                   |    0    |    0    |
|          |                   tmp_23_fu_1585                   |    0    |    0    |
|----------|----------------------------------------------------|---------|---------|
|bitconcatenate|                 LineBufVal_4_fu_899                |    0    |    0    |
|          |                or_ln1054_3_i_fu_1703               |    0    |    0    |
|----------|----------------------------------------------------|---------|---------|
|          |                    tmp_11_fu_969                   |    0    |    0    |
|          |                   tmp_13_fu_1033                   |    0    |    0    |
|          |                   tmp_10_fu_1168                   |    0    |    0    |
|          |                   tmp_12_fu_1181                   |    0    |    0    |
|          |                   tmp_14_fu_1194                   |    0    |    0    |
| bitselect|                   tmp_15_fu_1213                   |    0    |    0    |
|          |                   tmp_16_fu_1295                   |    0    |    0    |
|          |                   tmp_17_fu_1363                   |    0    |    0    |
|          |                   tmp_18_fu_1427                   |    0    |    0    |
|          |                   tmp_19_fu_1491                   |    0    |    0    |
|          |                   tmp_20_fu_1607                   |    0    |    0    |
|          |                   tmp_22_fu_1648                   |    0    |    0    |
|----------|----------------------------------------------------|---------|---------|
|          |                 sext_ln1033_fu_1279                |    0    |    0    |
|          |                sext_ln1033_1_fu_1282               |    0    |    0    |
|          |                sext_ln1033_2_fu_1291               |    0    |    0    |
|          |                 sext_ln1034_fu_1347                |    0    |    0    |
|          |                sext_ln1034_1_fu_1350               |    0    |    0    |
|          |                sext_ln1034_2_fu_1359               |    0    |    0    |
|          |                 sext_ln1039_fu_1411                |    0    |    0    |
|   sext   |                sext_ln1039_1_fu_1414               |    0    |    0    |
|          |                sext_ln1039_2_fu_1423               |    0    |    0    |
|          |                 sext_ln1040_fu_1475                |    0    |    0    |
|          |                sext_ln1040_1_fu_1478               |    0    |    0    |
|          |                sext_ln1040_2_fu_1487               |    0    |    0    |
|          |              r_0_in_i_v_v_cast_fu_1547             |    0    |    0    |
|          |              b_0_in_i_v_v_cast_fu_1565             |    0    |    0    |
|          |               r_0_in_i_cast1_fu_1595               |    0    |    0    |
|          |                 sext_ln1048_fu_1598                |    0    |    0    |
|----------|----------------------------------------------------|---------|---------|
|   Total  |                                                    |    0    |   948   |
|----------|----------------------------------------------------|---------|---------|

Memories:
+------------+--------+--------+--------+--------+
|            |  BRAM  |   FF   |   LUT  |  URAM  |
+------------+--------+--------+--------+--------+
| lineBuffer |    4   |    0   |    0   |    0   |
|lineBuffer_2|    4   |    0   |    0   |    0   |
+------------+--------+--------+--------+--------+
|    Total   |    8   |    0   |    0   |    0   |
+------------+--------+--------+--------+--------+

* Register list:
+-------------------------------------+--------+
|                                     |   FF   |
+-------------------------------------+--------+
|        add_ln1030_2_reg_2104        |   11   |
|         and_ln1052_reg_1921         |    1   |
|          b_0_in_i_reg_2155          |   12   |
|            down_1_reg_399           |   10   |
|            down_2_reg_390           |   10   |
|             down_reg_408            |   10   |
|         icmp_ln1014_reg_1915        |    1   |
|         icmp_ln881_reg_1879         |    1   |
|         icmp_ln891_reg_1883         |    1   |
|         icmp_ln911_reg_1868         |    1   |
|         icmp_ln957_reg_1899         |    1   |
|         icmp_ln975_reg_1872         |    1   |
|            left_1_reg_426           |   10   |
|            left_2_reg_417           |   10   |
|             left_reg_435            |   10   |
|      lineBuffer_2_addr_reg_1893     |   11   |
|       lineBuffer_addr_reg_1887      |   11   |
| p_0_0_0116417851796_i_load_reg_2027 |   10   |
|    p_0_0_0116417851796_i_reg_1795   |   10   |
| p_0_0_0116517831794_i_load_reg_1931 |   10   |
|    p_0_0_0116517831794_i_reg_1788   |   10   |
| p_0_0_0116617811792_i_load_reg_1925 |   10   |
|    p_0_0_0116617811792_i_reg_1781   |   10   |
|p_0_0_01177_217791808_i_load_reg_2032|   10   |
|   p_0_0_01177_217791808_i_reg_1840  |   10   |
|    p_0_0_01177_21779_ph_i_reg_381   |   10   |
|p_0_0_01178_217771806_i_load_reg_1964|   10   |
|   p_0_0_01178_217771806_i_reg_1833  |   10   |
|    p_0_0_01178_21777_ph_i_reg_362   |   10   |
|p_0_0_01179_217751804_i_load_reg_1958|   10   |
|   p_0_0_01179_217751804_i_reg_1826  |   10   |
|    p_0_0_01179_21775_ph_i_reg_372   |   10   |
| p_0_0_0_0_011581705_i_load_reg_2037 |   10   |
|    p_0_0_0_0_011581705_i_reg_1847   |   10   |
| p_0_1_0_0_011591708_i_load_reg_2042 |   10   |
|    p_0_1_0_0_011591708_i_reg_1854   |   10   |
| p_0_2_0_0_011601711_i_load_reg_2047 |   10   |
|    p_0_2_0_0_011601711_i_reg_1861   |   10   |
|            pix_7_reg_454            |   10   |
|            pix_8_reg_444            |   10   |
|             pix_reg_464             |   10   |
|          r_0_in_i_reg_2149          |   12   |
|           right_1_reg_1810          |   10   |
|           right_2_reg_1818          |   10   |
|           right_3_reg_1937          |   10   |
|           right_4_reg_1944          |   10   |
|           right_5_reg_1951          |   10   |
|            right_reg_1802           |   10   |
|       select_ln957_10_reg_2012      |   10   |
|       select_ln957_11_reg_2017      |   10   |
|       select_ln957_7_reg_2002       |   10   |
|       select_ln957_8_reg_2007       |   10   |
|        select_ln975_reg_2022        |   10   |
|         sub_ln1023_reg_2052         |   11   |
|         sub_ln1025_reg_2067         |   11   |
|         sub_ln1027_reg_2082         |   11   |
|         sub_ln1028_reg_2093         |   11   |
|        sub_ln1033_1_reg_2114        |   11   |
|         sub_ln1033_reg_2109         |   11   |
|        sub_ln1034_1_reg_2124        |   11   |
|         sub_ln1034_reg_2119         |   11   |
|        sub_ln1039_1_reg_2134        |   11   |
|         sub_ln1039_reg_2129         |   11   |
|        sub_ln1040_1_reg_2144        |   11   |
|         sub_ln1040_reg_2139         |   11   |
|         sub_ln61_5_reg_2077         |   10   |
|          sub_ln61_reg_2062          |   10   |
|           tmp_1_i_reg_1983          |   10   |
|           tmp_21_reg_2161           |    2   |
|           tmp_23_reg_2166           |    2   |
|           tmp_4_i_reg_1991          |   10   |
|            tmp_i_reg_1976           |   10   |
|        trunc_ln61_5_reg_2072        |   10   |
|        trunc_ln61_7_reg_2087        |   10   |
|        trunc_ln61_8_reg_2098        |   10   |
|         trunc_ln61_reg_2057         |   10   |
|         trunc_ln902_reg_1970        |   10   |
|        trunc_ln913_3_reg_1997       |   10   |
|             up_1_reg_483            |   10   |
|             up_2_reg_474            |   10   |
|              up_reg_492             |   10   |
|              x_reg_1774             |   11   |
+-------------------------------------+--------+
|                Total                |   761  |
+-------------------------------------+--------+

* Multiplexer (MUX) list: 
|-------------------|------|------|------|--------||---------||---------||---------|
|        Comp       |  Pin | Size |  BW  | S x BW ||  Delay  ||    FF   ||   LUT   |
|-------------------|------|------|------|--------||---------||---------||---------|
| grp_access_fu_334 |  p2  |   2  |   0  |    0   ||    0    ||    9    |
| grp_access_fu_351 |  p2  |   2  |   0  |    0   ||    0    ||    9    |
|-------------------|------|------|------|--------||---------||---------||---------|
|       Total       |      |      |      |    0   ||  3.176  ||    0    ||    18   |
|-------------------|------|------|------|--------||---------||---------||---------|



* Summary:
+-----------+--------+--------+--------+--------+--------+
|           |  BRAM  |  Delay |   FF   |   LUT  |  URAM  |
+-----------+--------+--------+--------+--------+--------+
|  Function |    -   |    -   |    0   |   948  |    -   |
|   Memory  |    8   |    -   |    0   |    0   |    0   |
|Multiplexer|    -   |    3   |    0   |   18   |    -   |
|  Register |    -   |    -   |   761  |    -   |    -   |
+-----------+--------+--------+--------+--------+--------+
|   Total   |    8   |    3   |   761  |   966  |    0   |
+-----------+--------+--------+--------+--------+--------+
