

================================================================
== Vitis HLS Report for 'DebayerRatBorBatR_Pipeline_VITIS_LOOP_633_2'
================================================================
* Date:           Wed Sep 23 22:09:26 2026

* Version:        2025.2 (Build 6295257 on Nov 14 2025)
* Project:        prj
* Solution:       sol (Vivado IP Flow Target)
* Product family: zynq
* Target device:  xc7z020-clg400-1


================================================================
== Performance Estimates
================================================================
+ Timing: 
    * Summary: 
    +--------+----------+----------+------------+
    |  Clock |  Target  | Estimated| Uncertainty|
    +--------+----------+----------+------------+
    |ap_clk  |  10.00 ns|  7.131 ns|     2.70 ns|
    +--------+----------+----------+------------+

+ Latency: 
    * Summary: 
    +---------+---------+-----------+-----------+-----+-----+-------------------+
    |  Latency (cycles) |   Latency (absolute)  |  Interval |      Pipeline     |
    |   min   |   max   |    min    |    max    | min | max |        Type       |
    +---------+---------+-----------+-----------+-----+-----+-------------------+
    |        8|     1928|  80.000 ns|  19.280 us|    0|    0|  loop pipeline stp|
    +---------+---------+-----------+-----------+-----+-----+-------------------+

    + Detail: 
        * Instance: 
        N/A

        * Loop: 
        +--------------------+---------+---------+----------+-----------+-----------+----------+----------+
        |                    |  Latency (cycles) | Iteration|  Initiation Interval  |   Trip   |          |
        |      Loop Name     |   min   |   max   |  Latency |  achieved |   target  |   Count  | Pipelined|
        +--------------------+---------+---------+----------+-----------+-----------+----------+----------+
        |- VITIS_LOOP_633_2  |        6|     1926|         7|          1|          1|  1 ~ 1921|       yes|
        +--------------------+---------+---------+----------+-----------+-----------+----------+----------+

============================================================
+ Verbose Summary: Synthesis Manager
============================================================
InlineROM: 1
ExposeGlobal: 0
============================================================
+ Verbose Summary: CDFG Model
============================================================
IsTopModel: 0
ResetActiveHigh: 1
IsCombinational: 0
IsDatapathOnly: 0
HasWiredReturn: 1
HasMFsm: 2
HasVarLatency: 1
IsPipeline: 0
IsRtlPipelined: 0
IsInstanceOverlapped: 0
IsDontTouch: 0
HasImplIP: 0
IsGatedGlobalClock: 0

+ Individual pipeline summary: 
  * Pipeline-0: initiation interval (II) = 1, depth = 7


============================================================
+ Verbose Summary: Schedule
============================================================
* Number of FSM states : 7
* Pipeline : 1
  Pipeline-0 : II = 1, D = 7, States = { 1 2 3 4 5 6 7 }
* Dataflow Pipeline: 0

* FSM state transitions: 
1 --> 2 
2 --> 3 
3 --> 4 
4 --> 5 
5 --> 6 
6 --> 7 
7 --> 

* FSM state operations: 

State 1 <SV = 0> <Delay = 6.50>
ST_1 : Operation 10 [1/1] (0.00ns)   --->   "%x = alloca i32 1" [V:/zybo_z7_imx219/zybo_z7_imx219.runs/design_1_v_demosaic_0_0_synth_1/prj/sol/.autopilot/db/v_demosaic.cpp:603->V:/zybo_z7_imx219/zybo_z7_imx219.runs/design_1_v_demosaic_0_0_synth_1/prj/sol/.autopilot/db/v_demosaic.cpp:1072]   --->   Operation 10 'alloca' 'x' <Predicate = true> <Delay = 0.00>
ST_1 : Operation 11 [1/1] (0.00ns)   --->   "%p_0_0_0_0_09131515_i = alloca i32 1"   --->   Operation 11 'alloca' 'p_0_0_0_0_09131515_i' <Predicate = true> <Delay = 0.00>
ST_1 : Operation 12 [1/1] (0.00ns)   --->   "%p_0_1_0_0_09141517_i = alloca i32 1"   --->   Operation 12 'alloca' 'p_0_1_0_0_09141517_i' <Predicate = true> <Delay = 0.00>
ST_1 : Operation 13 [1/1] (0.00ns)   --->   "%p_0_2_0_0_09151519_i = alloca i32 1"   --->   Operation 13 'alloca' 'p_0_2_0_0_09151519_i' <Predicate = true> <Delay = 0.00>
ST_1 : Operation 14 [1/1] (0.00ns)   --->   "%p_0_0_0940_115091520_i = alloca i32 1"   --->   Operation 14 'alloca' 'p_0_0_0940_115091520_i' <Predicate = true> <Delay = 0.00>
ST_1 : Operation 15 [1/1] (0.00ns)   --->   "%p_0_0_0939_115111522_i = alloca i32 1"   --->   Operation 15 'alloca' 'p_0_0_0939_115111522_i' <Predicate = true> <Delay = 0.00>
ST_1 : Operation 16 [1/1] (0.00ns)   --->   "%p_0_0_0938_115131524_i = alloca i32 1"   --->   Operation 16 'alloca' 'p_0_0_0938_115131524_i' <Predicate = true> <Delay = 0.00>
ST_1 : Operation 17 [1/1] (0.00ns)   --->   "%p_0_0_0_0_09071527_i = alloca i32 1"   --->   Operation 17 'alloca' 'p_0_0_0_0_09071527_i' <Predicate = true> <Delay = 0.00>
ST_1 : Operation 18 [1/1] (0.00ns)   --->   "%p_0_1_0_0_09081529_i = alloca i32 1"   --->   Operation 18 'alloca' 'p_0_1_0_0_09081529_i' <Predicate = true> <Delay = 0.00>
ST_1 : Operation 19 [1/1] (0.00ns)   --->   "%p_0_2_0_0_09091531_i = alloca i32 1"   --->   Operation 19 'alloca' 'p_0_2_0_0_09091531_i' <Predicate = true> <Delay = 0.00>
ST_1 : Operation 20 [1/1] (0.00ns)   --->   "%p_0_0_09401416_i = alloca i32 1"   --->   Operation 20 'alloca' 'p_0_0_09401416_i' <Predicate = true> <Delay = 0.00>
ST_1 : Operation 21 [1/1] (0.00ns)   --->   "%p_0_0_09391419_i = alloca i32 1"   --->   Operation 21 'alloca' 'p_0_0_09391419_i' <Predicate = true> <Delay = 0.00>
ST_1 : Operation 22 [1/1] (0.00ns)   --->   "%p_0_0_09381422_i = alloca i32 1"   --->   Operation 22 'alloca' 'p_0_0_09381422_i' <Predicate = true> <Delay = 0.00>
ST_1 : Operation 23 [1/1] (0.00ns)   --->   "%p_0_0_0940_21446_i = alloca i32 1"   --->   Operation 23 'alloca' 'p_0_0_0940_21446_i' <Predicate = true> <Delay = 0.00>
ST_1 : Operation 24 [1/1] (0.00ns)   --->   "%p_0_0_0939_21449_i = alloca i32 1"   --->   Operation 24 'alloca' 'p_0_0_0939_21449_i' <Predicate = true> <Delay = 0.00>
ST_1 : Operation 25 [1/1] (0.00ns)   --->   "%p_0_0_0938_21452_i = alloca i32 1"   --->   Operation 25 'alloca' 'p_0_0_0938_21452_i' <Predicate = true> <Delay = 0.00>
ST_1 : Operation 26 [1/1] (0.00ns)   --->   "%specinterface_ln0 = specinterface void @_ssdm_op_SpecInterface, i30 %imgG, void @empty_20, i32 0, i32 0, void @empty_14, i32 0, i32 0, void @empty_14, void @empty_14, void @empty_14, i32 0, i32 0, i32 0, i32 0, void @empty_14, void @empty_14, i32 4294967295, i32 0, i32 0, i32 0"   --->   Operation 26 'specinterface' 'specinterface_ln0' <Predicate = true> <Delay = 0.00>
ST_1 : Operation 27 [1/1] (0.00ns)   --->   "%specinterface_ln0 = specinterface void @_ssdm_op_SpecInterface, i30 %imgRB, void @empty_20, i32 0, i32 0, void @empty_14, i32 0, i32 0, void @empty_14, void @empty_14, void @empty_14, i32 0, i32 0, i32 0, i32 0, void @empty_14, void @empty_14, i32 4294967295, i32 0, i32 0, i32 0"   --->   Operation 27 'specinterface' 'specinterface_ln0' <Predicate = true> <Delay = 0.00>
ST_1 : Operation 28 [1/1] (0.00ns)   --->   "%width_val8_load_read = read i11 @_ssdm_op_Read.ap_auto.i11, i11 %width_val8_load"   --->   Operation 28 'read' 'width_val8_load_read' <Predicate = true> <Delay = 0.00>
ST_1 : Operation 29 [1/1] (0.00ns)   --->   "%xor_ln772_1_read = read i15 @_ssdm_op_Read.ap_auto.i15, i15 %xor_ln772_1"   --->   Operation 29 'read' 'xor_ln772_1_read' <Predicate = true> <Delay = 0.00>
ST_1 : Operation 30 [1/1] (0.00ns)   --->   "%tmp = read i1 @_ssdm_op_Read.ap_auto.i1, i1 %empty"   --->   Operation 30 'read' 'tmp' <Predicate = true> <Delay = 0.00>
ST_1 : Operation 31 [1/1] (0.00ns)   --->   "%loopWidth_read = read i11 @_ssdm_op_Read.ap_auto.i11, i11 %loopWidth"   --->   Operation 31 'read' 'loopWidth_read' <Predicate = true> <Delay = 0.00>
ST_1 : Operation 32 [1/1] (0.00ns)   --->   "%height_val4_load_read = read i11 @_ssdm_op_Read.ap_auto.i11, i11 %height_val4_load"   --->   Operation 32 'read' 'height_val4_load_read' <Predicate = true> <Delay = 0.00>
ST_1 : Operation 33 [1/1] (0.00ns)   --->   "%y_read = read i11 @_ssdm_op_Read.ap_auto.i11, i11 %y"   --->   Operation 33 'read' 'y_read' <Predicate = true> <Delay = 0.00>
ST_1 : Operation 34 [1/1] (0.00ns)   --->   "%trunc_ln_read = read i15 @_ssdm_op_Read.ap_auto.i15, i15 %trunc_ln"   --->   Operation 34 'read' 'trunc_ln_read' <Predicate = true> <Delay = 0.00>
ST_1 : Operation 35 [1/1] (0.00ns)   --->   "%xor_ln772_read = read i1 @_ssdm_op_Read.ap_auto.i1, i1 %xor_ln772"   --->   Operation 35 'read' 'xor_ln772_read' <Predicate = true> <Delay = 0.00>
ST_1 : Operation 36 [1/1] (0.00ns)   --->   "%p_0_0_09401417_lcssa1469_i_read = read i10 @_ssdm_op_Read.ap_auto.i10, i10 %p_0_0_09401417_lcssa1469_i"   --->   Operation 36 'read' 'p_0_0_09401417_lcssa1469_i_read' <Predicate = true> <Delay = 0.00>
ST_1 : Operation 37 [1/1] (0.00ns)   --->   "%p_0_0_09391420_lcssa1471_i_read = read i10 @_ssdm_op_Read.ap_auto.i10, i10 %p_0_0_09391420_lcssa1471_i"   --->   Operation 37 'read' 'p_0_0_09391420_lcssa1471_i_read' <Predicate = true> <Delay = 0.00>
ST_1 : Operation 38 [1/1] (0.00ns)   --->   "%p_0_0_09381423_lcssa1473_i_read = read i10 @_ssdm_op_Read.ap_auto.i10, i10 %p_0_0_09381423_lcssa1473_i"   --->   Operation 38 'read' 'p_0_0_09381423_lcssa1473_i_read' <Predicate = true> <Delay = 0.00>
ST_1 : Operation 39 [1/1] (0.00ns)   --->   "%p_0_0_0940_21447_lcssa1481_i_read = read i10 @_ssdm_op_Read.ap_auto.i10, i10 %p_0_0_0940_21447_lcssa1481_i"   --->   Operation 39 'read' 'p_0_0_0940_21447_lcssa1481_i_read' <Predicate = true> <Delay = 0.00>
ST_1 : Operation 40 [1/1] (0.00ns)   --->   "%p_0_0_0939_21450_lcssa1483_i_read = read i10 @_ssdm_op_Read.ap_auto.i10, i10 %p_0_0_0939_21450_lcssa1483_i"   --->   Operation 40 'read' 'p_0_0_0939_21450_lcssa1483_i_read' <Predicate = true> <Delay = 0.00>
ST_1 : Operation 41 [1/1] (0.00ns)   --->   "%p_0_0_0938_21453_lcssa1485_i_read = read i10 @_ssdm_op_Read.ap_auto.i10, i10 %p_0_0_0938_21453_lcssa1485_i"   --->   Operation 41 'read' 'p_0_0_0938_21453_lcssa1485_i_read' <Predicate = true> <Delay = 0.00>
ST_1 : Operation 42 [1/1] (0.00ns)   --->   "%p_0_0_0_0_09131514_lcssa1551_i_read = read i10 @_ssdm_op_Read.ap_auto.i10, i10 %p_0_0_0_0_09131514_lcssa1551_i"   --->   Operation 42 'read' 'p_0_0_0_0_09131514_lcssa1551_i_read' <Predicate = true> <Delay = 0.00>
ST_1 : Operation 43 [1/1] (0.00ns)   --->   "%p_0_1_0_0_09141516_lcssa1553_i_read = read i10 @_ssdm_op_Read.ap_auto.i10, i10 %p_0_1_0_0_09141516_lcssa1553_i"   --->   Operation 43 'read' 'p_0_1_0_0_09141516_lcssa1553_i_read' <Predicate = true> <Delay = 0.00>
ST_1 : Operation 44 [1/1] (0.00ns)   --->   "%p_0_2_0_0_09151518_lcssa1555_i_read = read i10 @_ssdm_op_Read.ap_auto.i10, i10 %p_0_2_0_0_09151518_lcssa1555_i"   --->   Operation 44 'read' 'p_0_2_0_0_09151518_lcssa1555_i_read' <Predicate = true> <Delay = 0.00>
ST_1 : Operation 45 [1/1] (0.00ns)   --->   "%p_0_0_0940_115091521_lcssa1557_i_read = read i10 @_ssdm_op_Read.ap_auto.i10, i10 %p_0_0_0940_115091521_lcssa1557_i"   --->   Operation 45 'read' 'p_0_0_0940_115091521_lcssa1557_i_read' <Predicate = true> <Delay = 0.00>
ST_1 : Operation 46 [1/1] (0.00ns)   --->   "%p_0_0_0939_115111523_lcssa1559_i_read = read i10 @_ssdm_op_Read.ap_auto.i10, i10 %p_0_0_0939_115111523_lcssa1559_i"   --->   Operation 46 'read' 'p_0_0_0939_115111523_lcssa1559_i_read' <Predicate = true> <Delay = 0.00>
ST_1 : Operation 47 [1/1] (0.00ns)   --->   "%p_0_0_0938_115131525_lcssa1561_i_read = read i10 @_ssdm_op_Read.ap_auto.i10, i10 %p_0_0_0938_115131525_lcssa1561_i"   --->   Operation 47 'read' 'p_0_0_0938_115131525_lcssa1561_i_read' <Predicate = true> <Delay = 0.00>
ST_1 : Operation 48 [1/1] (0.00ns)   --->   "%p_0_0_0_0_09071526_lcssa1563_i_read = read i10 @_ssdm_op_Read.ap_auto.i10, i10 %p_0_0_0_0_09071526_lcssa1563_i"   --->   Operation 48 'read' 'p_0_0_0_0_09071526_lcssa1563_i_read' <Predicate = true> <Delay = 0.00>
ST_1 : Operation 49 [1/1] (0.00ns)   --->   "%p_0_1_0_0_09081528_lcssa1565_i_read = read i10 @_ssdm_op_Read.ap_auto.i10, i10 %p_0_1_0_0_09081528_lcssa1565_i"   --->   Operation 49 'read' 'p_0_1_0_0_09081528_lcssa1565_i_read' <Predicate = true> <Delay = 0.00>
ST_1 : Operation 50 [1/1] (0.00ns)   --->   "%p_0_2_0_0_09091530_lcssa1567_i_read = read i10 @_ssdm_op_Read.ap_auto.i10, i10 %p_0_2_0_0_09091530_lcssa1567_i"   --->   Operation 50 'read' 'p_0_2_0_0_09091530_lcssa1567_i_read' <Predicate = true> <Delay = 0.00>
ST_1 : Operation 51 [1/1] (3.25ns)   --->   "%lineBuffer_1 = alloca i64 1" [V:/zybo_z7_imx219/zybo_z7_imx219.runs/design_1_v_demosaic_0_0_synth_1/prj/sol/.autopilot/db/v_demosaic.cpp:614->V:/zybo_z7_imx219/zybo_z7_imx219.runs/design_1_v_demosaic_0_0_synth_1/prj/sol/.autopilot/db/v_demosaic.cpp:1072]   --->   Operation 51 'alloca' 'lineBuffer_1' <Predicate = true> <Delay = 3.25> <CoreInst = "RAM">   --->   Core 81 'RAM' <Latency = 1> <II = 1> <Delay = 3.25> <Storage> <Opcode : 'load' 'store'> <Ports = 2> <Width = 30> <Depth = 1921> <RAM>
ST_1 : Operation 52 [1/1] (3.25ns)   --->   "%lineBuffer = alloca i64 1" [V:/zybo_z7_imx219/zybo_z7_imx219.runs/design_1_v_demosaic_0_0_synth_1/prj/sol/.autopilot/db/v_demosaic.cpp:614->V:/zybo_z7_imx219/zybo_z7_imx219.runs/design_1_v_demosaic_0_0_synth_1/prj/sol/.autopilot/db/v_demosaic.cpp:1072]   --->   Operation 52 'alloca' 'lineBuffer' <Predicate = true> <Delay = 3.25> <CoreInst = "RAM">   --->   Core 81 'RAM' <Latency = 1> <II = 1> <Delay = 3.25> <Storage> <Opcode : 'load' 'store'> <Ports = 2> <Width = 30> <Depth = 1921> <RAM>
ST_1 : Operation 53 [1/1] (0.00ns)   --->   "%zext_ln772 = zext i1 %xor_ln772_read" [V:/zybo_z7_imx219/zybo_z7_imx219.runs/design_1_v_demosaic_0_0_synth_1/prj/sol/.autopilot/db/v_demosaic.cpp:772->V:/zybo_z7_imx219/zybo_z7_imx219.runs/design_1_v_demosaic_0_0_synth_1/prj/sol/.autopilot/db/v_demosaic.cpp:1072]   --->   Operation 53 'zext' 'zext_ln772' <Predicate = true> <Delay = 0.00>
ST_1 : Operation 54 [1/1] (1.94ns)   --->   "%red = icmp_eq  i15 %zext_ln772, i15 %trunc_ln_read" [V:/zybo_z7_imx219/zybo_z7_imx219.runs/design_1_v_demosaic_0_0_synth_1/prj/sol/.autopilot/db/v_demosaic.cpp:786->V:/zybo_z7_imx219/zybo_z7_imx219.runs/design_1_v_demosaic_0_0_synth_1/prj/sol/.autopilot/db/v_demosaic.cpp:1072]   --->   Operation 54 'icmp' 'red' <Predicate = true> <Delay = 1.94> <CoreInst = "Cmp">   --->   Core 9 'Cmp' <Latency = 0> <II = 1> <Delay = 1.94> <FuncUnit> <Opcode : 'seteq' 'setne' 'setle' 'setge' 'setlt' 'setgt'> <InPorts = 2> <OutPorts = 1>
ST_1 : Operation 55 [1/1] (1.63ns)   --->   "%icmp_ln664 = icmp_ult  i11 %y_read, i11 %height_val4_load_read" [V:/zybo_z7_imx219/zybo_z7_imx219.runs/design_1_v_demosaic_0_0_synth_1/prj/sol/.autopilot/db/v_demosaic.cpp:664->V:/zybo_z7_imx219/zybo_z7_imx219.runs/design_1_v_demosaic_0_0_synth_1/prj/sol/.autopilot/db/v_demosaic.cpp:1072]   --->   Operation 55 'icmp' 'icmp_ln664' <Predicate = true> <Delay = 1.63> <CoreInst = "Cmp">   --->   Core 9 'Cmp' <Latency = 0> <II = 1> <Delay = 1.63> <FuncUnit> <Opcode : 'seteq' 'setne' 'setle' 'setge' 'setlt' 'setgt'> <InPorts = 2> <OutPorts = 1>
ST_1 : Operation 56 [1/1] (1.63ns)   --->   "%icmp_ln728 = icmp_ne  i11 %y_read, i11 0" [V:/zybo_z7_imx219/zybo_z7_imx219.runs/design_1_v_demosaic_0_0_synth_1/prj/sol/.autopilot/db/v_demosaic.cpp:728->V:/zybo_z7_imx219/zybo_z7_imx219.runs/design_1_v_demosaic_0_0_synth_1/prj/sol/.autopilot/db/v_demosaic.cpp:1072]   --->   Operation 56 'icmp' 'icmp_ln728' <Predicate = true> <Delay = 1.63> <CoreInst = "Cmp">   --->   Core 9 'Cmp' <Latency = 0> <II = 1> <Delay = 1.63> <FuncUnit> <Opcode : 'seteq' 'setne' 'setle' 'setge' 'setlt' 'setgt'> <InPorts = 2> <OutPorts = 1>
ST_1 : Operation 57 [1/1] (1.58ns)   --->   "%store_ln0 = store i10 %p_0_0_0938_21453_lcssa1485_i_read, i10 %p_0_0_0938_21452_i"   --->   Operation 57 'store' 'store_ln0' <Predicate = true> <Delay = 1.58>
ST_1 : Operation 58 [1/1] (1.58ns)   --->   "%store_ln0 = store i10 %p_0_0_0939_21450_lcssa1483_i_read, i10 %p_0_0_0939_21449_i"   --->   Operation 58 'store' 'store_ln0' <Predicate = true> <Delay = 1.58>
ST_1 : Operation 59 [1/1] (1.58ns)   --->   "%store_ln0 = store i10 %p_0_0_0940_21447_lcssa1481_i_read, i10 %p_0_0_0940_21446_i"   --->   Operation 59 'store' 'store_ln0' <Predicate = true> <Delay = 1.58>
ST_1 : Operation 60 [1/1] (1.58ns)   --->   "%store_ln0 = store i10 %p_0_0_09381423_lcssa1473_i_read, i10 %p_0_0_09381422_i"   --->   Operation 60 'store' 'store_ln0' <Predicate = true> <Delay = 1.58>
ST_1 : Operation 61 [1/1] (1.58ns)   --->   "%store_ln0 = store i10 %p_0_0_09391420_lcssa1471_i_read, i10 %p_0_0_09391419_i"   --->   Operation 61 'store' 'store_ln0' <Predicate = true> <Delay = 1.58>
ST_1 : Operation 62 [1/1] (1.58ns)   --->   "%store_ln0 = store i10 %p_0_0_09401417_lcssa1469_i_read, i10 %p_0_0_09401416_i"   --->   Operation 62 'store' 'store_ln0' <Predicate = true> <Delay = 1.58>
ST_1 : Operation 63 [1/1] (1.58ns)   --->   "%store_ln0 = store i10 %p_0_2_0_0_09091530_lcssa1567_i_read, i10 %p_0_2_0_0_09091531_i"   --->   Operation 63 'store' 'store_ln0' <Predicate = true> <Delay = 1.58>
ST_1 : Operation 64 [1/1] (1.58ns)   --->   "%store_ln0 = store i10 %p_0_1_0_0_09081528_lcssa1565_i_read, i10 %p_0_1_0_0_09081529_i"   --->   Operation 64 'store' 'store_ln0' <Predicate = true> <Delay = 1.58>
ST_1 : Operation 65 [1/1] (1.58ns)   --->   "%store_ln0 = store i10 %p_0_0_0_0_09071526_lcssa1563_i_read, i10 %p_0_0_0_0_09071527_i"   --->   Operation 65 'store' 'store_ln0' <Predicate = true> <Delay = 1.58>
ST_1 : Operation 66 [1/1] (1.58ns)   --->   "%store_ln0 = store i10 %p_0_0_0938_115131525_lcssa1561_i_read, i10 %p_0_0_0938_115131524_i"   --->   Operation 66 'store' 'store_ln0' <Predicate = true> <Delay = 1.58>
ST_1 : Operation 67 [1/1] (1.58ns)   --->   "%store_ln0 = store i10 %p_0_0_0939_115111523_lcssa1559_i_read, i10 %p_0_0_0939_115111522_i"   --->   Operation 67 'store' 'store_ln0' <Predicate = true> <Delay = 1.58>
ST_1 : Operation 68 [1/1] (1.58ns)   --->   "%store_ln0 = store i10 %p_0_0_0940_115091521_lcssa1557_i_read, i10 %p_0_0_0940_115091520_i"   --->   Operation 68 'store' 'store_ln0' <Predicate = true> <Delay = 1.58>
ST_1 : Operation 69 [1/1] (1.58ns)   --->   "%store_ln0 = store i10 %p_0_2_0_0_09151518_lcssa1555_i_read, i10 %p_0_2_0_0_09151519_i"   --->   Operation 69 'store' 'store_ln0' <Predicate = true> <Delay = 1.58>
ST_1 : Operation 70 [1/1] (1.58ns)   --->   "%store_ln0 = store i10 %p_0_1_0_0_09141516_lcssa1553_i_read, i10 %p_0_1_0_0_09141517_i"   --->   Operation 70 'store' 'store_ln0' <Predicate = true> <Delay = 1.58>
ST_1 : Operation 71 [1/1] (1.58ns)   --->   "%store_ln0 = store i10 %p_0_0_0_0_09131514_lcssa1551_i_read, i10 %p_0_0_0_0_09131515_i"   --->   Operation 71 'store' 'store_ln0' <Predicate = true> <Delay = 1.58>
ST_1 : Operation 72 [1/1] (1.58ns)   --->   "%store_ln603 = store i11 0, i11 %x" [V:/zybo_z7_imx219/zybo_z7_imx219.runs/design_1_v_demosaic_0_0_synth_1/prj/sol/.autopilot/db/v_demosaic.cpp:603->V:/zybo_z7_imx219/zybo_z7_imx219.runs/design_1_v_demosaic_0_0_synth_1/prj/sol/.autopilot/db/v_demosaic.cpp:1072]   --->   Operation 72 'store' 'store_ln603' <Predicate = true> <Delay = 1.58>
ST_1 : Operation 73 [1/1] (0.00ns)   --->   "%br_ln633 = br void %for.body14.i" [V:/zybo_z7_imx219/zybo_z7_imx219.runs/design_1_v_demosaic_0_0_synth_1/prj/sol/.autopilot/db/v_demosaic.cpp:633->V:/zybo_z7_imx219/zybo_z7_imx219.runs/design_1_v_demosaic_0_0_synth_1/prj/sol/.autopilot/db/v_demosaic.cpp:1072]   --->   Operation 73 'br' 'br_ln633' <Predicate = true> <Delay = 0.00>
ST_1 : Operation 74 [1/1] (0.00ns)   --->   "%z = load i11 %x" [V:/zybo_z7_imx219/zybo_z7_imx219.runs/design_1_v_demosaic_0_0_synth_1/prj/sol/.autopilot/db/v_demosaic.cpp:638->V:/zybo_z7_imx219/zybo_z7_imx219.runs/design_1_v_demosaic_0_0_synth_1/prj/sol/.autopilot/db/v_demosaic.cpp:1072]   --->   Operation 74 'load' 'z' <Predicate = true> <Delay = 0.00>
ST_1 : Operation 75 [1/1] (1.63ns)   --->   "%icmp_ln633 = icmp_eq  i11 %z, i11 %loopWidth_read" [V:/zybo_z7_imx219/zybo_z7_imx219.runs/design_1_v_demosaic_0_0_synth_1/prj/sol/.autopilot/db/v_demosaic.cpp:633->V:/zybo_z7_imx219/zybo_z7_imx219.runs/design_1_v_demosaic_0_0_synth_1/prj/sol/.autopilot/db/v_demosaic.cpp:1072]   --->   Operation 75 'icmp' 'icmp_ln633' <Predicate = true> <Delay = 1.63> <CoreInst = "Cmp">   --->   Core 9 'Cmp' <Latency = 0> <II = 1> <Delay = 1.63> <FuncUnit> <Opcode : 'seteq' 'setne' 'setle' 'setge' 'setlt' 'setgt'> <InPorts = 2> <OutPorts = 1>
ST_1 : Operation 76 [1/1] (1.63ns)   --->   "%x_5 = add i11 %z, i11 1" [V:/zybo_z7_imx219/zybo_z7_imx219.runs/design_1_v_demosaic_0_0_synth_1/prj/sol/.autopilot/db/v_demosaic.cpp:638->V:/zybo_z7_imx219/zybo_z7_imx219.runs/design_1_v_demosaic_0_0_synth_1/prj/sol/.autopilot/db/v_demosaic.cpp:1072]   --->   Operation 76 'add' 'x_5' <Predicate = true> <Delay = 1.63> <CoreInst = "Adder">   --->   Core 1 'Adder' <Latency = 0> <II = 1> <Delay = 1.63> <FuncUnit> <Opcode : 'add' 'sub'> <InPorts = 2> <OutPorts = 1>
ST_1 : Operation 77 [1/1] (0.00ns)   --->   "%br_ln633 = br i1 %icmp_ln633, void %for.body14.split.i, void %for.inc566.i.exitStub" [V:/zybo_z7_imx219/zybo_z7_imx219.runs/design_1_v_demosaic_0_0_synth_1/prj/sol/.autopilot/db/v_demosaic.cpp:633->V:/zybo_z7_imx219/zybo_z7_imx219.runs/design_1_v_demosaic_0_0_synth_1/prj/sol/.autopilot/db/v_demosaic.cpp:1072]   --->   Operation 77 'br' 'br_ln633' <Predicate = true> <Delay = 0.00>
ST_1 : Operation 78 [1/1] (0.00ns)   --->   "%trunc_ln633 = trunc i11 %z" [V:/zybo_z7_imx219/zybo_z7_imx219.runs/design_1_v_demosaic_0_0_synth_1/prj/sol/.autopilot/db/v_demosaic.cpp:633->V:/zybo_z7_imx219/zybo_z7_imx219.runs/design_1_v_demosaic_0_0_synth_1/prj/sol/.autopilot/db/v_demosaic.cpp:1072]   --->   Operation 78 'trunc' 'trunc_ln633' <Predicate = (!icmp_ln633)> <Delay = 0.00>
ST_1 : Operation 79 [1/1] (0.00ns)   --->   "%specpipeline_ln636 = specpipeline void @_ssdm_op_SpecPipeline, i32 1, i32 0, i32 0, i32 0, i32 4294967295, void @empty_14" [V:/zybo_z7_imx219/zybo_z7_imx219.runs/design_1_v_demosaic_0_0_synth_1/prj/sol/.autopilot/db/v_demosaic.cpp:636->V:/zybo_z7_imx219/zybo_z7_imx219.runs/design_1_v_demosaic_0_0_synth_1/prj/sol/.autopilot/db/v_demosaic.cpp:1072]   --->   Operation 79 'specpipeline' 'specpipeline_ln636' <Predicate = (!icmp_ln633)> <Delay = 0.00>
ST_1 : Operation 80 [1/1] (0.00ns)   --->   "%specloopname_ln633 = specloopname void @_ssdm_op_SpecLoopName, void @empty_6" [V:/zybo_z7_imx219/zybo_z7_imx219.runs/design_1_v_demosaic_0_0_synth_1/prj/sol/.autopilot/db/v_demosaic.cpp:633->V:/zybo_z7_imx219/zybo_z7_imx219.runs/design_1_v_demosaic_0_0_synth_1/prj/sol/.autopilot/db/v_demosaic.cpp:1072]   --->   Operation 80 'specloopname' 'specloopname_ln633' <Predicate = (!icmp_ln633)> <Delay = 0.00>
ST_1 : Operation 81 [1/1] (0.00ns)   --->   "%zext_ln633 = zext i11 %x_5" [V:/zybo_z7_imx219/zybo_z7_imx219.runs/design_1_v_demosaic_0_0_synth_1/prj/sol/.autopilot/db/v_demosaic.cpp:633->V:/zybo_z7_imx219/zybo_z7_imx219.runs/design_1_v_demosaic_0_0_synth_1/prj/sol/.autopilot/db/v_demosaic.cpp:1072]   --->   Operation 81 'zext' 'zext_ln633' <Predicate = (!icmp_ln633)> <Delay = 0.00>
ST_1 : Operation 82 [1/1] (1.63ns)   --->   "%icmp_ln643 = icmp_ult  i11 %z, i11 %width_val8_load_read" [V:/zybo_z7_imx219/zybo_z7_imx219.runs/design_1_v_demosaic_0_0_synth_1/prj/sol/.autopilot/db/v_demosaic.cpp:643->V:/zybo_z7_imx219/zybo_z7_imx219.runs/design_1_v_demosaic_0_0_synth_1/prj/sol/.autopilot/db/v_demosaic.cpp:1072]   --->   Operation 82 'icmp' 'icmp_ln643' <Predicate = (!icmp_ln633)> <Delay = 1.63> <CoreInst = "Cmp">   --->   Core 9 'Cmp' <Latency = 0> <II = 1> <Delay = 1.63> <FuncUnit> <Opcode : 'seteq' 'setne' 'setle' 'setge' 'setlt' 'setgt'> <InPorts = 2> <OutPorts = 1>
ST_1 : Operation 83 [1/1] (1.58ns)   --->   "%br_ln643 = br i1 %icmp_ln643, void %for.body291.i, void %VITIS_LOOP_646_3.i" [V:/zybo_z7_imx219/zybo_z7_imx219.runs/design_1_v_demosaic_0_0_synth_1/prj/sol/.autopilot/db/v_demosaic.cpp:643->V:/zybo_z7_imx219/zybo_z7_imx219.runs/design_1_v_demosaic_0_0_synth_1/prj/sol/.autopilot/db/v_demosaic.cpp:1072]   --->   Operation 83 'br' 'br_ln643' <Predicate = (!icmp_ln633)> <Delay = 1.58>
ST_1 : Operation 84 [1/1] (0.00ns)   --->   "%lineBuffer_addr = getelementptr i30 %lineBuffer, i64 0, i64 %zext_ln633" [v:/zybo_z7_imx219/zybo_z7_imx219.gen/sources_1/bd/design_1/ip/design_1_v_demosaic_0_0/src/hls/hls_video_mem.h:850->V:/zybo_z7_imx219/zybo_z7_imx219.runs/design_1_v_demosaic_0_0_synth_1/prj/sol/.autopilot/db/v_demosaic.cpp:648->V:/zybo_z7_imx219/zybo_z7_imx219.runs/design_1_v_demosaic_0_0_synth_1/prj/sol/.autopilot/db/v_demosaic.cpp:1072]   --->   Operation 84 'getelementptr' 'lineBuffer_addr' <Predicate = (!icmp_ln633 & icmp_ln643)> <Delay = 0.00>
ST_1 : Operation 85 [2/2] (3.25ns)   --->   "%LineBufVal = load i11 %lineBuffer_addr" [V:/zybo_z7_imx219/zybo_z7_imx219.runs/design_1_v_demosaic_0_0_synth_1/prj/sol/.autopilot/db/v_demosaic.cpp:648->V:/zybo_z7_imx219/zybo_z7_imx219.runs/design_1_v_demosaic_0_0_synth_1/prj/sol/.autopilot/db/v_demosaic.cpp:1072]   --->   Operation 85 'load' 'LineBufVal' <Predicate = (!icmp_ln633 & icmp_ln643)> <Delay = 3.25> <CoreInst = "RAM">   --->   Core 81 'RAM' <Latency = 1> <II = 1> <Delay = 3.25> <Storage> <Opcode : 'load' 'store'> <Ports = 2> <Width = 30> <Depth = 1921> <RAM>
ST_1 : Operation 86 [1/1] (0.00ns)   --->   "%lineBuffer_1_addr = getelementptr i30 %lineBuffer_1, i64 0, i64 %zext_ln633" [v:/zybo_z7_imx219/zybo_z7_imx219.gen/sources_1/bd/design_1/ip/design_1_v_demosaic_0_0/src/hls/hls_video_mem.h:850->V:/zybo_z7_imx219/zybo_z7_imx219.runs/design_1_v_demosaic_0_0_synth_1/prj/sol/.autopilot/db/v_demosaic.cpp:648->V:/zybo_z7_imx219/zybo_z7_imx219.runs/design_1_v_demosaic_0_0_synth_1/prj/sol/.autopilot/db/v_demosaic.cpp:1072]   --->   Operation 86 'getelementptr' 'lineBuffer_1_addr' <Predicate = (!icmp_ln633 & icmp_ln643)> <Delay = 0.00>
ST_1 : Operation 87 [2/2] (3.25ns)   --->   "%LineBufVal_1 = load i11 %lineBuffer_1_addr" [V:/zybo_z7_imx219/zybo_z7_imx219.runs/design_1_v_demosaic_0_0_synth_1/prj/sol/.autopilot/db/v_demosaic.cpp:648->V:/zybo_z7_imx219/zybo_z7_imx219.runs/design_1_v_demosaic_0_0_synth_1/prj/sol/.autopilot/db/v_demosaic.cpp:1072]   --->   Operation 87 'load' 'LineBufVal_1' <Predicate = (!icmp_ln633 & icmp_ln643)> <Delay = 3.25> <CoreInst = "RAM">   --->   Core 81 'RAM' <Latency = 1> <II = 1> <Delay = 3.25> <Storage> <Opcode : 'load' 'store'> <Ports = 2> <Width = 30> <Depth = 1921> <RAM>
ST_1 : Operation 88 [1/1] (1.58ns)   --->   "%br_ln664 = br i1 %icmp_ln664, void %VITIS_LOOP_693_11.i, void %VITIS_LOOP_667_7.i" [V:/zybo_z7_imx219/zybo_z7_imx219.runs/design_1_v_demosaic_0_0_synth_1/prj/sol/.autopilot/db/v_demosaic.cpp:664->V:/zybo_z7_imx219/zybo_z7_imx219.runs/design_1_v_demosaic_0_0_synth_1/prj/sol/.autopilot/db/v_demosaic.cpp:1072]   --->   Operation 88 'br' 'br_ln664' <Predicate = (!icmp_ln633 & icmp_ln643)> <Delay = 1.58>
ST_1 : Operation 89 [1/1] (1.58ns)   --->   "%br_ln678 = br void %VITIS_LOOP_693_11.i" [V:/zybo_z7_imx219/zybo_z7_imx219.runs/design_1_v_demosaic_0_0_synth_1/prj/sol/.autopilot/db/v_demosaic.cpp:678->V:/zybo_z7_imx219/zybo_z7_imx219.runs/design_1_v_demosaic_0_0_synth_1/prj/sol/.autopilot/db/v_demosaic.cpp:1072]   --->   Operation 89 'br' 'br_ln678' <Predicate = (!icmp_ln633 & icmp_ln643 & icmp_ln664)> <Delay = 1.58>
ST_1 : Operation 90 [1/1] (1.63ns)   --->   "%icmp_ln710 = icmp_eq  i11 %z, i11 0" [V:/zybo_z7_imx219/zybo_z7_imx219.runs/design_1_v_demosaic_0_0_synth_1/prj/sol/.autopilot/db/v_demosaic.cpp:710->V:/zybo_z7_imx219/zybo_z7_imx219.runs/design_1_v_demosaic_0_0_synth_1/prj/sol/.autopilot/db/v_demosaic.cpp:1072]   --->   Operation 90 'icmp' 'icmp_ln710' <Predicate = (!icmp_ln633 & icmp_ln643)> <Delay = 1.63> <CoreInst = "Cmp">   --->   Core 9 'Cmp' <Latency = 0> <II = 1> <Delay = 1.63> <FuncUnit> <Opcode : 'seteq' 'setne' 'setle' 'setge' 'setlt' 'setgt'> <InPorts = 2> <OutPorts = 1>
ST_1 : Operation 91 [1/1] (0.00ns) (grouped into LUT with out node icmp_ln772)   --->   "%xor_ln772_2 = xor i1 %tmp, i1 %trunc_ln633" [V:/zybo_z7_imx219/zybo_z7_imx219.runs/design_1_v_demosaic_0_0_synth_1/prj/sol/.autopilot/db/v_demosaic.cpp:772->V:/zybo_z7_imx219/zybo_z7_imx219.runs/design_1_v_demosaic_0_0_synth_1/prj/sol/.autopilot/db/v_demosaic.cpp:1072]   --->   Operation 91 'xor' 'xor_ln772_2' <Predicate = (!icmp_ln633)> <Delay = 0.00> <CoreInst = "LogicGate">   --->   Core 74 'LogicGate' <Latency = 0> <II = 1> <Delay = 0.97> <FuncUnit> <Opcode : 'and' 'or' 'xor'> <InPorts = 2> <OutPorts = 1>
ST_1 : Operation 92 [1/1] (0.00ns) (grouped into LUT with out node icmp_ln772)   --->   "%xor_ln772_3 = xor i1 %xor_ln772_2, i1 1" [V:/zybo_z7_imx219/zybo_z7_imx219.runs/design_1_v_demosaic_0_0_synth_1/prj/sol/.autopilot/db/v_demosaic.cpp:772->V:/zybo_z7_imx219/zybo_z7_imx219.runs/design_1_v_demosaic_0_0_synth_1/prj/sol/.autopilot/db/v_demosaic.cpp:1072]   --->   Operation 92 'xor' 'xor_ln772_3' <Predicate = (!icmp_ln633)> <Delay = 0.00> <CoreInst = "LogicGate">   --->   Core 74 'LogicGate' <Latency = 0> <II = 1> <Delay = 0.97> <FuncUnit> <Opcode : 'and' 'or' 'xor'> <InPorts = 2> <OutPorts = 1>
ST_1 : Operation 93 [1/1] (0.00ns) (grouped into LUT with out node icmp_ln772)   --->   "%zext_ln772_1 = zext i1 %xor_ln772_3" [V:/zybo_z7_imx219/zybo_z7_imx219.runs/design_1_v_demosaic_0_0_synth_1/prj/sol/.autopilot/db/v_demosaic.cpp:772->V:/zybo_z7_imx219/zybo_z7_imx219.runs/design_1_v_demosaic_0_0_synth_1/prj/sol/.autopilot/db/v_demosaic.cpp:1072]   --->   Operation 93 'zext' 'zext_ln772_1' <Predicate = (!icmp_ln633)> <Delay = 0.00>
ST_1 : Operation 94 [1/1] (1.94ns) (out node of the LUT)   --->   "%icmp_ln772 = icmp_eq  i15 %xor_ln772_1_read, i15 %zext_ln772_1" [V:/zybo_z7_imx219/zybo_z7_imx219.runs/design_1_v_demosaic_0_0_synth_1/prj/sol/.autopilot/db/v_demosaic.cpp:772->V:/zybo_z7_imx219/zybo_z7_imx219.runs/design_1_v_demosaic_0_0_synth_1/prj/sol/.autopilot/db/v_demosaic.cpp:1072]   --->   Operation 94 'icmp' 'icmp_ln772' <Predicate = (!icmp_ln633)> <Delay = 1.94> <CoreInst = "Cmp">   --->   Core 9 'Cmp' <Latency = 0> <II = 1> <Delay = 1.94> <FuncUnit> <Opcode : 'seteq' 'setne' 'setle' 'setge' 'setlt' 'setgt'> <InPorts = 2> <OutPorts = 1>
ST_1 : Operation 95 [1/1] (1.58ns)   --->   "%br_ln772 = br i1 %icmp_ln772, void %if.end518.i, void %if.then316.i" [V:/zybo_z7_imx219/zybo_z7_imx219.runs/design_1_v_demosaic_0_0_synth_1/prj/sol/.autopilot/db/v_demosaic.cpp:772->V:/zybo_z7_imx219/zybo_z7_imx219.runs/design_1_v_demosaic_0_0_synth_1/prj/sol/.autopilot/db/v_demosaic.cpp:1072]   --->   Operation 95 'br' 'br_ln772' <Predicate = (!icmp_ln633)> <Delay = 1.58>
ST_1 : Operation 96 [1/1] (1.63ns)   --->   "%icmp_ln833 = icmp_ne  i11 %z, i11 0" [V:/zybo_z7_imx219/zybo_z7_imx219.runs/design_1_v_demosaic_0_0_synth_1/prj/sol/.autopilot/db/v_demosaic.cpp:833->V:/zybo_z7_imx219/zybo_z7_imx219.runs/design_1_v_demosaic_0_0_synth_1/prj/sol/.autopilot/db/v_demosaic.cpp:1072]   --->   Operation 96 'icmp' 'icmp_ln833' <Predicate = (!icmp_ln633)> <Delay = 1.63> <CoreInst = "Cmp">   --->   Core 9 'Cmp' <Latency = 0> <II = 1> <Delay = 1.63> <FuncUnit> <Opcode : 'seteq' 'setne' 'setle' 'setge' 'setlt' 'setgt'> <InPorts = 2> <OutPorts = 1>
ST_1 : Operation 97 [1/1] (0.97ns)   --->   "%and_ln833 = and i1 %icmp_ln728, i1 %icmp_ln833" [V:/zybo_z7_imx219/zybo_z7_imx219.runs/design_1_v_demosaic_0_0_synth_1/prj/sol/.autopilot/db/v_demosaic.cpp:833->V:/zybo_z7_imx219/zybo_z7_imx219.runs/design_1_v_demosaic_0_0_synth_1/prj/sol/.autopilot/db/v_demosaic.cpp:1072]   --->   Operation 97 'and' 'and_ln833' <Predicate = (!icmp_ln633)> <Delay = 0.97> <CoreInst = "LogicGate">   --->   Core 74 'LogicGate' <Latency = 0> <II = 1> <Delay = 0.97> <FuncUnit> <Opcode : 'and' 'or' 'xor'> <InPorts = 2> <OutPorts = 1>
ST_1 : Operation 98 [1/1] (0.00ns)   --->   "%br_ln833 = br i1 %and_ln833, void %for.inc563.i, void %if.then561.i" [V:/zybo_z7_imx219/zybo_z7_imx219.runs/design_1_v_demosaic_0_0_synth_1/prj/sol/.autopilot/db/v_demosaic.cpp:833->V:/zybo_z7_imx219/zybo_z7_imx219.runs/design_1_v_demosaic_0_0_synth_1/prj/sol/.autopilot/db/v_demosaic.cpp:1072]   --->   Operation 98 'br' 'br_ln833' <Predicate = (!icmp_ln633)> <Delay = 0.00>
ST_1 : Operation 99 [1/1] (1.58ns)   --->   "%store_ln603 = store i11 %x_5, i11 %x" [V:/zybo_z7_imx219/zybo_z7_imx219.runs/design_1_v_demosaic_0_0_synth_1/prj/sol/.autopilot/db/v_demosaic.cpp:603->V:/zybo_z7_imx219/zybo_z7_imx219.runs/design_1_v_demosaic_0_0_synth_1/prj/sol/.autopilot/db/v_demosaic.cpp:1072]   --->   Operation 99 'store' 'store_ln603' <Predicate = (!icmp_ln633)> <Delay = 1.58>

State 2 <SV = 1> <Delay = 6.88>
ST_2 : Operation 100 [1/1] (0.00ns)   --->   "%p_0_1_0_0_09141517_i_load = load i10 %p_0_1_0_0_09141517_i"   --->   Operation 100 'load' 'p_0_1_0_0_09141517_i_load' <Predicate = true> <Delay = 0.00>
ST_2 : Operation 101 [1/1] (0.00ns)   --->   "%p_0_1_0_0_09081529_i_load = load i10 %p_0_1_0_0_09081529_i"   --->   Operation 101 'load' 'p_0_1_0_0_09081529_i_load' <Predicate = true> <Delay = 0.00>
ST_2 : Operation 102 [1/2] ( I:3.25ns O:3.25ns )   --->   "%LineBufVal = load i11 %lineBuffer_addr" [V:/zybo_z7_imx219/zybo_z7_imx219.runs/design_1_v_demosaic_0_0_synth_1/prj/sol/.autopilot/db/v_demosaic.cpp:648->V:/zybo_z7_imx219/zybo_z7_imx219.runs/design_1_v_demosaic_0_0_synth_1/prj/sol/.autopilot/db/v_demosaic.cpp:1072]   --->   Operation 102 'load' 'LineBufVal' <Predicate = (!icmp_ln633 & icmp_ln643)> <Delay = 3.25> <CoreInst = "RAM">   --->   Core 81 'RAM' <Latency = 1> <II = 1> <Delay = 3.25> <Storage> <Opcode : 'load' 'store'> <Ports = 2> <Width = 30> <Depth = 1921> <RAM>
ST_2 : Operation 103 [1/1] (0.00ns)   --->   "%trunc_ln654 = trunc i30 %LineBufVal" [V:/zybo_z7_imx219/zybo_z7_imx219.runs/design_1_v_demosaic_0_0_synth_1/prj/sol/.autopilot/db/v_demosaic.cpp:654->V:/zybo_z7_imx219/zybo_z7_imx219.runs/design_1_v_demosaic_0_0_synth_1/prj/sol/.autopilot/db/v_demosaic.cpp:1072]   --->   Operation 103 'trunc' 'trunc_ln654' <Predicate = (!icmp_ln633 & icmp_ln643)> <Delay = 0.00>
ST_2 : Operation 104 [1/1] (0.00ns)   --->   "%tmp_6_i = partselect i10 @_ssdm_op_PartSelect.i10.i30.i32, i30 %LineBufVal, i32 10" [V:/zybo_z7_imx219/zybo_z7_imx219.runs/design_1_v_demosaic_0_0_synth_1/prj/sol/.autopilot/db/v_demosaic.cpp:654->V:/zybo_z7_imx219/zybo_z7_imx219.runs/design_1_v_demosaic_0_0_synth_1/prj/sol/.autopilot/db/v_demosaic.cpp:1072]   --->   Operation 104 'partselect' 'tmp_6_i' <Predicate = (!icmp_ln633 & icmp_ln643)> <Delay = 0.00>
ST_2 : Operation 105 [1/1] (0.00ns)   --->   "%tmp_7_i = partselect i10 @_ssdm_op_PartSelect.i10.i30.i32, i30 %LineBufVal, i32 20" [V:/zybo_z7_imx219/zybo_z7_imx219.runs/design_1_v_demosaic_0_0_synth_1/prj/sol/.autopilot/db/v_demosaic.cpp:654->V:/zybo_z7_imx219/zybo_z7_imx219.runs/design_1_v_demosaic_0_0_synth_1/prj/sol/.autopilot/db/v_demosaic.cpp:1072]   --->   Operation 105 'partselect' 'tmp_7_i' <Predicate = (!icmp_ln633 & icmp_ln643)> <Delay = 0.00>
ST_2 : Operation 106 [1/2] ( I:3.25ns O:3.25ns )   --->   "%LineBufVal_1 = load i11 %lineBuffer_1_addr" [V:/zybo_z7_imx219/zybo_z7_imx219.runs/design_1_v_demosaic_0_0_synth_1/prj/sol/.autopilot/db/v_demosaic.cpp:648->V:/zybo_z7_imx219/zybo_z7_imx219.runs/design_1_v_demosaic_0_0_synth_1/prj/sol/.autopilot/db/v_demosaic.cpp:1072]   --->   Operation 106 'load' 'LineBufVal_1' <Predicate = (!icmp_ln633 & icmp_ln643)> <Delay = 3.25> <CoreInst = "RAM">   --->   Core 81 'RAM' <Latency = 1> <II = 1> <Delay = 3.25> <Storage> <Opcode : 'load' 'store'> <Ports = 2> <Width = 30> <Depth = 1921> <RAM>
ST_2 : Operation 107 [1/1] (0.00ns)   --->   "%trunc_ln654_1 = trunc i30 %LineBufVal_1" [V:/zybo_z7_imx219/zybo_z7_imx219.runs/design_1_v_demosaic_0_0_synth_1/prj/sol/.autopilot/db/v_demosaic.cpp:654->V:/zybo_z7_imx219/zybo_z7_imx219.runs/design_1_v_demosaic_0_0_synth_1/prj/sol/.autopilot/db/v_demosaic.cpp:1072]   --->   Operation 107 'trunc' 'trunc_ln654_1' <Predicate = (!icmp_ln633 & icmp_ln643)> <Delay = 0.00>
ST_2 : Operation 108 [1/1] (0.00ns)   --->   "%tmp_9_i = partselect i10 @_ssdm_op_PartSelect.i10.i30.i32, i30 %LineBufVal_1, i32 10" [V:/zybo_z7_imx219/zybo_z7_imx219.runs/design_1_v_demosaic_0_0_synth_1/prj/sol/.autopilot/db/v_demosaic.cpp:654->V:/zybo_z7_imx219/zybo_z7_imx219.runs/design_1_v_demosaic_0_0_synth_1/prj/sol/.autopilot/db/v_demosaic.cpp:1072]   --->   Operation 108 'partselect' 'tmp_9_i' <Predicate = (!icmp_ln633 & icmp_ln643)> <Delay = 0.00>
ST_2 : Operation 109 [1/1] (0.00ns)   --->   "%tmp_i = partselect i10 @_ssdm_op_PartSelect.i10.i30.i32, i30 %LineBufVal_1, i32 20" [V:/zybo_z7_imx219/zybo_z7_imx219.runs/design_1_v_demosaic_0_0_synth_1/prj/sol/.autopilot/db/v_demosaic.cpp:654->V:/zybo_z7_imx219/zybo_z7_imx219.runs/design_1_v_demosaic_0_0_synth_1/prj/sol/.autopilot/db/v_demosaic.cpp:1072]   --->   Operation 109 'partselect' 'tmp_i' <Predicate = (!icmp_ln633 & icmp_ln643)> <Delay = 0.00>
ST_2 : Operation 110 [1/1] ( I:3.63ns O:3.63ns )   --->   "%InPix = read i30 @_ssdm_op_Read.ap_fifo.volatile.i30P0A, i30 %imgG" [V:/zybo_z7_imx219/zybo_z7_imx219.runs/design_1_v_demosaic_0_0_synth_1/prj/sol/.autopilot/db/v_demosaic.cpp:666->V:/zybo_z7_imx219/zybo_z7_imx219.runs/design_1_v_demosaic_0_0_synth_1/prj/sol/.autopilot/db/v_demosaic.cpp:1072]   --->   Operation 110 'read' 'InPix' <Predicate = (!icmp_ln633 & icmp_ln643 & icmp_ln664)> <Delay = 3.63> <CoreInst = "FIFO_SRL">   --->   Core 80 'FIFO_SRL' <Latency = 0> <II = 1> <Delay = 3.63> <Storage> <Opcode : 'read' 'write' 'nbread' 'nbwrite'> <Ports = 0> <Width = 30> <Depth = 2> <FIFO>
ST_2 : Operation 111 [1/1] (0.00ns)   --->   "%trunc_ln666 = trunc i30 %InPix" [V:/zybo_z7_imx219/zybo_z7_imx219.runs/design_1_v_demosaic_0_0_synth_1/prj/sol/.autopilot/db/v_demosaic.cpp:666->V:/zybo_z7_imx219/zybo_z7_imx219.runs/design_1_v_demosaic_0_0_synth_1/prj/sol/.autopilot/db/v_demosaic.cpp:1072]   --->   Operation 111 'trunc' 'trunc_ln666' <Predicate = (!icmp_ln633 & icmp_ln643 & icmp_ln664)> <Delay = 0.00>
ST_2 : Operation 112 [1/1] (0.00ns)   --->   "%trunc_ln666_2 = partselect i10 @_ssdm_op_PartSelect.i10.i30.i32.i32, i30 %InPix, i32 10, i32 19" [V:/zybo_z7_imx219/zybo_z7_imx219.runs/design_1_v_demosaic_0_0_synth_1/prj/sol/.autopilot/db/v_demosaic.cpp:666->V:/zybo_z7_imx219/zybo_z7_imx219.runs/design_1_v_demosaic_0_0_synth_1/prj/sol/.autopilot/db/v_demosaic.cpp:1072]   --->   Operation 112 'partselect' 'trunc_ln666_2' <Predicate = (!icmp_ln633 & icmp_ln643 & icmp_ln664)> <Delay = 0.00>
ST_2 : Operation 113 [1/1] (0.00ns)   --->   "%trunc_ln666_3 = partselect i10 @_ssdm_op_PartSelect.i10.i30.i32.i32, i30 %InPix, i32 20, i32 29" [V:/zybo_z7_imx219/zybo_z7_imx219.runs/design_1_v_demosaic_0_0_synth_1/prj/sol/.autopilot/db/v_demosaic.cpp:666->V:/zybo_z7_imx219/zybo_z7_imx219.runs/design_1_v_demosaic_0_0_synth_1/prj/sol/.autopilot/db/v_demosaic.cpp:1072]   --->   Operation 113 'partselect' 'trunc_ln666_3' <Predicate = (!icmp_ln633 & icmp_ln643 & icmp_ln664)> <Delay = 0.00>
ST_2 : Operation 114 [1/1] ( I:3.25ns O:3.25ns )   --->   "%store_ln812 = store i30 %InPix, i11 %lineBuffer_addr" [v:/zybo_z7_imx219/zybo_z7_imx219.gen/sources_1/bd/design_1/ip/design_1_v_demosaic_0_0/src/hls/hls_video_mem.h:812->v:/zybo_z7_imx219/zybo_z7_imx219.gen/sources_1/bd/design_1/ip/design_1_v_demosaic_0_0/src/hls/hls_video_mem.h:888->V:/zybo_z7_imx219/zybo_z7_imx219.runs/design_1_v_demosaic_0_0_synth_1/prj/sol/.autopilot/db/v_demosaic.cpp:675->V:/zybo_z7_imx219/zybo_z7_imx219.runs/design_1_v_demosaic_0_0_synth_1/prj/sol/.autopilot/db/v_demosaic.cpp:1072]   --->   Operation 114 'store' 'store_ln812' <Predicate = (!icmp_ln633 & icmp_ln643 & icmp_ln664)> <Delay = 3.25> <CoreInst = "RAM">   --->   Core 81 'RAM' <Latency = 1> <II = 1> <Delay = 3.25> <Storage> <Opcode : 'load' 'store'> <Ports = 2> <Width = 30> <Depth = 1921> <RAM>
ST_2 : Operation 115 [1/1] (0.00ns)   --->   "%p_0_0_0939_21499_ph_i = phi i10 %trunc_ln666_2, void %VITIS_LOOP_667_7.i, i10 %tmp_6_i, void %VITIS_LOOP_646_3.i" [V:/zybo_z7_imx219/zybo_z7_imx219.runs/design_1_v_demosaic_0_0_synth_1/prj/sol/.autopilot/db/v_demosaic.cpp:666->V:/zybo_z7_imx219/zybo_z7_imx219.runs/design_1_v_demosaic_0_0_synth_1/prj/sol/.autopilot/db/v_demosaic.cpp:1072]   --->   Operation 115 'phi' 'p_0_0_0939_21499_ph_i' <Predicate = (!icmp_ln633 & icmp_ln643)> <Delay = 0.00>
ST_2 : Operation 116 [1/1] (1.58ns)   --->   "%store_ln666 = store i10 %p_0_0_0939_21499_ph_i, i10 %p_0_1_0_0_09081529_i" [V:/zybo_z7_imx219/zybo_z7_imx219.runs/design_1_v_demosaic_0_0_synth_1/prj/sol/.autopilot/db/v_demosaic.cpp:666->V:/zybo_z7_imx219/zybo_z7_imx219.runs/design_1_v_demosaic_0_0_synth_1/prj/sol/.autopilot/db/v_demosaic.cpp:1072]   --->   Operation 116 'store' 'store_ln666' <Predicate = (!icmp_ln633 & icmp_ln643)> <Delay = 1.58>
ST_2 : Operation 117 [1/1] (1.58ns)   --->   "%store_ln654 = store i10 %tmp_9_i, i10 %p_0_1_0_0_09141517_i" [V:/zybo_z7_imx219/zybo_z7_imx219.runs/design_1_v_demosaic_0_0_synth_1/prj/sol/.autopilot/db/v_demosaic.cpp:654->V:/zybo_z7_imx219/zybo_z7_imx219.runs/design_1_v_demosaic_0_0_synth_1/prj/sol/.autopilot/db/v_demosaic.cpp:1072]   --->   Operation 117 'store' 'store_ln654' <Predicate = (!icmp_ln633 & icmp_ln643)> <Delay = 1.58>

State 3 <SV = 2> <Delay = 6.42>
ST_3 : Operation 118 [1/1] (0.00ns)   --->   "%p_0_0_0939_115111522_i_load = load i10 %p_0_0_0939_115111522_i"   --->   Operation 118 'load' 'p_0_0_0939_115111522_i_load' <Predicate = true> <Delay = 0.00>
ST_3 : Operation 119 [1/1] (0.00ns)   --->   "%p_0_0_09391419_i_load = load i10 %p_0_0_09391419_i"   --->   Operation 119 'load' 'p_0_0_09391419_i_load' <Predicate = true> <Delay = 0.00>
ST_3 : Operation 120 [1/1] (0.00ns)   --->   "%p_0_0_0939_21449_i_load = load i10 %p_0_0_0939_21449_i"   --->   Operation 120 'load' 'p_0_0_0939_21449_i_load' <Predicate = true> <Delay = 0.00>
ST_3 : Operation 121 [1/1] (0.00ns)   --->   "%p_0_0_0938_21501_ph_i = phi i10 %trunc_ln666_3, void %VITIS_LOOP_667_7.i, i10 %tmp_7_i, void %VITIS_LOOP_646_3.i" [V:/zybo_z7_imx219/zybo_z7_imx219.runs/design_1_v_demosaic_0_0_synth_1/prj/sol/.autopilot/db/v_demosaic.cpp:666->V:/zybo_z7_imx219/zybo_z7_imx219.runs/design_1_v_demosaic_0_0_synth_1/prj/sol/.autopilot/db/v_demosaic.cpp:1072]   --->   Operation 121 'phi' 'p_0_0_0938_21501_ph_i' <Predicate = (!icmp_ln633 & icmp_ln643)> <Delay = 0.00>
ST_3 : Operation 122 [1/1] (0.00ns)   --->   "%p_0_0_0940_21497_ph_i = phi i10 %trunc_ln666, void %VITIS_LOOP_667_7.i, i10 %trunc_ln654, void %VITIS_LOOP_646_3.i" [V:/zybo_z7_imx219/zybo_z7_imx219.runs/design_1_v_demosaic_0_0_synth_1/prj/sol/.autopilot/db/v_demosaic.cpp:666->V:/zybo_z7_imx219/zybo_z7_imx219.runs/design_1_v_demosaic_0_0_synth_1/prj/sol/.autopilot/db/v_demosaic.cpp:1072]   --->   Operation 122 'phi' 'p_0_0_0940_21497_ph_i' <Predicate = (!icmp_ln633 & icmp_ln643)> <Delay = 0.00>
ST_3 : Operation 123 [1/1] (0.68ns)   --->   "%select_ln710_1 = select i1 %icmp_ln710, i10 %tmp_6_i, i10 %p_0_0_0939_115111522_i_load" [V:/zybo_z7_imx219/zybo_z7_imx219.runs/design_1_v_demosaic_0_0_synth_1/prj/sol/.autopilot/db/v_demosaic.cpp:710->V:/zybo_z7_imx219/zybo_z7_imx219.runs/design_1_v_demosaic_0_0_synth_1/prj/sol/.autopilot/db/v_demosaic.cpp:1072]   --->   Operation 123 'select' 'select_ln710_1' <Predicate = (!icmp_ln633 & icmp_ln643)> <Delay = 0.68> <CoreInst = "Sel">   --->   Core 73 'Sel' <Latency = 0> <II = 1> <Delay = 0.68> <FuncUnit> <Opcode : 'select'> <InPorts = 3> <OutPorts = 1>
ST_3 : Operation 124 [1/1] (0.68ns)   --->   "%select_ln710_4 = select i1 %icmp_ln710, i10 %tmp_9_i, i10 %p_0_0_09391419_i_load" [V:/zybo_z7_imx219/zybo_z7_imx219.runs/design_1_v_demosaic_0_0_synth_1/prj/sol/.autopilot/db/v_demosaic.cpp:710->V:/zybo_z7_imx219/zybo_z7_imx219.runs/design_1_v_demosaic_0_0_synth_1/prj/sol/.autopilot/db/v_demosaic.cpp:1072]   --->   Operation 124 'select' 'select_ln710_4' <Predicate = (!icmp_ln633 & icmp_ln643)> <Delay = 0.68> <CoreInst = "Sel">   --->   Core 73 'Sel' <Latency = 0> <II = 1> <Delay = 0.68> <FuncUnit> <Opcode : 'select'> <InPorts = 3> <OutPorts = 1>
ST_3 : Operation 125 [1/1] (0.68ns)   --->   "%select_ln710_7 = select i1 %icmp_ln710, i10 %tmp_9_i, i10 %p_0_1_0_0_09141517_i_load" [V:/zybo_z7_imx219/zybo_z7_imx219.runs/design_1_v_demosaic_0_0_synth_1/prj/sol/.autopilot/db/v_demosaic.cpp:710->V:/zybo_z7_imx219/zybo_z7_imx219.runs/design_1_v_demosaic_0_0_synth_1/prj/sol/.autopilot/db/v_demosaic.cpp:1072]   --->   Operation 125 'select' 'select_ln710_7' <Predicate = (!icmp_ln633 & icmp_ln643)> <Delay = 0.68> <CoreInst = "Sel">   --->   Core 73 'Sel' <Latency = 0> <II = 1> <Delay = 0.68> <FuncUnit> <Opcode : 'select'> <InPorts = 3> <OutPorts = 1>
ST_3 : Operation 126 [1/1] (0.68ns)   --->   "%select_ln710_10 = select i1 %icmp_ln710, i10 %p_0_0_0939_21499_ph_i, i10 %p_0_0_0939_21449_i_load" [V:/zybo_z7_imx219/zybo_z7_imx219.runs/design_1_v_demosaic_0_0_synth_1/prj/sol/.autopilot/db/v_demosaic.cpp:710->V:/zybo_z7_imx219/zybo_z7_imx219.runs/design_1_v_demosaic_0_0_synth_1/prj/sol/.autopilot/db/v_demosaic.cpp:1072]   --->   Operation 126 'select' 'select_ln710_10' <Predicate = (!icmp_ln633 & icmp_ln643)> <Delay = 0.68> <CoreInst = "Sel">   --->   Core 73 'Sel' <Latency = 0> <II = 1> <Delay = 0.68> <FuncUnit> <Opcode : 'select'> <InPorts = 3> <OutPorts = 1>
ST_3 : Operation 127 [1/1] (0.68ns)   --->   "%select_ln710_13 = select i1 %icmp_ln710, i10 %p_0_0_0939_21499_ph_i, i10 %p_0_1_0_0_09081529_i_load" [V:/zybo_z7_imx219/zybo_z7_imx219.runs/design_1_v_demosaic_0_0_synth_1/prj/sol/.autopilot/db/v_demosaic.cpp:710->V:/zybo_z7_imx219/zybo_z7_imx219.runs/design_1_v_demosaic_0_0_synth_1/prj/sol/.autopilot/db/v_demosaic.cpp:1072]   --->   Operation 127 'select' 'select_ln710_13' <Predicate = (!icmp_ln633 & icmp_ln643)> <Delay = 0.68> <CoreInst = "Sel">   --->   Core 73 'Sel' <Latency = 0> <II = 1> <Delay = 0.68> <FuncUnit> <Opcode : 'select'> <InPorts = 3> <OutPorts = 1>
ST_3 : Operation 128 [1/1] (0.68ns)   --->   "%select_ln728 = select i1 %icmp_ln728, i10 %trunc_ln654, i10 %p_0_0_0940_21497_ph_i" [V:/zybo_z7_imx219/zybo_z7_imx219.runs/design_1_v_demosaic_0_0_synth_1/prj/sol/.autopilot/db/v_demosaic.cpp:728->V:/zybo_z7_imx219/zybo_z7_imx219.runs/design_1_v_demosaic_0_0_synth_1/prj/sol/.autopilot/db/v_demosaic.cpp:1072]   --->   Operation 128 'select' 'select_ln728' <Predicate = (!icmp_ln633 & icmp_ln643)> <Delay = 0.68> <CoreInst = "Sel">   --->   Core 73 'Sel' <Latency = 0> <II = 1> <Delay = 0.68> <FuncUnit> <Opcode : 'select'> <InPorts = 3> <OutPorts = 1>
ST_3 : Operation 129 [1/1] (0.68ns)   --->   "%select_ln728_1 = select i1 %icmp_ln728, i10 %tmp_6_i, i10 %p_0_0_0939_21499_ph_i" [V:/zybo_z7_imx219/zybo_z7_imx219.runs/design_1_v_demosaic_0_0_synth_1/prj/sol/.autopilot/db/v_demosaic.cpp:728->V:/zybo_z7_imx219/zybo_z7_imx219.runs/design_1_v_demosaic_0_0_synth_1/prj/sol/.autopilot/db/v_demosaic.cpp:1072]   --->   Operation 129 'select' 'select_ln728_1' <Predicate = (!icmp_ln633 & icmp_ln643)> <Delay = 0.68> <CoreInst = "Sel">   --->   Core 73 'Sel' <Latency = 0> <II = 1> <Delay = 0.68> <FuncUnit> <Opcode : 'select'> <InPorts = 3> <OutPorts = 1>
ST_3 : Operation 130 [1/1] (0.68ns)   --->   "%select_ln728_2 = select i1 %icmp_ln728, i10 %tmp_7_i, i10 %p_0_0_0938_21501_ph_i" [V:/zybo_z7_imx219/zybo_z7_imx219.runs/design_1_v_demosaic_0_0_synth_1/prj/sol/.autopilot/db/v_demosaic.cpp:728->V:/zybo_z7_imx219/zybo_z7_imx219.runs/design_1_v_demosaic_0_0_synth_1/prj/sol/.autopilot/db/v_demosaic.cpp:1072]   --->   Operation 130 'select' 'select_ln728_2' <Predicate = (!icmp_ln633 & icmp_ln643)> <Delay = 0.68> <CoreInst = "Sel">   --->   Core 73 'Sel' <Latency = 0> <II = 1> <Delay = 0.68> <FuncUnit> <Opcode : 'select'> <InPorts = 3> <OutPorts = 1>
ST_3 : Operation 131 [1/1] (0.00ns)   --->   "%LineBufVal_2 = bitconcatenate i30 @_ssdm_op_BitConcatenate.i30.i10.i10.i10, i10 %select_ln728_2, i10 %select_ln728_1, i10 %select_ln728" [V:/zybo_z7_imx219/zybo_z7_imx219.runs/design_1_v_demosaic_0_0_synth_1/prj/sol/.autopilot/db/v_demosaic.cpp:737->V:/zybo_z7_imx219/zybo_z7_imx219.runs/design_1_v_demosaic_0_0_synth_1/prj/sol/.autopilot/db/v_demosaic.cpp:1072]   --->   Operation 131 'bitconcatenate' 'LineBufVal_2' <Predicate = (!icmp_ln633 & icmp_ln643)> <Delay = 0.00>
ST_3 : Operation 132 [1/1] ( I:3.25ns O:3.25ns )   --->   "%store_ln740 = store i30 %LineBufVal_2, i11 %lineBuffer_1_addr" [V:/zybo_z7_imx219/zybo_z7_imx219.runs/design_1_v_demosaic_0_0_synth_1/prj/sol/.autopilot/db/v_demosaic.cpp:740->V:/zybo_z7_imx219/zybo_z7_imx219.runs/design_1_v_demosaic_0_0_synth_1/prj/sol/.autopilot/db/v_demosaic.cpp:1072]   --->   Operation 132 'store' 'store_ln740' <Predicate = (!icmp_ln633 & icmp_ln643)> <Delay = 3.25> <CoreInst = "RAM">   --->   Core 81 'RAM' <Latency = 1> <II = 1> <Delay = 3.25> <Storage> <Opcode : 'load' 'store'> <Ports = 2> <Width = 30> <Depth = 1921> <RAM>
ST_3 : Operation 133 [1/1] (1.58ns)   --->   "%store_ln654 = store i10 %tmp_6_i, i10 %p_0_0_0939_115111522_i" [V:/zybo_z7_imx219/zybo_z7_imx219.runs/design_1_v_demosaic_0_0_synth_1/prj/sol/.autopilot/db/v_demosaic.cpp:654->V:/zybo_z7_imx219/zybo_z7_imx219.runs/design_1_v_demosaic_0_0_synth_1/prj/sol/.autopilot/db/v_demosaic.cpp:1072]   --->   Operation 133 'store' 'store_ln654' <Predicate = (!icmp_ln633 & icmp_ln643)> <Delay = 1.58>
ST_3 : Operation 134 [1/1] (1.58ns)   --->   "%br_ln742 = br void %for.body291.i" [V:/zybo_z7_imx219/zybo_z7_imx219.runs/design_1_v_demosaic_0_0_synth_1/prj/sol/.autopilot/db/v_demosaic.cpp:742->V:/zybo_z7_imx219/zybo_z7_imx219.runs/design_1_v_demosaic_0_0_synth_1/prj/sol/.autopilot/db/v_demosaic.cpp:1072]   --->   Operation 134 'br' 'br_ln742' <Predicate = (!icmp_ln633 & icmp_ln643)> <Delay = 1.58>
ST_3 : Operation 135 [1/1] (0.00ns)   --->   "%downleft_1 = phi i10 %select_ln710_10, void %VITIS_LOOP_693_11.i, i10 %p_0_0_0939_21449_i_load, void %for.body14.split.i" [V:/zybo_z7_imx219/zybo_z7_imx219.runs/design_1_v_demosaic_0_0_synth_1/prj/sol/.autopilot/db/v_demosaic.cpp:710->V:/zybo_z7_imx219/zybo_z7_imx219.runs/design_1_v_demosaic_0_0_synth_1/prj/sol/.autopilot/db/v_demosaic.cpp:1072]   --->   Operation 135 'phi' 'downleft_1' <Predicate = (!icmp_ln633)> <Delay = 0.00>
ST_3 : Operation 136 [1/1] (0.00ns)   --->   "%p_0_0_0939_21450_i = phi i10 %select_ln710_13, void %VITIS_LOOP_693_11.i, i10 %p_0_1_0_0_09081529_i_load, void %for.body14.split.i" [V:/zybo_z7_imx219/zybo_z7_imx219.runs/design_1_v_demosaic_0_0_synth_1/prj/sol/.autopilot/db/v_demosaic.cpp:710->V:/zybo_z7_imx219/zybo_z7_imx219.runs/design_1_v_demosaic_0_0_synth_1/prj/sol/.autopilot/db/v_demosaic.cpp:1072]   --->   Operation 136 'phi' 'p_0_0_0939_21450_i' <Predicate = (!icmp_ln633)> <Delay = 0.00>
ST_3 : Operation 137 [1/1] (0.00ns)   --->   "%pix_3 = phi i10 %select_ln710_1, void %VITIS_LOOP_693_11.i, i10 %p_0_0_0939_115111522_i_load, void %for.body14.split.i" [V:/zybo_z7_imx219/zybo_z7_imx219.runs/design_1_v_demosaic_0_0_synth_1/prj/sol/.autopilot/db/v_demosaic.cpp:710->V:/zybo_z7_imx219/zybo_z7_imx219.runs/design_1_v_demosaic_0_0_synth_1/prj/sol/.autopilot/db/v_demosaic.cpp:1072]   --->   Operation 137 'phi' 'pix_3' <Predicate = (!icmp_ln633)> <Delay = 0.00>
ST_3 : Operation 138 [1/1] (0.00ns)   --->   "%upleft_1 = phi i10 %select_ln710_4, void %VITIS_LOOP_693_11.i, i10 %p_0_0_09391419_i_load, void %for.body14.split.i" [V:/zybo_z7_imx219/zybo_z7_imx219.runs/design_1_v_demosaic_0_0_synth_1/prj/sol/.autopilot/db/v_demosaic.cpp:710->V:/zybo_z7_imx219/zybo_z7_imx219.runs/design_1_v_demosaic_0_0_synth_1/prj/sol/.autopilot/db/v_demosaic.cpp:1072]   --->   Operation 138 'phi' 'upleft_1' <Predicate = (!icmp_ln633)> <Delay = 0.00>
ST_3 : Operation 139 [1/1] (0.00ns)   --->   "%p_0_0_09391420_i = phi i10 %select_ln710_7, void %VITIS_LOOP_693_11.i, i10 %p_0_1_0_0_09141517_i_load, void %for.body14.split.i" [V:/zybo_z7_imx219/zybo_z7_imx219.runs/design_1_v_demosaic_0_0_synth_1/prj/sol/.autopilot/db/v_demosaic.cpp:710->V:/zybo_z7_imx219/zybo_z7_imx219.runs/design_1_v_demosaic_0_0_synth_1/prj/sol/.autopilot/db/v_demosaic.cpp:1072]   --->   Operation 139 'phi' 'p_0_0_09391420_i' <Predicate = (!icmp_ln633)> <Delay = 0.00>
ST_3 : Operation 140 [1/1] (0.00ns)   --->   "%p_0_1_0_0_09141517_i_load_1 = load i10 %p_0_1_0_0_09141517_i" [V:/zybo_z7_imx219/zybo_z7_imx219.runs/design_1_v_demosaic_0_0_synth_1/prj/sol/.autopilot/db/v_demosaic.cpp:792->V:/zybo_z7_imx219/zybo_z7_imx219.runs/design_1_v_demosaic_0_0_synth_1/prj/sol/.autopilot/db/v_demosaic.cpp:1072]   --->   Operation 140 'load' 'p_0_1_0_0_09141517_i_load_1' <Predicate = (!icmp_ln633 & icmp_ln772)> <Delay = 0.00>
ST_3 : Operation 141 [1/1] (0.00ns)   --->   "%p_0_1_0_0_09081529_i_load_1 = load i10 %p_0_1_0_0_09081529_i" [V:/zybo_z7_imx219/zybo_z7_imx219.runs/design_1_v_demosaic_0_0_synth_1/prj/sol/.autopilot/db/v_demosaic.cpp:793->V:/zybo_z7_imx219/zybo_z7_imx219.runs/design_1_v_demosaic_0_0_synth_1/prj/sol/.autopilot/db/v_demosaic.cpp:1072]   --->   Operation 141 'load' 'p_0_1_0_0_09081529_i_load_1' <Predicate = (!icmp_ln633 & icmp_ln772)> <Delay = 0.00>
ST_3 : Operation 142 [1/1] (0.00ns)   --->   "%zext_ln790 = zext i10 %pix_3" [V:/zybo_z7_imx219/zybo_z7_imx219.runs/design_1_v_demosaic_0_0_synth_1/prj/sol/.autopilot/db/v_demosaic.cpp:790->V:/zybo_z7_imx219/zybo_z7_imx219.runs/design_1_v_demosaic_0_0_synth_1/prj/sol/.autopilot/db/v_demosaic.cpp:1072]   --->   Operation 142 'zext' 'zext_ln790' <Predicate = (!icmp_ln633 & icmp_ln772)> <Delay = 0.00>
ST_3 : Operation 143 [1/1] (0.00ns)   --->   "%zext_ln790_1 = zext i10 %upleft_1" [V:/zybo_z7_imx219/zybo_z7_imx219.runs/design_1_v_demosaic_0_0_synth_1/prj/sol/.autopilot/db/v_demosaic.cpp:790->V:/zybo_z7_imx219/zybo_z7_imx219.runs/design_1_v_demosaic_0_0_synth_1/prj/sol/.autopilot/db/v_demosaic.cpp:1072]   --->   Operation 143 'zext' 'zext_ln790_1' <Predicate = (!icmp_ln633 & icmp_ln772)> <Delay = 0.00>
ST_3 : Operation 144 [1/1] (1.73ns)   --->   "%sub_ln790 = sub i11 %zext_ln790, i11 %zext_ln790_1" [V:/zybo_z7_imx219/zybo_z7_imx219.runs/design_1_v_demosaic_0_0_synth_1/prj/sol/.autopilot/db/v_demosaic.cpp:790->V:/zybo_z7_imx219/zybo_z7_imx219.runs/design_1_v_demosaic_0_0_synth_1/prj/sol/.autopilot/db/v_demosaic.cpp:1072]   --->   Operation 144 'sub' 'sub_ln790' <Predicate = (!icmp_ln633 & icmp_ln772)> <Delay = 1.73> <CoreInst = "Adder">   --->   Core 1 'Adder' <Latency = 0> <II = 1> <Delay = 1.73> <FuncUnit> <Opcode : 'add' 'sub'> <InPorts = 2> <OutPorts = 1>
ST_3 : Operation 145 [1/1] (0.00ns)   --->   "%trunc_ln61 = trunc i11 %sub_ln790" [C:/AMDDesignTools/2025.2/Vitis/tps/mingw/8.3.0/win64.o/nt\lib\gcc\x86_64-w64-mingw32\8.3.0\include\c++\bits/std_abs.h:61->V:/zybo_z7_imx219/zybo_z7_imx219.runs/design_1_v_demosaic_0_0_synth_1/prj/sol/.autopilot/db/v_demosaic.cpp:790->V:/zybo_z7_imx219/zybo_z7_imx219.runs/design_1_v_demosaic_0_0_synth_1/prj/sol/.autopilot/db/v_demosaic.cpp:1072]   --->   Operation 145 'trunc' 'trunc_ln61' <Predicate = (!icmp_ln633 & icmp_ln772)> <Delay = 0.00>
ST_3 : Operation 146 [1/1] (0.00ns)   --->   "%tmp_1 = bitselect i1 @_ssdm_op_BitSelect.i1.i11.i32, i11 %sub_ln790, i32 10" [C:/AMDDesignTools/2025.2/Vitis/tps/mingw/8.3.0/win64.o/nt\lib\gcc\x86_64-w64-mingw32\8.3.0\include\c++\bits/std_abs.h:61->V:/zybo_z7_imx219/zybo_z7_imx219.runs/design_1_v_demosaic_0_0_synth_1/prj/sol/.autopilot/db/v_demosaic.cpp:790->V:/zybo_z7_imx219/zybo_z7_imx219.runs/design_1_v_demosaic_0_0_synth_1/prj/sol/.autopilot/db/v_demosaic.cpp:1072]   --->   Operation 146 'bitselect' 'tmp_1' <Predicate = (!icmp_ln633 & icmp_ln772)> <Delay = 0.00>
ST_3 : Operation 147 [1/1] (1.73ns)   --->   "%sub_ln61 = sub i10 0, i10 %trunc_ln61" [C:/AMDDesignTools/2025.2/Vitis/tps/mingw/8.3.0/win64.o/nt\lib\gcc\x86_64-w64-mingw32\8.3.0\include\c++\bits/std_abs.h:61->V:/zybo_z7_imx219/zybo_z7_imx219.runs/design_1_v_demosaic_0_0_synth_1/prj/sol/.autopilot/db/v_demosaic.cpp:790->V:/zybo_z7_imx219/zybo_z7_imx219.runs/design_1_v_demosaic_0_0_synth_1/prj/sol/.autopilot/db/v_demosaic.cpp:1072]   --->   Operation 147 'sub' 'sub_ln61' <Predicate = (!icmp_ln633 & icmp_ln772)> <Delay = 1.73> <CoreInst = "Adder">   --->   Core 1 'Adder' <Latency = 0> <II = 1> <Delay = 1.73> <FuncUnit> <Opcode : 'add' 'sub'> <InPorts = 2> <OutPorts = 1>
ST_3 : Operation 148 [1/1] (0.68ns)   --->   "%agdiff = select i1 %tmp_1, i10 %sub_ln61, i10 %trunc_ln61" [C:/AMDDesignTools/2025.2/Vitis/tps/mingw/8.3.0/win64.o/nt\lib\gcc\x86_64-w64-mingw32\8.3.0\include\c++\bits/std_abs.h:61->V:/zybo_z7_imx219/zybo_z7_imx219.runs/design_1_v_demosaic_0_0_synth_1/prj/sol/.autopilot/db/v_demosaic.cpp:790->V:/zybo_z7_imx219/zybo_z7_imx219.runs/design_1_v_demosaic_0_0_synth_1/prj/sol/.autopilot/db/v_demosaic.cpp:1072]   --->   Operation 148 'select' 'agdiff' <Predicate = (!icmp_ln633 & icmp_ln772)> <Delay = 0.68> <CoreInst = "Sel">   --->   Core 73 'Sel' <Latency = 0> <II = 1> <Delay = 0.68> <FuncUnit> <Opcode : 'select'> <InPorts = 3> <OutPorts = 1>
ST_3 : Operation 149 [1/1] (0.00ns)   --->   "%zext_ln791 = zext i10 %downleft_1" [V:/zybo_z7_imx219/zybo_z7_imx219.runs/design_1_v_demosaic_0_0_synth_1/prj/sol/.autopilot/db/v_demosaic.cpp:791->V:/zybo_z7_imx219/zybo_z7_imx219.runs/design_1_v_demosaic_0_0_synth_1/prj/sol/.autopilot/db/v_demosaic.cpp:1072]   --->   Operation 149 'zext' 'zext_ln791' <Predicate = (!icmp_ln633 & icmp_ln772)> <Delay = 0.00>
ST_3 : Operation 150 [1/1] (1.73ns)   --->   "%sub_ln791 = sub i11 %zext_ln790, i11 %zext_ln791" [V:/zybo_z7_imx219/zybo_z7_imx219.runs/design_1_v_demosaic_0_0_synth_1/prj/sol/.autopilot/db/v_demosaic.cpp:791->V:/zybo_z7_imx219/zybo_z7_imx219.runs/design_1_v_demosaic_0_0_synth_1/prj/sol/.autopilot/db/v_demosaic.cpp:1072]   --->   Operation 150 'sub' 'sub_ln791' <Predicate = (!icmp_ln633 & icmp_ln772)> <Delay = 1.73> <CoreInst = "Adder">   --->   Core 1 'Adder' <Latency = 0> <II = 1> <Delay = 1.73> <FuncUnit> <Opcode : 'add' 'sub'> <InPorts = 2> <OutPorts = 1>
ST_3 : Operation 151 [1/1] (0.00ns)   --->   "%trunc_ln61_1 = trunc i11 %sub_ln791" [C:/AMDDesignTools/2025.2/Vitis/tps/mingw/8.3.0/win64.o/nt\lib\gcc\x86_64-w64-mingw32\8.3.0\include\c++\bits/std_abs.h:61->V:/zybo_z7_imx219/zybo_z7_imx219.runs/design_1_v_demosaic_0_0_synth_1/prj/sol/.autopilot/db/v_demosaic.cpp:791->V:/zybo_z7_imx219/zybo_z7_imx219.runs/design_1_v_demosaic_0_0_synth_1/prj/sol/.autopilot/db/v_demosaic.cpp:1072]   --->   Operation 151 'trunc' 'trunc_ln61_1' <Predicate = (!icmp_ln633 & icmp_ln772)> <Delay = 0.00>
ST_3 : Operation 152 [1/1] (0.00ns)   --->   "%tmp_2 = bitselect i1 @_ssdm_op_BitSelect.i1.i11.i32, i11 %sub_ln791, i32 10" [C:/AMDDesignTools/2025.2/Vitis/tps/mingw/8.3.0/win64.o/nt\lib\gcc\x86_64-w64-mingw32\8.3.0\include\c++\bits/std_abs.h:61->V:/zybo_z7_imx219/zybo_z7_imx219.runs/design_1_v_demosaic_0_0_synth_1/prj/sol/.autopilot/db/v_demosaic.cpp:791->V:/zybo_z7_imx219/zybo_z7_imx219.runs/design_1_v_demosaic_0_0_synth_1/prj/sol/.autopilot/db/v_demosaic.cpp:1072]   --->   Operation 152 'bitselect' 'tmp_2' <Predicate = (!icmp_ln633 & icmp_ln772)> <Delay = 0.00>
ST_3 : Operation 153 [1/1] (1.73ns)   --->   "%sub_ln61_1 = sub i10 0, i10 %trunc_ln61_1" [C:/AMDDesignTools/2025.2/Vitis/tps/mingw/8.3.0/win64.o/nt\lib\gcc\x86_64-w64-mingw32\8.3.0\include\c++\bits/std_abs.h:61->V:/zybo_z7_imx219/zybo_z7_imx219.runs/design_1_v_demosaic_0_0_synth_1/prj/sol/.autopilot/db/v_demosaic.cpp:791->V:/zybo_z7_imx219/zybo_z7_imx219.runs/design_1_v_demosaic_0_0_synth_1/prj/sol/.autopilot/db/v_demosaic.cpp:1072]   --->   Operation 153 'sub' 'sub_ln61_1' <Predicate = (!icmp_ln633 & icmp_ln772)> <Delay = 1.73> <CoreInst = "Adder">   --->   Core 1 'Adder' <Latency = 0> <II = 1> <Delay = 1.73> <FuncUnit> <Opcode : 'add' 'sub'> <InPorts = 2> <OutPorts = 1>
ST_3 : Operation 154 [1/1] (0.68ns)   --->   "%agdiff_1 = select i1 %tmp_2, i10 %sub_ln61_1, i10 %trunc_ln61_1" [C:/AMDDesignTools/2025.2/Vitis/tps/mingw/8.3.0/win64.o/nt\lib\gcc\x86_64-w64-mingw32\8.3.0\include\c++\bits/std_abs.h:61->V:/zybo_z7_imx219/zybo_z7_imx219.runs/design_1_v_demosaic_0_0_synth_1/prj/sol/.autopilot/db/v_demosaic.cpp:791->V:/zybo_z7_imx219/zybo_z7_imx219.runs/design_1_v_demosaic_0_0_synth_1/prj/sol/.autopilot/db/v_demosaic.cpp:1072]   --->   Operation 154 'select' 'agdiff_1' <Predicate = (!icmp_ln633 & icmp_ln772)> <Delay = 0.68> <CoreInst = "Sel">   --->   Core 73 'Sel' <Latency = 0> <II = 1> <Delay = 0.68> <FuncUnit> <Opcode : 'select'> <InPorts = 3> <OutPorts = 1>
ST_3 : Operation 155 [1/1] (0.00ns)   --->   "%zext_ln792 = zext i10 %p_0_1_0_0_09141517_i_load_1" [V:/zybo_z7_imx219/zybo_z7_imx219.runs/design_1_v_demosaic_0_0_synth_1/prj/sol/.autopilot/db/v_demosaic.cpp:792->V:/zybo_z7_imx219/zybo_z7_imx219.runs/design_1_v_demosaic_0_0_synth_1/prj/sol/.autopilot/db/v_demosaic.cpp:1072]   --->   Operation 155 'zext' 'zext_ln792' <Predicate = (!icmp_ln633 & icmp_ln772)> <Delay = 0.00>
ST_3 : Operation 156 [1/1] (1.73ns)   --->   "%sub_ln792 = sub i11 %zext_ln790, i11 %zext_ln792" [V:/zybo_z7_imx219/zybo_z7_imx219.runs/design_1_v_demosaic_0_0_synth_1/prj/sol/.autopilot/db/v_demosaic.cpp:792->V:/zybo_z7_imx219/zybo_z7_imx219.runs/design_1_v_demosaic_0_0_synth_1/prj/sol/.autopilot/db/v_demosaic.cpp:1072]   --->   Operation 156 'sub' 'sub_ln792' <Predicate = (!icmp_ln633 & icmp_ln772)> <Delay = 1.73> <CoreInst = "Adder">   --->   Core 1 'Adder' <Latency = 0> <II = 1> <Delay = 1.73> <FuncUnit> <Opcode : 'add' 'sub'> <InPorts = 2> <OutPorts = 1>
ST_3 : Operation 157 [1/1] (0.00ns)   --->   "%trunc_ln61_2 = trunc i11 %sub_ln792" [C:/AMDDesignTools/2025.2/Vitis/tps/mingw/8.3.0/win64.o/nt\lib\gcc\x86_64-w64-mingw32\8.3.0\include\c++\bits/std_abs.h:61->V:/zybo_z7_imx219/zybo_z7_imx219.runs/design_1_v_demosaic_0_0_synth_1/prj/sol/.autopilot/db/v_demosaic.cpp:792->V:/zybo_z7_imx219/zybo_z7_imx219.runs/design_1_v_demosaic_0_0_synth_1/prj/sol/.autopilot/db/v_demosaic.cpp:1072]   --->   Operation 157 'trunc' 'trunc_ln61_2' <Predicate = (!icmp_ln633 & icmp_ln772)> <Delay = 0.00>
ST_3 : Operation 158 [1/1] (0.00ns)   --->   "%tmp_3 = bitselect i1 @_ssdm_op_BitSelect.i1.i11.i32, i11 %sub_ln792, i32 10" [C:/AMDDesignTools/2025.2/Vitis/tps/mingw/8.3.0/win64.o/nt\lib\gcc\x86_64-w64-mingw32\8.3.0\include\c++\bits/std_abs.h:61->V:/zybo_z7_imx219/zybo_z7_imx219.runs/design_1_v_demosaic_0_0_synth_1/prj/sol/.autopilot/db/v_demosaic.cpp:792->V:/zybo_z7_imx219/zybo_z7_imx219.runs/design_1_v_demosaic_0_0_synth_1/prj/sol/.autopilot/db/v_demosaic.cpp:1072]   --->   Operation 158 'bitselect' 'tmp_3' <Predicate = (!icmp_ln633 & icmp_ln772)> <Delay = 0.00>
ST_3 : Operation 159 [1/1] (1.73ns)   --->   "%sub_ln61_2 = sub i10 0, i10 %trunc_ln61_2" [C:/AMDDesignTools/2025.2/Vitis/tps/mingw/8.3.0/win64.o/nt\lib\gcc\x86_64-w64-mingw32\8.3.0\include\c++\bits/std_abs.h:61->V:/zybo_z7_imx219/zybo_z7_imx219.runs/design_1_v_demosaic_0_0_synth_1/prj/sol/.autopilot/db/v_demosaic.cpp:792->V:/zybo_z7_imx219/zybo_z7_imx219.runs/design_1_v_demosaic_0_0_synth_1/prj/sol/.autopilot/db/v_demosaic.cpp:1072]   --->   Operation 159 'sub' 'sub_ln61_2' <Predicate = (!icmp_ln633 & icmp_ln772)> <Delay = 1.73> <CoreInst = "Adder">   --->   Core 1 'Adder' <Latency = 0> <II = 1> <Delay = 1.73> <FuncUnit> <Opcode : 'add' 'sub'> <InPorts = 2> <OutPorts = 1>
ST_3 : Operation 160 [1/1] (0.68ns)   --->   "%agdiff_2 = select i1 %tmp_3, i10 %sub_ln61_2, i10 %trunc_ln61_2" [C:/AMDDesignTools/2025.2/Vitis/tps/mingw/8.3.0/win64.o/nt\lib\gcc\x86_64-w64-mingw32\8.3.0\include\c++\bits/std_abs.h:61->V:/zybo_z7_imx219/zybo_z7_imx219.runs/design_1_v_demosaic_0_0_synth_1/prj/sol/.autopilot/db/v_demosaic.cpp:792->V:/zybo_z7_imx219/zybo_z7_imx219.runs/design_1_v_demosaic_0_0_synth_1/prj/sol/.autopilot/db/v_demosaic.cpp:1072]   --->   Operation 160 'select' 'agdiff_2' <Predicate = (!icmp_ln633 & icmp_ln772)> <Delay = 0.68> <CoreInst = "Sel">   --->   Core 73 'Sel' <Latency = 0> <II = 1> <Delay = 0.68> <FuncUnit> <Opcode : 'select'> <InPorts = 3> <OutPorts = 1>
ST_3 : Operation 161 [1/1] (0.00ns)   --->   "%zext_ln793 = zext i10 %p_0_1_0_0_09081529_i_load_1" [V:/zybo_z7_imx219/zybo_z7_imx219.runs/design_1_v_demosaic_0_0_synth_1/prj/sol/.autopilot/db/v_demosaic.cpp:793->V:/zybo_z7_imx219/zybo_z7_imx219.runs/design_1_v_demosaic_0_0_synth_1/prj/sol/.autopilot/db/v_demosaic.cpp:1072]   --->   Operation 161 'zext' 'zext_ln793' <Predicate = (!icmp_ln633 & icmp_ln772)> <Delay = 0.00>
ST_3 : Operation 162 [1/1] (1.73ns)   --->   "%sub_ln793 = sub i11 %zext_ln790, i11 %zext_ln793" [V:/zybo_z7_imx219/zybo_z7_imx219.runs/design_1_v_demosaic_0_0_synth_1/prj/sol/.autopilot/db/v_demosaic.cpp:793->V:/zybo_z7_imx219/zybo_z7_imx219.runs/design_1_v_demosaic_0_0_synth_1/prj/sol/.autopilot/db/v_demosaic.cpp:1072]   --->   Operation 162 'sub' 'sub_ln793' <Predicate = (!icmp_ln633 & icmp_ln772)> <Delay = 1.73> <CoreInst = "Adder">   --->   Core 1 'Adder' <Latency = 0> <II = 1> <Delay = 1.73> <FuncUnit> <Opcode : 'add' 'sub'> <InPorts = 2> <OutPorts = 1>
ST_3 : Operation 163 [1/1] (0.00ns)   --->   "%trunc_ln61_3 = trunc i11 %sub_ln793" [C:/AMDDesignTools/2025.2/Vitis/tps/mingw/8.3.0/win64.o/nt\lib\gcc\x86_64-w64-mingw32\8.3.0\include\c++\bits/std_abs.h:61->V:/zybo_z7_imx219/zybo_z7_imx219.runs/design_1_v_demosaic_0_0_synth_1/prj/sol/.autopilot/db/v_demosaic.cpp:793->V:/zybo_z7_imx219/zybo_z7_imx219.runs/design_1_v_demosaic_0_0_synth_1/prj/sol/.autopilot/db/v_demosaic.cpp:1072]   --->   Operation 163 'trunc' 'trunc_ln61_3' <Predicate = (!icmp_ln633 & icmp_ln772)> <Delay = 0.00>
ST_3 : Operation 164 [1/1] (0.00ns)   --->   "%tmp_4 = bitselect i1 @_ssdm_op_BitSelect.i1.i11.i32, i11 %sub_ln793, i32 10" [C:/AMDDesignTools/2025.2/Vitis/tps/mingw/8.3.0/win64.o/nt\lib\gcc\x86_64-w64-mingw32\8.3.0\include\c++\bits/std_abs.h:61->V:/zybo_z7_imx219/zybo_z7_imx219.runs/design_1_v_demosaic_0_0_synth_1/prj/sol/.autopilot/db/v_demosaic.cpp:793->V:/zybo_z7_imx219/zybo_z7_imx219.runs/design_1_v_demosaic_0_0_synth_1/prj/sol/.autopilot/db/v_demosaic.cpp:1072]   --->   Operation 164 'bitselect' 'tmp_4' <Predicate = (!icmp_ln633 & icmp_ln772)> <Delay = 0.00>
ST_3 : Operation 165 [1/1] (1.73ns)   --->   "%sub_ln61_3 = sub i10 0, i10 %trunc_ln61_3" [C:/AMDDesignTools/2025.2/Vitis/tps/mingw/8.3.0/win64.o/nt\lib\gcc\x86_64-w64-mingw32\8.3.0\include\c++\bits/std_abs.h:61->V:/zybo_z7_imx219/zybo_z7_imx219.runs/design_1_v_demosaic_0_0_synth_1/prj/sol/.autopilot/db/v_demosaic.cpp:793->V:/zybo_z7_imx219/zybo_z7_imx219.runs/design_1_v_demosaic_0_0_synth_1/prj/sol/.autopilot/db/v_demosaic.cpp:1072]   --->   Operation 165 'sub' 'sub_ln61_3' <Predicate = (!icmp_ln633 & icmp_ln772)> <Delay = 1.73> <CoreInst = "Adder">   --->   Core 1 'Adder' <Latency = 0> <II = 1> <Delay = 1.73> <FuncUnit> <Opcode : 'add' 'sub'> <InPorts = 2> <OutPorts = 1>
ST_3 : Operation 166 [1/1] (0.68ns)   --->   "%agdiff_3 = select i1 %tmp_4, i10 %sub_ln61_3, i10 %trunc_ln61_3" [C:/AMDDesignTools/2025.2/Vitis/tps/mingw/8.3.0/win64.o/nt\lib\gcc\x86_64-w64-mingw32\8.3.0\include\c++\bits/std_abs.h:61->V:/zybo_z7_imx219/zybo_z7_imx219.runs/design_1_v_demosaic_0_0_synth_1/prj/sol/.autopilot/db/v_demosaic.cpp:793->V:/zybo_z7_imx219/zybo_z7_imx219.runs/design_1_v_demosaic_0_0_synth_1/prj/sol/.autopilot/db/v_demosaic.cpp:1072]   --->   Operation 166 'select' 'agdiff_3' <Predicate = (!icmp_ln633 & icmp_ln772)> <Delay = 0.68> <CoreInst = "Sel">   --->   Core 73 'Sel' <Latency = 0> <II = 1> <Delay = 0.68> <FuncUnit> <Opcode : 'select'> <InPorts = 3> <OutPorts = 1>
ST_3 : Operation 167 [1/1] (1.58ns)   --->   "%store_ln710 = store i10 %p_0_0_0939_21450_i, i10 %p_0_0_0939_21449_i" [V:/zybo_z7_imx219/zybo_z7_imx219.runs/design_1_v_demosaic_0_0_synth_1/prj/sol/.autopilot/db/v_demosaic.cpp:710->V:/zybo_z7_imx219/zybo_z7_imx219.runs/design_1_v_demosaic_0_0_synth_1/prj/sol/.autopilot/db/v_demosaic.cpp:1072]   --->   Operation 167 'store' 'store_ln710' <Predicate = (!icmp_ln633)> <Delay = 1.58>
ST_3 : Operation 168 [1/1] (1.58ns)   --->   "%store_ln710 = store i10 %p_0_0_09391420_i, i10 %p_0_0_09391419_i" [V:/zybo_z7_imx219/zybo_z7_imx219.runs/design_1_v_demosaic_0_0_synth_1/prj/sol/.autopilot/db/v_demosaic.cpp:710->V:/zybo_z7_imx219/zybo_z7_imx219.runs/design_1_v_demosaic_0_0_synth_1/prj/sol/.autopilot/db/v_demosaic.cpp:1072]   --->   Operation 168 'store' 'store_ln710' <Predicate = (!icmp_ln633)> <Delay = 1.58>

State 4 <SV = 3> <Delay = 7.13>
ST_4 : Operation 169 [1/1] (0.00ns)   --->   "%p_0_0_0_0_09131515_i_load = load i10 %p_0_0_0_0_09131515_i"   --->   Operation 169 'load' 'p_0_0_0_0_09131515_i_load' <Predicate = true> <Delay = 0.00>
ST_4 : Operation 170 [1/1] (0.00ns)   --->   "%p_0_2_0_0_09151519_i_load = load i10 %p_0_2_0_0_09151519_i"   --->   Operation 170 'load' 'p_0_2_0_0_09151519_i_load' <Predicate = true> <Delay = 0.00>
ST_4 : Operation 171 [1/1] (0.00ns)   --->   "%p_0_0_0940_115091520_i_load = load i10 %p_0_0_0940_115091520_i"   --->   Operation 171 'load' 'p_0_0_0940_115091520_i_load' <Predicate = true> <Delay = 0.00>
ST_4 : Operation 172 [1/1] (0.00ns)   --->   "%p_0_0_0938_115131524_i_load = load i10 %p_0_0_0938_115131524_i"   --->   Operation 172 'load' 'p_0_0_0938_115131524_i_load' <Predicate = true> <Delay = 0.00>
ST_4 : Operation 173 [1/1] (0.00ns)   --->   "%p_0_0_0_0_09071527_i_load = load i10 %p_0_0_0_0_09071527_i"   --->   Operation 173 'load' 'p_0_0_0_0_09071527_i_load' <Predicate = true> <Delay = 0.00>
ST_4 : Operation 174 [1/1] (0.00ns)   --->   "%p_0_2_0_0_09091531_i_load = load i10 %p_0_2_0_0_09091531_i"   --->   Operation 174 'load' 'p_0_2_0_0_09091531_i_load' <Predicate = true> <Delay = 0.00>
ST_4 : Operation 175 [1/1] (0.00ns)   --->   "%p_0_0_09401416_i_load = load i10 %p_0_0_09401416_i"   --->   Operation 175 'load' 'p_0_0_09401416_i_load' <Predicate = true> <Delay = 0.00>
ST_4 : Operation 176 [1/1] (0.00ns)   --->   "%p_0_0_09381422_i_load = load i10 %p_0_0_09381422_i"   --->   Operation 176 'load' 'p_0_0_09381422_i_load' <Predicate = true> <Delay = 0.00>
ST_4 : Operation 177 [1/1] (0.00ns)   --->   "%p_0_0_0940_21446_i_load = load i10 %p_0_0_0940_21446_i"   --->   Operation 177 'load' 'p_0_0_0940_21446_i_load' <Predicate = true> <Delay = 0.00>
ST_4 : Operation 178 [1/1] (0.00ns)   --->   "%p_0_0_0938_21452_i_load = load i10 %p_0_0_0938_21452_i"   --->   Operation 178 'load' 'p_0_0_0938_21452_i_load' <Predicate = true> <Delay = 0.00>
ST_4 : Operation 179 [1/1] (0.00ns)   --->   "%speclooptripcount_ln0 = speclooptripcount void @_ssdm_op_SpecLoopTripCount, i64 1, i64 1921, i64 0"   --->   Operation 179 'speclooptripcount' 'speclooptripcount_ln0' <Predicate = true> <Delay = 0.00>
ST_4 : Operation 180 [1/1] (0.68ns)   --->   "%select_ln710 = select i1 %icmp_ln710, i10 %trunc_ln654, i10 %p_0_0_0940_115091520_i_load" [V:/zybo_z7_imx219/zybo_z7_imx219.runs/design_1_v_demosaic_0_0_synth_1/prj/sol/.autopilot/db/v_demosaic.cpp:710->V:/zybo_z7_imx219/zybo_z7_imx219.runs/design_1_v_demosaic_0_0_synth_1/prj/sol/.autopilot/db/v_demosaic.cpp:1072]   --->   Operation 180 'select' 'select_ln710' <Predicate = (!icmp_ln633 & icmp_ln643)> <Delay = 0.68> <CoreInst = "Sel">   --->   Core 73 'Sel' <Latency = 0> <II = 1> <Delay = 0.68> <FuncUnit> <Opcode : 'select'> <InPorts = 3> <OutPorts = 1>
ST_4 : Operation 181 [1/1] (0.68ns)   --->   "%select_ln710_2 = select i1 %icmp_ln710, i10 %tmp_7_i, i10 %p_0_0_0938_115131524_i_load" [V:/zybo_z7_imx219/zybo_z7_imx219.runs/design_1_v_demosaic_0_0_synth_1/prj/sol/.autopilot/db/v_demosaic.cpp:710->V:/zybo_z7_imx219/zybo_z7_imx219.runs/design_1_v_demosaic_0_0_synth_1/prj/sol/.autopilot/db/v_demosaic.cpp:1072]   --->   Operation 181 'select' 'select_ln710_2' <Predicate = (!icmp_ln633 & icmp_ln643)> <Delay = 0.68> <CoreInst = "Sel">   --->   Core 73 'Sel' <Latency = 0> <II = 1> <Delay = 0.68> <FuncUnit> <Opcode : 'select'> <InPorts = 3> <OutPorts = 1>
ST_4 : Operation 182 [1/1] (0.68ns)   --->   "%select_ln710_3 = select i1 %icmp_ln710, i10 %tmp_i, i10 %p_0_0_09381422_i_load" [V:/zybo_z7_imx219/zybo_z7_imx219.runs/design_1_v_demosaic_0_0_synth_1/prj/sol/.autopilot/db/v_demosaic.cpp:710->V:/zybo_z7_imx219/zybo_z7_imx219.runs/design_1_v_demosaic_0_0_synth_1/prj/sol/.autopilot/db/v_demosaic.cpp:1072]   --->   Operation 182 'select' 'select_ln710_3' <Predicate = (!icmp_ln633 & icmp_ln643 & red)> <Delay = 0.68> <CoreInst = "Sel">   --->   Core 73 'Sel' <Latency = 0> <II = 1> <Delay = 0.68> <FuncUnit> <Opcode : 'select'> <InPorts = 3> <OutPorts = 1>
ST_4 : Operation 183 [1/1] (0.68ns)   --->   "%select_ln710_5 = select i1 %icmp_ln710, i10 %trunc_ln654_1, i10 %p_0_0_09401416_i_load" [V:/zybo_z7_imx219/zybo_z7_imx219.runs/design_1_v_demosaic_0_0_synth_1/prj/sol/.autopilot/db/v_demosaic.cpp:710->V:/zybo_z7_imx219/zybo_z7_imx219.runs/design_1_v_demosaic_0_0_synth_1/prj/sol/.autopilot/db/v_demosaic.cpp:1072]   --->   Operation 183 'select' 'select_ln710_5' <Predicate = (!icmp_ln633 & icmp_ln643 & !red)> <Delay = 0.68> <CoreInst = "Sel">   --->   Core 73 'Sel' <Latency = 0> <II = 1> <Delay = 0.68> <FuncUnit> <Opcode : 'select'> <InPorts = 3> <OutPorts = 1>
ST_4 : Operation 184 [1/1] (0.68ns)   --->   "%select_ln710_6 = select i1 %icmp_ln710, i10 %tmp_i, i10 %p_0_2_0_0_09151519_i_load" [V:/zybo_z7_imx219/zybo_z7_imx219.runs/design_1_v_demosaic_0_0_synth_1/prj/sol/.autopilot/db/v_demosaic.cpp:710->V:/zybo_z7_imx219/zybo_z7_imx219.runs/design_1_v_demosaic_0_0_synth_1/prj/sol/.autopilot/db/v_demosaic.cpp:1072]   --->   Operation 184 'select' 'select_ln710_6' <Predicate = (!icmp_ln633 & icmp_ln643)> <Delay = 0.68> <CoreInst = "Sel">   --->   Core 73 'Sel' <Latency = 0> <II = 1> <Delay = 0.68> <FuncUnit> <Opcode : 'select'> <InPorts = 3> <OutPorts = 1>
ST_4 : Operation 185 [1/1] (0.68ns)   --->   "%select_ln710_8 = select i1 %icmp_ln710, i10 %trunc_ln654_1, i10 %p_0_0_0_0_09131515_i_load" [V:/zybo_z7_imx219/zybo_z7_imx219.runs/design_1_v_demosaic_0_0_synth_1/prj/sol/.autopilot/db/v_demosaic.cpp:710->V:/zybo_z7_imx219/zybo_z7_imx219.runs/design_1_v_demosaic_0_0_synth_1/prj/sol/.autopilot/db/v_demosaic.cpp:1072]   --->   Operation 185 'select' 'select_ln710_8' <Predicate = (!icmp_ln633 & icmp_ln643)> <Delay = 0.68> <CoreInst = "Sel">   --->   Core 73 'Sel' <Latency = 0> <II = 1> <Delay = 0.68> <FuncUnit> <Opcode : 'select'> <InPorts = 3> <OutPorts = 1>
ST_4 : Operation 186 [1/1] (0.68ns)   --->   "%select_ln710_9 = select i1 %icmp_ln710, i10 %p_0_0_0938_21501_ph_i, i10 %p_0_0_0938_21452_i_load" [V:/zybo_z7_imx219/zybo_z7_imx219.runs/design_1_v_demosaic_0_0_synth_1/prj/sol/.autopilot/db/v_demosaic.cpp:710->V:/zybo_z7_imx219/zybo_z7_imx219.runs/design_1_v_demosaic_0_0_synth_1/prj/sol/.autopilot/db/v_demosaic.cpp:1072]   --->   Operation 186 'select' 'select_ln710_9' <Predicate = (!icmp_ln633 & icmp_ln643 & red)> <Delay = 0.68> <CoreInst = "Sel">   --->   Core 73 'Sel' <Latency = 0> <II = 1> <Delay = 0.68> <FuncUnit> <Opcode : 'select'> <InPorts = 3> <OutPorts = 1>
ST_4 : Operation 187 [1/1] (0.68ns)   --->   "%select_ln710_11 = select i1 %icmp_ln710, i10 %p_0_0_0940_21497_ph_i, i10 %p_0_0_0940_21446_i_load" [V:/zybo_z7_imx219/zybo_z7_imx219.runs/design_1_v_demosaic_0_0_synth_1/prj/sol/.autopilot/db/v_demosaic.cpp:710->V:/zybo_z7_imx219/zybo_z7_imx219.runs/design_1_v_demosaic_0_0_synth_1/prj/sol/.autopilot/db/v_demosaic.cpp:1072]   --->   Operation 187 'select' 'select_ln710_11' <Predicate = (!icmp_ln633 & icmp_ln643 & !red)> <Delay = 0.68> <CoreInst = "Sel">   --->   Core 73 'Sel' <Latency = 0> <II = 1> <Delay = 0.68> <FuncUnit> <Opcode : 'select'> <InPorts = 3> <OutPorts = 1>
ST_4 : Operation 188 [1/1] (0.68ns)   --->   "%select_ln710_12 = select i1 %icmp_ln710, i10 %p_0_0_0938_21501_ph_i, i10 %p_0_2_0_0_09091531_i_load" [V:/zybo_z7_imx219/zybo_z7_imx219.runs/design_1_v_demosaic_0_0_synth_1/prj/sol/.autopilot/db/v_demosaic.cpp:710->V:/zybo_z7_imx219/zybo_z7_imx219.runs/design_1_v_demosaic_0_0_synth_1/prj/sol/.autopilot/db/v_demosaic.cpp:1072]   --->   Operation 188 'select' 'select_ln710_12' <Predicate = (!icmp_ln633 & icmp_ln643)> <Delay = 0.68> <CoreInst = "Sel">   --->   Core 73 'Sel' <Latency = 0> <II = 1> <Delay = 0.68> <FuncUnit> <Opcode : 'select'> <InPorts = 3> <OutPorts = 1>
ST_4 : Operation 189 [1/1] (0.68ns)   --->   "%select_ln710_14 = select i1 %icmp_ln710, i10 %p_0_0_0940_21497_ph_i, i10 %p_0_0_0_0_09071527_i_load" [V:/zybo_z7_imx219/zybo_z7_imx219.runs/design_1_v_demosaic_0_0_synth_1/prj/sol/.autopilot/db/v_demosaic.cpp:710->V:/zybo_z7_imx219/zybo_z7_imx219.runs/design_1_v_demosaic_0_0_synth_1/prj/sol/.autopilot/db/v_demosaic.cpp:1072]   --->   Operation 189 'select' 'select_ln710_14' <Predicate = (!icmp_ln633 & icmp_ln643)> <Delay = 0.68> <CoreInst = "Sel">   --->   Core 73 'Sel' <Latency = 0> <II = 1> <Delay = 0.68> <FuncUnit> <Opcode : 'select'> <InPorts = 3> <OutPorts = 1>
ST_4 : Operation 190 [1/1] (1.58ns)   --->   "%store_ln666 = store i10 %p_0_0_0938_21501_ph_i, i10 %p_0_2_0_0_09091531_i" [V:/zybo_z7_imx219/zybo_z7_imx219.runs/design_1_v_demosaic_0_0_synth_1/prj/sol/.autopilot/db/v_demosaic.cpp:666->V:/zybo_z7_imx219/zybo_z7_imx219.runs/design_1_v_demosaic_0_0_synth_1/prj/sol/.autopilot/db/v_demosaic.cpp:1072]   --->   Operation 190 'store' 'store_ln666' <Predicate = (!icmp_ln633 & icmp_ln643)> <Delay = 1.58>
ST_4 : Operation 191 [1/1] (1.58ns)   --->   "%store_ln666 = store i10 %p_0_0_0940_21497_ph_i, i10 %p_0_0_0_0_09071527_i" [V:/zybo_z7_imx219/zybo_z7_imx219.runs/design_1_v_demosaic_0_0_synth_1/prj/sol/.autopilot/db/v_demosaic.cpp:666->V:/zybo_z7_imx219/zybo_z7_imx219.runs/design_1_v_demosaic_0_0_synth_1/prj/sol/.autopilot/db/v_demosaic.cpp:1072]   --->   Operation 191 'store' 'store_ln666' <Predicate = (!icmp_ln633 & icmp_ln643)> <Delay = 1.58>
ST_4 : Operation 192 [1/1] (1.58ns)   --->   "%store_ln654 = store i10 %tmp_7_i, i10 %p_0_0_0938_115131524_i" [V:/zybo_z7_imx219/zybo_z7_imx219.runs/design_1_v_demosaic_0_0_synth_1/prj/sol/.autopilot/db/v_demosaic.cpp:654->V:/zybo_z7_imx219/zybo_z7_imx219.runs/design_1_v_demosaic_0_0_synth_1/prj/sol/.autopilot/db/v_demosaic.cpp:1072]   --->   Operation 192 'store' 'store_ln654' <Predicate = (!icmp_ln633 & icmp_ln643)> <Delay = 1.58>
ST_4 : Operation 193 [1/1] (1.58ns)   --->   "%store_ln654 = store i10 %trunc_ln654, i10 %p_0_0_0940_115091520_i" [V:/zybo_z7_imx219/zybo_z7_imx219.runs/design_1_v_demosaic_0_0_synth_1/prj/sol/.autopilot/db/v_demosaic.cpp:654->V:/zybo_z7_imx219/zybo_z7_imx219.runs/design_1_v_demosaic_0_0_synth_1/prj/sol/.autopilot/db/v_demosaic.cpp:1072]   --->   Operation 193 'store' 'store_ln654' <Predicate = (!icmp_ln633 & icmp_ln643)> <Delay = 1.58>
ST_4 : Operation 194 [1/1] (1.58ns)   --->   "%store_ln654 = store i10 %tmp_i, i10 %p_0_2_0_0_09151519_i" [V:/zybo_z7_imx219/zybo_z7_imx219.runs/design_1_v_demosaic_0_0_synth_1/prj/sol/.autopilot/db/v_demosaic.cpp:654->V:/zybo_z7_imx219/zybo_z7_imx219.runs/design_1_v_demosaic_0_0_synth_1/prj/sol/.autopilot/db/v_demosaic.cpp:1072]   --->   Operation 194 'store' 'store_ln654' <Predicate = (!icmp_ln633 & icmp_ln643)> <Delay = 1.58>
ST_4 : Operation 195 [1/1] (1.58ns)   --->   "%store_ln654 = store i10 %trunc_ln654_1, i10 %p_0_0_0_0_09131515_i" [V:/zybo_z7_imx219/zybo_z7_imx219.runs/design_1_v_demosaic_0_0_synth_1/prj/sol/.autopilot/db/v_demosaic.cpp:654->V:/zybo_z7_imx219/zybo_z7_imx219.runs/design_1_v_demosaic_0_0_synth_1/prj/sol/.autopilot/db/v_demosaic.cpp:1072]   --->   Operation 195 'store' 'store_ln654' <Predicate = (!icmp_ln633 & icmp_ln643)> <Delay = 1.58>
ST_4 : Operation 196 [1/1] (0.00ns)   --->   "%downleft_2 = phi i10 %select_ln710_9, void %VITIS_LOOP_693_11.i, i10 %p_0_0_0938_21452_i_load, void %for.body14.split.i" [V:/zybo_z7_imx219/zybo_z7_imx219.runs/design_1_v_demosaic_0_0_synth_1/prj/sol/.autopilot/db/v_demosaic.cpp:710->V:/zybo_z7_imx219/zybo_z7_imx219.runs/design_1_v_demosaic_0_0_synth_1/prj/sol/.autopilot/db/v_demosaic.cpp:1072]   --->   Operation 196 'phi' 'downleft_2' <Predicate = (!icmp_ln633 & red)> <Delay = 0.00>
ST_4 : Operation 197 [1/1] (0.00ns)   --->   "%downleft = phi i10 %select_ln710_11, void %VITIS_LOOP_693_11.i, i10 %p_0_0_0940_21446_i_load, void %for.body14.split.i" [V:/zybo_z7_imx219/zybo_z7_imx219.runs/design_1_v_demosaic_0_0_synth_1/prj/sol/.autopilot/db/v_demosaic.cpp:710->V:/zybo_z7_imx219/zybo_z7_imx219.runs/design_1_v_demosaic_0_0_synth_1/prj/sol/.autopilot/db/v_demosaic.cpp:1072]   --->   Operation 197 'phi' 'downleft' <Predicate = (!icmp_ln633 & !red)> <Delay = 0.00>
ST_4 : Operation 198 [1/1] (0.00ns)   --->   "%p_0_0_0938_21453_i = phi i10 %select_ln710_12, void %VITIS_LOOP_693_11.i, i10 %p_0_2_0_0_09091531_i_load, void %for.body14.split.i" [V:/zybo_z7_imx219/zybo_z7_imx219.runs/design_1_v_demosaic_0_0_synth_1/prj/sol/.autopilot/db/v_demosaic.cpp:710->V:/zybo_z7_imx219/zybo_z7_imx219.runs/design_1_v_demosaic_0_0_synth_1/prj/sol/.autopilot/db/v_demosaic.cpp:1072]   --->   Operation 198 'phi' 'p_0_0_0938_21453_i' <Predicate = (!icmp_ln633)> <Delay = 0.00>
ST_4 : Operation 199 [1/1] (0.00ns)   --->   "%p_0_0_0940_21447_i = phi i10 %select_ln710_14, void %VITIS_LOOP_693_11.i, i10 %p_0_0_0_0_09071527_i_load, void %for.body14.split.i" [V:/zybo_z7_imx219/zybo_z7_imx219.runs/design_1_v_demosaic_0_0_synth_1/prj/sol/.autopilot/db/v_demosaic.cpp:710->V:/zybo_z7_imx219/zybo_z7_imx219.runs/design_1_v_demosaic_0_0_synth_1/prj/sol/.autopilot/db/v_demosaic.cpp:1072]   --->   Operation 199 'phi' 'p_0_0_0940_21447_i' <Predicate = (!icmp_ln633)> <Delay = 0.00>
ST_4 : Operation 200 [1/1] (0.00ns)   --->   "%upleft_2 = phi i10 %select_ln710_3, void %VITIS_LOOP_693_11.i, i10 %p_0_0_09381422_i_load, void %for.body14.split.i" [V:/zybo_z7_imx219/zybo_z7_imx219.runs/design_1_v_demosaic_0_0_synth_1/prj/sol/.autopilot/db/v_demosaic.cpp:710->V:/zybo_z7_imx219/zybo_z7_imx219.runs/design_1_v_demosaic_0_0_synth_1/prj/sol/.autopilot/db/v_demosaic.cpp:1072]   --->   Operation 200 'phi' 'upleft_2' <Predicate = (!icmp_ln633 & red)> <Delay = 0.00>
ST_4 : Operation 201 [1/1] (0.00ns)   --->   "%upleft = phi i10 %select_ln710_5, void %VITIS_LOOP_693_11.i, i10 %p_0_0_09401416_i_load, void %for.body14.split.i" [V:/zybo_z7_imx219/zybo_z7_imx219.runs/design_1_v_demosaic_0_0_synth_1/prj/sol/.autopilot/db/v_demosaic.cpp:710->V:/zybo_z7_imx219/zybo_z7_imx219.runs/design_1_v_demosaic_0_0_synth_1/prj/sol/.autopilot/db/v_demosaic.cpp:1072]   --->   Operation 201 'phi' 'upleft' <Predicate = (!icmp_ln633 & !red)> <Delay = 0.00>
ST_4 : Operation 202 [1/1] (0.00ns)   --->   "%p_0_0_09381423_i = phi i10 %select_ln710_6, void %VITIS_LOOP_693_11.i, i10 %p_0_2_0_0_09151519_i_load, void %for.body14.split.i" [V:/zybo_z7_imx219/zybo_z7_imx219.runs/design_1_v_demosaic_0_0_synth_1/prj/sol/.autopilot/db/v_demosaic.cpp:710->V:/zybo_z7_imx219/zybo_z7_imx219.runs/design_1_v_demosaic_0_0_synth_1/prj/sol/.autopilot/db/v_demosaic.cpp:1072]   --->   Operation 202 'phi' 'p_0_0_09381423_i' <Predicate = (!icmp_ln633)> <Delay = 0.00>
ST_4 : Operation 203 [1/1] (0.00ns)   --->   "%p_0_0_09401417_i = phi i10 %select_ln710_8, void %VITIS_LOOP_693_11.i, i10 %p_0_0_0_0_09131515_i_load, void %for.body14.split.i" [V:/zybo_z7_imx219/zybo_z7_imx219.runs/design_1_v_demosaic_0_0_synth_1/prj/sol/.autopilot/db/v_demosaic.cpp:710->V:/zybo_z7_imx219/zybo_z7_imx219.runs/design_1_v_demosaic_0_0_synth_1/prj/sol/.autopilot/db/v_demosaic.cpp:1072]   --->   Operation 203 'phi' 'p_0_0_09401417_i' <Predicate = (!icmp_ln633)> <Delay = 0.00>
ST_4 : Operation 204 [1/1] (1.73ns)   --->   "%enable = icmp_ult  i10 %agdiff, i10 %agdiff_1" [V:/zybo_z7_imx219/zybo_z7_imx219.runs/design_1_v_demosaic_0_0_synth_1/prj/sol/.autopilot/db/v_demosaic.cpp:795->V:/zybo_z7_imx219/zybo_z7_imx219.runs/design_1_v_demosaic_0_0_synth_1/prj/sol/.autopilot/db/v_demosaic.cpp:1072]   --->   Operation 204 'icmp' 'enable' <Predicate = (!icmp_ln633 & icmp_ln772)> <Delay = 1.73> <CoreInst = "Cmp">   --->   Core 9 'Cmp' <Latency = 0> <II = 1> <Delay = 1.73> <FuncUnit> <Opcode : 'seteq' 'setne' 'setle' 'setge' 'setlt' 'setgt'> <InPorts = 2> <OutPorts = 1>
ST_4 : Operation 205 [1/1] (0.00ns)   --->   "%zext_ln769 = zext i1 %enable" [V:/zybo_z7_imx219/zybo_z7_imx219.runs/design_1_v_demosaic_0_0_synth_1/prj/sol/.autopilot/db/v_demosaic.cpp:769->V:/zybo_z7_imx219/zybo_z7_imx219.runs/design_1_v_demosaic_0_0_synth_1/prj/sol/.autopilot/db/v_demosaic.cpp:1072]   --->   Operation 205 'zext' 'zext_ln769' <Predicate = (!icmp_ln633 & icmp_ln772)> <Delay = 0.00>
ST_4 : Operation 206 [1/1] (1.73ns)   --->   "%icmp_ln796 = icmp_ult  i10 %agdiff, i10 %agdiff_2" [V:/zybo_z7_imx219/zybo_z7_imx219.runs/design_1_v_demosaic_0_0_synth_1/prj/sol/.autopilot/db/v_demosaic.cpp:796->V:/zybo_z7_imx219/zybo_z7_imx219.runs/design_1_v_demosaic_0_0_synth_1/prj/sol/.autopilot/db/v_demosaic.cpp:1072]   --->   Operation 206 'icmp' 'icmp_ln796' <Predicate = (!icmp_ln633 & icmp_ln772)> <Delay = 1.73> <CoreInst = "Cmp">   --->   Core 9 'Cmp' <Latency = 0> <II = 1> <Delay = 1.73> <FuncUnit> <Opcode : 'seteq' 'setne' 'setle' 'setge' 'setlt' 'setgt'> <InPorts = 2> <OutPorts = 1>
ST_4 : Operation 207 [1/1] (0.00ns)   --->   "%or_ln = bitconcatenate i2 @_ssdm_op_BitConcatenate.i2.i1.i1, i1 1, i1 %enable" [V:/zybo_z7_imx219/zybo_z7_imx219.runs/design_1_v_demosaic_0_0_synth_1/prj/sol/.autopilot/db/v_demosaic.cpp:796->V:/zybo_z7_imx219/zybo_z7_imx219.runs/design_1_v_demosaic_0_0_synth_1/prj/sol/.autopilot/db/v_demosaic.cpp:1072]   --->   Operation 207 'bitconcatenate' 'or_ln' <Predicate = (!icmp_ln633 & icmp_ln772)> <Delay = 0.00>
ST_4 : Operation 208 [1/1] (0.99ns)   --->   "%enable_1 = select i1 %icmp_ln796, i2 %or_ln, i2 %zext_ln769" [V:/zybo_z7_imx219/zybo_z7_imx219.runs/design_1_v_demosaic_0_0_synth_1/prj/sol/.autopilot/db/v_demosaic.cpp:796->V:/zybo_z7_imx219/zybo_z7_imx219.runs/design_1_v_demosaic_0_0_synth_1/prj/sol/.autopilot/db/v_demosaic.cpp:1072]   --->   Operation 208 'select' 'enable_1' <Predicate = (!icmp_ln633 & icmp_ln772)> <Delay = 0.99> <CoreInst = "Sel">   --->   Core 73 'Sel' <Latency = 0> <II = 1> <Delay = 0.99> <FuncUnit> <Opcode : 'select'> <InPorts = 3> <OutPorts = 1>
ST_4 : Operation 209 [1/1] (0.00ns)   --->   "%zext_ln769_1 = zext i2 %enable_1" [V:/zybo_z7_imx219/zybo_z7_imx219.runs/design_1_v_demosaic_0_0_synth_1/prj/sol/.autopilot/db/v_demosaic.cpp:769->V:/zybo_z7_imx219/zybo_z7_imx219.runs/design_1_v_demosaic_0_0_synth_1/prj/sol/.autopilot/db/v_demosaic.cpp:1072]   --->   Operation 209 'zext' 'zext_ln769_1' <Predicate = (!icmp_ln633 & icmp_ln772)> <Delay = 0.00>
ST_4 : Operation 210 [1/1] (1.73ns)   --->   "%icmp_ln797 = icmp_ult  i10 %agdiff, i10 %agdiff_3" [V:/zybo_z7_imx219/zybo_z7_imx219.runs/design_1_v_demosaic_0_0_synth_1/prj/sol/.autopilot/db/v_demosaic.cpp:797->V:/zybo_z7_imx219/zybo_z7_imx219.runs/design_1_v_demosaic_0_0_synth_1/prj/sol/.autopilot/db/v_demosaic.cpp:1072]   --->   Operation 210 'icmp' 'icmp_ln797' <Predicate = (!icmp_ln633 & icmp_ln772)> <Delay = 1.73> <CoreInst = "Cmp">   --->   Core 9 'Cmp' <Latency = 0> <II = 1> <Delay = 1.73> <FuncUnit> <Opcode : 'seteq' 'setne' 'setle' 'setge' 'setlt' 'setgt'> <InPorts = 2> <OutPorts = 1>
ST_4 : Operation 211 [1/1] (0.00ns)   --->   "%enable_2 = bitconcatenate i3 @_ssdm_op_BitConcatenate.i3.i1.i2, i1 1, i2 %enable_1" [V:/zybo_z7_imx219/zybo_z7_imx219.runs/design_1_v_demosaic_0_0_synth_1/prj/sol/.autopilot/db/v_demosaic.cpp:797->V:/zybo_z7_imx219/zybo_z7_imx219.runs/design_1_v_demosaic_0_0_synth_1/prj/sol/.autopilot/db/v_demosaic.cpp:1072]   --->   Operation 211 'bitconcatenate' 'enable_2' <Predicate = (!icmp_ln633 & icmp_ln772)> <Delay = 0.00>
ST_4 : Operation 212 [1/1] (0.98ns)   --->   "%enable_3 = select i1 %icmp_ln797, i3 %enable_2, i3 %zext_ln769_1" [V:/zybo_z7_imx219/zybo_z7_imx219.runs/design_1_v_demosaic_0_0_synth_1/prj/sol/.autopilot/db/v_demosaic.cpp:797->V:/zybo_z7_imx219/zybo_z7_imx219.runs/design_1_v_demosaic_0_0_synth_1/prj/sol/.autopilot/db/v_demosaic.cpp:1072]   --->   Operation 212 'select' 'enable_3' <Predicate = (!icmp_ln633 & icmp_ln772)> <Delay = 0.98> <CoreInst = "Sel">   --->   Core 73 'Sel' <Latency = 0> <II = 1> <Delay = 0.98> <FuncUnit> <Opcode : 'select'> <InPorts = 3> <OutPorts = 1>
ST_4 : Operation 213 [1/1] (0.00ns)   --->   "%zext_ln769_2 = zext i3 %enable_3" [V:/zybo_z7_imx219/zybo_z7_imx219.runs/design_1_v_demosaic_0_0_synth_1/prj/sol/.autopilot/db/v_demosaic.cpp:769->V:/zybo_z7_imx219/zybo_z7_imx219.runs/design_1_v_demosaic_0_0_synth_1/prj/sol/.autopilot/db/v_demosaic.cpp:1072]   --->   Operation 213 'zext' 'zext_ln769_2' <Predicate = (!icmp_ln633 & icmp_ln772)> <Delay = 0.00>
ST_4 : Operation 214 [1/1] (1.73ns)   --->   "%icmp_ln798 = icmp_ult  i10 %agdiff_1, i10 %agdiff_2" [V:/zybo_z7_imx219/zybo_z7_imx219.runs/design_1_v_demosaic_0_0_synth_1/prj/sol/.autopilot/db/v_demosaic.cpp:798->V:/zybo_z7_imx219/zybo_z7_imx219.runs/design_1_v_demosaic_0_0_synth_1/prj/sol/.autopilot/db/v_demosaic.cpp:1072]   --->   Operation 214 'icmp' 'icmp_ln798' <Predicate = (!icmp_ln633 & icmp_ln772)> <Delay = 1.73> <CoreInst = "Cmp">   --->   Core 9 'Cmp' <Latency = 0> <II = 1> <Delay = 1.73> <FuncUnit> <Opcode : 'seteq' 'setne' 'setle' 'setge' 'setlt' 'setgt'> <InPorts = 2> <OutPorts = 1>
ST_4 : Operation 215 [1/1] (0.00ns)   --->   "%or_ln1 = bitconcatenate i4 @_ssdm_op_BitConcatenate.i4.i1.i3, i1 1, i3 %enable_3" [V:/zybo_z7_imx219/zybo_z7_imx219.runs/design_1_v_demosaic_0_0_synth_1/prj/sol/.autopilot/db/v_demosaic.cpp:798->V:/zybo_z7_imx219/zybo_z7_imx219.runs/design_1_v_demosaic_0_0_synth_1/prj/sol/.autopilot/db/v_demosaic.cpp:1072]   --->   Operation 215 'bitconcatenate' 'or_ln1' <Predicate = (!icmp_ln633 & icmp_ln772)> <Delay = 0.00>
ST_4 : Operation 216 [1/1] (1.02ns)   --->   "%enable_4 = select i1 %icmp_ln798, i4 %or_ln1, i4 %zext_ln769_2" [V:/zybo_z7_imx219/zybo_z7_imx219.runs/design_1_v_demosaic_0_0_synth_1/prj/sol/.autopilot/db/v_demosaic.cpp:798->V:/zybo_z7_imx219/zybo_z7_imx219.runs/design_1_v_demosaic_0_0_synth_1/prj/sol/.autopilot/db/v_demosaic.cpp:1072]   --->   Operation 216 'select' 'enable_4' <Predicate = (!icmp_ln633 & icmp_ln772)> <Delay = 1.02> <CoreInst = "Sel">   --->   Core 73 'Sel' <Latency = 0> <II = 1> <Delay = 1.02> <FuncUnit> <Opcode : 'select'> <InPorts = 3> <OutPorts = 1>
ST_4 : Operation 217 [1/1] (0.00ns)   --->   "%zext_ln769_3 = zext i4 %enable_4" [V:/zybo_z7_imx219/zybo_z7_imx219.runs/design_1_v_demosaic_0_0_synth_1/prj/sol/.autopilot/db/v_demosaic.cpp:769->V:/zybo_z7_imx219/zybo_z7_imx219.runs/design_1_v_demosaic_0_0_synth_1/prj/sol/.autopilot/db/v_demosaic.cpp:1072]   --->   Operation 217 'zext' 'zext_ln769_3' <Predicate = (!icmp_ln633 & icmp_ln772)> <Delay = 0.00>
ST_4 : Operation 218 [1/1] (1.73ns)   --->   "%icmp_ln799 = icmp_ult  i10 %agdiff_1, i10 %agdiff_3" [V:/zybo_z7_imx219/zybo_z7_imx219.runs/design_1_v_demosaic_0_0_synth_1/prj/sol/.autopilot/db/v_demosaic.cpp:799->V:/zybo_z7_imx219/zybo_z7_imx219.runs/design_1_v_demosaic_0_0_synth_1/prj/sol/.autopilot/db/v_demosaic.cpp:1072]   --->   Operation 218 'icmp' 'icmp_ln799' <Predicate = (!icmp_ln633 & icmp_ln772)> <Delay = 1.73> <CoreInst = "Cmp">   --->   Core 9 'Cmp' <Latency = 0> <II = 1> <Delay = 1.73> <FuncUnit> <Opcode : 'seteq' 'setne' 'setle' 'setge' 'setlt' 'setgt'> <InPorts = 2> <OutPorts = 1>
ST_4 : Operation 219 [1/1] (0.00ns)   --->   "%enable_5 = bitconcatenate i5 @_ssdm_op_BitConcatenate.i5.i1.i4, i1 1, i4 %enable_4" [V:/zybo_z7_imx219/zybo_z7_imx219.runs/design_1_v_demosaic_0_0_synth_1/prj/sol/.autopilot/db/v_demosaic.cpp:799->V:/zybo_z7_imx219/zybo_z7_imx219.runs/design_1_v_demosaic_0_0_synth_1/prj/sol/.autopilot/db/v_demosaic.cpp:1072]   --->   Operation 219 'bitconcatenate' 'enable_5' <Predicate = (!icmp_ln633 & icmp_ln772)> <Delay = 0.00>
ST_4 : Operation 220 [1/1] (1.21ns)   --->   "%enable_6 = select i1 %icmp_ln799, i5 %enable_5, i5 %zext_ln769_3" [V:/zybo_z7_imx219/zybo_z7_imx219.runs/design_1_v_demosaic_0_0_synth_1/prj/sol/.autopilot/db/v_demosaic.cpp:799->V:/zybo_z7_imx219/zybo_z7_imx219.runs/design_1_v_demosaic_0_0_synth_1/prj/sol/.autopilot/db/v_demosaic.cpp:1072]   --->   Operation 220 'select' 'enable_6' <Predicate = (!icmp_ln633 & icmp_ln772)> <Delay = 1.21> <CoreInst = "Sel">   --->   Core 73 'Sel' <Latency = 0> <II = 1> <Delay = 1.21> <FuncUnit> <Opcode : 'select'> <InPorts = 3> <OutPorts = 1>
ST_4 : Operation 221 [1/1] (0.00ns)   --->   "%zext_ln769_4 = zext i5 %enable_6" [V:/zybo_z7_imx219/zybo_z7_imx219.runs/design_1_v_demosaic_0_0_synth_1/prj/sol/.autopilot/db/v_demosaic.cpp:769->V:/zybo_z7_imx219/zybo_z7_imx219.runs/design_1_v_demosaic_0_0_synth_1/prj/sol/.autopilot/db/v_demosaic.cpp:1072]   --->   Operation 221 'zext' 'zext_ln769_4' <Predicate = (!icmp_ln633 & icmp_ln772)> <Delay = 0.00>
ST_4 : Operation 222 [1/1] (1.73ns)   --->   "%icmp_ln800 = icmp_ult  i10 %agdiff_2, i10 %agdiff_3" [V:/zybo_z7_imx219/zybo_z7_imx219.runs/design_1_v_demosaic_0_0_synth_1/prj/sol/.autopilot/db/v_demosaic.cpp:800->V:/zybo_z7_imx219/zybo_z7_imx219.runs/design_1_v_demosaic_0_0_synth_1/prj/sol/.autopilot/db/v_demosaic.cpp:1072]   --->   Operation 222 'icmp' 'icmp_ln800' <Predicate = (!icmp_ln633 & icmp_ln772)> <Delay = 1.73> <CoreInst = "Cmp">   --->   Core 9 'Cmp' <Latency = 0> <II = 1> <Delay = 1.73> <FuncUnit> <Opcode : 'seteq' 'setne' 'setle' 'setge' 'setlt' 'setgt'> <InPorts = 2> <OutPorts = 1>
ST_4 : Operation 223 [1/1] (0.00ns)   --->   "%or_ln2 = bitconcatenate i6 @_ssdm_op_BitConcatenate.i6.i1.i5, i1 1, i5 %enable_6" [V:/zybo_z7_imx219/zybo_z7_imx219.runs/design_1_v_demosaic_0_0_synth_1/prj/sol/.autopilot/db/v_demosaic.cpp:800->V:/zybo_z7_imx219/zybo_z7_imx219.runs/design_1_v_demosaic_0_0_synth_1/prj/sol/.autopilot/db/v_demosaic.cpp:1072]   --->   Operation 223 'bitconcatenate' 'or_ln2' <Predicate = (!icmp_ln633 & icmp_ln772)> <Delay = 0.00>
ST_4 : Operation 224 [1/1] (1.18ns)   --->   "%enable_7 = select i1 %icmp_ln800, i6 %or_ln2, i6 %zext_ln769_4" [V:/zybo_z7_imx219/zybo_z7_imx219.runs/design_1_v_demosaic_0_0_synth_1/prj/sol/.autopilot/db/v_demosaic.cpp:800->V:/zybo_z7_imx219/zybo_z7_imx219.runs/design_1_v_demosaic_0_0_synth_1/prj/sol/.autopilot/db/v_demosaic.cpp:1072]   --->   Operation 224 'select' 'enable_7' <Predicate = (!icmp_ln633 & icmp_ln772)> <Delay = 1.18> <CoreInst = "Sel">   --->   Core 73 'Sel' <Latency = 0> <II = 1> <Delay = 1.18> <FuncUnit> <Opcode : 'select'> <InPorts = 3> <OutPorts = 1>
ST_4 : Operation 225 [1/1] (0.00ns) (grouped into LUT with out node sub_ln817)   --->   "%select_ln817 = select i1 %red, i10 %upleft_2, i10 %upleft" [V:/zybo_z7_imx219/zybo_z7_imx219.runs/design_1_v_demosaic_0_0_synth_1/prj/sol/.autopilot/db/v_demosaic.cpp:817->V:/zybo_z7_imx219/zybo_z7_imx219.runs/design_1_v_demosaic_0_0_synth_1/prj/sol/.autopilot/db/v_demosaic.cpp:1072]   --->   Operation 225 'select' 'select_ln817' <Predicate = (!icmp_ln633 & icmp_ln772)> <Delay = 0.00> <CoreInst = "Sel">   --->   Core 73 'Sel' <Latency = 0> <II = 1> <Delay = 0.68> <FuncUnit> <Opcode : 'select'> <InPorts = 3> <OutPorts = 1>
ST_4 : Operation 226 [1/1] (0.00ns) (grouped into LUT with out node sub_ln817)   --->   "%zext_ln817 = zext i10 %select_ln817" [V:/zybo_z7_imx219/zybo_z7_imx219.runs/design_1_v_demosaic_0_0_synth_1/prj/sol/.autopilot/db/v_demosaic.cpp:817->V:/zybo_z7_imx219/zybo_z7_imx219.runs/design_1_v_demosaic_0_0_synth_1/prj/sol/.autopilot/db/v_demosaic.cpp:1072]   --->   Operation 226 'zext' 'zext_ln817' <Predicate = (!icmp_ln633 & icmp_ln772)> <Delay = 0.00>
ST_4 : Operation 227 [1/1] (1.73ns) (out node of the LUT)   --->   "%sub_ln817 = sub i11 %zext_ln790_1, i11 %zext_ln817" [V:/zybo_z7_imx219/zybo_z7_imx219.runs/design_1_v_demosaic_0_0_synth_1/prj/sol/.autopilot/db/v_demosaic.cpp:817->V:/zybo_z7_imx219/zybo_z7_imx219.runs/design_1_v_demosaic_0_0_synth_1/prj/sol/.autopilot/db/v_demosaic.cpp:1072]   --->   Operation 227 'sub' 'sub_ln817' <Predicate = (!icmp_ln633 & icmp_ln772)> <Delay = 1.73> <CoreInst = "Adder">   --->   Core 1 'Adder' <Latency = 0> <II = 1> <Delay = 1.73> <FuncUnit> <Opcode : 'add' 'sub'> <InPorts = 2> <OutPorts = 1>
ST_4 : Operation 228 [1/1] (0.00ns) (grouped into LUT with out node sub_ln818)   --->   "%select_ln818 = select i1 %red, i10 %downleft_2, i10 %downleft" [V:/zybo_z7_imx219/zybo_z7_imx219.runs/design_1_v_demosaic_0_0_synth_1/prj/sol/.autopilot/db/v_demosaic.cpp:818->V:/zybo_z7_imx219/zybo_z7_imx219.runs/design_1_v_demosaic_0_0_synth_1/prj/sol/.autopilot/db/v_demosaic.cpp:1072]   --->   Operation 228 'select' 'select_ln818' <Predicate = (!icmp_ln633 & icmp_ln772)> <Delay = 0.00> <CoreInst = "Sel">   --->   Core 73 'Sel' <Latency = 0> <II = 1> <Delay = 0.68> <FuncUnit> <Opcode : 'select'> <InPorts = 3> <OutPorts = 1>
ST_4 : Operation 229 [1/1] (0.00ns) (grouped into LUT with out node sub_ln818)   --->   "%zext_ln818 = zext i10 %select_ln818" [V:/zybo_z7_imx219/zybo_z7_imx219.runs/design_1_v_demosaic_0_0_synth_1/prj/sol/.autopilot/db/v_demosaic.cpp:818->V:/zybo_z7_imx219/zybo_z7_imx219.runs/design_1_v_demosaic_0_0_synth_1/prj/sol/.autopilot/db/v_demosaic.cpp:1072]   --->   Operation 229 'zext' 'zext_ln818' <Predicate = (!icmp_ln633 & icmp_ln772)> <Delay = 0.00>
ST_4 : Operation 230 [1/1] (1.73ns) (out node of the LUT)   --->   "%sub_ln818 = sub i11 %zext_ln791, i11 %zext_ln818" [V:/zybo_z7_imx219/zybo_z7_imx219.runs/design_1_v_demosaic_0_0_synth_1/prj/sol/.autopilot/db/v_demosaic.cpp:818->V:/zybo_z7_imx219/zybo_z7_imx219.runs/design_1_v_demosaic_0_0_synth_1/prj/sol/.autopilot/db/v_demosaic.cpp:1072]   --->   Operation 230 'sub' 'sub_ln818' <Predicate = (!icmp_ln633 & icmp_ln772)> <Delay = 1.73> <CoreInst = "Adder">   --->   Core 1 'Adder' <Latency = 0> <II = 1> <Delay = 1.73> <FuncUnit> <Opcode : 'add' 'sub'> <InPorts = 2> <OutPorts = 1>
ST_4 : Operation 231 [1/1] (1.58ns)   --->   "%store_ln710 = store i10 %p_0_0_0938_21453_i, i10 %p_0_0_0938_21452_i" [V:/zybo_z7_imx219/zybo_z7_imx219.runs/design_1_v_demosaic_0_0_synth_1/prj/sol/.autopilot/db/v_demosaic.cpp:710->V:/zybo_z7_imx219/zybo_z7_imx219.runs/design_1_v_demosaic_0_0_synth_1/prj/sol/.autopilot/db/v_demosaic.cpp:1072]   --->   Operation 231 'store' 'store_ln710' <Predicate = (!icmp_ln633)> <Delay = 1.58>
ST_4 : Operation 232 [1/1] (1.58ns)   --->   "%store_ln710 = store i10 %p_0_0_0940_21447_i, i10 %p_0_0_0940_21446_i" [V:/zybo_z7_imx219/zybo_z7_imx219.runs/design_1_v_demosaic_0_0_synth_1/prj/sol/.autopilot/db/v_demosaic.cpp:710->V:/zybo_z7_imx219/zybo_z7_imx219.runs/design_1_v_demosaic_0_0_synth_1/prj/sol/.autopilot/db/v_demosaic.cpp:1072]   --->   Operation 232 'store' 'store_ln710' <Predicate = (!icmp_ln633)> <Delay = 1.58>
ST_4 : Operation 233 [1/1] (1.58ns)   --->   "%store_ln710 = store i10 %p_0_0_09381423_i, i10 %p_0_0_09381422_i" [V:/zybo_z7_imx219/zybo_z7_imx219.runs/design_1_v_demosaic_0_0_synth_1/prj/sol/.autopilot/db/v_demosaic.cpp:710->V:/zybo_z7_imx219/zybo_z7_imx219.runs/design_1_v_demosaic_0_0_synth_1/prj/sol/.autopilot/db/v_demosaic.cpp:1072]   --->   Operation 233 'store' 'store_ln710' <Predicate = (!icmp_ln633)> <Delay = 1.58>
ST_4 : Operation 234 [1/1] (1.58ns)   --->   "%store_ln710 = store i10 %p_0_0_09401417_i, i10 %p_0_0_09401416_i" [V:/zybo_z7_imx219/zybo_z7_imx219.runs/design_1_v_demosaic_0_0_synth_1/prj/sol/.autopilot/db/v_demosaic.cpp:710->V:/zybo_z7_imx219/zybo_z7_imx219.runs/design_1_v_demosaic_0_0_synth_1/prj/sol/.autopilot/db/v_demosaic.cpp:1072]   --->   Operation 234 'store' 'store_ln710' <Predicate = (!icmp_ln633)> <Delay = 1.58>
ST_4 : Operation 235 [1/1] (0.00ns)   --->   "%br_ln633 = br void %for.body14.i" [V:/zybo_z7_imx219/zybo_z7_imx219.runs/design_1_v_demosaic_0_0_synth_1/prj/sol/.autopilot/db/v_demosaic.cpp:633->V:/zybo_z7_imx219/zybo_z7_imx219.runs/design_1_v_demosaic_0_0_synth_1/prj/sol/.autopilot/db/v_demosaic.cpp:1072]   --->   Operation 235 'br' 'br_ln633' <Predicate = (!icmp_ln633)> <Delay = 0.00>

State 5 <SV = 4> <Delay = 6.59>
ST_5 : Operation 236 [1/1] (0.00ns)   --->   "%pix_4 = phi i10 %select_ln710_2, void %VITIS_LOOP_693_11.i, i10 %p_0_0_0938_115131524_i_load, void %for.body14.split.i" [V:/zybo_z7_imx219/zybo_z7_imx219.runs/design_1_v_demosaic_0_0_synth_1/prj/sol/.autopilot/db/v_demosaic.cpp:710->V:/zybo_z7_imx219/zybo_z7_imx219.runs/design_1_v_demosaic_0_0_synth_1/prj/sol/.autopilot/db/v_demosaic.cpp:1072]   --->   Operation 236 'phi' 'pix_4' <Predicate = (!icmp_ln633)> <Delay = 0.00>
ST_5 : Operation 237 [1/1] (0.00ns)   --->   "%pix = phi i10 %select_ln710, void %VITIS_LOOP_693_11.i, i10 %p_0_0_0940_115091520_i_load, void %for.body14.split.i" [V:/zybo_z7_imx219/zybo_z7_imx219.runs/design_1_v_demosaic_0_0_synth_1/prj/sol/.autopilot/db/v_demosaic.cpp:710->V:/zybo_z7_imx219/zybo_z7_imx219.runs/design_1_v_demosaic_0_0_synth_1/prj/sol/.autopilot/db/v_demosaic.cpp:1072]   --->   Operation 237 'phi' 'pix' <Predicate = (!icmp_ln633)> <Delay = 0.00>
ST_5 : Operation 238 [1/1] (1.82ns)   --->   "%switch_ln802 = switch i6 %enable_7, void %sw.epilog.i, i6 30, void %sw.bb.i, i6 31, void %sw.bb.i, i6 62, void %sw.bb.i, i6 63, void %sw.bb.i, i6 37, void %sw.bb421.i, i6 39, void %sw.bb421.i, i6 53, void %sw.bb421.i, i6 55, void %sw.bb421.i, i6 3, void %sw.bb430.i, i6 7, void %sw.bb430.i, i6 11, void %sw.bb430.i, i6 15, void %sw.bb430.i, i6 48, void %sw.bb439.i, i6 52, void %sw.bb439.i, i6 56, void %sw.bb439.i, i6 60, void %sw.bb439.i, i6 8, void %sw.bb448.i, i6 10, void %sw.bb448.i, i6 24, void %sw.bb448.i, i6 26, void %sw.bb448.i, i6 0, void %sw.bb457.i, i6 1, void %sw.bb457.i, i6 32, void %sw.bb457.i, i6 33, void %sw.bb457.i" [V:/zybo_z7_imx219/zybo_z7_imx219.runs/design_1_v_demosaic_0_0_synth_1/prj/sol/.autopilot/db/v_demosaic.cpp:802->V:/zybo_z7_imx219/zybo_z7_imx219.runs/design_1_v_demosaic_0_0_synth_1/prj/sol/.autopilot/db/v_demosaic.cpp:1072]   --->   Operation 238 'switch' 'switch_ln802' <Predicate = (!icmp_ln633 & icmp_ln772)> <Delay = 1.82>
ST_5 : Operation 239 [1/1] (1.58ns)   --->   "%br_ln814 = br void %sw.epilog.i" [V:/zybo_z7_imx219/zybo_z7_imx219.runs/design_1_v_demosaic_0_0_synth_1/prj/sol/.autopilot/db/v_demosaic.cpp:814->V:/zybo_z7_imx219/zybo_z7_imx219.runs/design_1_v_demosaic_0_0_synth_1/prj/sol/.autopilot/db/v_demosaic.cpp:1072]   --->   Operation 239 'br' 'br_ln814' <Predicate = (!icmp_ln633 & icmp_ln772 & enable_7 == 33) | (!icmp_ln633 & icmp_ln772 & enable_7 == 32) | (!icmp_ln633 & icmp_ln772 & enable_7 == 1) | (!icmp_ln633 & icmp_ln772 & enable_7 == 0)> <Delay = 1.58>
ST_5 : Operation 240 [1/1] (1.58ns)   --->   "%br_ln812 = br void %sw.epilog.i" [V:/zybo_z7_imx219/zybo_z7_imx219.runs/design_1_v_demosaic_0_0_synth_1/prj/sol/.autopilot/db/v_demosaic.cpp:812->V:/zybo_z7_imx219/zybo_z7_imx219.runs/design_1_v_demosaic_0_0_synth_1/prj/sol/.autopilot/db/v_demosaic.cpp:1072]   --->   Operation 240 'br' 'br_ln812' <Predicate = (!icmp_ln633 & icmp_ln772 & enable_7 == 26) | (!icmp_ln633 & icmp_ln772 & enable_7 == 24) | (!icmp_ln633 & icmp_ln772 & enable_7 == 10) | (!icmp_ln633 & icmp_ln772 & enable_7 == 8)> <Delay = 1.58>
ST_5 : Operation 241 [1/1] (1.58ns)   --->   "%br_ln810 = br void %sw.epilog.i" [V:/zybo_z7_imx219/zybo_z7_imx219.runs/design_1_v_demosaic_0_0_synth_1/prj/sol/.autopilot/db/v_demosaic.cpp:810->V:/zybo_z7_imx219/zybo_z7_imx219.runs/design_1_v_demosaic_0_0_synth_1/prj/sol/.autopilot/db/v_demosaic.cpp:1072]   --->   Operation 241 'br' 'br_ln810' <Predicate = (!icmp_ln633 & icmp_ln772 & enable_7 == 60) | (!icmp_ln633 & icmp_ln772 & enable_7 == 56) | (!icmp_ln633 & icmp_ln772 & enable_7 == 52) | (!icmp_ln633 & icmp_ln772 & enable_7 == 48)> <Delay = 1.58>
ST_5 : Operation 242 [1/1] (1.58ns)   --->   "%br_ln808 = br void %sw.epilog.i" [V:/zybo_z7_imx219/zybo_z7_imx219.runs/design_1_v_demosaic_0_0_synth_1/prj/sol/.autopilot/db/v_demosaic.cpp:808->V:/zybo_z7_imx219/zybo_z7_imx219.runs/design_1_v_demosaic_0_0_synth_1/prj/sol/.autopilot/db/v_demosaic.cpp:1072]   --->   Operation 242 'br' 'br_ln808' <Predicate = (!icmp_ln633 & icmp_ln772 & enable_7 == 15) | (!icmp_ln633 & icmp_ln772 & enable_7 == 11) | (!icmp_ln633 & icmp_ln772 & enable_7 == 7) | (!icmp_ln633 & icmp_ln772 & enable_7 == 3)> <Delay = 1.58>
ST_5 : Operation 243 [1/1] (1.58ns)   --->   "%br_ln806 = br void %sw.epilog.i" [V:/zybo_z7_imx219/zybo_z7_imx219.runs/design_1_v_demosaic_0_0_synth_1/prj/sol/.autopilot/db/v_demosaic.cpp:806->V:/zybo_z7_imx219/zybo_z7_imx219.runs/design_1_v_demosaic_0_0_synth_1/prj/sol/.autopilot/db/v_demosaic.cpp:1072]   --->   Operation 243 'br' 'br_ln806' <Predicate = (!icmp_ln633 & icmp_ln772 & enable_7 == 55) | (!icmp_ln633 & icmp_ln772 & enable_7 == 53) | (!icmp_ln633 & icmp_ln772 & enable_7 == 39) | (!icmp_ln633 & icmp_ln772 & enable_7 == 37)> <Delay = 1.58>
ST_5 : Operation 244 [1/1] (1.58ns)   --->   "%br_ln804 = br void %sw.epilog.i" [V:/zybo_z7_imx219/zybo_z7_imx219.runs/design_1_v_demosaic_0_0_synth_1/prj/sol/.autopilot/db/v_demosaic.cpp:804->V:/zybo_z7_imx219/zybo_z7_imx219.runs/design_1_v_demosaic_0_0_synth_1/prj/sol/.autopilot/db/v_demosaic.cpp:1072]   --->   Operation 244 'br' 'br_ln804' <Predicate = (!icmp_ln633 & icmp_ln772 & enable_7 == 63) | (!icmp_ln633 & icmp_ln772 & enable_7 == 62) | (!icmp_ln633 & icmp_ln772 & enable_7 == 31) | (!icmp_ln633 & icmp_ln772 & enable_7 == 30)> <Delay = 1.58>
ST_5 : Operation 245 [1/1] (0.00ns) (grouped into LUT with out node add_ln820_1)   --->   "%en_rgd_3 = phi i1 1, void %sw.bb457.i, i1 1, void %sw.bb448.i, i1 0, void %sw.bb439.i, i1 1, void %sw.bb430.i, i1 0, void %sw.bb421.i, i1 0, void %sw.bb.i, i1 0, void %if.then316.i"   --->   Operation 245 'phi' 'en_rgd_3' <Predicate = (!icmp_ln633 & icmp_ln772)> <Delay = 0.00>
ST_5 : Operation 246 [1/1] (0.00ns) (grouped into LUT with out node add_ln820_1)   --->   "%en_rgd_2 = phi i1 1, void %sw.bb457.i, i1 0, void %sw.bb448.i, i1 1, void %sw.bb439.i, i1 0, void %sw.bb430.i, i1 1, void %sw.bb421.i, i1 0, void %sw.bb.i, i1 0, void %if.then316.i"   --->   Operation 246 'phi' 'en_rgd_2' <Predicate = (!icmp_ln633 & icmp_ln772)> <Delay = 0.00>
ST_5 : Operation 247 [1/1] (0.00ns) (grouped into LUT with out node add_ln817)   --->   "%en_rgd_1 = phi i1 0, void %sw.bb457.i, i1 1, void %sw.bb448.i, i1 1, void %sw.bb439.i, i1 0, void %sw.bb430.i, i1 0, void %sw.bb421.i, i1 1, void %sw.bb.i, i1 0, void %if.then316.i"   --->   Operation 247 'phi' 'en_rgd_1' <Predicate = (!icmp_ln633 & icmp_ln772)> <Delay = 0.00>
ST_5 : Operation 248 [1/1] (0.00ns) (grouped into LUT with out node add_ln817)   --->   "%en_rgd = phi i1 0, void %sw.bb457.i, i1 0, void %sw.bb448.i, i1 0, void %sw.bb439.i, i1 1, void %sw.bb430.i, i1 1, void %sw.bb421.i, i1 1, void %sw.bb.i, i1 0, void %if.then316.i"   --->   Operation 248 'phi' 'en_rgd' <Predicate = (!icmp_ln633 & icmp_ln772)> <Delay = 0.00>
ST_5 : Operation 249 [1/1] (0.00ns)   --->   "%p_0_0_0_0_09131515_i_load_1 = load i10 %p_0_0_0_0_09131515_i" [V:/zybo_z7_imx219/zybo_z7_imx219.runs/design_1_v_demosaic_0_0_synth_1/prj/sol/.autopilot/db/v_demosaic.cpp:819->V:/zybo_z7_imx219/zybo_z7_imx219.runs/design_1_v_demosaic_0_0_synth_1/prj/sol/.autopilot/db/v_demosaic.cpp:1072]   --->   Operation 249 'load' 'p_0_0_0_0_09131515_i_load_1' <Predicate = (!icmp_ln633 & icmp_ln772 & !red)> <Delay = 0.00>
ST_5 : Operation 250 [1/1] (0.00ns)   --->   "%p_0_2_0_0_09151519_i_load_1 = load i10 %p_0_2_0_0_09151519_i" [V:/zybo_z7_imx219/zybo_z7_imx219.runs/design_1_v_demosaic_0_0_synth_1/prj/sol/.autopilot/db/v_demosaic.cpp:819->V:/zybo_z7_imx219/zybo_z7_imx219.runs/design_1_v_demosaic_0_0_synth_1/prj/sol/.autopilot/db/v_demosaic.cpp:1072]   --->   Operation 250 'load' 'p_0_2_0_0_09151519_i_load_1' <Predicate = (!icmp_ln633 & icmp_ln772 & red)> <Delay = 0.00>
ST_5 : Operation 251 [1/1] (0.00ns)   --->   "%p_0_0_0_0_09071527_i_load_1 = load i10 %p_0_0_0_0_09071527_i" [V:/zybo_z7_imx219/zybo_z7_imx219.runs/design_1_v_demosaic_0_0_synth_1/prj/sol/.autopilot/db/v_demosaic.cpp:820->V:/zybo_z7_imx219/zybo_z7_imx219.runs/design_1_v_demosaic_0_0_synth_1/prj/sol/.autopilot/db/v_demosaic.cpp:1072]   --->   Operation 251 'load' 'p_0_0_0_0_09071527_i_load_1' <Predicate = (!icmp_ln633 & icmp_ln772 & !red)> <Delay = 0.00>
ST_5 : Operation 252 [1/1] (0.00ns)   --->   "%p_0_2_0_0_09091531_i_load_1 = load i10 %p_0_2_0_0_09091531_i" [V:/zybo_z7_imx219/zybo_z7_imx219.runs/design_1_v_demosaic_0_0_synth_1/prj/sol/.autopilot/db/v_demosaic.cpp:820->V:/zybo_z7_imx219/zybo_z7_imx219.runs/design_1_v_demosaic_0_0_synth_1/prj/sol/.autopilot/db/v_demosaic.cpp:1072]   --->   Operation 252 'load' 'p_0_2_0_0_09091531_i_load_1' <Predicate = (!icmp_ln633 & icmp_ln772 & red)> <Delay = 0.00>
ST_5 : Operation 253 [1/1] (0.00ns) (grouped into LUT with out node add_ln817)   --->   "%select_ln817_1 = select i1 %en_rgd, i11 2047, i11 0" [V:/zybo_z7_imx219/zybo_z7_imx219.runs/design_1_v_demosaic_0_0_synth_1/prj/sol/.autopilot/db/v_demosaic.cpp:817->V:/zybo_z7_imx219/zybo_z7_imx219.runs/design_1_v_demosaic_0_0_synth_1/prj/sol/.autopilot/db/v_demosaic.cpp:1072]   --->   Operation 253 'select' 'select_ln817_1' <Predicate = (!icmp_ln633 & icmp_ln772)> <Delay = 0.00> <CoreInst = "Sel">   --->   Core 73 'Sel' <Latency = 0> <II = 1> <Delay = 0.99> <FuncUnit> <Opcode : 'select'> <InPorts = 3> <OutPorts = 1>
ST_5 : Operation 254 [1/1] (0.00ns) (grouped into LUT with out node add_ln817)   --->   "%and_ln817 = and i11 %sub_ln817, i11 %select_ln817_1" [V:/zybo_z7_imx219/zybo_z7_imx219.runs/design_1_v_demosaic_0_0_synth_1/prj/sol/.autopilot/db/v_demosaic.cpp:817->V:/zybo_z7_imx219/zybo_z7_imx219.runs/design_1_v_demosaic_0_0_synth_1/prj/sol/.autopilot/db/v_demosaic.cpp:1072]   --->   Operation 254 'and' 'and_ln817' <Predicate = (!icmp_ln633 & icmp_ln772)> <Delay = 0.00> <CoreInst = "LogicGate">   --->   Core 74 'LogicGate' <Latency = 0> <II = 1> <Delay = 0.99> <FuncUnit> <Opcode : 'and' 'or' 'xor'> <InPorts = 2> <OutPorts = 1>
ST_5 : Operation 255 [1/1] (0.00ns) (grouped into LUT with out node add_ln817)   --->   "%sext_ln818 = sext i11 %and_ln817" [V:/zybo_z7_imx219/zybo_z7_imx219.runs/design_1_v_demosaic_0_0_synth_1/prj/sol/.autopilot/db/v_demosaic.cpp:818->V:/zybo_z7_imx219/zybo_z7_imx219.runs/design_1_v_demosaic_0_0_synth_1/prj/sol/.autopilot/db/v_demosaic.cpp:1072]   --->   Operation 255 'sext' 'sext_ln818' <Predicate = (!icmp_ln633 & icmp_ln772)> <Delay = 0.00>
ST_5 : Operation 256 [1/1] (0.00ns) (grouped into LUT with out node add_ln817)   --->   "%select_ln818_1 = select i1 %en_rgd_1, i11 2047, i11 0" [V:/zybo_z7_imx219/zybo_z7_imx219.runs/design_1_v_demosaic_0_0_synth_1/prj/sol/.autopilot/db/v_demosaic.cpp:818->V:/zybo_z7_imx219/zybo_z7_imx219.runs/design_1_v_demosaic_0_0_synth_1/prj/sol/.autopilot/db/v_demosaic.cpp:1072]   --->   Operation 256 'select' 'select_ln818_1' <Predicate = (!icmp_ln633 & icmp_ln772)> <Delay = 0.00> <CoreInst = "Sel">   --->   Core 73 'Sel' <Latency = 0> <II = 1> <Delay = 0.99> <FuncUnit> <Opcode : 'select'> <InPorts = 3> <OutPorts = 1>
ST_5 : Operation 257 [1/1] (0.00ns) (grouped into LUT with out node add_ln817)   --->   "%and_ln818 = and i11 %sub_ln818, i11 %select_ln818_1" [V:/zybo_z7_imx219/zybo_z7_imx219.runs/design_1_v_demosaic_0_0_synth_1/prj/sol/.autopilot/db/v_demosaic.cpp:818->V:/zybo_z7_imx219/zybo_z7_imx219.runs/design_1_v_demosaic_0_0_synth_1/prj/sol/.autopilot/db/v_demosaic.cpp:1072]   --->   Operation 257 'and' 'and_ln818' <Predicate = (!icmp_ln633 & icmp_ln772)> <Delay = 0.00> <CoreInst = "LogicGate">   --->   Core 74 'LogicGate' <Latency = 0> <II = 1> <Delay = 0.99> <FuncUnit> <Opcode : 'and' 'or' 'xor'> <InPorts = 2> <OutPorts = 1>
ST_5 : Operation 258 [1/1] (0.00ns) (grouped into LUT with out node add_ln817)   --->   "%sext_ln817 = sext i11 %and_ln818" [V:/zybo_z7_imx219/zybo_z7_imx219.runs/design_1_v_demosaic_0_0_synth_1/prj/sol/.autopilot/db/v_demosaic.cpp:817->V:/zybo_z7_imx219/zybo_z7_imx219.runs/design_1_v_demosaic_0_0_synth_1/prj/sol/.autopilot/db/v_demosaic.cpp:1072]   --->   Operation 258 'sext' 'sext_ln817' <Predicate = (!icmp_ln633 & icmp_ln772)> <Delay = 0.00>
ST_5 : Operation 259 [1/1] (1.63ns) (out node of the LUT)   --->   "%add_ln817 = add i12 %sext_ln817, i12 %sext_ln818" [V:/zybo_z7_imx219/zybo_z7_imx219.runs/design_1_v_demosaic_0_0_synth_1/prj/sol/.autopilot/db/v_demosaic.cpp:817->V:/zybo_z7_imx219/zybo_z7_imx219.runs/design_1_v_demosaic_0_0_synth_1/prj/sol/.autopilot/db/v_demosaic.cpp:1072]   --->   Operation 259 'add' 'add_ln817' <Predicate = (!icmp_ln633 & icmp_ln772)> <Delay = 1.63> <CoreInst = "Adder">   --->   Core 1 'Adder' <Latency = 0> <II = 1> <Delay = 1.63> <FuncUnit> <Opcode : 'add' 'sub'> <InPorts = 2> <OutPorts = 1>
ST_5 : Operation 260 [1/1] (0.00ns) (grouped into LUT with out node sub_ln819)   --->   "%select_ln819 = select i1 %red, i10 %p_0_2_0_0_09151519_i_load_1, i10 %p_0_0_0_0_09131515_i_load_1" [V:/zybo_z7_imx219/zybo_z7_imx219.runs/design_1_v_demosaic_0_0_synth_1/prj/sol/.autopilot/db/v_demosaic.cpp:819->V:/zybo_z7_imx219/zybo_z7_imx219.runs/design_1_v_demosaic_0_0_synth_1/prj/sol/.autopilot/db/v_demosaic.cpp:1072]   --->   Operation 260 'select' 'select_ln819' <Predicate = (!icmp_ln633 & icmp_ln772)> <Delay = 0.00> <CoreInst = "Sel">   --->   Core 73 'Sel' <Latency = 0> <II = 1> <Delay = 0.68> <FuncUnit> <Opcode : 'select'> <InPorts = 3> <OutPorts = 1>
ST_5 : Operation 261 [1/1] (0.00ns) (grouped into LUT with out node sub_ln819)   --->   "%zext_ln819 = zext i10 %select_ln819" [V:/zybo_z7_imx219/zybo_z7_imx219.runs/design_1_v_demosaic_0_0_synth_1/prj/sol/.autopilot/db/v_demosaic.cpp:819->V:/zybo_z7_imx219/zybo_z7_imx219.runs/design_1_v_demosaic_0_0_synth_1/prj/sol/.autopilot/db/v_demosaic.cpp:1072]   --->   Operation 261 'zext' 'zext_ln819' <Predicate = (!icmp_ln633 & icmp_ln772)> <Delay = 0.00>
ST_5 : Operation 262 [1/1] (1.73ns) (out node of the LUT)   --->   "%sub_ln819 = sub i11 %zext_ln792, i11 %zext_ln819" [V:/zybo_z7_imx219/zybo_z7_imx219.runs/design_1_v_demosaic_0_0_synth_1/prj/sol/.autopilot/db/v_demosaic.cpp:819->V:/zybo_z7_imx219/zybo_z7_imx219.runs/design_1_v_demosaic_0_0_synth_1/prj/sol/.autopilot/db/v_demosaic.cpp:1072]   --->   Operation 262 'sub' 'sub_ln819' <Predicate = (!icmp_ln633 & icmp_ln772)> <Delay = 1.73> <CoreInst = "Adder">   --->   Core 1 'Adder' <Latency = 0> <II = 1> <Delay = 1.73> <FuncUnit> <Opcode : 'add' 'sub'> <InPorts = 2> <OutPorts = 1>
ST_5 : Operation 263 [1/1] (0.00ns) (grouped into LUT with out node add_ln820_1)   --->   "%select_ln819_1 = select i1 %en_rgd_2, i11 2047, i11 0" [V:/zybo_z7_imx219/zybo_z7_imx219.runs/design_1_v_demosaic_0_0_synth_1/prj/sol/.autopilot/db/v_demosaic.cpp:819->V:/zybo_z7_imx219/zybo_z7_imx219.runs/design_1_v_demosaic_0_0_synth_1/prj/sol/.autopilot/db/v_demosaic.cpp:1072]   --->   Operation 263 'select' 'select_ln819_1' <Predicate = (!icmp_ln633 & icmp_ln772)> <Delay = 0.00> <CoreInst = "Sel">   --->   Core 73 'Sel' <Latency = 0> <II = 1> <Delay = 0.99> <FuncUnit> <Opcode : 'select'> <InPorts = 3> <OutPorts = 1>
ST_5 : Operation 264 [1/1] (0.00ns) (grouped into LUT with out node add_ln820_1)   --->   "%and_ln819 = and i11 %sub_ln819, i11 %select_ln819_1" [V:/zybo_z7_imx219/zybo_z7_imx219.runs/design_1_v_demosaic_0_0_synth_1/prj/sol/.autopilot/db/v_demosaic.cpp:819->V:/zybo_z7_imx219/zybo_z7_imx219.runs/design_1_v_demosaic_0_0_synth_1/prj/sol/.autopilot/db/v_demosaic.cpp:1072]   --->   Operation 264 'and' 'and_ln819' <Predicate = (!icmp_ln633 & icmp_ln772)> <Delay = 0.00> <CoreInst = "LogicGate">   --->   Core 74 'LogicGate' <Latency = 0> <II = 1> <Delay = 0.99> <FuncUnit> <Opcode : 'and' 'or' 'xor'> <InPorts = 2> <OutPorts = 1>
ST_5 : Operation 265 [1/1] (0.00ns)   --->   "%sext_ln818_1 = sext i12 %add_ln817" [V:/zybo_z7_imx219/zybo_z7_imx219.runs/design_1_v_demosaic_0_0_synth_1/prj/sol/.autopilot/db/v_demosaic.cpp:818->V:/zybo_z7_imx219/zybo_z7_imx219.runs/design_1_v_demosaic_0_0_synth_1/prj/sol/.autopilot/db/v_demosaic.cpp:1072]   --->   Operation 265 'sext' 'sext_ln818_1' <Predicate = (!icmp_ln633 & icmp_ln772)> <Delay = 0.00>
ST_5 : Operation 266 [1/1] (0.00ns) (grouped into LUT with out node add_ln820_1)   --->   "%sext_ln820_1 = sext i11 %and_ln819" [V:/zybo_z7_imx219/zybo_z7_imx219.runs/design_1_v_demosaic_0_0_synth_1/prj/sol/.autopilot/db/v_demosaic.cpp:820->V:/zybo_z7_imx219/zybo_z7_imx219.runs/design_1_v_demosaic_0_0_synth_1/prj/sol/.autopilot/db/v_demosaic.cpp:1072]   --->   Operation 266 'sext' 'sext_ln820_1' <Predicate = (!icmp_ln633 & icmp_ln772)> <Delay = 0.00>
ST_5 : Operation 267 [1/1] (0.00ns) (grouped into LUT with out node sub_ln820)   --->   "%select_ln820 = select i1 %red, i10 %p_0_2_0_0_09091531_i_load_1, i10 %p_0_0_0_0_09071527_i_load_1" [V:/zybo_z7_imx219/zybo_z7_imx219.runs/design_1_v_demosaic_0_0_synth_1/prj/sol/.autopilot/db/v_demosaic.cpp:820->V:/zybo_z7_imx219/zybo_z7_imx219.runs/design_1_v_demosaic_0_0_synth_1/prj/sol/.autopilot/db/v_demosaic.cpp:1072]   --->   Operation 267 'select' 'select_ln820' <Predicate = (!icmp_ln633 & icmp_ln772)> <Delay = 0.00> <CoreInst = "Sel">   --->   Core 73 'Sel' <Latency = 0> <II = 1> <Delay = 0.68> <FuncUnit> <Opcode : 'select'> <InPorts = 3> <OutPorts = 1>
ST_5 : Operation 268 [1/1] (0.00ns) (grouped into LUT with out node sub_ln820)   --->   "%zext_ln820 = zext i10 %select_ln820" [V:/zybo_z7_imx219/zybo_z7_imx219.runs/design_1_v_demosaic_0_0_synth_1/prj/sol/.autopilot/db/v_demosaic.cpp:820->V:/zybo_z7_imx219/zybo_z7_imx219.runs/design_1_v_demosaic_0_0_synth_1/prj/sol/.autopilot/db/v_demosaic.cpp:1072]   --->   Operation 268 'zext' 'zext_ln820' <Predicate = (!icmp_ln633 & icmp_ln772)> <Delay = 0.00>
ST_5 : Operation 269 [1/1] (1.73ns) (out node of the LUT)   --->   "%sub_ln820 = sub i11 %zext_ln793, i11 %zext_ln820" [V:/zybo_z7_imx219/zybo_z7_imx219.runs/design_1_v_demosaic_0_0_synth_1/prj/sol/.autopilot/db/v_demosaic.cpp:820->V:/zybo_z7_imx219/zybo_z7_imx219.runs/design_1_v_demosaic_0_0_synth_1/prj/sol/.autopilot/db/v_demosaic.cpp:1072]   --->   Operation 269 'sub' 'sub_ln820' <Predicate = (!icmp_ln633 & icmp_ln772)> <Delay = 1.73> <CoreInst = "Adder">   --->   Core 1 'Adder' <Latency = 0> <II = 1> <Delay = 1.73> <FuncUnit> <Opcode : 'add' 'sub'> <InPorts = 2> <OutPorts = 1>
ST_5 : Operation 270 [1/1] (0.00ns) (grouped into LUT with out node add_ln820_1)   --->   "%select_ln820_2 = select i1 %en_rgd_3, i11 2047, i11 0" [V:/zybo_z7_imx219/zybo_z7_imx219.runs/design_1_v_demosaic_0_0_synth_1/prj/sol/.autopilot/db/v_demosaic.cpp:820->V:/zybo_z7_imx219/zybo_z7_imx219.runs/design_1_v_demosaic_0_0_synth_1/prj/sol/.autopilot/db/v_demosaic.cpp:1072]   --->   Operation 270 'select' 'select_ln820_2' <Predicate = (!icmp_ln633 & icmp_ln772)> <Delay = 0.00> <CoreInst = "Sel">   --->   Core 73 'Sel' <Latency = 0> <II = 1> <Delay = 0.99> <FuncUnit> <Opcode : 'select'> <InPorts = 3> <OutPorts = 1>
ST_5 : Operation 271 [1/1] (0.00ns) (grouped into LUT with out node add_ln820_1)   --->   "%and_ln820 = and i11 %sub_ln820, i11 %select_ln820_2" [V:/zybo_z7_imx219/zybo_z7_imx219.runs/design_1_v_demosaic_0_0_synth_1/prj/sol/.autopilot/db/v_demosaic.cpp:820->V:/zybo_z7_imx219/zybo_z7_imx219.runs/design_1_v_demosaic_0_0_synth_1/prj/sol/.autopilot/db/v_demosaic.cpp:1072]   --->   Operation 271 'and' 'and_ln820' <Predicate = (!icmp_ln633 & icmp_ln772)> <Delay = 0.00> <CoreInst = "LogicGate">   --->   Core 74 'LogicGate' <Latency = 0> <II = 1> <Delay = 0.99> <FuncUnit> <Opcode : 'and' 'or' 'xor'> <InPorts = 2> <OutPorts = 1>
ST_5 : Operation 272 [1/1] (0.00ns) (grouped into LUT with out node add_ln820_1)   --->   "%sext_ln820 = sext i11 %and_ln820" [V:/zybo_z7_imx219/zybo_z7_imx219.runs/design_1_v_demosaic_0_0_synth_1/prj/sol/.autopilot/db/v_demosaic.cpp:820->V:/zybo_z7_imx219/zybo_z7_imx219.runs/design_1_v_demosaic_0_0_synth_1/prj/sol/.autopilot/db/v_demosaic.cpp:1072]   --->   Operation 272 'sext' 'sext_ln820' <Predicate = (!icmp_ln633 & icmp_ln772)> <Delay = 0.00>
ST_5 : Operation 273 [1/1] (1.63ns) (out node of the LUT)   --->   "%add_ln820_1 = add i12 %sext_ln820_1, i12 %sext_ln820" [V:/zybo_z7_imx219/zybo_z7_imx219.runs/design_1_v_demosaic_0_0_synth_1/prj/sol/.autopilot/db/v_demosaic.cpp:820->V:/zybo_z7_imx219/zybo_z7_imx219.runs/design_1_v_demosaic_0_0_synth_1/prj/sol/.autopilot/db/v_demosaic.cpp:1072]   --->   Operation 273 'add' 'add_ln820_1' <Predicate = (!icmp_ln633 & icmp_ln772)> <Delay = 1.63> <CoreInst = "Adder">   --->   Core 1 'Adder' <Latency = 0> <II = 1> <Delay = 1.63> <FuncUnit> <Opcode : 'add' 'sub'> <InPorts = 2> <OutPorts = 1>
ST_5 : Operation 274 [1/1] (0.00ns)   --->   "%sext_ln820_2 = sext i12 %add_ln820_1" [V:/zybo_z7_imx219/zybo_z7_imx219.runs/design_1_v_demosaic_0_0_synth_1/prj/sol/.autopilot/db/v_demosaic.cpp:820->V:/zybo_z7_imx219/zybo_z7_imx219.runs/design_1_v_demosaic_0_0_synth_1/prj/sol/.autopilot/db/v_demosaic.cpp:1072]   --->   Operation 274 'sext' 'sext_ln820_2' <Predicate = (!icmp_ln633 & icmp_ln772)> <Delay = 0.00>
ST_5 : Operation 275 [1/1] (1.54ns)   --->   "%add_ln820 = add i13 %sext_ln820_2, i13 %sext_ln818_1" [V:/zybo_z7_imx219/zybo_z7_imx219.runs/design_1_v_demosaic_0_0_synth_1/prj/sol/.autopilot/db/v_demosaic.cpp:820->V:/zybo_z7_imx219/zybo_z7_imx219.runs/design_1_v_demosaic_0_0_synth_1/prj/sol/.autopilot/db/v_demosaic.cpp:1072]   --->   Operation 275 'add' 'add_ln820' <Predicate = (!icmp_ln633 & icmp_ln772)> <Delay = 1.54> <CoreInst = "Adder">   --->   Core 1 'Adder' <Latency = 0> <II = 1> <Delay = 1.54> <FuncUnit> <Opcode : 'add' 'sub'> <InPorts = 2> <OutPorts = 1>

State 6 <SV = 5> <Delay = 5.47>
ST_6 : Operation 276 [1/1] (0.68ns)   --->   "%CH = select i1 %red, i10 %pix, i10 %pix_4" [V:/zybo_z7_imx219/zybo_z7_imx219.runs/design_1_v_demosaic_0_0_synth_1/prj/sol/.autopilot/db/v_demosaic.cpp:788->V:/zybo_z7_imx219/zybo_z7_imx219.runs/design_1_v_demosaic_0_0_synth_1/prj/sol/.autopilot/db/v_demosaic.cpp:1072]   --->   Operation 276 'select' 'CH' <Predicate = (!icmp_ln633 & icmp_ln772)> <Delay = 0.68> <CoreInst = "Sel">   --->   Core 73 'Sel' <Latency = 0> <II = 1> <Delay = 0.68> <FuncUnit> <Opcode : 'select'> <InPorts = 3> <OutPorts = 1>
ST_6 : Operation 277 [1/1] (0.00ns)   --->   "%zext_ln788 = zext i10 %CH" [V:/zybo_z7_imx219/zybo_z7_imx219.runs/design_1_v_demosaic_0_0_synth_1/prj/sol/.autopilot/db/v_demosaic.cpp:788->V:/zybo_z7_imx219/zybo_z7_imx219.runs/design_1_v_demosaic_0_0_synth_1/prj/sol/.autopilot/db/v_demosaic.cpp:1072]   --->   Operation 277 'zext' 'zext_ln788' <Predicate = (!icmp_ln633 & icmp_ln772)> <Delay = 0.00>
ST_6 : Operation 278 [1/1] (0.00ns) (grouped into LUT with out node CV)   --->   "%tmp_5 = bitselect i1 @_ssdm_op_BitSelect.i1.i13.i32, i13 %add_ln820, i32 12" [V:/zybo_z7_imx219/zybo_z7_imx219.runs/design_1_v_demosaic_0_0_synth_1/prj/sol/.autopilot/db/v_demosaic.cpp:820->V:/zybo_z7_imx219/zybo_z7_imx219.runs/design_1_v_demosaic_0_0_synth_1/prj/sol/.autopilot/db/v_demosaic.cpp:1072]   --->   Operation 278 'bitselect' 'tmp_5' <Predicate = (!icmp_ln633 & icmp_ln772)> <Delay = 0.00>
ST_6 : Operation 279 [1/1] (1.67ns)   --->   "%sub_ln820_1 = sub i13 0, i13 %add_ln820" [V:/zybo_z7_imx219/zybo_z7_imx219.runs/design_1_v_demosaic_0_0_synth_1/prj/sol/.autopilot/db/v_demosaic.cpp:820->V:/zybo_z7_imx219/zybo_z7_imx219.runs/design_1_v_demosaic_0_0_synth_1/prj/sol/.autopilot/db/v_demosaic.cpp:1072]   --->   Operation 279 'sub' 'sub_ln820_1' <Predicate = (!icmp_ln633 & icmp_ln772)> <Delay = 1.67> <CoreInst = "Adder">   --->   Core 1 'Adder' <Latency = 0> <II = 1> <Delay = 1.67> <FuncUnit> <Opcode : 'add' 'sub'> <InPorts = 2> <OutPorts = 1>
ST_6 : Operation 280 [1/1] (0.00ns)   --->   "%trunc_ln820_1 = partselect i12 @_ssdm_op_PartSelect.i12.i13.i32.i32, i13 %sub_ln820_1, i32 1, i32 12" [V:/zybo_z7_imx219/zybo_z7_imx219.runs/design_1_v_demosaic_0_0_synth_1/prj/sol/.autopilot/db/v_demosaic.cpp:820->V:/zybo_z7_imx219/zybo_z7_imx219.runs/design_1_v_demosaic_0_0_synth_1/prj/sol/.autopilot/db/v_demosaic.cpp:1072]   --->   Operation 280 'partselect' 'trunc_ln820_1' <Predicate = (!icmp_ln633 & icmp_ln772)> <Delay = 0.00>
ST_6 : Operation 281 [1/1] (1.54ns)   --->   "%sub_ln820_2 = sub i12 0, i12 %trunc_ln820_1" [V:/zybo_z7_imx219/zybo_z7_imx219.runs/design_1_v_demosaic_0_0_synth_1/prj/sol/.autopilot/db/v_demosaic.cpp:820->V:/zybo_z7_imx219/zybo_z7_imx219.runs/design_1_v_demosaic_0_0_synth_1/prj/sol/.autopilot/db/v_demosaic.cpp:1072]   --->   Operation 281 'sub' 'sub_ln820_2' <Predicate = (!icmp_ln633 & icmp_ln772)> <Delay = 1.54> <CoreInst = "Adder">   --->   Core 1 'Adder' <Latency = 0> <II = 1> <Delay = 1.54> <FuncUnit> <Opcode : 'add' 'sub'> <InPorts = 2> <OutPorts = 1>
ST_6 : Operation 282 [1/1] (0.00ns) (grouped into LUT with out node CV)   --->   "%trunc_ln820_2 = partselect i12 @_ssdm_op_PartSelect.i12.i13.i32.i32, i13 %add_ln820, i32 1, i32 12" [V:/zybo_z7_imx219/zybo_z7_imx219.runs/design_1_v_demosaic_0_0_synth_1/prj/sol/.autopilot/db/v_demosaic.cpp:820->V:/zybo_z7_imx219/zybo_z7_imx219.runs/design_1_v_demosaic_0_0_synth_1/prj/sol/.autopilot/db/v_demosaic.cpp:1072]   --->   Operation 282 'partselect' 'trunc_ln820_2' <Predicate = (!icmp_ln633 & icmp_ln772)> <Delay = 0.00>
ST_6 : Operation 283 [1/1] (0.00ns) (grouped into LUT with out node CV)   --->   "%select_ln820_1 = select i1 %tmp_5, i12 %sub_ln820_2, i12 %trunc_ln820_2" [V:/zybo_z7_imx219/zybo_z7_imx219.runs/design_1_v_demosaic_0_0_synth_1/prj/sol/.autopilot/db/v_demosaic.cpp:820->V:/zybo_z7_imx219/zybo_z7_imx219.runs/design_1_v_demosaic_0_0_synth_1/prj/sol/.autopilot/db/v_demosaic.cpp:1072]   --->   Operation 283 'select' 'select_ln820_1' <Predicate = (!icmp_ln633 & icmp_ln772)> <Delay = 0.00> <CoreInst = "Sel">   --->   Core 73 'Sel' <Latency = 0> <II = 1> <Delay = 0.69> <FuncUnit> <Opcode : 'select'> <InPorts = 3> <OutPorts = 1>
ST_6 : Operation 284 [1/1] (0.00ns) (grouped into LUT with out node CV)   --->   "%zext_ln817_1 = zext i10 %pix_3" [V:/zybo_z7_imx219/zybo_z7_imx219.runs/design_1_v_demosaic_0_0_synth_1/prj/sol/.autopilot/db/v_demosaic.cpp:817->V:/zybo_z7_imx219/zybo_z7_imx219.runs/design_1_v_demosaic_0_0_synth_1/prj/sol/.autopilot/db/v_demosaic.cpp:1072]   --->   Operation 284 'zext' 'zext_ln817_1' <Predicate = (!icmp_ln633 & icmp_ln772)> <Delay = 0.00>
ST_6 : Operation 285 [1/1] (1.54ns) (out node of the LUT)   --->   "%CV = sub i12 %zext_ln817_1, i12 %select_ln820_1" [V:/zybo_z7_imx219/zybo_z7_imx219.runs/design_1_v_demosaic_0_0_synth_1/prj/sol/.autopilot/db/v_demosaic.cpp:817->V:/zybo_z7_imx219/zybo_z7_imx219.runs/design_1_v_demosaic_0_0_synth_1/prj/sol/.autopilot/db/v_demosaic.cpp:1072]   --->   Operation 285 'sub' 'CV' <Predicate = (!icmp_ln633 & icmp_ln772)> <Delay = 1.54> <CoreInst = "Adder">   --->   Core 1 'Adder' <Latency = 0> <II = 1> <Delay = 1.54> <FuncUnit> <Opcode : 'add' 'sub'> <InPorts = 2> <OutPorts = 1>
ST_6 : Operation 286 [1/1] (0.69ns)   --->   "%r = select i1 %red, i12 %zext_ln788, i12 %CV" [V:/zybo_z7_imx219/zybo_z7_imx219.runs/design_1_v_demosaic_0_0_synth_1/prj/sol/.autopilot/db/v_demosaic.cpp:823->V:/zybo_z7_imx219/zybo_z7_imx219.runs/design_1_v_demosaic_0_0_synth_1/prj/sol/.autopilot/db/v_demosaic.cpp:1072]   --->   Operation 286 'select' 'r' <Predicate = (!icmp_ln633 & icmp_ln772)> <Delay = 0.69> <CoreInst = "Sel">   --->   Core 73 'Sel' <Latency = 0> <II = 1> <Delay = 0.69> <FuncUnit> <Opcode : 'select'> <InPorts = 3> <OutPorts = 1>
ST_6 : Operation 287 [1/1] (0.69ns)   --->   "%b = select i1 %red, i12 %CV, i12 %zext_ln788" [V:/zybo_z7_imx219/zybo_z7_imx219.runs/design_1_v_demosaic_0_0_synth_1/prj/sol/.autopilot/db/v_demosaic.cpp:824->V:/zybo_z7_imx219/zybo_z7_imx219.runs/design_1_v_demosaic_0_0_synth_1/prj/sol/.autopilot/db/v_demosaic.cpp:1072]   --->   Operation 287 'select' 'b' <Predicate = (!icmp_ln633 & icmp_ln772)> <Delay = 0.69> <CoreInst = "Sel">   --->   Core 73 'Sel' <Latency = 0> <II = 1> <Delay = 0.69> <FuncUnit> <Opcode : 'select'> <InPorts = 3> <OutPorts = 1>
ST_6 : Operation 288 [1/1] (1.58ns)   --->   "%br_ln826 = br void %if.end518.i" [V:/zybo_z7_imx219/zybo_z7_imx219.runs/design_1_v_demosaic_0_0_synth_1/prj/sol/.autopilot/db/v_demosaic.cpp:826->V:/zybo_z7_imx219/zybo_z7_imx219.runs/design_1_v_demosaic_0_0_synth_1/prj/sol/.autopilot/db/v_demosaic.cpp:1072]   --->   Operation 288 'br' 'br_ln826' <Predicate = (!icmp_ln633 & icmp_ln772)> <Delay = 1.58>
ST_6 : Operation 312 [1/1] (0.00ns)   --->   "%store_ln0 = store i10 %p_0_2_0_0_09091531_i_load, i10 %p_0_2_0_0_09091531_i_out"   --->   Operation 312 'store' 'store_ln0' <Predicate = (icmp_ln633)> <Delay = 0.00>
ST_6 : Operation 313 [1/1] (0.00ns)   --->   "%store_ln0 = store i10 %p_0_1_0_0_09081529_i_load, i10 %p_0_1_0_0_09081529_i_out"   --->   Operation 313 'store' 'store_ln0' <Predicate = (icmp_ln633)> <Delay = 0.00>
ST_6 : Operation 314 [1/1] (0.00ns)   --->   "%store_ln0 = store i10 %p_0_0_0_0_09071527_i_load, i10 %p_0_0_0_0_09071527_i_out"   --->   Operation 314 'store' 'store_ln0' <Predicate = (icmp_ln633)> <Delay = 0.00>
ST_6 : Operation 315 [1/1] (0.00ns)   --->   "%store_ln0 = store i10 %p_0_0_0938_115131524_i_load, i10 %p_0_0_0938_115131524_i_out"   --->   Operation 315 'store' 'store_ln0' <Predicate = (icmp_ln633)> <Delay = 0.00>
ST_6 : Operation 316 [1/1] (0.00ns)   --->   "%store_ln0 = store i10 %p_0_0_0939_115111522_i_load, i10 %p_0_0_0939_115111522_i_out"   --->   Operation 316 'store' 'store_ln0' <Predicate = (icmp_ln633)> <Delay = 0.00>
ST_6 : Operation 317 [1/1] (0.00ns)   --->   "%store_ln0 = store i10 %p_0_0_0940_115091520_i_load, i10 %p_0_0_0940_115091520_i_out"   --->   Operation 317 'store' 'store_ln0' <Predicate = (icmp_ln633)> <Delay = 0.00>
ST_6 : Operation 318 [1/1] (0.00ns)   --->   "%store_ln0 = store i10 %p_0_2_0_0_09151519_i_load, i10 %p_0_2_0_0_09151519_i_out"   --->   Operation 318 'store' 'store_ln0' <Predicate = (icmp_ln633)> <Delay = 0.00>
ST_6 : Operation 319 [1/1] (0.00ns)   --->   "%store_ln0 = store i10 %p_0_1_0_0_09141517_i_load, i10 %p_0_1_0_0_09141517_i_out"   --->   Operation 319 'store' 'store_ln0' <Predicate = (icmp_ln633)> <Delay = 0.00>
ST_6 : Operation 320 [1/1] (0.00ns)   --->   "%store_ln0 = store i10 %p_0_0_0_0_09131515_i_load, i10 %p_0_0_0_0_09131515_i_out"   --->   Operation 320 'store' 'store_ln0' <Predicate = (icmp_ln633)> <Delay = 0.00>
ST_6 : Operation 321 [1/1] (0.00ns)   --->   "%store_ln0 = store i10 %p_0_0_0938_21452_i_load, i10 %p_0_0_0938_21452_i_out"   --->   Operation 321 'store' 'store_ln0' <Predicate = (icmp_ln633)> <Delay = 0.00>
ST_6 : Operation 322 [1/1] (0.00ns)   --->   "%store_ln0 = store i10 %p_0_0_0939_21449_i_load, i10 %p_0_0_0939_21449_i_out"   --->   Operation 322 'store' 'store_ln0' <Predicate = (icmp_ln633)> <Delay = 0.00>
ST_6 : Operation 323 [1/1] (0.00ns)   --->   "%store_ln0 = store i10 %p_0_0_0940_21446_i_load, i10 %p_0_0_0940_21446_i_out"   --->   Operation 323 'store' 'store_ln0' <Predicate = (icmp_ln633)> <Delay = 0.00>
ST_6 : Operation 324 [1/1] (0.00ns)   --->   "%store_ln0 = store i10 %p_0_0_09381422_i_load, i10 %p_0_0_09381422_i_out"   --->   Operation 324 'store' 'store_ln0' <Predicate = (icmp_ln633)> <Delay = 0.00>
ST_6 : Operation 325 [1/1] (0.00ns)   --->   "%store_ln0 = store i10 %p_0_0_09391419_i_load, i10 %p_0_0_09391419_i_out"   --->   Operation 325 'store' 'store_ln0' <Predicate = (icmp_ln633)> <Delay = 0.00>
ST_6 : Operation 326 [1/1] (0.00ns)   --->   "%store_ln0 = store i10 %p_0_0_09401416_i_load, i10 %p_0_0_09401416_i_out"   --->   Operation 326 'store' 'store_ln0' <Predicate = (icmp_ln633)> <Delay = 0.00>
ST_6 : Operation 327 [1/1] (1.58ns)   --->   "%ret_ln0 = ret"   --->   Operation 327 'ret' 'ret_ln0' <Predicate = (icmp_ln633)> <Delay = 1.58>

State 7 <SV = 6> <Delay = 6.19>
ST_7 : Operation 289 [1/1] (0.00ns)   --->   "%zext_ln763 = zext i10 %pix" [V:/zybo_z7_imx219/zybo_z7_imx219.runs/design_1_v_demosaic_0_0_synth_1/prj/sol/.autopilot/db/v_demosaic.cpp:763->V:/zybo_z7_imx219/zybo_z7_imx219.runs/design_1_v_demosaic_0_0_synth_1/prj/sol/.autopilot/db/v_demosaic.cpp:1072]   --->   Operation 289 'zext' 'zext_ln763' <Predicate = (!icmp_ln633)> <Delay = 0.00>
ST_7 : Operation 290 [1/1] (0.00ns)   --->   "%zext_ln765 = zext i10 %pix_4" [V:/zybo_z7_imx219/zybo_z7_imx219.runs/design_1_v_demosaic_0_0_synth_1/prj/sol/.autopilot/db/v_demosaic.cpp:765->V:/zybo_z7_imx219/zybo_z7_imx219.runs/design_1_v_demosaic_0_0_synth_1/prj/sol/.autopilot/db/v_demosaic.cpp:1072]   --->   Operation 290 'zext' 'zext_ln765' <Predicate = (!icmp_ln633)> <Delay = 0.00>
ST_7 : Operation 291 [1/1] (0.00ns)   --->   "%r_1 = phi i12 %r, void %sw.epilog.i, i12 %zext_ln763, void %for.body291.i"   --->   Operation 291 'phi' 'r_1' <Predicate = true> <Delay = 0.00>
ST_7 : Operation 292 [1/1] (0.00ns)   --->   "%b_1 = phi i12 %b, void %sw.epilog.i, i12 %zext_ln765, void %for.body291.i"   --->   Operation 292 'phi' 'b_1' <Predicate = true> <Delay = 0.00>
ST_7 : Operation 293 [1/1] (0.00ns)   --->   "%tmp_6 = bitselect i1 @_ssdm_op_BitSelect.i1.i12.i32, i12 %r_1, i32 11" [V:/zybo_z7_imx219/zybo_z7_imx219.runs/design_1_v_demosaic_0_0_synth_1/prj/sol/.autopilot/db/v_demosaic.cpp:827->V:/zybo_z7_imx219/zybo_z7_imx219.runs/design_1_v_demosaic_0_0_synth_1/prj/sol/.autopilot/db/v_demosaic.cpp:1072]   --->   Operation 293 'bitselect' 'tmp_6' <Predicate = true> <Delay = 0.00>
ST_7 : Operation 294 [1/1] (0.00ns)   --->   "%tmp_7 = partselect i2 @_ssdm_op_PartSelect.i2.i12.i32.i32, i12 %r_1, i32 10, i32 11" [V:/zybo_z7_imx219/zybo_z7_imx219.runs/design_1_v_demosaic_0_0_synth_1/prj/sol/.autopilot/db/v_demosaic.cpp:827->V:/zybo_z7_imx219/zybo_z7_imx219.runs/design_1_v_demosaic_0_0_synth_1/prj/sol/.autopilot/db/v_demosaic.cpp:1072]   --->   Operation 294 'partselect' 'tmp_7' <Predicate = true> <Delay = 0.00>
ST_7 : Operation 295 [1/1] (1.56ns)   --->   "%icmp_ln827 = icmp_eq  i2 %tmp_7, i2 1" [V:/zybo_z7_imx219/zybo_z7_imx219.runs/design_1_v_demosaic_0_0_synth_1/prj/sol/.autopilot/db/v_demosaic.cpp:827->V:/zybo_z7_imx219/zybo_z7_imx219.runs/design_1_v_demosaic_0_0_synth_1/prj/sol/.autopilot/db/v_demosaic.cpp:1072]   --->   Operation 295 'icmp' 'icmp_ln827' <Predicate = true> <Delay = 1.56> <CoreInst = "Cmp">   --->   Core 9 'Cmp' <Latency = 0> <II = 1> <Delay = 1.56> <FuncUnit> <Opcode : 'seteq' 'setne' 'setle' 'setge' 'setlt' 'setgt'> <InPorts = 2> <OutPorts = 1>
ST_7 : Operation 296 [1/1] (0.00ns) (grouped into LUT with out node select_ln827)   --->   "%trunc_ln827 = trunc i12 %r_1" [V:/zybo_z7_imx219/zybo_z7_imx219.runs/design_1_v_demosaic_0_0_synth_1/prj/sol/.autopilot/db/v_demosaic.cpp:827->V:/zybo_z7_imx219/zybo_z7_imx219.runs/design_1_v_demosaic_0_0_synth_1/prj/sol/.autopilot/db/v_demosaic.cpp:1072]   --->   Operation 296 'trunc' 'trunc_ln827' <Predicate = true> <Delay = 0.00>
ST_7 : Operation 297 [1/1] (0.00ns) (grouped into LUT with out node select_ln827)   --->   "%xor_ln827 = xor i1 %tmp_6, i1 1" [V:/zybo_z7_imx219/zybo_z7_imx219.runs/design_1_v_demosaic_0_0_synth_1/prj/sol/.autopilot/db/v_demosaic.cpp:827->V:/zybo_z7_imx219/zybo_z7_imx219.runs/design_1_v_demosaic_0_0_synth_1/prj/sol/.autopilot/db/v_demosaic.cpp:1072]   --->   Operation 297 'xor' 'xor_ln827' <Predicate = true> <Delay = 0.00> <CoreInst = "LogicGate">   --->   Core 74 'LogicGate' <Latency = 0> <II = 1> <Delay = 0.97> <FuncUnit> <Opcode : 'and' 'or' 'xor'> <InPorts = 2> <OutPorts = 1>
ST_7 : Operation 298 [1/1] (0.00ns) (grouped into LUT with out node select_ln827)   --->   "%select_ln827_1 = select i1 %xor_ln827, i10 1023, i10 0" [V:/zybo_z7_imx219/zybo_z7_imx219.runs/design_1_v_demosaic_0_0_synth_1/prj/sol/.autopilot/db/v_demosaic.cpp:827->V:/zybo_z7_imx219/zybo_z7_imx219.runs/design_1_v_demosaic_0_0_synth_1/prj/sol/.autopilot/db/v_demosaic.cpp:1072]   --->   Operation 298 'select' 'select_ln827_1' <Predicate = true> <Delay = 0.00> <CoreInst = "Sel">   --->   Core 73 'Sel' <Latency = 0> <II = 1> <Delay = 0.99> <FuncUnit> <Opcode : 'select'> <InPorts = 3> <OutPorts = 1>
ST_7 : Operation 299 [1/1] (0.00ns) (grouped into LUT with out node select_ln827)   --->   "%or_ln827 = or i1 %tmp_6, i1 %icmp_ln827" [V:/zybo_z7_imx219/zybo_z7_imx219.runs/design_1_v_demosaic_0_0_synth_1/prj/sol/.autopilot/db/v_demosaic.cpp:827->V:/zybo_z7_imx219/zybo_z7_imx219.runs/design_1_v_demosaic_0_0_synth_1/prj/sol/.autopilot/db/v_demosaic.cpp:1072]   --->   Operation 299 'or' 'or_ln827' <Predicate = true> <Delay = 0.00> <CoreInst = "LogicGate">   --->   Core 74 'LogicGate' <Latency = 0> <II = 1> <Delay = 0.97> <FuncUnit> <Opcode : 'and' 'or' 'xor'> <InPorts = 2> <OutPorts = 1>
ST_7 : Operation 300 [1/1] (0.99ns) (out node of the LUT)   --->   "%select_ln827 = select i1 %or_ln827, i10 %select_ln827_1, i10 %trunc_ln827" [V:/zybo_z7_imx219/zybo_z7_imx219.runs/design_1_v_demosaic_0_0_synth_1/prj/sol/.autopilot/db/v_demosaic.cpp:827->V:/zybo_z7_imx219/zybo_z7_imx219.runs/design_1_v_demosaic_0_0_synth_1/prj/sol/.autopilot/db/v_demosaic.cpp:1072]   --->   Operation 300 'select' 'select_ln827' <Predicate = true> <Delay = 0.99> <CoreInst = "Sel">   --->   Core 73 'Sel' <Latency = 0> <II = 1> <Delay = 0.68> <FuncUnit> <Opcode : 'select'> <InPorts = 3> <OutPorts = 1>
ST_7 : Operation 301 [1/1] (0.00ns)   --->   "%tmp_8 = bitselect i1 @_ssdm_op_BitSelect.i1.i12.i32, i12 %b_1, i32 11" [V:/zybo_z7_imx219/zybo_z7_imx219.runs/design_1_v_demosaic_0_0_synth_1/prj/sol/.autopilot/db/v_demosaic.cpp:829->V:/zybo_z7_imx219/zybo_z7_imx219.runs/design_1_v_demosaic_0_0_synth_1/prj/sol/.autopilot/db/v_demosaic.cpp:1072]   --->   Operation 301 'bitselect' 'tmp_8' <Predicate = true> <Delay = 0.00>
ST_7 : Operation 302 [1/1] (0.00ns)   --->   "%tmp_9 = partselect i2 @_ssdm_op_PartSelect.i2.i12.i32.i32, i12 %b_1, i32 10, i32 11" [V:/zybo_z7_imx219/zybo_z7_imx219.runs/design_1_v_demosaic_0_0_synth_1/prj/sol/.autopilot/db/v_demosaic.cpp:829->V:/zybo_z7_imx219/zybo_z7_imx219.runs/design_1_v_demosaic_0_0_synth_1/prj/sol/.autopilot/db/v_demosaic.cpp:1072]   --->   Operation 302 'partselect' 'tmp_9' <Predicate = true> <Delay = 0.00>
ST_7 : Operation 303 [1/1] (1.56ns)   --->   "%icmp_ln829 = icmp_eq  i2 %tmp_9, i2 1" [V:/zybo_z7_imx219/zybo_z7_imx219.runs/design_1_v_demosaic_0_0_synth_1/prj/sol/.autopilot/db/v_demosaic.cpp:829->V:/zybo_z7_imx219/zybo_z7_imx219.runs/design_1_v_demosaic_0_0_synth_1/prj/sol/.autopilot/db/v_demosaic.cpp:1072]   --->   Operation 303 'icmp' 'icmp_ln829' <Predicate = true> <Delay = 1.56> <CoreInst = "Cmp">   --->   Core 9 'Cmp' <Latency = 0> <II = 1> <Delay = 1.56> <FuncUnit> <Opcode : 'seteq' 'setne' 'setle' 'setge' 'setlt' 'setgt'> <InPorts = 2> <OutPorts = 1>
ST_7 : Operation 304 [1/1] (0.00ns) (grouped into LUT with out node select_ln829)   --->   "%trunc_ln829 = trunc i12 %b_1" [V:/zybo_z7_imx219/zybo_z7_imx219.runs/design_1_v_demosaic_0_0_synth_1/prj/sol/.autopilot/db/v_demosaic.cpp:829->V:/zybo_z7_imx219/zybo_z7_imx219.runs/design_1_v_demosaic_0_0_synth_1/prj/sol/.autopilot/db/v_demosaic.cpp:1072]   --->   Operation 304 'trunc' 'trunc_ln829' <Predicate = true> <Delay = 0.00>
ST_7 : Operation 305 [1/1] (0.00ns) (grouped into LUT with out node select_ln829)   --->   "%xor_ln829 = xor i1 %tmp_8, i1 1" [V:/zybo_z7_imx219/zybo_z7_imx219.runs/design_1_v_demosaic_0_0_synth_1/prj/sol/.autopilot/db/v_demosaic.cpp:829->V:/zybo_z7_imx219/zybo_z7_imx219.runs/design_1_v_demosaic_0_0_synth_1/prj/sol/.autopilot/db/v_demosaic.cpp:1072]   --->   Operation 305 'xor' 'xor_ln829' <Predicate = true> <Delay = 0.00> <CoreInst = "LogicGate">   --->   Core 74 'LogicGate' <Latency = 0> <II = 1> <Delay = 0.97> <FuncUnit> <Opcode : 'and' 'or' 'xor'> <InPorts = 2> <OutPorts = 1>
ST_7 : Operation 306 [1/1] (0.00ns) (grouped into LUT with out node select_ln829)   --->   "%select_ln829_1 = select i1 %xor_ln829, i10 1023, i10 0" [V:/zybo_z7_imx219/zybo_z7_imx219.runs/design_1_v_demosaic_0_0_synth_1/prj/sol/.autopilot/db/v_demosaic.cpp:829->V:/zybo_z7_imx219/zybo_z7_imx219.runs/design_1_v_demosaic_0_0_synth_1/prj/sol/.autopilot/db/v_demosaic.cpp:1072]   --->   Operation 306 'select' 'select_ln829_1' <Predicate = true> <Delay = 0.00> <CoreInst = "Sel">   --->   Core 73 'Sel' <Latency = 0> <II = 1> <Delay = 0.99> <FuncUnit> <Opcode : 'select'> <InPorts = 3> <OutPorts = 1>
ST_7 : Operation 307 [1/1] (0.00ns) (grouped into LUT with out node select_ln829)   --->   "%or_ln829 = or i1 %tmp_8, i1 %icmp_ln829" [V:/zybo_z7_imx219/zybo_z7_imx219.runs/design_1_v_demosaic_0_0_synth_1/prj/sol/.autopilot/db/v_demosaic.cpp:829->V:/zybo_z7_imx219/zybo_z7_imx219.runs/design_1_v_demosaic_0_0_synth_1/prj/sol/.autopilot/db/v_demosaic.cpp:1072]   --->   Operation 307 'or' 'or_ln829' <Predicate = true> <Delay = 0.00> <CoreInst = "LogicGate">   --->   Core 74 'LogicGate' <Latency = 0> <II = 1> <Delay = 0.97> <FuncUnit> <Opcode : 'and' 'or' 'xor'> <InPorts = 2> <OutPorts = 1>
ST_7 : Operation 308 [1/1] (0.99ns) (out node of the LUT)   --->   "%select_ln829 = select i1 %or_ln829, i10 %select_ln829_1, i10 %trunc_ln829" [V:/zybo_z7_imx219/zybo_z7_imx219.runs/design_1_v_demosaic_0_0_synth_1/prj/sol/.autopilot/db/v_demosaic.cpp:829->V:/zybo_z7_imx219/zybo_z7_imx219.runs/design_1_v_demosaic_0_0_synth_1/prj/sol/.autopilot/db/v_demosaic.cpp:1072]   --->   Operation 308 'select' 'select_ln829' <Predicate = true> <Delay = 0.99> <CoreInst = "Sel">   --->   Core 73 'Sel' <Latency = 0> <II = 1> <Delay = 0.68> <FuncUnit> <Opcode : 'select'> <InPorts = 3> <OutPorts = 1>
ST_7 : Operation 309 [1/1] (0.00ns)   --->   "%or_ln835_3_i = bitconcatenate i30 @_ssdm_op_BitConcatenate.i30.i10.i10.i10, i10 %select_ln829, i10 %pix_3, i10 %select_ln827" [V:/zybo_z7_imx219/zybo_z7_imx219.runs/design_1_v_demosaic_0_0_synth_1/prj/sol/.autopilot/db/v_demosaic.cpp:835->V:/zybo_z7_imx219/zybo_z7_imx219.runs/design_1_v_demosaic_0_0_synth_1/prj/sol/.autopilot/db/v_demosaic.cpp:1072]   --->   Operation 309 'bitconcatenate' 'or_ln835_3_i' <Predicate = (and_ln833)> <Delay = 0.00>
ST_7 : Operation 310 [1/1] ( I:3.63ns O:3.63ns )   --->   "%write_ln835 = write void @_ssdm_op_Write.ap_fifo.volatile.i30P0A, i30 %imgRB, i30 %or_ln835_3_i" [V:/zybo_z7_imx219/zybo_z7_imx219.runs/design_1_v_demosaic_0_0_synth_1/prj/sol/.autopilot/db/v_demosaic.cpp:835->V:/zybo_z7_imx219/zybo_z7_imx219.runs/design_1_v_demosaic_0_0_synth_1/prj/sol/.autopilot/db/v_demosaic.cpp:1072]   --->   Operation 310 'write' 'write_ln835' <Predicate = (and_ln833)> <Delay = 3.63> <CoreInst = "FIFO_SRL">   --->   Core 80 'FIFO_SRL' <Latency = 0> <II = 1> <Delay = 3.63> <Storage> <Opcode : 'read' 'write' 'nbread' 'nbwrite'> <Ports = 0> <Width = 30> <Depth = 2> <FIFO>
ST_7 : Operation 311 [1/1] (0.00ns)   --->   "%br_ln836 = br void %for.inc563.i" [V:/zybo_z7_imx219/zybo_z7_imx219.runs/design_1_v_demosaic_0_0_synth_1/prj/sol/.autopilot/db/v_demosaic.cpp:836->V:/zybo_z7_imx219/zybo_z7_imx219.runs/design_1_v_demosaic_0_0_synth_1/prj/sol/.autopilot/db/v_demosaic.cpp:1072]   --->   Operation 311 'br' 'br_ln836' <Predicate = (and_ln833)> <Delay = 0.00>


============================================================
+ Verbose Summary: Binding
============================================================
STG Binding: 
---------------- STG Properties BEGIN ----------------
- Is combinational: 0
- Is one-state seq: 0
- Is datapath-only: 0
- Is pipelined: 0
- Is top level: 0
Port [ Return ] is wired: 1; IO mode=ap_ctrl_hs:ce=0
Port [ p_0_2_0_0_09091530_lcssa1567_i]:  wired=1; compound=0; hidden=0; nouse=0; global=0; static=0; extern=0; dir=0; type=0; pingpong=0; private_global=0; IO mode=ap_none:ce=0
Port [ p_0_1_0_0_09081528_lcssa1565_i]:  wired=1; compound=0; hidden=0; nouse=0; global=0; static=0; extern=0; dir=0; type=0; pingpong=0; private_global=0; IO mode=ap_none:ce=0
Port [ p_0_0_0_0_09071526_lcssa1563_i]:  wired=1; compound=0; hidden=0; nouse=0; global=0; static=0; extern=0; dir=0; type=0; pingpong=0; private_global=0; IO mode=ap_none:ce=0
Port [ p_0_0_0938_115131525_lcssa1561_i]:  wired=1; compound=0; hidden=0; nouse=0; global=0; static=0; extern=0; dir=0; type=0; pingpong=0; private_global=0; IO mode=ap_none:ce=0
Port [ p_0_0_0939_115111523_lcssa1559_i]:  wired=1; compound=0; hidden=0; nouse=0; global=0; static=0; extern=0; dir=0; type=0; pingpong=0; private_global=0; IO mode=ap_none:ce=0
Port [ p_0_0_0940_115091521_lcssa1557_i]:  wired=1; compound=0; hidden=0; nouse=0; global=0; static=0; extern=0; dir=0; type=0; pingpong=0; private_global=0; IO mode=ap_none:ce=0
Port [ p_0_2_0_0_09151518_lcssa1555_i]:  wired=1; compound=0; hidden=0; nouse=0; global=0; static=0; extern=0; dir=0; type=0; pingpong=0; private_global=0; IO mode=ap_none:ce=0
Port [ p_0_1_0_0_09141516_lcssa1553_i]:  wired=1; compound=0; hidden=0; nouse=0; global=0; static=0; extern=0; dir=0; type=0; pingpong=0; private_global=0; IO mode=ap_none:ce=0
Port [ p_0_0_0_0_09131514_lcssa1551_i]:  wired=1; compound=0; hidden=0; nouse=0; global=0; static=0; extern=0; dir=0; type=0; pingpong=0; private_global=0; IO mode=ap_none:ce=0
Port [ p_0_0_0938_21453_lcssa1485_i]:  wired=1; compound=0; hidden=0; nouse=0; global=0; static=0; extern=0; dir=0; type=0; pingpong=0; private_global=0; IO mode=ap_none:ce=0
Port [ p_0_0_0939_21450_lcssa1483_i]:  wired=1; compound=0; hidden=0; nouse=0; global=0; static=0; extern=0; dir=0; type=0; pingpong=0; private_global=0; IO mode=ap_none:ce=0
Port [ p_0_0_0940_21447_lcssa1481_i]:  wired=1; compound=0; hidden=0; nouse=0; global=0; static=0; extern=0; dir=0; type=0; pingpong=0; private_global=0; IO mode=ap_none:ce=0
Port [ p_0_0_09381423_lcssa1473_i]:  wired=1; compound=0; hidden=0; nouse=0; global=0; static=0; extern=0; dir=0; type=0; pingpong=0; private_global=0; IO mode=ap_none:ce=0
Port [ p_0_0_09391420_lcssa1471_i]:  wired=1; compound=0; hidden=0; nouse=0; global=0; static=0; extern=0; dir=0; type=0; pingpong=0; private_global=0; IO mode=ap_none:ce=0
Port [ p_0_0_09401417_lcssa1469_i]:  wired=1; compound=0; hidden=0; nouse=0; global=0; static=0; extern=0; dir=0; type=0; pingpong=0; private_global=0; IO mode=ap_none:ce=0
Port [ xor_ln772]:  wired=1; compound=0; hidden=0; nouse=0; global=0; static=0; extern=0; dir=0; type=0; pingpong=0; private_global=0; IO mode=ap_none:ce=0
Port [ trunc_ln]:  wired=1; compound=0; hidden=0; nouse=0; global=0; static=0; extern=0; dir=0; type=0; pingpong=0; private_global=0; IO mode=ap_none:ce=0
Port [ y]:  wired=1; compound=0; hidden=0; nouse=0; global=0; static=0; extern=0; dir=0; type=0; pingpong=0; private_global=0; IO mode=ap_none:ce=0
Port [ height_val4_load]:  wired=1; compound=0; hidden=0; nouse=0; global=0; static=0; extern=0; dir=0; type=0; pingpong=0; private_global=0; IO mode=ap_none:ce=0
Port [ loopWidth]:  wired=1; compound=0; hidden=0; nouse=0; global=0; static=0; extern=0; dir=0; type=0; pingpong=0; private_global=0; IO mode=ap_none:ce=0
Port [ empty]:  wired=1; compound=0; hidden=0; nouse=0; global=0; static=0; extern=0; dir=0; type=0; pingpong=0; private_global=0; IO mode=ap_none:ce=0
Port [ xor_ln772_1]:  wired=1; compound=0; hidden=0; nouse=0; global=0; static=0; extern=0; dir=0; type=0; pingpong=0; private_global=0; IO mode=ap_none:ce=0
Port [ width_val8_load]:  wired=1; compound=0; hidden=0; nouse=0; global=0; static=0; extern=0; dir=0; type=0; pingpong=0; private_global=0; IO mode=ap_none:ce=0
Port [ imgG]:  wired=1; compound=1; hidden=0; nouse=0; global=0; static=0; extern=0; dir=0; type=3; pingpong=0; private_global=0; IO mode=ap_fifo:ce=0
Port [ imgRB]:  wired=1; compound=1; hidden=0; nouse=0; global=0; static=0; extern=0; dir=1; type=3; pingpong=0; private_global=0; IO mode=ap_fifo:ce=0
Port [ p_0_2_0_0_09091531_i_out]:  wired=1; compound=0; hidden=0; nouse=0; global=0; static=0; extern=0; dir=1; type=0; pingpong=0; private_global=0; IO mode=ap_vld:ce=0
Port [ p_0_1_0_0_09081529_i_out]:  wired=1; compound=0; hidden=0; nouse=0; global=0; static=0; extern=0; dir=1; type=0; pingpong=0; private_global=0; IO mode=ap_vld:ce=0
Port [ p_0_0_0_0_09071527_i_out]:  wired=1; compound=0; hidden=0; nouse=0; global=0; static=0; extern=0; dir=1; type=0; pingpong=0; private_global=0; IO mode=ap_vld:ce=0
Port [ p_0_0_0938_115131524_i_out]:  wired=1; compound=0; hidden=0; nouse=0; global=0; static=0; extern=0; dir=1; type=0; pingpong=0; private_global=0; IO mode=ap_vld:ce=0
Port [ p_0_0_0939_115111522_i_out]:  wired=1; compound=0; hidden=0; nouse=0; global=0; static=0; extern=0; dir=1; type=0; pingpong=0; private_global=0; IO mode=ap_vld:ce=0
Port [ p_0_0_0940_115091520_i_out]:  wired=1; compound=0; hidden=0; nouse=0; global=0; static=0; extern=0; dir=1; type=0; pingpong=0; private_global=0; IO mode=ap_vld:ce=0
Port [ p_0_2_0_0_09151519_i_out]:  wired=1; compound=0; hidden=0; nouse=0; global=0; static=0; extern=0; dir=1; type=0; pingpong=0; private_global=0; IO mode=ap_vld:ce=0
Port [ p_0_1_0_0_09141517_i_out]:  wired=1; compound=0; hidden=0; nouse=0; global=0; static=0; extern=0; dir=1; type=0; pingpong=0; private_global=0; IO mode=ap_vld:ce=0
Port [ p_0_0_0_0_09131515_i_out]:  wired=1; compound=0; hidden=0; nouse=0; global=0; static=0; extern=0; dir=1; type=0; pingpong=0; private_global=0; IO mode=ap_vld:ce=0
Port [ p_0_0_0938_21452_i_out]:  wired=1; compound=0; hidden=0; nouse=0; global=0; static=0; extern=0; dir=1; type=0; pingpong=0; private_global=0; IO mode=ap_vld:ce=0
Port [ p_0_0_0939_21449_i_out]:  wired=1; compound=0; hidden=0; nouse=0; global=0; static=0; extern=0; dir=1; type=0; pingpong=0; private_global=0; IO mode=ap_vld:ce=0
Port [ p_0_0_0940_21446_i_out]:  wired=1; compound=0; hidden=0; nouse=0; global=0; static=0; extern=0; dir=1; type=0; pingpong=0; private_global=0; IO mode=ap_vld:ce=0
Port [ p_0_0_09381422_i_out]:  wired=1; compound=0; hidden=0; nouse=0; global=0; static=0; extern=0; dir=1; type=0; pingpong=0; private_global=0; IO mode=ap_vld:ce=0
Port [ p_0_0_09391419_i_out]:  wired=1; compound=0; hidden=0; nouse=0; global=0; static=0; extern=0; dir=1; type=0; pingpong=0; private_global=0; IO mode=ap_vld:ce=0
Port [ p_0_0_09401416_i_out]:  wired=1; compound=0; hidden=0; nouse=0; global=0; static=0; extern=0; dir=1; type=0; pingpong=0; private_global=0; IO mode=ap_vld:ce=0
---------------- STG Properties END ------------------

---------------- Datapath Model BEGIN ----------------

<LifeTime>
<method=bitvector/>
x                                     (alloca           ) [ 01000000]
p_0_0_0_0_09131515_i                  (alloca           ) [ 01111100]
p_0_1_0_0_09141517_i                  (alloca           ) [ 01110000]
p_0_2_0_0_09151519_i                  (alloca           ) [ 01111100]
p_0_0_0940_115091520_i                (alloca           ) [ 01111000]
p_0_0_0939_115111522_i                (alloca           ) [ 01110000]
p_0_0_0938_115131524_i                (alloca           ) [ 01111000]
p_0_0_0_0_09071527_i                  (alloca           ) [ 01111100]
p_0_1_0_0_09081529_i                  (alloca           ) [ 01110000]
p_0_2_0_0_09091531_i                  (alloca           ) [ 01111100]
p_0_0_09401416_i                      (alloca           ) [ 01111000]
p_0_0_09391419_i                      (alloca           ) [ 01110000]
p_0_0_09381422_i                      (alloca           ) [ 01111000]
p_0_0_0940_21446_i                    (alloca           ) [ 01111000]
p_0_0_0939_21449_i                    (alloca           ) [ 01110000]
p_0_0_0938_21452_i                    (alloca           ) [ 01111000]
specinterface_ln0                     (specinterface    ) [ 00000000]
specinterface_ln0                     (specinterface    ) [ 00000000]
width_val8_load_read                  (read             ) [ 00000000]
xor_ln772_1_read                      (read             ) [ 00000000]
tmp                                   (read             ) [ 00000000]
loopWidth_read                        (read             ) [ 00000000]
height_val4_load_read                 (read             ) [ 00000000]
y_read                                (read             ) [ 00000000]
trunc_ln_read                         (read             ) [ 00000000]
xor_ln772_read                        (read             ) [ 00000000]
p_0_0_09401417_lcssa1469_i_read       (read             ) [ 00000000]
p_0_0_09391420_lcssa1471_i_read       (read             ) [ 00000000]
p_0_0_09381423_lcssa1473_i_read       (read             ) [ 00000000]
p_0_0_0940_21447_lcssa1481_i_read     (read             ) [ 00000000]
p_0_0_0939_21450_lcssa1483_i_read     (read             ) [ 00000000]
p_0_0_0938_21453_lcssa1485_i_read     (read             ) [ 00000000]
p_0_0_0_0_09131514_lcssa1551_i_read   (read             ) [ 00000000]
p_0_1_0_0_09141516_lcssa1553_i_read   (read             ) [ 00000000]
p_0_2_0_0_09151518_lcssa1555_i_read   (read             ) [ 00000000]
p_0_0_0940_115091521_lcssa1557_i_read (read             ) [ 00000000]
p_0_0_0939_115111523_lcssa1559_i_read (read             ) [ 00000000]
p_0_0_0938_115131525_lcssa1561_i_read (read             ) [ 00000000]
p_0_0_0_0_09071526_lcssa1563_i_read   (read             ) [ 00000000]
p_0_1_0_0_09081528_lcssa1565_i_read   (read             ) [ 00000000]
p_0_2_0_0_09091530_lcssa1567_i_read   (read             ) [ 00000000]
lineBuffer_1                          (alloca           ) [ 00000000]
lineBuffer                            (alloca           ) [ 00000000]
zext_ln772                            (zext             ) [ 00000000]
red                                   (icmp             ) [ 01111110]
icmp_ln664                            (icmp             ) [ 01111111]
icmp_ln728                            (icmp             ) [ 01110000]
store_ln0                             (store            ) [ 00000000]
store_ln0                             (store            ) [ 00000000]
store_ln0                             (store            ) [ 00000000]
store_ln0                             (store            ) [ 00000000]
store_ln0                             (store            ) [ 00000000]
store_ln0                             (store            ) [ 00000000]
store_ln0                             (store            ) [ 00000000]
store_ln0                             (store            ) [ 00000000]
store_ln0                             (store            ) [ 00000000]
store_ln0                             (store            ) [ 00000000]
store_ln0                             (store            ) [ 00000000]
store_ln0                             (store            ) [ 00000000]
store_ln0                             (store            ) [ 00000000]
store_ln0                             (store            ) [ 00000000]
store_ln0                             (store            ) [ 00000000]
store_ln603                           (store            ) [ 00000000]
br_ln633                              (br               ) [ 00000000]
z                                     (load             ) [ 00000000]
icmp_ln633                            (icmp             ) [ 01111111]
x_5                                   (add              ) [ 00000000]
br_ln633                              (br               ) [ 00000000]
trunc_ln633                           (trunc            ) [ 00000000]
specpipeline_ln636                    (specpipeline     ) [ 00000000]
specloopname_ln633                    (specloopname     ) [ 00000000]
zext_ln633                            (zext             ) [ 00000000]
icmp_ln643                            (icmp             ) [ 01111111]
br_ln643                              (br               ) [ 01111100]
lineBuffer_addr                       (getelementptr    ) [ 01100000]
lineBuffer_1_addr                     (getelementptr    ) [ 01110000]
br_ln664                              (br               ) [ 01110000]
br_ln678                              (br               ) [ 01110000]
icmp_ln710                            (icmp             ) [ 01111000]
xor_ln772_2                           (xor              ) [ 00000000]
xor_ln772_3                           (xor              ) [ 00000000]
zext_ln772_1                          (zext             ) [ 00000000]
icmp_ln772                            (icmp             ) [ 01111111]
br_ln772                              (br               ) [ 01111111]
icmp_ln833                            (icmp             ) [ 00000000]
and_ln833                             (and              ) [ 01111111]
br_ln833                              (br               ) [ 00000000]
store_ln603                           (store            ) [ 00000000]
p_0_1_0_0_09141517_i_load             (load             ) [ 01011110]
p_0_1_0_0_09081529_i_load             (load             ) [ 01011110]
LineBufVal                            (load             ) [ 00000000]
trunc_ln654                           (trunc            ) [ 01011000]
tmp_6_i                               (partselect       ) [ 01010000]
tmp_7_i                               (partselect       ) [ 01011000]
LineBufVal_1                          (load             ) [ 00000000]
trunc_ln654_1                         (trunc            ) [ 01011000]
tmp_9_i                               (partselect       ) [ 01010000]
tmp_i                                 (partselect       ) [ 01011000]
InPix                                 (read             ) [ 00000000]
trunc_ln666                           (trunc            ) [ 01010000]
trunc_ln666_2                         (partselect       ) [ 00000000]
trunc_ln666_3                         (partselect       ) [ 01010000]
store_ln812                           (store            ) [ 00000000]
p_0_0_0939_21499_ph_i                 (phi              ) [ 01110000]
store_ln666                           (store            ) [ 00000000]
store_ln654                           (store            ) [ 00000000]
p_0_0_0939_115111522_i_load           (load             ) [ 01001110]
p_0_0_09391419_i_load                 (load             ) [ 01001110]
p_0_0_0939_21449_i_load               (load             ) [ 01001110]
p_0_0_0938_21501_ph_i                 (phi              ) [ 01011000]
p_0_0_0940_21497_ph_i                 (phi              ) [ 01011000]
select_ln710_1                        (select           ) [ 00000000]
select_ln710_4                        (select           ) [ 00000000]
select_ln710_7                        (select           ) [ 00000000]
select_ln710_10                       (select           ) [ 00000000]
select_ln710_13                       (select           ) [ 00000000]
select_ln728                          (select           ) [ 00000000]
select_ln728_1                        (select           ) [ 00000000]
select_ln728_2                        (select           ) [ 00000000]
LineBufVal_2                          (bitconcatenate   ) [ 00000000]
store_ln740                           (store            ) [ 00000000]
store_ln654                           (store            ) [ 00000000]
br_ln742                              (br               ) [ 01011100]
downleft_1                            (phi              ) [ 01110000]
p_0_0_0939_21450_i                    (phi              ) [ 01010000]
pix_3                                 (phi              ) [ 01111111]
upleft_1                              (phi              ) [ 01110000]
p_0_0_09391420_i                      (phi              ) [ 01010000]
p_0_1_0_0_09141517_i_load_1           (load             ) [ 00000000]
p_0_1_0_0_09081529_i_load_1           (load             ) [ 00000000]
zext_ln790                            (zext             ) [ 00000000]
zext_ln790_1                          (zext             ) [ 01001000]
sub_ln790                             (sub              ) [ 00000000]
trunc_ln61                            (trunc            ) [ 00000000]
tmp_1                                 (bitselect        ) [ 00000000]
sub_ln61                              (sub              ) [ 00000000]
agdiff                                (select           ) [ 01001000]
zext_ln791                            (zext             ) [ 01001000]
sub_ln791                             (sub              ) [ 00000000]
trunc_ln61_1                          (trunc            ) [ 00000000]
tmp_2                                 (bitselect        ) [ 00000000]
sub_ln61_1                            (sub              ) [ 00000000]
agdiff_1                              (select           ) [ 01001000]
zext_ln792                            (zext             ) [ 01001100]
sub_ln792                             (sub              ) [ 00000000]
trunc_ln61_2                          (trunc            ) [ 00000000]
tmp_3                                 (bitselect        ) [ 00000000]
sub_ln61_2                            (sub              ) [ 00000000]
agdiff_2                              (select           ) [ 01001000]
zext_ln793                            (zext             ) [ 01001100]
sub_ln793                             (sub              ) [ 00000000]
trunc_ln61_3                          (trunc            ) [ 00000000]
tmp_4                                 (bitselect        ) [ 00000000]
sub_ln61_3                            (sub              ) [ 00000000]
agdiff_3                              (select           ) [ 01001000]
store_ln710                           (store            ) [ 00000000]
store_ln710                           (store            ) [ 00000000]
p_0_0_0_0_09131515_i_load             (load             ) [ 01000110]
p_0_2_0_0_09151519_i_load             (load             ) [ 01000110]
p_0_0_0940_115091520_i_load           (load             ) [ 01010110]
p_0_0_0938_115131524_i_load           (load             ) [ 01010110]
p_0_0_0_0_09071527_i_load             (load             ) [ 01000110]
p_0_2_0_0_09091531_i_load             (load             ) [ 01000110]
p_0_0_09401416_i_load                 (load             ) [ 01000110]
p_0_0_09381422_i_load                 (load             ) [ 01000110]
p_0_0_0940_21446_i_load               (load             ) [ 01000110]
p_0_0_0938_21452_i_load               (load             ) [ 01000110]
speclooptripcount_ln0                 (speclooptripcount) [ 00000000]
select_ln710                          (select           ) [ 01010100]
select_ln710_2                        (select           ) [ 01010100]
select_ln710_3                        (select           ) [ 00000000]
select_ln710_5                        (select           ) [ 00000000]
select_ln710_6                        (select           ) [ 00000000]
select_ln710_8                        (select           ) [ 00000000]
select_ln710_9                        (select           ) [ 00000000]
select_ln710_11                       (select           ) [ 00000000]
select_ln710_12                       (select           ) [ 00000000]
select_ln710_14                       (select           ) [ 00000000]
store_ln666                           (store            ) [ 00000000]
store_ln666                           (store            ) [ 00000000]
store_ln654                           (store            ) [ 00000000]
store_ln654                           (store            ) [ 00000000]
store_ln654                           (store            ) [ 00000000]
store_ln654                           (store            ) [ 00000000]
downleft_2                            (phi              ) [ 01001000]
downleft                              (phi              ) [ 01001000]
p_0_0_0938_21453_i                    (phi              ) [ 01001000]
p_0_0_0940_21447_i                    (phi              ) [ 01001000]
upleft_2                              (phi              ) [ 01001000]
upleft                                (phi              ) [ 01001000]
p_0_0_09381423_i                      (phi              ) [ 01001000]
p_0_0_09401417_i                      (phi              ) [ 01001000]
enable                                (icmp             ) [ 00000000]
zext_ln769                            (zext             ) [ 00000000]
icmp_ln796                            (icmp             ) [ 00000000]
or_ln                                 (bitconcatenate   ) [ 00000000]
enable_1                              (select           ) [ 00000000]
zext_ln769_1                          (zext             ) [ 00000000]
icmp_ln797                            (icmp             ) [ 00000000]
enable_2                              (bitconcatenate   ) [ 00000000]
enable_3                              (select           ) [ 00000000]
zext_ln769_2                          (zext             ) [ 00000000]
icmp_ln798                            (icmp             ) [ 00000000]
or_ln1                                (bitconcatenate   ) [ 00000000]
enable_4                              (select           ) [ 00000000]
zext_ln769_3                          (zext             ) [ 00000000]
icmp_ln799                            (icmp             ) [ 00000000]
enable_5                              (bitconcatenate   ) [ 00000000]
enable_6                              (select           ) [ 00000000]
zext_ln769_4                          (zext             ) [ 00000000]
icmp_ln800                            (icmp             ) [ 00000000]
or_ln2                                (bitconcatenate   ) [ 00000000]
enable_7                              (select           ) [ 01000111]
select_ln817                          (select           ) [ 00000000]
zext_ln817                            (zext             ) [ 00000000]
sub_ln817                             (sub              ) [ 01000100]
select_ln818                          (select           ) [ 00000000]
zext_ln818                            (zext             ) [ 00000000]
sub_ln818                             (sub              ) [ 01000100]
store_ln710                           (store            ) [ 00000000]
store_ln710                           (store            ) [ 00000000]
store_ln710                           (store            ) [ 00000000]
store_ln710                           (store            ) [ 00000000]
br_ln633                              (br               ) [ 00000000]
pix_4                                 (phi              ) [ 01000111]
pix                                   (phi              ) [ 01000111]
switch_ln802                          (switch           ) [ 00000000]
br_ln814                              (br               ) [ 00000000]
br_ln812                              (br               ) [ 00000000]
br_ln810                              (br               ) [ 00000000]
br_ln808                              (br               ) [ 00000000]
br_ln806                              (br               ) [ 00000000]
br_ln804                              (br               ) [ 00000000]
en_rgd_3                              (phi              ) [ 00000000]
en_rgd_2                              (phi              ) [ 00000000]
en_rgd_1                              (phi              ) [ 00000000]
en_rgd                                (phi              ) [ 00000000]
p_0_0_0_0_09131515_i_load_1           (load             ) [ 00000000]
p_0_2_0_0_09151519_i_load_1           (load             ) [ 00000000]
p_0_0_0_0_09071527_i_load_1           (load             ) [ 00000000]
p_0_2_0_0_09091531_i_load_1           (load             ) [ 00000000]
select_ln817_1                        (select           ) [ 00000000]
and_ln817                             (and              ) [ 00000000]
sext_ln818                            (sext             ) [ 00000000]
select_ln818_1                        (select           ) [ 00000000]
and_ln818                             (and              ) [ 00000000]
sext_ln817                            (sext             ) [ 00000000]
add_ln817                             (add              ) [ 00000000]
select_ln819                          (select           ) [ 00000000]
zext_ln819                            (zext             ) [ 00000000]
sub_ln819                             (sub              ) [ 00000000]
select_ln819_1                        (select           ) [ 00000000]
and_ln819                             (and              ) [ 00000000]
sext_ln818_1                          (sext             ) [ 00000000]
sext_ln820_1                          (sext             ) [ 00000000]
select_ln820                          (select           ) [ 00000000]
zext_ln820                            (zext             ) [ 00000000]
sub_ln820                             (sub              ) [ 00000000]
select_ln820_2                        (select           ) [ 00000000]
and_ln820                             (and              ) [ 00000000]
sext_ln820                            (sext             ) [ 00000000]
add_ln820_1                           (add              ) [ 00000000]
sext_ln820_2                          (sext             ) [ 00000000]
add_ln820                             (add              ) [ 01000010]
CH                                    (select           ) [ 00000000]
zext_ln788                            (zext             ) [ 00000000]
tmp_5                                 (bitselect        ) [ 00000000]
sub_ln820_1                           (sub              ) [ 00000000]
trunc_ln820_1                         (partselect       ) [ 00000000]
sub_ln820_2                           (sub              ) [ 00000000]
trunc_ln820_2                         (partselect       ) [ 00000000]
select_ln820_1                        (select           ) [ 00000000]
zext_ln817_1                          (zext             ) [ 00000000]
CV                                    (sub              ) [ 00000000]
r                                     (select           ) [ 01000011]
b                                     (select           ) [ 01000011]
br_ln826                              (br               ) [ 01000011]
zext_ln763                            (zext             ) [ 00000000]
zext_ln765                            (zext             ) [ 00000000]
r_1                                   (phi              ) [ 01000001]
b_1                                   (phi              ) [ 01000001]
tmp_6                                 (bitselect        ) [ 00000000]
tmp_7                                 (partselect       ) [ 00000000]
icmp_ln827                            (icmp             ) [ 00000000]
trunc_ln827                           (trunc            ) [ 00000000]
xor_ln827                             (xor              ) [ 00000000]
select_ln827_1                        (select           ) [ 00000000]
or_ln827                              (or               ) [ 00000000]
select_ln827                          (select           ) [ 00000000]
tmp_8                                 (bitselect        ) [ 00000000]
tmp_9                                 (partselect       ) [ 00000000]
icmp_ln829                            (icmp             ) [ 00000000]
trunc_ln829                           (trunc            ) [ 00000000]
xor_ln829                             (xor              ) [ 00000000]
select_ln829_1                        (select           ) [ 00000000]
or_ln829                              (or               ) [ 00000000]
select_ln829                          (select           ) [ 00000000]
or_ln835_3_i                          (bitconcatenate   ) [ 00000000]
write_ln835                           (write            ) [ 00000000]
br_ln836                              (br               ) [ 00000000]
store_ln0                             (store            ) [ 00000000]
store_ln0                             (store            ) [ 00000000]
store_ln0                             (store            ) [ 00000000]
store_ln0                             (store            ) [ 00000000]
store_ln0                             (store            ) [ 00000000]
store_ln0                             (store            ) [ 00000000]
store_ln0                             (store            ) [ 00000000]
store_ln0                             (store            ) [ 00000000]
store_ln0                             (store            ) [ 00000000]
store_ln0                             (store            ) [ 00000000]
store_ln0                             (store            ) [ 00000000]
store_ln0                             (store            ) [ 00000000]
store_ln0                             (store            ) [ 00000000]
store_ln0                             (store            ) [ 00000000]
store_ln0                             (store            ) [ 00000000]
ret_ln0                               (ret              ) [ 00000000]
</LifeTime>

<model>

<comp_list>
<comp id="0" class="1000" name="p_0_2_0_0_09091530_lcssa1567_i">
<pin_list>
<pin id="1" dir="1" index="0" bw="1" slack="0"/>
</pin_list>
<bind>
<StgValue><ssdm name="p_0_2_0_0_09091530_lcssa1567_i"/></StgValue>
</bind>
</comp>

<comp id="2" class="1000" name="p_0_1_0_0_09081528_lcssa1565_i">
<pin_list>
<pin id="3" dir="1" index="0" bw="1" slack="0"/>
</pin_list>
<bind>
<StgValue><ssdm name="p_0_1_0_0_09081528_lcssa1565_i"/></StgValue>
</bind>
</comp>

<comp id="4" class="1000" name="p_0_0_0_0_09071526_lcssa1563_i">
<pin_list>
<pin id="5" dir="1" index="0" bw="1" slack="0"/>
</pin_list>
<bind>
<StgValue><ssdm name="p_0_0_0_0_09071526_lcssa1563_i"/></StgValue>
</bind>
</comp>

<comp id="6" class="1000" name="p_0_0_0938_115131525_lcssa1561_i">
<pin_list>
<pin id="7" dir="1" index="0" bw="1" slack="0"/>
</pin_list>
<bind>
<StgValue><ssdm name="p_0_0_0938_115131525_lcssa1561_i"/></StgValue>
</bind>
</comp>

<comp id="8" class="1000" name="p_0_0_0939_115111523_lcssa1559_i">
<pin_list>
<pin id="9" dir="1" index="0" bw="1" slack="0"/>
</pin_list>
<bind>
<StgValue><ssdm name="p_0_0_0939_115111523_lcssa1559_i"/></StgValue>
</bind>
</comp>

<comp id="10" class="1000" name="p_0_0_0940_115091521_lcssa1557_i">
<pin_list>
<pin id="11" dir="1" index="0" bw="1" slack="0"/>
</pin_list>
<bind>
<StgValue><ssdm name="p_0_0_0940_115091521_lcssa1557_i"/></StgValue>
</bind>
</comp>

<comp id="12" class="1000" name="p_0_2_0_0_09151518_lcssa1555_i">
<pin_list>
<pin id="13" dir="1" index="0" bw="1" slack="0"/>
</pin_list>
<bind>
<StgValue><ssdm name="p_0_2_0_0_09151518_lcssa1555_i"/></StgValue>
</bind>
</comp>

<comp id="14" class="1000" name="p_0_1_0_0_09141516_lcssa1553_i">
<pin_list>
<pin id="15" dir="1" index="0" bw="1" slack="0"/>
</pin_list>
<bind>
<StgValue><ssdm name="p_0_1_0_0_09141516_lcssa1553_i"/></StgValue>
</bind>
</comp>

<comp id="16" class="1000" name="p_0_0_0_0_09131514_lcssa1551_i">
<pin_list>
<pin id="17" dir="1" index="0" bw="1" slack="0"/>
</pin_list>
<bind>
<StgValue><ssdm name="p_0_0_0_0_09131514_lcssa1551_i"/></StgValue>
</bind>
</comp>

<comp id="18" class="1000" name="p_0_0_0938_21453_lcssa1485_i">
<pin_list>
<pin id="19" dir="1" index="0" bw="1" slack="0"/>
</pin_list>
<bind>
<StgValue><ssdm name="p_0_0_0938_21453_lcssa1485_i"/></StgValue>
</bind>
</comp>

<comp id="20" class="1000" name="p_0_0_0939_21450_lcssa1483_i">
<pin_list>
<pin id="21" dir="1" index="0" bw="1" slack="0"/>
</pin_list>
<bind>
<StgValue><ssdm name="p_0_0_0939_21450_lcssa1483_i"/></StgValue>
</bind>
</comp>

<comp id="22" class="1000" name="p_0_0_0940_21447_lcssa1481_i">
<pin_list>
<pin id="23" dir="1" index="0" bw="1" slack="0"/>
</pin_list>
<bind>
<StgValue><ssdm name="p_0_0_0940_21447_lcssa1481_i"/></StgValue>
</bind>
</comp>

<comp id="24" class="1000" name="p_0_0_09381423_lcssa1473_i">
<pin_list>
<pin id="25" dir="1" index="0" bw="1" slack="0"/>
</pin_list>
<bind>
<StgValue><ssdm name="p_0_0_09381423_lcssa1473_i"/></StgValue>
</bind>
</comp>

<comp id="26" class="1000" name="p_0_0_09391420_lcssa1471_i">
<pin_list>
<pin id="27" dir="1" index="0" bw="1" slack="0"/>
</pin_list>
<bind>
<StgValue><ssdm name="p_0_0_09391420_lcssa1471_i"/></StgValue>
</bind>
</comp>

<comp id="28" class="1000" name="p_0_0_09401417_lcssa1469_i">
<pin_list>
<pin id="29" dir="1" index="0" bw="1" slack="0"/>
</pin_list>
<bind>
<StgValue><ssdm name="p_0_0_09401417_lcssa1469_i"/></StgValue>
</bind>
</comp>

<comp id="30" class="1000" name="xor_ln772">
<pin_list>
<pin id="31" dir="1" index="0" bw="1" slack="0"/>
</pin_list>
<bind>
<StgValue><ssdm name="xor_ln772"/></StgValue>
</bind>
</comp>

<comp id="32" class="1000" name="trunc_ln">
<pin_list>
<pin id="33" dir="1" index="0" bw="1" slack="0"/>
</pin_list>
<bind>
<StgValue><ssdm name="trunc_ln"/></StgValue>
</bind>
</comp>

<comp id="34" class="1000" name="y">
<pin_list>
<pin id="35" dir="1" index="0" bw="1" slack="0"/>
</pin_list>
<bind>
<StgValue><ssdm name="y"/></StgValue>
</bind>
</comp>

<comp id="36" class="1000" name="height_val4_load">
<pin_list>
<pin id="37" dir="1" index="0" bw="1" slack="0"/>
</pin_list>
<bind>
<StgValue><ssdm name="height_val4_load"/></StgValue>
</bind>
</comp>

<comp id="38" class="1000" name="loopWidth">
<pin_list>
<pin id="39" dir="1" index="0" bw="1" slack="0"/>
</pin_list>
<bind>
<StgValue><ssdm name="loopWidth"/></StgValue>
</bind>
</comp>

<comp id="40" class="1000" name="empty">
<pin_list>
<pin id="41" dir="1" index="0" bw="1" slack="0"/>
</pin_list>
<bind>
<StgValue><ssdm name="empty"/></StgValue>
</bind>
</comp>

<comp id="42" class="1000" name="xor_ln772_1">
<pin_list>
<pin id="43" dir="1" index="0" bw="1" slack="0"/>
</pin_list>
<bind>
<StgValue><ssdm name="xor_ln772_1"/></StgValue>
</bind>
</comp>

<comp id="44" class="1000" name="width_val8_load">
<pin_list>
<pin id="45" dir="1" index="0" bw="1" slack="0"/>
</pin_list>
<bind>
<StgValue><ssdm name="width_val8_load"/></StgValue>
</bind>
</comp>

<comp id="46" class="1000" name="imgG">
<pin_list>
<pin id="47" dir="1" index="0" bw="1" slack="0"/>
</pin_list>
<bind>
<StgValue><ssdm name="imgG"/></StgValue>
</bind>
</comp>

<comp id="48" class="1000" name="imgRB">
<pin_list>
<pin id="49" dir="1" index="0" bw="1" slack="0"/>
</pin_list>
<bind>
<StgValue><ssdm name="imgRB"/></StgValue>
</bind>
</comp>

<comp id="50" class="1000" name="p_0_2_0_0_09091531_i_out">
<pin_list>
<pin id="51" dir="1" index="0" bw="1" slack="0"/>
</pin_list>
<bind>
<StgValue><ssdm name="p_0_2_0_0_09091531_i_out"/></StgValue>
</bind>
</comp>

<comp id="52" class="1000" name="p_0_1_0_0_09081529_i_out">
<pin_list>
<pin id="53" dir="1" index="0" bw="1" slack="0"/>
</pin_list>
<bind>
<StgValue><ssdm name="p_0_1_0_0_09081529_i_out"/></StgValue>
</bind>
</comp>

<comp id="54" class="1000" name="p_0_0_0_0_09071527_i_out">
<pin_list>
<pin id="55" dir="1" index="0" bw="1" slack="0"/>
</pin_list>
<bind>
<StgValue><ssdm name="p_0_0_0_0_09071527_i_out"/></StgValue>
</bind>
</comp>

<comp id="56" class="1000" name="p_0_0_0938_115131524_i_out">
<pin_list>
<pin id="57" dir="1" index="0" bw="1" slack="0"/>
</pin_list>
<bind>
<StgValue><ssdm name="p_0_0_0938_115131524_i_out"/></StgValue>
</bind>
</comp>

<comp id="58" class="1000" name="p_0_0_0939_115111522_i_out">
<pin_list>
<pin id="59" dir="1" index="0" bw="1" slack="0"/>
</pin_list>
<bind>
<StgValue><ssdm name="p_0_0_0939_115111522_i_out"/></StgValue>
</bind>
</comp>

<comp id="60" class="1000" name="p_0_0_0940_115091520_i_out">
<pin_list>
<pin id="61" dir="1" index="0" bw="1" slack="0"/>
</pin_list>
<bind>
<StgValue><ssdm name="p_0_0_0940_115091520_i_out"/></StgValue>
</bind>
</comp>

<comp id="62" class="1000" name="p_0_2_0_0_09151519_i_out">
<pin_list>
<pin id="63" dir="1" index="0" bw="1" slack="0"/>
</pin_list>
<bind>
<StgValue><ssdm name="p_0_2_0_0_09151519_i_out"/></StgValue>
</bind>
</comp>

<comp id="64" class="1000" name="p_0_1_0_0_09141517_i_out">
<pin_list>
<pin id="65" dir="1" index="0" bw="1" slack="0"/>
</pin_list>
<bind>
<StgValue><ssdm name="p_0_1_0_0_09141517_i_out"/></StgValue>
</bind>
</comp>

<comp id="66" class="1000" name="p_0_0_0_0_09131515_i_out">
<pin_list>
<pin id="67" dir="1" index="0" bw="1" slack="0"/>
</pin_list>
<bind>
<StgValue><ssdm name="p_0_0_0_0_09131515_i_out"/></StgValue>
</bind>
</comp>

<comp id="68" class="1000" name="p_0_0_0938_21452_i_out">
<pin_list>
<pin id="69" dir="1" index="0" bw="1" slack="0"/>
</pin_list>
<bind>
<StgValue><ssdm name="p_0_0_0938_21452_i_out"/></StgValue>
</bind>
</comp>

<comp id="70" class="1000" name="p_0_0_0939_21449_i_out">
<pin_list>
<pin id="71" dir="1" index="0" bw="1" slack="0"/>
</pin_list>
<bind>
<StgValue><ssdm name="p_0_0_0939_21449_i_out"/></StgValue>
</bind>
</comp>

<comp id="72" class="1000" name="p_0_0_0940_21446_i_out">
<pin_list>
<pin id="73" dir="1" index="0" bw="1" slack="0"/>
</pin_list>
<bind>
<StgValue><ssdm name="p_0_0_0940_21446_i_out"/></StgValue>
</bind>
</comp>

<comp id="74" class="1000" name="p_0_0_09381422_i_out">
<pin_list>
<pin id="75" dir="1" index="0" bw="1" slack="0"/>
</pin_list>
<bind>
<StgValue><ssdm name="p_0_0_09381422_i_out"/></StgValue>
</bind>
</comp>

<comp id="76" class="1000" name="p_0_0_09391419_i_out">
<pin_list>
<pin id="77" dir="1" index="0" bw="1" slack="0"/>
</pin_list>
<bind>
<StgValue><ssdm name="p_0_0_09391419_i_out"/></StgValue>
</bind>
</comp>

<comp id="78" class="1000" name="p_0_0_09401416_i_out">
<pin_list>
<pin id="79" dir="1" index="0" bw="1" slack="0"/>
</pin_list>
<bind>
<StgValue><ssdm name="p_0_0_09401416_i_out"/></StgValue>
</bind>
</comp>

<comp id="80" class="1001" name="const_80">
<pin_list>
<pin id="81" dir="1" index="0" bw="1" slack="0"/>
</pin_list>
<bind>
<StgValue><ssdm name=""/></StgValue>
</bind>
</comp>

<comp id="82" class="1001" name="const_82">
<pin_list>
<pin id="83" dir="1" index="0" bw="1" slack="2147483647"/>
</pin_list>
<bind>
<StgValue><ssdm name="_ssdm_op_SpecInterface"/></StgValue>
</bind>
</comp>

<comp id="84" class="1001" name="const_84">
<pin_list>
<pin id="85" dir="1" index="0" bw="1" slack="2147483647"/>
</pin_list>
<bind>
<StgValue><ssdm name="empty_20"/></StgValue>
</bind>
</comp>

<comp id="86" class="1001" name="const_86">
<pin_list>
<pin id="87" dir="1" index="0" bw="1" slack="2147483647"/>
</pin_list>
<bind>
<StgValue><ssdm name=""/></StgValue>
</bind>
</comp>

<comp id="88" class="1001" name="const_88">
<pin_list>
<pin id="89" dir="1" index="0" bw="1" slack="2147483647"/>
</pin_list>
<bind>
<StgValue><ssdm name="empty_14"/></StgValue>
</bind>
</comp>

<comp id="90" class="1001" name="const_90">
<pin_list>
<pin id="91" dir="1" index="0" bw="1" slack="2147483647"/>
</pin_list>
<bind>
<StgValue><ssdm name=""/></StgValue>
</bind>
</comp>

<comp id="92" class="1001" name="const_92">
<pin_list>
<pin id="93" dir="1" index="0" bw="1" slack="0"/>
</pin_list>
<bind>
<StgValue><ssdm name="_ssdm_op_Read.ap_auto.i11"/></StgValue>
</bind>
</comp>

<comp id="94" class="1001" name="const_94">
<pin_list>
<pin id="95" dir="1" index="0" bw="1" slack="0"/>
</pin_list>
<bind>
<StgValue><ssdm name="_ssdm_op_Read.ap_auto.i15"/></StgValue>
</bind>
</comp>

<comp id="96" class="1001" name="const_96">
<pin_list>
<pin id="97" dir="1" index="0" bw="1" slack="0"/>
</pin_list>
<bind>
<StgValue><ssdm name="_ssdm_op_Read.ap_auto.i1"/></StgValue>
</bind>
</comp>

<comp id="98" class="1001" name="const_98">
<pin_list>
<pin id="99" dir="1" index="0" bw="1" slack="0"/>
</pin_list>
<bind>
<StgValue><ssdm name="_ssdm_op_Read.ap_auto.i10"/></StgValue>
</bind>
</comp>

<comp id="100" class="1001" name="const_100">
<pin_list>
<pin id="101" dir="1" index="0" bw="1" slack="0"/>
</pin_list>
<bind>
<StgValue><ssdm name=""/></StgValue>
</bind>
</comp>

<comp id="102" class="1001" name="const_102">
<pin_list>
<pin id="103" dir="1" index="0" bw="1" slack="0"/>
</pin_list>
<bind>
<StgValue><ssdm name=""/></StgValue>
</bind>
</comp>

<comp id="104" class="1001" name="const_104">
<pin_list>
<pin id="105" dir="1" index="0" bw="1" slack="0"/>
</pin_list>
<bind>
<StgValue><ssdm name=""/></StgValue>
</bind>
</comp>

<comp id="106" class="1001" name="const_106">
<pin_list>
<pin id="107" dir="1" index="0" bw="1" slack="2147483647"/>
</pin_list>
<bind>
<StgValue><ssdm name="_ssdm_op_SpecPipeline"/></StgValue>
</bind>
</comp>

<comp id="108" class="1001" name="const_108">
<pin_list>
<pin id="109" dir="1" index="0" bw="1" slack="2147483647"/>
</pin_list>
<bind>
<StgValue><ssdm name="_ssdm_op_SpecLoopName"/></StgValue>
</bind>
</comp>

<comp id="110" class="1001" name="const_110">
<pin_list>
<pin id="111" dir="1" index="0" bw="1" slack="2147483647"/>
</pin_list>
<bind>
<StgValue><ssdm name="empty_6"/></StgValue>
</bind>
</comp>

<comp id="112" class="1001" name="const_112">
<pin_list>
<pin id="113" dir="1" index="0" bw="1" slack="0"/>
</pin_list>
<bind>
<StgValue><ssdm name=""/></StgValue>
</bind>
</comp>

<comp id="114" class="1001" name="const_114">
<pin_list>
<pin id="115" dir="1" index="0" bw="1" slack="0"/>
</pin_list>
<bind>
<StgValue><ssdm name=""/></StgValue>
</bind>
</comp>

<comp id="116" class="1001" name="const_116">
<pin_list>
<pin id="117" dir="1" index="0" bw="1" slack="0"/>
</pin_list>
<bind>
<StgValue><ssdm name="_ssdm_op_PartSelect.i10.i30.i32"/></StgValue>
</bind>
</comp>

<comp id="118" class="1001" name="const_118">
<pin_list>
<pin id="119" dir="1" index="0" bw="1" slack="0"/>
</pin_list>
<bind>
<StgValue><ssdm name=""/></StgValue>
</bind>
</comp>

<comp id="120" class="1001" name="const_120">
<pin_list>
<pin id="121" dir="1" index="0" bw="1" slack="0"/>
</pin_list>
<bind>
<StgValue><ssdm name=""/></StgValue>
</bind>
</comp>

<comp id="122" class="1001" name="const_122">
<pin_list>
<pin id="123" dir="1" index="0" bw="1" slack="0"/>
</pin_list>
<bind>
<StgValue><ssdm name="_ssdm_op_Read.ap_fifo.volatile.i30P0A"/></StgValue>
</bind>
</comp>

<comp id="124" class="1001" name="const_124">
<pin_list>
<pin id="125" dir="1" index="0" bw="1" slack="0"/>
</pin_list>
<bind>
<StgValue><ssdm name="_ssdm_op_PartSelect.i10.i30.i32.i32"/></StgValue>
</bind>
</comp>

<comp id="126" class="1001" name="const_126">
<pin_list>
<pin id="127" dir="1" index="0" bw="1" slack="0"/>
</pin_list>
<bind>
<StgValue><ssdm name=""/></StgValue>
</bind>
</comp>

<comp id="128" class="1001" name="const_128">
<pin_list>
<pin id="129" dir="1" index="0" bw="1" slack="0"/>
</pin_list>
<bind>
<StgValue><ssdm name=""/></StgValue>
</bind>
</comp>

<comp id="130" class="1001" name="const_130">
<pin_list>
<pin id="131" dir="1" index="0" bw="1" slack="0"/>
</pin_list>
<bind>
<StgValue><ssdm name="_ssdm_op_BitConcatenate.i30.i10.i10.i10"/></StgValue>
</bind>
</comp>

<comp id="132" class="1001" name="const_132">
<pin_list>
<pin id="133" dir="1" index="0" bw="1" slack="0"/>
</pin_list>
<bind>
<StgValue><ssdm name="_ssdm_op_BitSelect.i1.i11.i32"/></StgValue>
</bind>
</comp>

<comp id="134" class="1001" name="const_134">
<pin_list>
<pin id="135" dir="1" index="0" bw="1" slack="0"/>
</pin_list>
<bind>
<StgValue><ssdm name=""/></StgValue>
</bind>
</comp>

<comp id="136" class="1001" name="const_136">
<pin_list>
<pin id="137" dir="1" index="0" bw="1" slack="2147483647"/>
</pin_list>
<bind>
<StgValue><ssdm name="_ssdm_op_SpecLoopTripCount"/></StgValue>
</bind>
</comp>

<comp id="138" class="1001" name="const_138">
<pin_list>
<pin id="139" dir="1" index="0" bw="1" slack="2147483647"/>
</pin_list>
<bind>
<StgValue><ssdm name=""/></StgValue>
</bind>
</comp>

<comp id="140" class="1001" name="const_140">
<pin_list>
<pin id="141" dir="1" index="0" bw="1" slack="0"/>
</pin_list>
<bind>
<StgValue><ssdm name="_ssdm_op_BitConcatenate.i2.i1.i1"/></StgValue>
</bind>
</comp>

<comp id="142" class="1001" name="const_142">
<pin_list>
<pin id="143" dir="1" index="0" bw="1" slack="0"/>
</pin_list>
<bind>
<StgValue><ssdm name="_ssdm_op_BitConcatenate.i3.i1.i2"/></StgValue>
</bind>
</comp>

<comp id="144" class="1001" name="const_144">
<pin_list>
<pin id="145" dir="1" index="0" bw="1" slack="0"/>
</pin_list>
<bind>
<StgValue><ssdm name="_ssdm_op_BitConcatenate.i4.i1.i3"/></StgValue>
</bind>
</comp>

<comp id="146" class="1001" name="const_146">
<pin_list>
<pin id="147" dir="1" index="0" bw="1" slack="0"/>
</pin_list>
<bind>
<StgValue><ssdm name="_ssdm_op_BitConcatenate.i5.i1.i4"/></StgValue>
</bind>
</comp>

<comp id="148" class="1001" name="const_148">
<pin_list>
<pin id="149" dir="1" index="0" bw="1" slack="0"/>
</pin_list>
<bind>
<StgValue><ssdm name="_ssdm_op_BitConcatenate.i6.i1.i5"/></StgValue>
</bind>
</comp>

<comp id="150" class="1001" name="const_150">
<pin_list>
<pin id="151" dir="1" index="0" bw="1" slack="0"/>
</pin_list>
<bind>
<StgValue><ssdm name=""/></StgValue>
</bind>
</comp>

<comp id="152" class="1001" name="const_152">
<pin_list>
<pin id="153" dir="1" index="0" bw="1" slack="0"/>
</pin_list>
<bind>
<StgValue><ssdm name=""/></StgValue>
</bind>
</comp>

<comp id="154" class="1001" name="const_154">
<pin_list>
<pin id="155" dir="1" index="0" bw="1" slack="0"/>
</pin_list>
<bind>
<StgValue><ssdm name=""/></StgValue>
</bind>
</comp>

<comp id="156" class="1001" name="const_156">
<pin_list>
<pin id="157" dir="1" index="0" bw="1" slack="0"/>
</pin_list>
<bind>
<StgValue><ssdm name=""/></StgValue>
</bind>
</comp>

<comp id="158" class="1001" name="const_158">
<pin_list>
<pin id="159" dir="1" index="0" bw="1" slack="0"/>
</pin_list>
<bind>
<StgValue><ssdm name=""/></StgValue>
</bind>
</comp>

<comp id="160" class="1001" name="const_160">
<pin_list>
<pin id="161" dir="1" index="0" bw="1" slack="0"/>
</pin_list>
<bind>
<StgValue><ssdm name=""/></StgValue>
</bind>
</comp>

<comp id="162" class="1001" name="const_162">
<pin_list>
<pin id="163" dir="1" index="0" bw="1" slack="0"/>
</pin_list>
<bind>
<StgValue><ssdm name=""/></StgValue>
</bind>
</comp>

<comp id="164" class="1001" name="const_164">
<pin_list>
<pin id="165" dir="1" index="0" bw="1" slack="0"/>
</pin_list>
<bind>
<StgValue><ssdm name=""/></StgValue>
</bind>
</comp>

<comp id="166" class="1001" name="const_166">
<pin_list>
<pin id="167" dir="1" index="0" bw="1" slack="0"/>
</pin_list>
<bind>
<StgValue><ssdm name=""/></StgValue>
</bind>
</comp>

<comp id="168" class="1001" name="const_168">
<pin_list>
<pin id="169" dir="1" index="0" bw="1" slack="0"/>
</pin_list>
<bind>
<StgValue><ssdm name=""/></StgValue>
</bind>
</comp>

<comp id="170" class="1001" name="const_170">
<pin_list>
<pin id="171" dir="1" index="0" bw="1" slack="0"/>
</pin_list>
<bind>
<StgValue><ssdm name=""/></StgValue>
</bind>
</comp>

<comp id="172" class="1001" name="const_172">
<pin_list>
<pin id="173" dir="1" index="0" bw="1" slack="0"/>
</pin_list>
<bind>
<StgValue><ssdm name=""/></StgValue>
</bind>
</comp>

<comp id="174" class="1001" name="const_174">
<pin_list>
<pin id="175" dir="1" index="0" bw="1" slack="0"/>
</pin_list>
<bind>
<StgValue><ssdm name=""/></StgValue>
</bind>
</comp>

<comp id="176" class="1001" name="const_176">
<pin_list>
<pin id="177" dir="1" index="0" bw="1" slack="0"/>
</pin_list>
<bind>
<StgValue><ssdm name=""/></StgValue>
</bind>
</comp>

<comp id="178" class="1001" name="const_178">
<pin_list>
<pin id="179" dir="1" index="0" bw="1" slack="0"/>
</pin_list>
<bind>
<StgValue><ssdm name=""/></StgValue>
</bind>
</comp>

<comp id="180" class="1001" name="const_180">
<pin_list>
<pin id="181" dir="1" index="0" bw="1" slack="0"/>
</pin_list>
<bind>
<StgValue><ssdm name=""/></StgValue>
</bind>
</comp>

<comp id="182" class="1001" name="const_182">
<pin_list>
<pin id="183" dir="1" index="0" bw="1" slack="0"/>
</pin_list>
<bind>
<StgValue><ssdm name=""/></StgValue>
</bind>
</comp>

<comp id="184" class="1001" name="const_184">
<pin_list>
<pin id="185" dir="1" index="0" bw="1" slack="0"/>
</pin_list>
<bind>
<StgValue><ssdm name=""/></StgValue>
</bind>
</comp>

<comp id="186" class="1001" name="const_186">
<pin_list>
<pin id="187" dir="1" index="0" bw="1" slack="0"/>
</pin_list>
<bind>
<StgValue><ssdm name=""/></StgValue>
</bind>
</comp>

<comp id="188" class="1001" name="const_188">
<pin_list>
<pin id="189" dir="1" index="0" bw="1" slack="0"/>
</pin_list>
<bind>
<StgValue><ssdm name=""/></StgValue>
</bind>
</comp>

<comp id="190" class="1001" name="const_190">
<pin_list>
<pin id="191" dir="1" index="0" bw="1" slack="0"/>
</pin_list>
<bind>
<StgValue><ssdm name=""/></StgValue>
</bind>
</comp>

<comp id="192" class="1001" name="const_192">
<pin_list>
<pin id="193" dir="1" index="0" bw="1" slack="0"/>
</pin_list>
<bind>
<StgValue><ssdm name=""/></StgValue>
</bind>
</comp>

<comp id="194" class="1001" name="const_194">
<pin_list>
<pin id="195" dir="1" index="0" bw="1" slack="0"/>
</pin_list>
<bind>
<StgValue><ssdm name=""/></StgValue>
</bind>
</comp>

<comp id="196" class="1001" name="const_196">
<pin_list>
<pin id="197" dir="1" index="0" bw="1" slack="0"/>
</pin_list>
<bind>
<StgValue><ssdm name=""/></StgValue>
</bind>
</comp>

<comp id="198" class="1001" name="const_198">
<pin_list>
<pin id="199" dir="1" index="0" bw="1" slack="0"/>
</pin_list>
<bind>
<StgValue><ssdm name=""/></StgValue>
</bind>
</comp>

<comp id="200" class="1001" name="const_200">
<pin_list>
<pin id="201" dir="1" index="0" bw="1" slack="0"/>
</pin_list>
<bind>
<StgValue><ssdm name=""/></StgValue>
</bind>
</comp>

<comp id="202" class="1001" name="const_202">
<pin_list>
<pin id="203" dir="1" index="0" bw="1" slack="0"/>
</pin_list>
<bind>
<StgValue><ssdm name="_ssdm_op_BitSelect.i1.i13.i32"/></StgValue>
</bind>
</comp>

<comp id="204" class="1001" name="const_204">
<pin_list>
<pin id="205" dir="1" index="0" bw="1" slack="0"/>
</pin_list>
<bind>
<StgValue><ssdm name=""/></StgValue>
</bind>
</comp>

<comp id="206" class="1001" name="const_206">
<pin_list>
<pin id="207" dir="1" index="0" bw="1" slack="0"/>
</pin_list>
<bind>
<StgValue><ssdm name=""/></StgValue>
</bind>
</comp>

<comp id="208" class="1001" name="const_208">
<pin_list>
<pin id="209" dir="1" index="0" bw="1" slack="0"/>
</pin_list>
<bind>
<StgValue><ssdm name="_ssdm_op_PartSelect.i12.i13.i32.i32"/></StgValue>
</bind>
</comp>

<comp id="210" class="1001" name="const_210">
<pin_list>
<pin id="211" dir="1" index="0" bw="1" slack="0"/>
</pin_list>
<bind>
<StgValue><ssdm name=""/></StgValue>
</bind>
</comp>

<comp id="212" class="1001" name="const_212">
<pin_list>
<pin id="213" dir="1" index="0" bw="1" slack="0"/>
</pin_list>
<bind>
<StgValue><ssdm name="_ssdm_op_BitSelect.i1.i12.i32"/></StgValue>
</bind>
</comp>

<comp id="214" class="1001" name="const_214">
<pin_list>
<pin id="215" dir="1" index="0" bw="1" slack="0"/>
</pin_list>
<bind>
<StgValue><ssdm name=""/></StgValue>
</bind>
</comp>

<comp id="216" class="1001" name="const_216">
<pin_list>
<pin id="217" dir="1" index="0" bw="1" slack="0"/>
</pin_list>
<bind>
<StgValue><ssdm name="_ssdm_op_PartSelect.i2.i12.i32.i32"/></StgValue>
</bind>
</comp>

<comp id="218" class="1001" name="const_218">
<pin_list>
<pin id="219" dir="1" index="0" bw="1" slack="0"/>
</pin_list>
<bind>
<StgValue><ssdm name=""/></StgValue>
</bind>
</comp>

<comp id="220" class="1001" name="const_220">
<pin_list>
<pin id="221" dir="1" index="0" bw="1" slack="0"/>
</pin_list>
<bind>
<StgValue><ssdm name=""/></StgValue>
</bind>
</comp>

<comp id="222" class="1001" name="const_222">
<pin_list>
<pin id="223" dir="1" index="0" bw="1" slack="0"/>
</pin_list>
<bind>
<StgValue><ssdm name="_ssdm_op_Write.ap_fifo.volatile.i30P0A"/></StgValue>
</bind>
</comp>

<comp id="224" class="1004" name="x_fu_224">
<pin_list>
<pin id="225" dir="0" index="0" bw="1" slack="0"/>
<pin id="226" dir="1" index="1" bw="11" slack="0"/>
</pin_list>
<bind>
<opcode="alloca(26) " fcode="alloca"/>
<opset="x/1 "/>
</bind>
</comp>

<comp id="228" class="1004" name="p_0_0_0_0_09131515_i_fu_228">
<pin_list>
<pin id="229" dir="0" index="0" bw="1" slack="0"/>
<pin id="230" dir="1" index="1" bw="10" slack="0"/>
</pin_list>
<bind>
<opcode="alloca(26) " fcode="alloca"/>
<opset="p_0_0_0_0_09131515_i/1 "/>
</bind>
</comp>

<comp id="232" class="1004" name="p_0_1_0_0_09141517_i_fu_232">
<pin_list>
<pin id="233" dir="0" index="0" bw="1" slack="0"/>
<pin id="234" dir="1" index="1" bw="10" slack="0"/>
</pin_list>
<bind>
<opcode="alloca(26) " fcode="alloca"/>
<opset="p_0_1_0_0_09141517_i/1 "/>
</bind>
</comp>

<comp id="236" class="1004" name="p_0_2_0_0_09151519_i_fu_236">
<pin_list>
<pin id="237" dir="0" index="0" bw="1" slack="0"/>
<pin id="238" dir="1" index="1" bw="10" slack="0"/>
</pin_list>
<bind>
<opcode="alloca(26) " fcode="alloca"/>
<opset="p_0_2_0_0_09151519_i/1 "/>
</bind>
</comp>

<comp id="240" class="1004" name="p_0_0_0940_115091520_i_fu_240">
<pin_list>
<pin id="241" dir="0" index="0" bw="1" slack="0"/>
<pin id="242" dir="1" index="1" bw="10" slack="0"/>
</pin_list>
<bind>
<opcode="alloca(26) " fcode="alloca"/>
<opset="p_0_0_0940_115091520_i/1 "/>
</bind>
</comp>

<comp id="244" class="1004" name="p_0_0_0939_115111522_i_fu_244">
<pin_list>
<pin id="245" dir="0" index="0" bw="1" slack="0"/>
<pin id="246" dir="1" index="1" bw="10" slack="0"/>
</pin_list>
<bind>
<opcode="alloca(26) " fcode="alloca"/>
<opset="p_0_0_0939_115111522_i/1 "/>
</bind>
</comp>

<comp id="248" class="1004" name="p_0_0_0938_115131524_i_fu_248">
<pin_list>
<pin id="249" dir="0" index="0" bw="1" slack="0"/>
<pin id="250" dir="1" index="1" bw="10" slack="0"/>
</pin_list>
<bind>
<opcode="alloca(26) " fcode="alloca"/>
<opset="p_0_0_0938_115131524_i/1 "/>
</bind>
</comp>

<comp id="252" class="1004" name="p_0_0_0_0_09071527_i_fu_252">
<pin_list>
<pin id="253" dir="0" index="0" bw="1" slack="0"/>
<pin id="254" dir="1" index="1" bw="10" slack="0"/>
</pin_list>
<bind>
<opcode="alloca(26) " fcode="alloca"/>
<opset="p_0_0_0_0_09071527_i/1 "/>
</bind>
</comp>

<comp id="256" class="1004" name="p_0_1_0_0_09081529_i_fu_256">
<pin_list>
<pin id="257" dir="0" index="0" bw="1" slack="0"/>
<pin id="258" dir="1" index="1" bw="10" slack="0"/>
</pin_list>
<bind>
<opcode="alloca(26) " fcode="alloca"/>
<opset="p_0_1_0_0_09081529_i/1 "/>
</bind>
</comp>

<comp id="260" class="1004" name="p_0_2_0_0_09091531_i_fu_260">
<pin_list>
<pin id="261" dir="0" index="0" bw="1" slack="0"/>
<pin id="262" dir="1" index="1" bw="10" slack="0"/>
</pin_list>
<bind>
<opcode="alloca(26) " fcode="alloca"/>
<opset="p_0_2_0_0_09091531_i/1 "/>
</bind>
</comp>

<comp id="264" class="1004" name="p_0_0_09401416_i_fu_264">
<pin_list>
<pin id="265" dir="0" index="0" bw="1" slack="0"/>
<pin id="266" dir="1" index="1" bw="10" slack="0"/>
</pin_list>
<bind>
<opcode="alloca(26) " fcode="alloca"/>
<opset="p_0_0_09401416_i/1 "/>
</bind>
</comp>

<comp id="268" class="1004" name="p_0_0_09391419_i_fu_268">
<pin_list>
<pin id="269" dir="0" index="0" bw="1" slack="0"/>
<pin id="270" dir="1" index="1" bw="10" slack="0"/>
</pin_list>
<bind>
<opcode="alloca(26) " fcode="alloca"/>
<opset="p_0_0_09391419_i/1 "/>
</bind>
</comp>

<comp id="272" class="1004" name="p_0_0_09381422_i_fu_272">
<pin_list>
<pin id="273" dir="0" index="0" bw="1" slack="0"/>
<pin id="274" dir="1" index="1" bw="10" slack="0"/>
</pin_list>
<bind>
<opcode="alloca(26) " fcode="alloca"/>
<opset="p_0_0_09381422_i/1 "/>
</bind>
</comp>

<comp id="276" class="1004" name="p_0_0_0940_21446_i_fu_276">
<pin_list>
<pin id="277" dir="0" index="0" bw="1" slack="0"/>
<pin id="278" dir="1" index="1" bw="10" slack="0"/>
</pin_list>
<bind>
<opcode="alloca(26) " fcode="alloca"/>
<opset="p_0_0_0940_21446_i/1 "/>
</bind>
</comp>

<comp id="280" class="1004" name="p_0_0_0939_21449_i_fu_280">
<pin_list>
<pin id="281" dir="0" index="0" bw="1" slack="0"/>
<pin id="282" dir="1" index="1" bw="10" slack="0"/>
</pin_list>
<bind>
<opcode="alloca(26) " fcode="alloca"/>
<opset="p_0_0_0939_21449_i/1 "/>
</bind>
</comp>

<comp id="284" class="1004" name="p_0_0_0938_21452_i_fu_284">
<pin_list>
<pin id="285" dir="0" index="0" bw="1" slack="0"/>
<pin id="286" dir="1" index="1" bw="10" slack="0"/>
</pin_list>
<bind>
<opcode="alloca(26) " fcode="alloca"/>
<opset="p_0_0_0938_21452_i/1 "/>
</bind>
</comp>

<comp id="288" class="1004" name="lineBuffer_1_alloca_fu_288">
<pin_list>
<pin id="289" dir="0" index="0" bw="1" slack="0"/>
<pin id="290" dir="1" index="1" bw="30" slack="0"/>
</pin_list>
<bind>
<opcode="alloca(26) " fcode="alloca"/>
<opset="lineBuffer_1/1 "/>
</bind>
</comp>

<comp id="292" class="1004" name="lineBuffer_alloca_fu_292">
<pin_list>
<pin id="293" dir="0" index="0" bw="1" slack="0"/>
<pin id="294" dir="1" index="1" bw="30" slack="0"/>
</pin_list>
<bind>
<opcode="alloca(26) " fcode="alloca"/>
<opset="lineBuffer/1 "/>
</bind>
</comp>

<comp id="296" class="1004" name="width_val8_load_read_read_fu_296">
<pin_list>
<pin id="297" dir="0" index="0" bw="11" slack="0"/>
<pin id="298" dir="0" index="1" bw="11" slack="0"/>
<pin id="299" dir="1" index="2" bw="11" slack="0"/>
</pin_list>
<bind>
<opcode="read(1150) " fcode="read"/>
<opset="width_val8_load_read/1 "/>
</bind>
</comp>

<comp id="302" class="1004" name="xor_ln772_1_read_read_fu_302">
<pin_list>
<pin id="303" dir="0" index="0" bw="15" slack="0"/>
<pin id="304" dir="0" index="1" bw="15" slack="0"/>
<pin id="305" dir="1" index="2" bw="15" slack="0"/>
</pin_list>
<bind>
<opcode="read(1150) " fcode="read"/>
<opset="xor_ln772_1_read/1 "/>
</bind>
</comp>

<comp id="308" class="1004" name="tmp_read_fu_308">
<pin_list>
<pin id="309" dir="0" index="0" bw="1" slack="0"/>
<pin id="310" dir="0" index="1" bw="1" slack="0"/>
<pin id="311" dir="1" index="2" bw="1" slack="0"/>
</pin_list>
<bind>
<opcode="read(1150) " fcode="read"/>
<opset="tmp/1 "/>
</bind>
</comp>

<comp id="314" class="1004" name="loopWidth_read_read_fu_314">
<pin_list>
<pin id="315" dir="0" index="0" bw="11" slack="0"/>
<pin id="316" dir="0" index="1" bw="11" slack="0"/>
<pin id="317" dir="1" index="2" bw="11" slack="0"/>
</pin_list>
<bind>
<opcode="read(1150) " fcode="read"/>
<opset="loopWidth_read/1 "/>
</bind>
</comp>

<comp id="320" class="1004" name="height_val4_load_read_read_fu_320">
<pin_list>
<pin id="321" dir="0" index="0" bw="11" slack="0"/>
<pin id="322" dir="0" index="1" bw="11" slack="0"/>
<pin id="323" dir="1" index="2" bw="11" slack="0"/>
</pin_list>
<bind>
<opcode="read(1150) " fcode="read"/>
<opset="height_val4_load_read/1 "/>
</bind>
</comp>

<comp id="326" class="1004" name="y_read_read_fu_326">
<pin_list>
<pin id="327" dir="0" index="0" bw="11" slack="0"/>
<pin id="328" dir="0" index="1" bw="11" slack="0"/>
<pin id="329" dir="1" index="2" bw="11" slack="0"/>
</pin_list>
<bind>
<opcode="read(1150) " fcode="read"/>
<opset="y_read/1 "/>
</bind>
</comp>

<comp id="332" class="1004" name="trunc_ln_read_read_fu_332">
<pin_list>
<pin id="333" dir="0" index="0" bw="15" slack="0"/>
<pin id="334" dir="0" index="1" bw="15" slack="0"/>
<pin id="335" dir="1" index="2" bw="15" slack="0"/>
</pin_list>
<bind>
<opcode="read(1150) " fcode="read"/>
<opset="trunc_ln_read/1 "/>
</bind>
</comp>

<comp id="338" class="1004" name="xor_ln772_read_read_fu_338">
<pin_list>
<pin id="339" dir="0" index="0" bw="1" slack="0"/>
<pin id="340" dir="0" index="1" bw="1" slack="0"/>
<pin id="341" dir="1" index="2" bw="1" slack="0"/>
</pin_list>
<bind>
<opcode="read(1150) " fcode="read"/>
<opset="xor_ln772_read/1 "/>
</bind>
</comp>

<comp id="344" class="1004" name="p_0_0_09401417_lcssa1469_i_read_read_fu_344">
<pin_list>
<pin id="345" dir="0" index="0" bw="10" slack="0"/>
<pin id="346" dir="0" index="1" bw="10" slack="0"/>
<pin id="347" dir="1" index="2" bw="10" slack="0"/>
</pin_list>
<bind>
<opcode="read(1150) " fcode="read"/>
<opset="p_0_0_09401417_lcssa1469_i_read/1 "/>
</bind>
</comp>

<comp id="350" class="1004" name="p_0_0_09391420_lcssa1471_i_read_read_fu_350">
<pin_list>
<pin id="351" dir="0" index="0" bw="10" slack="0"/>
<pin id="352" dir="0" index="1" bw="10" slack="0"/>
<pin id="353" dir="1" index="2" bw="10" slack="0"/>
</pin_list>
<bind>
<opcode="read(1150) " fcode="read"/>
<opset="p_0_0_09391420_lcssa1471_i_read/1 "/>
</bind>
</comp>

<comp id="356" class="1004" name="p_0_0_09381423_lcssa1473_i_read_read_fu_356">
<pin_list>
<pin id="357" dir="0" index="0" bw="10" slack="0"/>
<pin id="358" dir="0" index="1" bw="10" slack="0"/>
<pin id="359" dir="1" index="2" bw="10" slack="0"/>
</pin_list>
<bind>
<opcode="read(1150) " fcode="read"/>
<opset="p_0_0_09381423_lcssa1473_i_read/1 "/>
</bind>
</comp>

<comp id="362" class="1004" name="p_0_0_0940_21447_lcssa1481_i_read_read_fu_362">
<pin_list>
<pin id="363" dir="0" index="0" bw="10" slack="0"/>
<pin id="364" dir="0" index="1" bw="10" slack="0"/>
<pin id="365" dir="1" index="2" bw="10" slack="0"/>
</pin_list>
<bind>
<opcode="read(1150) " fcode="read"/>
<opset="p_0_0_0940_21447_lcssa1481_i_read/1 "/>
</bind>
</comp>

<comp id="368" class="1004" name="p_0_0_0939_21450_lcssa1483_i_read_read_fu_368">
<pin_list>
<pin id="369" dir="0" index="0" bw="10" slack="0"/>
<pin id="370" dir="0" index="1" bw="10" slack="0"/>
<pin id="371" dir="1" index="2" bw="10" slack="0"/>
</pin_list>
<bind>
<opcode="read(1150) " fcode="read"/>
<opset="p_0_0_0939_21450_lcssa1483_i_read/1 "/>
</bind>
</comp>

<comp id="374" class="1004" name="p_0_0_0938_21453_lcssa1485_i_read_read_fu_374">
<pin_list>
<pin id="375" dir="0" index="0" bw="10" slack="0"/>
<pin id="376" dir="0" index="1" bw="10" slack="0"/>
<pin id="377" dir="1" index="2" bw="10" slack="0"/>
</pin_list>
<bind>
<opcode="read(1150) " fcode="read"/>
<opset="p_0_0_0938_21453_lcssa1485_i_read/1 "/>
</bind>
</comp>

<comp id="380" class="1004" name="p_0_0_0_0_09131514_lcssa1551_i_read_read_fu_380">
<pin_list>
<pin id="381" dir="0" index="0" bw="10" slack="0"/>
<pin id="382" dir="0" index="1" bw="10" slack="0"/>
<pin id="383" dir="1" index="2" bw="10" slack="0"/>
</pin_list>
<bind>
<opcode="read(1150) " fcode="read"/>
<opset="p_0_0_0_0_09131514_lcssa1551_i_read/1 "/>
</bind>
</comp>

<comp id="386" class="1004" name="p_0_1_0_0_09141516_lcssa1553_i_read_read_fu_386">
<pin_list>
<pin id="387" dir="0" index="0" bw="10" slack="0"/>
<pin id="388" dir="0" index="1" bw="10" slack="0"/>
<pin id="389" dir="1" index="2" bw="10" slack="0"/>
</pin_list>
<bind>
<opcode="read(1150) " fcode="read"/>
<opset="p_0_1_0_0_09141516_lcssa1553_i_read/1 "/>
</bind>
</comp>

<comp id="392" class="1004" name="p_0_2_0_0_09151518_lcssa1555_i_read_read_fu_392">
<pin_list>
<pin id="393" dir="0" index="0" bw="10" slack="0"/>
<pin id="394" dir="0" index="1" bw="10" slack="0"/>
<pin id="395" dir="1" index="2" bw="10" slack="0"/>
</pin_list>
<bind>
<opcode="read(1150) " fcode="read"/>
<opset="p_0_2_0_0_09151518_lcssa1555_i_read/1 "/>
</bind>
</comp>

<comp id="398" class="1004" name="p_0_0_0940_115091521_lcssa1557_i_read_read_fu_398">
<pin_list>
<pin id="399" dir="0" index="0" bw="10" slack="0"/>
<pin id="400" dir="0" index="1" bw="10" slack="0"/>
<pin id="401" dir="1" index="2" bw="10" slack="0"/>
</pin_list>
<bind>
<opcode="read(1150) " fcode="read"/>
<opset="p_0_0_0940_115091521_lcssa1557_i_read/1 "/>
</bind>
</comp>

<comp id="404" class="1004" name="p_0_0_0939_115111523_lcssa1559_i_read_read_fu_404">
<pin_list>
<pin id="405" dir="0" index="0" bw="10" slack="0"/>
<pin id="406" dir="0" index="1" bw="10" slack="0"/>
<pin id="407" dir="1" index="2" bw="10" slack="0"/>
</pin_list>
<bind>
<opcode="read(1150) " fcode="read"/>
<opset="p_0_0_0939_115111523_lcssa1559_i_read/1 "/>
</bind>
</comp>

<comp id="410" class="1004" name="p_0_0_0938_115131525_lcssa1561_i_read_read_fu_410">
<pin_list>
<pin id="411" dir="0" index="0" bw="10" slack="0"/>
<pin id="412" dir="0" index="1" bw="10" slack="0"/>
<pin id="413" dir="1" index="2" bw="10" slack="0"/>
</pin_list>
<bind>
<opcode="read(1150) " fcode="read"/>
<opset="p_0_0_0938_115131525_lcssa1561_i_read/1 "/>
</bind>
</comp>

<comp id="416" class="1004" name="p_0_0_0_0_09071526_lcssa1563_i_read_read_fu_416">
<pin_list>
<pin id="417" dir="0" index="0" bw="10" slack="0"/>
<pin id="418" dir="0" index="1" bw="10" slack="0"/>
<pin id="419" dir="1" index="2" bw="10" slack="0"/>
</pin_list>
<bind>
<opcode="read(1150) " fcode="read"/>
<opset="p_0_0_0_0_09071526_lcssa1563_i_read/1 "/>
</bind>
</comp>

<comp id="422" class="1004" name="p_0_1_0_0_09081528_lcssa1565_i_read_read_fu_422">
<pin_list>
<pin id="423" dir="0" index="0" bw="10" slack="0"/>
<pin id="424" dir="0" index="1" bw="10" slack="0"/>
<pin id="425" dir="1" index="2" bw="10" slack="0"/>
</pin_list>
<bind>
<opcode="read(1150) " fcode="read"/>
<opset="p_0_1_0_0_09081528_lcssa1565_i_read/1 "/>
</bind>
</comp>

<comp id="428" class="1004" name="p_0_2_0_0_09091530_lcssa1567_i_read_read_fu_428">
<pin_list>
<pin id="429" dir="0" index="0" bw="10" slack="0"/>
<pin id="430" dir="0" index="1" bw="10" slack="0"/>
<pin id="431" dir="1" index="2" bw="10" slack="0"/>
</pin_list>
<bind>
<opcode="read(1150) " fcode="read"/>
<opset="p_0_2_0_0_09091530_lcssa1567_i_read/1 "/>
</bind>
</comp>

<comp id="434" class="1004" name="InPix_read_fu_434">
<pin_list>
<pin id="435" dir="0" index="0" bw="30" slack="0"/>
<pin id="436" dir="0" index="1" bw="30" slack="0"/>
<pin id="437" dir="1" index="2" bw="30" slack="0"/>
</pin_list>
<bind>
<opcode="read(1150) " fcode="read"/>
<opset="InPix/2 "/>
</bind>
</comp>

<comp id="440" class="1004" name="write_ln835_write_fu_440">
<pin_list>
<pin id="441" dir="0" index="0" bw="0" slack="0"/>
<pin id="442" dir="0" index="1" bw="30" slack="0"/>
<pin id="443" dir="0" index="2" bw="30" slack="0"/>
<pin id="444" dir="1" index="3" bw="0" slack="2147483647"/>
</pin_list>
<bind>
<opcode="write(1151) " fcode="write"/>
<opset="write_ln835/7 "/>
</bind>
</comp>

<comp id="447" class="1004" name="lineBuffer_addr_gep_fu_447">
<pin_list>
<pin id="448" dir="0" index="0" bw="30" slack="0"/>
<pin id="449" dir="0" index="1" bw="1" slack="0"/>
<pin id="450" dir="0" index="2" bw="11" slack="0"/>
<pin id="451" dir="1" index="3" bw="11" slack="0"/>
</pin_list>
<bind>
<opcode="getelementptr(29) " fcode="getelementptr"/>
<opset="lineBuffer_addr/1 "/>
</bind>
</comp>

<comp id="454" class="1004" name="grp_access_fu_454">
<pin_list>
<pin id="455" dir="0" index="0" bw="11" slack="1"/>
<pin id="456" dir="0" index="1" bw="30" slack="0"/>
<pin id="457" dir="0" index="2" bw="0" slack="0"/>
<pin id="459" dir="0" index="4" bw="11" slack="2147483647"/>
<pin id="460" dir="0" index="5" bw="30" slack="2147483647"/>
<pin id="461" dir="0" index="6" bw="0" slack="2147483647"/>
<pin id="458" dir="1" index="3" bw="30" slack="2147483647"/>
<pin id="462" dir="1" index="7" bw="30" slack="0"/>
</pin_list>
<bind>
<opcode="load(27) store(28) " fcode="store"/>
<opset="LineBufVal/1 store_ln812/2 "/>
</bind>
</comp>

<comp id="464" class="1004" name="lineBuffer_1_addr_gep_fu_464">
<pin_list>
<pin id="465" dir="0" index="0" bw="30" slack="0"/>
<pin id="466" dir="0" index="1" bw="1" slack="0"/>
<pin id="467" dir="0" index="2" bw="11" slack="0"/>
<pin id="468" dir="1" index="3" bw="11" slack="0"/>
</pin_list>
<bind>
<opcode="getelementptr(29) " fcode="getelementptr"/>
<opset="lineBuffer_1_addr/1 "/>
</bind>
</comp>

<comp id="471" class="1004" name="grp_access_fu_471">
<pin_list>
<pin id="472" dir="0" index="0" bw="11" slack="2"/>
<pin id="473" dir="0" index="1" bw="30" slack="0"/>
<pin id="474" dir="0" index="2" bw="0" slack="0"/>
<pin id="476" dir="0" index="4" bw="11" slack="2147483647"/>
<pin id="477" dir="0" index="5" bw="30" slack="2147483647"/>
<pin id="478" dir="0" index="6" bw="0" slack="2147483647"/>
<pin id="475" dir="1" index="3" bw="30" slack="2147483647"/>
<pin id="479" dir="1" index="7" bw="30" slack="0"/>
</pin_list>
<bind>
<opcode="load(27) store(28) " fcode="store"/>
<opset="LineBufVal_1/1 store_ln740/3 "/>
</bind>
</comp>

<comp id="482" class="1005" name="p_0_0_0939_21499_ph_i_reg_482">
<pin_list>
<pin id="483" dir="0" index="0" bw="10" slack="1"/>
<pin id="484" dir="1" index="1" bw="10" slack="1"/>
</pin_list>
<bind>
<opset="p_0_0_0939_21499_ph_i (phireg) "/>
</bind>
</comp>

<comp id="485" class="1004" name="p_0_0_0939_21499_ph_i_phi_fu_485">
<pin_list>
<pin id="486" dir="0" index="0" bw="10" slack="0"/>
<pin id="487" dir="0" index="1" bw="0" slack="2147483647"/>
<pin id="488" dir="0" index="2" bw="10" slack="0"/>
<pin id="489" dir="0" index="3" bw="0" slack="2147483647"/>
<pin id="490" dir="1" index="4" bw="10" slack="0"/>
</pin_list>
<bind>
<opcode="phi(47) " fcode="phi"/>
<opset="p_0_0_0939_21499_ph_i/2 "/>
</bind>
</comp>

<comp id="492" class="1005" name="p_0_0_0938_21501_ph_i_reg_492">
<pin_list>
<pin id="493" dir="0" index="0" bw="10" slack="1"/>
<pin id="494" dir="1" index="1" bw="10" slack="1"/>
</pin_list>
<bind>
<opset="p_0_0_0938_21501_ph_i (phireg) "/>
</bind>
</comp>

<comp id="495" class="1004" name="p_0_0_0938_21501_ph_i_phi_fu_495">
<pin_list>
<pin id="496" dir="0" index="0" bw="10" slack="1"/>
<pin id="497" dir="0" index="1" bw="0" slack="2147483647"/>
<pin id="498" dir="0" index="2" bw="10" slack="1"/>
<pin id="499" dir="0" index="3" bw="0" slack="2147483647"/>
<pin id="500" dir="1" index="4" bw="10" slack="0"/>
</pin_list>
<bind>
<opcode="phi(47) " fcode="phi"/>
<opset="p_0_0_0938_21501_ph_i/3 "/>
</bind>
</comp>

<comp id="502" class="1005" name="p_0_0_0940_21497_ph_i_reg_502">
<pin_list>
<pin id="503" dir="0" index="0" bw="10" slack="1"/>
<pin id="504" dir="1" index="1" bw="10" slack="1"/>
</pin_list>
<bind>
<opset="p_0_0_0940_21497_ph_i (phireg) "/>
</bind>
</comp>

<comp id="505" class="1004" name="p_0_0_0940_21497_ph_i_phi_fu_505">
<pin_list>
<pin id="506" dir="0" index="0" bw="10" slack="1"/>
<pin id="507" dir="0" index="1" bw="0" slack="2147483647"/>
<pin id="508" dir="0" index="2" bw="10" slack="1"/>
<pin id="509" dir="0" index="3" bw="0" slack="2147483647"/>
<pin id="510" dir="1" index="4" bw="10" slack="0"/>
</pin_list>
<bind>
<opcode="phi(47) " fcode="phi"/>
<opset="p_0_0_0940_21497_ph_i/3 "/>
</bind>
</comp>

<comp id="512" class="1005" name="downleft_1_reg_512">
<pin_list>
<pin id="513" dir="0" index="0" bw="10" slack="2147483647"/>
<pin id="514" dir="1" index="1" bw="10" slack="2147483647"/>
</pin_list>
<bind>
<opset="downleft_1 (phireg) "/>
</bind>
</comp>

<comp id="515" class="1004" name="downleft_1_phi_fu_515">
<pin_list>
<pin id="516" dir="0" index="0" bw="10" slack="0"/>
<pin id="517" dir="0" index="1" bw="0" slack="2147483647"/>
<pin id="518" dir="0" index="2" bw="10" slack="0"/>
<pin id="519" dir="0" index="3" bw="0" slack="2147483647"/>
<pin id="520" dir="1" index="4" bw="10" slack="0"/>
</pin_list>
<bind>
<opcode="phi(47) " fcode="phi"/>
<opset="downleft_1/3 "/>
</bind>
</comp>

<comp id="521" class="1005" name="p_0_0_0939_21450_i_reg_521">
<pin_list>
<pin id="522" dir="0" index="0" bw="10" slack="2147483647"/>
<pin id="523" dir="1" index="1" bw="10" slack="2147483647"/>
</pin_list>
<bind>
<opset="p_0_0_0939_21450_i (phireg) "/>
</bind>
</comp>

<comp id="524" class="1004" name="p_0_0_0939_21450_i_phi_fu_524">
<pin_list>
<pin id="525" dir="0" index="0" bw="10" slack="0"/>
<pin id="526" dir="0" index="1" bw="0" slack="2147483647"/>
<pin id="527" dir="0" index="2" bw="10" slack="1"/>
<pin id="528" dir="0" index="3" bw="0" slack="2147483647"/>
<pin id="529" dir="1" index="4" bw="10" slack="0"/>
</pin_list>
<bind>
<opcode="phi(47) " fcode="phi"/>
<opset="p_0_0_0939_21450_i/3 "/>
</bind>
</comp>

<comp id="530" class="1005" name="pix_3_reg_530">
<pin_list>
<pin id="531" dir="0" index="0" bw="10" slack="3"/>
<pin id="532" dir="1" index="1" bw="10" slack="3"/>
</pin_list>
<bind>
<opset="pix_3 (phireg) "/>
</bind>
</comp>

<comp id="533" class="1004" name="pix_3_phi_fu_533">
<pin_list>
<pin id="534" dir="0" index="0" bw="10" slack="0"/>
<pin id="535" dir="0" index="1" bw="0" slack="2147483647"/>
<pin id="536" dir="0" index="2" bw="10" slack="0"/>
<pin id="537" dir="0" index="3" bw="0" slack="2147483647"/>
<pin id="538" dir="1" index="4" bw="10" slack="0"/>
</pin_list>
<bind>
<opcode="phi(47) " fcode="phi"/>
<opset="pix_3/3 "/>
</bind>
</comp>

<comp id="540" class="1005" name="upleft_1_reg_540">
<pin_list>
<pin id="541" dir="0" index="0" bw="10" slack="2147483647"/>
<pin id="542" dir="1" index="1" bw="10" slack="2147483647"/>
</pin_list>
<bind>
<opset="upleft_1 (phireg) "/>
</bind>
</comp>

<comp id="543" class="1004" name="upleft_1_phi_fu_543">
<pin_list>
<pin id="544" dir="0" index="0" bw="10" slack="0"/>
<pin id="545" dir="0" index="1" bw="0" slack="2147483647"/>
<pin id="546" dir="0" index="2" bw="10" slack="0"/>
<pin id="547" dir="0" index="3" bw="0" slack="2147483647"/>
<pin id="548" dir="1" index="4" bw="10" slack="0"/>
</pin_list>
<bind>
<opcode="phi(47) " fcode="phi"/>
<opset="upleft_1/3 "/>
</bind>
</comp>

<comp id="549" class="1005" name="p_0_0_09391420_i_reg_549">
<pin_list>
<pin id="550" dir="0" index="0" bw="10" slack="2147483647"/>
<pin id="551" dir="1" index="1" bw="10" slack="2147483647"/>
</pin_list>
<bind>
<opset="p_0_0_09391420_i (phireg) "/>
</bind>
</comp>

<comp id="552" class="1004" name="p_0_0_09391420_i_phi_fu_552">
<pin_list>
<pin id="553" dir="0" index="0" bw="10" slack="0"/>
<pin id="554" dir="0" index="1" bw="0" slack="2147483647"/>
<pin id="555" dir="0" index="2" bw="10" slack="1"/>
<pin id="556" dir="0" index="3" bw="0" slack="2147483647"/>
<pin id="557" dir="1" index="4" bw="10" slack="0"/>
</pin_list>
<bind>
<opcode="phi(47) " fcode="phi"/>
<opset="p_0_0_09391420_i/3 "/>
</bind>
</comp>

<comp id="558" class="1005" name="downleft_2_reg_558">
<pin_list>
<pin id="559" dir="0" index="0" bw="10" slack="2147483647"/>
<pin id="560" dir="1" index="1" bw="10" slack="2147483647"/>
</pin_list>
<bind>
<opset="downleft_2 (phireg) "/>
</bind>
</comp>

<comp id="561" class="1004" name="downleft_2_phi_fu_561">
<pin_list>
<pin id="562" dir="0" index="0" bw="10" slack="0"/>
<pin id="563" dir="0" index="1" bw="0" slack="2147483647"/>
<pin id="564" dir="0" index="2" bw="10" slack="0"/>
<pin id="565" dir="0" index="3" bw="0" slack="2147483647"/>
<pin id="566" dir="1" index="4" bw="10" slack="0"/>
</pin_list>
<bind>
<opcode="phi(47) " fcode="phi"/>
<opset="downleft_2/4 "/>
</bind>
</comp>

<comp id="567" class="1005" name="downleft_reg_567">
<pin_list>
<pin id="568" dir="0" index="0" bw="10" slack="2147483647"/>
<pin id="569" dir="1" index="1" bw="10" slack="2147483647"/>
</pin_list>
<bind>
<opset="downleft (phireg) "/>
</bind>
</comp>

<comp id="570" class="1004" name="downleft_phi_fu_570">
<pin_list>
<pin id="571" dir="0" index="0" bw="10" slack="0"/>
<pin id="572" dir="0" index="1" bw="0" slack="2147483647"/>
<pin id="573" dir="0" index="2" bw="10" slack="0"/>
<pin id="574" dir="0" index="3" bw="0" slack="2147483647"/>
<pin id="575" dir="1" index="4" bw="10" slack="0"/>
</pin_list>
<bind>
<opcode="phi(47) " fcode="phi"/>
<opset="downleft/4 "/>
</bind>
</comp>

<comp id="576" class="1005" name="p_0_0_0938_21453_i_reg_576">
<pin_list>
<pin id="577" dir="0" index="0" bw="10" slack="2147483647"/>
<pin id="578" dir="1" index="1" bw="10" slack="2147483647"/>
</pin_list>
<bind>
<opset="p_0_0_0938_21453_i (phireg) "/>
</bind>
</comp>

<comp id="579" class="1004" name="p_0_0_0938_21453_i_phi_fu_579">
<pin_list>
<pin id="580" dir="0" index="0" bw="10" slack="0"/>
<pin id="581" dir="0" index="1" bw="0" slack="2147483647"/>
<pin id="582" dir="0" index="2" bw="10" slack="0"/>
<pin id="583" dir="0" index="3" bw="0" slack="2147483647"/>
<pin id="584" dir="1" index="4" bw="10" slack="0"/>
</pin_list>
<bind>
<opcode="phi(47) " fcode="phi"/>
<opset="p_0_0_0938_21453_i/4 "/>
</bind>
</comp>

<comp id="585" class="1005" name="p_0_0_0940_21447_i_reg_585">
<pin_list>
<pin id="586" dir="0" index="0" bw="10" slack="2147483647"/>
<pin id="587" dir="1" index="1" bw="10" slack="2147483647"/>
</pin_list>
<bind>
<opset="p_0_0_0940_21447_i (phireg) "/>
</bind>
</comp>

<comp id="588" class="1004" name="p_0_0_0940_21447_i_phi_fu_588">
<pin_list>
<pin id="589" dir="0" index="0" bw="10" slack="0"/>
<pin id="590" dir="0" index="1" bw="0" slack="2147483647"/>
<pin id="591" dir="0" index="2" bw="10" slack="0"/>
<pin id="592" dir="0" index="3" bw="0" slack="2147483647"/>
<pin id="593" dir="1" index="4" bw="10" slack="0"/>
</pin_list>
<bind>
<opcode="phi(47) " fcode="phi"/>
<opset="p_0_0_0940_21447_i/4 "/>
</bind>
</comp>

<comp id="594" class="1005" name="upleft_2_reg_594">
<pin_list>
<pin id="595" dir="0" index="0" bw="10" slack="2147483647"/>
<pin id="596" dir="1" index="1" bw="10" slack="2147483647"/>
</pin_list>
<bind>
<opset="upleft_2 (phireg) "/>
</bind>
</comp>

<comp id="597" class="1004" name="upleft_2_phi_fu_597">
<pin_list>
<pin id="598" dir="0" index="0" bw="10" slack="0"/>
<pin id="599" dir="0" index="1" bw="0" slack="2147483647"/>
<pin id="600" dir="0" index="2" bw="10" slack="0"/>
<pin id="601" dir="0" index="3" bw="0" slack="2147483647"/>
<pin id="602" dir="1" index="4" bw="10" slack="0"/>
</pin_list>
<bind>
<opcode="phi(47) " fcode="phi"/>
<opset="upleft_2/4 "/>
</bind>
</comp>

<comp id="603" class="1005" name="upleft_reg_603">
<pin_list>
<pin id="604" dir="0" index="0" bw="10" slack="2147483647"/>
<pin id="605" dir="1" index="1" bw="10" slack="2147483647"/>
</pin_list>
<bind>
<opset="upleft (phireg) "/>
</bind>
</comp>

<comp id="606" class="1004" name="upleft_phi_fu_606">
<pin_list>
<pin id="607" dir="0" index="0" bw="10" slack="0"/>
<pin id="608" dir="0" index="1" bw="0" slack="2147483647"/>
<pin id="609" dir="0" index="2" bw="10" slack="0"/>
<pin id="610" dir="0" index="3" bw="0" slack="2147483647"/>
<pin id="611" dir="1" index="4" bw="10" slack="0"/>
</pin_list>
<bind>
<opcode="phi(47) " fcode="phi"/>
<opset="upleft/4 "/>
</bind>
</comp>

<comp id="612" class="1005" name="p_0_0_09381423_i_reg_612">
<pin_list>
<pin id="613" dir="0" index="0" bw="10" slack="2147483647"/>
<pin id="614" dir="1" index="1" bw="10" slack="2147483647"/>
</pin_list>
<bind>
<opset="p_0_0_09381423_i (phireg) "/>
</bind>
</comp>

<comp id="615" class="1004" name="p_0_0_09381423_i_phi_fu_615">
<pin_list>
<pin id="616" dir="0" index="0" bw="10" slack="0"/>
<pin id="617" dir="0" index="1" bw="0" slack="2147483647"/>
<pin id="618" dir="0" index="2" bw="10" slack="0"/>
<pin id="619" dir="0" index="3" bw="0" slack="2147483647"/>
<pin id="620" dir="1" index="4" bw="10" slack="0"/>
</pin_list>
<bind>
<opcode="phi(47) " fcode="phi"/>
<opset="p_0_0_09381423_i/4 "/>
</bind>
</comp>

<comp id="621" class="1005" name="p_0_0_09401417_i_reg_621">
<pin_list>
<pin id="622" dir="0" index="0" bw="10" slack="2147483647"/>
<pin id="623" dir="1" index="1" bw="10" slack="2147483647"/>
</pin_list>
<bind>
<opset="p_0_0_09401417_i (phireg) "/>
</bind>
</comp>

<comp id="624" class="1004" name="p_0_0_09401417_i_phi_fu_624">
<pin_list>
<pin id="625" dir="0" index="0" bw="10" slack="0"/>
<pin id="626" dir="0" index="1" bw="0" slack="2147483647"/>
<pin id="627" dir="0" index="2" bw="10" slack="0"/>
<pin id="628" dir="0" index="3" bw="0" slack="2147483647"/>
<pin id="629" dir="1" index="4" bw="10" slack="0"/>
</pin_list>
<bind>
<opcode="phi(47) " fcode="phi"/>
<opset="p_0_0_09401417_i/4 "/>
</bind>
</comp>

<comp id="630" class="1005" name="pix_4_reg_630">
<pin_list>
<pin id="631" dir="0" index="0" bw="10" slack="1"/>
<pin id="632" dir="1" index="1" bw="10" slack="1"/>
</pin_list>
<bind>
<opset="pix_4 (phireg) "/>
</bind>
</comp>

<comp id="633" class="1004" name="pix_4_phi_fu_633">
<pin_list>
<pin id="634" dir="0" index="0" bw="10" slack="1"/>
<pin id="635" dir="0" index="1" bw="0" slack="2147483647"/>
<pin id="636" dir="0" index="2" bw="10" slack="1"/>
<pin id="637" dir="0" index="3" bw="0" slack="2147483647"/>
<pin id="638" dir="1" index="4" bw="10" slack="1"/>
</pin_list>
<bind>
<opcode="phi(47) " fcode="phi"/>
<opset="pix_4/5 "/>
</bind>
</comp>

<comp id="640" class="1005" name="pix_reg_640">
<pin_list>
<pin id="641" dir="0" index="0" bw="10" slack="1"/>
<pin id="642" dir="1" index="1" bw="10" slack="1"/>
</pin_list>
<bind>
<opset="pix (phireg) "/>
</bind>
</comp>

<comp id="643" class="1004" name="pix_phi_fu_643">
<pin_list>
<pin id="644" dir="0" index="0" bw="10" slack="1"/>
<pin id="645" dir="0" index="1" bw="0" slack="2147483647"/>
<pin id="646" dir="0" index="2" bw="10" slack="1"/>
<pin id="647" dir="0" index="3" bw="0" slack="2147483647"/>
<pin id="648" dir="1" index="4" bw="10" slack="1"/>
</pin_list>
<bind>
<opcode="phi(47) " fcode="phi"/>
<opset="pix/5 "/>
</bind>
</comp>

<comp id="650" class="1005" name="en_rgd_3_reg_650">
<pin_list>
<pin id="651" dir="0" index="0" bw="1" slack="2147483647"/>
<pin id="652" dir="1" index="1" bw="1" slack="2147483647"/>
</pin_list>
<bind>
<opset="en_rgd_3 (phireg) "/>
</bind>
</comp>

<comp id="653" class="1004" name="en_rgd_3_phi_fu_653">
<pin_list>
<pin id="654" dir="0" index="0" bw="1" slack="0"/>
<pin id="655" dir="0" index="1" bw="0" slack="2147483647"/>
<pin id="656" dir="0" index="2" bw="1" slack="0"/>
<pin id="657" dir="0" index="3" bw="0" slack="2147483647"/>
<pin id="658" dir="0" index="4" bw="1" slack="0"/>
<pin id="659" dir="0" index="5" bw="0" slack="2147483647"/>
<pin id="660" dir="0" index="6" bw="1" slack="0"/>
<pin id="661" dir="0" index="7" bw="0" slack="2147483647"/>
<pin id="662" dir="0" index="8" bw="1" slack="0"/>
<pin id="663" dir="0" index="9" bw="0" slack="2147483647"/>
<pin id="664" dir="0" index="10" bw="1" slack="0"/>
<pin id="665" dir="0" index="11" bw="0" slack="2147483647"/>
<pin id="666" dir="0" index="12" bw="1" slack="0"/>
<pin id="667" dir="0" index="13" bw="0" slack="0"/>
<pin id="668" dir="1" index="14" bw="1" slack="0"/>
</pin_list>
<bind>
<opcode="phi(47) " fcode="phi"/>
<opset="en_rgd_3/5 "/>
</bind>
</comp>

<comp id="676" class="1005" name="en_rgd_2_reg_676">
<pin_list>
<pin id="677" dir="0" index="0" bw="1" slack="2147483647"/>
<pin id="678" dir="1" index="1" bw="1" slack="2147483647"/>
</pin_list>
<bind>
<opset="en_rgd_2 (phireg) "/>
</bind>
</comp>

<comp id="679" class="1004" name="en_rgd_2_phi_fu_679">
<pin_list>
<pin id="680" dir="0" index="0" bw="1" slack="0"/>
<pin id="681" dir="0" index="1" bw="0" slack="2147483647"/>
<pin id="682" dir="0" index="2" bw="1" slack="0"/>
<pin id="683" dir="0" index="3" bw="0" slack="2147483647"/>
<pin id="684" dir="0" index="4" bw="1" slack="0"/>
<pin id="685" dir="0" index="5" bw="0" slack="2147483647"/>
<pin id="686" dir="0" index="6" bw="1" slack="0"/>
<pin id="687" dir="0" index="7" bw="0" slack="2147483647"/>
<pin id="688" dir="0" index="8" bw="1" slack="0"/>
<pin id="689" dir="0" index="9" bw="0" slack="2147483647"/>
<pin id="690" dir="0" index="10" bw="1" slack="0"/>
<pin id="691" dir="0" index="11" bw="0" slack="2147483647"/>
<pin id="692" dir="0" index="12" bw="1" slack="0"/>
<pin id="693" dir="0" index="13" bw="0" slack="0"/>
<pin id="694" dir="1" index="14" bw="1" slack="0"/>
</pin_list>
<bind>
<opcode="phi(47) " fcode="phi"/>
<opset="en_rgd_2/5 "/>
</bind>
</comp>

<comp id="702" class="1005" name="en_rgd_1_reg_702">
<pin_list>
<pin id="703" dir="0" index="0" bw="1" slack="2147483647"/>
<pin id="704" dir="1" index="1" bw="1" slack="2147483647"/>
</pin_list>
<bind>
<opset="en_rgd_1 (phireg) "/>
</bind>
</comp>

<comp id="705" class="1004" name="en_rgd_1_phi_fu_705">
<pin_list>
<pin id="706" dir="0" index="0" bw="1" slack="0"/>
<pin id="707" dir="0" index="1" bw="0" slack="2147483647"/>
<pin id="708" dir="0" index="2" bw="1" slack="0"/>
<pin id="709" dir="0" index="3" bw="0" slack="2147483647"/>
<pin id="710" dir="0" index="4" bw="1" slack="0"/>
<pin id="711" dir="0" index="5" bw="0" slack="2147483647"/>
<pin id="712" dir="0" index="6" bw="1" slack="0"/>
<pin id="713" dir="0" index="7" bw="0" slack="2147483647"/>
<pin id="714" dir="0" index="8" bw="1" slack="0"/>
<pin id="715" dir="0" index="9" bw="0" slack="2147483647"/>
<pin id="716" dir="0" index="10" bw="1" slack="0"/>
<pin id="717" dir="0" index="11" bw="0" slack="2147483647"/>
<pin id="718" dir="0" index="12" bw="1" slack="0"/>
<pin id="719" dir="0" index="13" bw="0" slack="0"/>
<pin id="720" dir="1" index="14" bw="1" slack="0"/>
</pin_list>
<bind>
<opcode="phi(47) " fcode="phi"/>
<opset="en_rgd_1/5 "/>
</bind>
</comp>

<comp id="728" class="1005" name="en_rgd_reg_728">
<pin_list>
<pin id="729" dir="0" index="0" bw="1" slack="2147483647"/>
<pin id="730" dir="1" index="1" bw="1" slack="2147483647"/>
</pin_list>
<bind>
<opset="en_rgd (phireg) "/>
</bind>
</comp>

<comp id="731" class="1004" name="en_rgd_phi_fu_731">
<pin_list>
<pin id="732" dir="0" index="0" bw="1" slack="0"/>
<pin id="733" dir="0" index="1" bw="0" slack="2147483647"/>
<pin id="734" dir="0" index="2" bw="1" slack="0"/>
<pin id="735" dir="0" index="3" bw="0" slack="2147483647"/>
<pin id="736" dir="0" index="4" bw="1" slack="0"/>
<pin id="737" dir="0" index="5" bw="0" slack="2147483647"/>
<pin id="738" dir="0" index="6" bw="1" slack="0"/>
<pin id="739" dir="0" index="7" bw="0" slack="2147483647"/>
<pin id="740" dir="0" index="8" bw="1" slack="0"/>
<pin id="741" dir="0" index="9" bw="0" slack="2147483647"/>
<pin id="742" dir="0" index="10" bw="1" slack="0"/>
<pin id="743" dir="0" index="11" bw="0" slack="2147483647"/>
<pin id="744" dir="0" index="12" bw="1" slack="0"/>
<pin id="745" dir="0" index="13" bw="0" slack="0"/>
<pin id="746" dir="1" index="14" bw="1" slack="0"/>
</pin_list>
<bind>
<opcode="phi(47) " fcode="phi"/>
<opset="en_rgd/5 "/>
</bind>
</comp>

<comp id="754" class="1005" name="r_1_reg_754">
<pin_list>
<pin id="755" dir="0" index="0" bw="12" slack="2147483647"/>
<pin id="756" dir="1" index="1" bw="12" slack="2147483647"/>
</pin_list>
<bind>
<opset="r_1 (phireg) "/>
</bind>
</comp>

<comp id="757" class="1004" name="r_1_phi_fu_757">
<pin_list>
<pin id="758" dir="0" index="0" bw="12" slack="1"/>
<pin id="759" dir="0" index="1" bw="0" slack="2147483647"/>
<pin id="760" dir="0" index="2" bw="10" slack="0"/>
<pin id="761" dir="0" index="3" bw="0" slack="2147483647"/>
<pin id="762" dir="1" index="4" bw="12" slack="0"/>
</pin_list>
<bind>
<opcode="phi(47) " fcode="phi"/>
<opset="r_1/7 "/>
</bind>
</comp>

<comp id="763" class="1005" name="b_1_reg_763">
<pin_list>
<pin id="764" dir="0" index="0" bw="12" slack="2147483647"/>
<pin id="765" dir="1" index="1" bw="12" slack="2147483647"/>
</pin_list>
<bind>
<opset="b_1 (phireg) "/>
</bind>
</comp>

<comp id="766" class="1004" name="b_1_phi_fu_766">
<pin_list>
<pin id="767" dir="0" index="0" bw="12" slack="1"/>
<pin id="768" dir="0" index="1" bw="0" slack="2147483647"/>
<pin id="769" dir="0" index="2" bw="10" slack="0"/>
<pin id="770" dir="0" index="3" bw="0" slack="2147483647"/>
<pin id="771" dir="1" index="4" bw="12" slack="0"/>
</pin_list>
<bind>
<opcode="phi(47) " fcode="phi"/>
<opset="b_1/7 "/>
</bind>
</comp>

<comp id="772" class="1004" name="zext_ln772_fu_772">
<pin_list>
<pin id="773" dir="0" index="0" bw="1" slack="0"/>
<pin id="774" dir="1" index="1" bw="15" slack="0"/>
</pin_list>
<bind>
<opcode="zext(34) " fcode="zext"/>
<opset="zext_ln772/1 "/>
</bind>
</comp>

<comp id="776" class="1004" name="red_fu_776">
<pin_list>
<pin id="777" dir="0" index="0" bw="1" slack="0"/>
<pin id="778" dir="0" index="1" bw="15" slack="0"/>
<pin id="779" dir="1" index="2" bw="1" slack="3"/>
</pin_list>
<bind>
<opcode="icmp(45) " fcode="icmp"/>
<opset="red/1 "/>
</bind>
</comp>

<comp id="782" class="1004" name="icmp_ln664_fu_782">
<pin_list>
<pin id="783" dir="0" index="0" bw="11" slack="0"/>
<pin id="784" dir="0" index="1" bw="11" slack="0"/>
<pin id="785" dir="1" index="2" bw="1" slack="1"/>
</pin_list>
<bind>
<opcode="icmp(45) " fcode="icmp"/>
<opset="icmp_ln664/1 "/>
</bind>
</comp>

<comp id="788" class="1004" name="icmp_ln728_fu_788">
<pin_list>
<pin id="789" dir="0" index="0" bw="11" slack="0"/>
<pin id="790" dir="0" index="1" bw="1" slack="0"/>
<pin id="791" dir="1" index="2" bw="1" slack="0"/>
</pin_list>
<bind>
<opcode="icmp(45) " fcode="icmp"/>
<opset="icmp_ln728/1 "/>
</bind>
</comp>

<comp id="794" class="1004" name="store_ln0_store_fu_794">
<pin_list>
<pin id="795" dir="0" index="0" bw="10" slack="0"/>
<pin id="796" dir="0" index="1" bw="10" slack="0"/>
<pin id="797" dir="1" index="2" bw="0" slack="2147483647"/>
</pin_list>
<bind>
<opcode="store(28) " fcode="store"/>
<opset="store_ln0/1 "/>
</bind>
</comp>

<comp id="799" class="1004" name="store_ln0_store_fu_799">
<pin_list>
<pin id="800" dir="0" index="0" bw="10" slack="0"/>
<pin id="801" dir="0" index="1" bw="10" slack="0"/>
<pin id="802" dir="1" index="2" bw="0" slack="2147483647"/>
</pin_list>
<bind>
<opcode="store(28) " fcode="store"/>
<opset="store_ln0/1 "/>
</bind>
</comp>

<comp id="804" class="1004" name="store_ln0_store_fu_804">
<pin_list>
<pin id="805" dir="0" index="0" bw="10" slack="0"/>
<pin id="806" dir="0" index="1" bw="10" slack="0"/>
<pin id="807" dir="1" index="2" bw="0" slack="2147483647"/>
</pin_list>
<bind>
<opcode="store(28) " fcode="store"/>
<opset="store_ln0/1 "/>
</bind>
</comp>

<comp id="809" class="1004" name="store_ln0_store_fu_809">
<pin_list>
<pin id="810" dir="0" index="0" bw="10" slack="0"/>
<pin id="811" dir="0" index="1" bw="10" slack="0"/>
<pin id="812" dir="1" index="2" bw="0" slack="2147483647"/>
</pin_list>
<bind>
<opcode="store(28) " fcode="store"/>
<opset="store_ln0/1 "/>
</bind>
</comp>

<comp id="814" class="1004" name="store_ln0_store_fu_814">
<pin_list>
<pin id="815" dir="0" index="0" bw="10" slack="0"/>
<pin id="816" dir="0" index="1" bw="10" slack="0"/>
<pin id="817" dir="1" index="2" bw="0" slack="2147483647"/>
</pin_list>
<bind>
<opcode="store(28) " fcode="store"/>
<opset="store_ln0/1 "/>
</bind>
</comp>

<comp id="819" class="1004" name="store_ln0_store_fu_819">
<pin_list>
<pin id="820" dir="0" index="0" bw="10" slack="0"/>
<pin id="821" dir="0" index="1" bw="10" slack="0"/>
<pin id="822" dir="1" index="2" bw="0" slack="2147483647"/>
</pin_list>
<bind>
<opcode="store(28) " fcode="store"/>
<opset="store_ln0/1 "/>
</bind>
</comp>

<comp id="824" class="1004" name="store_ln0_store_fu_824">
<pin_list>
<pin id="825" dir="0" index="0" bw="10" slack="0"/>
<pin id="826" dir="0" index="1" bw="10" slack="0"/>
<pin id="827" dir="1" index="2" bw="0" slack="2147483647"/>
</pin_list>
<bind>
<opcode="store(28) " fcode="store"/>
<opset="store_ln0/1 "/>
</bind>
</comp>

<comp id="829" class="1004" name="store_ln0_store_fu_829">
<pin_list>
<pin id="830" dir="0" index="0" bw="10" slack="0"/>
<pin id="831" dir="0" index="1" bw="10" slack="0"/>
<pin id="832" dir="1" index="2" bw="0" slack="2147483647"/>
</pin_list>
<bind>
<opcode="store(28) " fcode="store"/>
<opset="store_ln0/1 "/>
</bind>
</comp>

<comp id="834" class="1004" name="store_ln0_store_fu_834">
<pin_list>
<pin id="835" dir="0" index="0" bw="10" slack="0"/>
<pin id="836" dir="0" index="1" bw="10" slack="0"/>
<pin id="837" dir="1" index="2" bw="0" slack="2147483647"/>
</pin_list>
<bind>
<opcode="store(28) " fcode="store"/>
<opset="store_ln0/1 "/>
</bind>
</comp>

<comp id="839" class="1004" name="store_ln0_store_fu_839">
<pin_list>
<pin id="840" dir="0" index="0" bw="10" slack="0"/>
<pin id="841" dir="0" index="1" bw="10" slack="0"/>
<pin id="842" dir="1" index="2" bw="0" slack="2147483647"/>
</pin_list>
<bind>
<opcode="store(28) " fcode="store"/>
<opset="store_ln0/1 "/>
</bind>
</comp>

<comp id="844" class="1004" name="store_ln0_store_fu_844">
<pin_list>
<pin id="845" dir="0" index="0" bw="10" slack="0"/>
<pin id="846" dir="0" index="1" bw="10" slack="0"/>
<pin id="847" dir="1" index="2" bw="0" slack="2147483647"/>
</pin_list>
<bind>
<opcode="store(28) " fcode="store"/>
<opset="store_ln0/1 "/>
</bind>
</comp>

<comp id="849" class="1004" name="store_ln0_store_fu_849">
<pin_list>
<pin id="850" dir="0" index="0" bw="10" slack="0"/>
<pin id="851" dir="0" index="1" bw="10" slack="0"/>
<pin id="852" dir="1" index="2" bw="0" slack="2147483647"/>
</pin_list>
<bind>
<opcode="store(28) " fcode="store"/>
<opset="store_ln0/1 "/>
</bind>
</comp>

<comp id="854" class="1004" name="store_ln0_store_fu_854">
<pin_list>
<pin id="855" dir="0" index="0" bw="10" slack="0"/>
<pin id="856" dir="0" index="1" bw="10" slack="0"/>
<pin id="857" dir="1" index="2" bw="0" slack="2147483647"/>
</pin_list>
<bind>
<opcode="store(28) " fcode="store"/>
<opset="store_ln0/1 "/>
</bind>
</comp>

<comp id="859" class="1004" name="store_ln0_store_fu_859">
<pin_list>
<pin id="860" dir="0" index="0" bw="10" slack="0"/>
<pin id="861" dir="0" index="1" bw="10" slack="0"/>
<pin id="862" dir="1" index="2" bw="0" slack="2147483647"/>
</pin_list>
<bind>
<opcode="store(28) " fcode="store"/>
<opset="store_ln0/1 "/>
</bind>
</comp>

<comp id="864" class="1004" name="store_ln0_store_fu_864">
<pin_list>
<pin id="865" dir="0" index="0" bw="10" slack="0"/>
<pin id="866" dir="0" index="1" bw="10" slack="0"/>
<pin id="867" dir="1" index="2" bw="0" slack="2147483647"/>
</pin_list>
<bind>
<opcode="store(28) " fcode="store"/>
<opset="store_ln0/1 "/>
</bind>
</comp>

<comp id="869" class="1004" name="store_ln603_store_fu_869">
<pin_list>
<pin id="870" dir="0" index="0" bw="1" slack="0"/>
<pin id="871" dir="0" index="1" bw="11" slack="0"/>
<pin id="872" dir="1" index="2" bw="0" slack="2147483647"/>
</pin_list>
<bind>
<opcode="store(28) " fcode="store"/>
<opset="store_ln603/1 "/>
</bind>
</comp>

<comp id="874" class="1004" name="z_load_fu_874">
<pin_list>
<pin id="875" dir="0" index="0" bw="11" slack="0"/>
<pin id="876" dir="1" index="1" bw="11" slack="0"/>
</pin_list>
<bind>
<opcode="load(27) " fcode="load"/>
<opset="z/1 "/>
</bind>
</comp>

<comp id="877" class="1004" name="icmp_ln633_fu_877">
<pin_list>
<pin id="878" dir="0" index="0" bw="11" slack="0"/>
<pin id="879" dir="0" index="1" bw="11" slack="0"/>
<pin id="880" dir="1" index="2" bw="1" slack="1"/>
</pin_list>
<bind>
<opcode="icmp(45) " fcode="icmp"/>
<opset="icmp_ln633/1 "/>
</bind>
</comp>

<comp id="883" class="1004" name="x_5_fu_883">
<pin_list>
<pin id="884" dir="0" index="0" bw="11" slack="0"/>
<pin id="885" dir="0" index="1" bw="1" slack="0"/>
<pin id="886" dir="1" index="2" bw="11" slack="0"/>
</pin_list>
<bind>
<opcode="add(8) " fcode="add"/>
<opset="x_5/1 "/>
</bind>
</comp>

<comp id="889" class="1004" name="trunc_ln633_fu_889">
<pin_list>
<pin id="890" dir="0" index="0" bw="11" slack="0"/>
<pin id="891" dir="1" index="1" bw="1" slack="0"/>
</pin_list>
<bind>
<opcode="trunc(33) " fcode="trunc"/>
<opset="trunc_ln633/1 "/>
</bind>
</comp>

<comp id="893" class="1004" name="zext_ln633_fu_893">
<pin_list>
<pin id="894" dir="0" index="0" bw="11" slack="0"/>
<pin id="895" dir="1" index="1" bw="64" slack="0"/>
</pin_list>
<bind>
<opcode="zext(34) " fcode="zext"/>
<opset="zext_ln633/1 "/>
</bind>
</comp>

<comp id="899" class="1004" name="icmp_ln643_fu_899">
<pin_list>
<pin id="900" dir="0" index="0" bw="11" slack="0"/>
<pin id="901" dir="0" index="1" bw="11" slack="0"/>
<pin id="902" dir="1" index="2" bw="1" slack="1"/>
</pin_list>
<bind>
<opcode="icmp(45) " fcode="icmp"/>
<opset="icmp_ln643/1 "/>
</bind>
</comp>

<comp id="905" class="1004" name="icmp_ln710_fu_905">
<pin_list>
<pin id="906" dir="0" index="0" bw="11" slack="0"/>
<pin id="907" dir="0" index="1" bw="1" slack="0"/>
<pin id="908" dir="1" index="2" bw="1" slack="2"/>
</pin_list>
<bind>
<opcode="icmp(45) " fcode="icmp"/>
<opset="icmp_ln710/1 "/>
</bind>
</comp>

<comp id="911" class="1004" name="xor_ln772_2_fu_911">
<pin_list>
<pin id="912" dir="0" index="0" bw="1" slack="0"/>
<pin id="913" dir="0" index="1" bw="1" slack="0"/>
<pin id="914" dir="1" index="2" bw="1" slack="0"/>
</pin_list>
<bind>
<opcode="xor(25) " fcode="xor"/>
<opset="xor_ln772_2/1 "/>
</bind>
</comp>

<comp id="917" class="1004" name="xor_ln772_3_fu_917">
<pin_list>
<pin id="918" dir="0" index="0" bw="1" slack="0"/>
<pin id="919" dir="0" index="1" bw="1" slack="0"/>
<pin id="920" dir="1" index="2" bw="1" slack="0"/>
</pin_list>
<bind>
<opcode="xor(25) " fcode="xor"/>
<opset="xor_ln772_3/1 "/>
</bind>
</comp>

<comp id="923" class="1004" name="zext_ln772_1_fu_923">
<pin_list>
<pin id="924" dir="0" index="0" bw="1" slack="0"/>
<pin id="925" dir="1" index="1" bw="15" slack="0"/>
</pin_list>
<bind>
<opcode="zext(34) " fcode="zext"/>
<opset="zext_ln772_1/1 "/>
</bind>
</comp>

<comp id="927" class="1004" name="icmp_ln772_fu_927">
<pin_list>
<pin id="928" dir="0" index="0" bw="15" slack="0"/>
<pin id="929" dir="0" index="1" bw="1" slack="0"/>
<pin id="930" dir="1" index="2" bw="1" slack="1"/>
</pin_list>
<bind>
<opcode="icmp(45) " fcode="icmp"/>
<opset="icmp_ln772/1 "/>
</bind>
</comp>

<comp id="933" class="1004" name="icmp_ln833_fu_933">
<pin_list>
<pin id="934" dir="0" index="0" bw="11" slack="0"/>
<pin id="935" dir="0" index="1" bw="1" slack="0"/>
<pin id="936" dir="1" index="2" bw="1" slack="0"/>
</pin_list>
<bind>
<opcode="icmp(45) " fcode="icmp"/>
<opset="icmp_ln833/1 "/>
</bind>
</comp>

<comp id="939" class="1004" name="and_ln833_fu_939">
<pin_list>
<pin id="940" dir="0" index="0" bw="1" slack="0"/>
<pin id="941" dir="0" index="1" bw="1" slack="0"/>
<pin id="942" dir="1" index="2" bw="1" slack="6"/>
</pin_list>
<bind>
<opcode="and(23) " fcode="and"/>
<opset="and_ln833/1 "/>
</bind>
</comp>

<comp id="945" class="1004" name="store_ln603_store_fu_945">
<pin_list>
<pin id="946" dir="0" index="0" bw="11" slack="0"/>
<pin id="947" dir="0" index="1" bw="11" slack="0"/>
<pin id="948" dir="1" index="2" bw="0" slack="2147483647"/>
</pin_list>
<bind>
<opcode="store(28) " fcode="store"/>
<opset="store_ln603/1 "/>
</bind>
</comp>

<comp id="950" class="1004" name="p_0_1_0_0_09141517_i_load_load_fu_950">
<pin_list>
<pin id="951" dir="0" index="0" bw="10" slack="1"/>
<pin id="952" dir="1" index="1" bw="10" slack="1"/>
</pin_list>
<bind>
<opcode="load(27) " fcode="load"/>
<opset="p_0_1_0_0_09141517_i_load/2 "/>
</bind>
</comp>

<comp id="953" class="1004" name="p_0_1_0_0_09081529_i_load_load_fu_953">
<pin_list>
<pin id="954" dir="0" index="0" bw="10" slack="1"/>
<pin id="955" dir="1" index="1" bw="10" slack="1"/>
</pin_list>
<bind>
<opcode="load(27) " fcode="load"/>
<opset="p_0_1_0_0_09081529_i_load/2 "/>
</bind>
</comp>

<comp id="956" class="1004" name="trunc_ln654_fu_956">
<pin_list>
<pin id="957" dir="0" index="0" bw="30" slack="0"/>
<pin id="958" dir="1" index="1" bw="10" slack="1"/>
</pin_list>
<bind>
<opcode="trunc(33) " fcode="trunc"/>
<opset="trunc_ln654/2 "/>
</bind>
</comp>

<comp id="960" class="1004" name="tmp_6_i_fu_960">
<pin_list>
<pin id="961" dir="0" index="0" bw="10" slack="0"/>
<pin id="962" dir="0" index="1" bw="30" slack="0"/>
<pin id="963" dir="0" index="2" bw="5" slack="0"/>
<pin id="964" dir="1" index="3" bw="10" slack="0"/>
</pin_list>
<bind>
<opcode="partselect(1002) " fcode="partselect"/>
<opset="tmp_6_i/2 "/>
</bind>
</comp>

<comp id="969" class="1004" name="tmp_7_i_fu_969">
<pin_list>
<pin id="970" dir="0" index="0" bw="10" slack="0"/>
<pin id="971" dir="0" index="1" bw="30" slack="0"/>
<pin id="972" dir="0" index="2" bw="6" slack="0"/>
<pin id="973" dir="1" index="3" bw="10" slack="1"/>
</pin_list>
<bind>
<opcode="partselect(1002) " fcode="partselect"/>
<opset="tmp_7_i/2 "/>
</bind>
</comp>

<comp id="977" class="1004" name="trunc_ln654_1_fu_977">
<pin_list>
<pin id="978" dir="0" index="0" bw="30" slack="0"/>
<pin id="979" dir="1" index="1" bw="10" slack="2"/>
</pin_list>
<bind>
<opcode="trunc(33) " fcode="trunc"/>
<opset="trunc_ln654_1/2 "/>
</bind>
</comp>

<comp id="981" class="1004" name="tmp_9_i_fu_981">
<pin_list>
<pin id="982" dir="0" index="0" bw="10" slack="0"/>
<pin id="983" dir="0" index="1" bw="30" slack="0"/>
<pin id="984" dir="0" index="2" bw="5" slack="0"/>
<pin id="985" dir="1" index="3" bw="10" slack="0"/>
</pin_list>
<bind>
<opcode="partselect(1002) " fcode="partselect"/>
<opset="tmp_9_i/2 "/>
</bind>
</comp>

<comp id="989" class="1004" name="tmp_i_fu_989">
<pin_list>
<pin id="990" dir="0" index="0" bw="10" slack="0"/>
<pin id="991" dir="0" index="1" bw="30" slack="0"/>
<pin id="992" dir="0" index="2" bw="6" slack="0"/>
<pin id="993" dir="1" index="3" bw="10" slack="2"/>
</pin_list>
<bind>
<opcode="partselect(1002) " fcode="partselect"/>
<opset="tmp_i/2 "/>
</bind>
</comp>

<comp id="997" class="1004" name="trunc_ln666_fu_997">
<pin_list>
<pin id="998" dir="0" index="0" bw="30" slack="0"/>
<pin id="999" dir="1" index="1" bw="10" slack="1"/>
</pin_list>
<bind>
<opcode="trunc(33) " fcode="trunc"/>
<opset="trunc_ln666/2 "/>
</bind>
</comp>

<comp id="1001" class="1004" name="trunc_ln666_2_fu_1001">
<pin_list>
<pin id="1002" dir="0" index="0" bw="10" slack="0"/>
<pin id="1003" dir="0" index="1" bw="30" slack="0"/>
<pin id="1004" dir="0" index="2" bw="5" slack="0"/>
<pin id="1005" dir="0" index="3" bw="6" slack="0"/>
<pin id="1006" dir="1" index="4" bw="10" slack="0"/>
</pin_list>
<bind>
<opcode="partselect(1002) " fcode="partselect"/>
<opset="trunc_ln666_2/2 "/>
</bind>
</comp>

<comp id="1012" class="1004" name="trunc_ln666_3_fu_1012">
<pin_list>
<pin id="1013" dir="0" index="0" bw="10" slack="0"/>
<pin id="1014" dir="0" index="1" bw="30" slack="0"/>
<pin id="1015" dir="0" index="2" bw="6" slack="0"/>
<pin id="1016" dir="0" index="3" bw="6" slack="0"/>
<pin id="1017" dir="1" index="4" bw="10" slack="1"/>
</pin_list>
<bind>
<opcode="partselect(1002) " fcode="partselect"/>
<opset="trunc_ln666_3/2 "/>
</bind>
</comp>

<comp id="1022" class="1004" name="store_ln666_store_fu_1022">
<pin_list>
<pin id="1023" dir="0" index="0" bw="10" slack="0"/>
<pin id="1024" dir="0" index="1" bw="10" slack="1"/>
<pin id="1025" dir="1" index="2" bw="0" slack="2147483647"/>
</pin_list>
<bind>
<opcode="store(28) " fcode="store"/>
<opset="store_ln666/2 "/>
</bind>
</comp>

<comp id="1027" class="1004" name="store_ln654_store_fu_1027">
<pin_list>
<pin id="1028" dir="0" index="0" bw="10" slack="0"/>
<pin id="1029" dir="0" index="1" bw="10" slack="1"/>
<pin id="1030" dir="1" index="2" bw="0" slack="2147483647"/>
</pin_list>
<bind>
<opcode="store(28) " fcode="store"/>
<opset="store_ln654/2 "/>
</bind>
</comp>

<comp id="1032" class="1004" name="p_0_0_0939_115111522_i_load_load_fu_1032">
<pin_list>
<pin id="1033" dir="0" index="0" bw="10" slack="2"/>
<pin id="1034" dir="1" index="1" bw="10" slack="0"/>
</pin_list>
<bind>
<opcode="load(27) " fcode="load"/>
<opset="p_0_0_0939_115111522_i_load/3 "/>
</bind>
</comp>

<comp id="1036" class="1004" name="p_0_0_09391419_i_load_load_fu_1036">
<pin_list>
<pin id="1037" dir="0" index="0" bw="10" slack="2"/>
<pin id="1038" dir="1" index="1" bw="10" slack="0"/>
</pin_list>
<bind>
<opcode="load(27) " fcode="load"/>
<opset="p_0_0_09391419_i_load/3 "/>
</bind>
</comp>

<comp id="1040" class="1004" name="p_0_0_0939_21449_i_load_load_fu_1040">
<pin_list>
<pin id="1041" dir="0" index="0" bw="10" slack="2"/>
<pin id="1042" dir="1" index="1" bw="10" slack="0"/>
</pin_list>
<bind>
<opcode="load(27) " fcode="load"/>
<opset="p_0_0_0939_21449_i_load/3 "/>
</bind>
</comp>

<comp id="1044" class="1004" name="select_ln710_1_fu_1044">
<pin_list>
<pin id="1045" dir="0" index="0" bw="1" slack="2"/>
<pin id="1046" dir="0" index="1" bw="10" slack="1"/>
<pin id="1047" dir="0" index="2" bw="10" slack="0"/>
<pin id="1048" dir="1" index="3" bw="10" slack="0"/>
</pin_list>
<bind>
<opcode="select(49) " fcode="select"/>
<opset="select_ln710_1/3 "/>
</bind>
</comp>

<comp id="1051" class="1004" name="select_ln710_4_fu_1051">
<pin_list>
<pin id="1052" dir="0" index="0" bw="1" slack="2"/>
<pin id="1053" dir="0" index="1" bw="10" slack="1"/>
<pin id="1054" dir="0" index="2" bw="10" slack="0"/>
<pin id="1055" dir="1" index="3" bw="10" slack="0"/>
</pin_list>
<bind>
<opcode="select(49) " fcode="select"/>
<opset="select_ln710_4/3 "/>
</bind>
</comp>

<comp id="1058" class="1004" name="select_ln710_7_fu_1058">
<pin_list>
<pin id="1059" dir="0" index="0" bw="1" slack="2"/>
<pin id="1060" dir="0" index="1" bw="10" slack="1"/>
<pin id="1061" dir="0" index="2" bw="10" slack="1"/>
<pin id="1062" dir="1" index="3" bw="10" slack="0"/>
</pin_list>
<bind>
<opcode="select(49) " fcode="select"/>
<opset="select_ln710_7/3 "/>
</bind>
</comp>

<comp id="1064" class="1004" name="select_ln710_10_fu_1064">
<pin_list>
<pin id="1065" dir="0" index="0" bw="1" slack="2"/>
<pin id="1066" dir="0" index="1" bw="10" slack="1"/>
<pin id="1067" dir="0" index="2" bw="10" slack="0"/>
<pin id="1068" dir="1" index="3" bw="10" slack="0"/>
</pin_list>
<bind>
<opcode="select(49) " fcode="select"/>
<opset="select_ln710_10/3 "/>
</bind>
</comp>

<comp id="1072" class="1004" name="select_ln710_13_fu_1072">
<pin_list>
<pin id="1073" dir="0" index="0" bw="1" slack="2"/>
<pin id="1074" dir="0" index="1" bw="10" slack="1"/>
<pin id="1075" dir="0" index="2" bw="10" slack="1"/>
<pin id="1076" dir="1" index="3" bw="10" slack="0"/>
</pin_list>
<bind>
<opcode="select(49) " fcode="select"/>
<opset="select_ln710_13/3 "/>
</bind>
</comp>

<comp id="1079" class="1004" name="select_ln728_fu_1079">
<pin_list>
<pin id="1080" dir="0" index="0" bw="1" slack="2"/>
<pin id="1081" dir="0" index="1" bw="10" slack="1"/>
<pin id="1082" dir="0" index="2" bw="10" slack="0"/>
<pin id="1083" dir="1" index="3" bw="10" slack="0"/>
</pin_list>
<bind>
<opcode="select(49) " fcode="select"/>
<opset="select_ln728/3 "/>
</bind>
</comp>

<comp id="1085" class="1004" name="select_ln728_1_fu_1085">
<pin_list>
<pin id="1086" dir="0" index="0" bw="1" slack="2"/>
<pin id="1087" dir="0" index="1" bw="10" slack="1"/>
<pin id="1088" dir="0" index="2" bw="10" slack="1"/>
<pin id="1089" dir="1" index="3" bw="10" slack="0"/>
</pin_list>
<bind>
<opcode="select(49) " fcode="select"/>
<opset="select_ln728_1/3 "/>
</bind>
</comp>

<comp id="1091" class="1004" name="select_ln728_2_fu_1091">
<pin_list>
<pin id="1092" dir="0" index="0" bw="1" slack="2"/>
<pin id="1093" dir="0" index="1" bw="10" slack="1"/>
<pin id="1094" dir="0" index="2" bw="10" slack="0"/>
<pin id="1095" dir="1" index="3" bw="10" slack="0"/>
</pin_list>
<bind>
<opcode="select(49) " fcode="select"/>
<opset="select_ln728_2/3 "/>
</bind>
</comp>

<comp id="1097" class="1004" name="LineBufVal_2_fu_1097">
<pin_list>
<pin id="1098" dir="0" index="0" bw="30" slack="0"/>
<pin id="1099" dir="0" index="1" bw="10" slack="0"/>
<pin id="1100" dir="0" index="2" bw="10" slack="0"/>
<pin id="1101" dir="0" index="3" bw="10" slack="0"/>
<pin id="1102" dir="1" index="4" bw="30" slack="0"/>
</pin_list>
<bind>
<opcode="bitconcatenate(1004) " fcode="bitconcatenate"/>
<opset="LineBufVal_2/3 "/>
</bind>
</comp>

<comp id="1108" class="1004" name="store_ln654_store_fu_1108">
<pin_list>
<pin id="1109" dir="0" index="0" bw="10" slack="1"/>
<pin id="1110" dir="0" index="1" bw="10" slack="2"/>
<pin id="1111" dir="1" index="2" bw="0" slack="2147483647"/>
</pin_list>
<bind>
<opcode="store(28) " fcode="store"/>
<opset="store_ln654/3 "/>
</bind>
</comp>

<comp id="1112" class="1004" name="p_0_1_0_0_09141517_i_load_1_load_fu_1112">
<pin_list>
<pin id="1113" dir="0" index="0" bw="10" slack="2"/>
<pin id="1114" dir="1" index="1" bw="10" slack="0"/>
</pin_list>
<bind>
<opcode="load(27) " fcode="load"/>
<opset="p_0_1_0_0_09141517_i_load_1/3 "/>
</bind>
</comp>

<comp id="1115" class="1004" name="p_0_1_0_0_09081529_i_load_1_load_fu_1115">
<pin_list>
<pin id="1116" dir="0" index="0" bw="10" slack="2"/>
<pin id="1117" dir="1" index="1" bw="10" slack="0"/>
</pin_list>
<bind>
<opcode="load(27) " fcode="load"/>
<opset="p_0_1_0_0_09081529_i_load_1/3 "/>
</bind>
</comp>

<comp id="1118" class="1004" name="zext_ln790_fu_1118">
<pin_list>
<pin id="1119" dir="0" index="0" bw="10" slack="0"/>
<pin id="1120" dir="1" index="1" bw="11" slack="0"/>
</pin_list>
<bind>
<opcode="zext(34) " fcode="zext"/>
<opset="zext_ln790/3 "/>
</bind>
</comp>

<comp id="1122" class="1004" name="zext_ln790_1_fu_1122">
<pin_list>
<pin id="1123" dir="0" index="0" bw="10" slack="0"/>
<pin id="1124" dir="1" index="1" bw="11" slack="0"/>
</pin_list>
<bind>
<opcode="zext(34) " fcode="zext"/>
<opset="zext_ln790_1/3 "/>
</bind>
</comp>

<comp id="1126" class="1004" name="sub_ln790_fu_1126">
<pin_list>
<pin id="1127" dir="0" index="0" bw="10" slack="0"/>
<pin id="1128" dir="0" index="1" bw="10" slack="0"/>
<pin id="1129" dir="1" index="2" bw="11" slack="0"/>
</pin_list>
<bind>
<opcode="sub(10) " fcode="sub"/>
<opset="sub_ln790/3 "/>
</bind>
</comp>

<comp id="1132" class="1004" name="trunc_ln61_fu_1132">
<pin_list>
<pin id="1133" dir="0" index="0" bw="11" slack="0"/>
<pin id="1134" dir="1" index="1" bw="10" slack="0"/>
</pin_list>
<bind>
<opcode="trunc(33) " fcode="trunc"/>
<opset="trunc_ln61/3 "/>
</bind>
</comp>

<comp id="1136" class="1004" name="tmp_1_fu_1136">
<pin_list>
<pin id="1137" dir="0" index="0" bw="1" slack="0"/>
<pin id="1138" dir="0" index="1" bw="11" slack="0"/>
<pin id="1139" dir="0" index="2" bw="5" slack="0"/>
<pin id="1140" dir="1" index="3" bw="1" slack="0"/>
</pin_list>
<bind>
<opcode="bitselect(1000) " fcode="bitselect"/>
<opset="tmp_1/3 "/>
</bind>
</comp>

<comp id="1144" class="1004" name="sub_ln61_fu_1144">
<pin_list>
<pin id="1145" dir="0" index="0" bw="1" slack="0"/>
<pin id="1146" dir="0" index="1" bw="10" slack="0"/>
<pin id="1147" dir="1" index="2" bw="10" slack="0"/>
</pin_list>
<bind>
<opcode="sub(10) " fcode="sub"/>
<opset="sub_ln61/3 "/>
</bind>
</comp>

<comp id="1150" class="1004" name="agdiff_fu_1150">
<pin_list>
<pin id="1151" dir="0" index="0" bw="1" slack="0"/>
<pin id="1152" dir="0" index="1" bw="10" slack="0"/>
<pin id="1153" dir="0" index="2" bw="10" slack="0"/>
<pin id="1154" dir="1" index="3" bw="10" slack="1"/>
</pin_list>
<bind>
<opcode="select(49) " fcode="select"/>
<opset="agdiff/3 "/>
</bind>
</comp>

<comp id="1158" class="1004" name="zext_ln791_fu_1158">
<pin_list>
<pin id="1159" dir="0" index="0" bw="10" slack="0"/>
<pin id="1160" dir="1" index="1" bw="11" slack="0"/>
</pin_list>
<bind>
<opcode="zext(34) " fcode="zext"/>
<opset="zext_ln791/3 "/>
</bind>
</comp>

<comp id="1162" class="1004" name="sub_ln791_fu_1162">
<pin_list>
<pin id="1163" dir="0" index="0" bw="10" slack="0"/>
<pin id="1164" dir="0" index="1" bw="10" slack="0"/>
<pin id="1165" dir="1" index="2" bw="11" slack="0"/>
</pin_list>
<bind>
<opcode="sub(10) " fcode="sub"/>
<opset="sub_ln791/3 "/>
</bind>
</comp>

<comp id="1168" class="1004" name="trunc_ln61_1_fu_1168">
<pin_list>
<pin id="1169" dir="0" index="0" bw="11" slack="0"/>
<pin id="1170" dir="1" index="1" bw="10" slack="0"/>
</pin_list>
<bind>
<opcode="trunc(33) " fcode="trunc"/>
<opset="trunc_ln61_1/3 "/>
</bind>
</comp>

<comp id="1172" class="1004" name="tmp_2_fu_1172">
<pin_list>
<pin id="1173" dir="0" index="0" bw="1" slack="0"/>
<pin id="1174" dir="0" index="1" bw="11" slack="0"/>
<pin id="1175" dir="0" index="2" bw="5" slack="0"/>
<pin id="1176" dir="1" index="3" bw="1" slack="0"/>
</pin_list>
<bind>
<opcode="bitselect(1000) " fcode="bitselect"/>
<opset="tmp_2/3 "/>
</bind>
</comp>

<comp id="1180" class="1004" name="sub_ln61_1_fu_1180">
<pin_list>
<pin id="1181" dir="0" index="0" bw="1" slack="0"/>
<pin id="1182" dir="0" index="1" bw="10" slack="0"/>
<pin id="1183" dir="1" index="2" bw="10" slack="0"/>
</pin_list>
<bind>
<opcode="sub(10) " fcode="sub"/>
<opset="sub_ln61_1/3 "/>
</bind>
</comp>

<comp id="1186" class="1004" name="agdiff_1_fu_1186">
<pin_list>
<pin id="1187" dir="0" index="0" bw="1" slack="0"/>
<pin id="1188" dir="0" index="1" bw="10" slack="0"/>
<pin id="1189" dir="0" index="2" bw="10" slack="0"/>
<pin id="1190" dir="1" index="3" bw="10" slack="1"/>
</pin_list>
<bind>
<opcode="select(49) " fcode="select"/>
<opset="agdiff_1/3 "/>
</bind>
</comp>

<comp id="1194" class="1004" name="zext_ln792_fu_1194">
<pin_list>
<pin id="1195" dir="0" index="0" bw="10" slack="0"/>
<pin id="1196" dir="1" index="1" bw="11" slack="0"/>
</pin_list>
<bind>
<opcode="zext(34) " fcode="zext"/>
<opset="zext_ln792/3 "/>
</bind>
</comp>

<comp id="1198" class="1004" name="sub_ln792_fu_1198">
<pin_list>
<pin id="1199" dir="0" index="0" bw="10" slack="0"/>
<pin id="1200" dir="0" index="1" bw="10" slack="0"/>
<pin id="1201" dir="1" index="2" bw="11" slack="0"/>
</pin_list>
<bind>
<opcode="sub(10) " fcode="sub"/>
<opset="sub_ln792/3 "/>
</bind>
</comp>

<comp id="1204" class="1004" name="trunc_ln61_2_fu_1204">
<pin_list>
<pin id="1205" dir="0" index="0" bw="11" slack="0"/>
<pin id="1206" dir="1" index="1" bw="10" slack="0"/>
</pin_list>
<bind>
<opcode="trunc(33) " fcode="trunc"/>
<opset="trunc_ln61_2/3 "/>
</bind>
</comp>

<comp id="1208" class="1004" name="tmp_3_fu_1208">
<pin_list>
<pin id="1209" dir="0" index="0" bw="1" slack="0"/>
<pin id="1210" dir="0" index="1" bw="11" slack="0"/>
<pin id="1211" dir="0" index="2" bw="5" slack="0"/>
<pin id="1212" dir="1" index="3" bw="1" slack="0"/>
</pin_list>
<bind>
<opcode="bitselect(1000) " fcode="bitselect"/>
<opset="tmp_3/3 "/>
</bind>
</comp>

<comp id="1216" class="1004" name="sub_ln61_2_fu_1216">
<pin_list>
<pin id="1217" dir="0" index="0" bw="1" slack="0"/>
<pin id="1218" dir="0" index="1" bw="10" slack="0"/>
<pin id="1219" dir="1" index="2" bw="10" slack="0"/>
</pin_list>
<bind>
<opcode="sub(10) " fcode="sub"/>
<opset="sub_ln61_2/3 "/>
</bind>
</comp>

<comp id="1222" class="1004" name="agdiff_2_fu_1222">
<pin_list>
<pin id="1223" dir="0" index="0" bw="1" slack="0"/>
<pin id="1224" dir="0" index="1" bw="10" slack="0"/>
<pin id="1225" dir="0" index="2" bw="10" slack="0"/>
<pin id="1226" dir="1" index="3" bw="10" slack="1"/>
</pin_list>
<bind>
<opcode="select(49) " fcode="select"/>
<opset="agdiff_2/3 "/>
</bind>
</comp>

<comp id="1230" class="1004" name="zext_ln793_fu_1230">
<pin_list>
<pin id="1231" dir="0" index="0" bw="10" slack="0"/>
<pin id="1232" dir="1" index="1" bw="11" slack="0"/>
</pin_list>
<bind>
<opcode="zext(34) " fcode="zext"/>
<opset="zext_ln793/3 "/>
</bind>
</comp>

<comp id="1234" class="1004" name="sub_ln793_fu_1234">
<pin_list>
<pin id="1235" dir="0" index="0" bw="10" slack="0"/>
<pin id="1236" dir="0" index="1" bw="10" slack="0"/>
<pin id="1237" dir="1" index="2" bw="11" slack="0"/>
</pin_list>
<bind>
<opcode="sub(10) " fcode="sub"/>
<opset="sub_ln793/3 "/>
</bind>
</comp>

<comp id="1240" class="1004" name="trunc_ln61_3_fu_1240">
<pin_list>
<pin id="1241" dir="0" index="0" bw="11" slack="0"/>
<pin id="1242" dir="1" index="1" bw="10" slack="0"/>
</pin_list>
<bind>
<opcode="trunc(33) " fcode="trunc"/>
<opset="trunc_ln61_3/3 "/>
</bind>
</comp>

<comp id="1244" class="1004" name="tmp_4_fu_1244">
<pin_list>
<pin id="1245" dir="0" index="0" bw="1" slack="0"/>
<pin id="1246" dir="0" index="1" bw="11" slack="0"/>
<pin id="1247" dir="0" index="2" bw="5" slack="0"/>
<pin id="1248" dir="1" index="3" bw="1" slack="0"/>
</pin_list>
<bind>
<opcode="bitselect(1000) " fcode="bitselect"/>
<opset="tmp_4/3 "/>
</bind>
</comp>

<comp id="1252" class="1004" name="sub_ln61_3_fu_1252">
<pin_list>
<pin id="1253" dir="0" index="0" bw="1" slack="0"/>
<pin id="1254" dir="0" index="1" bw="10" slack="0"/>
<pin id="1255" dir="1" index="2" bw="10" slack="0"/>
</pin_list>
<bind>
<opcode="sub(10) " fcode="sub"/>
<opset="sub_ln61_3/3 "/>
</bind>
</comp>

<comp id="1258" class="1004" name="agdiff_3_fu_1258">
<pin_list>
<pin id="1259" dir="0" index="0" bw="1" slack="0"/>
<pin id="1260" dir="0" index="1" bw="10" slack="0"/>
<pin id="1261" dir="0" index="2" bw="10" slack="0"/>
<pin id="1262" dir="1" index="3" bw="10" slack="1"/>
</pin_list>
<bind>
<opcode="select(49) " fcode="select"/>
<opset="agdiff_3/3 "/>
</bind>
</comp>

<comp id="1266" class="1004" name="store_ln710_store_fu_1266">
<pin_list>
<pin id="1267" dir="0" index="0" bw="10" slack="0"/>
<pin id="1268" dir="0" index="1" bw="10" slack="2"/>
<pin id="1269" dir="1" index="2" bw="0" slack="2147483647"/>
</pin_list>
<bind>
<opcode="store(28) " fcode="store"/>
<opset="store_ln710/3 "/>
</bind>
</comp>

<comp id="1271" class="1004" name="store_ln710_store_fu_1271">
<pin_list>
<pin id="1272" dir="0" index="0" bw="10" slack="0"/>
<pin id="1273" dir="0" index="1" bw="10" slack="2"/>
<pin id="1274" dir="1" index="2" bw="0" slack="2147483647"/>
</pin_list>
<bind>
<opcode="store(28) " fcode="store"/>
<opset="store_ln710/3 "/>
</bind>
</comp>

<comp id="1276" class="1004" name="p_0_0_0_0_09131515_i_load_load_fu_1276">
<pin_list>
<pin id="1277" dir="0" index="0" bw="10" slack="3"/>
<pin id="1278" dir="1" index="1" bw="10" slack="0"/>
</pin_list>
<bind>
<opcode="load(27) " fcode="load"/>
<opset="p_0_0_0_0_09131515_i_load/4 "/>
</bind>
</comp>

<comp id="1280" class="1004" name="p_0_2_0_0_09151519_i_load_load_fu_1280">
<pin_list>
<pin id="1281" dir="0" index="0" bw="10" slack="3"/>
<pin id="1282" dir="1" index="1" bw="10" slack="0"/>
</pin_list>
<bind>
<opcode="load(27) " fcode="load"/>
<opset="p_0_2_0_0_09151519_i_load/4 "/>
</bind>
</comp>

<comp id="1284" class="1004" name="p_0_0_0940_115091520_i_load_load_fu_1284">
<pin_list>
<pin id="1285" dir="0" index="0" bw="10" slack="3"/>
<pin id="1286" dir="1" index="1" bw="10" slack="0"/>
</pin_list>
<bind>
<opcode="load(27) " fcode="load"/>
<opset="p_0_0_0940_115091520_i_load/4 "/>
</bind>
</comp>

<comp id="1287" class="1004" name="p_0_0_0938_115131524_i_load_load_fu_1287">
<pin_list>
<pin id="1288" dir="0" index="0" bw="10" slack="3"/>
<pin id="1289" dir="1" index="1" bw="10" slack="0"/>
</pin_list>
<bind>
<opcode="load(27) " fcode="load"/>
<opset="p_0_0_0938_115131524_i_load/4 "/>
</bind>
</comp>

<comp id="1290" class="1004" name="p_0_0_0_0_09071527_i_load_load_fu_1290">
<pin_list>
<pin id="1291" dir="0" index="0" bw="10" slack="3"/>
<pin id="1292" dir="1" index="1" bw="10" slack="0"/>
</pin_list>
<bind>
<opcode="load(27) " fcode="load"/>
<opset="p_0_0_0_0_09071527_i_load/4 "/>
</bind>
</comp>

<comp id="1294" class="1004" name="p_0_2_0_0_09091531_i_load_load_fu_1294">
<pin_list>
<pin id="1295" dir="0" index="0" bw="10" slack="3"/>
<pin id="1296" dir="1" index="1" bw="10" slack="0"/>
</pin_list>
<bind>
<opcode="load(27) " fcode="load"/>
<opset="p_0_2_0_0_09091531_i_load/4 "/>
</bind>
</comp>

<comp id="1298" class="1004" name="p_0_0_09401416_i_load_load_fu_1298">
<pin_list>
<pin id="1299" dir="0" index="0" bw="10" slack="3"/>
<pin id="1300" dir="1" index="1" bw="10" slack="0"/>
</pin_list>
<bind>
<opcode="load(27) " fcode="load"/>
<opset="p_0_0_09401416_i_load/4 "/>
</bind>
</comp>

<comp id="1302" class="1004" name="p_0_0_09381422_i_load_load_fu_1302">
<pin_list>
<pin id="1303" dir="0" index="0" bw="10" slack="3"/>
<pin id="1304" dir="1" index="1" bw="10" slack="0"/>
</pin_list>
<bind>
<opcode="load(27) " fcode="load"/>
<opset="p_0_0_09381422_i_load/4 "/>
</bind>
</comp>

<comp id="1306" class="1004" name="p_0_0_0940_21446_i_load_load_fu_1306">
<pin_list>
<pin id="1307" dir="0" index="0" bw="10" slack="3"/>
<pin id="1308" dir="1" index="1" bw="10" slack="0"/>
</pin_list>
<bind>
<opcode="load(27) " fcode="load"/>
<opset="p_0_0_0940_21446_i_load/4 "/>
</bind>
</comp>

<comp id="1310" class="1004" name="p_0_0_0938_21452_i_load_load_fu_1310">
<pin_list>
<pin id="1311" dir="0" index="0" bw="10" slack="3"/>
<pin id="1312" dir="1" index="1" bw="10" slack="0"/>
</pin_list>
<bind>
<opcode="load(27) " fcode="load"/>
<opset="p_0_0_0938_21452_i_load/4 "/>
</bind>
</comp>

<comp id="1314" class="1004" name="select_ln710_fu_1314">
<pin_list>
<pin id="1315" dir="0" index="0" bw="1" slack="3"/>
<pin id="1316" dir="0" index="1" bw="10" slack="2"/>
<pin id="1317" dir="0" index="2" bw="10" slack="0"/>
<pin id="1318" dir="1" index="3" bw="10" slack="1"/>
</pin_list>
<bind>
<opcode="select(49) " fcode="select"/>
<opset="select_ln710/4 "/>
</bind>
</comp>

<comp id="1320" class="1004" name="select_ln710_2_fu_1320">
<pin_list>
<pin id="1321" dir="0" index="0" bw="1" slack="3"/>
<pin id="1322" dir="0" index="1" bw="10" slack="2"/>
<pin id="1323" dir="0" index="2" bw="10" slack="0"/>
<pin id="1324" dir="1" index="3" bw="10" slack="1"/>
</pin_list>
<bind>
<opcode="select(49) " fcode="select"/>
<opset="select_ln710_2/4 "/>
</bind>
</comp>

<comp id="1326" class="1004" name="select_ln710_3_fu_1326">
<pin_list>
<pin id="1327" dir="0" index="0" bw="1" slack="3"/>
<pin id="1328" dir="0" index="1" bw="10" slack="2"/>
<pin id="1329" dir="0" index="2" bw="10" slack="0"/>
<pin id="1330" dir="1" index="3" bw="10" slack="0"/>
</pin_list>
<bind>
<opcode="select(49) " fcode="select"/>
<opset="select_ln710_3/4 "/>
</bind>
</comp>

<comp id="1333" class="1004" name="select_ln710_5_fu_1333">
<pin_list>
<pin id="1334" dir="0" index="0" bw="1" slack="3"/>
<pin id="1335" dir="0" index="1" bw="10" slack="2"/>
<pin id="1336" dir="0" index="2" bw="10" slack="0"/>
<pin id="1337" dir="1" index="3" bw="10" slack="0"/>
</pin_list>
<bind>
<opcode="select(49) " fcode="select"/>
<opset="select_ln710_5/4 "/>
</bind>
</comp>

<comp id="1340" class="1004" name="select_ln710_6_fu_1340">
<pin_list>
<pin id="1341" dir="0" index="0" bw="1" slack="3"/>
<pin id="1342" dir="0" index="1" bw="10" slack="2"/>
<pin id="1343" dir="0" index="2" bw="10" slack="0"/>
<pin id="1344" dir="1" index="3" bw="10" slack="0"/>
</pin_list>
<bind>
<opcode="select(49) " fcode="select"/>
<opset="select_ln710_6/4 "/>
</bind>
</comp>

<comp id="1347" class="1004" name="select_ln710_8_fu_1347">
<pin_list>
<pin id="1348" dir="0" index="0" bw="1" slack="3"/>
<pin id="1349" dir="0" index="1" bw="10" slack="2"/>
<pin id="1350" dir="0" index="2" bw="10" slack="0"/>
<pin id="1351" dir="1" index="3" bw="10" slack="0"/>
</pin_list>
<bind>
<opcode="select(49) " fcode="select"/>
<opset="select_ln710_8/4 "/>
</bind>
</comp>

<comp id="1354" class="1004" name="select_ln710_9_fu_1354">
<pin_list>
<pin id="1355" dir="0" index="0" bw="1" slack="3"/>
<pin id="1356" dir="0" index="1" bw="10" slack="1"/>
<pin id="1357" dir="0" index="2" bw="10" slack="0"/>
<pin id="1358" dir="1" index="3" bw="10" slack="0"/>
</pin_list>
<bind>
<opcode="select(49) " fcode="select"/>
<opset="select_ln710_9/4 "/>
</bind>
</comp>

<comp id="1362" class="1004" name="select_ln710_11_fu_1362">
<pin_list>
<pin id="1363" dir="0" index="0" bw="1" slack="3"/>
<pin id="1364" dir="0" index="1" bw="10" slack="1"/>
<pin id="1365" dir="0" index="2" bw="10" slack="0"/>
<pin id="1366" dir="1" index="3" bw="10" slack="0"/>
</pin_list>
<bind>
<opcode="select(49) " fcode="select"/>
<opset="select_ln710_11/4 "/>
</bind>
</comp>

<comp id="1370" class="1004" name="select_ln710_12_fu_1370">
<pin_list>
<pin id="1371" dir="0" index="0" bw="1" slack="3"/>
<pin id="1372" dir="0" index="1" bw="10" slack="1"/>
<pin id="1373" dir="0" index="2" bw="10" slack="0"/>
<pin id="1374" dir="1" index="3" bw="10" slack="0"/>
</pin_list>
<bind>
<opcode="select(49) " fcode="select"/>
<opset="select_ln710_12/4 "/>
</bind>
</comp>

<comp id="1378" class="1004" name="select_ln710_14_fu_1378">
<pin_list>
<pin id="1379" dir="0" index="0" bw="1" slack="3"/>
<pin id="1380" dir="0" index="1" bw="10" slack="1"/>
<pin id="1381" dir="0" index="2" bw="10" slack="0"/>
<pin id="1382" dir="1" index="3" bw="10" slack="0"/>
</pin_list>
<bind>
<opcode="select(49) " fcode="select"/>
<opset="select_ln710_14/4 "/>
</bind>
</comp>

<comp id="1386" class="1004" name="store_ln666_store_fu_1386">
<pin_list>
<pin id="1387" dir="0" index="0" bw="10" slack="1"/>
<pin id="1388" dir="0" index="1" bw="10" slack="3"/>
<pin id="1389" dir="1" index="2" bw="0" slack="2147483647"/>
</pin_list>
<bind>
<opcode="store(28) " fcode="store"/>
<opset="store_ln666/4 "/>
</bind>
</comp>

<comp id="1391" class="1004" name="store_ln666_store_fu_1391">
<pin_list>
<pin id="1392" dir="0" index="0" bw="10" slack="1"/>
<pin id="1393" dir="0" index="1" bw="10" slack="3"/>
<pin id="1394" dir="1" index="2" bw="0" slack="2147483647"/>
</pin_list>
<bind>
<opcode="store(28) " fcode="store"/>
<opset="store_ln666/4 "/>
</bind>
</comp>

<comp id="1396" class="1004" name="store_ln654_store_fu_1396">
<pin_list>
<pin id="1397" dir="0" index="0" bw="10" slack="2"/>
<pin id="1398" dir="0" index="1" bw="10" slack="3"/>
<pin id="1399" dir="1" index="2" bw="0" slack="2147483647"/>
</pin_list>
<bind>
<opcode="store(28) " fcode="store"/>
<opset="store_ln654/4 "/>
</bind>
</comp>

<comp id="1400" class="1004" name="store_ln654_store_fu_1400">
<pin_list>
<pin id="1401" dir="0" index="0" bw="10" slack="2"/>
<pin id="1402" dir="0" index="1" bw="10" slack="3"/>
<pin id="1403" dir="1" index="2" bw="0" slack="2147483647"/>
</pin_list>
<bind>
<opcode="store(28) " fcode="store"/>
<opset="store_ln654/4 "/>
</bind>
</comp>

<comp id="1404" class="1004" name="store_ln654_store_fu_1404">
<pin_list>
<pin id="1405" dir="0" index="0" bw="10" slack="2"/>
<pin id="1406" dir="0" index="1" bw="10" slack="3"/>
<pin id="1407" dir="1" index="2" bw="0" slack="2147483647"/>
</pin_list>
<bind>
<opcode="store(28) " fcode="store"/>
<opset="store_ln654/4 "/>
</bind>
</comp>

<comp id="1408" class="1004" name="store_ln654_store_fu_1408">
<pin_list>
<pin id="1409" dir="0" index="0" bw="10" slack="2"/>
<pin id="1410" dir="0" index="1" bw="10" slack="3"/>
<pin id="1411" dir="1" index="2" bw="0" slack="2147483647"/>
</pin_list>
<bind>
<opcode="store(28) " fcode="store"/>
<opset="store_ln654/4 "/>
</bind>
</comp>

<comp id="1412" class="1004" name="enable_fu_1412">
<pin_list>
<pin id="1413" dir="0" index="0" bw="10" slack="1"/>
<pin id="1414" dir="0" index="1" bw="10" slack="1"/>
<pin id="1415" dir="1" index="2" bw="1" slack="0"/>
</pin_list>
<bind>
<opcode="icmp(45) " fcode="icmp"/>
<opset="enable/4 "/>
</bind>
</comp>

<comp id="1416" class="1004" name="zext_ln769_fu_1416">
<pin_list>
<pin id="1417" dir="0" index="0" bw="1" slack="0"/>
<pin id="1418" dir="1" index="1" bw="2" slack="0"/>
</pin_list>
<bind>
<opcode="zext(34) " fcode="zext"/>
<opset="zext_ln769/4 "/>
</bind>
</comp>

<comp id="1420" class="1004" name="icmp_ln796_fu_1420">
<pin_list>
<pin id="1421" dir="0" index="0" bw="10" slack="1"/>
<pin id="1422" dir="0" index="1" bw="10" slack="1"/>
<pin id="1423" dir="1" index="2" bw="1" slack="0"/>
</pin_list>
<bind>
<opcode="icmp(45) " fcode="icmp"/>
<opset="icmp_ln796/4 "/>
</bind>
</comp>

<comp id="1424" class="1004" name="or_ln_fu_1424">
<pin_list>
<pin id="1425" dir="0" index="0" bw="2" slack="0"/>
<pin id="1426" dir="0" index="1" bw="1" slack="0"/>
<pin id="1427" dir="0" index="2" bw="1" slack="0"/>
<pin id="1428" dir="1" index="3" bw="2" slack="0"/>
</pin_list>
<bind>
<opcode="bitconcatenate(1004) " fcode="bitconcatenate"/>
<opset="or_ln/4 "/>
</bind>
</comp>

<comp id="1432" class="1004" name="enable_1_fu_1432">
<pin_list>
<pin id="1433" dir="0" index="0" bw="1" slack="0"/>
<pin id="1434" dir="0" index="1" bw="2" slack="0"/>
<pin id="1435" dir="0" index="2" bw="1" slack="0"/>
<pin id="1436" dir="1" index="3" bw="2" slack="0"/>
</pin_list>
<bind>
<opcode="select(49) " fcode="select"/>
<opset="enable_1/4 "/>
</bind>
</comp>

<comp id="1440" class="1004" name="zext_ln769_1_fu_1440">
<pin_list>
<pin id="1441" dir="0" index="0" bw="2" slack="0"/>
<pin id="1442" dir="1" index="1" bw="3" slack="0"/>
</pin_list>
<bind>
<opcode="zext(34) " fcode="zext"/>
<opset="zext_ln769_1/4 "/>
</bind>
</comp>

<comp id="1444" class="1004" name="icmp_ln797_fu_1444">
<pin_list>
<pin id="1445" dir="0" index="0" bw="10" slack="1"/>
<pin id="1446" dir="0" index="1" bw="10" slack="1"/>
<pin id="1447" dir="1" index="2" bw="1" slack="0"/>
</pin_list>
<bind>
<opcode="icmp(45) " fcode="icmp"/>
<opset="icmp_ln797/4 "/>
</bind>
</comp>

<comp id="1448" class="1004" name="enable_2_fu_1448">
<pin_list>
<pin id="1449" dir="0" index="0" bw="3" slack="0"/>
<pin id="1450" dir="0" index="1" bw="1" slack="0"/>
<pin id="1451" dir="0" index="2" bw="2" slack="0"/>
<pin id="1452" dir="1" index="3" bw="3" slack="0"/>
</pin_list>
<bind>
<opcode="bitconcatenate(1004) " fcode="bitconcatenate"/>
<opset="enable_2/4 "/>
</bind>
</comp>

<comp id="1456" class="1004" name="enable_3_fu_1456">
<pin_list>
<pin id="1457" dir="0" index="0" bw="1" slack="0"/>
<pin id="1458" dir="0" index="1" bw="3" slack="0"/>
<pin id="1459" dir="0" index="2" bw="2" slack="0"/>
<pin id="1460" dir="1" index="3" bw="3" slack="0"/>
</pin_list>
<bind>
<opcode="select(49) " fcode="select"/>
<opset="enable_3/4 "/>
</bind>
</comp>

<comp id="1464" class="1004" name="zext_ln769_2_fu_1464">
<pin_list>
<pin id="1465" dir="0" index="0" bw="3" slack="0"/>
<pin id="1466" dir="1" index="1" bw="4" slack="0"/>
</pin_list>
<bind>
<opcode="zext(34) " fcode="zext"/>
<opset="zext_ln769_2/4 "/>
</bind>
</comp>

<comp id="1468" class="1004" name="icmp_ln798_fu_1468">
<pin_list>
<pin id="1469" dir="0" index="0" bw="10" slack="1"/>
<pin id="1470" dir="0" index="1" bw="10" slack="1"/>
<pin id="1471" dir="1" index="2" bw="1" slack="0"/>
</pin_list>
<bind>
<opcode="icmp(45) " fcode="icmp"/>
<opset="icmp_ln798/4 "/>
</bind>
</comp>

<comp id="1472" class="1004" name="or_ln1_fu_1472">
<pin_list>
<pin id="1473" dir="0" index="0" bw="4" slack="0"/>
<pin id="1474" dir="0" index="1" bw="1" slack="0"/>
<pin id="1475" dir="0" index="2" bw="3" slack="0"/>
<pin id="1476" dir="1" index="3" bw="4" slack="0"/>
</pin_list>
<bind>
<opcode="bitconcatenate(1004) " fcode="bitconcatenate"/>
<opset="or_ln1/4 "/>
</bind>
</comp>

<comp id="1480" class="1004" name="enable_4_fu_1480">
<pin_list>
<pin id="1481" dir="0" index="0" bw="1" slack="0"/>
<pin id="1482" dir="0" index="1" bw="4" slack="0"/>
<pin id="1483" dir="0" index="2" bw="3" slack="0"/>
<pin id="1484" dir="1" index="3" bw="4" slack="0"/>
</pin_list>
<bind>
<opcode="select(49) " fcode="select"/>
<opset="enable_4/4 "/>
</bind>
</comp>

<comp id="1488" class="1004" name="zext_ln769_3_fu_1488">
<pin_list>
<pin id="1489" dir="0" index="0" bw="4" slack="0"/>
<pin id="1490" dir="1" index="1" bw="5" slack="0"/>
</pin_list>
<bind>
<opcode="zext(34) " fcode="zext"/>
<opset="zext_ln769_3/4 "/>
</bind>
</comp>

<comp id="1492" class="1004" name="icmp_ln799_fu_1492">
<pin_list>
<pin id="1493" dir="0" index="0" bw="10" slack="1"/>
<pin id="1494" dir="0" index="1" bw="10" slack="1"/>
<pin id="1495" dir="1" index="2" bw="1" slack="0"/>
</pin_list>
<bind>
<opcode="icmp(45) " fcode="icmp"/>
<opset="icmp_ln799/4 "/>
</bind>
</comp>

<comp id="1496" class="1004" name="enable_5_fu_1496">
<pin_list>
<pin id="1497" dir="0" index="0" bw="5" slack="0"/>
<pin id="1498" dir="0" index="1" bw="1" slack="0"/>
<pin id="1499" dir="0" index="2" bw="4" slack="0"/>
<pin id="1500" dir="1" index="3" bw="5" slack="0"/>
</pin_list>
<bind>
<opcode="bitconcatenate(1004) " fcode="bitconcatenate"/>
<opset="enable_5/4 "/>
</bind>
</comp>

<comp id="1504" class="1004" name="enable_6_fu_1504">
<pin_list>
<pin id="1505" dir="0" index="0" bw="1" slack="0"/>
<pin id="1506" dir="0" index="1" bw="5" slack="0"/>
<pin id="1507" dir="0" index="2" bw="4" slack="0"/>
<pin id="1508" dir="1" index="3" bw="5" slack="0"/>
</pin_list>
<bind>
<opcode="select(49) " fcode="select"/>
<opset="enable_6/4 "/>
</bind>
</comp>

<comp id="1512" class="1004" name="zext_ln769_4_fu_1512">
<pin_list>
<pin id="1513" dir="0" index="0" bw="5" slack="0"/>
<pin id="1514" dir="1" index="1" bw="6" slack="0"/>
</pin_list>
<bind>
<opcode="zext(34) " fcode="zext"/>
<opset="zext_ln769_4/4 "/>
</bind>
</comp>

<comp id="1516" class="1004" name="icmp_ln800_fu_1516">
<pin_list>
<pin id="1517" dir="0" index="0" bw="10" slack="1"/>
<pin id="1518" dir="0" index="1" bw="10" slack="1"/>
<pin id="1519" dir="1" index="2" bw="1" slack="0"/>
</pin_list>
<bind>
<opcode="icmp(45) " fcode="icmp"/>
<opset="icmp_ln800/4 "/>
</bind>
</comp>

<comp id="1520" class="1004" name="or_ln2_fu_1520">
<pin_list>
<pin id="1521" dir="0" index="0" bw="6" slack="0"/>
<pin id="1522" dir="0" index="1" bw="1" slack="0"/>
<pin id="1523" dir="0" index="2" bw="5" slack="0"/>
<pin id="1524" dir="1" index="3" bw="6" slack="0"/>
</pin_list>
<bind>
<opcode="bitconcatenate(1004) " fcode="bitconcatenate"/>
<opset="or_ln2/4 "/>
</bind>
</comp>

<comp id="1528" class="1004" name="enable_7_fu_1528">
<pin_list>
<pin id="1529" dir="0" index="0" bw="1" slack="0"/>
<pin id="1530" dir="0" index="1" bw="6" slack="0"/>
<pin id="1531" dir="0" index="2" bw="5" slack="0"/>
<pin id="1532" dir="1" index="3" bw="6" slack="1"/>
</pin_list>
<bind>
<opcode="select(49) " fcode="select"/>
<opset="enable_7/4 "/>
</bind>
</comp>

<comp id="1536" class="1004" name="select_ln817_fu_1536">
<pin_list>
<pin id="1537" dir="0" index="0" bw="1" slack="3"/>
<pin id="1538" dir="0" index="1" bw="10" slack="0"/>
<pin id="1539" dir="0" index="2" bw="10" slack="0"/>
<pin id="1540" dir="1" index="3" bw="10" slack="0"/>
</pin_list>
<bind>
<opcode="select(49) " fcode="select"/>
<opset="select_ln817/4 "/>
</bind>
</comp>

<comp id="1543" class="1004" name="zext_ln817_fu_1543">
<pin_list>
<pin id="1544" dir="0" index="0" bw="10" slack="0"/>
<pin id="1545" dir="1" index="1" bw="11" slack="0"/>
</pin_list>
<bind>
<opcode="zext(34) " fcode="zext"/>
<opset="zext_ln817/4 "/>
</bind>
</comp>

<comp id="1547" class="1004" name="sub_ln817_fu_1547">
<pin_list>
<pin id="1548" dir="0" index="0" bw="10" slack="1"/>
<pin id="1549" dir="0" index="1" bw="10" slack="0"/>
<pin id="1550" dir="1" index="2" bw="11" slack="1"/>
</pin_list>
<bind>
<opcode="sub(10) " fcode="sub"/>
<opset="sub_ln817/4 "/>
</bind>
</comp>

<comp id="1552" class="1004" name="select_ln818_fu_1552">
<pin_list>
<pin id="1553" dir="0" index="0" bw="1" slack="3"/>
<pin id="1554" dir="0" index="1" bw="10" slack="0"/>
<pin id="1555" dir="0" index="2" bw="10" slack="0"/>
<pin id="1556" dir="1" index="3" bw="10" slack="0"/>
</pin_list>
<bind>
<opcode="select(49) " fcode="select"/>
<opset="select_ln818/4 "/>
</bind>
</comp>

<comp id="1559" class="1004" name="zext_ln818_fu_1559">
<pin_list>
<pin id="1560" dir="0" index="0" bw="10" slack="0"/>
<pin id="1561" dir="1" index="1" bw="11" slack="0"/>
</pin_list>
<bind>
<opcode="zext(34) " fcode="zext"/>
<opset="zext_ln818/4 "/>
</bind>
</comp>

<comp id="1563" class="1004" name="sub_ln818_fu_1563">
<pin_list>
<pin id="1564" dir="0" index="0" bw="10" slack="1"/>
<pin id="1565" dir="0" index="1" bw="10" slack="0"/>
<pin id="1566" dir="1" index="2" bw="11" slack="1"/>
</pin_list>
<bind>
<opcode="sub(10) " fcode="sub"/>
<opset="sub_ln818/4 "/>
</bind>
</comp>

<comp id="1568" class="1004" name="store_ln710_store_fu_1568">
<pin_list>
<pin id="1569" dir="0" index="0" bw="10" slack="0"/>
<pin id="1570" dir="0" index="1" bw="10" slack="3"/>
<pin id="1571" dir="1" index="2" bw="0" slack="2147483647"/>
</pin_list>
<bind>
<opcode="store(28) " fcode="store"/>
<opset="store_ln710/4 "/>
</bind>
</comp>

<comp id="1573" class="1004" name="store_ln710_store_fu_1573">
<pin_list>
<pin id="1574" dir="0" index="0" bw="10" slack="0"/>
<pin id="1575" dir="0" index="1" bw="10" slack="3"/>
<pin id="1576" dir="1" index="2" bw="0" slack="2147483647"/>
</pin_list>
<bind>
<opcode="store(28) " fcode="store"/>
<opset="store_ln710/4 "/>
</bind>
</comp>

<comp id="1578" class="1004" name="store_ln710_store_fu_1578">
<pin_list>
<pin id="1579" dir="0" index="0" bw="10" slack="0"/>
<pin id="1580" dir="0" index="1" bw="10" slack="3"/>
<pin id="1581" dir="1" index="2" bw="0" slack="2147483647"/>
</pin_list>
<bind>
<opcode="store(28) " fcode="store"/>
<opset="store_ln710/4 "/>
</bind>
</comp>

<comp id="1583" class="1004" name="store_ln710_store_fu_1583">
<pin_list>
<pin id="1584" dir="0" index="0" bw="10" slack="0"/>
<pin id="1585" dir="0" index="1" bw="10" slack="3"/>
<pin id="1586" dir="1" index="2" bw="0" slack="2147483647"/>
</pin_list>
<bind>
<opcode="store(28) " fcode="store"/>
<opset="store_ln710/4 "/>
</bind>
</comp>

<comp id="1588" class="1004" name="switch_ln802_fu_1588">
<pin_list>
<pin id="1589" dir="0" index="0" bw="6" slack="1"/>
<pin id="1590" dir="0" index="1" bw="6" slack="0"/>
<pin id="1591" dir="0" index="2" bw="6" slack="0"/>
<pin id="1592" dir="0" index="3" bw="2" slack="0"/>
<pin id="1593" dir="0" index="4" bw="1" slack="0"/>
<pin id="1594" dir="0" index="5" bw="6" slack="0"/>
<pin id="1595" dir="0" index="6" bw="6" slack="0"/>
<pin id="1596" dir="0" index="7" bw="5" slack="0"/>
<pin id="1597" dir="0" index="8" bw="5" slack="0"/>
<pin id="1598" dir="0" index="9" bw="3" slack="0"/>
<pin id="1599" dir="0" index="10" bw="4" slack="0"/>
<pin id="1600" dir="0" index="11" bw="5" slack="0"/>
<pin id="1601" dir="0" index="12" bw="5" slack="0"/>
<pin id="1602" dir="0" index="13" bw="5" slack="0"/>
<pin id="1603" dir="0" index="14" bw="5" slack="0"/>
<pin id="1604" dir="0" index="15" bw="4" slack="0"/>
<pin id="1605" dir="0" index="16" bw="3" slack="0"/>
<pin id="1606" dir="0" index="17" bw="5" slack="0"/>
<pin id="1607" dir="0" index="18" bw="5" slack="0"/>
<pin id="1608" dir="0" index="19" bw="6" slack="0"/>
<pin id="1609" dir="0" index="20" bw="6" slack="0"/>
<pin id="1610" dir="0" index="21" bw="1" slack="0"/>
<pin id="1611" dir="0" index="22" bw="1" slack="0"/>
<pin id="1612" dir="0" index="23" bw="6" slack="0"/>
<pin id="1613" dir="0" index="24" bw="6" slack="0"/>
<pin id="1614" dir="1" index="25" bw="0" slack="0"/>
</pin_list>
<bind>
<opcode="switch(3) " fcode="switch"/>
<opset="switch_ln802/5 "/>
</bind>
</comp>

<comp id="1643" class="1004" name="p_0_0_0_0_09131515_i_load_1_load_fu_1643">
<pin_list>
<pin id="1644" dir="0" index="0" bw="10" slack="4"/>
<pin id="1645" dir="1" index="1" bw="10" slack="0"/>
</pin_list>
<bind>
<opcode="load(27) " fcode="load"/>
<opset="p_0_0_0_0_09131515_i_load_1/5 "/>
</bind>
</comp>

<comp id="1646" class="1004" name="p_0_2_0_0_09151519_i_load_1_load_fu_1646">
<pin_list>
<pin id="1647" dir="0" index="0" bw="10" slack="4"/>
<pin id="1648" dir="1" index="1" bw="10" slack="0"/>
</pin_list>
<bind>
<opcode="load(27) " fcode="load"/>
<opset="p_0_2_0_0_09151519_i_load_1/5 "/>
</bind>
</comp>

<comp id="1649" class="1004" name="p_0_0_0_0_09071527_i_load_1_load_fu_1649">
<pin_list>
<pin id="1650" dir="0" index="0" bw="10" slack="4"/>
<pin id="1651" dir="1" index="1" bw="10" slack="0"/>
</pin_list>
<bind>
<opcode="load(27) " fcode="load"/>
<opset="p_0_0_0_0_09071527_i_load_1/5 "/>
</bind>
</comp>

<comp id="1652" class="1004" name="p_0_2_0_0_09091531_i_load_1_load_fu_1652">
<pin_list>
<pin id="1653" dir="0" index="0" bw="10" slack="4"/>
<pin id="1654" dir="1" index="1" bw="10" slack="0"/>
</pin_list>
<bind>
<opcode="load(27) " fcode="load"/>
<opset="p_0_2_0_0_09091531_i_load_1/5 "/>
</bind>
</comp>

<comp id="1655" class="1004" name="select_ln817_1_fu_1655">
<pin_list>
<pin id="1656" dir="0" index="0" bw="1" slack="0"/>
<pin id="1657" dir="0" index="1" bw="1" slack="0"/>
<pin id="1658" dir="0" index="2" bw="1" slack="0"/>
<pin id="1659" dir="1" index="3" bw="11" slack="0"/>
</pin_list>
<bind>
<opcode="select(49) " fcode="select"/>
<opset="select_ln817_1/5 "/>
</bind>
</comp>

<comp id="1663" class="1004" name="and_ln817_fu_1663">
<pin_list>
<pin id="1664" dir="0" index="0" bw="11" slack="1"/>
<pin id="1665" dir="0" index="1" bw="11" slack="0"/>
<pin id="1666" dir="1" index="2" bw="11" slack="0"/>
</pin_list>
<bind>
<opcode="and(23) " fcode="and"/>
<opset="and_ln817/5 "/>
</bind>
</comp>

<comp id="1668" class="1004" name="sext_ln818_fu_1668">
<pin_list>
<pin id="1669" dir="0" index="0" bw="11" slack="0"/>
<pin id="1670" dir="1" index="1" bw="12" slack="0"/>
</pin_list>
<bind>
<opcode="sext(35) " fcode="sext"/>
<opset="sext_ln818/5 "/>
</bind>
</comp>

<comp id="1672" class="1004" name="select_ln818_1_fu_1672">
<pin_list>
<pin id="1673" dir="0" index="0" bw="1" slack="0"/>
<pin id="1674" dir="0" index="1" bw="1" slack="0"/>
<pin id="1675" dir="0" index="2" bw="1" slack="0"/>
<pin id="1676" dir="1" index="3" bw="11" slack="0"/>
</pin_list>
<bind>
<opcode="select(49) " fcode="select"/>
<opset="select_ln818_1/5 "/>
</bind>
</comp>

<comp id="1680" class="1004" name="and_ln818_fu_1680">
<pin_list>
<pin id="1681" dir="0" index="0" bw="11" slack="1"/>
<pin id="1682" dir="0" index="1" bw="11" slack="0"/>
<pin id="1683" dir="1" index="2" bw="11" slack="0"/>
</pin_list>
<bind>
<opcode="and(23) " fcode="and"/>
<opset="and_ln818/5 "/>
</bind>
</comp>

<comp id="1685" class="1004" name="sext_ln817_fu_1685">
<pin_list>
<pin id="1686" dir="0" index="0" bw="11" slack="0"/>
<pin id="1687" dir="1" index="1" bw="12" slack="0"/>
</pin_list>
<bind>
<opcode="sext(35) " fcode="sext"/>
<opset="sext_ln817/5 "/>
</bind>
</comp>

<comp id="1689" class="1004" name="add_ln817_fu_1689">
<pin_list>
<pin id="1690" dir="0" index="0" bw="11" slack="0"/>
<pin id="1691" dir="0" index="1" bw="11" slack="0"/>
<pin id="1692" dir="1" index="2" bw="12" slack="0"/>
</pin_list>
<bind>
<opcode="add(8) " fcode="add"/>
<opset="add_ln817/5 "/>
</bind>
</comp>

<comp id="1695" class="1004" name="select_ln819_fu_1695">
<pin_list>
<pin id="1696" dir="0" index="0" bw="1" slack="4"/>
<pin id="1697" dir="0" index="1" bw="10" slack="0"/>
<pin id="1698" dir="0" index="2" bw="10" slack="0"/>
<pin id="1699" dir="1" index="3" bw="10" slack="0"/>
</pin_list>
<bind>
<opcode="select(49) " fcode="select"/>
<opset="select_ln819/5 "/>
</bind>
</comp>

<comp id="1702" class="1004" name="zext_ln819_fu_1702">
<pin_list>
<pin id="1703" dir="0" index="0" bw="10" slack="0"/>
<pin id="1704" dir="1" index="1" bw="11" slack="0"/>
</pin_list>
<bind>
<opcode="zext(34) " fcode="zext"/>
<opset="zext_ln819/5 "/>
</bind>
</comp>

<comp id="1706" class="1004" name="sub_ln819_fu_1706">
<pin_list>
<pin id="1707" dir="0" index="0" bw="10" slack="2"/>
<pin id="1708" dir="0" index="1" bw="10" slack="0"/>
<pin id="1709" dir="1" index="2" bw="11" slack="0"/>
</pin_list>
<bind>
<opcode="sub(10) " fcode="sub"/>
<opset="sub_ln819/5 "/>
</bind>
</comp>

<comp id="1711" class="1004" name="select_ln819_1_fu_1711">
<pin_list>
<pin id="1712" dir="0" index="0" bw="1" slack="0"/>
<pin id="1713" dir="0" index="1" bw="1" slack="0"/>
<pin id="1714" dir="0" index="2" bw="1" slack="0"/>
<pin id="1715" dir="1" index="3" bw="11" slack="0"/>
</pin_list>
<bind>
<opcode="select(49) " fcode="select"/>
<opset="select_ln819_1/5 "/>
</bind>
</comp>

<comp id="1719" class="1004" name="and_ln819_fu_1719">
<pin_list>
<pin id="1720" dir="0" index="0" bw="11" slack="0"/>
<pin id="1721" dir="0" index="1" bw="11" slack="0"/>
<pin id="1722" dir="1" index="2" bw="11" slack="0"/>
</pin_list>
<bind>
<opcode="and(23) " fcode="and"/>
<opset="and_ln819/5 "/>
</bind>
</comp>

<comp id="1725" class="1004" name="sext_ln818_1_fu_1725">
<pin_list>
<pin id="1726" dir="0" index="0" bw="12" slack="0"/>
<pin id="1727" dir="1" index="1" bw="13" slack="0"/>
</pin_list>
<bind>
<opcode="sext(35) " fcode="sext"/>
<opset="sext_ln818_1/5 "/>
</bind>
</comp>

<comp id="1729" class="1004" name="sext_ln820_1_fu_1729">
<pin_list>
<pin id="1730" dir="0" index="0" bw="11" slack="0"/>
<pin id="1731" dir="1" index="1" bw="12" slack="0"/>
</pin_list>
<bind>
<opcode="sext(35) " fcode="sext"/>
<opset="sext_ln820_1/5 "/>
</bind>
</comp>

<comp id="1733" class="1004" name="select_ln820_fu_1733">
<pin_list>
<pin id="1734" dir="0" index="0" bw="1" slack="4"/>
<pin id="1735" dir="0" index="1" bw="10" slack="0"/>
<pin id="1736" dir="0" index="2" bw="10" slack="0"/>
<pin id="1737" dir="1" index="3" bw="10" slack="0"/>
</pin_list>
<bind>
<opcode="select(49) " fcode="select"/>
<opset="select_ln820/5 "/>
</bind>
</comp>

<comp id="1740" class="1004" name="zext_ln820_fu_1740">
<pin_list>
<pin id="1741" dir="0" index="0" bw="10" slack="0"/>
<pin id="1742" dir="1" index="1" bw="11" slack="0"/>
</pin_list>
<bind>
<opcode="zext(34) " fcode="zext"/>
<opset="zext_ln820/5 "/>
</bind>
</comp>

<comp id="1744" class="1004" name="sub_ln820_fu_1744">
<pin_list>
<pin id="1745" dir="0" index="0" bw="10" slack="2"/>
<pin id="1746" dir="0" index="1" bw="10" slack="0"/>
<pin id="1747" dir="1" index="2" bw="11" slack="0"/>
</pin_list>
<bind>
<opcode="sub(10) " fcode="sub"/>
<opset="sub_ln820/5 "/>
</bind>
</comp>

<comp id="1749" class="1004" name="select_ln820_2_fu_1749">
<pin_list>
<pin id="1750" dir="0" index="0" bw="1" slack="0"/>
<pin id="1751" dir="0" index="1" bw="1" slack="0"/>
<pin id="1752" dir="0" index="2" bw="1" slack="0"/>
<pin id="1753" dir="1" index="3" bw="11" slack="0"/>
</pin_list>
<bind>
<opcode="select(49) " fcode="select"/>
<opset="select_ln820_2/5 "/>
</bind>
</comp>

<comp id="1757" class="1004" name="and_ln820_fu_1757">
<pin_list>
<pin id="1758" dir="0" index="0" bw="11" slack="0"/>
<pin id="1759" dir="0" index="1" bw="11" slack="0"/>
<pin id="1760" dir="1" index="2" bw="11" slack="0"/>
</pin_list>
<bind>
<opcode="and(23) " fcode="and"/>
<opset="and_ln820/5 "/>
</bind>
</comp>

<comp id="1763" class="1004" name="sext_ln820_fu_1763">
<pin_list>
<pin id="1764" dir="0" index="0" bw="11" slack="0"/>
<pin id="1765" dir="1" index="1" bw="12" slack="0"/>
</pin_list>
<bind>
<opcode="sext(35) " fcode="sext"/>
<opset="sext_ln820/5 "/>
</bind>
</comp>

<comp id="1767" class="1004" name="add_ln820_1_fu_1767">
<pin_list>
<pin id="1768" dir="0" index="0" bw="11" slack="0"/>
<pin id="1769" dir="0" index="1" bw="11" slack="0"/>
<pin id="1770" dir="1" index="2" bw="12" slack="0"/>
</pin_list>
<bind>
<opcode="add(8) " fcode="add"/>
<opset="add_ln820_1/5 "/>
</bind>
</comp>

<comp id="1773" class="1004" name="sext_ln820_2_fu_1773">
<pin_list>
<pin id="1774" dir="0" index="0" bw="12" slack="0"/>
<pin id="1775" dir="1" index="1" bw="13" slack="0"/>
</pin_list>
<bind>
<opcode="sext(35) " fcode="sext"/>
<opset="sext_ln820_2/5 "/>
</bind>
</comp>

<comp id="1777" class="1004" name="add_ln820_fu_1777">
<pin_list>
<pin id="1778" dir="0" index="0" bw="12" slack="0"/>
<pin id="1779" dir="0" index="1" bw="12" slack="0"/>
<pin id="1780" dir="1" index="2" bw="13" slack="1"/>
</pin_list>
<bind>
<opcode="add(8) " fcode="add"/>
<opset="add_ln820/5 "/>
</bind>
</comp>

<comp id="1783" class="1004" name="CH_fu_1783">
<pin_list>
<pin id="1784" dir="0" index="0" bw="1" slack="5"/>
<pin id="1785" dir="0" index="1" bw="10" slack="1"/>
<pin id="1786" dir="0" index="2" bw="10" slack="1"/>
<pin id="1787" dir="1" index="3" bw="10" slack="0"/>
</pin_list>
<bind>
<opcode="select(49) " fcode="select"/>
<opset="CH/6 "/>
</bind>
</comp>

<comp id="1790" class="1004" name="zext_ln788_fu_1790">
<pin_list>
<pin id="1791" dir="0" index="0" bw="10" slack="0"/>
<pin id="1792" dir="1" index="1" bw="12" slack="0"/>
</pin_list>
<bind>
<opcode="zext(34) " fcode="zext"/>
<opset="zext_ln788/6 "/>
</bind>
</comp>

<comp id="1794" class="1004" name="tmp_5_fu_1794">
<pin_list>
<pin id="1795" dir="0" index="0" bw="1" slack="0"/>
<pin id="1796" dir="0" index="1" bw="13" slack="1"/>
<pin id="1797" dir="0" index="2" bw="5" slack="0"/>
<pin id="1798" dir="1" index="3" bw="1" slack="0"/>
</pin_list>
<bind>
<opcode="bitselect(1000) " fcode="bitselect"/>
<opset="tmp_5/6 "/>
</bind>
</comp>

<comp id="1801" class="1004" name="sub_ln820_1_fu_1801">
<pin_list>
<pin id="1802" dir="0" index="0" bw="1" slack="0"/>
<pin id="1803" dir="0" index="1" bw="13" slack="1"/>
<pin id="1804" dir="1" index="2" bw="13" slack="0"/>
</pin_list>
<bind>
<opcode="sub(10) " fcode="sub"/>
<opset="sub_ln820_1/6 "/>
</bind>
</comp>

<comp id="1806" class="1004" name="trunc_ln820_1_fu_1806">
<pin_list>
<pin id="1807" dir="0" index="0" bw="12" slack="0"/>
<pin id="1808" dir="0" index="1" bw="13" slack="0"/>
<pin id="1809" dir="0" index="2" bw="1" slack="0"/>
<pin id="1810" dir="0" index="3" bw="5" slack="0"/>
<pin id="1811" dir="1" index="4" bw="12" slack="0"/>
</pin_list>
<bind>
<opcode="partselect(1002) " fcode="partselect"/>
<opset="trunc_ln820_1/6 "/>
</bind>
</comp>

<comp id="1816" class="1004" name="sub_ln820_2_fu_1816">
<pin_list>
<pin id="1817" dir="0" index="0" bw="1" slack="0"/>
<pin id="1818" dir="0" index="1" bw="12" slack="0"/>
<pin id="1819" dir="1" index="2" bw="12" slack="0"/>
</pin_list>
<bind>
<opcode="sub(10) " fcode="sub"/>
<opset="sub_ln820_2/6 "/>
</bind>
</comp>

<comp id="1822" class="1004" name="trunc_ln820_2_fu_1822">
<pin_list>
<pin id="1823" dir="0" index="0" bw="12" slack="0"/>
<pin id="1824" dir="0" index="1" bw="13" slack="1"/>
<pin id="1825" dir="0" index="2" bw="1" slack="0"/>
<pin id="1826" dir="0" index="3" bw="5" slack="0"/>
<pin id="1827" dir="1" index="4" bw="12" slack="0"/>
</pin_list>
<bind>
<opcode="partselect(1002) " fcode="partselect"/>
<opset="trunc_ln820_2/6 "/>
</bind>
</comp>

<comp id="1831" class="1004" name="select_ln820_1_fu_1831">
<pin_list>
<pin id="1832" dir="0" index="0" bw="1" slack="0"/>
<pin id="1833" dir="0" index="1" bw="12" slack="0"/>
<pin id="1834" dir="0" index="2" bw="12" slack="0"/>
<pin id="1835" dir="1" index="3" bw="12" slack="0"/>
</pin_list>
<bind>
<opcode="select(49) " fcode="select"/>
<opset="select_ln820_1/6 "/>
</bind>
</comp>

<comp id="1839" class="1004" name="zext_ln817_1_fu_1839">
<pin_list>
<pin id="1840" dir="0" index="0" bw="10" slack="3"/>
<pin id="1841" dir="1" index="1" bw="12" slack="0"/>
</pin_list>
<bind>
<opcode="zext(34) " fcode="zext"/>
<opset="zext_ln817_1/6 "/>
</bind>
</comp>

<comp id="1843" class="1004" name="CV_fu_1843">
<pin_list>
<pin id="1844" dir="0" index="0" bw="10" slack="0"/>
<pin id="1845" dir="0" index="1" bw="12" slack="0"/>
<pin id="1846" dir="1" index="2" bw="12" slack="0"/>
</pin_list>
<bind>
<opcode="sub(10) " fcode="sub"/>
<opset="CV/6 "/>
</bind>
</comp>

<comp id="1849" class="1004" name="r_fu_1849">
<pin_list>
<pin id="1850" dir="0" index="0" bw="1" slack="5"/>
<pin id="1851" dir="0" index="1" bw="10" slack="0"/>
<pin id="1852" dir="0" index="2" bw="12" slack="0"/>
<pin id="1853" dir="1" index="3" bw="12" slack="1"/>
</pin_list>
<bind>
<opcode="select(49) " fcode="select"/>
<opset="r/6 "/>
</bind>
</comp>

<comp id="1856" class="1004" name="b_fu_1856">
<pin_list>
<pin id="1857" dir="0" index="0" bw="1" slack="5"/>
<pin id="1858" dir="0" index="1" bw="12" slack="0"/>
<pin id="1859" dir="0" index="2" bw="10" slack="0"/>
<pin id="1860" dir="1" index="3" bw="12" slack="1"/>
</pin_list>
<bind>
<opcode="select(49) " fcode="select"/>
<opset="b/6 "/>
</bind>
</comp>

<comp id="1863" class="1004" name="zext_ln763_fu_1863">
<pin_list>
<pin id="1864" dir="0" index="0" bw="10" slack="2"/>
<pin id="1865" dir="1" index="1" bw="12" slack="0"/>
</pin_list>
<bind>
<opcode="zext(34) " fcode="zext"/>
<opset="zext_ln763/7 "/>
</bind>
</comp>

<comp id="1868" class="1004" name="zext_ln765_fu_1868">
<pin_list>
<pin id="1869" dir="0" index="0" bw="10" slack="2"/>
<pin id="1870" dir="1" index="1" bw="12" slack="0"/>
</pin_list>
<bind>
<opcode="zext(34) " fcode="zext"/>
<opset="zext_ln765/7 "/>
</bind>
</comp>

<comp id="1873" class="1004" name="tmp_6_fu_1873">
<pin_list>
<pin id="1874" dir="0" index="0" bw="1" slack="0"/>
<pin id="1875" dir="0" index="1" bw="12" slack="0"/>
<pin id="1876" dir="0" index="2" bw="5" slack="0"/>
<pin id="1877" dir="1" index="3" bw="1" slack="0"/>
</pin_list>
<bind>
<opcode="bitselect(1000) " fcode="bitselect"/>
<opset="tmp_6/7 "/>
</bind>
</comp>

<comp id="1881" class="1004" name="tmp_7_fu_1881">
<pin_list>
<pin id="1882" dir="0" index="0" bw="2" slack="0"/>
<pin id="1883" dir="0" index="1" bw="12" slack="0"/>
<pin id="1884" dir="0" index="2" bw="5" slack="0"/>
<pin id="1885" dir="0" index="3" bw="5" slack="0"/>
<pin id="1886" dir="1" index="4" bw="2" slack="0"/>
</pin_list>
<bind>
<opcode="partselect(1002) " fcode="partselect"/>
<opset="tmp_7/7 "/>
</bind>
</comp>

<comp id="1891" class="1004" name="icmp_ln827_fu_1891">
<pin_list>
<pin id="1892" dir="0" index="0" bw="2" slack="0"/>
<pin id="1893" dir="0" index="1" bw="1" slack="0"/>
<pin id="1894" dir="1" index="2" bw="1" slack="0"/>
</pin_list>
<bind>
<opcode="icmp(45) " fcode="icmp"/>
<opset="icmp_ln827/7 "/>
</bind>
</comp>

<comp id="1897" class="1004" name="trunc_ln827_fu_1897">
<pin_list>
<pin id="1898" dir="0" index="0" bw="12" slack="0"/>
<pin id="1899" dir="1" index="1" bw="10" slack="0"/>
</pin_list>
<bind>
<opcode="trunc(33) " fcode="trunc"/>
<opset="trunc_ln827/7 "/>
</bind>
</comp>

<comp id="1901" class="1004" name="xor_ln827_fu_1901">
<pin_list>
<pin id="1902" dir="0" index="0" bw="1" slack="0"/>
<pin id="1903" dir="0" index="1" bw="1" slack="0"/>
<pin id="1904" dir="1" index="2" bw="1" slack="0"/>
</pin_list>
<bind>
<opcode="xor(25) " fcode="xor"/>
<opset="xor_ln827/7 "/>
</bind>
</comp>

<comp id="1907" class="1004" name="select_ln827_1_fu_1907">
<pin_list>
<pin id="1908" dir="0" index="0" bw="1" slack="0"/>
<pin id="1909" dir="0" index="1" bw="1" slack="0"/>
<pin id="1910" dir="0" index="2" bw="1" slack="0"/>
<pin id="1911" dir="1" index="3" bw="10" slack="0"/>
</pin_list>
<bind>
<opcode="select(49) " fcode="select"/>
<opset="select_ln827_1/7 "/>
</bind>
</comp>

<comp id="1915" class="1004" name="or_ln827_fu_1915">
<pin_list>
<pin id="1916" dir="0" index="0" bw="1" slack="0"/>
<pin id="1917" dir="0" index="1" bw="1" slack="0"/>
<pin id="1918" dir="1" index="2" bw="1" slack="0"/>
</pin_list>
<bind>
<opcode="or(24) " fcode="or"/>
<opset="or_ln827/7 "/>
</bind>
</comp>

<comp id="1921" class="1004" name="select_ln827_fu_1921">
<pin_list>
<pin id="1922" dir="0" index="0" bw="1" slack="0"/>
<pin id="1923" dir="0" index="1" bw="10" slack="0"/>
<pin id="1924" dir="0" index="2" bw="10" slack="0"/>
<pin id="1925" dir="1" index="3" bw="10" slack="0"/>
</pin_list>
<bind>
<opcode="select(49) " fcode="select"/>
<opset="select_ln827/7 "/>
</bind>
</comp>

<comp id="1929" class="1004" name="tmp_8_fu_1929">
<pin_list>
<pin id="1930" dir="0" index="0" bw="1" slack="0"/>
<pin id="1931" dir="0" index="1" bw="12" slack="0"/>
<pin id="1932" dir="0" index="2" bw="5" slack="0"/>
<pin id="1933" dir="1" index="3" bw="1" slack="0"/>
</pin_list>
<bind>
<opcode="bitselect(1000) " fcode="bitselect"/>
<opset="tmp_8/7 "/>
</bind>
</comp>

<comp id="1937" class="1004" name="tmp_9_fu_1937">
<pin_list>
<pin id="1938" dir="0" index="0" bw="2" slack="0"/>
<pin id="1939" dir="0" index="1" bw="12" slack="0"/>
<pin id="1940" dir="0" index="2" bw="5" slack="0"/>
<pin id="1941" dir="0" index="3" bw="5" slack="0"/>
<pin id="1942" dir="1" index="4" bw="2" slack="0"/>
</pin_list>
<bind>
<opcode="partselect(1002) " fcode="partselect"/>
<opset="tmp_9/7 "/>
</bind>
</comp>

<comp id="1947" class="1004" name="icmp_ln829_fu_1947">
<pin_list>
<pin id="1948" dir="0" index="0" bw="2" slack="0"/>
<pin id="1949" dir="0" index="1" bw="1" slack="0"/>
<pin id="1950" dir="1" index="2" bw="1" slack="0"/>
</pin_list>
<bind>
<opcode="icmp(45) " fcode="icmp"/>
<opset="icmp_ln829/7 "/>
</bind>
</comp>

<comp id="1953" class="1004" name="trunc_ln829_fu_1953">
<pin_list>
<pin id="1954" dir="0" index="0" bw="12" slack="0"/>
<pin id="1955" dir="1" index="1" bw="10" slack="0"/>
</pin_list>
<bind>
<opcode="trunc(33) " fcode="trunc"/>
<opset="trunc_ln829/7 "/>
</bind>
</comp>

<comp id="1957" class="1004" name="xor_ln829_fu_1957">
<pin_list>
<pin id="1958" dir="0" index="0" bw="1" slack="0"/>
<pin id="1959" dir="0" index="1" bw="1" slack="0"/>
<pin id="1960" dir="1" index="2" bw="1" slack="0"/>
</pin_list>
<bind>
<opcode="xor(25) " fcode="xor"/>
<opset="xor_ln829/7 "/>
</bind>
</comp>

<comp id="1963" class="1004" name="select_ln829_1_fu_1963">
<pin_list>
<pin id="1964" dir="0" index="0" bw="1" slack="0"/>
<pin id="1965" dir="0" index="1" bw="1" slack="0"/>
<pin id="1966" dir="0" index="2" bw="1" slack="0"/>
<pin id="1967" dir="1" index="3" bw="10" slack="0"/>
</pin_list>
<bind>
<opcode="select(49) " fcode="select"/>
<opset="select_ln829_1/7 "/>
</bind>
</comp>

<comp id="1971" class="1004" name="or_ln829_fu_1971">
<pin_list>
<pin id="1972" dir="0" index="0" bw="1" slack="0"/>
<pin id="1973" dir="0" index="1" bw="1" slack="0"/>
<pin id="1974" dir="1" index="2" bw="1" slack="0"/>
</pin_list>
<bind>
<opcode="or(24) " fcode="or"/>
<opset="or_ln829/7 "/>
</bind>
</comp>

<comp id="1977" class="1004" name="select_ln829_fu_1977">
<pin_list>
<pin id="1978" dir="0" index="0" bw="1" slack="0"/>
<pin id="1979" dir="0" index="1" bw="10" slack="0"/>
<pin id="1980" dir="0" index="2" bw="10" slack="0"/>
<pin id="1981" dir="1" index="3" bw="10" slack="0"/>
</pin_list>
<bind>
<opcode="select(49) " fcode="select"/>
<opset="select_ln829/7 "/>
</bind>
</comp>

<comp id="1985" class="1004" name="or_ln835_3_i_fu_1985">
<pin_list>
<pin id="1986" dir="0" index="0" bw="30" slack="0"/>
<pin id="1987" dir="0" index="1" bw="10" slack="0"/>
<pin id="1988" dir="0" index="2" bw="10" slack="4"/>
<pin id="1989" dir="0" index="3" bw="10" slack="0"/>
<pin id="1990" dir="1" index="4" bw="30" slack="0"/>
</pin_list>
<bind>
<opcode="bitconcatenate(1004) " fcode="bitconcatenate"/>
<opset="or_ln835_3_i/7 "/>
</bind>
</comp>

<comp id="1996" class="1004" name="store_ln0_store_fu_1996">
<pin_list>
<pin id="1997" dir="0" index="0" bw="10" slack="2"/>
<pin id="1998" dir="0" index="1" bw="10" slack="0"/>
<pin id="1999" dir="1" index="2" bw="0" slack="2147483647"/>
</pin_list>
<bind>
<opcode="store(28) " fcode="store"/>
<opset="store_ln0/6 "/>
</bind>
</comp>

<comp id="2001" class="1004" name="store_ln0_store_fu_2001">
<pin_list>
<pin id="2002" dir="0" index="0" bw="10" slack="4"/>
<pin id="2003" dir="0" index="1" bw="10" slack="0"/>
<pin id="2004" dir="1" index="2" bw="0" slack="2147483647"/>
</pin_list>
<bind>
<opcode="store(28) " fcode="store"/>
<opset="store_ln0/6 "/>
</bind>
</comp>

<comp id="2006" class="1004" name="store_ln0_store_fu_2006">
<pin_list>
<pin id="2007" dir="0" index="0" bw="10" slack="2"/>
<pin id="2008" dir="0" index="1" bw="10" slack="0"/>
<pin id="2009" dir="1" index="2" bw="0" slack="2147483647"/>
</pin_list>
<bind>
<opcode="store(28) " fcode="store"/>
<opset="store_ln0/6 "/>
</bind>
</comp>

<comp id="2011" class="1004" name="store_ln0_store_fu_2011">
<pin_list>
<pin id="2012" dir="0" index="0" bw="10" slack="2"/>
<pin id="2013" dir="0" index="1" bw="10" slack="0"/>
<pin id="2014" dir="1" index="2" bw="0" slack="2147483647"/>
</pin_list>
<bind>
<opcode="store(28) " fcode="store"/>
<opset="store_ln0/6 "/>
</bind>
</comp>

<comp id="2016" class="1004" name="store_ln0_store_fu_2016">
<pin_list>
<pin id="2017" dir="0" index="0" bw="10" slack="3"/>
<pin id="2018" dir="0" index="1" bw="10" slack="0"/>
<pin id="2019" dir="1" index="2" bw="0" slack="2147483647"/>
</pin_list>
<bind>
<opcode="store(28) " fcode="store"/>
<opset="store_ln0/6 "/>
</bind>
</comp>

<comp id="2021" class="1004" name="store_ln0_store_fu_2021">
<pin_list>
<pin id="2022" dir="0" index="0" bw="10" slack="2"/>
<pin id="2023" dir="0" index="1" bw="10" slack="0"/>
<pin id="2024" dir="1" index="2" bw="0" slack="2147483647"/>
</pin_list>
<bind>
<opcode="store(28) " fcode="store"/>
<opset="store_ln0/6 "/>
</bind>
</comp>

<comp id="2026" class="1004" name="store_ln0_store_fu_2026">
<pin_list>
<pin id="2027" dir="0" index="0" bw="10" slack="2"/>
<pin id="2028" dir="0" index="1" bw="10" slack="0"/>
<pin id="2029" dir="1" index="2" bw="0" slack="2147483647"/>
</pin_list>
<bind>
<opcode="store(28) " fcode="store"/>
<opset="store_ln0/6 "/>
</bind>
</comp>

<comp id="2031" class="1004" name="store_ln0_store_fu_2031">
<pin_list>
<pin id="2032" dir="0" index="0" bw="10" slack="4"/>
<pin id="2033" dir="0" index="1" bw="10" slack="0"/>
<pin id="2034" dir="1" index="2" bw="0" slack="2147483647"/>
</pin_list>
<bind>
<opcode="store(28) " fcode="store"/>
<opset="store_ln0/6 "/>
</bind>
</comp>

<comp id="2036" class="1004" name="store_ln0_store_fu_2036">
<pin_list>
<pin id="2037" dir="0" index="0" bw="10" slack="2"/>
<pin id="2038" dir="0" index="1" bw="10" slack="0"/>
<pin id="2039" dir="1" index="2" bw="0" slack="2147483647"/>
</pin_list>
<bind>
<opcode="store(28) " fcode="store"/>
<opset="store_ln0/6 "/>
</bind>
</comp>

<comp id="2041" class="1004" name="store_ln0_store_fu_2041">
<pin_list>
<pin id="2042" dir="0" index="0" bw="10" slack="2"/>
<pin id="2043" dir="0" index="1" bw="10" slack="0"/>
<pin id="2044" dir="1" index="2" bw="0" slack="2147483647"/>
</pin_list>
<bind>
<opcode="store(28) " fcode="store"/>
<opset="store_ln0/6 "/>
</bind>
</comp>

<comp id="2046" class="1004" name="store_ln0_store_fu_2046">
<pin_list>
<pin id="2047" dir="0" index="0" bw="10" slack="3"/>
<pin id="2048" dir="0" index="1" bw="10" slack="0"/>
<pin id="2049" dir="1" index="2" bw="0" slack="2147483647"/>
</pin_list>
<bind>
<opcode="store(28) " fcode="store"/>
<opset="store_ln0/6 "/>
</bind>
</comp>

<comp id="2051" class="1004" name="store_ln0_store_fu_2051">
<pin_list>
<pin id="2052" dir="0" index="0" bw="10" slack="2"/>
<pin id="2053" dir="0" index="1" bw="10" slack="0"/>
<pin id="2054" dir="1" index="2" bw="0" slack="2147483647"/>
</pin_list>
<bind>
<opcode="store(28) " fcode="store"/>
<opset="store_ln0/6 "/>
</bind>
</comp>

<comp id="2056" class="1004" name="store_ln0_store_fu_2056">
<pin_list>
<pin id="2057" dir="0" index="0" bw="10" slack="2"/>
<pin id="2058" dir="0" index="1" bw="10" slack="0"/>
<pin id="2059" dir="1" index="2" bw="0" slack="2147483647"/>
</pin_list>
<bind>
<opcode="store(28) " fcode="store"/>
<opset="store_ln0/6 "/>
</bind>
</comp>

<comp id="2061" class="1004" name="store_ln0_store_fu_2061">
<pin_list>
<pin id="2062" dir="0" index="0" bw="10" slack="3"/>
<pin id="2063" dir="0" index="1" bw="10" slack="0"/>
<pin id="2064" dir="1" index="2" bw="0" slack="2147483647"/>
</pin_list>
<bind>
<opcode="store(28) " fcode="store"/>
<opset="store_ln0/6 "/>
</bind>
</comp>

<comp id="2066" class="1004" name="store_ln0_store_fu_2066">
<pin_list>
<pin id="2067" dir="0" index="0" bw="10" slack="2"/>
<pin id="2068" dir="0" index="1" bw="10" slack="0"/>
<pin id="2069" dir="1" index="2" bw="0" slack="2147483647"/>
</pin_list>
<bind>
<opcode="store(28) " fcode="store"/>
<opset="store_ln0/6 "/>
</bind>
</comp>

<comp id="2071" class="1005" name="x_reg_2071">
<pin_list>
<pin id="2072" dir="0" index="0" bw="11" slack="0"/>
<pin id="2073" dir="1" index="1" bw="11" slack="0"/>
</pin_list>
<bind>
<opset="x "/>
</bind>
</comp>

<comp id="2078" class="1005" name="p_0_0_0_0_09131515_i_reg_2078">
<pin_list>
<pin id="2079" dir="0" index="0" bw="10" slack="0"/>
<pin id="2080" dir="1" index="1" bw="10" slack="0"/>
</pin_list>
<bind>
<opset="p_0_0_0_0_09131515_i "/>
</bind>
</comp>

<comp id="2086" class="1005" name="p_0_1_0_0_09141517_i_reg_2086">
<pin_list>
<pin id="2087" dir="0" index="0" bw="10" slack="0"/>
<pin id="2088" dir="1" index="1" bw="10" slack="0"/>
</pin_list>
<bind>
<opset="p_0_1_0_0_09141517_i "/>
</bind>
</comp>

<comp id="2094" class="1005" name="p_0_2_0_0_09151519_i_reg_2094">
<pin_list>
<pin id="2095" dir="0" index="0" bw="10" slack="0"/>
<pin id="2096" dir="1" index="1" bw="10" slack="0"/>
</pin_list>
<bind>
<opset="p_0_2_0_0_09151519_i "/>
</bind>
</comp>

<comp id="2102" class="1005" name="p_0_0_0940_115091520_i_reg_2102">
<pin_list>
<pin id="2103" dir="0" index="0" bw="10" slack="0"/>
<pin id="2104" dir="1" index="1" bw="10" slack="0"/>
</pin_list>
<bind>
<opset="p_0_0_0940_115091520_i "/>
</bind>
</comp>

<comp id="2109" class="1005" name="p_0_0_0939_115111522_i_reg_2109">
<pin_list>
<pin id="2110" dir="0" index="0" bw="10" slack="0"/>
<pin id="2111" dir="1" index="1" bw="10" slack="0"/>
</pin_list>
<bind>
<opset="p_0_0_0939_115111522_i "/>
</bind>
</comp>

<comp id="2116" class="1005" name="p_0_0_0938_115131524_i_reg_2116">
<pin_list>
<pin id="2117" dir="0" index="0" bw="10" slack="0"/>
<pin id="2118" dir="1" index="1" bw="10" slack="0"/>
</pin_list>
<bind>
<opset="p_0_0_0938_115131524_i "/>
</bind>
</comp>

<comp id="2123" class="1005" name="p_0_0_0_0_09071527_i_reg_2123">
<pin_list>
<pin id="2124" dir="0" index="0" bw="10" slack="0"/>
<pin id="2125" dir="1" index="1" bw="10" slack="0"/>
</pin_list>
<bind>
<opset="p_0_0_0_0_09071527_i "/>
</bind>
</comp>

<comp id="2131" class="1005" name="p_0_1_0_0_09081529_i_reg_2131">
<pin_list>
<pin id="2132" dir="0" index="0" bw="10" slack="0"/>
<pin id="2133" dir="1" index="1" bw="10" slack="0"/>
</pin_list>
<bind>
<opset="p_0_1_0_0_09081529_i "/>
</bind>
</comp>

<comp id="2139" class="1005" name="p_0_2_0_0_09091531_i_reg_2139">
<pin_list>
<pin id="2140" dir="0" index="0" bw="10" slack="0"/>
<pin id="2141" dir="1" index="1" bw="10" slack="0"/>
</pin_list>
<bind>
<opset="p_0_2_0_0_09091531_i "/>
</bind>
</comp>

<comp id="2147" class="1005" name="p_0_0_09401416_i_reg_2147">
<pin_list>
<pin id="2148" dir="0" index="0" bw="10" slack="0"/>
<pin id="2149" dir="1" index="1" bw="10" slack="0"/>
</pin_list>
<bind>
<opset="p_0_0_09401416_i "/>
</bind>
</comp>

<comp id="2154" class="1005" name="p_0_0_09391419_i_reg_2154">
<pin_list>
<pin id="2155" dir="0" index="0" bw="10" slack="0"/>
<pin id="2156" dir="1" index="1" bw="10" slack="0"/>
</pin_list>
<bind>
<opset="p_0_0_09391419_i "/>
</bind>
</comp>

<comp id="2161" class="1005" name="p_0_0_09381422_i_reg_2161">
<pin_list>
<pin id="2162" dir="0" index="0" bw="10" slack="0"/>
<pin id="2163" dir="1" index="1" bw="10" slack="0"/>
</pin_list>
<bind>
<opset="p_0_0_09381422_i "/>
</bind>
</comp>

<comp id="2168" class="1005" name="p_0_0_0940_21446_i_reg_2168">
<pin_list>
<pin id="2169" dir="0" index="0" bw="10" slack="0"/>
<pin id="2170" dir="1" index="1" bw="10" slack="0"/>
</pin_list>
<bind>
<opset="p_0_0_0940_21446_i "/>
</bind>
</comp>

<comp id="2175" class="1005" name="p_0_0_0939_21449_i_reg_2175">
<pin_list>
<pin id="2176" dir="0" index="0" bw="10" slack="0"/>
<pin id="2177" dir="1" index="1" bw="10" slack="0"/>
</pin_list>
<bind>
<opset="p_0_0_0939_21449_i "/>
</bind>
</comp>

<comp id="2182" class="1005" name="p_0_0_0938_21452_i_reg_2182">
<pin_list>
<pin id="2183" dir="0" index="0" bw="10" slack="0"/>
<pin id="2184" dir="1" index="1" bw="10" slack="0"/>
</pin_list>
<bind>
<opset="p_0_0_0938_21452_i "/>
</bind>
</comp>

<comp id="2189" class="1005" name="red_reg_2189">
<pin_list>
<pin id="2190" dir="0" index="0" bw="1" slack="3"/>
<pin id="2191" dir="1" index="1" bw="1" slack="3"/>
</pin_list>
<bind>
<opset="red "/>
</bind>
</comp>

<comp id="2200" class="1005" name="icmp_ln664_reg_2200">
<pin_list>
<pin id="2201" dir="0" index="0" bw="1" slack="1"/>
<pin id="2202" dir="1" index="1" bw="1" slack="2147483647"/>
</pin_list>
<bind>
<opset="icmp_ln664 "/>
</bind>
</comp>

<comp id="2204" class="1005" name="icmp_ln728_reg_2204">
<pin_list>
<pin id="2205" dir="0" index="0" bw="1" slack="2"/>
<pin id="2206" dir="1" index="1" bw="1" slack="2"/>
</pin_list>
<bind>
<opset="icmp_ln728 "/>
</bind>
</comp>

<comp id="2211" class="1005" name="icmp_ln633_reg_2211">
<pin_list>
<pin id="2212" dir="0" index="0" bw="1" slack="1"/>
<pin id="2213" dir="1" index="1" bw="1" slack="2147483647"/>
</pin_list>
<bind>
<opset="icmp_ln633 "/>
</bind>
</comp>

<comp id="2215" class="1005" name="icmp_ln643_reg_2215">
<pin_list>
<pin id="2216" dir="0" index="0" bw="1" slack="1"/>
<pin id="2217" dir="1" index="1" bw="1" slack="2147483647"/>
</pin_list>
<bind>
<opset="icmp_ln643 "/>
</bind>
</comp>

<comp id="2219" class="1005" name="lineBuffer_addr_reg_2219">
<pin_list>
<pin id="2220" dir="0" index="0" bw="11" slack="1"/>
<pin id="2221" dir="1" index="1" bw="11" slack="1"/>
</pin_list>
<bind>
<opset="lineBuffer_addr "/>
</bind>
</comp>

<comp id="2225" class="1005" name="lineBuffer_1_addr_reg_2225">
<pin_list>
<pin id="2226" dir="0" index="0" bw="11" slack="1"/>
<pin id="2227" dir="1" index="1" bw="11" slack="1"/>
</pin_list>
<bind>
<opset="lineBuffer_1_addr "/>
</bind>
</comp>

<comp id="2231" class="1005" name="icmp_ln710_reg_2231">
<pin_list>
<pin id="2232" dir="0" index="0" bw="1" slack="2"/>
<pin id="2233" dir="1" index="1" bw="1" slack="2"/>
</pin_list>
<bind>
<opset="icmp_ln710 "/>
</bind>
</comp>

<comp id="2250" class="1005" name="icmp_ln772_reg_2250">
<pin_list>
<pin id="2251" dir="0" index="0" bw="1" slack="1"/>
<pin id="2252" dir="1" index="1" bw="1" slack="2147483647"/>
</pin_list>
<bind>
<opset="icmp_ln772 "/>
</bind>
</comp>

<comp id="2254" class="1005" name="and_ln833_reg_2254">
<pin_list>
<pin id="2255" dir="0" index="0" bw="1" slack="6"/>
<pin id="2256" dir="1" index="1" bw="1" slack="2147483647"/>
</pin_list>
<bind>
<opset="and_ln833 "/>
</bind>
</comp>

<comp id="2258" class="1005" name="p_0_1_0_0_09141517_i_load_reg_2258">
<pin_list>
<pin id="2259" dir="0" index="0" bw="10" slack="1"/>
<pin id="2260" dir="1" index="1" bw="10" slack="1"/>
</pin_list>
<bind>
<opset="p_0_1_0_0_09141517_i_load "/>
</bind>
</comp>

<comp id="2265" class="1005" name="p_0_1_0_0_09081529_i_load_reg_2265">
<pin_list>
<pin id="2266" dir="0" index="0" bw="10" slack="1"/>
<pin id="2267" dir="1" index="1" bw="10" slack="1"/>
</pin_list>
<bind>
<opset="p_0_1_0_0_09081529_i_load "/>
</bind>
</comp>

<comp id="2272" class="1005" name="trunc_ln654_reg_2272">
<pin_list>
<pin id="2273" dir="0" index="0" bw="10" slack="1"/>
<pin id="2274" dir="1" index="1" bw="10" slack="1"/>
</pin_list>
<bind>
<opset="trunc_ln654 "/>
</bind>
</comp>

<comp id="2280" class="1005" name="tmp_6_i_reg_2280">
<pin_list>
<pin id="2281" dir="0" index="0" bw="10" slack="1"/>
<pin id="2282" dir="1" index="1" bw="10" slack="1"/>
</pin_list>
<bind>
<opset="tmp_6_i "/>
</bind>
</comp>

<comp id="2287" class="1005" name="tmp_7_i_reg_2287">
<pin_list>
<pin id="2288" dir="0" index="0" bw="10" slack="1"/>
<pin id="2289" dir="1" index="1" bw="10" slack="1"/>
</pin_list>
<bind>
<opset="tmp_7_i "/>
</bind>
</comp>

<comp id="2295" class="1005" name="trunc_ln654_1_reg_2295">
<pin_list>
<pin id="2296" dir="0" index="0" bw="10" slack="2"/>
<pin id="2297" dir="1" index="1" bw="10" slack="2"/>
</pin_list>
<bind>
<opset="trunc_ln654_1 "/>
</bind>
</comp>

<comp id="2302" class="1005" name="tmp_9_i_reg_2302">
<pin_list>
<pin id="2303" dir="0" index="0" bw="10" slack="1"/>
<pin id="2304" dir="1" index="1" bw="10" slack="1"/>
</pin_list>
<bind>
<opset="tmp_9_i "/>
</bind>
</comp>

<comp id="2308" class="1005" name="tmp_i_reg_2308">
<pin_list>
<pin id="2309" dir="0" index="0" bw="10" slack="2"/>
<pin id="2310" dir="1" index="1" bw="10" slack="2"/>
</pin_list>
<bind>
<opset="tmp_i "/>
</bind>
</comp>

<comp id="2315" class="1005" name="trunc_ln666_reg_2315">
<pin_list>
<pin id="2316" dir="0" index="0" bw="10" slack="1"/>
<pin id="2317" dir="1" index="1" bw="10" slack="1"/>
</pin_list>
<bind>
<opset="trunc_ln666 "/>
</bind>
</comp>

<comp id="2320" class="1005" name="trunc_ln666_3_reg_2320">
<pin_list>
<pin id="2321" dir="0" index="0" bw="10" slack="1"/>
<pin id="2322" dir="1" index="1" bw="10" slack="1"/>
</pin_list>
<bind>
<opset="trunc_ln666_3 "/>
</bind>
</comp>

<comp id="2325" class="1005" name="p_0_0_0939_115111522_i_load_reg_2325">
<pin_list>
<pin id="2326" dir="0" index="0" bw="10" slack="3"/>
<pin id="2327" dir="1" index="1" bw="10" slack="3"/>
</pin_list>
<bind>
<opset="p_0_0_0939_115111522_i_load "/>
</bind>
</comp>

<comp id="2330" class="1005" name="p_0_0_09391419_i_load_reg_2330">
<pin_list>
<pin id="2331" dir="0" index="0" bw="10" slack="3"/>
<pin id="2332" dir="1" index="1" bw="10" slack="3"/>
</pin_list>
<bind>
<opset="p_0_0_09391419_i_load "/>
</bind>
</comp>

<comp id="2335" class="1005" name="p_0_0_0939_21449_i_load_reg_2335">
<pin_list>
<pin id="2336" dir="0" index="0" bw="10" slack="3"/>
<pin id="2337" dir="1" index="1" bw="10" slack="3"/>
</pin_list>
<bind>
<opset="p_0_0_0939_21449_i_load "/>
</bind>
</comp>

<comp id="2340" class="1005" name="zext_ln790_1_reg_2340">
<pin_list>
<pin id="2341" dir="0" index="0" bw="11" slack="1"/>
<pin id="2342" dir="1" index="1" bw="11" slack="1"/>
</pin_list>
<bind>
<opset="zext_ln790_1 "/>
</bind>
</comp>

<comp id="2345" class="1005" name="agdiff_reg_2345">
<pin_list>
<pin id="2346" dir="0" index="0" bw="10" slack="1"/>
<pin id="2347" dir="1" index="1" bw="10" slack="1"/>
</pin_list>
<bind>
<opset="agdiff "/>
</bind>
</comp>

<comp id="2352" class="1005" name="zext_ln791_reg_2352">
<pin_list>
<pin id="2353" dir="0" index="0" bw="11" slack="1"/>
<pin id="2354" dir="1" index="1" bw="11" slack="1"/>
</pin_list>
<bind>
<opset="zext_ln791 "/>
</bind>
</comp>

<comp id="2357" class="1005" name="agdiff_1_reg_2357">
<pin_list>
<pin id="2358" dir="0" index="0" bw="10" slack="1"/>
<pin id="2359" dir="1" index="1" bw="10" slack="1"/>
</pin_list>
<bind>
<opset="agdiff_1 "/>
</bind>
</comp>

<comp id="2364" class="1005" name="zext_ln792_reg_2364">
<pin_list>
<pin id="2365" dir="0" index="0" bw="11" slack="2"/>
<pin id="2366" dir="1" index="1" bw="11" slack="2"/>
</pin_list>
<bind>
<opset="zext_ln792 "/>
</bind>
</comp>

<comp id="2369" class="1005" name="agdiff_2_reg_2369">
<pin_list>
<pin id="2370" dir="0" index="0" bw="10" slack="1"/>
<pin id="2371" dir="1" index="1" bw="10" slack="1"/>
</pin_list>
<bind>
<opset="agdiff_2 "/>
</bind>
</comp>

<comp id="2376" class="1005" name="zext_ln793_reg_2376">
<pin_list>
<pin id="2377" dir="0" index="0" bw="11" slack="2"/>
<pin id="2378" dir="1" index="1" bw="11" slack="2"/>
</pin_list>
<bind>
<opset="zext_ln793 "/>
</bind>
</comp>

<comp id="2381" class="1005" name="agdiff_3_reg_2381">
<pin_list>
<pin id="2382" dir="0" index="0" bw="10" slack="1"/>
<pin id="2383" dir="1" index="1" bw="10" slack="1"/>
</pin_list>
<bind>
<opset="agdiff_3 "/>
</bind>
</comp>

<comp id="2388" class="1005" name="p_0_0_0_0_09131515_i_load_reg_2388">
<pin_list>
<pin id="2389" dir="0" index="0" bw="10" slack="2"/>
<pin id="2390" dir="1" index="1" bw="10" slack="2"/>
</pin_list>
<bind>
<opset="p_0_0_0_0_09131515_i_load "/>
</bind>
</comp>

<comp id="2393" class="1005" name="p_0_2_0_0_09151519_i_load_reg_2393">
<pin_list>
<pin id="2394" dir="0" index="0" bw="10" slack="2"/>
<pin id="2395" dir="1" index="1" bw="10" slack="2"/>
</pin_list>
<bind>
<opset="p_0_2_0_0_09151519_i_load "/>
</bind>
</comp>

<comp id="2398" class="1005" name="p_0_0_0940_115091520_i_load_reg_2398">
<pin_list>
<pin id="2399" dir="0" index="0" bw="10" slack="1"/>
<pin id="2400" dir="1" index="1" bw="10" slack="1"/>
</pin_list>
<bind>
<opset="p_0_0_0940_115091520_i_load "/>
</bind>
</comp>

<comp id="2404" class="1005" name="p_0_0_0938_115131524_i_load_reg_2404">
<pin_list>
<pin id="2405" dir="0" index="0" bw="10" slack="1"/>
<pin id="2406" dir="1" index="1" bw="10" slack="1"/>
</pin_list>
<bind>
<opset="p_0_0_0938_115131524_i_load "/>
</bind>
</comp>

<comp id="2410" class="1005" name="p_0_0_0_0_09071527_i_load_reg_2410">
<pin_list>
<pin id="2411" dir="0" index="0" bw="10" slack="2"/>
<pin id="2412" dir="1" index="1" bw="10" slack="2"/>
</pin_list>
<bind>
<opset="p_0_0_0_0_09071527_i_load "/>
</bind>
</comp>

<comp id="2415" class="1005" name="p_0_2_0_0_09091531_i_load_reg_2415">
<pin_list>
<pin id="2416" dir="0" index="0" bw="10" slack="2"/>
<pin id="2417" dir="1" index="1" bw="10" slack="2"/>
</pin_list>
<bind>
<opset="p_0_2_0_0_09091531_i_load "/>
</bind>
</comp>

<comp id="2420" class="1005" name="p_0_0_09401416_i_load_reg_2420">
<pin_list>
<pin id="2421" dir="0" index="0" bw="10" slack="2"/>
<pin id="2422" dir="1" index="1" bw="10" slack="2"/>
</pin_list>
<bind>
<opset="p_0_0_09401416_i_load "/>
</bind>
</comp>

<comp id="2425" class="1005" name="p_0_0_09381422_i_load_reg_2425">
<pin_list>
<pin id="2426" dir="0" index="0" bw="10" slack="2"/>
<pin id="2427" dir="1" index="1" bw="10" slack="2"/>
</pin_list>
<bind>
<opset="p_0_0_09381422_i_load "/>
</bind>
</comp>

<comp id="2430" class="1005" name="p_0_0_0940_21446_i_load_reg_2430">
<pin_list>
<pin id="2431" dir="0" index="0" bw="10" slack="2"/>
<pin id="2432" dir="1" index="1" bw="10" slack="2"/>
</pin_list>
<bind>
<opset="p_0_0_0940_21446_i_load "/>
</bind>
</comp>

<comp id="2435" class="1005" name="p_0_0_0938_21452_i_load_reg_2435">
<pin_list>
<pin id="2436" dir="0" index="0" bw="10" slack="2"/>
<pin id="2437" dir="1" index="1" bw="10" slack="2"/>
</pin_list>
<bind>
<opset="p_0_0_0938_21452_i_load "/>
</bind>
</comp>

<comp id="2440" class="1005" name="select_ln710_reg_2440">
<pin_list>
<pin id="2441" dir="0" index="0" bw="10" slack="1"/>
<pin id="2442" dir="1" index="1" bw="10" slack="1"/>
</pin_list>
<bind>
<opset="select_ln710 "/>
</bind>
</comp>

<comp id="2445" class="1005" name="select_ln710_2_reg_2445">
<pin_list>
<pin id="2446" dir="0" index="0" bw="10" slack="1"/>
<pin id="2447" dir="1" index="1" bw="10" slack="1"/>
</pin_list>
<bind>
<opset="select_ln710_2 "/>
</bind>
</comp>

<comp id="2450" class="1005" name="enable_7_reg_2450">
<pin_list>
<pin id="2451" dir="0" index="0" bw="6" slack="1"/>
<pin id="2452" dir="1" index="1" bw="6" slack="1"/>
</pin_list>
<bind>
<opset="enable_7 "/>
</bind>
</comp>

<comp id="2455" class="1005" name="sub_ln817_reg_2455">
<pin_list>
<pin id="2456" dir="0" index="0" bw="11" slack="1"/>
<pin id="2457" dir="1" index="1" bw="11" slack="1"/>
</pin_list>
<bind>
<opset="sub_ln817 "/>
</bind>
</comp>

<comp id="2460" class="1005" name="sub_ln818_reg_2460">
<pin_list>
<pin id="2461" dir="0" index="0" bw="11" slack="1"/>
<pin id="2462" dir="1" index="1" bw="11" slack="1"/>
</pin_list>
<bind>
<opset="sub_ln818 "/>
</bind>
</comp>

<comp id="2465" class="1005" name="add_ln820_reg_2465">
<pin_list>
<pin id="2466" dir="0" index="0" bw="13" slack="1"/>
<pin id="2467" dir="1" index="1" bw="13" slack="1"/>
</pin_list>
<bind>
<opset="add_ln820 "/>
</bind>
</comp>

<comp id="2472" class="1005" name="r_reg_2472">
<pin_list>
<pin id="2473" dir="0" index="0" bw="12" slack="1"/>
<pin id="2474" dir="1" index="1" bw="12" slack="1"/>
</pin_list>
<bind>
<opset="r "/>
</bind>
</comp>

<comp id="2477" class="1005" name="b_reg_2477">
<pin_list>
<pin id="2478" dir="0" index="0" bw="12" slack="1"/>
<pin id="2479" dir="1" index="1" bw="12" slack="1"/>
</pin_list>
<bind>
<opset="b "/>
</bind>
</comp>

</comp_list>

<net_list>
<net id="227"><net_src comp="80" pin="0"/><net_sink comp="224" pin=0"/></net>

<net id="231"><net_src comp="80" pin="0"/><net_sink comp="228" pin=0"/></net>

<net id="235"><net_src comp="80" pin="0"/><net_sink comp="232" pin=0"/></net>

<net id="239"><net_src comp="80" pin="0"/><net_sink comp="236" pin=0"/></net>

<net id="243"><net_src comp="80" pin="0"/><net_sink comp="240" pin=0"/></net>

<net id="247"><net_src comp="80" pin="0"/><net_sink comp="244" pin=0"/></net>

<net id="251"><net_src comp="80" pin="0"/><net_sink comp="248" pin=0"/></net>

<net id="255"><net_src comp="80" pin="0"/><net_sink comp="252" pin=0"/></net>

<net id="259"><net_src comp="80" pin="0"/><net_sink comp="256" pin=0"/></net>

<net id="263"><net_src comp="80" pin="0"/><net_sink comp="260" pin=0"/></net>

<net id="267"><net_src comp="80" pin="0"/><net_sink comp="264" pin=0"/></net>

<net id="271"><net_src comp="80" pin="0"/><net_sink comp="268" pin=0"/></net>

<net id="275"><net_src comp="80" pin="0"/><net_sink comp="272" pin=0"/></net>

<net id="279"><net_src comp="80" pin="0"/><net_sink comp="276" pin=0"/></net>

<net id="283"><net_src comp="80" pin="0"/><net_sink comp="280" pin=0"/></net>

<net id="287"><net_src comp="80" pin="0"/><net_sink comp="284" pin=0"/></net>

<net id="291"><net_src comp="100" pin="0"/><net_sink comp="288" pin=0"/></net>

<net id="295"><net_src comp="100" pin="0"/><net_sink comp="292" pin=0"/></net>

<net id="300"><net_src comp="92" pin="0"/><net_sink comp="296" pin=0"/></net>

<net id="301"><net_src comp="44" pin="0"/><net_sink comp="296" pin=1"/></net>

<net id="306"><net_src comp="94" pin="0"/><net_sink comp="302" pin=0"/></net>

<net id="307"><net_src comp="42" pin="0"/><net_sink comp="302" pin=1"/></net>

<net id="312"><net_src comp="96" pin="0"/><net_sink comp="308" pin=0"/></net>

<net id="313"><net_src comp="40" pin="0"/><net_sink comp="308" pin=1"/></net>

<net id="318"><net_src comp="92" pin="0"/><net_sink comp="314" pin=0"/></net>

<net id="319"><net_src comp="38" pin="0"/><net_sink comp="314" pin=1"/></net>

<net id="324"><net_src comp="92" pin="0"/><net_sink comp="320" pin=0"/></net>

<net id="325"><net_src comp="36" pin="0"/><net_sink comp="320" pin=1"/></net>

<net id="330"><net_src comp="92" pin="0"/><net_sink comp="326" pin=0"/></net>

<net id="331"><net_src comp="34" pin="0"/><net_sink comp="326" pin=1"/></net>

<net id="336"><net_src comp="94" pin="0"/><net_sink comp="332" pin=0"/></net>

<net id="337"><net_src comp="32" pin="0"/><net_sink comp="332" pin=1"/></net>

<net id="342"><net_src comp="96" pin="0"/><net_sink comp="338" pin=0"/></net>

<net id="343"><net_src comp="30" pin="0"/><net_sink comp="338" pin=1"/></net>

<net id="348"><net_src comp="98" pin="0"/><net_sink comp="344" pin=0"/></net>

<net id="349"><net_src comp="28" pin="0"/><net_sink comp="344" pin=1"/></net>

<net id="354"><net_src comp="98" pin="0"/><net_sink comp="350" pin=0"/></net>

<net id="355"><net_src comp="26" pin="0"/><net_sink comp="350" pin=1"/></net>

<net id="360"><net_src comp="98" pin="0"/><net_sink comp="356" pin=0"/></net>

<net id="361"><net_src comp="24" pin="0"/><net_sink comp="356" pin=1"/></net>

<net id="366"><net_src comp="98" pin="0"/><net_sink comp="362" pin=0"/></net>

<net id="367"><net_src comp="22" pin="0"/><net_sink comp="362" pin=1"/></net>

<net id="372"><net_src comp="98" pin="0"/><net_sink comp="368" pin=0"/></net>

<net id="373"><net_src comp="20" pin="0"/><net_sink comp="368" pin=1"/></net>

<net id="378"><net_src comp="98" pin="0"/><net_sink comp="374" pin=0"/></net>

<net id="379"><net_src comp="18" pin="0"/><net_sink comp="374" pin=1"/></net>

<net id="384"><net_src comp="98" pin="0"/><net_sink comp="380" pin=0"/></net>

<net id="385"><net_src comp="16" pin="0"/><net_sink comp="380" pin=1"/></net>

<net id="390"><net_src comp="98" pin="0"/><net_sink comp="386" pin=0"/></net>

<net id="391"><net_src comp="14" pin="0"/><net_sink comp="386" pin=1"/></net>

<net id="396"><net_src comp="98" pin="0"/><net_sink comp="392" pin=0"/></net>

<net id="397"><net_src comp="12" pin="0"/><net_sink comp="392" pin=1"/></net>

<net id="402"><net_src comp="98" pin="0"/><net_sink comp="398" pin=0"/></net>

<net id="403"><net_src comp="10" pin="0"/><net_sink comp="398" pin=1"/></net>

<net id="408"><net_src comp="98" pin="0"/><net_sink comp="404" pin=0"/></net>

<net id="409"><net_src comp="8" pin="0"/><net_sink comp="404" pin=1"/></net>

<net id="414"><net_src comp="98" pin="0"/><net_sink comp="410" pin=0"/></net>

<net id="415"><net_src comp="6" pin="0"/><net_sink comp="410" pin=1"/></net>

<net id="420"><net_src comp="98" pin="0"/><net_sink comp="416" pin=0"/></net>

<net id="421"><net_src comp="4" pin="0"/><net_sink comp="416" pin=1"/></net>

<net id="426"><net_src comp="98" pin="0"/><net_sink comp="422" pin=0"/></net>

<net id="427"><net_src comp="2" pin="0"/><net_sink comp="422" pin=1"/></net>

<net id="432"><net_src comp="98" pin="0"/><net_sink comp="428" pin=0"/></net>

<net id="433"><net_src comp="0" pin="0"/><net_sink comp="428" pin=1"/></net>

<net id="438"><net_src comp="122" pin="0"/><net_sink comp="434" pin=0"/></net>

<net id="439"><net_src comp="46" pin="0"/><net_sink comp="434" pin=1"/></net>

<net id="445"><net_src comp="222" pin="0"/><net_sink comp="440" pin=0"/></net>

<net id="446"><net_src comp="48" pin="0"/><net_sink comp="440" pin=1"/></net>

<net id="452"><net_src comp="292" pin="1"/><net_sink comp="447" pin=0"/></net>

<net id="453"><net_src comp="112" pin="0"/><net_sink comp="447" pin=1"/></net>

<net id="463"><net_src comp="447" pin="3"/><net_sink comp="454" pin=2"/></net>

<net id="469"><net_src comp="288" pin="1"/><net_sink comp="464" pin=0"/></net>

<net id="470"><net_src comp="112" pin="0"/><net_sink comp="464" pin=1"/></net>

<net id="480"><net_src comp="464" pin="3"/><net_sink comp="471" pin=2"/></net>

<net id="481"><net_src comp="434" pin="2"/><net_sink comp="454" pin=1"/></net>

<net id="491"><net_src comp="485" pin="4"/><net_sink comp="482" pin=0"/></net>

<net id="501"><net_src comp="495" pin="4"/><net_sink comp="492" pin=0"/></net>

<net id="511"><net_src comp="505" pin="4"/><net_sink comp="502" pin=0"/></net>

<net id="539"><net_src comp="533" pin="4"/><net_sink comp="530" pin=0"/></net>

<net id="639"><net_src comp="633" pin="4"/><net_sink comp="630" pin=0"/></net>

<net id="649"><net_src comp="643" pin="4"/><net_sink comp="640" pin=0"/></net>

<net id="669"><net_src comp="114" pin="0"/><net_sink comp="653" pin=0"/></net>

<net id="670"><net_src comp="114" pin="0"/><net_sink comp="653" pin=2"/></net>

<net id="671"><net_src comp="198" pin="0"/><net_sink comp="653" pin=4"/></net>

<net id="672"><net_src comp="114" pin="0"/><net_sink comp="653" pin=6"/></net>

<net id="673"><net_src comp="198" pin="0"/><net_sink comp="653" pin=8"/></net>

<net id="674"><net_src comp="198" pin="0"/><net_sink comp="653" pin=10"/></net>

<net id="675"><net_src comp="198" pin="0"/><net_sink comp="653" pin=12"/></net>

<net id="695"><net_src comp="114" pin="0"/><net_sink comp="679" pin=0"/></net>

<net id="696"><net_src comp="198" pin="0"/><net_sink comp="679" pin=2"/></net>

<net id="697"><net_src comp="114" pin="0"/><net_sink comp="679" pin=4"/></net>

<net id="698"><net_src comp="198" pin="0"/><net_sink comp="679" pin=6"/></net>

<net id="699"><net_src comp="114" pin="0"/><net_sink comp="679" pin=8"/></net>

<net id="700"><net_src comp="198" pin="0"/><net_sink comp="679" pin=10"/></net>

<net id="701"><net_src comp="198" pin="0"/><net_sink comp="679" pin=12"/></net>

<net id="721"><net_src comp="198" pin="0"/><net_sink comp="705" pin=0"/></net>

<net id="722"><net_src comp="114" pin="0"/><net_sink comp="705" pin=2"/></net>

<net id="723"><net_src comp="114" pin="0"/><net_sink comp="705" pin=4"/></net>

<net id="724"><net_src comp="198" pin="0"/><net_sink comp="705" pin=6"/></net>

<net id="725"><net_src comp="198" pin="0"/><net_sink comp="705" pin=8"/></net>

<net id="726"><net_src comp="114" pin="0"/><net_sink comp="705" pin=10"/></net>

<net id="727"><net_src comp="198" pin="0"/><net_sink comp="705" pin=12"/></net>

<net id="747"><net_src comp="198" pin="0"/><net_sink comp="731" pin=0"/></net>

<net id="748"><net_src comp="198" pin="0"/><net_sink comp="731" pin=2"/></net>

<net id="749"><net_src comp="198" pin="0"/><net_sink comp="731" pin=4"/></net>

<net id="750"><net_src comp="114" pin="0"/><net_sink comp="731" pin=6"/></net>

<net id="751"><net_src comp="114" pin="0"/><net_sink comp="731" pin=8"/></net>

<net id="752"><net_src comp="114" pin="0"/><net_sink comp="731" pin=10"/></net>

<net id="753"><net_src comp="198" pin="0"/><net_sink comp="731" pin=12"/></net>

<net id="775"><net_src comp="338" pin="2"/><net_sink comp="772" pin=0"/></net>

<net id="780"><net_src comp="772" pin="1"/><net_sink comp="776" pin=0"/></net>

<net id="781"><net_src comp="332" pin="2"/><net_sink comp="776" pin=1"/></net>

<net id="786"><net_src comp="326" pin="2"/><net_sink comp="782" pin=0"/></net>

<net id="787"><net_src comp="320" pin="2"/><net_sink comp="782" pin=1"/></net>

<net id="792"><net_src comp="326" pin="2"/><net_sink comp="788" pin=0"/></net>

<net id="793"><net_src comp="102" pin="0"/><net_sink comp="788" pin=1"/></net>

<net id="798"><net_src comp="374" pin="2"/><net_sink comp="794" pin=0"/></net>

<net id="803"><net_src comp="368" pin="2"/><net_sink comp="799" pin=0"/></net>

<net id="808"><net_src comp="362" pin="2"/><net_sink comp="804" pin=0"/></net>

<net id="813"><net_src comp="356" pin="2"/><net_sink comp="809" pin=0"/></net>

<net id="818"><net_src comp="350" pin="2"/><net_sink comp="814" pin=0"/></net>

<net id="823"><net_src comp="344" pin="2"/><net_sink comp="819" pin=0"/></net>

<net id="828"><net_src comp="428" pin="2"/><net_sink comp="824" pin=0"/></net>

<net id="833"><net_src comp="422" pin="2"/><net_sink comp="829" pin=0"/></net>

<net id="838"><net_src comp="416" pin="2"/><net_sink comp="834" pin=0"/></net>

<net id="843"><net_src comp="410" pin="2"/><net_sink comp="839" pin=0"/></net>

<net id="848"><net_src comp="404" pin="2"/><net_sink comp="844" pin=0"/></net>

<net id="853"><net_src comp="398" pin="2"/><net_sink comp="849" pin=0"/></net>

<net id="858"><net_src comp="392" pin="2"/><net_sink comp="854" pin=0"/></net>

<net id="863"><net_src comp="386" pin="2"/><net_sink comp="859" pin=0"/></net>

<net id="868"><net_src comp="380" pin="2"/><net_sink comp="864" pin=0"/></net>

<net id="873"><net_src comp="102" pin="0"/><net_sink comp="869" pin=0"/></net>

<net id="881"><net_src comp="874" pin="1"/><net_sink comp="877" pin=0"/></net>

<net id="882"><net_src comp="314" pin="2"/><net_sink comp="877" pin=1"/></net>

<net id="887"><net_src comp="874" pin="1"/><net_sink comp="883" pin=0"/></net>

<net id="888"><net_src comp="104" pin="0"/><net_sink comp="883" pin=1"/></net>

<net id="892"><net_src comp="874" pin="1"/><net_sink comp="889" pin=0"/></net>

<net id="896"><net_src comp="883" pin="2"/><net_sink comp="893" pin=0"/></net>

<net id="897"><net_src comp="893" pin="1"/><net_sink comp="447" pin=2"/></net>

<net id="898"><net_src comp="893" pin="1"/><net_sink comp="464" pin=2"/></net>

<net id="903"><net_src comp="874" pin="1"/><net_sink comp="899" pin=0"/></net>

<net id="904"><net_src comp="296" pin="2"/><net_sink comp="899" pin=1"/></net>

<net id="909"><net_src comp="874" pin="1"/><net_sink comp="905" pin=0"/></net>

<net id="910"><net_src comp="102" pin="0"/><net_sink comp="905" pin=1"/></net>

<net id="915"><net_src comp="308" pin="2"/><net_sink comp="911" pin=0"/></net>

<net id="916"><net_src comp="889" pin="1"/><net_sink comp="911" pin=1"/></net>

<net id="921"><net_src comp="911" pin="2"/><net_sink comp="917" pin=0"/></net>

<net id="922"><net_src comp="114" pin="0"/><net_sink comp="917" pin=1"/></net>

<net id="926"><net_src comp="917" pin="2"/><net_sink comp="923" pin=0"/></net>

<net id="931"><net_src comp="302" pin="2"/><net_sink comp="927" pin=0"/></net>

<net id="932"><net_src comp="923" pin="1"/><net_sink comp="927" pin=1"/></net>

<net id="937"><net_src comp="874" pin="1"/><net_sink comp="933" pin=0"/></net>

<net id="938"><net_src comp="102" pin="0"/><net_sink comp="933" pin=1"/></net>

<net id="943"><net_src comp="788" pin="2"/><net_sink comp="939" pin=0"/></net>

<net id="944"><net_src comp="933" pin="2"/><net_sink comp="939" pin=1"/></net>

<net id="949"><net_src comp="883" pin="2"/><net_sink comp="945" pin=0"/></net>

<net id="959"><net_src comp="454" pin="7"/><net_sink comp="956" pin=0"/></net>

<net id="965"><net_src comp="116" pin="0"/><net_sink comp="960" pin=0"/></net>

<net id="966"><net_src comp="454" pin="7"/><net_sink comp="960" pin=1"/></net>

<net id="967"><net_src comp="118" pin="0"/><net_sink comp="960" pin=2"/></net>

<net id="968"><net_src comp="960" pin="3"/><net_sink comp="485" pin=2"/></net>

<net id="974"><net_src comp="116" pin="0"/><net_sink comp="969" pin=0"/></net>

<net id="975"><net_src comp="454" pin="7"/><net_sink comp="969" pin=1"/></net>

<net id="976"><net_src comp="120" pin="0"/><net_sink comp="969" pin=2"/></net>

<net id="980"><net_src comp="471" pin="7"/><net_sink comp="977" pin=0"/></net>

<net id="986"><net_src comp="116" pin="0"/><net_sink comp="981" pin=0"/></net>

<net id="987"><net_src comp="471" pin="7"/><net_sink comp="981" pin=1"/></net>

<net id="988"><net_src comp="118" pin="0"/><net_sink comp="981" pin=2"/></net>

<net id="994"><net_src comp="116" pin="0"/><net_sink comp="989" pin=0"/></net>

<net id="995"><net_src comp="471" pin="7"/><net_sink comp="989" pin=1"/></net>

<net id="996"><net_src comp="120" pin="0"/><net_sink comp="989" pin=2"/></net>

<net id="1000"><net_src comp="434" pin="2"/><net_sink comp="997" pin=0"/></net>

<net id="1007"><net_src comp="124" pin="0"/><net_sink comp="1001" pin=0"/></net>

<net id="1008"><net_src comp="434" pin="2"/><net_sink comp="1001" pin=1"/></net>

<net id="1009"><net_src comp="118" pin="0"/><net_sink comp="1001" pin=2"/></net>

<net id="1010"><net_src comp="126" pin="0"/><net_sink comp="1001" pin=3"/></net>

<net id="1011"><net_src comp="1001" pin="4"/><net_sink comp="485" pin=0"/></net>

<net id="1018"><net_src comp="124" pin="0"/><net_sink comp="1012" pin=0"/></net>

<net id="1019"><net_src comp="434" pin="2"/><net_sink comp="1012" pin=1"/></net>

<net id="1020"><net_src comp="120" pin="0"/><net_sink comp="1012" pin=2"/></net>

<net id="1021"><net_src comp="128" pin="0"/><net_sink comp="1012" pin=3"/></net>

<net id="1026"><net_src comp="485" pin="4"/><net_sink comp="1022" pin=0"/></net>

<net id="1031"><net_src comp="981" pin="3"/><net_sink comp="1027" pin=0"/></net>

<net id="1035"><net_src comp="1032" pin="1"/><net_sink comp="533" pin=2"/></net>

<net id="1039"><net_src comp="1036" pin="1"/><net_sink comp="543" pin=2"/></net>

<net id="1043"><net_src comp="1040" pin="1"/><net_sink comp="515" pin=2"/></net>

<net id="1049"><net_src comp="1032" pin="1"/><net_sink comp="1044" pin=2"/></net>

<net id="1050"><net_src comp="1044" pin="3"/><net_sink comp="533" pin=0"/></net>

<net id="1056"><net_src comp="1036" pin="1"/><net_sink comp="1051" pin=2"/></net>

<net id="1057"><net_src comp="1051" pin="3"/><net_sink comp="543" pin=0"/></net>

<net id="1063"><net_src comp="1058" pin="3"/><net_sink comp="552" pin=0"/></net>

<net id="1069"><net_src comp="482" pin="1"/><net_sink comp="1064" pin=1"/></net>

<net id="1070"><net_src comp="1040" pin="1"/><net_sink comp="1064" pin=2"/></net>

<net id="1071"><net_src comp="1064" pin="3"/><net_sink comp="515" pin=0"/></net>

<net id="1077"><net_src comp="482" pin="1"/><net_sink comp="1072" pin=1"/></net>

<net id="1078"><net_src comp="1072" pin="3"/><net_sink comp="524" pin=0"/></net>

<net id="1084"><net_src comp="505" pin="4"/><net_sink comp="1079" pin=2"/></net>

<net id="1090"><net_src comp="482" pin="1"/><net_sink comp="1085" pin=2"/></net>

<net id="1096"><net_src comp="495" pin="4"/><net_sink comp="1091" pin=2"/></net>

<net id="1103"><net_src comp="130" pin="0"/><net_sink comp="1097" pin=0"/></net>

<net id="1104"><net_src comp="1091" pin="3"/><net_sink comp="1097" pin=1"/></net>

<net id="1105"><net_src comp="1085" pin="3"/><net_sink comp="1097" pin=2"/></net>

<net id="1106"><net_src comp="1079" pin="3"/><net_sink comp="1097" pin=3"/></net>

<net id="1107"><net_src comp="1097" pin="4"/><net_sink comp="471" pin=1"/></net>

<net id="1121"><net_src comp="533" pin="4"/><net_sink comp="1118" pin=0"/></net>

<net id="1125"><net_src comp="543" pin="4"/><net_sink comp="1122" pin=0"/></net>

<net id="1130"><net_src comp="1118" pin="1"/><net_sink comp="1126" pin=0"/></net>

<net id="1131"><net_src comp="1122" pin="1"/><net_sink comp="1126" pin=1"/></net>

<net id="1135"><net_src comp="1126" pin="2"/><net_sink comp="1132" pin=0"/></net>

<net id="1141"><net_src comp="132" pin="0"/><net_sink comp="1136" pin=0"/></net>

<net id="1142"><net_src comp="1126" pin="2"/><net_sink comp="1136" pin=1"/></net>

<net id="1143"><net_src comp="118" pin="0"/><net_sink comp="1136" pin=2"/></net>

<net id="1148"><net_src comp="134" pin="0"/><net_sink comp="1144" pin=0"/></net>

<net id="1149"><net_src comp="1132" pin="1"/><net_sink comp="1144" pin=1"/></net>

<net id="1155"><net_src comp="1136" pin="3"/><net_sink comp="1150" pin=0"/></net>

<net id="1156"><net_src comp="1144" pin="2"/><net_sink comp="1150" pin=1"/></net>

<net id="1157"><net_src comp="1132" pin="1"/><net_sink comp="1150" pin=2"/></net>

<net id="1161"><net_src comp="515" pin="4"/><net_sink comp="1158" pin=0"/></net>

<net id="1166"><net_src comp="1118" pin="1"/><net_sink comp="1162" pin=0"/></net>

<net id="1167"><net_src comp="1158" pin="1"/><net_sink comp="1162" pin=1"/></net>

<net id="1171"><net_src comp="1162" pin="2"/><net_sink comp="1168" pin=0"/></net>

<net id="1177"><net_src comp="132" pin="0"/><net_sink comp="1172" pin=0"/></net>

<net id="1178"><net_src comp="1162" pin="2"/><net_sink comp="1172" pin=1"/></net>

<net id="1179"><net_src comp="118" pin="0"/><net_sink comp="1172" pin=2"/></net>

<net id="1184"><net_src comp="134" pin="0"/><net_sink comp="1180" pin=0"/></net>

<net id="1185"><net_src comp="1168" pin="1"/><net_sink comp="1180" pin=1"/></net>

<net id="1191"><net_src comp="1172" pin="3"/><net_sink comp="1186" pin=0"/></net>

<net id="1192"><net_src comp="1180" pin="2"/><net_sink comp="1186" pin=1"/></net>

<net id="1193"><net_src comp="1168" pin="1"/><net_sink comp="1186" pin=2"/></net>

<net id="1197"><net_src comp="1112" pin="1"/><net_sink comp="1194" pin=0"/></net>

<net id="1202"><net_src comp="1118" pin="1"/><net_sink comp="1198" pin=0"/></net>

<net id="1203"><net_src comp="1194" pin="1"/><net_sink comp="1198" pin=1"/></net>

<net id="1207"><net_src comp="1198" pin="2"/><net_sink comp="1204" pin=0"/></net>

<net id="1213"><net_src comp="132" pin="0"/><net_sink comp="1208" pin=0"/></net>

<net id="1214"><net_src comp="1198" pin="2"/><net_sink comp="1208" pin=1"/></net>

<net id="1215"><net_src comp="118" pin="0"/><net_sink comp="1208" pin=2"/></net>

<net id="1220"><net_src comp="134" pin="0"/><net_sink comp="1216" pin=0"/></net>

<net id="1221"><net_src comp="1204" pin="1"/><net_sink comp="1216" pin=1"/></net>

<net id="1227"><net_src comp="1208" pin="3"/><net_sink comp="1222" pin=0"/></net>

<net id="1228"><net_src comp="1216" pin="2"/><net_sink comp="1222" pin=1"/></net>

<net id="1229"><net_src comp="1204" pin="1"/><net_sink comp="1222" pin=2"/></net>

<net id="1233"><net_src comp="1115" pin="1"/><net_sink comp="1230" pin=0"/></net>

<net id="1238"><net_src comp="1118" pin="1"/><net_sink comp="1234" pin=0"/></net>

<net id="1239"><net_src comp="1230" pin="1"/><net_sink comp="1234" pin=1"/></net>

<net id="1243"><net_src comp="1234" pin="2"/><net_sink comp="1240" pin=0"/></net>

<net id="1249"><net_src comp="132" pin="0"/><net_sink comp="1244" pin=0"/></net>

<net id="1250"><net_src comp="1234" pin="2"/><net_sink comp="1244" pin=1"/></net>

<net id="1251"><net_src comp="118" pin="0"/><net_sink comp="1244" pin=2"/></net>

<net id="1256"><net_src comp="134" pin="0"/><net_sink comp="1252" pin=0"/></net>

<net id="1257"><net_src comp="1240" pin="1"/><net_sink comp="1252" pin=1"/></net>

<net id="1263"><net_src comp="1244" pin="3"/><net_sink comp="1258" pin=0"/></net>

<net id="1264"><net_src comp="1252" pin="2"/><net_sink comp="1258" pin=1"/></net>

<net id="1265"><net_src comp="1240" pin="1"/><net_sink comp="1258" pin=2"/></net>

<net id="1270"><net_src comp="524" pin="4"/><net_sink comp="1266" pin=0"/></net>

<net id="1275"><net_src comp="552" pin="4"/><net_sink comp="1271" pin=0"/></net>

<net id="1279"><net_src comp="1276" pin="1"/><net_sink comp="624" pin=2"/></net>

<net id="1283"><net_src comp="1280" pin="1"/><net_sink comp="615" pin=2"/></net>

<net id="1293"><net_src comp="1290" pin="1"/><net_sink comp="588" pin=2"/></net>

<net id="1297"><net_src comp="1294" pin="1"/><net_sink comp="579" pin=2"/></net>

<net id="1301"><net_src comp="1298" pin="1"/><net_sink comp="606" pin=2"/></net>

<net id="1305"><net_src comp="1302" pin="1"/><net_sink comp="597" pin=2"/></net>

<net id="1309"><net_src comp="1306" pin="1"/><net_sink comp="570" pin=2"/></net>

<net id="1313"><net_src comp="1310" pin="1"/><net_sink comp="561" pin=2"/></net>

<net id="1319"><net_src comp="1284" pin="1"/><net_sink comp="1314" pin=2"/></net>

<net id="1325"><net_src comp="1287" pin="1"/><net_sink comp="1320" pin=2"/></net>

<net id="1331"><net_src comp="1302" pin="1"/><net_sink comp="1326" pin=2"/></net>

<net id="1332"><net_src comp="1326" pin="3"/><net_sink comp="597" pin=0"/></net>

<net id="1338"><net_src comp="1298" pin="1"/><net_sink comp="1333" pin=2"/></net>

<net id="1339"><net_src comp="1333" pin="3"/><net_sink comp="606" pin=0"/></net>

<net id="1345"><net_src comp="1280" pin="1"/><net_sink comp="1340" pin=2"/></net>

<net id="1346"><net_src comp="1340" pin="3"/><net_sink comp="615" pin=0"/></net>

<net id="1352"><net_src comp="1276" pin="1"/><net_sink comp="1347" pin=2"/></net>

<net id="1353"><net_src comp="1347" pin="3"/><net_sink comp="624" pin=0"/></net>

<net id="1359"><net_src comp="492" pin="1"/><net_sink comp="1354" pin=1"/></net>

<net id="1360"><net_src comp="1310" pin="1"/><net_sink comp="1354" pin=2"/></net>

<net id="1361"><net_src comp="1354" pin="3"/><net_sink comp="561" pin=0"/></net>

<net id="1367"><net_src comp="502" pin="1"/><net_sink comp="1362" pin=1"/></net>

<net id="1368"><net_src comp="1306" pin="1"/><net_sink comp="1362" pin=2"/></net>

<net id="1369"><net_src comp="1362" pin="3"/><net_sink comp="570" pin=0"/></net>

<net id="1375"><net_src comp="492" pin="1"/><net_sink comp="1370" pin=1"/></net>

<net id="1376"><net_src comp="1294" pin="1"/><net_sink comp="1370" pin=2"/></net>

<net id="1377"><net_src comp="1370" pin="3"/><net_sink comp="579" pin=0"/></net>

<net id="1383"><net_src comp="502" pin="1"/><net_sink comp="1378" pin=1"/></net>

<net id="1384"><net_src comp="1290" pin="1"/><net_sink comp="1378" pin=2"/></net>

<net id="1385"><net_src comp="1378" pin="3"/><net_sink comp="588" pin=0"/></net>

<net id="1390"><net_src comp="492" pin="1"/><net_sink comp="1386" pin=0"/></net>

<net id="1395"><net_src comp="502" pin="1"/><net_sink comp="1391" pin=0"/></net>

<net id="1419"><net_src comp="1412" pin="2"/><net_sink comp="1416" pin=0"/></net>

<net id="1429"><net_src comp="140" pin="0"/><net_sink comp="1424" pin=0"/></net>

<net id="1430"><net_src comp="114" pin="0"/><net_sink comp="1424" pin=1"/></net>

<net id="1431"><net_src comp="1412" pin="2"/><net_sink comp="1424" pin=2"/></net>

<net id="1437"><net_src comp="1420" pin="2"/><net_sink comp="1432" pin=0"/></net>

<net id="1438"><net_src comp="1424" pin="3"/><net_sink comp="1432" pin=1"/></net>

<net id="1439"><net_src comp="1416" pin="1"/><net_sink comp="1432" pin=2"/></net>

<net id="1443"><net_src comp="1432" pin="3"/><net_sink comp="1440" pin=0"/></net>

<net id="1453"><net_src comp="142" pin="0"/><net_sink comp="1448" pin=0"/></net>

<net id="1454"><net_src comp="114" pin="0"/><net_sink comp="1448" pin=1"/></net>

<net id="1455"><net_src comp="1432" pin="3"/><net_sink comp="1448" pin=2"/></net>

<net id="1461"><net_src comp="1444" pin="2"/><net_sink comp="1456" pin=0"/></net>

<net id="1462"><net_src comp="1448" pin="3"/><net_sink comp="1456" pin=1"/></net>

<net id="1463"><net_src comp="1440" pin="1"/><net_sink comp="1456" pin=2"/></net>

<net id="1467"><net_src comp="1456" pin="3"/><net_sink comp="1464" pin=0"/></net>

<net id="1477"><net_src comp="144" pin="0"/><net_sink comp="1472" pin=0"/></net>

<net id="1478"><net_src comp="114" pin="0"/><net_sink comp="1472" pin=1"/></net>

<net id="1479"><net_src comp="1456" pin="3"/><net_sink comp="1472" pin=2"/></net>

<net id="1485"><net_src comp="1468" pin="2"/><net_sink comp="1480" pin=0"/></net>

<net id="1486"><net_src comp="1472" pin="3"/><net_sink comp="1480" pin=1"/></net>

<net id="1487"><net_src comp="1464" pin="1"/><net_sink comp="1480" pin=2"/></net>

<net id="1491"><net_src comp="1480" pin="3"/><net_sink comp="1488" pin=0"/></net>

<net id="1501"><net_src comp="146" pin="0"/><net_sink comp="1496" pin=0"/></net>

<net id="1502"><net_src comp="114" pin="0"/><net_sink comp="1496" pin=1"/></net>

<net id="1503"><net_src comp="1480" pin="3"/><net_sink comp="1496" pin=2"/></net>

<net id="1509"><net_src comp="1492" pin="2"/><net_sink comp="1504" pin=0"/></net>

<net id="1510"><net_src comp="1496" pin="3"/><net_sink comp="1504" pin=1"/></net>

<net id="1511"><net_src comp="1488" pin="1"/><net_sink comp="1504" pin=2"/></net>

<net id="1515"><net_src comp="1504" pin="3"/><net_sink comp="1512" pin=0"/></net>

<net id="1525"><net_src comp="148" pin="0"/><net_sink comp="1520" pin=0"/></net>

<net id="1526"><net_src comp="114" pin="0"/><net_sink comp="1520" pin=1"/></net>

<net id="1527"><net_src comp="1504" pin="3"/><net_sink comp="1520" pin=2"/></net>

<net id="1533"><net_src comp="1516" pin="2"/><net_sink comp="1528" pin=0"/></net>

<net id="1534"><net_src comp="1520" pin="3"/><net_sink comp="1528" pin=1"/></net>

<net id="1535"><net_src comp="1512" pin="1"/><net_sink comp="1528" pin=2"/></net>

<net id="1541"><net_src comp="597" pin="4"/><net_sink comp="1536" pin=1"/></net>

<net id="1542"><net_src comp="606" pin="4"/><net_sink comp="1536" pin=2"/></net>

<net id="1546"><net_src comp="1536" pin="3"/><net_sink comp="1543" pin=0"/></net>

<net id="1551"><net_src comp="1543" pin="1"/><net_sink comp="1547" pin=1"/></net>

<net id="1557"><net_src comp="561" pin="4"/><net_sink comp="1552" pin=1"/></net>

<net id="1558"><net_src comp="570" pin="4"/><net_sink comp="1552" pin=2"/></net>

<net id="1562"><net_src comp="1552" pin="3"/><net_sink comp="1559" pin=0"/></net>

<net id="1567"><net_src comp="1559" pin="1"/><net_sink comp="1563" pin=1"/></net>

<net id="1572"><net_src comp="579" pin="4"/><net_sink comp="1568" pin=0"/></net>

<net id="1577"><net_src comp="588" pin="4"/><net_sink comp="1573" pin=0"/></net>

<net id="1582"><net_src comp="615" pin="4"/><net_sink comp="1578" pin=0"/></net>

<net id="1587"><net_src comp="624" pin="4"/><net_sink comp="1583" pin=0"/></net>

<net id="1615"><net_src comp="150" pin="0"/><net_sink comp="1588" pin=1"/></net>

<net id="1616"><net_src comp="152" pin="0"/><net_sink comp="1588" pin=2"/></net>

<net id="1617"><net_src comp="154" pin="0"/><net_sink comp="1588" pin=3"/></net>

<net id="1618"><net_src comp="156" pin="0"/><net_sink comp="1588" pin=4"/></net>

<net id="1619"><net_src comp="158" pin="0"/><net_sink comp="1588" pin=5"/></net>

<net id="1620"><net_src comp="160" pin="0"/><net_sink comp="1588" pin=6"/></net>

<net id="1621"><net_src comp="162" pin="0"/><net_sink comp="1588" pin=7"/></net>

<net id="1622"><net_src comp="164" pin="0"/><net_sink comp="1588" pin=8"/></net>

<net id="1623"><net_src comp="166" pin="0"/><net_sink comp="1588" pin=9"/></net>

<net id="1624"><net_src comp="168" pin="0"/><net_sink comp="1588" pin=10"/></net>

<net id="1625"><net_src comp="170" pin="0"/><net_sink comp="1588" pin=11"/></net>

<net id="1626"><net_src comp="172" pin="0"/><net_sink comp="1588" pin=12"/></net>

<net id="1627"><net_src comp="174" pin="0"/><net_sink comp="1588" pin=13"/></net>

<net id="1628"><net_src comp="176" pin="0"/><net_sink comp="1588" pin=14"/></net>

<net id="1629"><net_src comp="178" pin="0"/><net_sink comp="1588" pin=15"/></net>

<net id="1630"><net_src comp="180" pin="0"/><net_sink comp="1588" pin=16"/></net>

<net id="1631"><net_src comp="182" pin="0"/><net_sink comp="1588" pin=17"/></net>

<net id="1632"><net_src comp="184" pin="0"/><net_sink comp="1588" pin=18"/></net>

<net id="1633"><net_src comp="186" pin="0"/><net_sink comp="1588" pin=19"/></net>

<net id="1634"><net_src comp="188" pin="0"/><net_sink comp="1588" pin=20"/></net>

<net id="1635"><net_src comp="190" pin="0"/><net_sink comp="1588" pin=21"/></net>

<net id="1636"><net_src comp="192" pin="0"/><net_sink comp="1588" pin=22"/></net>

<net id="1637"><net_src comp="194" pin="0"/><net_sink comp="1588" pin=23"/></net>

<net id="1638"><net_src comp="196" pin="0"/><net_sink comp="1588" pin=24"/></net>

<net id="1639"><net_src comp="1588" pin="25"/><net_sink comp="653" pin=13"/></net>

<net id="1640"><net_src comp="1588" pin="25"/><net_sink comp="679" pin=13"/></net>

<net id="1641"><net_src comp="1588" pin="25"/><net_sink comp="705" pin=13"/></net>

<net id="1642"><net_src comp="1588" pin="25"/><net_sink comp="731" pin=13"/></net>

<net id="1660"><net_src comp="731" pin="14"/><net_sink comp="1655" pin=0"/></net>

<net id="1661"><net_src comp="200" pin="0"/><net_sink comp="1655" pin=1"/></net>

<net id="1662"><net_src comp="102" pin="0"/><net_sink comp="1655" pin=2"/></net>

<net id="1667"><net_src comp="1655" pin="3"/><net_sink comp="1663" pin=1"/></net>

<net id="1671"><net_src comp="1663" pin="2"/><net_sink comp="1668" pin=0"/></net>

<net id="1677"><net_src comp="705" pin="14"/><net_sink comp="1672" pin=0"/></net>

<net id="1678"><net_src comp="200" pin="0"/><net_sink comp="1672" pin=1"/></net>

<net id="1679"><net_src comp="102" pin="0"/><net_sink comp="1672" pin=2"/></net>

<net id="1684"><net_src comp="1672" pin="3"/><net_sink comp="1680" pin=1"/></net>

<net id="1688"><net_src comp="1680" pin="2"/><net_sink comp="1685" pin=0"/></net>

<net id="1693"><net_src comp="1685" pin="1"/><net_sink comp="1689" pin=0"/></net>

<net id="1694"><net_src comp="1668" pin="1"/><net_sink comp="1689" pin=1"/></net>

<net id="1700"><net_src comp="1646" pin="1"/><net_sink comp="1695" pin=1"/></net>

<net id="1701"><net_src comp="1643" pin="1"/><net_sink comp="1695" pin=2"/></net>

<net id="1705"><net_src comp="1695" pin="3"/><net_sink comp="1702" pin=0"/></net>

<net id="1710"><net_src comp="1702" pin="1"/><net_sink comp="1706" pin=1"/></net>

<net id="1716"><net_src comp="679" pin="14"/><net_sink comp="1711" pin=0"/></net>

<net id="1717"><net_src comp="200" pin="0"/><net_sink comp="1711" pin=1"/></net>

<net id="1718"><net_src comp="102" pin="0"/><net_sink comp="1711" pin=2"/></net>

<net id="1723"><net_src comp="1706" pin="2"/><net_sink comp="1719" pin=0"/></net>

<net id="1724"><net_src comp="1711" pin="3"/><net_sink comp="1719" pin=1"/></net>

<net id="1728"><net_src comp="1689" pin="2"/><net_sink comp="1725" pin=0"/></net>

<net id="1732"><net_src comp="1719" pin="2"/><net_sink comp="1729" pin=0"/></net>

<net id="1738"><net_src comp="1652" pin="1"/><net_sink comp="1733" pin=1"/></net>

<net id="1739"><net_src comp="1649" pin="1"/><net_sink comp="1733" pin=2"/></net>

<net id="1743"><net_src comp="1733" pin="3"/><net_sink comp="1740" pin=0"/></net>

<net id="1748"><net_src comp="1740" pin="1"/><net_sink comp="1744" pin=1"/></net>

<net id="1754"><net_src comp="653" pin="14"/><net_sink comp="1749" pin=0"/></net>

<net id="1755"><net_src comp="200" pin="0"/><net_sink comp="1749" pin=1"/></net>

<net id="1756"><net_src comp="102" pin="0"/><net_sink comp="1749" pin=2"/></net>

<net id="1761"><net_src comp="1744" pin="2"/><net_sink comp="1757" pin=0"/></net>

<net id="1762"><net_src comp="1749" pin="3"/><net_sink comp="1757" pin=1"/></net>

<net id="1766"><net_src comp="1757" pin="2"/><net_sink comp="1763" pin=0"/></net>

<net id="1771"><net_src comp="1729" pin="1"/><net_sink comp="1767" pin=0"/></net>

<net id="1772"><net_src comp="1763" pin="1"/><net_sink comp="1767" pin=1"/></net>

<net id="1776"><net_src comp="1767" pin="2"/><net_sink comp="1773" pin=0"/></net>

<net id="1781"><net_src comp="1773" pin="1"/><net_sink comp="1777" pin=0"/></net>

<net id="1782"><net_src comp="1725" pin="1"/><net_sink comp="1777" pin=1"/></net>

<net id="1788"><net_src comp="640" pin="1"/><net_sink comp="1783" pin=1"/></net>

<net id="1789"><net_src comp="630" pin="1"/><net_sink comp="1783" pin=2"/></net>

<net id="1793"><net_src comp="1783" pin="3"/><net_sink comp="1790" pin=0"/></net>

<net id="1799"><net_src comp="202" pin="0"/><net_sink comp="1794" pin=0"/></net>

<net id="1800"><net_src comp="204" pin="0"/><net_sink comp="1794" pin=2"/></net>

<net id="1805"><net_src comp="206" pin="0"/><net_sink comp="1801" pin=0"/></net>

<net id="1812"><net_src comp="208" pin="0"/><net_sink comp="1806" pin=0"/></net>

<net id="1813"><net_src comp="1801" pin="2"/><net_sink comp="1806" pin=1"/></net>

<net id="1814"><net_src comp="80" pin="0"/><net_sink comp="1806" pin=2"/></net>

<net id="1815"><net_src comp="204" pin="0"/><net_sink comp="1806" pin=3"/></net>

<net id="1820"><net_src comp="210" pin="0"/><net_sink comp="1816" pin=0"/></net>

<net id="1821"><net_src comp="1806" pin="4"/><net_sink comp="1816" pin=1"/></net>

<net id="1828"><net_src comp="208" pin="0"/><net_sink comp="1822" pin=0"/></net>

<net id="1829"><net_src comp="80" pin="0"/><net_sink comp="1822" pin=2"/></net>

<net id="1830"><net_src comp="204" pin="0"/><net_sink comp="1822" pin=3"/></net>

<net id="1836"><net_src comp="1794" pin="3"/><net_sink comp="1831" pin=0"/></net>

<net id="1837"><net_src comp="1816" pin="2"/><net_sink comp="1831" pin=1"/></net>

<net id="1838"><net_src comp="1822" pin="4"/><net_sink comp="1831" pin=2"/></net>

<net id="1842"><net_src comp="530" pin="1"/><net_sink comp="1839" pin=0"/></net>

<net id="1847"><net_src comp="1839" pin="1"/><net_sink comp="1843" pin=0"/></net>

<net id="1848"><net_src comp="1831" pin="3"/><net_sink comp="1843" pin=1"/></net>

<net id="1854"><net_src comp="1790" pin="1"/><net_sink comp="1849" pin=1"/></net>

<net id="1855"><net_src comp="1843" pin="2"/><net_sink comp="1849" pin=2"/></net>

<net id="1861"><net_src comp="1843" pin="2"/><net_sink comp="1856" pin=1"/></net>

<net id="1862"><net_src comp="1790" pin="1"/><net_sink comp="1856" pin=2"/></net>

<net id="1866"><net_src comp="640" pin="1"/><net_sink comp="1863" pin=0"/></net>

<net id="1867"><net_src comp="1863" pin="1"/><net_sink comp="757" pin=2"/></net>

<net id="1871"><net_src comp="630" pin="1"/><net_sink comp="1868" pin=0"/></net>

<net id="1872"><net_src comp="1868" pin="1"/><net_sink comp="766" pin=2"/></net>

<net id="1878"><net_src comp="212" pin="0"/><net_sink comp="1873" pin=0"/></net>

<net id="1879"><net_src comp="757" pin="4"/><net_sink comp="1873" pin=1"/></net>

<net id="1880"><net_src comp="214" pin="0"/><net_sink comp="1873" pin=2"/></net>

<net id="1887"><net_src comp="216" pin="0"/><net_sink comp="1881" pin=0"/></net>

<net id="1888"><net_src comp="757" pin="4"/><net_sink comp="1881" pin=1"/></net>

<net id="1889"><net_src comp="118" pin="0"/><net_sink comp="1881" pin=2"/></net>

<net id="1890"><net_src comp="214" pin="0"/><net_sink comp="1881" pin=3"/></net>

<net id="1895"><net_src comp="1881" pin="4"/><net_sink comp="1891" pin=0"/></net>

<net id="1896"><net_src comp="218" pin="0"/><net_sink comp="1891" pin=1"/></net>

<net id="1900"><net_src comp="757" pin="4"/><net_sink comp="1897" pin=0"/></net>

<net id="1905"><net_src comp="1873" pin="3"/><net_sink comp="1901" pin=0"/></net>

<net id="1906"><net_src comp="114" pin="0"/><net_sink comp="1901" pin=1"/></net>

<net id="1912"><net_src comp="1901" pin="2"/><net_sink comp="1907" pin=0"/></net>

<net id="1913"><net_src comp="220" pin="0"/><net_sink comp="1907" pin=1"/></net>

<net id="1914"><net_src comp="134" pin="0"/><net_sink comp="1907" pin=2"/></net>

<net id="1919"><net_src comp="1873" pin="3"/><net_sink comp="1915" pin=0"/></net>

<net id="1920"><net_src comp="1891" pin="2"/><net_sink comp="1915" pin=1"/></net>

<net id="1926"><net_src comp="1915" pin="2"/><net_sink comp="1921" pin=0"/></net>

<net id="1927"><net_src comp="1907" pin="3"/><net_sink comp="1921" pin=1"/></net>

<net id="1928"><net_src comp="1897" pin="1"/><net_sink comp="1921" pin=2"/></net>

<net id="1934"><net_src comp="212" pin="0"/><net_sink comp="1929" pin=0"/></net>

<net id="1935"><net_src comp="766" pin="4"/><net_sink comp="1929" pin=1"/></net>

<net id="1936"><net_src comp="214" pin="0"/><net_sink comp="1929" pin=2"/></net>

<net id="1943"><net_src comp="216" pin="0"/><net_sink comp="1937" pin=0"/></net>

<net id="1944"><net_src comp="766" pin="4"/><net_sink comp="1937" pin=1"/></net>

<net id="1945"><net_src comp="118" pin="0"/><net_sink comp="1937" pin=2"/></net>

<net id="1946"><net_src comp="214" pin="0"/><net_sink comp="1937" pin=3"/></net>

<net id="1951"><net_src comp="1937" pin="4"/><net_sink comp="1947" pin=0"/></net>

<net id="1952"><net_src comp="218" pin="0"/><net_sink comp="1947" pin=1"/></net>

<net id="1956"><net_src comp="766" pin="4"/><net_sink comp="1953" pin=0"/></net>

<net id="1961"><net_src comp="1929" pin="3"/><net_sink comp="1957" pin=0"/></net>

<net id="1962"><net_src comp="114" pin="0"/><net_sink comp="1957" pin=1"/></net>

<net id="1968"><net_src comp="1957" pin="2"/><net_sink comp="1963" pin=0"/></net>

<net id="1969"><net_src comp="220" pin="0"/><net_sink comp="1963" pin=1"/></net>

<net id="1970"><net_src comp="134" pin="0"/><net_sink comp="1963" pin=2"/></net>

<net id="1975"><net_src comp="1929" pin="3"/><net_sink comp="1971" pin=0"/></net>

<net id="1976"><net_src comp="1947" pin="2"/><net_sink comp="1971" pin=1"/></net>

<net id="1982"><net_src comp="1971" pin="2"/><net_sink comp="1977" pin=0"/></net>

<net id="1983"><net_src comp="1963" pin="3"/><net_sink comp="1977" pin=1"/></net>

<net id="1984"><net_src comp="1953" pin="1"/><net_sink comp="1977" pin=2"/></net>

<net id="1991"><net_src comp="130" pin="0"/><net_sink comp="1985" pin=0"/></net>

<net id="1992"><net_src comp="1977" pin="3"/><net_sink comp="1985" pin=1"/></net>

<net id="1993"><net_src comp="530" pin="1"/><net_sink comp="1985" pin=2"/></net>

<net id="1994"><net_src comp="1921" pin="3"/><net_sink comp="1985" pin=3"/></net>

<net id="1995"><net_src comp="1985" pin="4"/><net_sink comp="440" pin=2"/></net>

<net id="2000"><net_src comp="50" pin="0"/><net_sink comp="1996" pin=1"/></net>

<net id="2005"><net_src comp="52" pin="0"/><net_sink comp="2001" pin=1"/></net>

<net id="2010"><net_src comp="54" pin="0"/><net_sink comp="2006" pin=1"/></net>

<net id="2015"><net_src comp="56" pin="0"/><net_sink comp="2011" pin=1"/></net>

<net id="2020"><net_src comp="58" pin="0"/><net_sink comp="2016" pin=1"/></net>

<net id="2025"><net_src comp="60" pin="0"/><net_sink comp="2021" pin=1"/></net>

<net id="2030"><net_src comp="62" pin="0"/><net_sink comp="2026" pin=1"/></net>

<net id="2035"><net_src comp="64" pin="0"/><net_sink comp="2031" pin=1"/></net>

<net id="2040"><net_src comp="66" pin="0"/><net_sink comp="2036" pin=1"/></net>

<net id="2045"><net_src comp="68" pin="0"/><net_sink comp="2041" pin=1"/></net>

<net id="2050"><net_src comp="70" pin="0"/><net_sink comp="2046" pin=1"/></net>

<net id="2055"><net_src comp="72" pin="0"/><net_sink comp="2051" pin=1"/></net>

<net id="2060"><net_src comp="74" pin="0"/><net_sink comp="2056" pin=1"/></net>

<net id="2065"><net_src comp="76" pin="0"/><net_sink comp="2061" pin=1"/></net>

<net id="2070"><net_src comp="78" pin="0"/><net_sink comp="2066" pin=1"/></net>

<net id="2074"><net_src comp="224" pin="1"/><net_sink comp="2071" pin=0"/></net>

<net id="2075"><net_src comp="2071" pin="1"/><net_sink comp="869" pin=1"/></net>

<net id="2076"><net_src comp="2071" pin="1"/><net_sink comp="874" pin=0"/></net>

<net id="2077"><net_src comp="2071" pin="1"/><net_sink comp="945" pin=1"/></net>

<net id="2081"><net_src comp="228" pin="1"/><net_sink comp="2078" pin=0"/></net>

<net id="2082"><net_src comp="2078" pin="1"/><net_sink comp="864" pin=1"/></net>

<net id="2083"><net_src comp="2078" pin="1"/><net_sink comp="1276" pin=0"/></net>

<net id="2084"><net_src comp="2078" pin="1"/><net_sink comp="1408" pin=1"/></net>

<net id="2085"><net_src comp="2078" pin="1"/><net_sink comp="1643" pin=0"/></net>

<net id="2089"><net_src comp="232" pin="1"/><net_sink comp="2086" pin=0"/></net>

<net id="2090"><net_src comp="2086" pin="1"/><net_sink comp="859" pin=1"/></net>

<net id="2091"><net_src comp="2086" pin="1"/><net_sink comp="950" pin=0"/></net>

<net id="2092"><net_src comp="2086" pin="1"/><net_sink comp="1027" pin=1"/></net>

<net id="2093"><net_src comp="2086" pin="1"/><net_sink comp="1112" pin=0"/></net>

<net id="2097"><net_src comp="236" pin="1"/><net_sink comp="2094" pin=0"/></net>

<net id="2098"><net_src comp="2094" pin="1"/><net_sink comp="854" pin=1"/></net>

<net id="2099"><net_src comp="2094" pin="1"/><net_sink comp="1280" pin=0"/></net>

<net id="2100"><net_src comp="2094" pin="1"/><net_sink comp="1404" pin=1"/></net>

<net id="2101"><net_src comp="2094" pin="1"/><net_sink comp="1646" pin=0"/></net>

<net id="2105"><net_src comp="240" pin="1"/><net_sink comp="2102" pin=0"/></net>

<net id="2106"><net_src comp="2102" pin="1"/><net_sink comp="849" pin=1"/></net>

<net id="2107"><net_src comp="2102" pin="1"/><net_sink comp="1284" pin=0"/></net>

<net id="2108"><net_src comp="2102" pin="1"/><net_sink comp="1400" pin=1"/></net>

<net id="2112"><net_src comp="244" pin="1"/><net_sink comp="2109" pin=0"/></net>

<net id="2113"><net_src comp="2109" pin="1"/><net_sink comp="844" pin=1"/></net>

<net id="2114"><net_src comp="2109" pin="1"/><net_sink comp="1032" pin=0"/></net>

<net id="2115"><net_src comp="2109" pin="1"/><net_sink comp="1108" pin=1"/></net>

<net id="2119"><net_src comp="248" pin="1"/><net_sink comp="2116" pin=0"/></net>

<net id="2120"><net_src comp="2116" pin="1"/><net_sink comp="839" pin=1"/></net>

<net id="2121"><net_src comp="2116" pin="1"/><net_sink comp="1287" pin=0"/></net>

<net id="2122"><net_src comp="2116" pin="1"/><net_sink comp="1396" pin=1"/></net>

<net id="2126"><net_src comp="252" pin="1"/><net_sink comp="2123" pin=0"/></net>

<net id="2127"><net_src comp="2123" pin="1"/><net_sink comp="834" pin=1"/></net>

<net id="2128"><net_src comp="2123" pin="1"/><net_sink comp="1290" pin=0"/></net>

<net id="2129"><net_src comp="2123" pin="1"/><net_sink comp="1391" pin=1"/></net>

<net id="2130"><net_src comp="2123" pin="1"/><net_sink comp="1649" pin=0"/></net>

<net id="2134"><net_src comp="256" pin="1"/><net_sink comp="2131" pin=0"/></net>

<net id="2135"><net_src comp="2131" pin="1"/><net_sink comp="829" pin=1"/></net>

<net id="2136"><net_src comp="2131" pin="1"/><net_sink comp="953" pin=0"/></net>

<net id="2137"><net_src comp="2131" pin="1"/><net_sink comp="1022" pin=1"/></net>

<net id="2138"><net_src comp="2131" pin="1"/><net_sink comp="1115" pin=0"/></net>

<net id="2142"><net_src comp="260" pin="1"/><net_sink comp="2139" pin=0"/></net>

<net id="2143"><net_src comp="2139" pin="1"/><net_sink comp="824" pin=1"/></net>

<net id="2144"><net_src comp="2139" pin="1"/><net_sink comp="1294" pin=0"/></net>

<net id="2145"><net_src comp="2139" pin="1"/><net_sink comp="1386" pin=1"/></net>

<net id="2146"><net_src comp="2139" pin="1"/><net_sink comp="1652" pin=0"/></net>

<net id="2150"><net_src comp="264" pin="1"/><net_sink comp="2147" pin=0"/></net>

<net id="2151"><net_src comp="2147" pin="1"/><net_sink comp="819" pin=1"/></net>

<net id="2152"><net_src comp="2147" pin="1"/><net_sink comp="1298" pin=0"/></net>

<net id="2153"><net_src comp="2147" pin="1"/><net_sink comp="1583" pin=1"/></net>

<net id="2157"><net_src comp="268" pin="1"/><net_sink comp="2154" pin=0"/></net>

<net id="2158"><net_src comp="2154" pin="1"/><net_sink comp="814" pin=1"/></net>

<net id="2159"><net_src comp="2154" pin="1"/><net_sink comp="1036" pin=0"/></net>

<net id="2160"><net_src comp="2154" pin="1"/><net_sink comp="1271" pin=1"/></net>

<net id="2164"><net_src comp="272" pin="1"/><net_sink comp="2161" pin=0"/></net>

<net id="2165"><net_src comp="2161" pin="1"/><net_sink comp="809" pin=1"/></net>

<net id="2166"><net_src comp="2161" pin="1"/><net_sink comp="1302" pin=0"/></net>

<net id="2167"><net_src comp="2161" pin="1"/><net_sink comp="1578" pin=1"/></net>

<net id="2171"><net_src comp="276" pin="1"/><net_sink comp="2168" pin=0"/></net>

<net id="2172"><net_src comp="2168" pin="1"/><net_sink comp="804" pin=1"/></net>

<net id="2173"><net_src comp="2168" pin="1"/><net_sink comp="1306" pin=0"/></net>

<net id="2174"><net_src comp="2168" pin="1"/><net_sink comp="1573" pin=1"/></net>

<net id="2178"><net_src comp="280" pin="1"/><net_sink comp="2175" pin=0"/></net>

<net id="2179"><net_src comp="2175" pin="1"/><net_sink comp="799" pin=1"/></net>

<net id="2180"><net_src comp="2175" pin="1"/><net_sink comp="1040" pin=0"/></net>

<net id="2181"><net_src comp="2175" pin="1"/><net_sink comp="1266" pin=1"/></net>

<net id="2185"><net_src comp="284" pin="1"/><net_sink comp="2182" pin=0"/></net>

<net id="2186"><net_src comp="2182" pin="1"/><net_sink comp="794" pin=1"/></net>

<net id="2187"><net_src comp="2182" pin="1"/><net_sink comp="1310" pin=0"/></net>

<net id="2188"><net_src comp="2182" pin="1"/><net_sink comp="1568" pin=1"/></net>

<net id="2192"><net_src comp="776" pin="2"/><net_sink comp="2189" pin=0"/></net>

<net id="2193"><net_src comp="2189" pin="1"/><net_sink comp="1536" pin=0"/></net>

<net id="2194"><net_src comp="2189" pin="1"/><net_sink comp="1552" pin=0"/></net>

<net id="2195"><net_src comp="2189" pin="1"/><net_sink comp="1695" pin=0"/></net>

<net id="2196"><net_src comp="2189" pin="1"/><net_sink comp="1733" pin=0"/></net>

<net id="2197"><net_src comp="2189" pin="1"/><net_sink comp="1783" pin=0"/></net>

<net id="2198"><net_src comp="2189" pin="1"/><net_sink comp="1849" pin=0"/></net>

<net id="2199"><net_src comp="2189" pin="1"/><net_sink comp="1856" pin=0"/></net>

<net id="2203"><net_src comp="782" pin="2"/><net_sink comp="2200" pin=0"/></net>

<net id="2207"><net_src comp="788" pin="2"/><net_sink comp="2204" pin=0"/></net>

<net id="2208"><net_src comp="2204" pin="1"/><net_sink comp="1079" pin=0"/></net>

<net id="2209"><net_src comp="2204" pin="1"/><net_sink comp="1085" pin=0"/></net>

<net id="2210"><net_src comp="2204" pin="1"/><net_sink comp="1091" pin=0"/></net>

<net id="2214"><net_src comp="877" pin="2"/><net_sink comp="2211" pin=0"/></net>

<net id="2218"><net_src comp="899" pin="2"/><net_sink comp="2215" pin=0"/></net>

<net id="2222"><net_src comp="447" pin="3"/><net_sink comp="2219" pin=0"/></net>

<net id="2223"><net_src comp="2219" pin="1"/><net_sink comp="454" pin=2"/></net>

<net id="2224"><net_src comp="2219" pin="1"/><net_sink comp="454" pin=0"/></net>

<net id="2228"><net_src comp="464" pin="3"/><net_sink comp="2225" pin=0"/></net>

<net id="2229"><net_src comp="2225" pin="1"/><net_sink comp="471" pin=2"/></net>

<net id="2230"><net_src comp="2225" pin="1"/><net_sink comp="471" pin=0"/></net>

<net id="2234"><net_src comp="905" pin="2"/><net_sink comp="2231" pin=0"/></net>

<net id="2235"><net_src comp="2231" pin="1"/><net_sink comp="1044" pin=0"/></net>

<net id="2236"><net_src comp="2231" pin="1"/><net_sink comp="1051" pin=0"/></net>

<net id="2237"><net_src comp="2231" pin="1"/><net_sink comp="1058" pin=0"/></net>

<net id="2238"><net_src comp="2231" pin="1"/><net_sink comp="1064" pin=0"/></net>

<net id="2239"><net_src comp="2231" pin="1"/><net_sink comp="1072" pin=0"/></net>

<net id="2240"><net_src comp="2231" pin="1"/><net_sink comp="1314" pin=0"/></net>

<net id="2241"><net_src comp="2231" pin="1"/><net_sink comp="1320" pin=0"/></net>

<net id="2242"><net_src comp="2231" pin="1"/><net_sink comp="1326" pin=0"/></net>

<net id="2243"><net_src comp="2231" pin="1"/><net_sink comp="1333" pin=0"/></net>

<net id="2244"><net_src comp="2231" pin="1"/><net_sink comp="1340" pin=0"/></net>

<net id="2245"><net_src comp="2231" pin="1"/><net_sink comp="1347" pin=0"/></net>

<net id="2246"><net_src comp="2231" pin="1"/><net_sink comp="1354" pin=0"/></net>

<net id="2247"><net_src comp="2231" pin="1"/><net_sink comp="1362" pin=0"/></net>

<net id="2248"><net_src comp="2231" pin="1"/><net_sink comp="1370" pin=0"/></net>

<net id="2249"><net_src comp="2231" pin="1"/><net_sink comp="1378" pin=0"/></net>

<net id="2253"><net_src comp="927" pin="2"/><net_sink comp="2250" pin=0"/></net>

<net id="2257"><net_src comp="939" pin="2"/><net_sink comp="2254" pin=0"/></net>

<net id="2261"><net_src comp="950" pin="1"/><net_sink comp="2258" pin=0"/></net>

<net id="2262"><net_src comp="2258" pin="1"/><net_sink comp="1058" pin=2"/></net>

<net id="2263"><net_src comp="2258" pin="1"/><net_sink comp="552" pin=2"/></net>

<net id="2264"><net_src comp="2258" pin="1"/><net_sink comp="2031" pin=0"/></net>

<net id="2268"><net_src comp="953" pin="1"/><net_sink comp="2265" pin=0"/></net>

<net id="2269"><net_src comp="2265" pin="1"/><net_sink comp="1072" pin=2"/></net>

<net id="2270"><net_src comp="2265" pin="1"/><net_sink comp="524" pin=2"/></net>

<net id="2271"><net_src comp="2265" pin="1"/><net_sink comp="2001" pin=0"/></net>

<net id="2275"><net_src comp="956" pin="1"/><net_sink comp="2272" pin=0"/></net>

<net id="2276"><net_src comp="2272" pin="1"/><net_sink comp="505" pin=2"/></net>

<net id="2277"><net_src comp="2272" pin="1"/><net_sink comp="1079" pin=1"/></net>

<net id="2278"><net_src comp="2272" pin="1"/><net_sink comp="1314" pin=1"/></net>

<net id="2279"><net_src comp="2272" pin="1"/><net_sink comp="1400" pin=0"/></net>

<net id="2283"><net_src comp="960" pin="3"/><net_sink comp="2280" pin=0"/></net>

<net id="2284"><net_src comp="2280" pin="1"/><net_sink comp="1044" pin=1"/></net>

<net id="2285"><net_src comp="2280" pin="1"/><net_sink comp="1085" pin=1"/></net>

<net id="2286"><net_src comp="2280" pin="1"/><net_sink comp="1108" pin=0"/></net>

<net id="2290"><net_src comp="969" pin="3"/><net_sink comp="2287" pin=0"/></net>

<net id="2291"><net_src comp="2287" pin="1"/><net_sink comp="495" pin=2"/></net>

<net id="2292"><net_src comp="2287" pin="1"/><net_sink comp="1091" pin=1"/></net>

<net id="2293"><net_src comp="2287" pin="1"/><net_sink comp="1320" pin=1"/></net>

<net id="2294"><net_src comp="2287" pin="1"/><net_sink comp="1396" pin=0"/></net>

<net id="2298"><net_src comp="977" pin="1"/><net_sink comp="2295" pin=0"/></net>

<net id="2299"><net_src comp="2295" pin="1"/><net_sink comp="1333" pin=1"/></net>

<net id="2300"><net_src comp="2295" pin="1"/><net_sink comp="1347" pin=1"/></net>

<net id="2301"><net_src comp="2295" pin="1"/><net_sink comp="1408" pin=0"/></net>

<net id="2305"><net_src comp="981" pin="3"/><net_sink comp="2302" pin=0"/></net>

<net id="2306"><net_src comp="2302" pin="1"/><net_sink comp="1051" pin=1"/></net>

<net id="2307"><net_src comp="2302" pin="1"/><net_sink comp="1058" pin=1"/></net>

<net id="2311"><net_src comp="989" pin="3"/><net_sink comp="2308" pin=0"/></net>

<net id="2312"><net_src comp="2308" pin="1"/><net_sink comp="1326" pin=1"/></net>

<net id="2313"><net_src comp="2308" pin="1"/><net_sink comp="1340" pin=1"/></net>

<net id="2314"><net_src comp="2308" pin="1"/><net_sink comp="1404" pin=0"/></net>

<net id="2318"><net_src comp="997" pin="1"/><net_sink comp="2315" pin=0"/></net>

<net id="2319"><net_src comp="2315" pin="1"/><net_sink comp="505" pin=0"/></net>

<net id="2323"><net_src comp="1012" pin="4"/><net_sink comp="2320" pin=0"/></net>

<net id="2324"><net_src comp="2320" pin="1"/><net_sink comp="495" pin=0"/></net>

<net id="2328"><net_src comp="1032" pin="1"/><net_sink comp="2325" pin=0"/></net>

<net id="2329"><net_src comp="2325" pin="1"/><net_sink comp="2016" pin=0"/></net>

<net id="2333"><net_src comp="1036" pin="1"/><net_sink comp="2330" pin=0"/></net>

<net id="2334"><net_src comp="2330" pin="1"/><net_sink comp="2061" pin=0"/></net>

<net id="2338"><net_src comp="1040" pin="1"/><net_sink comp="2335" pin=0"/></net>

<net id="2339"><net_src comp="2335" pin="1"/><net_sink comp="2046" pin=0"/></net>

<net id="2343"><net_src comp="1122" pin="1"/><net_sink comp="2340" pin=0"/></net>

<net id="2344"><net_src comp="2340" pin="1"/><net_sink comp="1547" pin=0"/></net>

<net id="2348"><net_src comp="1150" pin="3"/><net_sink comp="2345" pin=0"/></net>

<net id="2349"><net_src comp="2345" pin="1"/><net_sink comp="1412" pin=0"/></net>

<net id="2350"><net_src comp="2345" pin="1"/><net_sink comp="1420" pin=0"/></net>

<net id="2351"><net_src comp="2345" pin="1"/><net_sink comp="1444" pin=0"/></net>

<net id="2355"><net_src comp="1158" pin="1"/><net_sink comp="2352" pin=0"/></net>

<net id="2356"><net_src comp="2352" pin="1"/><net_sink comp="1563" pin=0"/></net>

<net id="2360"><net_src comp="1186" pin="3"/><net_sink comp="2357" pin=0"/></net>

<net id="2361"><net_src comp="2357" pin="1"/><net_sink comp="1412" pin=1"/></net>

<net id="2362"><net_src comp="2357" pin="1"/><net_sink comp="1468" pin=0"/></net>

<net id="2363"><net_src comp="2357" pin="1"/><net_sink comp="1492" pin=0"/></net>

<net id="2367"><net_src comp="1194" pin="1"/><net_sink comp="2364" pin=0"/></net>

<net id="2368"><net_src comp="2364" pin="1"/><net_sink comp="1706" pin=0"/></net>

<net id="2372"><net_src comp="1222" pin="3"/><net_sink comp="2369" pin=0"/></net>

<net id="2373"><net_src comp="2369" pin="1"/><net_sink comp="1420" pin=1"/></net>

<net id="2374"><net_src comp="2369" pin="1"/><net_sink comp="1468" pin=1"/></net>

<net id="2375"><net_src comp="2369" pin="1"/><net_sink comp="1516" pin=0"/></net>

<net id="2379"><net_src comp="1230" pin="1"/><net_sink comp="2376" pin=0"/></net>

<net id="2380"><net_src comp="2376" pin="1"/><net_sink comp="1744" pin=0"/></net>

<net id="2384"><net_src comp="1258" pin="3"/><net_sink comp="2381" pin=0"/></net>

<net id="2385"><net_src comp="2381" pin="1"/><net_sink comp="1444" pin=1"/></net>

<net id="2386"><net_src comp="2381" pin="1"/><net_sink comp="1492" pin=1"/></net>

<net id="2387"><net_src comp="2381" pin="1"/><net_sink comp="1516" pin=1"/></net>

<net id="2391"><net_src comp="1276" pin="1"/><net_sink comp="2388" pin=0"/></net>

<net id="2392"><net_src comp="2388" pin="1"/><net_sink comp="2036" pin=0"/></net>

<net id="2396"><net_src comp="1280" pin="1"/><net_sink comp="2393" pin=0"/></net>

<net id="2397"><net_src comp="2393" pin="1"/><net_sink comp="2026" pin=0"/></net>

<net id="2401"><net_src comp="1284" pin="1"/><net_sink comp="2398" pin=0"/></net>

<net id="2402"><net_src comp="2398" pin="1"/><net_sink comp="643" pin=2"/></net>

<net id="2403"><net_src comp="2398" pin="1"/><net_sink comp="2021" pin=0"/></net>

<net id="2407"><net_src comp="1287" pin="1"/><net_sink comp="2404" pin=0"/></net>

<net id="2408"><net_src comp="2404" pin="1"/><net_sink comp="633" pin=2"/></net>

<net id="2409"><net_src comp="2404" pin="1"/><net_sink comp="2011" pin=0"/></net>

<net id="2413"><net_src comp="1290" pin="1"/><net_sink comp="2410" pin=0"/></net>

<net id="2414"><net_src comp="2410" pin="1"/><net_sink comp="2006" pin=0"/></net>

<net id="2418"><net_src comp="1294" pin="1"/><net_sink comp="2415" pin=0"/></net>

<net id="2419"><net_src comp="2415" pin="1"/><net_sink comp="1996" pin=0"/></net>

<net id="2423"><net_src comp="1298" pin="1"/><net_sink comp="2420" pin=0"/></net>

<net id="2424"><net_src comp="2420" pin="1"/><net_sink comp="2066" pin=0"/></net>

<net id="2428"><net_src comp="1302" pin="1"/><net_sink comp="2425" pin=0"/></net>

<net id="2429"><net_src comp="2425" pin="1"/><net_sink comp="2056" pin=0"/></net>

<net id="2433"><net_src comp="1306" pin="1"/><net_sink comp="2430" pin=0"/></net>

<net id="2434"><net_src comp="2430" pin="1"/><net_sink comp="2051" pin=0"/></net>

<net id="2438"><net_src comp="1310" pin="1"/><net_sink comp="2435" pin=0"/></net>

<net id="2439"><net_src comp="2435" pin="1"/><net_sink comp="2041" pin=0"/></net>

<net id="2443"><net_src comp="1314" pin="3"/><net_sink comp="2440" pin=0"/></net>

<net id="2444"><net_src comp="2440" pin="1"/><net_sink comp="643" pin=0"/></net>

<net id="2448"><net_src comp="1320" pin="3"/><net_sink comp="2445" pin=0"/></net>

<net id="2449"><net_src comp="2445" pin="1"/><net_sink comp="633" pin=0"/></net>

<net id="2453"><net_src comp="1528" pin="3"/><net_sink comp="2450" pin=0"/></net>

<net id="2454"><net_src comp="2450" pin="1"/><net_sink comp="1588" pin=0"/></net>

<net id="2458"><net_src comp="1547" pin="2"/><net_sink comp="2455" pin=0"/></net>

<net id="2459"><net_src comp="2455" pin="1"/><net_sink comp="1663" pin=0"/></net>

<net id="2463"><net_src comp="1563" pin="2"/><net_sink comp="2460" pin=0"/></net>

<net id="2464"><net_src comp="2460" pin="1"/><net_sink comp="1680" pin=0"/></net>

<net id="2468"><net_src comp="1777" pin="2"/><net_sink comp="2465" pin=0"/></net>

<net id="2469"><net_src comp="2465" pin="1"/><net_sink comp="1794" pin=1"/></net>

<net id="2470"><net_src comp="2465" pin="1"/><net_sink comp="1801" pin=1"/></net>

<net id="2471"><net_src comp="2465" pin="1"/><net_sink comp="1822" pin=1"/></net>

<net id="2475"><net_src comp="1849" pin="3"/><net_sink comp="2472" pin=0"/></net>

<net id="2476"><net_src comp="2472" pin="1"/><net_sink comp="757" pin=0"/></net>

<net id="2480"><net_src comp="1856" pin="3"/><net_sink comp="2477" pin=0"/></net>

<net id="2481"><net_src comp="2477" pin="1"/><net_sink comp="766" pin=0"/></net>

</net_list>

</model> 
---------------- Datapath Model END ------------------

* FSMD analyzer results:
  - Output states:
	Port: imgRB | {7 }
	Port: p_0_2_0_0_09091531_i_out | {6 }
	Port: p_0_1_0_0_09081529_i_out | {6 }
	Port: p_0_0_0_0_09071527_i_out | {6 }
	Port: p_0_0_0938_115131524_i_out | {6 }
	Port: p_0_0_0939_115111522_i_out | {6 }
	Port: p_0_0_0940_115091520_i_out | {6 }
	Port: p_0_2_0_0_09151519_i_out | {6 }
	Port: p_0_1_0_0_09141517_i_out | {6 }
	Port: p_0_0_0_0_09131515_i_out | {6 }
	Port: p_0_0_0938_21452_i_out | {6 }
	Port: p_0_0_0939_21449_i_out | {6 }
	Port: p_0_0_0940_21446_i_out | {6 }
	Port: p_0_0_09381422_i_out | {6 }
	Port: p_0_0_09391419_i_out | {6 }
	Port: p_0_0_09401416_i_out | {6 }
 - Input state : 
	Port: DebayerRatBorBatR_Pipeline_VITIS_LOOP_633_2 : p_0_2_0_0_09091530_lcssa1567_i | {1 }
	Port: DebayerRatBorBatR_Pipeline_VITIS_LOOP_633_2 : p_0_1_0_0_09081528_lcssa1565_i | {1 }
	Port: DebayerRatBorBatR_Pipeline_VITIS_LOOP_633_2 : p_0_0_0_0_09071526_lcssa1563_i | {1 }
	Port: DebayerRatBorBatR_Pipeline_VITIS_LOOP_633_2 : p_0_0_0938_115131525_lcssa1561_i | {1 }
	Port: DebayerRatBorBatR_Pipeline_VITIS_LOOP_633_2 : p_0_0_0939_115111523_lcssa1559_i | {1 }
	Port: DebayerRatBorBatR_Pipeline_VITIS_LOOP_633_2 : p_0_0_0940_115091521_lcssa1557_i | {1 }
	Port: DebayerRatBorBatR_Pipeline_VITIS_LOOP_633_2 : p_0_2_0_0_09151518_lcssa1555_i | {1 }
	Port: DebayerRatBorBatR_Pipeline_VITIS_LOOP_633_2 : p_0_1_0_0_09141516_lcssa1553_i | {1 }
	Port: DebayerRatBorBatR_Pipeline_VITIS_LOOP_633_2 : p_0_0_0_0_09131514_lcssa1551_i | {1 }
	Port: DebayerRatBorBatR_Pipeline_VITIS_LOOP_633_2 : p_0_0_0938_21453_lcssa1485_i | {1 }
	Port: DebayerRatBorBatR_Pipeline_VITIS_LOOP_633_2 : p_0_0_0939_21450_lcssa1483_i | {1 }
	Port: DebayerRatBorBatR_Pipeline_VITIS_LOOP_633_2 : p_0_0_0940_21447_lcssa1481_i | {1 }
	Port: DebayerRatBorBatR_Pipeline_VITIS_LOOP_633_2 : p_0_0_09381423_lcssa1473_i | {1 }
	Port: DebayerRatBorBatR_Pipeline_VITIS_LOOP_633_2 : p_0_0_09391420_lcssa1471_i | {1 }
	Port: DebayerRatBorBatR_Pipeline_VITIS_LOOP_633_2 : p_0_0_09401417_lcssa1469_i | {1 }
	Port: DebayerRatBorBatR_Pipeline_VITIS_LOOP_633_2 : xor_ln772 | {1 }
	Port: DebayerRatBorBatR_Pipeline_VITIS_LOOP_633_2 : trunc_ln | {1 }
	Port: DebayerRatBorBatR_Pipeline_VITIS_LOOP_633_2 : y | {1 }
	Port: DebayerRatBorBatR_Pipeline_VITIS_LOOP_633_2 : height_val4_load | {1 }
	Port: DebayerRatBorBatR_Pipeline_VITIS_LOOP_633_2 : loopWidth | {1 }
	Port: DebayerRatBorBatR_Pipeline_VITIS_LOOP_633_2 : empty | {1 }
	Port: DebayerRatBorBatR_Pipeline_VITIS_LOOP_633_2 : xor_ln772_1 | {1 }
	Port: DebayerRatBorBatR_Pipeline_VITIS_LOOP_633_2 : width_val8_load | {1 }
	Port: DebayerRatBorBatR_Pipeline_VITIS_LOOP_633_2 : imgG | {2 }
  - Chain level:
	State 1
		red : 1
		store_ln603 : 1
		z : 1
		icmp_ln633 : 2
		x_5 : 2
		br_ln633 : 3
		trunc_ln633 : 2
		zext_ln633 : 3
		icmp_ln643 : 2
		br_ln643 : 3
		lineBuffer_addr : 4
		LineBufVal : 5
		lineBuffer_1_addr : 4
		LineBufVal_1 : 5
		br_ln664 : 1
		icmp_ln710 : 2
		xor_ln772_2 : 3
		xor_ln772_3 : 3
		zext_ln772_1 : 3
		icmp_ln772 : 4
		br_ln772 : 5
		icmp_ln833 : 2
		and_ln833 : 3
		br_ln833 : 3
		store_ln603 : 3
	State 2
		trunc_ln654 : 1
		tmp_6_i : 1
		tmp_7_i : 1
		trunc_ln654_1 : 1
		tmp_9_i : 1
		tmp_i : 1
		p_0_0_0939_21499_ph_i : 1
		store_ln666 : 2
		store_ln654 : 2
	State 3
		select_ln710_1 : 1
		select_ln710_4 : 1
		select_ln710_10 : 1
		select_ln728 : 1
		select_ln728_2 : 1
		LineBufVal_2 : 2
		store_ln740 : 3
		downleft_1 : 2
		p_0_0_0939_21450_i : 1
		pix_3 : 2
		upleft_1 : 2
		p_0_0_09391420_i : 1
		zext_ln790 : 3
		zext_ln790_1 : 3
		sub_ln790 : 4
		trunc_ln61 : 5
		tmp_1 : 5
		sub_ln61 : 6
		agdiff : 7
		zext_ln791 : 3
		sub_ln791 : 4
		trunc_ln61_1 : 5
		tmp_2 : 5
		sub_ln61_1 : 6
		agdiff_1 : 7
		zext_ln792 : 1
		sub_ln792 : 4
		trunc_ln61_2 : 5
		tmp_3 : 5
		sub_ln61_2 : 6
		agdiff_2 : 7
		zext_ln793 : 1
		sub_ln793 : 4
		trunc_ln61_3 : 5
		tmp_4 : 5
		sub_ln61_3 : 6
		agdiff_3 : 7
		store_ln710 : 2
		store_ln710 : 2
	State 4
		select_ln710 : 1
		select_ln710_2 : 1
		select_ln710_3 : 1
		select_ln710_5 : 1
		select_ln710_6 : 1
		select_ln710_8 : 1
		select_ln710_9 : 1
		select_ln710_11 : 1
		select_ln710_12 : 1
		select_ln710_14 : 1
		downleft_2 : 2
		downleft : 2
		p_0_0_0938_21453_i : 2
		p_0_0_0940_21447_i : 2
		upleft_2 : 2
		upleft : 2
		p_0_0_09381423_i : 2
		p_0_0_09401417_i : 2
		zext_ln769 : 1
		or_ln : 1
		enable_1 : 2
		zext_ln769_1 : 3
		enable_2 : 3
		enable_3 : 4
		zext_ln769_2 : 5
		or_ln1 : 5
		enable_4 : 6
		zext_ln769_3 : 7
		enable_5 : 7
		enable_6 : 8
		zext_ln769_4 : 9
		or_ln2 : 9
		enable_7 : 10
		select_ln817 : 3
		zext_ln817 : 4
		sub_ln817 : 5
		select_ln818 : 3
		zext_ln818 : 4
		sub_ln818 : 5
		store_ln710 : 3
		store_ln710 : 3
		store_ln710 : 3
		store_ln710 : 3
	State 5
		en_rgd_3 : 1
		en_rgd_2 : 1
		en_rgd_1 : 1
		en_rgd : 1
		select_ln817_1 : 2
		and_ln817 : 3
		sext_ln818 : 3
		select_ln818_1 : 2
		and_ln818 : 3
		sext_ln817 : 3
		add_ln817 : 4
		select_ln819 : 1
		zext_ln819 : 2
		sub_ln819 : 3
		select_ln819_1 : 2
		and_ln819 : 4
		sext_ln818_1 : 5
		sext_ln820_1 : 4
		select_ln820 : 1
		zext_ln820 : 2
		sub_ln820 : 3
		select_ln820_2 : 2
		and_ln820 : 4
		sext_ln820 : 4
		add_ln820_1 : 5
		sext_ln820_2 : 6
		add_ln820 : 7
	State 6
		zext_ln788 : 1
		trunc_ln820_1 : 1
		sub_ln820_2 : 2
		select_ln820_1 : 3
		CV : 4
		r : 5
		b : 5
	State 7
		r_1 : 1
		b_1 : 1
		tmp_6 : 2
		tmp_7 : 2
		icmp_ln827 : 3
		trunc_ln827 : 2
		xor_ln827 : 3
		select_ln827_1 : 3
		or_ln827 : 4
		select_ln827 : 4
		tmp_8 : 2
		tmp_9 : 2
		icmp_ln829 : 3
		trunc_ln829 : 2
		xor_ln829 : 3
		select_ln829_1 : 3
		or_ln829 : 4
		select_ln829 : 4
		or_ln835_3_i : 5
		write_ln835 : 6


============================================================
+ Verbose Summary: Datapath Resource usage 
============================================================

* Functional unit list:
|----------|---------------------------------------------------|---------|---------|
| Operation|                  Functional Unit                  |    FF   |   LUT   |
|----------|---------------------------------------------------|---------|---------|
|          |               select_ln710_1_fu_1044              |    0    |    10   |
|          |               select_ln710_4_fu_1051              |    0    |    10   |
|          |               select_ln710_7_fu_1058              |    0    |    10   |
|          |              select_ln710_10_fu_1064              |    0    |    10   |
|          |              select_ln710_13_fu_1072              |    0    |    10   |
|          |                select_ln728_fu_1079               |    0    |    10   |
|          |               select_ln728_1_fu_1085              |    0    |    10   |
|          |               select_ln728_2_fu_1091              |    0    |    10   |
|          |                   agdiff_fu_1150                  |    0    |    10   |
|          |                  agdiff_1_fu_1186                 |    0    |    10   |
|          |                  agdiff_2_fu_1222                 |    0    |    10   |
|          |                  agdiff_3_fu_1258                 |    0    |    10   |
|          |                select_ln710_fu_1314               |    0    |    10   |
|          |               select_ln710_2_fu_1320              |    0    |    10   |
|          |               select_ln710_3_fu_1326              |    0    |    10   |
|          |               select_ln710_5_fu_1333              |    0    |    10   |
|          |               select_ln710_6_fu_1340              |    0    |    10   |
|          |               select_ln710_8_fu_1347              |    0    |    10   |
|          |               select_ln710_9_fu_1354              |    0    |    10   |
|          |              select_ln710_11_fu_1362              |    0    |    10   |
|          |              select_ln710_12_fu_1370              |    0    |    10   |
|  select  |              select_ln710_14_fu_1378              |    0    |    10   |
|          |                  enable_1_fu_1432                 |    0    |    2    |
|          |                  enable_3_fu_1456                 |    0    |    3    |
|          |                  enable_4_fu_1480                 |    0    |    4    |
|          |                  enable_6_fu_1504                 |    0    |    5    |
|          |                  enable_7_fu_1528                 |    0    |    6    |
|          |                select_ln817_fu_1536               |    0    |    10   |
|          |                select_ln818_fu_1552               |    0    |    10   |
|          |               select_ln817_1_fu_1655              |    0    |    2    |
|          |               select_ln818_1_fu_1672              |    0    |    2    |
|          |                select_ln819_fu_1695               |    0    |    10   |
|          |               select_ln819_1_fu_1711              |    0    |    2    |
|          |                select_ln820_fu_1733               |    0    |    10   |
|          |               select_ln820_2_fu_1749              |    0    |    2    |
|          |                     CH_fu_1783                    |    0    |    10   |
|          |               select_ln820_1_fu_1831              |    0    |    12   |
|          |                     r_fu_1849                     |    0    |    12   |
|          |                     b_fu_1856                     |    0    |    12   |
|          |               select_ln827_1_fu_1907              |    0    |    2    |
|          |                select_ln827_fu_1921               |    0    |    10   |
|          |               select_ln829_1_fu_1963              |    0    |    2    |
|          |                select_ln829_fu_1977               |    0    |    10   |
|----------|---------------------------------------------------|---------|---------|
|          |                     red_fu_776                    |    0    |    20   |
|          |                 icmp_ln664_fu_782                 |    0    |    12   |
|          |                 icmp_ln728_fu_788                 |    0    |    12   |
|          |                 icmp_ln633_fu_877                 |    0    |    12   |
|          |                 icmp_ln643_fu_899                 |    0    |    12   |
|          |                 icmp_ln710_fu_905                 |    0    |    12   |
|          |                 icmp_ln772_fu_927                 |    0    |    20   |
|   icmp   |                 icmp_ln833_fu_933                 |    0    |    12   |
|          |                   enable_fu_1412                  |    0    |    13   |
|          |                 icmp_ln796_fu_1420                |    0    |    13   |
|          |                 icmp_ln797_fu_1444                |    0    |    13   |
|          |                 icmp_ln798_fu_1468                |    0    |    13   |
|          |                 icmp_ln799_fu_1492                |    0    |    13   |
|          |                 icmp_ln800_fu_1516                |    0    |    13   |
|          |                 icmp_ln827_fu_1891                |    0    |    10   |
|          |                 icmp_ln829_fu_1947                |    0    |    10   |
|----------|---------------------------------------------------|---------|---------|
|          |                 sub_ln790_fu_1126                 |    0    |    13   |
|          |                  sub_ln61_fu_1144                 |    0    |    13   |
|          |                 sub_ln791_fu_1162                 |    0    |    13   |
|          |                 sub_ln61_1_fu_1180                |    0    |    13   |
|          |                 sub_ln792_fu_1198                 |    0    |    13   |
|          |                 sub_ln61_2_fu_1216                |    0    |    13   |
|          |                 sub_ln793_fu_1234                 |    0    |    13   |
|    sub   |                 sub_ln61_3_fu_1252                |    0    |    13   |
|          |                 sub_ln817_fu_1547                 |    0    |    13   |
|          |                 sub_ln818_fu_1563                 |    0    |    13   |
|          |                 sub_ln819_fu_1706                 |    0    |    13   |
|          |                 sub_ln820_fu_1744                 |    0    |    13   |
|          |                sub_ln820_1_fu_1801                |    0    |    14   |
|          |                sub_ln820_2_fu_1816                |    0    |    12   |
|          |                     CV_fu_1843                    |    0    |    12   |
|----------|---------------------------------------------------|---------|---------|
|          |                     x_5_fu_883                    |    0    |    12   |
|    add   |                 add_ln817_fu_1689                 |    0    |    12   |
|          |                add_ln820_1_fu_1767                |    0    |    12   |
|          |                 add_ln820_fu_1777                 |    0    |    12   |
|----------|---------------------------------------------------|---------|---------|
|          |                  and_ln833_fu_939                 |    0    |    2    |
|          |                 and_ln817_fu_1663                 |    0    |    11   |
|    and   |                 and_ln818_fu_1680                 |    0    |    11   |
|          |                 and_ln819_fu_1719                 |    0    |    11   |
|          |                 and_ln820_fu_1757                 |    0    |    11   |
|----------|---------------------------------------------------|---------|---------|
|          |                 xor_ln772_2_fu_911                |    0    |    2    |
|    xor   |                 xor_ln772_3_fu_917                |    0    |    2    |
|          |                 xor_ln827_fu_1901                 |    0    |    2    |
|          |                 xor_ln829_fu_1957                 |    0    |    2    |
|----------|---------------------------------------------------|---------|---------|
|    or    |                  or_ln827_fu_1915                 |    0    |    2    |
|          |                  or_ln829_fu_1971                 |    0    |    2    |
|----------|---------------------------------------------------|---------|---------|
|          |          width_val8_load_read_read_fu_296         |    0    |    0    |
|          |            xor_ln772_1_read_read_fu_302           |    0    |    0    |
|          |                  tmp_read_fu_308                  |    0    |    0    |
|          |             loopWidth_read_read_fu_314            |    0    |    0    |
|          |         height_val4_load_read_read_fu_320         |    0    |    0    |
|          |                 y_read_read_fu_326                |    0    |    0    |
|          |             trunc_ln_read_read_fu_332             |    0    |    0    |
|          |             xor_ln772_read_read_fu_338            |    0    |    0    |
|          |    p_0_0_09401417_lcssa1469_i_read_read_fu_344    |    0    |    0    |
|          |    p_0_0_09391420_lcssa1471_i_read_read_fu_350    |    0    |    0    |
|          |    p_0_0_09381423_lcssa1473_i_read_read_fu_356    |    0    |    0    |
|   read   |   p_0_0_0940_21447_lcssa1481_i_read_read_fu_362   |    0    |    0    |
|          |   p_0_0_0939_21450_lcssa1483_i_read_read_fu_368   |    0    |    0    |
|          |   p_0_0_0938_21453_lcssa1485_i_read_read_fu_374   |    0    |    0    |
|          |  p_0_0_0_0_09131514_lcssa1551_i_read_read_fu_380  |    0    |    0    |
|          |  p_0_1_0_0_09141516_lcssa1553_i_read_read_fu_386  |    0    |    0    |
|          |  p_0_2_0_0_09151518_lcssa1555_i_read_read_fu_392  |    0    |    0    |
|          | p_0_0_0940_115091521_lcssa1557_i_read_read_fu_398 |    0    |    0    |
|          | p_0_0_0939_115111523_lcssa1559_i_read_read_fu_404 |    0    |    0    |
|          | p_0_0_0938_115131525_lcssa1561_i_read_read_fu_410 |    0    |    0    |
|          |  p_0_0_0_0_09071526_lcssa1563_i_read_read_fu_416  |    0    |    0    |
|          |  p_0_1_0_0_09081528_lcssa1565_i_read_read_fu_422  |    0    |    0    |
|          |  p_0_2_0_0_09091530_lcssa1567_i_read_read_fu_428  |    0    |    0    |
|          |                 InPix_read_fu_434                 |    0    |    0    |
|----------|---------------------------------------------------|---------|---------|
|   write  |              write_ln835_write_fu_440             |    0    |    0    |
|----------|---------------------------------------------------|---------|---------|
|          |                 zext_ln772_fu_772                 |    0    |    0    |
|          |                 zext_ln633_fu_893                 |    0    |    0    |
|          |                zext_ln772_1_fu_923                |    0    |    0    |
|          |                 zext_ln790_fu_1118                |    0    |    0    |
|          |                zext_ln790_1_fu_1122               |    0    |    0    |
|          |                 zext_ln791_fu_1158                |    0    |    0    |
|          |                 zext_ln792_fu_1194                |    0    |    0    |
|          |                 zext_ln793_fu_1230                |    0    |    0    |
|          |                 zext_ln769_fu_1416                |    0    |    0    |
|          |                zext_ln769_1_fu_1440               |    0    |    0    |
|   zext   |                zext_ln769_2_fu_1464               |    0    |    0    |
|          |                zext_ln769_3_fu_1488               |    0    |    0    |
|          |                zext_ln769_4_fu_1512               |    0    |    0    |
|          |                 zext_ln817_fu_1543                |    0    |    0    |
|          |                 zext_ln818_fu_1559                |    0    |    0    |
|          |                 zext_ln819_fu_1702                |    0    |    0    |
|          |                 zext_ln820_fu_1740                |    0    |    0    |
|          |                 zext_ln788_fu_1790                |    0    |    0    |
|          |                zext_ln817_1_fu_1839               |    0    |    0    |
|          |                 zext_ln763_fu_1863                |    0    |    0    |
|          |                 zext_ln765_fu_1868                |    0    |    0    |
|----------|---------------------------------------------------|---------|---------|
|          |                 trunc_ln633_fu_889                |    0    |    0    |
|          |                 trunc_ln654_fu_956                |    0    |    0    |
|          |                trunc_ln654_1_fu_977               |    0    |    0    |
|          |                 trunc_ln666_fu_997                |    0    |    0    |
|   trunc  |                 trunc_ln61_fu_1132                |    0    |    0    |
|          |                trunc_ln61_1_fu_1168               |    0    |    0    |
|          |                trunc_ln61_2_fu_1204               |    0    |    0    |
|          |                trunc_ln61_3_fu_1240               |    0    |    0    |
|          |                trunc_ln827_fu_1897                |    0    |    0    |
|          |                trunc_ln829_fu_1953                |    0    |    0    |
|----------|---------------------------------------------------|---------|---------|
|          |                   tmp_6_i_fu_960                  |    0    |    0    |
|          |                   tmp_7_i_fu_969                  |    0    |    0    |
|          |                   tmp_9_i_fu_981                  |    0    |    0    |
|          |                    tmp_i_fu_989                   |    0    |    0    |
|partselect|               trunc_ln666_2_fu_1001               |    0    |    0    |
|          |               trunc_ln666_3_fu_1012               |    0    |    0    |
|          |               trunc_ln820_1_fu_1806               |    0    |    0    |
|          |               trunc_ln820_2_fu_1822               |    0    |    0    |
|          |                   tmp_7_fu_1881                   |    0    |    0    |
|          |                   tmp_9_fu_1937                   |    0    |    0    |
|----------|---------------------------------------------------|---------|---------|
|          |                LineBufVal_2_fu_1097               |    0    |    0    |
|          |                   or_ln_fu_1424                   |    0    |    0    |
|          |                  enable_2_fu_1448                 |    0    |    0    |
|bitconcatenate|                   or_ln1_fu_1472                  |    0    |    0    |
|          |                  enable_5_fu_1496                 |    0    |    0    |
|          |                   or_ln2_fu_1520                  |    0    |    0    |
|          |                or_ln835_3_i_fu_1985               |    0    |    0    |
|----------|---------------------------------------------------|---------|---------|
|          |                   tmp_1_fu_1136                   |    0    |    0    |
|          |                   tmp_2_fu_1172                   |    0    |    0    |
|          |                   tmp_3_fu_1208                   |    0    |    0    |
| bitselect|                   tmp_4_fu_1244                   |    0    |    0    |
|          |                   tmp_5_fu_1794                   |    0    |    0    |
|          |                   tmp_6_fu_1873                   |    0    |    0    |
|          |                   tmp_8_fu_1929                   |    0    |    0    |
|----------|---------------------------------------------------|---------|---------|
|  switch  |                switch_ln802_fu_1588               |    0    |    0    |
|----------|---------------------------------------------------|---------|---------|
|          |                 sext_ln818_fu_1668                |    0    |    0    |
|          |                 sext_ln817_fu_1685                |    0    |    0    |
|   sext   |                sext_ln818_1_fu_1725               |    0    |    0    |
|          |                sext_ln820_1_fu_1729               |    0    |    0    |
|          |                 sext_ln820_fu_1763                |    0    |    0    |
|          |                sext_ln820_2_fu_1773               |    0    |    0    |
|----------|---------------------------------------------------|---------|---------|
|   Total  |                                                   |    0    |   868   |
|----------|---------------------------------------------------|---------|---------|

Memories:
+------------+--------+--------+--------+--------+
|            |  BRAM  |   FF   |   LUT  |  URAM  |
+------------+--------+--------+--------+--------+
| lineBuffer |    4   |    0   |    0   |    0   |
|lineBuffer_1|    4   |    0   |    0   |    0   |
+------------+--------+--------+--------+--------+
|    Total   |    8   |    0   |    0   |    0   |
+------------+--------+--------+--------+--------+

* Register list:
+------------------------------------+--------+
|                                    |   FF   |
+------------------------------------+--------+
|         add_ln820_reg_2465         |   13   |
|          agdiff_1_reg_2357         |   10   |
|          agdiff_2_reg_2369         |   10   |
|          agdiff_3_reg_2381         |   10   |
|           agdiff_reg_2345          |   10   |
|         and_ln833_reg_2254         |    1   |
|             b_1_reg_763            |   12   |
|             b_reg_2477             |   12   |
|         downleft_1_reg_512         |   10   |
|         downleft_2_reg_558         |   10   |
|          downleft_reg_567          |   10   |
|          en_rgd_1_reg_702          |    1   |
|          en_rgd_2_reg_676          |    1   |
|          en_rgd_3_reg_650          |    1   |
|           en_rgd_reg_728           |    1   |
|          enable_7_reg_2450         |    6   |
|         icmp_ln633_reg_2211        |    1   |
|         icmp_ln643_reg_2215        |    1   |
|         icmp_ln664_reg_2200        |    1   |
|         icmp_ln710_reg_2231        |    1   |
|         icmp_ln728_reg_2204        |    1   |
|         icmp_ln772_reg_2250        |    1   |
|     lineBuffer_1_addr_reg_2225     |   11   |
|      lineBuffer_addr_reg_2219      |   11   |
|   p_0_0_09381422_i_load_reg_2425   |   10   |
|      p_0_0_09381422_i_reg_2161     |   10   |
|      p_0_0_09381423_i_reg_612      |   10   |
|p_0_0_0938_115131524_i_load_reg_2404|   10   |
|   p_0_0_0938_115131524_i_reg_2116  |   10   |
|  p_0_0_0938_21452_i_load_reg_2435  |   10   |
|     p_0_0_0938_21452_i_reg_2182    |   10   |
|     p_0_0_0938_21453_i_reg_576     |   10   |
|    p_0_0_0938_21501_ph_i_reg_492   |   10   |
|   p_0_0_09391419_i_load_reg_2330   |   10   |
|      p_0_0_09391419_i_reg_2154     |   10   |
|      p_0_0_09391420_i_reg_549      |   10   |
|p_0_0_0939_115111522_i_load_reg_2325|   10   |
|   p_0_0_0939_115111522_i_reg_2109  |   10   |
|  p_0_0_0939_21449_i_load_reg_2335  |   10   |
|     p_0_0_0939_21449_i_reg_2175    |   10   |
|     p_0_0_0939_21450_i_reg_521     |   10   |
|    p_0_0_0939_21499_ph_i_reg_482   |   10   |
|   p_0_0_09401416_i_load_reg_2420   |   10   |
|      p_0_0_09401416_i_reg_2147     |   10   |
|      p_0_0_09401417_i_reg_621      |   10   |
|p_0_0_0940_115091520_i_load_reg_2398|   10   |
|   p_0_0_0940_115091520_i_reg_2102  |   10   |
|  p_0_0_0940_21446_i_load_reg_2430  |   10   |
|     p_0_0_0940_21446_i_reg_2168    |   10   |
|     p_0_0_0940_21447_i_reg_585     |   10   |
|    p_0_0_0940_21497_ph_i_reg_502   |   10   |
| p_0_0_0_0_09071527_i_load_reg_2410 |   10   |
|    p_0_0_0_0_09071527_i_reg_2123   |   10   |
| p_0_0_0_0_09131515_i_load_reg_2388 |   10   |
|    p_0_0_0_0_09131515_i_reg_2078   |   10   |
| p_0_1_0_0_09081529_i_load_reg_2265 |   10   |
|    p_0_1_0_0_09081529_i_reg_2131   |   10   |
| p_0_1_0_0_09141517_i_load_reg_2258 |   10   |
|    p_0_1_0_0_09141517_i_reg_2086   |   10   |
| p_0_2_0_0_09091531_i_load_reg_2415 |   10   |
|    p_0_2_0_0_09091531_i_reg_2139   |   10   |
| p_0_2_0_0_09151519_i_load_reg_2393 |   10   |
|    p_0_2_0_0_09151519_i_reg_2094   |   10   |
|            pix_3_reg_530           |   10   |
|            pix_4_reg_630           |   10   |
|             pix_reg_640            |   10   |
|             r_1_reg_754            |   12   |
|             r_reg_2472             |   12   |
|            red_reg_2189            |    1   |
|       select_ln710_2_reg_2445      |   10   |
|        select_ln710_reg_2440       |   10   |
|         sub_ln817_reg_2455         |   11   |
|         sub_ln818_reg_2460         |   11   |
|          tmp_6_i_reg_2280          |   10   |
|          tmp_7_i_reg_2287          |   10   |
|          tmp_9_i_reg_2302          |   10   |
|           tmp_i_reg_2308           |   10   |
|       trunc_ln654_1_reg_2295       |   10   |
|        trunc_ln654_reg_2272        |   10   |
|       trunc_ln666_3_reg_2320       |   10   |
|        trunc_ln666_reg_2315        |   10   |
|          upleft_1_reg_540          |   10   |
|          upleft_2_reg_594          |   10   |
|           upleft_reg_603           |   10   |
|             x_reg_2071             |   11   |
|        zext_ln790_1_reg_2340       |   11   |
|         zext_ln791_reg_2352        |   11   |
|         zext_ln792_reg_2364        |   11   |
|         zext_ln793_reg_2376        |   11   |
+------------------------------------+--------+
|                Total               |   798  |
+------------------------------------+--------+

* Multiplexer (MUX) list: 
|-------------------|------|------|------|--------||---------||---------||---------|
|        Comp       |  Pin | Size |  BW  | S x BW ||  Delay  ||    FF   ||   LUT   |
|-------------------|------|------|------|--------||---------||---------||---------|
| grp_access_fu_454 |  p2  |   2  |   0  |    0   ||    0    ||    9    |
| grp_access_fu_471 |  p2  |   2  |   0  |    0   ||    0    ||    9    |
|-------------------|------|------|------|--------||---------||---------||---------|
|       Total       |      |      |      |    0   ||  3.176  ||    0    ||    18   |
|-------------------|------|------|------|--------||---------||---------||---------|



* Summary:
+-----------+--------+--------+--------+--------+--------+
|           |  BRAM  |  Delay |   FF   |   LUT  |  URAM  |
+-----------+--------+--------+--------+--------+--------+
|  Function |    -   |    -   |    0   |   868  |    -   |
|   Memory  |    8   |    -   |    0   |    0   |    0   |
|Multiplexer|    -   |    3   |    0   |   18   |    -   |
|  Register |    -   |    -   |   798  |    -   |    -   |
+-----------+--------+--------+--------+--------+--------+
|   Total   |    8   |    3   |   798  |   886  |    0   |
+-----------+--------+--------+--------+--------+--------+
