

================================================================
== Vitis HLS Report for 'DebayerG_Pipeline_VITIS_LOOP_318_4'
================================================================
* Date:           Mon Sep 21 19:19:14 2026

* Version:        2025.2 (Build 6295257 on Nov 14 2025)
* Project:        prj
* Solution:       sol (Vivado IP Flow Target)
* Product family: zynq
* Target device:  xc7z020-clg400-1


================================================================
== Performance Estimates
================================================================
+ Timing: 
    * Summary: 
    +--------+----------+----------+------------+
    |  Clock |  Target  | Estimated| Uncertainty|
    +--------+----------+----------+------------+
    |ap_clk  |  10.00 ns|  7.282 ns|     2.70 ns|
    +--------+----------+----------+------------+

+ Latency: 
    * Summary: 
    +---------+---------+----------+----------+-----+-----+-------------------+
    |  Latency (cycles) |  Latency (absolute) |  Interval |      Pipeline     |
    |   min   |   max   |    min   |    max   | min | max |        Type       |
    +---------+---------+----------+----------+-----+-----+-------------------+
    |       17|    65552|  0.170 us|  0.656 ms|    0|    0|  loop pipeline stp|
    +---------+---------+----------+----------+-----+-----+-------------------+

    + Detail: 
        * Instance: 
        N/A

        * Loop: 
        +--------------------+---------+---------+----------+-----------+-----------+-----------+----------+
        |                    |  Latency (cycles) | Iteration|  Initiation Interval  |    Trip   |          |
        |      Loop Name     |   min   |   max   |  Latency |  achieved |   target  |   Count   | Pipelined|
        +--------------------+---------+---------+----------+-----------+-----------+-----------+----------+
        |- VITIS_LOOP_318_4  |       15|    65550|        15|          1|          1|  2 ~ 65537|       yes|
        +--------------------+---------+---------+----------+-----------+-----------+-----------+----------+



================================================================
== Utilization Estimates
================================================================
* Summary: 
+-----------------+---------+-----+--------+-------+-----+
|       Name      | BRAM_18K| DSP |   FF   |  LUT  | URAM|
+-----------------+---------+-----+--------+-------+-----+
|DSP              |        -|    2|       -|      -|    -|
|Expression       |        -|    -|       0|   2382|    -|
|FIFO             |        -|    -|       -|      -|    -|
|Instance         |        -|    6|       0|     36|    -|
|Memory           |       14|    -|       0|      0|    0|
|Multiplexer      |        -|    -|       0|    576|    -|
|Register         |        -|    -|    3529|   1056|    -|
+-----------------+---------+-----+--------+-------+-----+
|Total            |       14|    8|    3529|   4050|    0|
+-----------------+---------+-----+--------+-------+-----+
|Available        |      280|  220|  106400|  53200|    0|
+-----------------+---------+-----+--------+-------+-----+
|Utilization (%)  |        5|    3|       3|      7|    0|
+-----------------+---------+-----+--------+-------+-----+

+ Detail: 
    * Instance: 
    +-------------------------+---------------------+---------+----+---+----+-----+
    |         Instance        |        Module       | BRAM_18K| DSP| FF| LUT| URAM|
    +-------------------------+---------------------+---------+----+---+----+-----+
    |mul_14s_10ns_24_1_1_U60  |mul_14s_10ns_24_1_1  |        0|   1|  0|   6|    0|
    |mul_14s_10ns_24_1_1_U61  |mul_14s_10ns_24_1_1  |        0|   1|  0|   6|    0|
    |mul_18s_8ns_18_1_1_U57   |mul_18s_8ns_18_1_1   |        0|   1|  0|   6|    0|
    |mul_18s_8ns_18_1_1_U58   |mul_18s_8ns_18_1_1   |        0|   1|  0|   6|    0|
    |mul_18s_9ns_18_1_1_U56   |mul_18s_9ns_18_1_1   |        0|   1|  0|   6|    0|
    |mul_18s_9ns_18_1_1_U59   |mul_18s_9ns_18_1_1   |        0|   1|  0|   6|    0|
    +-------------------------+---------------------+---------+----+---+----+-----+
    |Total                    |                     |        0|   6|  0|  36|    0|
    +-------------------------+---------------------+---------+----+---+----+-----+

    * DSP: 
    +------------------------------------+--------------------------------+--------------+
    |              Instance              |             Module             |  Expression  |
    +------------------------------------+--------------------------------+--------------+
    |mac_muladd_14s_10ns_24s_25_4_1_U62  |mac_muladd_14s_10ns_24s_25_4_1  |  i0 + i1 * i2|
    |mac_muladd_14s_10ns_24s_25_4_1_U63  |mac_muladd_14s_10ns_24s_25_4_1  |  i0 + i1 * i2|
    +------------------------------------+--------------------------------+--------------+

    * Memory: 
    +-----------------+----------------------------------------------------------------+---------+---+----+-----+------+-----+------+-------------+
    |      Memory     |                             Module                             | BRAM_18K| FF| LUT| URAM| Words| Bits| Banks| W*Bits*Banks|
    +-----------------+----------------------------------------------------------------+---------+---+----+-----+------+-----+------+-------------+
    |DIV1_TABLE_U     |DebayerG_Pipeline_VITIS_LOOP_318_4_DIV1_TABLE_ROM_AUTO_1R       |        2|  0|   0|    0|  1024|   10|     1|        10240|
    |DIV2_TABLE_U     |DebayerG_Pipeline_VITIS_LOOP_318_4_DIV2_TABLE_ROM_AUTO_1R       |        4|  0|   0|    0|  4096|   18|     1|        73728|
    |linebuf_yuv_3_U  |DebayerG_Pipeline_VITIS_LOOP_318_4_linebuf_yuv_3_RAM_AUTO_1R1W  |        2|  0|   0|    0|  1921|   10|     1|        19210|
    |linebuf_yuv_2_U  |DebayerG_Pipeline_VITIS_LOOP_318_4_linebuf_yuv_3_RAM_AUTO_1R1W  |        2|  0|   0|    0|  1921|   10|     1|        19210|
    |linebuf_yuv_1_U  |DebayerG_Pipeline_VITIS_LOOP_318_4_linebuf_yuv_3_RAM_AUTO_1R1W  |        2|  0|   0|    0|  1921|   10|     1|        19210|
    |linebuf_yuv_U    |DebayerG_Pipeline_VITIS_LOOP_318_4_linebuf_yuv_3_RAM_AUTO_1R1W  |        2|  0|   0|    0|  1921|   10|     1|        19210|
    +-----------------+----------------------------------------------------------------+---------+---+----+-----+------+-----+------+-------------+
    |Total            |                                                                |       14|  0|   0|    0| 12804|   68|     6|       160808|
    +-----------------+----------------------------------------------------------------+---------+---+----+-----+------+-----+------+-------------+

    * FIFO: 
    N/A

    * Expression: 
    +------------------------------------+----------+----+---+----+------------+------------+
    |            Variable Name           | Operation| DSP| FF| LUT| Bitwidth P0| Bitwidth P1|
    +------------------------------------+----------+----+---+----+------------+------------+
    |add_ln451_fu_1395_p2                |         +|   0|  0|  12|          11|          11|
    |add_ln453_fu_1455_p2                |         +|   0|  0|  12|          11|          11|
    |add_ln455_fu_1523_p2                |         +|   0|  0|  12|          11|          11|
    |add_ln457_fu_1579_p2                |         +|   0|  0|  12|          11|          11|
    |add_ln458_fu_1611_p2                |         +|   0|  0|  12|          11|          11|
    |add_ln459_fu_1639_p2                |         +|   0|  0|  12|          11|          11|
    |add_ln460_fu_1671_p2                |         +|   0|  0|  12|          11|          11|
    |add_ln461_fu_1699_p2                |         +|   0|  0|  12|          11|          11|
    |add_ln465_1_fu_1812_p2              |         +|   0|  0|  14|          13|          13|
    |add_ln465_fu_1802_p2                |         +|   0|  0|  14|          13|          13|
    |add_ln466_1_fu_1854_p2              |         +|   0|  0|  14|          13|          13|
    |add_ln466_fu_1844_p2                |         +|   0|  0|  14|          13|          13|
    |add_ln467_fu_1880_p2                |         +|   0|  0|  14|          13|          13|
    |add_ln468_1_fu_1916_p2              |         +|   0|  0|  14|          13|          13|
    |add_ln468_fu_1906_p2                |         +|   0|  0|  14|          13|          13|
    |add_ln476_1_fu_2465_p2              |         +|   0|  0|  14|          13|          13|
    |add_ln476_2_fu_2475_p2              |         +|   0|  0|  17|          14|          14|
    |add_ln476_fu_2455_p2                |         +|   0|  0|  14|          13|          13|
    |add_ln477_1_fu_2660_p2              |         +|   0|  0|  14|          13|          13|
    |add_ln477_2_fu_2670_p2              |         +|   0|  0|  17|          14|          14|
    |add_ln477_fu_2650_p2                |         +|   0|  0|  14|          13|          13|
    |add_ln478_1_fu_2855_p2              |         +|   0|  0|  14|          13|          13|
    |add_ln478_2_fu_2865_p2              |         +|   0|  0|  17|          14|          14|
    |add_ln478_fu_2845_p2                |         +|   0|  0|  14|          13|          13|
    |add_ln479_1_fu_3050_p2              |         +|   0|  0|  14|          13|          13|
    |add_ln479_2_fu_3060_p2              |         +|   0|  0|  17|          14|          14|
    |add_ln479_fu_3040_p2                |         +|   0|  0|  14|          13|          13|
    |add_ln483_fu_2196_p2                |         +|   0|  0|  12|          11|          11|
    |add_ln484_fu_2280_p2                |         +|   0|  0|  12|          11|          11|
    |add_ln492_1_fu_3092_p2              |         +|   0|  0|  14|          13|          13|
    |add_ln492_2_fu_3112_p2              |         +|   0|  0|  12|          11|           1|
    |add_ln492_3_fu_3122_p2              |         +|   0|  0|  14|          13|          13|
    |add_ln492_4_fu_3142_p2              |         +|   0|  0|  14|          13|          13|
    |add_ln492_5_fu_3162_p2              |         +|   0|  0|  14|          13|          13|
    |add_ln492_fu_3082_p2                |         +|   0|  0|  12|          11|           1|
    |add_ln495_1_fu_3245_p2              |         +|   0|  0|  13|          10|          10|
    |add_ln495_fu_3230_p2                |         +|   0|  0|  14|           9|           9|
    |add_ln504_2_fu_3388_p2              |         +|   0|  0|  33|          26|          26|
    |ave_1_fu_1864_p2                    |         +|   0|  0|  17|          14|          14|
    |ave_2_fu_1890_p2                    |         +|   0|  0|  17|          14|          14|
    |ave_3_fu_1926_p2                    |         +|   0|  0|  17|          14|          14|
    |ave_fu_1822_p2                      |         +|   0|  0|  17|          14|          14|
    |g_fu_3451_p2                        |         +|   0|  0|  17|          14|          14|
    |out_x_fu_1003_p2                    |         +|   0|  0|  24|          17|           3|
    |sw_1_fu_3255_p2                     |         +|   0|  0|  12|          11|          11|
    |x_11_fu_989_p2                      |         +|   0|  0|  24|          17|           1|
    |K_10_fu_1681_p2                     |         -|   0|  0|  12|          12|          12|
    |K_11_fu_1709_p2                     |         -|   0|  0|  12|          12|          12|
    |K_1_fu_1405_p2                      |         -|   0|  0|  12|          12|          12|
    |K_2_fu_1437_p2                      |         -|   0|  0|  12|          12|          12|
    |K_3_fu_1465_p2                      |         -|   0|  0|  12|          12|          12|
    |K_4_fu_1497_p2                      |         -|   0|  0|  12|          12|          12|
    |K_5_fu_1533_p2                      |         -|   0|  0|  12|          12|          12|
    |K_6_fu_1557_p2                      |         -|   0|  0|  12|          12|          12|
    |K_7_fu_1589_p2                      |         -|   0|  0|  12|          12|          12|
    |K_8_fu_1621_p2                      |         -|   0|  0|  12|          12|          12|
    |K_9_fu_1649_p2                      |         -|   0|  0|  12|          12|          12|
    |K_fu_1369_p2                        |         -|   0|  0|  12|          12|          12|
    |sub_ln450_fu_1363_p2                |         -|   0|  0|  12|          12|          12|
    |sub_ln452_fu_1431_p2                |         -|   0|  0|  12|          12|          12|
    |sub_ln454_fu_1491_p2                |         -|   0|  0|  12|          12|          12|
    |sub_ln456_fu_1551_p2                |         -|   0|  0|  12|          12|          12|
    |sub_ln472_1_fu_1970_p2              |         -|   0|  0|  12|           1|          12|
    |sub_ln472_2_fu_1992_p2              |         -|   0|  0|  20|           1|          15|
    |sub_ln472_3_fu_2018_p2              |         -|   0|  0|  12|           1|          12|
    |sub_ln472_4_fu_2040_p2              |         -|   0|  0|  20|           1|          15|
    |sub_ln472_5_fu_2066_p2              |         -|   0|  0|  12|           1|          12|
    |sub_ln472_6_fu_2088_p2              |         -|   0|  0|  20|           1|          15|
    |sub_ln472_7_fu_2114_p2              |         -|   0|  0|  12|           1|          12|
    |sub_ln472_fu_1944_p2                |         -|   0|  0|  20|           1|          15|
    |sub_ln476_1_fu_2338_p2              |         -|   0|  0|  14|          13|          13|
    |sub_ln476_2_fu_2377_p2              |         -|   0|  0|  14|          13|          13|
    |sub_ln476_3_fu_2416_p2              |         -|   0|  0|  14|          13|          13|
    |sub_ln476_fu_2299_p2                |         -|   0|  0|  14|          13|          13|
    |sub_ln477_1_fu_2533_p2              |         -|   0|  0|  14|          13|          13|
    |sub_ln477_2_fu_2572_p2              |         -|   0|  0|  14|          13|          13|
    |sub_ln477_3_fu_2611_p2              |         -|   0|  0|  14|          13|          13|
    |sub_ln477_fu_2494_p2                |         -|   0|  0|  14|          13|          13|
    |sub_ln478_1_fu_2728_p2              |         -|   0|  0|  14|          13|          13|
    |sub_ln478_2_fu_2767_p2              |         -|   0|  0|  14|          13|          13|
    |sub_ln478_3_fu_2806_p2              |         -|   0|  0|  14|          13|          13|
    |sub_ln478_fu_2689_p2                |         -|   0|  0|  14|          13|          13|
    |sub_ln479_1_fu_2923_p2              |         -|   0|  0|  14|          13|          13|
    |sub_ln479_2_fu_2962_p2              |         -|   0|  0|  14|          13|          13|
    |sub_ln479_3_fu_3001_p2              |         -|   0|  0|  14|          13|          13|
    |sub_ln479_fu_2884_p2                |         -|   0|  0|  14|          13|          13|
    |sub_ln483_1_fu_2162_p2              |         -|   0|  0|  12|          11|          11|
    |sub_ln483_fu_2128_p2                |         -|   0|  0|  12|          11|          11|
    |sub_ln484_1_fu_2246_p2              |         -|   0|  0|  12|          11|          11|
    |sub_ln484_fu_2212_p2                |         -|   0|  0|  12|          11|          11|
    |sub_ln504_1_fu_3425_p2              |         -|   0|  0|  14|           1|          13|
    |sub_ln504_fu_3398_p2                |         -|   0|  0|  34|           1|          27|
    |sub_ln61_10_fu_2398_p2              |         -|   0|  0|  12|           1|          12|
    |sub_ln61_11_fu_2437_p2              |         -|   0|  0|  12|           1|          12|
    |sub_ln61_12_fu_2515_p2              |         -|   0|  0|  12|           1|          12|
    |sub_ln61_13_fu_2554_p2              |         -|   0|  0|  12|           1|          12|
    |sub_ln61_14_fu_2593_p2              |         -|   0|  0|  12|           1|          12|
    |sub_ln61_15_fu_2632_p2              |         -|   0|  0|  12|           1|          12|
    |sub_ln61_16_fu_2710_p2              |         -|   0|  0|  12|           1|          12|
    |sub_ln61_17_fu_2749_p2              |         -|   0|  0|  12|           1|          12|
    |sub_ln61_18_fu_2788_p2              |         -|   0|  0|  12|           1|          12|
    |sub_ln61_19_fu_2827_p2              |         -|   0|  0|  12|           1|          12|
    |sub_ln61_20_fu_2905_p2              |         -|   0|  0|  12|           1|          12|
    |sub_ln61_21_fu_2944_p2              |         -|   0|  0|  12|           1|          12|
    |sub_ln61_22_fu_2983_p2              |         -|   0|  0|  12|           1|          12|
    |sub_ln61_23_fu_3022_p2              |         -|   0|  0|  12|           1|          12|
    |sub_ln61_24_fu_2144_p2              |         -|   0|  0|  13|           1|          10|
    |sub_ln61_25_fu_2178_p2              |         -|   0|  0|  13|           1|          10|
    |sub_ln61_26_fu_2228_p2              |         -|   0|  0|  13|           1|          10|
    |sub_ln61_27_fu_2262_p2              |         -|   0|  0|  13|           1|          10|
    |sub_ln61_9_fu_2359_p2               |         -|   0|  0|  12|           1|          12|
    |sub_ln61_fu_2320_p2                 |         -|   0|  0|  12|           1|          12|
    |ap_block_pp0                        |       and|   0|  0|   2|           1|           1|
    |ap_block_state15_pp0_stage0_iter14  |       and|   0|  0|   2|           1|           1|
    |ap_block_state2_pp0_stage0_iter1    |       and|   0|  0|   2|           1|           1|
    |ap_condition_2953                   |       and|   0|  0|   2|           1|           1|
    |ap_condition_470                    |       and|   0|  0|   2|           1|           1|
    |ap_condition_84                     |       and|   0|  0|   2|           1|           1|
    |ap_condition_978                    |       and|   0|  0|   2|           1|           1|
    |ap_enable_state1_pp0_iter0_stage0   |       and|   0|  0|   2|           1|           1|
    |ap_enable_state2_pp0_iter1_stage0   |       and|   0|  0|   2|           1|           1|
    |ap_enable_state3_pp0_iter2_stage0   |       and|   0|  0|   2|           1|           1|
    |ap_predicate_op115_load_state1      |       and|   0|  0|   2|           1|           1|
    |ap_predicate_op137_load_state2      |       and|   0|  0|   2|           1|           1|
    |ap_predicate_op187_store_state3     |       and|   0|  0|   2|           1|           1|
    |icmp_ln318_fu_983_p2                |      icmp|   0|  0|  24|          17|          17|
    |icmp_ln328_fu_1013_p2               |      icmp|   0|  0|  24|          17|          17|
    |icmp_ln346_fu_849_p2                |      icmp|   0|  0|  24|          17|          17|
    |icmp_ln387_fu_1019_p2               |      icmp|   0|  0|  24|          17|           1|
    |icmp_ln403_fu_855_p2                |      icmp|   0|  0|  24|          17|           1|
    |icmp_ln439_fu_1035_p2               |      icmp|   0|  0|  20|          15|          15|
    |icmp_ln506_fu_869_p2                |      icmp|   0|  0|  20|          15|          15|
    |icmp_ln510_fu_3486_p2               |      icmp|   0|  0|  13|           4|           1|
    |ap_block_pp0_stage0_01001           |        or|   0|  0|   2|           1|           1|
    |or_ln510_fu_3510_p2                 |        or|   0|  0|   2|           1|           1|
    |or_ln585_fu_1041_p2                 |        or|   0|  0|  17|          17|          17|
    |LineBufVal_8_fu_1313_p3             |    select|   0|  0|  10|           1|          10|
    |g_1_fu_3457_p3                      |    select|   0|  0|  14|           1|          14|
    |mean_1_fu_2024_p3                   |    select|   0|  0|  12|           1|          12|
    |mean_2_fu_2072_p3                   |    select|   0|  0|  12|           1|          12|
    |mean_3_fu_2120_p3                   |    select|   0|  0|  12|           1|          12|
    |mean_fu_1976_p3                     |    select|   0|  0|  12|           1|          12|
    |phi_ln509_fu_3538_p3                |    select|   0|  0|  10|           1|          10|
    |phi_ln511_fu_3545_p3                |    select|   0|  0|  10|           1|          10|
    |phitmp9_fu_3531_p3                  |    select|   0|  0|  10|           1|           1|
    |phitmp_fu_3524_p3                   |    select|   0|  0|  10|           1|          10|
    |select_ln387_10_fu_1227_p3          |    select|   0|  0|  10|           1|          10|
    |select_ln387_11_fu_1234_p3          |    select|   0|  0|  10|           1|          10|
    |select_ln387_12_fu_1241_p3          |    select|   0|  0|  10|           1|          10|
    |select_ln387_13_fu_1247_p3          |    select|   0|  0|  10|           1|          10|
    |select_ln387_14_fu_1254_p3          |    select|   0|  0|  10|           1|          10|
    |select_ln387_15_fu_1261_p3          |    select|   0|  0|  10|           1|          10|
    |select_ln387_16_fu_1268_p3          |    select|   0|  0|  10|           1|          10|
    |select_ln387_17_fu_1275_p3          |    select|   0|  0|  10|           1|          10|
    |select_ln387_18_fu_1283_p3          |    select|   0|  0|  10|           1|          10|
    |select_ln387_19_fu_1291_p3          |    select|   0|  0|  10|           1|          10|
    |select_ln387_1_fu_1166_p3           |    select|   0|  0|  10|           1|          10|
    |select_ln387_2_fu_1173_p3           |    select|   0|  0|  10|           1|          10|
    |select_ln387_3_fu_1180_p3           |    select|   0|  0|  10|           1|          10|
    |select_ln387_4_fu_1187_p3           |    select|   0|  0|  10|           1|          10|
    |select_ln387_5_fu_1193_p3           |    select|   0|  0|  10|           1|          10|
    |select_ln387_6_fu_1200_p3           |    select|   0|  0|  10|           1|          10|
    |select_ln387_7_fu_1207_p3           |    select|   0|  0|  10|           1|          10|
    |select_ln387_8_fu_1214_p3           |    select|   0|  0|  10|           1|          10|
    |select_ln387_9_fu_1220_p3           |    select|   0|  0|  10|           1|          10|
    |select_ln387_fu_1160_p3             |    select|   0|  0|  10|           1|          10|
    |select_ln403_1_fu_1306_p3           |    select|   0|  0|  10|           1|          10|
    |select_ln403_fu_1299_p3             |    select|   0|  0|  10|           1|          10|
    |select_ln504_fu_3439_p3             |    select|   0|  0|  13|           1|          13|
    |select_ln510_1_fu_3502_p3           |    select|   0|  0|   2|           1|           2|
    |select_ln510_fu_3516_p3             |    select|   0|  0|  10|           1|          10|
    |select_ln61_10_fu_2794_p3           |    select|   0|  0|  12|           1|          12|
    |select_ln61_11_fu_2833_p3           |    select|   0|  0|  12|           1|          12|
    |select_ln61_12_fu_2911_p3           |    select|   0|  0|  12|           1|          12|
    |select_ln61_13_fu_2950_p3           |    select|   0|  0|  12|           1|          12|
    |select_ln61_14_fu_2989_p3           |    select|   0|  0|  12|           1|          12|
    |select_ln61_15_fu_3028_p3           |    select|   0|  0|  12|           1|          12|
    |select_ln61_16_fu_2150_p3           |    select|   0|  0|  10|           1|          10|
    |select_ln61_17_fu_2184_p3           |    select|   0|  0|  10|           1|          10|
    |select_ln61_18_fu_2234_p3           |    select|   0|  0|  10|           1|          10|
    |select_ln61_19_fu_2268_p3           |    select|   0|  0|  10|           1|          10|
    |select_ln61_1_fu_2365_p3            |    select|   0|  0|  12|           1|          12|
    |select_ln61_2_fu_2404_p3            |    select|   0|  0|  12|           1|          12|
    |select_ln61_3_fu_2443_p3            |    select|   0|  0|  12|           1|          12|
    |select_ln61_4_fu_2521_p3            |    select|   0|  0|  12|           1|          12|
    |select_ln61_5_fu_2560_p3            |    select|   0|  0|  12|           1|          12|
    |select_ln61_6_fu_2599_p3            |    select|   0|  0|  12|           1|          12|
    |select_ln61_7_fu_2638_p3            |    select|   0|  0|  12|           1|          12|
    |select_ln61_8_fu_2716_p3            |    select|   0|  0|  12|           1|          12|
    |select_ln61_9_fu_2755_p3            |    select|   0|  0|  12|           1|          12|
    |select_ln61_fu_2326_p3              |    select|   0|  0|  12|           1|          12|
    |ap_enable_pp0                       |       xor|   0|  0|   2|           1|           2|
    |xor_ln439_1_fu_1025_p2              |       xor|   0|  0|   2|           1|           1|
    |xor_ln510_fu_3496_p2                |       xor|   0|  0|   2|           1|           2|
    +------------------------------------+----------+----+---+----+------------+------------+
    |Total                               |          |   0|  0|2382|        1278|        2070|
    +------------------------------------+----------+----+---+----+------------+------------+

    * Multiplexer: 
    +----------------------------------------+----+-----------+-----+-----------+
    |                  Name                  | LUT| Input Size| Bits| Total Bits|
    +----------------------------------------+----+-----------+-----+-----------+
    |ap_done_int                             |   9|          2|    1|          2|
    |ap_enable_reg_pp0_iter3                 |   9|          2|    1|          2|
    |ap_phi_mux_empty_153_phi_fu_667_p4      |   9|          2|   10|         20|
    |ap_phi_mux_empty_154_phi_fu_676_p4      |  14|          3|   10|         30|
    |ap_phi_mux_empty_155_phi_fu_685_p4      |  14|          3|   10|         30|
    |ap_phi_mux_empty_156_phi_fu_694_p4      |  14|          3|   10|         30|
    |ap_phi_mux_empty_157_phi_fu_703_p4      |   9|          2|   10|         20|
    |ap_phi_mux_empty_158_phi_fu_712_p4      |  14|          3|   10|         30|
    |ap_phi_mux_empty_159_phi_fu_721_p4      |  14|          3|   10|         30|
    |ap_phi_mux_empty_160_phi_fu_730_p4      |  14|          3|   10|         30|
    |ap_phi_mux_empty_161_phi_fu_739_p4      |   9|          2|   10|         20|
    |ap_phi_mux_empty_162_phi_fu_758_p4      |  14|          3|   10|         30|
    |ap_phi_mux_empty_163_phi_fu_767_p4      |  14|          3|   10|         30|
    |ap_phi_mux_empty_164_phi_fu_776_p4      |   9|          2|   10|         20|
    |ap_phi_mux_empty_165_phi_fu_785_p4      |  14|          3|   10|         30|
    |ap_phi_mux_empty_166_phi_fu_794_p4      |  14|          3|   10|         30|
    |ap_phi_mux_empty_167_phi_fu_803_p4      |  14|          3|   10|         30|
    |ap_phi_mux_empty_168_phi_fu_812_p4      |   9|          2|   10|         20|
    |ap_phi_mux_empty_169_phi_fu_821_p4      |  14|          3|   10|         30|
    |ap_phi_mux_empty_170_phi_fu_830_p4      |  14|          3|   10|         30|
    |ap_phi_mux_empty_171_phi_fu_839_p4      |  14|          3|   10|         30|
    |ap_phi_mux_g_2_phi_fu_748_p4            |  14|          3|   10|         30|
    |ap_phi_mux_p_ph_phi_fu_655_p4           |  14|          3|   10|         30|
    |ap_phi_reg_pp0_iter2_empty_153_reg_664  |   9|          2|   10|         20|
    |ap_phi_reg_pp0_iter2_empty_157_reg_700  |   9|          2|   10|         20|
    |ap_phi_reg_pp0_iter2_empty_161_reg_736  |   9|          2|   10|         20|
    |ap_phi_reg_pp0_iter2_empty_164_reg_773  |   9|          2|   10|         20|
    |ap_phi_reg_pp0_iter2_empty_168_reg_809  |   9|          2|   10|         20|
    |ap_sig_allocacmp_z                      |   9|          2|   17|         34|
    |empty_133_fu_238                        |   9|          2|   10|         20|
    |empty_134_fu_242                        |   9|          2|   10|         20|
    |empty_135_fu_246                        |   9|          2|   10|         20|
    |empty_136_fu_250                        |   9|          2|   10|         20|
    |empty_137_fu_254                        |   9|          2|   10|         20|
    |empty_138_fu_258                        |   9|          2|   10|         20|
    |empty_139_fu_262                        |   9|          2|   10|         20|
    |empty_140_fu_266                        |   9|          2|   10|         20|
    |empty_141_fu_270                        |   9|          2|   10|         20|
    |empty_142_fu_274                        |   9|          2|   10|         20|
    |empty_143_fu_278                        |   9|          2|   10|         20|
    |empty_144_fu_282                        |   9|          2|   10|         20|
    |empty_145_fu_286                        |   9|          2|   10|         20|
    |empty_146_fu_290                        |   9|          2|   10|         20|
    |empty_147_fu_294                        |   9|          2|   10|         20|
    |empty_148_fu_298                        |   9|          2|   10|         20|
    |empty_149_fu_302                        |   9|          2|   10|         20|
    |empty_150_fu_306                        |   9|          2|   10|         20|
    |empty_151_fu_310                        |   9|          2|   10|         20|
    |empty_152_fu_314                        |   9|          2|   10|         20|
    |g_2_reg_745                             |  14|          3|   10|         30|
    |imgBayer_blk_n                          |   9|          2|    1|          2|
    |imgG_blk_n                              |   9|          2|    1|          2|
    |p_ph_reg_652                            |  14|          3|   10|         30|
    |x_fu_234                                |   9|          2|   17|         34|
    +----------------------------------------+----+-----------+-----+-----------+
    |Total                                   | 576|        126|  518|       1216|
    +----------------------------------------+----+-----------+-----+-----------+

    * Register: 
    +-------------------------------------------+----+----+-----+-----------+
    |                    Name                   | FF | LUT| Bits| Const Bits|
    +-------------------------------------------+----+----+-----+-----------+
    |K_10_reg_4139                              |  12|   0|   12|          0|
    |K_11_reg_4144                              |  12|   0|   12|          0|
    |K_1_reg_4079                               |  12|   0|   12|          0|
    |K_2_reg_4089                               |  12|   0|   12|          0|
    |K_3_reg_4094                               |  12|   0|   12|          0|
    |K_4_reg_4099                               |  12|   0|   12|          0|
    |K_5_reg_4109                               |  12|   0|   12|          0|
    |K_6_reg_4114                               |  12|   0|   12|          0|
    |K_7_reg_4119                               |  12|   0|   12|          0|
    |K_8_reg_4129                               |  12|   0|   12|          0|
    |K_9_reg_4134                               |  12|   0|   12|          0|
    |K_reg_4074                                 |  12|   0|   12|          0|
    |LineBufVal_5_reg_3960                      |  10|   0|   10|          0|
    |LineBufVal_6_reg_3969                      |  10|   0|   10|          0|
    |LineBufVal_7_reg_3978                      |  10|   0|   10|          0|
    |LineBufVal_reg_3951                        |  10|   0|   10|          0|
    |SD_1_reg_4258                              |  10|   0|   10|          0|
    |SD_1_reg_4258_pp0_iter4_reg                |  10|   0|   10|          0|
    |SD_reg_4253                                |  10|   0|   10|          0|
    |SD_reg_4253_pp0_iter4_reg                  |  10|   0|   10|          0|
    |add_ln495_reg_4325                         |   9|   0|    9|          0|
    |add_ln504_2_reg_4393                       |  26|   0|   26|          0|
    |ap_CS_fsm                                  |   1|   0|    1|          0|
    |ap_block_pp0_stage0_subdone_grp0_done_reg  |   1|   0|    1|          0|
    |ap_done_reg                                |   1|   0|    1|          0|
    |ap_enable_reg_pp0_iter1                    |   1|   0|    1|          0|
    |ap_enable_reg_pp0_iter10                   |   1|   0|    1|          0|
    |ap_enable_reg_pp0_iter11                   |   1|   0|    1|          0|
    |ap_enable_reg_pp0_iter12                   |   1|   0|    1|          0|
    |ap_enable_reg_pp0_iter13                   |   1|   0|    1|          0|
    |ap_enable_reg_pp0_iter14                   |   1|   0|    1|          0|
    |ap_enable_reg_pp0_iter2                    |   1|   0|    1|          0|
    |ap_enable_reg_pp0_iter3                    |   1|   0|    1|          0|
    |ap_enable_reg_pp0_iter4                    |   1|   0|    1|          0|
    |ap_enable_reg_pp0_iter5                    |   1|   0|    1|          0|
    |ap_enable_reg_pp0_iter6                    |   1|   0|    1|          0|
    |ap_enable_reg_pp0_iter7                    |   1|   0|    1|          0|
    |ap_enable_reg_pp0_iter8                    |   1|   0|    1|          0|
    |ap_enable_reg_pp0_iter9                    |   1|   0|    1|          0|
    |ap_loop_exit_ready_pp0_iter10_reg          |   1|   0|    1|          0|
    |ap_loop_exit_ready_pp0_iter11_reg          |   1|   0|    1|          0|
    |ap_loop_exit_ready_pp0_iter12_reg          |   1|   0|    1|          0|
    |ap_loop_exit_ready_pp0_iter13_reg          |   1|   0|    1|          0|
    |ap_loop_exit_ready_pp0_iter1_reg           |   1|   0|    1|          0|
    |ap_loop_exit_ready_pp0_iter2_reg           |   1|   0|    1|          0|
    |ap_loop_exit_ready_pp0_iter3_reg           |   1|   0|    1|          0|
    |ap_loop_exit_ready_pp0_iter4_reg           |   1|   0|    1|          0|
    |ap_loop_exit_ready_pp0_iter5_reg           |   1|   0|    1|          0|
    |ap_loop_exit_ready_pp0_iter6_reg           |   1|   0|    1|          0|
    |ap_loop_exit_ready_pp0_iter7_reg           |   1|   0|    1|          0|
    |ap_loop_exit_ready_pp0_iter8_reg           |   1|   0|    1|          0|
    |ap_loop_exit_ready_pp0_iter9_reg           |   1|   0|    1|          0|
    |ap_phi_reg_pp0_iter1_empty_153_reg_664     |  10|   0|   10|          0|
    |ap_phi_reg_pp0_iter1_empty_157_reg_700     |  10|   0|   10|          0|
    |ap_phi_reg_pp0_iter1_empty_161_reg_736     |  10|   0|   10|          0|
    |ap_phi_reg_pp0_iter1_empty_164_reg_773     |  10|   0|   10|          0|
    |ap_phi_reg_pp0_iter1_empty_168_reg_809     |  10|   0|   10|          0|
    |ap_phi_reg_pp0_iter2_empty_153_reg_664     |  10|   0|   10|          0|
    |ap_phi_reg_pp0_iter2_empty_157_reg_700     |  10|   0|   10|          0|
    |ap_phi_reg_pp0_iter2_empty_161_reg_736     |  10|   0|   10|          0|
    |ap_phi_reg_pp0_iter2_empty_164_reg_773     |  10|   0|   10|          0|
    |ap_phi_reg_pp0_iter2_empty_168_reg_809     |  10|   0|   10|          0|
    |ave_1_reg_4198                             |  14|   0|   14|          0|
    |ave_2_reg_4213                             |  14|   0|   14|          0|
    |ave_3_reg_4228                             |  14|   0|   14|          0|
    |ave_reg_4171                               |  14|   0|   14|          0|
    |empty_133_fu_238                           |  10|   0|   10|          0|
    |empty_134_fu_242                           |  10|   0|   10|          0|
    |empty_135_fu_246                           |  10|   0|   10|          0|
    |empty_136_fu_250                           |  10|   0|   10|          0|
    |empty_137_fu_254                           |  10|   0|   10|          0|
    |empty_138_fu_258                           |  10|   0|   10|          0|
    |empty_139_fu_262                           |  10|   0|   10|          0|
    |empty_140_fu_266                           |  10|   0|   10|          0|
    |empty_141_fu_270                           |  10|   0|   10|          0|
    |empty_142_fu_274                           |  10|   0|   10|          0|
    |empty_143_fu_278                           |  10|   0|   10|          0|
    |empty_144_fu_282                           |  10|   0|   10|          0|
    |empty_145_fu_286                           |  10|   0|   10|          0|
    |empty_146_fu_290                           |  10|   0|   10|          0|
    |empty_147_fu_294                           |  10|   0|   10|          0|
    |empty_148_fu_298                           |  10|   0|   10|          0|
    |empty_149_fu_302                           |  10|   0|   10|          0|
    |empty_150_fu_306                           |  10|   0|   10|          0|
    |empty_151_fu_310                           |  10|   0|   10|          0|
    |empty_152_fu_314                           |  10|   0|   10|          0|
    |g_2_reg_745                                |  10|   0|   10|          0|
    |icmp_ln318_reg_3849                        |   1|   0|    1|          0|
    |icmp_ln328_reg_3853                        |   1|   0|    1|          0|
    |icmp_ln346_reg_3832                        |   1|   0|    1|          0|
    |icmp_ln387_reg_3881                        |   1|   0|    1|          0|
    |icmp_ln387_reg_3881_pp0_iter1_reg          |   1|   0|    1|          0|
    |icmp_ln403_reg_3836                        |   1|   0|    1|          0|
    |icmp_ln439_reg_3905                        |   1|   0|    1|          0|
    |icmp_ln506_reg_3843                        |   1|   0|    1|          0|
    |linebuf_yuv_1_addr_reg_3863                |  11|   0|   11|          0|
    |linebuf_yuv_1_addr_reg_3863_pp0_iter1_reg  |  11|   0|   11|          0|
    |linebuf_yuv_2_addr_reg_3869                |  11|   0|   11|          0|
    |linebuf_yuv_2_addr_reg_3869_pp0_iter1_reg  |  11|   0|   11|          0|
    |linebuf_yuv_3_addr_reg_3875                |  11|   0|   11|          0|
    |linebuf_yuv_3_addr_reg_3875_pp0_iter1_reg  |  11|   0|   11|          0|
    |linebuf_yuv_addr_reg_3857                  |  11|   0|   11|          0|
    |lshr_ln1_reg_4309                          |   8|   0|    8|          0|
    |lshr_ln494_1_reg_4314                      |   8|   0|    8|          0|
    |lshr_ln494_2_reg_4319                      |   9|   0|    9|          0|
    |lshr_ln501_1_reg_4353                      |  10|   0|   10|          0|
    |lshr_ln501_2_reg_4358                      |  10|   0|   10|          0|
    |mean_1_reg_4238                            |  12|   0|   12|          0|
    |mean_2_reg_4243                            |  12|   0|   12|          0|
    |mean_3_reg_4248                            |  12|   0|   12|          0|
    |mean_reg_4233                              |  12|   0|   12|          0|
    |mul_ln504_1_reg_4373                       |  24|   0|   24|          0|
    |mul_ln504_3_reg_4378                       |  24|   0|   24|          0|
    |norm_reg_4335                              |  18|   0|   18|          0|
    |p_load198_reg_4051                         |  10|   0|   10|          0|
    |p_load199_reg_4046                         |  10|   0|   10|          0|
    |p_load200_reg_4041                         |  10|   0|   10|          0|
    |p_load201_reg_4036                         |  10|   0|   10|          0|
    |p_load202_reg_4031                         |  10|   0|   10|          0|
    |p_load203_reg_4026                         |  10|   0|   10|          0|
    |p_load204_reg_4021                         |  10|   0|   10|          0|
    |p_load205_reg_4016                         |  10|   0|   10|          0|
    |p_load206_reg_4011                         |  10|   0|   10|          0|
    |p_load207_reg_4006                         |  10|   0|   10|          0|
    |p_load208_reg_4001                         |  10|   0|   10|          0|
    |p_load209_reg_3996                         |  10|   0|   10|          0|
    |p_load210_reg_3991                         |  10|   0|   10|          0|
    |p_load211_reg_3986                         |  10|   0|   10|          0|
    |p_load212_reg_3944                         |  10|   0|   10|          0|
    |p_load214_reg_3937                         |  10|   0|   10|          0|
    |p_load216_reg_3930                         |  10|   0|   10|          0|
    |p_load218_reg_3923                         |  10|   0|   10|          0|
    |p_load220_reg_3916                         |  10|   0|   10|          0|
    |p_load_reg_4056                            |  10|   0|   10|          0|
    |p_ph_reg_652                               |  10|   0|   10|          0|
    |select_ln510_reg_4404                      |  10|   0|   10|          0|
    |sext_ln465_1_reg_4154                      |  13|   0|   13|          0|
    |sext_ln465_2_reg_4160                      |  13|   0|   13|          0|
    |sext_ln465_3_reg_4165                      |  13|   0|   13|          0|
    |sext_ln465_reg_4149                        |  13|   0|   13|          0|
    |sext_ln466_1_reg_4181                      |  13|   0|   13|          0|
    |sext_ln466_2_reg_4187                      |  13|   0|   13|          0|
    |sext_ln466_3_reg_4193                      |  13|   0|   13|          0|
    |sext_ln466_reg_4176                        |  13|   0|   13|          0|
    |sext_ln467_1_reg_4208                      |  13|   0|   13|          0|
    |sext_ln467_reg_4203                        |  13|   0|   13|          0|
    |sext_ln468_1_reg_4223                      |  13|   0|   13|          0|
    |sext_ln468_reg_4218                        |  13|   0|   13|          0|
    |sw_reg_4303                                |   9|   0|    9|          0|
    |tmp_3_cast_reg_4399                        |  13|   0|   13|          0|
    |tmp_52_reg_3912                            |   1|   0|    1|          0|
    |var_1_reg_4268                             |  13|   0|   13|          0|
    |var_2_reg_4273                             |  13|   0|   13|          0|
    |var_3_reg_4278                             |  13|   0|   13|          0|
    |var_reg_4263                               |  13|   0|   13|          0|
    |x_fu_234                                   |  17|   0|   17|          0|
    |zext_ln450_1_reg_4061                      |  10|   0|   11|          1|
    |zext_ln450_3_reg_4066                      |  10|   0|   11|          1|
    |zext_ln452_1_reg_4084                      |  10|   0|   11|          1|
    |zext_ln455_2_reg_4104                      |  10|   0|   11|          1|
    |zext_ln458_1_reg_4124                      |  10|   0|   11|          1|
    |ave_1_reg_4198                             |  64|  32|   14|          0|
    |ave_2_reg_4213                             |  64|  32|   14|          0|
    |ave_3_reg_4228                             |  64|  32|   14|          0|
    |ave_reg_4171                               |  64|  32|   14|          0|
    |g_2_reg_745                                |  64|  32|   10|          0|
    |icmp_ln318_reg_3849                        |  64|  32|    1|          0|
    |icmp_ln328_reg_3853                        |  64|  32|    1|          0|
    |icmp_ln439_reg_3905                        |  64|  32|    1|          0|
    |lshr_ln1_reg_4309                          |  64|  32|    8|          0|
    |lshr_ln494_1_reg_4314                      |  64|  32|    8|          0|
    |lshr_ln494_2_reg_4319                      |  64|  32|    9|          0|
    |p_load198_reg_4051                         |  64|  32|   10|          0|
    |p_load199_reg_4046                         |  64|  32|   10|          0|
    |p_load200_reg_4041                         |  64|  32|   10|          0|
    |p_load201_reg_4036                         |  64|  32|   10|          0|
    |p_load202_reg_4031                         |  64|  32|   10|          0|
    |p_load203_reg_4026                         |  64|  32|   10|          0|
    |p_load204_reg_4021                         |  64|  32|   10|          0|
    |p_load205_reg_4016                         |  64|  32|   10|          0|
    |p_load206_reg_4011                         |  64|  32|   10|          0|
    |p_load207_reg_4006                         |  64|  32|   10|          0|
    |p_load208_reg_4001                         |  64|  32|   10|          0|
    |p_load209_reg_3996                         |  64|  32|   10|          0|
    |p_load210_reg_3991                         |  64|  32|   10|          0|
    |p_load211_reg_3986                         |  64|  32|   10|          0|
    |p_load212_reg_3944                         |  64|  32|   10|          0|
    |p_load214_reg_3937                         |  64|  32|   10|          0|
    |p_load216_reg_3930                         |  64|  32|   10|          0|
    |p_load218_reg_3923                         |  64|  32|   10|          0|
    |p_load220_reg_3916                         |  64|  32|   10|          0|
    |p_load_reg_4056                            |  64|  32|   10|          0|
    |sw_reg_4303                                |  64|  32|    9|          0|
    |tmp_52_reg_3912                            |  64|  32|    1|          0|
    +-------------------------------------------+----+----+-----+-----------+
    |Total                                      |3529|1056| 1726|          5|
    +-------------------------------------------+----+----+-----+-----------+



================================================================
== Interface
================================================================
* Summary: 
+-------------------------+-----+-----+------------+------------------------------------+--------------+
|        RTL Ports        | Dir | Bits|  Protocol  |            Source Object           |    C Type    |
+-------------------------+-----+-----+------------+------------------------------------+--------------+
|ap_clk                   |   in|    1|  ap_ctrl_hs|  DebayerG_Pipeline_VITIS_LOOP_318_4|  return value|
|ap_rst                   |   in|    1|  ap_ctrl_hs|  DebayerG_Pipeline_VITIS_LOOP_318_4|  return value|
|ap_start                 |   in|    1|  ap_ctrl_hs|  DebayerG_Pipeline_VITIS_LOOP_318_4|  return value|
|ap_done                  |  out|    1|  ap_ctrl_hs|  DebayerG_Pipeline_VITIS_LOOP_318_4|  return value|
|ap_idle                  |  out|    1|  ap_ctrl_hs|  DebayerG_Pipeline_VITIS_LOOP_318_4|  return value|
|ap_ready                 |  out|    1|  ap_ctrl_hs|  DebayerG_Pipeline_VITIS_LOOP_318_4|  return value|
|imgBayer_dout            |   in|   10|     ap_fifo|                            imgBayer|       pointer|
|imgBayer_empty_n         |   in|    1|     ap_fifo|                            imgBayer|       pointer|
|imgBayer_read            |  out|    1|     ap_fifo|                            imgBayer|       pointer|
|imgBayer_num_data_valid  |   in|    3|     ap_fifo|                            imgBayer|       pointer|
|imgBayer_fifo_cap        |   in|    3|     ap_fifo|                            imgBayer|       pointer|
|imgG_din                 |  out|   30|     ap_fifo|                                imgG|       pointer|
|imgG_full_n              |   in|    1|     ap_fifo|                                imgG|       pointer|
|imgG_write               |  out|    1|     ap_fifo|                                imgG|       pointer|
|imgG_num_data_valid      |   in|   32|     ap_fifo|                                imgG|       pointer|
|imgG_fifo_cap            |   in|   32|     ap_fifo|                                imgG|       pointer|
|p_lcssa52315241          |   in|   10|     ap_none|                     p_lcssa52315241|        scalar|
|p_lcssa52305239          |   in|   10|     ap_none|                     p_lcssa52305239|        scalar|
|p_lcssa52295237          |   in|   10|     ap_none|                     p_lcssa52295237|        scalar|
|p_lcssa52285235          |   in|   10|     ap_none|                     p_lcssa52285235|        scalar|
|p_lcssa52275233          |   in|   10|     ap_none|                     p_lcssa52275233|        scalar|
|p_lcssa50685110          |   in|   10|     ap_none|                     p_lcssa50685110|        scalar|
|p_lcssa50675108          |   in|   10|     ap_none|                     p_lcssa50675108|        scalar|
|p_lcssa50655106          |   in|   10|     ap_none|                     p_lcssa50655106|        scalar|
|p_lcssa50645104          |   in|   10|     ap_none|                     p_lcssa50645104|        scalar|
|p_lcssa50635102          |   in|   10|     ap_none|                     p_lcssa50635102|        scalar|
|p_lcssa50615100          |   in|   10|     ap_none|                     p_lcssa50615100|        scalar|
|p_lcssa50605098          |   in|   10|     ap_none|                     p_lcssa50605098|        scalar|
|p_lcssa50595096          |   in|   10|     ap_none|                     p_lcssa50595096|        scalar|
|p_lcssa50575094          |   in|   10|     ap_none|                     p_lcssa50575094|        scalar|
|p_lcssa50565092          |   in|   10|     ap_none|                     p_lcssa50565092|        scalar|
|p_lcssa50555090          |   in|   10|     ap_none|                     p_lcssa50555090|        scalar|
|p_lcssa50535088          |   in|   10|     ap_none|                     p_lcssa50535088|        scalar|
|p_lcssa50525086          |   in|   10|     ap_none|                     p_lcssa50525086|        scalar|
|p_lcssa50515084          |   in|   10|     ap_none|                     p_lcssa50515084|        scalar|
|p_lcssa50495082          |   in|   10|     ap_none|                     p_lcssa50495082|        scalar|
|height_val               |   in|   16|   ap_stable|                          height_val|        scalar|
|y                        |   in|   17|     ap_none|                                   y|        scalar|
|width_val                |   in|   16|   ap_stable|                           width_val|        scalar|
|empty_56                 |   in|    1|     ap_none|                            empty_56|        scalar|
|trunc_ln                 |   in|   15|     ap_none|                            trunc_ln|        scalar|
|loopWidth                |   in|   17|   ap_stable|                           loopWidth|        scalar|
|empty                    |   in|    1|     ap_none|                               empty|        scalar|
|xor_ln439                |   in|   15|     ap_none|                           xor_ln439|        scalar|
|out_y                    |   in|   17|     ap_none|                               out_y|        scalar|
|p_out                    |  out|   10|      ap_vld|                               p_out|       pointer|
|p_out_ap_vld             |  out|    1|      ap_vld|                               p_out|       pointer|
|p_out1                   |  out|   10|      ap_vld|                              p_out1|       pointer|
|p_out1_ap_vld            |  out|    1|      ap_vld|                              p_out1|       pointer|
|p_out2                   |  out|   10|      ap_vld|                              p_out2|       pointer|
|p_out2_ap_vld            |  out|    1|      ap_vld|                              p_out2|       pointer|
|p_out3                   |  out|   10|      ap_vld|                              p_out3|       pointer|
|p_out3_ap_vld            |  out|    1|      ap_vld|                              p_out3|       pointer|
|p_out4                   |  out|   10|      ap_vld|                              p_out4|       pointer|
|p_out4_ap_vld            |  out|    1|      ap_vld|                              p_out4|       pointer|
|p_out5                   |  out|   10|      ap_vld|                              p_out5|       pointer|
|p_out5_ap_vld            |  out|    1|      ap_vld|                              p_out5|       pointer|
|p_out6                   |  out|   10|      ap_vld|                              p_out6|       pointer|
|p_out6_ap_vld            |  out|    1|      ap_vld|                              p_out6|       pointer|
|p_out7                   |  out|   10|      ap_vld|                              p_out7|       pointer|
|p_out7_ap_vld            |  out|    1|      ap_vld|                              p_out7|       pointer|
|p_out8                   |  out|   10|      ap_vld|                              p_out8|       pointer|
|p_out8_ap_vld            |  out|    1|      ap_vld|                              p_out8|       pointer|
|p_out9                   |  out|   10|      ap_vld|                              p_out9|       pointer|
|p_out9_ap_vld            |  out|    1|      ap_vld|                              p_out9|       pointer|
|p_out10                  |  out|   10|      ap_vld|                             p_out10|       pointer|
|p_out10_ap_vld           |  out|    1|      ap_vld|                             p_out10|       pointer|
|p_out11                  |  out|   10|      ap_vld|                             p_out11|       pointer|
|p_out11_ap_vld           |  out|    1|      ap_vld|                             p_out11|       pointer|
|p_out12                  |  out|   10|      ap_vld|                             p_out12|       pointer|
|p_out12_ap_vld           |  out|    1|      ap_vld|                             p_out12|       pointer|
|p_out13                  |  out|   10|      ap_vld|                             p_out13|       pointer|
|p_out13_ap_vld           |  out|    1|      ap_vld|                             p_out13|       pointer|
|p_out14                  |  out|   10|      ap_vld|                             p_out14|       pointer|
|p_out14_ap_vld           |  out|    1|      ap_vld|                             p_out14|       pointer|
|p_out15                  |  out|   10|      ap_vld|                             p_out15|       pointer|
|p_out15_ap_vld           |  out|    1|      ap_vld|                             p_out15|       pointer|
|p_out16                  |  out|   10|      ap_vld|                             p_out16|       pointer|
|p_out16_ap_vld           |  out|    1|      ap_vld|                             p_out16|       pointer|
|p_out17                  |  out|   10|      ap_vld|                             p_out17|       pointer|
|p_out17_ap_vld           |  out|    1|      ap_vld|                             p_out17|       pointer|
|p_out18                  |  out|   10|      ap_vld|                             p_out18|       pointer|
|p_out18_ap_vld           |  out|    1|      ap_vld|                             p_out18|       pointer|
|p_out19                  |  out|   10|      ap_vld|                             p_out19|       pointer|
|p_out19_ap_vld           |  out|    1|      ap_vld|                             p_out19|       pointer|
+-------------------------+-----+-----+------------+------------------------------------+--------------+

============================================================
+ Verbose Summary: Synthesis Manager
============================================================
InlineROM: 1
ExposeGlobal: 0
============================================================
+ Verbose Summary: CDFG Model
============================================================
IsTopModel: 0
ResetActiveHigh: 1
IsCombinational: 2
IsDatapathOnly: 2
HasWiredReturn: 1
HasMFsm: 2
HasVarLatency: 1
IsPipeline: 0
IsRtlPipelined: 0
IsInstanceOverlapped: 0
IsDontTouch: 0
HasImplIP: 0
IsGatedGlobalClock: 0

+ Individual pipeline summary: 
  * Pipeline-0: initiation interval (II) = 1, depth = 15


============================================================
+ Verbose Summary: Schedule
============================================================
* Number of FSM states : 15
* Pipeline : 1
  Pipeline-0 : II = 1, D = 15, States = { 1 2 3 4 5 6 7 8 9 10 11 12 13 14 15 }
* Dataflow Pipeline: 0

* FSM state transitions: 
1 --> 2 
2 --> 3 
3 --> 4 
4 --> 5 
5 --> 6 
6 --> 7 
7 --> 8 
8 --> 9 
9 --> 10 
10 --> 11 
11 --> 12 
12 --> 13 
13 --> 14 
14 --> 15 
15 --> 

* FSM state operations: 

State 1 <SV = 0> <Delay = 6.94>
ST_1 : Operation 18 [1/1] (0.00ns)   --->   "%x = alloca i32 1" [C:/github/zybo_z7_cam_rpi_v2_5mp_hdmi/zybo_z7_imx219/zybo_z7_imx219.runs/design_1_v_demosaic_0_0_synth_1/prj/sol/.autopilot/db/v_demosaic.cpp:271]   --->   Operation 18 'alloca' 'x' <Predicate = true> <Delay = 0.00>
ST_1 : Operation 19 [1/1] (0.00ns)   --->   "%empty_133 = alloca i32 1"   --->   Operation 19 'alloca' 'empty_133' <Predicate = true> <Delay = 0.00>
ST_1 : Operation 20 [1/1] (0.00ns)   --->   "%empty_134 = alloca i32 1"   --->   Operation 20 'alloca' 'empty_134' <Predicate = true> <Delay = 0.00>
ST_1 : Operation 21 [1/1] (0.00ns)   --->   "%empty_135 = alloca i32 1"   --->   Operation 21 'alloca' 'empty_135' <Predicate = true> <Delay = 0.00>
ST_1 : Operation 22 [1/1] (0.00ns)   --->   "%empty_136 = alloca i32 1"   --->   Operation 22 'alloca' 'empty_136' <Predicate = true> <Delay = 0.00>
ST_1 : Operation 23 [1/1] (0.00ns)   --->   "%empty_137 = alloca i32 1"   --->   Operation 23 'alloca' 'empty_137' <Predicate = true> <Delay = 0.00>
ST_1 : Operation 24 [1/1] (0.00ns)   --->   "%empty_138 = alloca i32 1"   --->   Operation 24 'alloca' 'empty_138' <Predicate = true> <Delay = 0.00>
ST_1 : Operation 25 [1/1] (0.00ns)   --->   "%empty_139 = alloca i32 1"   --->   Operation 25 'alloca' 'empty_139' <Predicate = true> <Delay = 0.00>
ST_1 : Operation 26 [1/1] (0.00ns)   --->   "%empty_140 = alloca i32 1"   --->   Operation 26 'alloca' 'empty_140' <Predicate = true> <Delay = 0.00>
ST_1 : Operation 27 [1/1] (0.00ns)   --->   "%empty_141 = alloca i32 1"   --->   Operation 27 'alloca' 'empty_141' <Predicate = true> <Delay = 0.00>
ST_1 : Operation 28 [1/1] (0.00ns)   --->   "%empty_142 = alloca i32 1"   --->   Operation 28 'alloca' 'empty_142' <Predicate = true> <Delay = 0.00>
ST_1 : Operation 29 [1/1] (0.00ns)   --->   "%empty_143 = alloca i32 1"   --->   Operation 29 'alloca' 'empty_143' <Predicate = true> <Delay = 0.00>
ST_1 : Operation 30 [1/1] (0.00ns)   --->   "%empty_144 = alloca i32 1"   --->   Operation 30 'alloca' 'empty_144' <Predicate = true> <Delay = 0.00>
ST_1 : Operation 31 [1/1] (0.00ns)   --->   "%empty_145 = alloca i32 1"   --->   Operation 31 'alloca' 'empty_145' <Predicate = true> <Delay = 0.00>
ST_1 : Operation 32 [1/1] (0.00ns)   --->   "%empty_146 = alloca i32 1"   --->   Operation 32 'alloca' 'empty_146' <Predicate = true> <Delay = 0.00>
ST_1 : Operation 33 [1/1] (0.00ns)   --->   "%empty_147 = alloca i32 1"   --->   Operation 33 'alloca' 'empty_147' <Predicate = true> <Delay = 0.00>
ST_1 : Operation 34 [1/1] (0.00ns)   --->   "%empty_148 = alloca i32 1"   --->   Operation 34 'alloca' 'empty_148' <Predicate = true> <Delay = 0.00>
ST_1 : Operation 35 [1/1] (0.00ns)   --->   "%empty_149 = alloca i32 1"   --->   Operation 35 'alloca' 'empty_149' <Predicate = true> <Delay = 0.00>
ST_1 : Operation 36 [1/1] (0.00ns)   --->   "%empty_150 = alloca i32 1"   --->   Operation 36 'alloca' 'empty_150' <Predicate = true> <Delay = 0.00>
ST_1 : Operation 37 [1/1] (0.00ns)   --->   "%empty_151 = alloca i32 1"   --->   Operation 37 'alloca' 'empty_151' <Predicate = true> <Delay = 0.00>
ST_1 : Operation 38 [1/1] (0.00ns)   --->   "%empty_152 = alloca i32 1"   --->   Operation 38 'alloca' 'empty_152' <Predicate = true> <Delay = 0.00>
ST_1 : Operation 39 [1/1] (0.00ns)   --->   "%specinterface_ln0 = specinterface void @_ssdm_op_SpecInterface, i10 %imgBayer, void @empty_20, i32 0, i32 0, void @empty_14, i32 0, i32 0, void @empty_14, void @empty_14, void @empty_14, i32 0, i32 0, i32 0, i32 0, void @empty_14, void @empty_14, i32 4294967295, i32 0, i32 0, i32 0"   --->   Operation 39 'specinterface' 'specinterface_ln0' <Predicate = true> <Delay = 0.00>
ST_1 : Operation 40 [1/1] (0.00ns)   --->   "%specinterface_ln0 = specinterface void @_ssdm_op_SpecInterface, i30 %imgG, void @empty_20, i32 0, i32 0, void @empty_14, i32 0, i32 0, void @empty_14, void @empty_14, void @empty_14, i32 0, i32 0, i32 0, i32 0, void @empty_14, void @empty_14, i32 4294967295, i32 0, i32 0, i32 0"   --->   Operation 40 'specinterface' 'specinterface_ln0' <Predicate = true> <Delay = 0.00>
ST_1 : Operation 41 [1/1] (0.00ns)   --->   "%out_y_read = read i17 @_ssdm_op_Read.ap_auto.i17, i17 %out_y"   --->   Operation 41 'read' 'out_y_read' <Predicate = true> <Delay = 0.00>
ST_1 : Operation 42 [1/1] (0.00ns)   --->   "%xor_ln439_read = read i15 @_ssdm_op_Read.ap_auto.i15, i15 %xor_ln439"   --->   Operation 42 'read' 'xor_ln439_read' <Predicate = true> <Delay = 0.00>
ST_1 : Operation 43 [1/1] (0.00ns)   --->   "%tmp = read i1 @_ssdm_op_Read.ap_auto.i1, i1 %empty"   --->   Operation 43 'read' 'tmp' <Predicate = true> <Delay = 0.00>
ST_1 : Operation 44 [1/1] (0.00ns)   --->   "%loopWidth_read = read i17 @_ssdm_op_Read.ap_auto.i17, i17 %loopWidth"   --->   Operation 44 'read' 'loopWidth_read' <Predicate = true> <Delay = 0.00>
ST_1 : Operation 45 [1/1] (0.00ns)   --->   "%trunc_ln_read = read i15 @_ssdm_op_Read.ap_auto.i15, i15 %trunc_ln"   --->   Operation 45 'read' 'trunc_ln_read' <Predicate = true> <Delay = 0.00>
ST_1 : Operation 46 [1/1] (0.00ns)   --->   "%tmp_24 = read i1 @_ssdm_op_Read.ap_auto.i1, i1 %empty_56"   --->   Operation 46 'read' 'tmp_24' <Predicate = true> <Delay = 0.00>
ST_1 : Operation 47 [1/1] (0.00ns)   --->   "%width_val_read = read i16 @_ssdm_op_Read.ap_auto.i16, i16 %width_val"   --->   Operation 47 'read' 'width_val_read' <Predicate = true> <Delay = 0.00>
ST_1 : Operation 48 [1/1] (0.00ns)   --->   "%y_read = read i17 @_ssdm_op_Read.ap_auto.i17, i17 %y"   --->   Operation 48 'read' 'y_read' <Predicate = true> <Delay = 0.00>
ST_1 : Operation 49 [1/1] (0.00ns)   --->   "%height_val_read = read i16 @_ssdm_op_Read.ap_auto.i16, i16 %height_val"   --->   Operation 49 'read' 'height_val_read' <Predicate = true> <Delay = 0.00>
ST_1 : Operation 50 [1/1] (0.00ns)   --->   "%p_lcssa50495082_read = read i10 @_ssdm_op_Read.ap_auto.i10, i10 %p_lcssa50495082"   --->   Operation 50 'read' 'p_lcssa50495082_read' <Predicate = true> <Delay = 0.00>
ST_1 : Operation 51 [1/1] (0.00ns)   --->   "%p_lcssa50515084_read = read i10 @_ssdm_op_Read.ap_auto.i10, i10 %p_lcssa50515084"   --->   Operation 51 'read' 'p_lcssa50515084_read' <Predicate = true> <Delay = 0.00>
ST_1 : Operation 52 [1/1] (0.00ns)   --->   "%p_lcssa50525086_read = read i10 @_ssdm_op_Read.ap_auto.i10, i10 %p_lcssa50525086"   --->   Operation 52 'read' 'p_lcssa50525086_read' <Predicate = true> <Delay = 0.00>
ST_1 : Operation 53 [1/1] (0.00ns)   --->   "%p_lcssa50535088_read = read i10 @_ssdm_op_Read.ap_auto.i10, i10 %p_lcssa50535088"   --->   Operation 53 'read' 'p_lcssa50535088_read' <Predicate = true> <Delay = 0.00>
ST_1 : Operation 54 [1/1] (0.00ns)   --->   "%p_lcssa50555090_read = read i10 @_ssdm_op_Read.ap_auto.i10, i10 %p_lcssa50555090"   --->   Operation 54 'read' 'p_lcssa50555090_read' <Predicate = true> <Delay = 0.00>
ST_1 : Operation 55 [1/1] (0.00ns)   --->   "%p_lcssa50565092_read = read i10 @_ssdm_op_Read.ap_auto.i10, i10 %p_lcssa50565092"   --->   Operation 55 'read' 'p_lcssa50565092_read' <Predicate = true> <Delay = 0.00>
ST_1 : Operation 56 [1/1] (0.00ns)   --->   "%p_lcssa50575094_read = read i10 @_ssdm_op_Read.ap_auto.i10, i10 %p_lcssa50575094"   --->   Operation 56 'read' 'p_lcssa50575094_read' <Predicate = true> <Delay = 0.00>
ST_1 : Operation 57 [1/1] (0.00ns)   --->   "%p_lcssa50595096_read = read i10 @_ssdm_op_Read.ap_auto.i10, i10 %p_lcssa50595096"   --->   Operation 57 'read' 'p_lcssa50595096_read' <Predicate = true> <Delay = 0.00>
ST_1 : Operation 58 [1/1] (0.00ns)   --->   "%p_lcssa50605098_read = read i10 @_ssdm_op_Read.ap_auto.i10, i10 %p_lcssa50605098"   --->   Operation 58 'read' 'p_lcssa50605098_read' <Predicate = true> <Delay = 0.00>
ST_1 : Operation 59 [1/1] (0.00ns)   --->   "%p_lcssa50615100_read = read i10 @_ssdm_op_Read.ap_auto.i10, i10 %p_lcssa50615100"   --->   Operation 59 'read' 'p_lcssa50615100_read' <Predicate = true> <Delay = 0.00>
ST_1 : Operation 60 [1/1] (0.00ns)   --->   "%p_lcssa50635102_read = read i10 @_ssdm_op_Read.ap_auto.i10, i10 %p_lcssa50635102"   --->   Operation 60 'read' 'p_lcssa50635102_read' <Predicate = true> <Delay = 0.00>
ST_1 : Operation 61 [1/1] (0.00ns)   --->   "%p_lcssa50645104_read = read i10 @_ssdm_op_Read.ap_auto.i10, i10 %p_lcssa50645104"   --->   Operation 61 'read' 'p_lcssa50645104_read' <Predicate = true> <Delay = 0.00>
ST_1 : Operation 62 [1/1] (0.00ns)   --->   "%p_lcssa50655106_read = read i10 @_ssdm_op_Read.ap_auto.i10, i10 %p_lcssa50655106"   --->   Operation 62 'read' 'p_lcssa50655106_read' <Predicate = true> <Delay = 0.00>
ST_1 : Operation 63 [1/1] (0.00ns)   --->   "%p_lcssa50675108_read = read i10 @_ssdm_op_Read.ap_auto.i10, i10 %p_lcssa50675108"   --->   Operation 63 'read' 'p_lcssa50675108_read' <Predicate = true> <Delay = 0.00>
ST_1 : Operation 64 [1/1] (0.00ns)   --->   "%p_lcssa50685110_read = read i10 @_ssdm_op_Read.ap_auto.i10, i10 %p_lcssa50685110"   --->   Operation 64 'read' 'p_lcssa50685110_read' <Predicate = true> <Delay = 0.00>
ST_1 : Operation 65 [1/1] (0.00ns)   --->   "%p_lcssa52275233_read = read i10 @_ssdm_op_Read.ap_auto.i10, i10 %p_lcssa52275233"   --->   Operation 65 'read' 'p_lcssa52275233_read' <Predicate = true> <Delay = 0.00>
ST_1 : Operation 66 [1/1] (0.00ns)   --->   "%p_lcssa52285235_read = read i10 @_ssdm_op_Read.ap_auto.i10, i10 %p_lcssa52285235"   --->   Operation 66 'read' 'p_lcssa52285235_read' <Predicate = true> <Delay = 0.00>
ST_1 : Operation 67 [1/1] (0.00ns)   --->   "%p_lcssa52295237_read = read i10 @_ssdm_op_Read.ap_auto.i10, i10 %p_lcssa52295237"   --->   Operation 67 'read' 'p_lcssa52295237_read' <Predicate = true> <Delay = 0.00>
ST_1 : Operation 68 [1/1] (0.00ns)   --->   "%p_lcssa52305239_read = read i10 @_ssdm_op_Read.ap_auto.i10, i10 %p_lcssa52305239"   --->   Operation 68 'read' 'p_lcssa52305239_read' <Predicate = true> <Delay = 0.00>
ST_1 : Operation 69 [1/1] (0.00ns)   --->   "%p_lcssa52315241_read = read i10 @_ssdm_op_Read.ap_auto.i10, i10 %p_lcssa52315241"   --->   Operation 69 'read' 'p_lcssa52315241_read' <Predicate = true> <Delay = 0.00>
ST_1 : Operation 70 [1/1] (3.25ns)   --->   "%linebuf_yuv_3 = alloca i64 1" [C:/github/zybo_z7_cam_rpi_v2_5mp_hdmi/zybo_z7_imx219/zybo_z7_imx219.runs/design_1_v_demosaic_0_0_synth_1/prj/sol/.autopilot/db/v_demosaic.cpp:283]   --->   Operation 70 'alloca' 'linebuf_yuv_3' <Predicate = true> <Delay = 3.25> <CoreInst = "RAM">   --->   Core 81 'RAM' <Latency = 1> <II = 1> <Delay = 3.25> <Storage> <Opcode : 'load' 'store'> <Ports = 2> <Width = 10> <Depth = 1921> <RAM>
ST_1 : Operation 71 [1/1] (3.25ns)   --->   "%linebuf_yuv_2 = alloca i64 1" [C:/github/zybo_z7_cam_rpi_v2_5mp_hdmi/zybo_z7_imx219/zybo_z7_imx219.runs/design_1_v_demosaic_0_0_synth_1/prj/sol/.autopilot/db/v_demosaic.cpp:283]   --->   Operation 71 'alloca' 'linebuf_yuv_2' <Predicate = true> <Delay = 3.25> <CoreInst = "RAM">   --->   Core 81 'RAM' <Latency = 1> <II = 1> <Delay = 3.25> <Storage> <Opcode : 'load' 'store'> <Ports = 2> <Width = 10> <Depth = 1921> <RAM>
ST_1 : Operation 72 [1/1] (3.25ns)   --->   "%linebuf_yuv_1 = alloca i64 1" [C:/github/zybo_z7_cam_rpi_v2_5mp_hdmi/zybo_z7_imx219/zybo_z7_imx219.runs/design_1_v_demosaic_0_0_synth_1/prj/sol/.autopilot/db/v_demosaic.cpp:283]   --->   Operation 72 'alloca' 'linebuf_yuv_1' <Predicate = true> <Delay = 3.25> <CoreInst = "RAM">   --->   Core 81 'RAM' <Latency = 1> <II = 1> <Delay = 3.25> <Storage> <Opcode : 'load' 'store'> <Ports = 2> <Width = 10> <Depth = 1921> <RAM>
ST_1 : Operation 73 [1/1] (3.25ns)   --->   "%linebuf_yuv = alloca i64 1" [C:/github/zybo_z7_cam_rpi_v2_5mp_hdmi/zybo_z7_imx219/zybo_z7_imx219.runs/design_1_v_demosaic_0_0_synth_1/prj/sol/.autopilot/db/v_demosaic.cpp:283]   --->   Operation 73 'alloca' 'linebuf_yuv' <Predicate = true> <Delay = 3.25> <CoreInst = "RAM">   --->   Core 81 'RAM' <Latency = 1> <II = 1> <Delay = 3.25> <Storage> <Opcode : 'load' 'store'> <Ports = 2> <Width = 10> <Depth = 1921> <RAM>
ST_1 : Operation 74 [1/1] (0.00ns)   --->   "%zext_ln274 = zext i16 %height_val_read" [C:/github/zybo_z7_cam_rpi_v2_5mp_hdmi/zybo_z7_imx219/zybo_z7_imx219.runs/design_1_v_demosaic_0_0_synth_1/prj/sol/.autopilot/db/v_demosaic.cpp:274]   --->   Operation 74 'zext' 'zext_ln274' <Predicate = true> <Delay = 0.00>
ST_1 : Operation 75 [1/1] (2.10ns)   --->   "%icmp_ln346 = icmp_ult  i17 %y_read, i17 %zext_ln274" [C:/github/zybo_z7_cam_rpi_v2_5mp_hdmi/zybo_z7_imx219/zybo_z7_imx219.runs/design_1_v_demosaic_0_0_synth_1/prj/sol/.autopilot/db/v_demosaic.cpp:346]   --->   Operation 75 'icmp' 'icmp_ln346' <Predicate = true> <Delay = 2.10> <CoreInst = "Cmp">   --->   Core 9 'Cmp' <Latency = 0> <II = 1> <Delay = 2.10> <FuncUnit> <Opcode : 'seteq' 'setne' 'setle' 'setge' 'setlt' 'setgt'> <InPorts = 2> <OutPorts = 1>
ST_1 : Operation 76 [1/1] (2.10ns)   --->   "%icmp_ln403 = icmp_ne  i17 %y_read, i17 0" [C:/github/zybo_z7_cam_rpi_v2_5mp_hdmi/zybo_z7_imx219/zybo_z7_imx219.runs/design_1_v_demosaic_0_0_synth_1/prj/sol/.autopilot/db/v_demosaic.cpp:403]   --->   Operation 76 'icmp' 'icmp_ln403' <Predicate = true> <Delay = 2.10> <CoreInst = "Cmp">   --->   Core 9 'Cmp' <Latency = 0> <II = 1> <Delay = 2.10> <FuncUnit> <Opcode : 'seteq' 'setne' 'setle' 'setge' 'setlt' 'setgt'> <InPorts = 2> <OutPorts = 1>
ST_1 : Operation 77 [1/1] (0.00ns)   --->   "%zext_ln275 = zext i16 %width_val_read" [C:/github/zybo_z7_cam_rpi_v2_5mp_hdmi/zybo_z7_imx219/zybo_z7_imx219.runs/design_1_v_demosaic_0_0_synth_1/prj/sol/.autopilot/db/v_demosaic.cpp:275]   --->   Operation 77 'zext' 'zext_ln275' <Predicate = true> <Delay = 0.00>
ST_1 : Operation 78 [1/1] (0.00ns)   --->   "%zext_ln439 = zext i1 %tmp_24" [C:/github/zybo_z7_cam_rpi_v2_5mp_hdmi/zybo_z7_imx219/zybo_z7_imx219.runs/design_1_v_demosaic_0_0_synth_1/prj/sol/.autopilot/db/v_demosaic.cpp:439]   --->   Operation 78 'zext' 'zext_ln439' <Predicate = true> <Delay = 0.00>
ST_1 : Operation 79 [1/1] (1.94ns)   --->   "%icmp_ln506 = icmp_eq  i15 %zext_ln439, i15 %trunc_ln_read" [C:/github/zybo_z7_cam_rpi_v2_5mp_hdmi/zybo_z7_imx219/zybo_z7_imx219.runs/design_1_v_demosaic_0_0_synth_1/prj/sol/.autopilot/db/v_demosaic.cpp:506]   --->   Operation 79 'icmp' 'icmp_ln506' <Predicate = true> <Delay = 1.94> <CoreInst = "Cmp">   --->   Core 9 'Cmp' <Latency = 0> <II = 1> <Delay = 1.94> <FuncUnit> <Opcode : 'seteq' 'setne' 'setle' 'setge' 'setlt' 'setgt'> <InPorts = 2> <OutPorts = 1>
ST_1 : Operation 80 [1/1] (1.58ns)   --->   "%store_ln0 = store i10 %p_lcssa50685110_read, i10 %empty_152"   --->   Operation 80 'store' 'store_ln0' <Predicate = true> <Delay = 1.58>
ST_1 : Operation 81 [1/1] (1.58ns)   --->   "%store_ln0 = store i10 %p_lcssa50675108_read, i10 %empty_151"   --->   Operation 81 'store' 'store_ln0' <Predicate = true> <Delay = 1.58>
ST_1 : Operation 82 [1/1] (1.58ns)   --->   "%store_ln0 = store i10 %p_lcssa50655106_read, i10 %empty_150"   --->   Operation 82 'store' 'store_ln0' <Predicate = true> <Delay = 1.58>
ST_1 : Operation 83 [1/1] (1.58ns)   --->   "%store_ln0 = store i10 %p_lcssa50645104_read, i10 %empty_149"   --->   Operation 83 'store' 'store_ln0' <Predicate = true> <Delay = 1.58>
ST_1 : Operation 84 [1/1] (1.58ns)   --->   "%store_ln0 = store i10 %p_lcssa50635102_read, i10 %empty_148"   --->   Operation 84 'store' 'store_ln0' <Predicate = true> <Delay = 1.58>
ST_1 : Operation 85 [1/1] (1.58ns)   --->   "%store_ln0 = store i10 %p_lcssa50615100_read, i10 %empty_147"   --->   Operation 85 'store' 'store_ln0' <Predicate = true> <Delay = 1.58>
ST_1 : Operation 86 [1/1] (1.58ns)   --->   "%store_ln0 = store i10 %p_lcssa50605098_read, i10 %empty_146"   --->   Operation 86 'store' 'store_ln0' <Predicate = true> <Delay = 1.58>
ST_1 : Operation 87 [1/1] (1.58ns)   --->   "%store_ln0 = store i10 %p_lcssa50595096_read, i10 %empty_145"   --->   Operation 87 'store' 'store_ln0' <Predicate = true> <Delay = 1.58>
ST_1 : Operation 88 [1/1] (1.58ns)   --->   "%store_ln0 = store i10 %p_lcssa50575094_read, i10 %empty_144"   --->   Operation 88 'store' 'store_ln0' <Predicate = true> <Delay = 1.58>
ST_1 : Operation 89 [1/1] (1.58ns)   --->   "%store_ln0 = store i10 %p_lcssa50565092_read, i10 %empty_143"   --->   Operation 89 'store' 'store_ln0' <Predicate = true> <Delay = 1.58>
ST_1 : Operation 90 [1/1] (1.58ns)   --->   "%store_ln0 = store i10 %p_lcssa50555090_read, i10 %empty_142"   --->   Operation 90 'store' 'store_ln0' <Predicate = true> <Delay = 1.58>
ST_1 : Operation 91 [1/1] (1.58ns)   --->   "%store_ln0 = store i10 %p_lcssa50535088_read, i10 %empty_141"   --->   Operation 91 'store' 'store_ln0' <Predicate = true> <Delay = 1.58>
ST_1 : Operation 92 [1/1] (1.58ns)   --->   "%store_ln0 = store i10 %p_lcssa50525086_read, i10 %empty_140"   --->   Operation 92 'store' 'store_ln0' <Predicate = true> <Delay = 1.58>
ST_1 : Operation 93 [1/1] (1.58ns)   --->   "%store_ln0 = store i10 %p_lcssa50515084_read, i10 %empty_139"   --->   Operation 93 'store' 'store_ln0' <Predicate = true> <Delay = 1.58>
ST_1 : Operation 94 [1/1] (1.58ns)   --->   "%store_ln0 = store i10 %p_lcssa50495082_read, i10 %empty_138"   --->   Operation 94 'store' 'store_ln0' <Predicate = true> <Delay = 1.58>
ST_1 : Operation 95 [1/1] (1.58ns)   --->   "%store_ln0 = store i10 %p_lcssa52315241_read, i10 %empty_137"   --->   Operation 95 'store' 'store_ln0' <Predicate = true> <Delay = 1.58>
ST_1 : Operation 96 [1/1] (1.58ns)   --->   "%store_ln0 = store i10 %p_lcssa52305239_read, i10 %empty_136"   --->   Operation 96 'store' 'store_ln0' <Predicate = true> <Delay = 1.58>
ST_1 : Operation 97 [1/1] (1.58ns)   --->   "%store_ln0 = store i10 %p_lcssa52295237_read, i10 %empty_135"   --->   Operation 97 'store' 'store_ln0' <Predicate = true> <Delay = 1.58>
ST_1 : Operation 98 [1/1] (1.58ns)   --->   "%store_ln0 = store i10 %p_lcssa52285235_read, i10 %empty_134"   --->   Operation 98 'store' 'store_ln0' <Predicate = true> <Delay = 1.58>
ST_1 : Operation 99 [1/1] (1.58ns)   --->   "%store_ln0 = store i10 %p_lcssa52275233_read, i10 %empty_133"   --->   Operation 99 'store' 'store_ln0' <Predicate = true> <Delay = 1.58>
ST_1 : Operation 100 [1/1] (1.58ns)   --->   "%store_ln271 = store i17 0, i17 %x" [C:/github/zybo_z7_cam_rpi_v2_5mp_hdmi/zybo_z7_imx219/zybo_z7_imx219.runs/design_1_v_demosaic_0_0_synth_1/prj/sol/.autopilot/db/v_demosaic.cpp:271]   --->   Operation 100 'store' 'store_ln271' <Predicate = true> <Delay = 1.58>
ST_1 : Operation 101 [1/1] (0.00ns)   --->   "%br_ln318 = br void %for.body49" [C:/github/zybo_z7_cam_rpi_v2_5mp_hdmi/zybo_z7_imx219/zybo_z7_imx219.runs/design_1_v_demosaic_0_0_synth_1/prj/sol/.autopilot/db/v_demosaic.cpp:318]   --->   Operation 101 'br' 'br_ln318' <Predicate = true> <Delay = 0.00>
ST_1 : Operation 102 [1/1] (0.00ns)   --->   "%z = load i17 %x" [C:/github/zybo_z7_cam_rpi_v2_5mp_hdmi/zybo_z7_imx219/zybo_z7_imx219.runs/design_1_v_demosaic_0_0_synth_1/prj/sol/.autopilot/db/v_demosaic.cpp:326]   --->   Operation 102 'load' 'z' <Predicate = true> <Delay = 0.00>
ST_1 : Operation 103 [1/1] (2.10ns)   --->   "%icmp_ln318 = icmp_eq  i17 %z, i17 %loopWidth_read" [C:/github/zybo_z7_cam_rpi_v2_5mp_hdmi/zybo_z7_imx219/zybo_z7_imx219.runs/design_1_v_demosaic_0_0_synth_1/prj/sol/.autopilot/db/v_demosaic.cpp:318]   --->   Operation 103 'icmp' 'icmp_ln318' <Predicate = true> <Delay = 2.10> <CoreInst = "Cmp">   --->   Core 9 'Cmp' <Latency = 0> <II = 1> <Delay = 2.10> <FuncUnit> <Opcode : 'seteq' 'setne' 'setle' 'setge' 'setlt' 'setgt'> <InPorts = 2> <OutPorts = 1>
ST_1 : Operation 104 [1/1] (2.10ns)   --->   "%x_11 = add i17 %z, i17 1" [C:/github/zybo_z7_cam_rpi_v2_5mp_hdmi/zybo_z7_imx219/zybo_z7_imx219.runs/design_1_v_demosaic_0_0_synth_1/prj/sol/.autopilot/db/v_demosaic.cpp:323]   --->   Operation 104 'add' 'x_11' <Predicate = true> <Delay = 2.10> <CoreInst = "Adder">   --->   Core 1 'Adder' <Latency = 0> <II = 1> <Delay = 2.10> <FuncUnit> <Opcode : 'add' 'sub'> <InPorts = 2> <OutPorts = 1>
ST_1 : Operation 105 [1/1] (0.00ns)   --->   "%br_ln318 = br i1 %icmp_ln318, void %for.body49.split, void %for.inc748.exitStub" [C:/github/zybo_z7_cam_rpi_v2_5mp_hdmi/zybo_z7_imx219/zybo_z7_imx219.runs/design_1_v_demosaic_0_0_synth_1/prj/sol/.autopilot/db/v_demosaic.cpp:318]   --->   Operation 105 'br' 'br_ln318' <Predicate = true> <Delay = 0.00>
ST_1 : Operation 106 [1/1] (0.00ns)   --->   "%specpipeline_ln321 = specpipeline void @_ssdm_op_SpecPipeline, i32 1, i32 0, i32 0, i32 0, i32 4294967295, void @empty_14" [C:/github/zybo_z7_cam_rpi_v2_5mp_hdmi/zybo_z7_imx219/zybo_z7_imx219.runs/design_1_v_demosaic_0_0_synth_1/prj/sol/.autopilot/db/v_demosaic.cpp:321]   --->   Operation 106 'specpipeline' 'specpipeline_ln321' <Predicate = (!icmp_ln318)> <Delay = 0.00>
ST_1 : Operation 107 [1/1] (0.00ns)   --->   "%speclooptripcount_ln282 = speclooptripcount void @_ssdm_op_SpecLoopTripCount, i64 2, i64 65537, i64 32769" [C:/github/zybo_z7_cam_rpi_v2_5mp_hdmi/zybo_z7_imx219/zybo_z7_imx219.runs/design_1_v_demosaic_0_0_synth_1/prj/sol/.autopilot/db/v_demosaic.cpp:282]   --->   Operation 107 'speclooptripcount' 'speclooptripcount_ln282' <Predicate = (!icmp_ln318)> <Delay = 0.00>
ST_1 : Operation 108 [1/1] (0.00ns)   --->   "%specloopname_ln318 = specloopname void @_ssdm_op_SpecLoopName, void @empty_4" [C:/github/zybo_z7_cam_rpi_v2_5mp_hdmi/zybo_z7_imx219/zybo_z7_imx219.runs/design_1_v_demosaic_0_0_synth_1/prj/sol/.autopilot/db/v_demosaic.cpp:318]   --->   Operation 108 'specloopname' 'specloopname_ln318' <Predicate = (!icmp_ln318)> <Delay = 0.00>
ST_1 : Operation 109 [1/1] (0.00ns)   --->   "%zext_ln318 = zext i17 %x_11" [C:/github/zybo_z7_cam_rpi_v2_5mp_hdmi/zybo_z7_imx219/zybo_z7_imx219.runs/design_1_v_demosaic_0_0_synth_1/prj/sol/.autopilot/db/v_demosaic.cpp:318]   --->   Operation 109 'zext' 'zext_ln318' <Predicate = (!icmp_ln318)> <Delay = 0.00>
ST_1 : Operation 110 [1/1] (2.10ns)   --->   "%out_x = add i17 %z, i17 131070" [C:/github/zybo_z7_cam_rpi_v2_5mp_hdmi/zybo_z7_imx219/zybo_z7_imx219.runs/design_1_v_demosaic_0_0_synth_1/prj/sol/.autopilot/db/v_demosaic.cpp:326]   --->   Operation 110 'add' 'out_x' <Predicate = (!icmp_ln318)> <Delay = 2.10> <CoreInst = "Adder">   --->   Core 1 'Adder' <Latency = 0> <II = 1> <Delay = 2.10> <FuncUnit> <Opcode : 'add' 'sub'> <InPorts = 2> <OutPorts = 1>
ST_1 : Operation 111 [1/1] (0.00ns)   --->   "%trunc_ln279 = trunc i17 %out_x" [C:/github/zybo_z7_cam_rpi_v2_5mp_hdmi/zybo_z7_imx219/zybo_z7_imx219.runs/design_1_v_demosaic_0_0_synth_1/prj/sol/.autopilot/db/v_demosaic.cpp:279]   --->   Operation 111 'trunc' 'trunc_ln279' <Predicate = (!icmp_ln318)> <Delay = 0.00>
ST_1 : Operation 112 [1/1] (2.10ns)   --->   "%icmp_ln328 = icmp_ult  i17 %z, i17 %zext_ln275" [C:/github/zybo_z7_cam_rpi_v2_5mp_hdmi/zybo_z7_imx219/zybo_z7_imx219.runs/design_1_v_demosaic_0_0_synth_1/prj/sol/.autopilot/db/v_demosaic.cpp:328]   --->   Operation 112 'icmp' 'icmp_ln328' <Predicate = (!icmp_ln318)> <Delay = 2.10> <CoreInst = "Cmp">   --->   Core 9 'Cmp' <Latency = 0> <II = 1> <Delay = 2.10> <FuncUnit> <Opcode : 'seteq' 'setne' 'setle' 'setge' 'setlt' 'setgt'> <InPorts = 2> <OutPorts = 1>
ST_1 : Operation 113 [1/1] (1.58ns)   --->   "%br_ln328 = br i1 %icmp_ln328, void %for.body226_ifconv, void %VITIS_LOOP_331_5" [C:/github/zybo_z7_cam_rpi_v2_5mp_hdmi/zybo_z7_imx219/zybo_z7_imx219.runs/design_1_v_demosaic_0_0_synth_1/prj/sol/.autopilot/db/v_demosaic.cpp:328]   --->   Operation 113 'br' 'br_ln328' <Predicate = (!icmp_ln318)> <Delay = 1.58>
ST_1 : Operation 114 [1/1] (0.00ns)   --->   "%linebuf_yuv_addr = getelementptr i10 %linebuf_yuv, i64 0, i64 %zext_ln318" [c:/github/zybo_z7_cam_rpi_v2_5mp_hdmi/zybo_z7_imx219/zybo_z7_imx219.gen/sources_1/bd/design_1/ip/design_1_v_demosaic_0_0/src/hls/hls_video_mem.h:850->C:/github/zybo_z7_cam_rpi_v2_5mp_hdmi/zybo_z7_imx219/zybo_z7_imx219.runs/design_1_v_demosaic_0_0_synth_1/prj/sol/.autopilot/db/v_demosaic.cpp:333]   --->   Operation 114 'getelementptr' 'linebuf_yuv_addr' <Predicate = (!icmp_ln318 & icmp_ln328)> <Delay = 0.00>
ST_1 : Operation 115 [2/2] (3.25ns)   --->   "%LineBufVal = load i11 %linebuf_yuv_addr" [C:/github/zybo_z7_cam_rpi_v2_5mp_hdmi/zybo_z7_imx219/zybo_z7_imx219.runs/design_1_v_demosaic_0_0_synth_1/prj/sol/.autopilot/db/v_demosaic.cpp:333]   --->   Operation 115 'load' 'LineBufVal' <Predicate = (!icmp_ln318 & icmp_ln328)> <Delay = 3.25> <CoreInst = "RAM">   --->   Core 81 'RAM' <Latency = 1> <II = 1> <Delay = 3.25> <Storage> <Opcode : 'load' 'store'> <Ports = 2> <Width = 10> <Depth = 1921> <RAM>
ST_1 : Operation 116 [1/1] (0.00ns)   --->   "%linebuf_yuv_1_addr = getelementptr i10 %linebuf_yuv_1, i64 0, i64 %zext_ln318" [c:/github/zybo_z7_cam_rpi_v2_5mp_hdmi/zybo_z7_imx219/zybo_z7_imx219.gen/sources_1/bd/design_1/ip/design_1_v_demosaic_0_0/src/hls/hls_video_mem.h:850->C:/github/zybo_z7_cam_rpi_v2_5mp_hdmi/zybo_z7_imx219/zybo_z7_imx219.runs/design_1_v_demosaic_0_0_synth_1/prj/sol/.autopilot/db/v_demosaic.cpp:333]   --->   Operation 116 'getelementptr' 'linebuf_yuv_1_addr' <Predicate = (!icmp_ln318 & icmp_ln328)> <Delay = 0.00>
ST_1 : Operation 117 [2/2] (3.25ns)   --->   "%LineBufVal_5 = load i11 %linebuf_yuv_1_addr" [C:/github/zybo_z7_cam_rpi_v2_5mp_hdmi/zybo_z7_imx219/zybo_z7_imx219.runs/design_1_v_demosaic_0_0_synth_1/prj/sol/.autopilot/db/v_demosaic.cpp:333]   --->   Operation 117 'load' 'LineBufVal_5' <Predicate = (!icmp_ln318 & icmp_ln328)> <Delay = 3.25> <CoreInst = "RAM">   --->   Core 81 'RAM' <Latency = 1> <II = 1> <Delay = 3.25> <Storage> <Opcode : 'load' 'store'> <Ports = 2> <Width = 10> <Depth = 1921> <RAM>
ST_1 : Operation 118 [1/1] (0.00ns)   --->   "%linebuf_yuv_2_addr = getelementptr i10 %linebuf_yuv_2, i64 0, i64 %zext_ln318" [c:/github/zybo_z7_cam_rpi_v2_5mp_hdmi/zybo_z7_imx219/zybo_z7_imx219.gen/sources_1/bd/design_1/ip/design_1_v_demosaic_0_0/src/hls/hls_video_mem.h:850->C:/github/zybo_z7_cam_rpi_v2_5mp_hdmi/zybo_z7_imx219/zybo_z7_imx219.runs/design_1_v_demosaic_0_0_synth_1/prj/sol/.autopilot/db/v_demosaic.cpp:333]   --->   Operation 118 'getelementptr' 'linebuf_yuv_2_addr' <Predicate = (!icmp_ln318 & icmp_ln328)> <Delay = 0.00>
ST_1 : Operation 119 [2/2] (3.25ns)   --->   "%LineBufVal_6 = load i11 %linebuf_yuv_2_addr" [C:/github/zybo_z7_cam_rpi_v2_5mp_hdmi/zybo_z7_imx219/zybo_z7_imx219.runs/design_1_v_demosaic_0_0_synth_1/prj/sol/.autopilot/db/v_demosaic.cpp:333]   --->   Operation 119 'load' 'LineBufVal_6' <Predicate = (!icmp_ln318 & icmp_ln328)> <Delay = 3.25> <CoreInst = "RAM">   --->   Core 81 'RAM' <Latency = 1> <II = 1> <Delay = 3.25> <Storage> <Opcode : 'load' 'store'> <Ports = 2> <Width = 10> <Depth = 1921> <RAM>
ST_1 : Operation 120 [1/1] (0.00ns)   --->   "%linebuf_yuv_3_addr = getelementptr i10 %linebuf_yuv_3, i64 0, i64 %zext_ln318" [c:/github/zybo_z7_cam_rpi_v2_5mp_hdmi/zybo_z7_imx219/zybo_z7_imx219.gen/sources_1/bd/design_1/ip/design_1_v_demosaic_0_0/src/hls/hls_video_mem.h:850->C:/github/zybo_z7_cam_rpi_v2_5mp_hdmi/zybo_z7_imx219/zybo_z7_imx219.runs/design_1_v_demosaic_0_0_synth_1/prj/sol/.autopilot/db/v_demosaic.cpp:333]   --->   Operation 120 'getelementptr' 'linebuf_yuv_3_addr' <Predicate = (!icmp_ln318 & icmp_ln328)> <Delay = 0.00>
ST_1 : Operation 121 [2/2] (3.25ns)   --->   "%LineBufVal_7 = load i11 %linebuf_yuv_3_addr" [C:/github/zybo_z7_cam_rpi_v2_5mp_hdmi/zybo_z7_imx219/zybo_z7_imx219.runs/design_1_v_demosaic_0_0_synth_1/prj/sol/.autopilot/db/v_demosaic.cpp:333]   --->   Operation 121 'load' 'LineBufVal_7' <Predicate = (!icmp_ln318 & icmp_ln328)> <Delay = 3.25> <CoreInst = "RAM">   --->   Core 81 'RAM' <Latency = 1> <II = 1> <Delay = 3.25> <Storage> <Opcode : 'load' 'store'> <Ports = 2> <Width = 10> <Depth = 1921> <RAM>
ST_1 : Operation 122 [1/1] (1.58ns)   --->   "%br_ln346 = br i1 %icmp_ln346, void %VITIS_LOOP_372_11, void %VITIS_LOOP_349_8" [C:/github/zybo_z7_cam_rpi_v2_5mp_hdmi/zybo_z7_imx219/zybo_z7_imx219.runs/design_1_v_demosaic_0_0_synth_1/prj/sol/.autopilot/db/v_demosaic.cpp:346]   --->   Operation 122 'br' 'br_ln346' <Predicate = (!icmp_ln318 & icmp_ln328)> <Delay = 1.58>
ST_1 : Operation 123 [1/1] (1.58ns)   --->   "%br_ln357 = br void %VITIS_LOOP_372_11" [C:/github/zybo_z7_cam_rpi_v2_5mp_hdmi/zybo_z7_imx219/zybo_z7_imx219.runs/design_1_v_demosaic_0_0_synth_1/prj/sol/.autopilot/db/v_demosaic.cpp:357]   --->   Operation 123 'br' 'br_ln357' <Predicate = (!icmp_ln318 & icmp_ln328 & icmp_ln346)> <Delay = 1.58>
ST_1 : Operation 124 [1/1] (2.10ns)   --->   "%icmp_ln387 = icmp_eq  i17 %z, i17 0" [C:/github/zybo_z7_cam_rpi_v2_5mp_hdmi/zybo_z7_imx219/zybo_z7_imx219.runs/design_1_v_demosaic_0_0_synth_1/prj/sol/.autopilot/db/v_demosaic.cpp:387]   --->   Operation 124 'icmp' 'icmp_ln387' <Predicate = (!icmp_ln318 & icmp_ln328)> <Delay = 2.10> <CoreInst = "Cmp">   --->   Core 9 'Cmp' <Latency = 0> <II = 1> <Delay = 2.10> <FuncUnit> <Opcode : 'seteq' 'setne' 'setle' 'setge' 'setlt' 'setgt'> <InPorts = 2> <OutPorts = 1>
ST_1 : Operation 125 [1/1] (0.00ns) (grouped into LUT with out node icmp_ln439)   --->   "%xor_ln439_1 = xor i1 %trunc_ln279, i1 %tmp" [C:/github/zybo_z7_cam_rpi_v2_5mp_hdmi/zybo_z7_imx219/zybo_z7_imx219.runs/design_1_v_demosaic_0_0_synth_1/prj/sol/.autopilot/db/v_demosaic.cpp:439]   --->   Operation 125 'xor' 'xor_ln439_1' <Predicate = (!icmp_ln318)> <Delay = 0.00> <CoreInst = "LogicGate">   --->   Core 74 'LogicGate' <Latency = 0> <II = 1> <Delay = 0.97> <FuncUnit> <Opcode : 'and' 'or' 'xor'> <InPorts = 2> <OutPorts = 1>
ST_1 : Operation 126 [1/1] (0.00ns) (grouped into LUT with out node icmp_ln439)   --->   "%zext_ln439_1 = zext i1 %xor_ln439_1" [C:/github/zybo_z7_cam_rpi_v2_5mp_hdmi/zybo_z7_imx219/zybo_z7_imx219.runs/design_1_v_demosaic_0_0_synth_1/prj/sol/.autopilot/db/v_demosaic.cpp:439]   --->   Operation 126 'zext' 'zext_ln439_1' <Predicate = (!icmp_ln318)> <Delay = 0.00>
ST_1 : Operation 127 [1/1] (1.94ns) (out node of the LUT)   --->   "%icmp_ln439 = icmp_eq  i15 %xor_ln439_read, i15 %zext_ln439_1" [C:/github/zybo_z7_cam_rpi_v2_5mp_hdmi/zybo_z7_imx219/zybo_z7_imx219.runs/design_1_v_demosaic_0_0_synth_1/prj/sol/.autopilot/db/v_demosaic.cpp:439]   --->   Operation 127 'icmp' 'icmp_ln439' <Predicate = (!icmp_ln318)> <Delay = 1.94> <CoreInst = "Cmp">   --->   Core 9 'Cmp' <Latency = 0> <II = 1> <Delay = 1.94> <FuncUnit> <Opcode : 'seteq' 'setne' 'setle' 'setge' 'setlt' 'setgt'> <InPorts = 2> <OutPorts = 1>
ST_1 : Operation 128 [1/1] (1.00ns)   --->   "%or_ln585 = or i17 %out_x, i17 %out_y_read" [C:/github/zybo_z7_cam_rpi_v2_5mp_hdmi/zybo_z7_imx219/zybo_z7_imx219.runs/design_1_v_demosaic_0_0_synth_1/prj/sol/.autopilot/db/v_demosaic.cpp:585]   --->   Operation 128 'or' 'or_ln585' <Predicate = (!icmp_ln318)> <Delay = 1.00> <CoreInst = "LogicGate">   --->   Core 74 'LogicGate' <Latency = 0> <II = 1> <Delay = 1.00> <FuncUnit> <Opcode : 'and' 'or' 'xor'> <InPorts = 2> <OutPorts = 1>
ST_1 : Operation 129 [1/1] (0.00ns)   --->   "%tmp_52 = bitselect i1 @_ssdm_op_BitSelect.i1.i17.i32, i17 %or_ln585, i32 16" [C:/github/zybo_z7_cam_rpi_v2_5mp_hdmi/zybo_z7_imx219/zybo_z7_imx219.runs/design_1_v_demosaic_0_0_synth_1/prj/sol/.autopilot/db/v_demosaic.cpp:585]   --->   Operation 129 'bitselect' 'tmp_52' <Predicate = (!icmp_ln318)> <Delay = 0.00>
ST_1 : Operation 130 [1/1] (0.00ns)   --->   "%br_ln585 = br i1 %tmp_52, void %if.then743, void %for.inc745" [C:/github/zybo_z7_cam_rpi_v2_5mp_hdmi/zybo_z7_imx219/zybo_z7_imx219.runs/design_1_v_demosaic_0_0_synth_1/prj/sol/.autopilot/db/v_demosaic.cpp:585]   --->   Operation 130 'br' 'br_ln585' <Predicate = (!icmp_ln318)> <Delay = 0.00>
ST_1 : Operation 131 [1/1] (1.58ns)   --->   "%store_ln271 = store i17 %x_11, i17 %x" [C:/github/zybo_z7_cam_rpi_v2_5mp_hdmi/zybo_z7_imx219/zybo_z7_imx219.runs/design_1_v_demosaic_0_0_synth_1/prj/sol/.autopilot/db/v_demosaic.cpp:271]   --->   Operation 131 'store' 'store_ln271' <Predicate = (!icmp_ln318)> <Delay = 1.58>

State 2 <SV = 1> <Delay = 6.88>
ST_2 : Operation 132 [1/1] (0.00ns)   --->   "%p_load220 = load i10 %empty_133"   --->   Operation 132 'load' 'p_load220' <Predicate = true> <Delay = 0.00>
ST_2 : Operation 133 [1/1] (0.00ns)   --->   "%p_load218 = load i10 %empty_134"   --->   Operation 133 'load' 'p_load218' <Predicate = true> <Delay = 0.00>
ST_2 : Operation 134 [1/1] (0.00ns)   --->   "%p_load216 = load i10 %empty_135"   --->   Operation 134 'load' 'p_load216' <Predicate = true> <Delay = 0.00>
ST_2 : Operation 135 [1/1] (0.00ns)   --->   "%p_load214 = load i10 %empty_136"   --->   Operation 135 'load' 'p_load214' <Predicate = true> <Delay = 0.00>
ST_2 : Operation 136 [1/1] (0.00ns)   --->   "%p_load212 = load i10 %empty_137"   --->   Operation 136 'load' 'p_load212' <Predicate = true> <Delay = 0.00>
ST_2 : Operation 137 [1/2] ( I:3.25ns O:3.25ns )   --->   "%LineBufVal = load i11 %linebuf_yuv_addr" [C:/github/zybo_z7_cam_rpi_v2_5mp_hdmi/zybo_z7_imx219/zybo_z7_imx219.runs/design_1_v_demosaic_0_0_synth_1/prj/sol/.autopilot/db/v_demosaic.cpp:333]   --->   Operation 137 'load' 'LineBufVal' <Predicate = (!icmp_ln318 & icmp_ln328)> <Delay = 3.25> <CoreInst = "RAM">   --->   Core 81 'RAM' <Latency = 1> <II = 1> <Delay = 3.25> <Storage> <Opcode : 'load' 'store'> <Ports = 2> <Width = 10> <Depth = 1921> <RAM>
ST_2 : Operation 138 [1/2] ( I:3.25ns O:3.25ns )   --->   "%LineBufVal_5 = load i11 %linebuf_yuv_1_addr" [C:/github/zybo_z7_cam_rpi_v2_5mp_hdmi/zybo_z7_imx219/zybo_z7_imx219.runs/design_1_v_demosaic_0_0_synth_1/prj/sol/.autopilot/db/v_demosaic.cpp:333]   --->   Operation 138 'load' 'LineBufVal_5' <Predicate = (!icmp_ln318 & icmp_ln328)> <Delay = 3.25> <CoreInst = "RAM">   --->   Core 81 'RAM' <Latency = 1> <II = 1> <Delay = 3.25> <Storage> <Opcode : 'load' 'store'> <Ports = 2> <Width = 10> <Depth = 1921> <RAM>
ST_2 : Operation 139 [1/2] ( I:3.25ns O:3.25ns )   --->   "%LineBufVal_6 = load i11 %linebuf_yuv_2_addr" [C:/github/zybo_z7_cam_rpi_v2_5mp_hdmi/zybo_z7_imx219/zybo_z7_imx219.runs/design_1_v_demosaic_0_0_synth_1/prj/sol/.autopilot/db/v_demosaic.cpp:333]   --->   Operation 139 'load' 'LineBufVal_6' <Predicate = (!icmp_ln318 & icmp_ln328)> <Delay = 3.25> <CoreInst = "RAM">   --->   Core 81 'RAM' <Latency = 1> <II = 1> <Delay = 3.25> <Storage> <Opcode : 'load' 'store'> <Ports = 2> <Width = 10> <Depth = 1921> <RAM>
ST_2 : Operation 140 [1/2] ( I:3.25ns O:3.25ns )   --->   "%LineBufVal_7 = load i11 %linebuf_yuv_3_addr" [C:/github/zybo_z7_cam_rpi_v2_5mp_hdmi/zybo_z7_imx219/zybo_z7_imx219.runs/design_1_v_demosaic_0_0_synth_1/prj/sol/.autopilot/db/v_demosaic.cpp:333]   --->   Operation 140 'load' 'LineBufVal_7' <Predicate = (!icmp_ln318 & icmp_ln328)> <Delay = 3.25> <CoreInst = "RAM">   --->   Core 81 'RAM' <Latency = 1> <II = 1> <Delay = 3.25> <Storage> <Opcode : 'load' 'store'> <Ports = 2> <Width = 10> <Depth = 1921> <RAM>
ST_2 : Operation 141 [1/1] ( I:3.63ns O:3.63ns )   --->   "%imgBayer_read = read i10 @_ssdm_op_Read.ap_fifo.volatile.i10P0A, i10 %imgBayer" [C:/github/zybo_z7_cam_rpi_v2_5mp_hdmi/zybo_z7_imx219/zybo_z7_imx219.runs/design_1_v_demosaic_0_0_synth_1/prj/sol/.autopilot/db/v_demosaic.cpp:348]   --->   Operation 141 'read' 'imgBayer_read' <Predicate = (!icmp_ln318 & icmp_ln328 & icmp_ln346)> <Delay = 3.63> <CoreInst = "FIFO_SRL">   --->   Core 80 'FIFO_SRL' <Latency = 0> <II = 1> <Delay = 3.63> <Storage> <Opcode : 'read' 'write' 'nbread' 'nbwrite'> <Ports = 0> <Width = 10> <Depth = 2> <FIFO>
ST_2 : Operation 142 [1/1] ( I:3.25ns O:3.25ns )   --->   "%store_ln812 = store i10 %imgBayer_read, i11 %linebuf_yuv_addr" [c:/github/zybo_z7_cam_rpi_v2_5mp_hdmi/zybo_z7_imx219/zybo_z7_imx219.gen/sources_1/bd/design_1/ip/design_1_v_demosaic_0_0/src/hls/hls_video_mem.h:812->c:/github/zybo_z7_cam_rpi_v2_5mp_hdmi/zybo_z7_imx219/zybo_z7_imx219.gen/sources_1/bd/design_1/ip/design_1_v_demosaic_0_0/src/hls/hls_video_mem.h:888->C:/github/zybo_z7_cam_rpi_v2_5mp_hdmi/zybo_z7_imx219/zybo_z7_imx219.runs/design_1_v_demosaic_0_0_synth_1/prj/sol/.autopilot/db/v_demosaic.cpp:354]   --->   Operation 142 'store' 'store_ln812' <Predicate = (!icmp_ln318 & icmp_ln328 & icmp_ln346)> <Delay = 3.25> <CoreInst = "RAM">   --->   Core 81 'RAM' <Latency = 1> <II = 1> <Delay = 3.25> <Storage> <Opcode : 'load' 'store'> <Ports = 2> <Width = 10> <Depth = 1921> <RAM>
ST_2 : Operation 143 [1/1] (0.00ns)   --->   "%p_ph = phi i10 %imgBayer_read, void %VITIS_LOOP_349_8, i10 %LineBufVal, void %VITIS_LOOP_331_5"   --->   Operation 143 'phi' 'p_ph' <Predicate = (!icmp_ln318 & icmp_ln328)> <Delay = 0.00>
ST_2 : Operation 144 [1/1] (1.58ns)   --->   "%store_ln348 = store i10 %p_ph, i10 %empty_137" [C:/github/zybo_z7_cam_rpi_v2_5mp_hdmi/zybo_z7_imx219/zybo_z7_imx219.runs/design_1_v_demosaic_0_0_synth_1/prj/sol/.autopilot/db/v_demosaic.cpp:348]   --->   Operation 144 'store' 'store_ln348' <Predicate = (!icmp_ln318 & icmp_ln328)> <Delay = 1.58>
ST_2 : Operation 145 [1/1] (1.58ns)   --->   "%store_ln333 = store i10 %LineBufVal, i10 %empty_136" [C:/github/zybo_z7_cam_rpi_v2_5mp_hdmi/zybo_z7_imx219/zybo_z7_imx219.runs/design_1_v_demosaic_0_0_synth_1/prj/sol/.autopilot/db/v_demosaic.cpp:333]   --->   Operation 145 'store' 'store_ln333' <Predicate = (!icmp_ln318 & icmp_ln328)> <Delay = 1.58>
ST_2 : Operation 146 [1/1] (1.58ns)   --->   "%store_ln333 = store i10 %LineBufVal_5, i10 %empty_135" [C:/github/zybo_z7_cam_rpi_v2_5mp_hdmi/zybo_z7_imx219/zybo_z7_imx219.runs/design_1_v_demosaic_0_0_synth_1/prj/sol/.autopilot/db/v_demosaic.cpp:333]   --->   Operation 146 'store' 'store_ln333' <Predicate = (!icmp_ln318 & icmp_ln328)> <Delay = 1.58>
ST_2 : Operation 147 [1/1] (1.58ns)   --->   "%store_ln333 = store i10 %LineBufVal_6, i10 %empty_134" [C:/github/zybo_z7_cam_rpi_v2_5mp_hdmi/zybo_z7_imx219/zybo_z7_imx219.runs/design_1_v_demosaic_0_0_synth_1/prj/sol/.autopilot/db/v_demosaic.cpp:333]   --->   Operation 147 'store' 'store_ln333' <Predicate = (!icmp_ln318 & icmp_ln328)> <Delay = 1.58>
ST_2 : Operation 148 [1/1] (1.58ns)   --->   "%store_ln333 = store i10 %LineBufVal_7, i10 %empty_133" [C:/github/zybo_z7_cam_rpi_v2_5mp_hdmi/zybo_z7_imx219/zybo_z7_imx219.runs/design_1_v_demosaic_0_0_synth_1/prj/sol/.autopilot/db/v_demosaic.cpp:333]   --->   Operation 148 'store' 'store_ln333' <Predicate = (!icmp_ln318 & icmp_ln328)> <Delay = 1.58>

State 3 <SV = 2> <Delay = 6.06>
ST_3 : Operation 149 [1/1] (0.00ns)   --->   "%p_load211 = load i10 %empty_138"   --->   Operation 149 'load' 'p_load211' <Predicate = true> <Delay = 0.00>
ST_3 : Operation 150 [1/1] (0.00ns)   --->   "%p_load210 = load i10 %empty_139"   --->   Operation 150 'load' 'p_load210' <Predicate = true> <Delay = 0.00>
ST_3 : Operation 151 [1/1] (0.00ns)   --->   "%p_load209 = load i10 %empty_140"   --->   Operation 151 'load' 'p_load209' <Predicate = true> <Delay = 0.00>
ST_3 : Operation 152 [1/1] (0.00ns)   --->   "%p_load208 = load i10 %empty_141"   --->   Operation 152 'load' 'p_load208' <Predicate = true> <Delay = 0.00>
ST_3 : Operation 153 [1/1] (0.00ns)   --->   "%p_load207 = load i10 %empty_142"   --->   Operation 153 'load' 'p_load207' <Predicate = true> <Delay = 0.00>
ST_3 : Operation 154 [1/1] (0.00ns)   --->   "%p_load206 = load i10 %empty_143"   --->   Operation 154 'load' 'p_load206' <Predicate = true> <Delay = 0.00>
ST_3 : Operation 155 [1/1] (0.00ns)   --->   "%p_load205 = load i10 %empty_144"   --->   Operation 155 'load' 'p_load205' <Predicate = true> <Delay = 0.00>
ST_3 : Operation 156 [1/1] (0.00ns)   --->   "%p_load204 = load i10 %empty_145"   --->   Operation 156 'load' 'p_load204' <Predicate = true> <Delay = 0.00>
ST_3 : Operation 157 [1/1] (0.00ns)   --->   "%p_load203 = load i10 %empty_146"   --->   Operation 157 'load' 'p_load203' <Predicate = true> <Delay = 0.00>
ST_3 : Operation 158 [1/1] (0.00ns)   --->   "%p_load202 = load i10 %empty_147"   --->   Operation 158 'load' 'p_load202' <Predicate = true> <Delay = 0.00>
ST_3 : Operation 159 [1/1] (0.00ns)   --->   "%p_load201 = load i10 %empty_148"   --->   Operation 159 'load' 'p_load201' <Predicate = true> <Delay = 0.00>
ST_3 : Operation 160 [1/1] (0.00ns)   --->   "%p_load200 = load i10 %empty_149"   --->   Operation 160 'load' 'p_load200' <Predicate = true> <Delay = 0.00>
ST_3 : Operation 161 [1/1] (0.00ns)   --->   "%p_load199 = load i10 %empty_150"   --->   Operation 161 'load' 'p_load199' <Predicate = true> <Delay = 0.00>
ST_3 : Operation 162 [1/1] (0.00ns)   --->   "%p_load198 = load i10 %empty_151"   --->   Operation 162 'load' 'p_load198' <Predicate = true> <Delay = 0.00>
ST_3 : Operation 163 [1/1] (0.00ns)   --->   "%p_load = load i10 %empty_152"   --->   Operation 163 'load' 'p_load' <Predicate = true> <Delay = 0.00>
ST_3 : Operation 164 [1/1] (0.68ns)   --->   "%select_ln387 = select i1 %icmp_ln387, i10 %LineBufVal_6, i10 %p_load218" [C:/github/zybo_z7_cam_rpi_v2_5mp_hdmi/zybo_z7_imx219/zybo_z7_imx219.runs/design_1_v_demosaic_0_0_synth_1/prj/sol/.autopilot/db/v_demosaic.cpp:387]   --->   Operation 164 'select' 'select_ln387' <Predicate = (!icmp_ln318 & icmp_ln328)> <Delay = 0.68> <CoreInst = "Sel">   --->   Core 73 'Sel' <Latency = 0> <II = 1> <Delay = 0.68> <FuncUnit> <Opcode : 'select'> <InPorts = 3> <OutPorts = 1>
ST_3 : Operation 165 [1/1] (0.68ns)   --->   "%select_ln387_1 = select i1 %icmp_ln387, i10 %LineBufVal_6, i10 %p_load206" [C:/github/zybo_z7_cam_rpi_v2_5mp_hdmi/zybo_z7_imx219/zybo_z7_imx219.runs/design_1_v_demosaic_0_0_synth_1/prj/sol/.autopilot/db/v_demosaic.cpp:387]   --->   Operation 165 'select' 'select_ln387_1' <Predicate = (!icmp_ln318 & icmp_ln328)> <Delay = 0.68> <CoreInst = "Sel">   --->   Core 73 'Sel' <Latency = 0> <II = 1> <Delay = 0.68> <FuncUnit> <Opcode : 'select'> <InPorts = 3> <OutPorts = 1>
ST_3 : Operation 166 [1/1] (0.68ns)   --->   "%select_ln387_2 = select i1 %icmp_ln387, i10 %LineBufVal_6, i10 %p_load208" [C:/github/zybo_z7_cam_rpi_v2_5mp_hdmi/zybo_z7_imx219/zybo_z7_imx219.runs/design_1_v_demosaic_0_0_synth_1/prj/sol/.autopilot/db/v_demosaic.cpp:387]   --->   Operation 166 'select' 'select_ln387_2' <Predicate = (!icmp_ln318 & icmp_ln328 & icmp_ln439)> <Delay = 0.68> <CoreInst = "Sel">   --->   Core 73 'Sel' <Latency = 0> <II = 1> <Delay = 0.68> <FuncUnit> <Opcode : 'select'> <InPorts = 3> <OutPorts = 1>
ST_3 : Operation 167 [1/1] (0.68ns)   --->   "%select_ln387_3 = select i1 %icmp_ln387, i10 %LineBufVal_6, i10 %p_load207" [C:/github/zybo_z7_cam_rpi_v2_5mp_hdmi/zybo_z7_imx219/zybo_z7_imx219.runs/design_1_v_demosaic_0_0_synth_1/prj/sol/.autopilot/db/v_demosaic.cpp:387]   --->   Operation 167 'select' 'select_ln387_3' <Predicate = (!icmp_ln318 & icmp_ln328)> <Delay = 0.68> <CoreInst = "Sel">   --->   Core 73 'Sel' <Latency = 0> <II = 1> <Delay = 0.68> <FuncUnit> <Opcode : 'select'> <InPorts = 3> <OutPorts = 1>
ST_3 : Operation 168 [1/1] (0.68ns)   --->   "%select_ln387_4 = select i1 %icmp_ln387, i10 %LineBufVal_7, i10 %p_load220" [C:/github/zybo_z7_cam_rpi_v2_5mp_hdmi/zybo_z7_imx219/zybo_z7_imx219.runs/design_1_v_demosaic_0_0_synth_1/prj/sol/.autopilot/db/v_demosaic.cpp:387]   --->   Operation 168 'select' 'select_ln387_4' <Predicate = (!icmp_ln318 & icmp_ln328)> <Delay = 0.68> <CoreInst = "Sel">   --->   Core 73 'Sel' <Latency = 0> <II = 1> <Delay = 0.68> <FuncUnit> <Opcode : 'select'> <InPorts = 3> <OutPorts = 1>
ST_3 : Operation 169 [1/1] (0.68ns)   --->   "%select_ln387_5 = select i1 %icmp_ln387, i10 %LineBufVal_7, i10 %p_load209" [C:/github/zybo_z7_cam_rpi_v2_5mp_hdmi/zybo_z7_imx219/zybo_z7_imx219.runs/design_1_v_demosaic_0_0_synth_1/prj/sol/.autopilot/db/v_demosaic.cpp:387]   --->   Operation 169 'select' 'select_ln387_5' <Predicate = (!icmp_ln318 & icmp_ln328)> <Delay = 0.68> <CoreInst = "Sel">   --->   Core 73 'Sel' <Latency = 0> <II = 1> <Delay = 0.68> <FuncUnit> <Opcode : 'select'> <InPorts = 3> <OutPorts = 1>
ST_3 : Operation 170 [1/1] (0.68ns)   --->   "%select_ln387_6 = select i1 %icmp_ln387, i10 %LineBufVal_7, i10 %p_load211" [C:/github/zybo_z7_cam_rpi_v2_5mp_hdmi/zybo_z7_imx219/zybo_z7_imx219.runs/design_1_v_demosaic_0_0_synth_1/prj/sol/.autopilot/db/v_demosaic.cpp:387]   --->   Operation 170 'select' 'select_ln387_6' <Predicate = (!icmp_ln318 & icmp_ln328 & icmp_ln439)> <Delay = 0.68> <CoreInst = "Sel">   --->   Core 73 'Sel' <Latency = 0> <II = 1> <Delay = 0.68> <FuncUnit> <Opcode : 'select'> <InPorts = 3> <OutPorts = 1>
ST_3 : Operation 171 [1/1] (0.68ns)   --->   "%select_ln387_7 = select i1 %icmp_ln387, i10 %LineBufVal_7, i10 %p_load210" [C:/github/zybo_z7_cam_rpi_v2_5mp_hdmi/zybo_z7_imx219/zybo_z7_imx219.runs/design_1_v_demosaic_0_0_synth_1/prj/sol/.autopilot/db/v_demosaic.cpp:387]   --->   Operation 171 'select' 'select_ln387_7' <Predicate = (!icmp_ln318 & icmp_ln328)> <Delay = 0.68> <CoreInst = "Sel">   --->   Core 73 'Sel' <Latency = 0> <II = 1> <Delay = 0.68> <FuncUnit> <Opcode : 'select'> <InPorts = 3> <OutPorts = 1>
ST_3 : Operation 172 [1/1] (0.68ns)   --->   "%select_ln387_8 = select i1 %icmp_ln387, i10 %LineBufVal, i10 %p_load214" [C:/github/zybo_z7_cam_rpi_v2_5mp_hdmi/zybo_z7_imx219/zybo_z7_imx219.runs/design_1_v_demosaic_0_0_synth_1/prj/sol/.autopilot/db/v_demosaic.cpp:387]   --->   Operation 172 'select' 'select_ln387_8' <Predicate = (!icmp_ln318 & icmp_ln328)> <Delay = 0.68> <CoreInst = "Sel">   --->   Core 73 'Sel' <Latency = 0> <II = 1> <Delay = 0.68> <FuncUnit> <Opcode : 'select'> <InPorts = 3> <OutPorts = 1>
ST_3 : Operation 173 [1/1] (0.68ns)   --->   "%select_ln387_9 = select i1 %icmp_ln387, i10 %LineBufVal, i10 %p_load200" [C:/github/zybo_z7_cam_rpi_v2_5mp_hdmi/zybo_z7_imx219/zybo_z7_imx219.runs/design_1_v_demosaic_0_0_synth_1/prj/sol/.autopilot/db/v_demosaic.cpp:387]   --->   Operation 173 'select' 'select_ln387_9' <Predicate = (!icmp_ln318 & icmp_ln328)> <Delay = 0.68> <CoreInst = "Sel">   --->   Core 73 'Sel' <Latency = 0> <II = 1> <Delay = 0.68> <FuncUnit> <Opcode : 'select'> <InPorts = 3> <OutPorts = 1>
ST_3 : Operation 174 [1/1] (0.68ns)   --->   "%select_ln387_10 = select i1 %icmp_ln387, i10 %LineBufVal, i10 %p_load202" [C:/github/zybo_z7_cam_rpi_v2_5mp_hdmi/zybo_z7_imx219/zybo_z7_imx219.runs/design_1_v_demosaic_0_0_synth_1/prj/sol/.autopilot/db/v_demosaic.cpp:387]   --->   Operation 174 'select' 'select_ln387_10' <Predicate = (!icmp_ln318 & icmp_ln328 & icmp_ln439)> <Delay = 0.68> <CoreInst = "Sel">   --->   Core 73 'Sel' <Latency = 0> <II = 1> <Delay = 0.68> <FuncUnit> <Opcode : 'select'> <InPorts = 3> <OutPorts = 1>
ST_3 : Operation 175 [1/1] (0.68ns)   --->   "%select_ln387_11 = select i1 %icmp_ln387, i10 %LineBufVal, i10 %p_load201" [C:/github/zybo_z7_cam_rpi_v2_5mp_hdmi/zybo_z7_imx219/zybo_z7_imx219.runs/design_1_v_demosaic_0_0_synth_1/prj/sol/.autopilot/db/v_demosaic.cpp:387]   --->   Operation 175 'select' 'select_ln387_11' <Predicate = (!icmp_ln318 & icmp_ln328)> <Delay = 0.68> <CoreInst = "Sel">   --->   Core 73 'Sel' <Latency = 0> <II = 1> <Delay = 0.68> <FuncUnit> <Opcode : 'select'> <InPorts = 3> <OutPorts = 1>
ST_3 : Operation 176 [1/1] (0.68ns)   --->   "%select_ln387_12 = select i1 %icmp_ln387, i10 %LineBufVal_5, i10 %p_load216" [C:/github/zybo_z7_cam_rpi_v2_5mp_hdmi/zybo_z7_imx219/zybo_z7_imx219.runs/design_1_v_demosaic_0_0_synth_1/prj/sol/.autopilot/db/v_demosaic.cpp:387]   --->   Operation 176 'select' 'select_ln387_12' <Predicate = (!icmp_ln318 & icmp_ln328)> <Delay = 0.68> <CoreInst = "Sel">   --->   Core 73 'Sel' <Latency = 0> <II = 1> <Delay = 0.68> <FuncUnit> <Opcode : 'select'> <InPorts = 3> <OutPorts = 1>
ST_3 : Operation 177 [1/1] (0.68ns)   --->   "%select_ln387_13 = select i1 %icmp_ln387, i10 %LineBufVal_5, i10 %p_load203" [C:/github/zybo_z7_cam_rpi_v2_5mp_hdmi/zybo_z7_imx219/zybo_z7_imx219.runs/design_1_v_demosaic_0_0_synth_1/prj/sol/.autopilot/db/v_demosaic.cpp:387]   --->   Operation 177 'select' 'select_ln387_13' <Predicate = (!icmp_ln318 & icmp_ln328)> <Delay = 0.68> <CoreInst = "Sel">   --->   Core 73 'Sel' <Latency = 0> <II = 1> <Delay = 0.68> <FuncUnit> <Opcode : 'select'> <InPorts = 3> <OutPorts = 1>
ST_3 : Operation 178 [1/1] (0.68ns)   --->   "%select_ln387_14 = select i1 %icmp_ln387, i10 %LineBufVal_5, i10 %p_load205" [C:/github/zybo_z7_cam_rpi_v2_5mp_hdmi/zybo_z7_imx219/zybo_z7_imx219.runs/design_1_v_demosaic_0_0_synth_1/prj/sol/.autopilot/db/v_demosaic.cpp:387]   --->   Operation 178 'select' 'select_ln387_14' <Predicate = (!icmp_ln318 & icmp_ln328 & icmp_ln439)> <Delay = 0.68> <CoreInst = "Sel">   --->   Core 73 'Sel' <Latency = 0> <II = 1> <Delay = 0.68> <FuncUnit> <Opcode : 'select'> <InPorts = 3> <OutPorts = 1>
ST_3 : Operation 179 [1/1] (0.68ns)   --->   "%select_ln387_15 = select i1 %icmp_ln387, i10 %LineBufVal_5, i10 %p_load204" [C:/github/zybo_z7_cam_rpi_v2_5mp_hdmi/zybo_z7_imx219/zybo_z7_imx219.runs/design_1_v_demosaic_0_0_synth_1/prj/sol/.autopilot/db/v_demosaic.cpp:387]   --->   Operation 179 'select' 'select_ln387_15' <Predicate = (!icmp_ln318 & icmp_ln328)> <Delay = 0.68> <CoreInst = "Sel">   --->   Core 73 'Sel' <Latency = 0> <II = 1> <Delay = 0.68> <FuncUnit> <Opcode : 'select'> <InPorts = 3> <OutPorts = 1>
ST_3 : Operation 180 [1/1] (0.68ns)   --->   "%select_ln387_16 = select i1 %icmp_ln387, i10 %p_ph, i10 %p_load212" [C:/github/zybo_z7_cam_rpi_v2_5mp_hdmi/zybo_z7_imx219/zybo_z7_imx219.runs/design_1_v_demosaic_0_0_synth_1/prj/sol/.autopilot/db/v_demosaic.cpp:387]   --->   Operation 180 'select' 'select_ln387_16' <Predicate = (!icmp_ln318 & icmp_ln328)> <Delay = 0.68> <CoreInst = "Sel">   --->   Core 73 'Sel' <Latency = 0> <II = 1> <Delay = 0.68> <FuncUnit> <Opcode : 'select'> <InPorts = 3> <OutPorts = 1>
ST_3 : Operation 181 [1/1] (0.68ns)   --->   "%select_ln387_17 = select i1 %icmp_ln387, i10 %p_ph, i10 %p_load" [C:/github/zybo_z7_cam_rpi_v2_5mp_hdmi/zybo_z7_imx219/zybo_z7_imx219.runs/design_1_v_demosaic_0_0_synth_1/prj/sol/.autopilot/db/v_demosaic.cpp:387]   --->   Operation 181 'select' 'select_ln387_17' <Predicate = (!icmp_ln318 & icmp_ln328)> <Delay = 0.68> <CoreInst = "Sel">   --->   Core 73 'Sel' <Latency = 0> <II = 1> <Delay = 0.68> <FuncUnit> <Opcode : 'select'> <InPorts = 3> <OutPorts = 1>
ST_3 : Operation 182 [1/1] (0.68ns)   --->   "%select_ln387_18 = select i1 %icmp_ln387, i10 %p_ph, i10 %p_load199" [C:/github/zybo_z7_cam_rpi_v2_5mp_hdmi/zybo_z7_imx219/zybo_z7_imx219.runs/design_1_v_demosaic_0_0_synth_1/prj/sol/.autopilot/db/v_demosaic.cpp:387]   --->   Operation 182 'select' 'select_ln387_18' <Predicate = (!icmp_ln318 & icmp_ln328 & icmp_ln439)> <Delay = 0.68> <CoreInst = "Sel">   --->   Core 73 'Sel' <Latency = 0> <II = 1> <Delay = 0.68> <FuncUnit> <Opcode : 'select'> <InPorts = 3> <OutPorts = 1>
ST_3 : Operation 183 [1/1] (0.68ns)   --->   "%select_ln387_19 = select i1 %icmp_ln387, i10 %p_ph, i10 %p_load198" [C:/github/zybo_z7_cam_rpi_v2_5mp_hdmi/zybo_z7_imx219/zybo_z7_imx219.runs/design_1_v_demosaic_0_0_synth_1/prj/sol/.autopilot/db/v_demosaic.cpp:387]   --->   Operation 183 'select' 'select_ln387_19' <Predicate = (!icmp_ln318 & icmp_ln328)> <Delay = 0.68> <CoreInst = "Sel">   --->   Core 73 'Sel' <Latency = 0> <II = 1> <Delay = 0.68> <FuncUnit> <Opcode : 'select'> <InPorts = 3> <OutPorts = 1>
ST_3 : Operation 184 [1/1] (0.68ns)   --->   "%select_ln403 = select i1 %icmp_ln403, i10 %LineBufVal_5, i10 %p_ph" [C:/github/zybo_z7_cam_rpi_v2_5mp_hdmi/zybo_z7_imx219/zybo_z7_imx219.runs/design_1_v_demosaic_0_0_synth_1/prj/sol/.autopilot/db/v_demosaic.cpp:403]   --->   Operation 184 'select' 'select_ln403' <Predicate = (!icmp_ln318 & icmp_ln328)> <Delay = 0.68> <CoreInst = "Sel">   --->   Core 73 'Sel' <Latency = 0> <II = 1> <Delay = 0.68> <FuncUnit> <Opcode : 'select'> <InPorts = 3> <OutPorts = 1>
ST_3 : Operation 185 [1/1] (0.68ns)   --->   "%select_ln403_1 = select i1 %icmp_ln403, i10 %LineBufVal_6, i10 %p_ph" [C:/github/zybo_z7_cam_rpi_v2_5mp_hdmi/zybo_z7_imx219/zybo_z7_imx219.runs/design_1_v_demosaic_0_0_synth_1/prj/sol/.autopilot/db/v_demosaic.cpp:403]   --->   Operation 185 'select' 'select_ln403_1' <Predicate = (!icmp_ln318 & icmp_ln328)> <Delay = 0.68> <CoreInst = "Sel">   --->   Core 73 'Sel' <Latency = 0> <II = 1> <Delay = 0.68> <FuncUnit> <Opcode : 'select'> <InPorts = 3> <OutPorts = 1>
ST_3 : Operation 186 [1/1] (0.68ns)   --->   "%LineBufVal_8 = select i1 %icmp_ln403, i10 %LineBufVal, i10 %p_ph" [C:/github/zybo_z7_cam_rpi_v2_5mp_hdmi/zybo_z7_imx219/zybo_z7_imx219.runs/design_1_v_demosaic_0_0_synth_1/prj/sol/.autopilot/db/v_demosaic.cpp:403]   --->   Operation 186 'select' 'LineBufVal_8' <Predicate = (!icmp_ln318 & icmp_ln328)> <Delay = 0.68> <CoreInst = "Sel">   --->   Core 73 'Sel' <Latency = 0> <II = 1> <Delay = 0.68> <FuncUnit> <Opcode : 'select'> <InPorts = 3> <OutPorts = 1>
ST_3 : Operation 187 [1/1] ( I:3.25ns O:3.25ns )   --->   "%store_ln412 = store i10 %select_ln403, i11 %linebuf_yuv_2_addr" [C:/github/zybo_z7_cam_rpi_v2_5mp_hdmi/zybo_z7_imx219/zybo_z7_imx219.runs/design_1_v_demosaic_0_0_synth_1/prj/sol/.autopilot/db/v_demosaic.cpp:412]   --->   Operation 187 'store' 'store_ln412' <Predicate = (!icmp_ln318 & icmp_ln328)> <Delay = 3.25> <CoreInst = "RAM">   --->   Core 81 'RAM' <Latency = 1> <II = 1> <Delay = 3.25> <Storage> <Opcode : 'load' 'store'> <Ports = 2> <Width = 10> <Depth = 1921> <RAM>
ST_3 : Operation 188 [1/1] ( I:3.25ns O:3.25ns )   --->   "%store_ln412 = store i10 %select_ln403_1, i11 %linebuf_yuv_3_addr" [C:/github/zybo_z7_cam_rpi_v2_5mp_hdmi/zybo_z7_imx219/zybo_z7_imx219.runs/design_1_v_demosaic_0_0_synth_1/prj/sol/.autopilot/db/v_demosaic.cpp:412]   --->   Operation 188 'store' 'store_ln412' <Predicate = (!icmp_ln318 & icmp_ln328)> <Delay = 3.25> <CoreInst = "RAM">   --->   Core 81 'RAM' <Latency = 1> <II = 1> <Delay = 3.25> <Storage> <Opcode : 'load' 'store'> <Ports = 2> <Width = 10> <Depth = 1921> <RAM>
ST_3 : Operation 189 [1/1] ( I:3.25ns O:3.25ns )   --->   "%store_ln412 = store i10 %LineBufVal_8, i11 %linebuf_yuv_1_addr" [C:/github/zybo_z7_cam_rpi_v2_5mp_hdmi/zybo_z7_imx219/zybo_z7_imx219.runs/design_1_v_demosaic_0_0_synth_1/prj/sol/.autopilot/db/v_demosaic.cpp:412]   --->   Operation 189 'store' 'store_ln412' <Predicate = (!icmp_ln318 & icmp_ln328)> <Delay = 3.25> <CoreInst = "RAM">   --->   Core 81 'RAM' <Latency = 1> <II = 1> <Delay = 3.25> <Storage> <Opcode : 'load' 'store'> <Ports = 2> <Width = 10> <Depth = 1921> <RAM>
ST_3 : Operation 190 [1/1] (1.58ns)   --->   "%br_ln414 = br void %for.body226_ifconv" [C:/github/zybo_z7_cam_rpi_v2_5mp_hdmi/zybo_z7_imx219/zybo_z7_imx219.runs/design_1_v_demosaic_0_0_synth_1/prj/sol/.autopilot/db/v_demosaic.cpp:414]   --->   Operation 190 'br' 'br_ln414' <Predicate = (!icmp_ln318 & icmp_ln328)> <Delay = 1.58>
ST_3 : Operation 191 [1/1] (0.00ns)   --->   "%empty_153 = phi i10 %select_ln387_16, void %VITIS_LOOP_372_11, i10 %p_load212, void %for.body49.split" [C:/github/zybo_z7_cam_rpi_v2_5mp_hdmi/zybo_z7_imx219/zybo_z7_imx219.runs/design_1_v_demosaic_0_0_synth_1/prj/sol/.autopilot/db/v_demosaic.cpp:387]   --->   Operation 191 'phi' 'empty_153' <Predicate = (!icmp_ln318)> <Delay = 0.00>
ST_3 : Operation 192 [1/1] (0.00ns)   --->   "%empty_154 = phi i10 %select_ln387_17, void %VITIS_LOOP_372_11, i10 %p_load, void %for.body49.split" [C:/github/zybo_z7_cam_rpi_v2_5mp_hdmi/zybo_z7_imx219/zybo_z7_imx219.runs/design_1_v_demosaic_0_0_synth_1/prj/sol/.autopilot/db/v_demosaic.cpp:387]   --->   Operation 192 'phi' 'empty_154' <Predicate = (!icmp_ln318)> <Delay = 0.00>
ST_3 : Operation 193 [1/1] (0.00ns)   --->   "%empty_155 = phi i10 %select_ln387_18, void %VITIS_LOOP_372_11, i10 %p_load199, void %for.body49.split" [C:/github/zybo_z7_cam_rpi_v2_5mp_hdmi/zybo_z7_imx219/zybo_z7_imx219.runs/design_1_v_demosaic_0_0_synth_1/prj/sol/.autopilot/db/v_demosaic.cpp:387]   --->   Operation 193 'phi' 'empty_155' <Predicate = (!icmp_ln318 & icmp_ln439)> <Delay = 0.00>
ST_3 : Operation 194 [1/1] (0.00ns)   --->   "%empty_156 = phi i10 %select_ln387_19, void %VITIS_LOOP_372_11, i10 %p_load198, void %for.body49.split" [C:/github/zybo_z7_cam_rpi_v2_5mp_hdmi/zybo_z7_imx219/zybo_z7_imx219.runs/design_1_v_demosaic_0_0_synth_1/prj/sol/.autopilot/db/v_demosaic.cpp:387]   --->   Operation 194 'phi' 'empty_156' <Predicate = (!icmp_ln318)> <Delay = 0.00>
ST_3 : Operation 195 [1/1] (0.00ns)   --->   "%empty_157 = phi i10 %select_ln387_8, void %VITIS_LOOP_372_11, i10 %p_load214, void %for.body49.split" [C:/github/zybo_z7_cam_rpi_v2_5mp_hdmi/zybo_z7_imx219/zybo_z7_imx219.runs/design_1_v_demosaic_0_0_synth_1/prj/sol/.autopilot/db/v_demosaic.cpp:387]   --->   Operation 195 'phi' 'empty_157' <Predicate = (!icmp_ln318)> <Delay = 0.00>
ST_3 : Operation 196 [1/1] (0.00ns)   --->   "%empty_158 = phi i10 %select_ln387_9, void %VITIS_LOOP_372_11, i10 %p_load200, void %for.body49.split" [C:/github/zybo_z7_cam_rpi_v2_5mp_hdmi/zybo_z7_imx219/zybo_z7_imx219.runs/design_1_v_demosaic_0_0_synth_1/prj/sol/.autopilot/db/v_demosaic.cpp:387]   --->   Operation 196 'phi' 'empty_158' <Predicate = (!icmp_ln318)> <Delay = 0.00>
ST_3 : Operation 197 [1/1] (0.00ns)   --->   "%empty_159 = phi i10 %select_ln387_10, void %VITIS_LOOP_372_11, i10 %p_load202, void %for.body49.split" [C:/github/zybo_z7_cam_rpi_v2_5mp_hdmi/zybo_z7_imx219/zybo_z7_imx219.runs/design_1_v_demosaic_0_0_synth_1/prj/sol/.autopilot/db/v_demosaic.cpp:387]   --->   Operation 197 'phi' 'empty_159' <Predicate = (!icmp_ln318 & icmp_ln439)> <Delay = 0.00>
ST_3 : Operation 198 [1/1] (0.00ns)   --->   "%empty_160 = phi i10 %select_ln387_11, void %VITIS_LOOP_372_11, i10 %p_load201, void %for.body49.split" [C:/github/zybo_z7_cam_rpi_v2_5mp_hdmi/zybo_z7_imx219/zybo_z7_imx219.runs/design_1_v_demosaic_0_0_synth_1/prj/sol/.autopilot/db/v_demosaic.cpp:387]   --->   Operation 198 'phi' 'empty_160' <Predicate = (!icmp_ln318)> <Delay = 0.00>
ST_3 : Operation 199 [1/1] (0.00ns)   --->   "%empty_161 = phi i10 %select_ln387_12, void %VITIS_LOOP_372_11, i10 %p_load216, void %for.body49.split" [C:/github/zybo_z7_cam_rpi_v2_5mp_hdmi/zybo_z7_imx219/zybo_z7_imx219.runs/design_1_v_demosaic_0_0_synth_1/prj/sol/.autopilot/db/v_demosaic.cpp:387]   --->   Operation 199 'phi' 'empty_161' <Predicate = (!icmp_ln318)> <Delay = 0.00>
ST_3 : Operation 200 [1/1] (0.00ns)   --->   "%g_2 = phi i10 %select_ln387_13, void %VITIS_LOOP_372_11, i10 %p_load203, void %for.body49.split" [C:/github/zybo_z7_cam_rpi_v2_5mp_hdmi/zybo_z7_imx219/zybo_z7_imx219.runs/design_1_v_demosaic_0_0_synth_1/prj/sol/.autopilot/db/v_demosaic.cpp:387]   --->   Operation 200 'phi' 'g_2' <Predicate = (!icmp_ln318)> <Delay = 0.00>
ST_3 : Operation 201 [1/1] (0.00ns)   --->   "%empty_162 = phi i10 %select_ln387_14, void %VITIS_LOOP_372_11, i10 %p_load205, void %for.body49.split" [C:/github/zybo_z7_cam_rpi_v2_5mp_hdmi/zybo_z7_imx219/zybo_z7_imx219.runs/design_1_v_demosaic_0_0_synth_1/prj/sol/.autopilot/db/v_demosaic.cpp:387]   --->   Operation 201 'phi' 'empty_162' <Predicate = (!icmp_ln318 & icmp_ln439)> <Delay = 0.00>
ST_3 : Operation 202 [1/1] (0.00ns)   --->   "%empty_163 = phi i10 %select_ln387_15, void %VITIS_LOOP_372_11, i10 %p_load204, void %for.body49.split" [C:/github/zybo_z7_cam_rpi_v2_5mp_hdmi/zybo_z7_imx219/zybo_z7_imx219.runs/design_1_v_demosaic_0_0_synth_1/prj/sol/.autopilot/db/v_demosaic.cpp:387]   --->   Operation 202 'phi' 'empty_163' <Predicate = (!icmp_ln318)> <Delay = 0.00>
ST_3 : Operation 203 [1/1] (0.00ns)   --->   "%empty_164 = phi i10 %select_ln387, void %VITIS_LOOP_372_11, i10 %p_load218, void %for.body49.split" [C:/github/zybo_z7_cam_rpi_v2_5mp_hdmi/zybo_z7_imx219/zybo_z7_imx219.runs/design_1_v_demosaic_0_0_synth_1/prj/sol/.autopilot/db/v_demosaic.cpp:387]   --->   Operation 203 'phi' 'empty_164' <Predicate = (!icmp_ln318)> <Delay = 0.00>
ST_3 : Operation 204 [1/1] (0.00ns)   --->   "%empty_165 = phi i10 %select_ln387_1, void %VITIS_LOOP_372_11, i10 %p_load206, void %for.body49.split" [C:/github/zybo_z7_cam_rpi_v2_5mp_hdmi/zybo_z7_imx219/zybo_z7_imx219.runs/design_1_v_demosaic_0_0_synth_1/prj/sol/.autopilot/db/v_demosaic.cpp:387]   --->   Operation 204 'phi' 'empty_165' <Predicate = (!icmp_ln318)> <Delay = 0.00>
ST_3 : Operation 205 [1/1] (0.00ns)   --->   "%empty_166 = phi i10 %select_ln387_2, void %VITIS_LOOP_372_11, i10 %p_load208, void %for.body49.split" [C:/github/zybo_z7_cam_rpi_v2_5mp_hdmi/zybo_z7_imx219/zybo_z7_imx219.runs/design_1_v_demosaic_0_0_synth_1/prj/sol/.autopilot/db/v_demosaic.cpp:387]   --->   Operation 205 'phi' 'empty_166' <Predicate = (!icmp_ln318 & icmp_ln439)> <Delay = 0.00>
ST_3 : Operation 206 [1/1] (0.00ns)   --->   "%empty_167 = phi i10 %select_ln387_3, void %VITIS_LOOP_372_11, i10 %p_load207, void %for.body49.split" [C:/github/zybo_z7_cam_rpi_v2_5mp_hdmi/zybo_z7_imx219/zybo_z7_imx219.runs/design_1_v_demosaic_0_0_synth_1/prj/sol/.autopilot/db/v_demosaic.cpp:387]   --->   Operation 206 'phi' 'empty_167' <Predicate = (!icmp_ln318)> <Delay = 0.00>
ST_3 : Operation 207 [1/1] (0.00ns)   --->   "%empty_168 = phi i10 %select_ln387_4, void %VITIS_LOOP_372_11, i10 %p_load220, void %for.body49.split" [C:/github/zybo_z7_cam_rpi_v2_5mp_hdmi/zybo_z7_imx219/zybo_z7_imx219.runs/design_1_v_demosaic_0_0_synth_1/prj/sol/.autopilot/db/v_demosaic.cpp:387]   --->   Operation 207 'phi' 'empty_168' <Predicate = (!icmp_ln318)> <Delay = 0.00>
ST_3 : Operation 208 [1/1] (0.00ns)   --->   "%empty_169 = phi i10 %select_ln387_5, void %VITIS_LOOP_372_11, i10 %p_load209, void %for.body49.split" [C:/github/zybo_z7_cam_rpi_v2_5mp_hdmi/zybo_z7_imx219/zybo_z7_imx219.runs/design_1_v_demosaic_0_0_synth_1/prj/sol/.autopilot/db/v_demosaic.cpp:387]   --->   Operation 208 'phi' 'empty_169' <Predicate = (!icmp_ln318)> <Delay = 0.00>
ST_3 : Operation 209 [1/1] (0.00ns)   --->   "%empty_170 = phi i10 %select_ln387_6, void %VITIS_LOOP_372_11, i10 %p_load211, void %for.body49.split" [C:/github/zybo_z7_cam_rpi_v2_5mp_hdmi/zybo_z7_imx219/zybo_z7_imx219.runs/design_1_v_demosaic_0_0_synth_1/prj/sol/.autopilot/db/v_demosaic.cpp:387]   --->   Operation 209 'phi' 'empty_170' <Predicate = (!icmp_ln318 & icmp_ln439)> <Delay = 0.00>
ST_3 : Operation 210 [1/1] (0.00ns)   --->   "%empty_171 = phi i10 %select_ln387_7, void %VITIS_LOOP_372_11, i10 %p_load210, void %for.body49.split" [C:/github/zybo_z7_cam_rpi_v2_5mp_hdmi/zybo_z7_imx219/zybo_z7_imx219.runs/design_1_v_demosaic_0_0_synth_1/prj/sol/.autopilot/db/v_demosaic.cpp:387]   --->   Operation 210 'phi' 'empty_171' <Predicate = (!icmp_ln318)> <Delay = 0.00>
ST_3 : Operation 211 [1/1] (0.00ns)   --->   "%p_load221 = load i10 %empty_133" [C:/github/zybo_z7_cam_rpi_v2_5mp_hdmi/zybo_z7_imx219/zybo_z7_imx219.runs/design_1_v_demosaic_0_0_synth_1/prj/sol/.autopilot/db/v_demosaic.cpp:460]   --->   Operation 211 'load' 'p_load221' <Predicate = (!icmp_ln318 & icmp_ln439)> <Delay = 0.00>
ST_3 : Operation 212 [1/1] (0.00ns)   --->   "%p_load219 = load i10 %empty_134" [C:/github/zybo_z7_cam_rpi_v2_5mp_hdmi/zybo_z7_imx219/zybo_z7_imx219.runs/design_1_v_demosaic_0_0_synth_1/prj/sol/.autopilot/db/v_demosaic.cpp:460]   --->   Operation 212 'load' 'p_load219' <Predicate = (!icmp_ln318 & icmp_ln439)> <Delay = 0.00>
ST_3 : Operation 213 [1/1] (0.00ns)   --->   "%p_load217 = load i10 %empty_135" [C:/github/zybo_z7_cam_rpi_v2_5mp_hdmi/zybo_z7_imx219/zybo_z7_imx219.runs/design_1_v_demosaic_0_0_synth_1/prj/sol/.autopilot/db/v_demosaic.cpp:458]   --->   Operation 213 'load' 'p_load217' <Predicate = (!icmp_ln318 & icmp_ln439)> <Delay = 0.00>
ST_3 : Operation 214 [1/1] (0.00ns)   --->   "%p_load215 = load i10 %empty_136" [C:/github/zybo_z7_cam_rpi_v2_5mp_hdmi/zybo_z7_imx219/zybo_z7_imx219.runs/design_1_v_demosaic_0_0_synth_1/prj/sol/.autopilot/db/v_demosaic.cpp:458]   --->   Operation 214 'load' 'p_load215' <Predicate = (!icmp_ln318 & icmp_ln439)> <Delay = 0.00>
ST_3 : Operation 215 [1/1] (0.00ns)   --->   "%p_load213 = load i10 %empty_137" [C:/github/zybo_z7_cam_rpi_v2_5mp_hdmi/zybo_z7_imx219/zybo_z7_imx219.runs/design_1_v_demosaic_0_0_synth_1/prj/sol/.autopilot/db/v_demosaic.cpp:457]   --->   Operation 215 'load' 'p_load213' <Predicate = (!icmp_ln318 & icmp_ln439)> <Delay = 0.00>
ST_3 : Operation 216 [1/1] (0.00ns)   --->   "%shl_ln = bitconcatenate i11 @_ssdm_op_BitConcatenate.i11.i10.i1, i10 %empty_165, i1 0" [C:/github/zybo_z7_cam_rpi_v2_5mp_hdmi/zybo_z7_imx219/zybo_z7_imx219.runs/design_1_v_demosaic_0_0_synth_1/prj/sol/.autopilot/db/v_demosaic.cpp:450]   --->   Operation 216 'bitconcatenate' 'shl_ln' <Predicate = (!icmp_ln318 & icmp_ln439)> <Delay = 0.00>
ST_3 : Operation 217 [1/1] (0.00ns)   --->   "%zext_ln450 = zext i11 %shl_ln" [C:/github/zybo_z7_cam_rpi_v2_5mp_hdmi/zybo_z7_imx219/zybo_z7_imx219.runs/design_1_v_demosaic_0_0_synth_1/prj/sol/.autopilot/db/v_demosaic.cpp:450]   --->   Operation 217 'zext' 'zext_ln450' <Predicate = (!icmp_ln318 & icmp_ln439)> <Delay = 0.00>
ST_3 : Operation 218 [1/1] (0.00ns)   --->   "%zext_ln450_1 = zext i10 %empty_169" [C:/github/zybo_z7_cam_rpi_v2_5mp_hdmi/zybo_z7_imx219/zybo_z7_imx219.runs/design_1_v_demosaic_0_0_synth_1/prj/sol/.autopilot/db/v_demosaic.cpp:450]   --->   Operation 218 'zext' 'zext_ln450_1' <Predicate = (!icmp_ln318 & icmp_ln439)> <Delay = 0.00>
ST_3 : Operation 219 [1/1] (0.00ns)   --->   "%zext_ln450_2 = zext i10 %empty_169" [C:/github/zybo_z7_cam_rpi_v2_5mp_hdmi/zybo_z7_imx219/zybo_z7_imx219.runs/design_1_v_demosaic_0_0_synth_1/prj/sol/.autopilot/db/v_demosaic.cpp:450]   --->   Operation 219 'zext' 'zext_ln450_2' <Predicate = (!icmp_ln318 & icmp_ln439)> <Delay = 0.00>
ST_3 : Operation 220 [1/1] (0.00ns)   --->   "%zext_ln450_3 = zext i10 %g_2" [C:/github/zybo_z7_cam_rpi_v2_5mp_hdmi/zybo_z7_imx219/zybo_z7_imx219.runs/design_1_v_demosaic_0_0_synth_1/prj/sol/.autopilot/db/v_demosaic.cpp:450]   --->   Operation 220 'zext' 'zext_ln450_3' <Predicate = (!icmp_ln318 & icmp_ln439)> <Delay = 0.00>
ST_3 : Operation 221 [1/1] (0.00ns)   --->   "%zext_ln450_4 = zext i10 %g_2" [C:/github/zybo_z7_cam_rpi_v2_5mp_hdmi/zybo_z7_imx219/zybo_z7_imx219.runs/design_1_v_demosaic_0_0_synth_1/prj/sol/.autopilot/db/v_demosaic.cpp:450]   --->   Operation 221 'zext' 'zext_ln450_4' <Predicate = (!icmp_ln318 & icmp_ln439)> <Delay = 0.00>
ST_3 : Operation 222 [1/1] (0.00ns) (grouped into TernaryAdder)   --->   "%sub_ln450 = sub i12 %zext_ln450, i12 %zext_ln450_4" [C:/github/zybo_z7_cam_rpi_v2_5mp_hdmi/zybo_z7_imx219/zybo_z7_imx219.runs/design_1_v_demosaic_0_0_synth_1/prj/sol/.autopilot/db/v_demosaic.cpp:450]   --->   Operation 222 'sub' 'sub_ln450' <Predicate = (!icmp_ln318 & icmp_ln439)> <Delay = 0.00> <CoreInst = "TAddSub">   --->   Core 10 'TAddSub' <Latency = 0> <II = 1> <Delay = 1.89> <IPBlock> <Opcode : 'add' 'sub'> <InPorts = 3> <OutPorts = 1> <Sync> <CReg>
ST_3 : Operation 223 [1/1] (3.78ns) (root node of TernaryAdder)   --->   "%K = sub i12 %sub_ln450, i12 %zext_ln450_2" [C:/github/zybo_z7_cam_rpi_v2_5mp_hdmi/zybo_z7_imx219/zybo_z7_imx219.runs/design_1_v_demosaic_0_0_synth_1/prj/sol/.autopilot/db/v_demosaic.cpp:450]   --->   Operation 223 'sub' 'K' <Predicate = (!icmp_ln318 & icmp_ln439)> <Delay = 3.78> <CoreInst = "TAddSub">   --->   Core 10 'TAddSub' <Latency = 0> <II = 1> <Delay = 1.89> <IPBlock> <Opcode : 'add' 'sub'> <InPorts = 3> <OutPorts = 1> <Sync> <CReg>
ST_3 : Operation 224 [1/1] (0.00ns)   --->   "%shl_ln3 = bitconcatenate i11 @_ssdm_op_BitConcatenate.i11.i10.i1, i10 %empty_171, i1 0" [C:/github/zybo_z7_cam_rpi_v2_5mp_hdmi/zybo_z7_imx219/zybo_z7_imx219.runs/design_1_v_demosaic_0_0_synth_1/prj/sol/.autopilot/db/v_demosaic.cpp:451]   --->   Operation 224 'bitconcatenate' 'shl_ln3' <Predicate = (!icmp_ln318 & icmp_ln439)> <Delay = 0.00>
ST_3 : Operation 225 [1/1] (0.00ns)   --->   "%zext_ln451 = zext i11 %shl_ln3" [C:/github/zybo_z7_cam_rpi_v2_5mp_hdmi/zybo_z7_imx219/zybo_z7_imx219.runs/design_1_v_demosaic_0_0_synth_1/prj/sol/.autopilot/db/v_demosaic.cpp:451]   --->   Operation 225 'zext' 'zext_ln451' <Predicate = (!icmp_ln318 & icmp_ln439)> <Delay = 0.00>
ST_3 : Operation 226 [1/1] (0.00ns)   --->   "%zext_ln451_1 = zext i10 %empty_170" [C:/github/zybo_z7_cam_rpi_v2_5mp_hdmi/zybo_z7_imx219/zybo_z7_imx219.runs/design_1_v_demosaic_0_0_synth_1/prj/sol/.autopilot/db/v_demosaic.cpp:451]   --->   Operation 226 'zext' 'zext_ln451_1' <Predicate = (!icmp_ln318 & icmp_ln439)> <Delay = 0.00>
ST_3 : Operation 227 [1/1] (0.00ns)   --->   "%zext_ln451_2 = zext i10 %empty_170" [C:/github/zybo_z7_cam_rpi_v2_5mp_hdmi/zybo_z7_imx219/zybo_z7_imx219.runs/design_1_v_demosaic_0_0_synth_1/prj/sol/.autopilot/db/v_demosaic.cpp:451]   --->   Operation 227 'zext' 'zext_ln451_2' <Predicate = (!icmp_ln318 & icmp_ln439)> <Delay = 0.00>
ST_3 : Operation 228 [1/1] (1.73ns)   --->   "%add_ln451 = add i11 %zext_ln451_2, i11 %zext_ln450_1" [C:/github/zybo_z7_cam_rpi_v2_5mp_hdmi/zybo_z7_imx219/zybo_z7_imx219.runs/design_1_v_demosaic_0_0_synth_1/prj/sol/.autopilot/db/v_demosaic.cpp:451]   --->   Operation 228 'add' 'add_ln451' <Predicate = (!icmp_ln318 & icmp_ln439)> <Delay = 1.73> <CoreInst = "Adder">   --->   Core 1 'Adder' <Latency = 0> <II = 1> <Delay = 1.63> <FuncUnit> <Opcode : 'add' 'sub'> <InPorts = 2> <OutPorts = 1>
ST_3 : Operation 229 [1/1] (0.00ns)   --->   "%zext_ln451_3 = zext i11 %add_ln451" [C:/github/zybo_z7_cam_rpi_v2_5mp_hdmi/zybo_z7_imx219/zybo_z7_imx219.runs/design_1_v_demosaic_0_0_synth_1/prj/sol/.autopilot/db/v_demosaic.cpp:451]   --->   Operation 229 'zext' 'zext_ln451_3' <Predicate = (!icmp_ln318 & icmp_ln439)> <Delay = 0.00>
ST_3 : Operation 230 [1/1] (1.63ns)   --->   "%K_1 = sub i12 %zext_ln451, i12 %zext_ln451_3" [C:/github/zybo_z7_cam_rpi_v2_5mp_hdmi/zybo_z7_imx219/zybo_z7_imx219.runs/design_1_v_demosaic_0_0_synth_1/prj/sol/.autopilot/db/v_demosaic.cpp:451]   --->   Operation 230 'sub' 'K_1' <Predicate = (!icmp_ln318 & icmp_ln439)> <Delay = 1.63> <CoreInst = "Adder">   --->   Core 1 'Adder' <Latency = 0> <II = 1> <Delay = 1.54> <FuncUnit> <Opcode : 'add' 'sub'> <InPorts = 2> <OutPorts = 1>
ST_3 : Operation 231 [1/1] (0.00ns)   --->   "%shl_ln4 = bitconcatenate i11 @_ssdm_op_BitConcatenate.i11.i10.i1, i10 %empty_166, i1 0" [C:/github/zybo_z7_cam_rpi_v2_5mp_hdmi/zybo_z7_imx219/zybo_z7_imx219.runs/design_1_v_demosaic_0_0_synth_1/prj/sol/.autopilot/db/v_demosaic.cpp:452]   --->   Operation 231 'bitconcatenate' 'shl_ln4' <Predicate = (!icmp_ln318 & icmp_ln439)> <Delay = 0.00>
ST_3 : Operation 232 [1/1] (0.00ns)   --->   "%zext_ln452 = zext i11 %shl_ln4" [C:/github/zybo_z7_cam_rpi_v2_5mp_hdmi/zybo_z7_imx219/zybo_z7_imx219.runs/design_1_v_demosaic_0_0_synth_1/prj/sol/.autopilot/db/v_demosaic.cpp:452]   --->   Operation 232 'zext' 'zext_ln452' <Predicate = (!icmp_ln318 & icmp_ln439)> <Delay = 0.00>
ST_3 : Operation 233 [1/1] (0.00ns)   --->   "%zext_ln452_1 = zext i10 %empty_162" [C:/github/zybo_z7_cam_rpi_v2_5mp_hdmi/zybo_z7_imx219/zybo_z7_imx219.runs/design_1_v_demosaic_0_0_synth_1/prj/sol/.autopilot/db/v_demosaic.cpp:452]   --->   Operation 233 'zext' 'zext_ln452_1' <Predicate = (!icmp_ln318 & icmp_ln439)> <Delay = 0.00>
ST_3 : Operation 234 [1/1] (0.00ns)   --->   "%zext_ln452_2 = zext i10 %empty_162" [C:/github/zybo_z7_cam_rpi_v2_5mp_hdmi/zybo_z7_imx219/zybo_z7_imx219.runs/design_1_v_demosaic_0_0_synth_1/prj/sol/.autopilot/db/v_demosaic.cpp:452]   --->   Operation 234 'zext' 'zext_ln452_2' <Predicate = (!icmp_ln318 & icmp_ln439)> <Delay = 0.00>
ST_3 : Operation 235 [1/1] (0.00ns) (grouped into TernaryAdder)   --->   "%sub_ln452 = sub i12 %zext_ln452, i12 %zext_ln452_2" [C:/github/zybo_z7_cam_rpi_v2_5mp_hdmi/zybo_z7_imx219/zybo_z7_imx219.runs/design_1_v_demosaic_0_0_synth_1/prj/sol/.autopilot/db/v_demosaic.cpp:452]   --->   Operation 235 'sub' 'sub_ln452' <Predicate = (!icmp_ln318 & icmp_ln439)> <Delay = 0.00> <CoreInst = "TAddSub">   --->   Core 10 'TAddSub' <Latency = 0> <II = 1> <Delay = 1.89> <IPBlock> <Opcode : 'add' 'sub'> <InPorts = 3> <OutPorts = 1> <Sync> <CReg>
ST_3 : Operation 236 [1/1] (3.78ns) (root node of TernaryAdder)   --->   "%K_2 = sub i12 %sub_ln452, i12 %zext_ln451_1" [C:/github/zybo_z7_cam_rpi_v2_5mp_hdmi/zybo_z7_imx219/zybo_z7_imx219.runs/design_1_v_demosaic_0_0_synth_1/prj/sol/.autopilot/db/v_demosaic.cpp:452]   --->   Operation 236 'sub' 'K_2' <Predicate = (!icmp_ln318 & icmp_ln439)> <Delay = 3.78> <CoreInst = "TAddSub">   --->   Core 10 'TAddSub' <Latency = 0> <II = 1> <Delay = 1.89> <IPBlock> <Opcode : 'add' 'sub'> <InPorts = 3> <OutPorts = 1> <Sync> <CReg>
ST_3 : Operation 237 [1/1] (0.00ns)   --->   "%shl_ln5 = bitconcatenate i11 @_ssdm_op_BitConcatenate.i11.i10.i1, i10 %empty_163, i1 0" [C:/github/zybo_z7_cam_rpi_v2_5mp_hdmi/zybo_z7_imx219/zybo_z7_imx219.runs/design_1_v_demosaic_0_0_synth_1/prj/sol/.autopilot/db/v_demosaic.cpp:453]   --->   Operation 237 'bitconcatenate' 'shl_ln5' <Predicate = (!icmp_ln318 & icmp_ln439)> <Delay = 0.00>
ST_3 : Operation 238 [1/1] (0.00ns)   --->   "%zext_ln453 = zext i11 %shl_ln5" [C:/github/zybo_z7_cam_rpi_v2_5mp_hdmi/zybo_z7_imx219/zybo_z7_imx219.runs/design_1_v_demosaic_0_0_synth_1/prj/sol/.autopilot/db/v_demosaic.cpp:453]   --->   Operation 238 'zext' 'zext_ln453' <Predicate = (!icmp_ln318 & icmp_ln439)> <Delay = 0.00>
ST_3 : Operation 239 [1/1] (1.73ns)   --->   "%add_ln453 = add i11 %zext_ln452_1, i11 %zext_ln450_3" [C:/github/zybo_z7_cam_rpi_v2_5mp_hdmi/zybo_z7_imx219/zybo_z7_imx219.runs/design_1_v_demosaic_0_0_synth_1/prj/sol/.autopilot/db/v_demosaic.cpp:453]   --->   Operation 239 'add' 'add_ln453' <Predicate = (!icmp_ln318 & icmp_ln439)> <Delay = 1.73> <CoreInst = "Adder">   --->   Core 1 'Adder' <Latency = 0> <II = 1> <Delay = 1.63> <FuncUnit> <Opcode : 'add' 'sub'> <InPorts = 2> <OutPorts = 1>
ST_3 : Operation 240 [1/1] (0.00ns)   --->   "%zext_ln453_1 = zext i11 %add_ln453" [C:/github/zybo_z7_cam_rpi_v2_5mp_hdmi/zybo_z7_imx219/zybo_z7_imx219.runs/design_1_v_demosaic_0_0_synth_1/prj/sol/.autopilot/db/v_demosaic.cpp:453]   --->   Operation 240 'zext' 'zext_ln453_1' <Predicate = (!icmp_ln318 & icmp_ln439)> <Delay = 0.00>
ST_3 : Operation 241 [1/1] (1.63ns)   --->   "%K_3 = sub i12 %zext_ln453, i12 %zext_ln453_1" [C:/github/zybo_z7_cam_rpi_v2_5mp_hdmi/zybo_z7_imx219/zybo_z7_imx219.runs/design_1_v_demosaic_0_0_synth_1/prj/sol/.autopilot/db/v_demosaic.cpp:453]   --->   Operation 241 'sub' 'K_3' <Predicate = (!icmp_ln318 & icmp_ln439)> <Delay = 1.63> <CoreInst = "Adder">   --->   Core 1 'Adder' <Latency = 0> <II = 1> <Delay = 1.54> <FuncUnit> <Opcode : 'add' 'sub'> <InPorts = 2> <OutPorts = 1>
ST_3 : Operation 242 [1/1] (0.00ns)   --->   "%shl_ln6 = bitconcatenate i11 @_ssdm_op_BitConcatenate.i11.i10.i1, i10 %empty_159, i1 0" [C:/github/zybo_z7_cam_rpi_v2_5mp_hdmi/zybo_z7_imx219/zybo_z7_imx219.runs/design_1_v_demosaic_0_0_synth_1/prj/sol/.autopilot/db/v_demosaic.cpp:454]   --->   Operation 242 'bitconcatenate' 'shl_ln6' <Predicate = (!icmp_ln318 & icmp_ln439)> <Delay = 0.00>
ST_3 : Operation 243 [1/1] (0.00ns)   --->   "%zext_ln454 = zext i11 %shl_ln6" [C:/github/zybo_z7_cam_rpi_v2_5mp_hdmi/zybo_z7_imx219/zybo_z7_imx219.runs/design_1_v_demosaic_0_0_synth_1/prj/sol/.autopilot/db/v_demosaic.cpp:454]   --->   Operation 243 'zext' 'zext_ln454' <Predicate = (!icmp_ln318 & icmp_ln439)> <Delay = 0.00>
ST_3 : Operation 244 [1/1] (0.00ns)   --->   "%zext_ln454_1 = zext i10 %empty_155" [C:/github/zybo_z7_cam_rpi_v2_5mp_hdmi/zybo_z7_imx219/zybo_z7_imx219.runs/design_1_v_demosaic_0_0_synth_1/prj/sol/.autopilot/db/v_demosaic.cpp:454]   --->   Operation 244 'zext' 'zext_ln454_1' <Predicate = (!icmp_ln318 & icmp_ln439)> <Delay = 0.00>
ST_3 : Operation 245 [1/1] (0.00ns)   --->   "%zext_ln454_2 = zext i10 %empty_155" [C:/github/zybo_z7_cam_rpi_v2_5mp_hdmi/zybo_z7_imx219/zybo_z7_imx219.runs/design_1_v_demosaic_0_0_synth_1/prj/sol/.autopilot/db/v_demosaic.cpp:454]   --->   Operation 245 'zext' 'zext_ln454_2' <Predicate = (!icmp_ln318 & icmp_ln439)> <Delay = 0.00>
ST_3 : Operation 246 [1/1] (0.00ns) (grouped into TernaryAdder)   --->   "%sub_ln454 = sub i12 %zext_ln454, i12 %zext_ln454_2" [C:/github/zybo_z7_cam_rpi_v2_5mp_hdmi/zybo_z7_imx219/zybo_z7_imx219.runs/design_1_v_demosaic_0_0_synth_1/prj/sol/.autopilot/db/v_demosaic.cpp:454]   --->   Operation 246 'sub' 'sub_ln454' <Predicate = (!icmp_ln318 & icmp_ln439)> <Delay = 0.00> <CoreInst = "TAddSub">   --->   Core 10 'TAddSub' <Latency = 0> <II = 1> <Delay = 1.89> <IPBlock> <Opcode : 'add' 'sub'> <InPorts = 3> <OutPorts = 1> <Sync> <CReg>
ST_3 : Operation 247 [1/1] (3.78ns) (root node of TernaryAdder)   --->   "%K_4 = sub i12 %sub_ln454, i12 %zext_ln452_2" [C:/github/zybo_z7_cam_rpi_v2_5mp_hdmi/zybo_z7_imx219/zybo_z7_imx219.runs/design_1_v_demosaic_0_0_synth_1/prj/sol/.autopilot/db/v_demosaic.cpp:454]   --->   Operation 247 'sub' 'K_4' <Predicate = (!icmp_ln318 & icmp_ln439)> <Delay = 3.78> <CoreInst = "TAddSub">   --->   Core 10 'TAddSub' <Latency = 0> <II = 1> <Delay = 1.89> <IPBlock> <Opcode : 'add' 'sub'> <InPorts = 3> <OutPorts = 1> <Sync> <CReg>
ST_3 : Operation 248 [1/1] (0.00ns)   --->   "%shl_ln7 = bitconcatenate i11 @_ssdm_op_BitConcatenate.i11.i10.i1, i10 %empty_156, i1 0" [C:/github/zybo_z7_cam_rpi_v2_5mp_hdmi/zybo_z7_imx219/zybo_z7_imx219.runs/design_1_v_demosaic_0_0_synth_1/prj/sol/.autopilot/db/v_demosaic.cpp:455]   --->   Operation 248 'bitconcatenate' 'shl_ln7' <Predicate = (!icmp_ln318 & icmp_ln439)> <Delay = 0.00>
ST_3 : Operation 249 [1/1] (0.00ns)   --->   "%zext_ln455 = zext i11 %shl_ln7" [C:/github/zybo_z7_cam_rpi_v2_5mp_hdmi/zybo_z7_imx219/zybo_z7_imx219.runs/design_1_v_demosaic_0_0_synth_1/prj/sol/.autopilot/db/v_demosaic.cpp:455]   --->   Operation 249 'zext' 'zext_ln455' <Predicate = (!icmp_ln318 & icmp_ln439)> <Delay = 0.00>
ST_3 : Operation 250 [1/1] (0.00ns)   --->   "%zext_ln455_1 = zext i10 %empty_154" [C:/github/zybo_z7_cam_rpi_v2_5mp_hdmi/zybo_z7_imx219/zybo_z7_imx219.runs/design_1_v_demosaic_0_0_synth_1/prj/sol/.autopilot/db/v_demosaic.cpp:455]   --->   Operation 250 'zext' 'zext_ln455_1' <Predicate = (!icmp_ln318 & icmp_ln439)> <Delay = 0.00>
ST_3 : Operation 251 [1/1] (0.00ns)   --->   "%zext_ln455_2 = zext i10 %empty_154" [C:/github/zybo_z7_cam_rpi_v2_5mp_hdmi/zybo_z7_imx219/zybo_z7_imx219.runs/design_1_v_demosaic_0_0_synth_1/prj/sol/.autopilot/db/v_demosaic.cpp:455]   --->   Operation 251 'zext' 'zext_ln455_2' <Predicate = (!icmp_ln318 & icmp_ln439)> <Delay = 0.00>
ST_3 : Operation 252 [1/1] (1.73ns)   --->   "%add_ln455 = add i11 %zext_ln454_1, i11 %zext_ln455_2" [C:/github/zybo_z7_cam_rpi_v2_5mp_hdmi/zybo_z7_imx219/zybo_z7_imx219.runs/design_1_v_demosaic_0_0_synth_1/prj/sol/.autopilot/db/v_demosaic.cpp:455]   --->   Operation 252 'add' 'add_ln455' <Predicate = (!icmp_ln318 & icmp_ln439)> <Delay = 1.73> <CoreInst = "Adder">   --->   Core 1 'Adder' <Latency = 0> <II = 1> <Delay = 1.63> <FuncUnit> <Opcode : 'add' 'sub'> <InPorts = 2> <OutPorts = 1>
ST_3 : Operation 253 [1/1] (0.00ns)   --->   "%zext_ln455_3 = zext i11 %add_ln455" [C:/github/zybo_z7_cam_rpi_v2_5mp_hdmi/zybo_z7_imx219/zybo_z7_imx219.runs/design_1_v_demosaic_0_0_synth_1/prj/sol/.autopilot/db/v_demosaic.cpp:455]   --->   Operation 253 'zext' 'zext_ln455_3' <Predicate = (!icmp_ln318 & icmp_ln439)> <Delay = 0.00>
ST_3 : Operation 254 [1/1] (1.63ns)   --->   "%K_5 = sub i12 %zext_ln455, i12 %zext_ln455_3" [C:/github/zybo_z7_cam_rpi_v2_5mp_hdmi/zybo_z7_imx219/zybo_z7_imx219.runs/design_1_v_demosaic_0_0_synth_1/prj/sol/.autopilot/db/v_demosaic.cpp:455]   --->   Operation 254 'sub' 'K_5' <Predicate = (!icmp_ln318 & icmp_ln439)> <Delay = 1.63> <CoreInst = "Adder">   --->   Core 1 'Adder' <Latency = 0> <II = 1> <Delay = 1.54> <FuncUnit> <Opcode : 'add' 'sub'> <InPorts = 2> <OutPorts = 1>
ST_3 : Operation 255 [1/1] (0.00ns)   --->   "%shl_ln8 = bitconcatenate i11 @_ssdm_op_BitConcatenate.i11.i10.i1, i10 %empty_158, i1 0" [C:/github/zybo_z7_cam_rpi_v2_5mp_hdmi/zybo_z7_imx219/zybo_z7_imx219.runs/design_1_v_demosaic_0_0_synth_1/prj/sol/.autopilot/db/v_demosaic.cpp:456]   --->   Operation 255 'bitconcatenate' 'shl_ln8' <Predicate = (!icmp_ln318 & icmp_ln439)> <Delay = 0.00>
ST_3 : Operation 256 [1/1] (0.00ns)   --->   "%zext_ln456 = zext i11 %shl_ln8" [C:/github/zybo_z7_cam_rpi_v2_5mp_hdmi/zybo_z7_imx219/zybo_z7_imx219.runs/design_1_v_demosaic_0_0_synth_1/prj/sol/.autopilot/db/v_demosaic.cpp:456]   --->   Operation 256 'zext' 'zext_ln456' <Predicate = (!icmp_ln318 & icmp_ln439)> <Delay = 0.00>
ST_3 : Operation 257 [1/1] (0.00ns) (grouped into TernaryAdder)   --->   "%sub_ln456 = sub i12 %zext_ln456, i12 %zext_ln455_1" [C:/github/zybo_z7_cam_rpi_v2_5mp_hdmi/zybo_z7_imx219/zybo_z7_imx219.runs/design_1_v_demosaic_0_0_synth_1/prj/sol/.autopilot/db/v_demosaic.cpp:456]   --->   Operation 257 'sub' 'sub_ln456' <Predicate = (!icmp_ln318 & icmp_ln439)> <Delay = 0.00> <CoreInst = "TAddSub">   --->   Core 10 'TAddSub' <Latency = 0> <II = 1> <Delay = 1.89> <IPBlock> <Opcode : 'add' 'sub'> <InPorts = 3> <OutPorts = 1> <Sync> <CReg>
ST_3 : Operation 258 [1/1] (3.78ns) (root node of TernaryAdder)   --->   "%K_6 = sub i12 %sub_ln456, i12 %zext_ln450_4" [C:/github/zybo_z7_cam_rpi_v2_5mp_hdmi/zybo_z7_imx219/zybo_z7_imx219.runs/design_1_v_demosaic_0_0_synth_1/prj/sol/.autopilot/db/v_demosaic.cpp:456]   --->   Operation 258 'sub' 'K_6' <Predicate = (!icmp_ln318 & icmp_ln439)> <Delay = 3.78> <CoreInst = "TAddSub">   --->   Core 10 'TAddSub' <Latency = 0> <II = 1> <Delay = 1.89> <IPBlock> <Opcode : 'add' 'sub'> <InPorts = 3> <OutPorts = 1> <Sync> <CReg>
ST_3 : Operation 259 [1/1] (0.00ns)   --->   "%shl_ln9 = bitconcatenate i11 @_ssdm_op_BitConcatenate.i11.i10.i1, i10 %empty_153, i1 0" [C:/github/zybo_z7_cam_rpi_v2_5mp_hdmi/zybo_z7_imx219/zybo_z7_imx219.runs/design_1_v_demosaic_0_0_synth_1/prj/sol/.autopilot/db/v_demosaic.cpp:457]   --->   Operation 259 'bitconcatenate' 'shl_ln9' <Predicate = (!icmp_ln318 & icmp_ln439)> <Delay = 0.00>
ST_3 : Operation 260 [1/1] (0.00ns)   --->   "%zext_ln457 = zext i11 %shl_ln9" [C:/github/zybo_z7_cam_rpi_v2_5mp_hdmi/zybo_z7_imx219/zybo_z7_imx219.runs/design_1_v_demosaic_0_0_synth_1/prj/sol/.autopilot/db/v_demosaic.cpp:457]   --->   Operation 260 'zext' 'zext_ln457' <Predicate = (!icmp_ln318 & icmp_ln439)> <Delay = 0.00>
ST_3 : Operation 261 [1/1] (0.00ns)   --->   "%zext_ln457_1 = zext i10 %p_load213" [C:/github/zybo_z7_cam_rpi_v2_5mp_hdmi/zybo_z7_imx219/zybo_z7_imx219.runs/design_1_v_demosaic_0_0_synth_1/prj/sol/.autopilot/db/v_demosaic.cpp:457]   --->   Operation 261 'zext' 'zext_ln457_1' <Predicate = (!icmp_ln318 & icmp_ln439)> <Delay = 0.00>
ST_3 : Operation 262 [1/1] (1.73ns)   --->   "%add_ln457 = add i11 %zext_ln455_2, i11 %zext_ln457_1" [C:/github/zybo_z7_cam_rpi_v2_5mp_hdmi/zybo_z7_imx219/zybo_z7_imx219.runs/design_1_v_demosaic_0_0_synth_1/prj/sol/.autopilot/db/v_demosaic.cpp:457]   --->   Operation 262 'add' 'add_ln457' <Predicate = (!icmp_ln318 & icmp_ln439)> <Delay = 1.73> <CoreInst = "Adder">   --->   Core 1 'Adder' <Latency = 0> <II = 1> <Delay = 1.63> <FuncUnit> <Opcode : 'add' 'sub'> <InPorts = 2> <OutPorts = 1>
ST_3 : Operation 263 [1/1] (0.00ns)   --->   "%zext_ln457_2 = zext i11 %add_ln457" [C:/github/zybo_z7_cam_rpi_v2_5mp_hdmi/zybo_z7_imx219/zybo_z7_imx219.runs/design_1_v_demosaic_0_0_synth_1/prj/sol/.autopilot/db/v_demosaic.cpp:457]   --->   Operation 263 'zext' 'zext_ln457_2' <Predicate = (!icmp_ln318 & icmp_ln439)> <Delay = 0.00>
ST_3 : Operation 264 [1/1] (1.63ns)   --->   "%K_7 = sub i12 %zext_ln457, i12 %zext_ln457_2" [C:/github/zybo_z7_cam_rpi_v2_5mp_hdmi/zybo_z7_imx219/zybo_z7_imx219.runs/design_1_v_demosaic_0_0_synth_1/prj/sol/.autopilot/db/v_demosaic.cpp:457]   --->   Operation 264 'sub' 'K_7' <Predicate = (!icmp_ln318 & icmp_ln439)> <Delay = 1.63> <CoreInst = "Adder">   --->   Core 1 'Adder' <Latency = 0> <II = 1> <Delay = 1.54> <FuncUnit> <Opcode : 'add' 'sub'> <InPorts = 2> <OutPorts = 1>
ST_3 : Operation 265 [1/1] (0.00ns)   --->   "%shl_ln1 = bitconcatenate i11 @_ssdm_op_BitConcatenate.i11.i10.i1, i10 %p_load215, i1 0" [C:/github/zybo_z7_cam_rpi_v2_5mp_hdmi/zybo_z7_imx219/zybo_z7_imx219.runs/design_1_v_demosaic_0_0_synth_1/prj/sol/.autopilot/db/v_demosaic.cpp:458]   --->   Operation 265 'bitconcatenate' 'shl_ln1' <Predicate = (!icmp_ln318 & icmp_ln439)> <Delay = 0.00>
ST_3 : Operation 266 [1/1] (0.00ns)   --->   "%zext_ln458 = zext i11 %shl_ln1" [C:/github/zybo_z7_cam_rpi_v2_5mp_hdmi/zybo_z7_imx219/zybo_z7_imx219.runs/design_1_v_demosaic_0_0_synth_1/prj/sol/.autopilot/db/v_demosaic.cpp:458]   --->   Operation 266 'zext' 'zext_ln458' <Predicate = (!icmp_ln318 & icmp_ln439)> <Delay = 0.00>
ST_3 : Operation 267 [1/1] (0.00ns)   --->   "%zext_ln458_1 = zext i10 %p_load217" [C:/github/zybo_z7_cam_rpi_v2_5mp_hdmi/zybo_z7_imx219/zybo_z7_imx219.runs/design_1_v_demosaic_0_0_synth_1/prj/sol/.autopilot/db/v_demosaic.cpp:458]   --->   Operation 267 'zext' 'zext_ln458_1' <Predicate = (!icmp_ln318 & icmp_ln439)> <Delay = 0.00>
ST_3 : Operation 268 [1/1] (1.73ns)   --->   "%add_ln458 = add i11 %zext_ln458_1, i11 %zext_ln457_1" [C:/github/zybo_z7_cam_rpi_v2_5mp_hdmi/zybo_z7_imx219/zybo_z7_imx219.runs/design_1_v_demosaic_0_0_synth_1/prj/sol/.autopilot/db/v_demosaic.cpp:458]   --->   Operation 268 'add' 'add_ln458' <Predicate = (!icmp_ln318 & icmp_ln439)> <Delay = 1.73> <CoreInst = "Adder">   --->   Core 1 'Adder' <Latency = 0> <II = 1> <Delay = 1.63> <FuncUnit> <Opcode : 'add' 'sub'> <InPorts = 2> <OutPorts = 1>
ST_3 : Operation 269 [1/1] (0.00ns)   --->   "%zext_ln458_2 = zext i11 %add_ln458" [C:/github/zybo_z7_cam_rpi_v2_5mp_hdmi/zybo_z7_imx219/zybo_z7_imx219.runs/design_1_v_demosaic_0_0_synth_1/prj/sol/.autopilot/db/v_demosaic.cpp:458]   --->   Operation 269 'zext' 'zext_ln458_2' <Predicate = (!icmp_ln318 & icmp_ln439)> <Delay = 0.00>
ST_3 : Operation 270 [1/1] (1.63ns)   --->   "%K_8 = sub i12 %zext_ln458, i12 %zext_ln458_2" [C:/github/zybo_z7_cam_rpi_v2_5mp_hdmi/zybo_z7_imx219/zybo_z7_imx219.runs/design_1_v_demosaic_0_0_synth_1/prj/sol/.autopilot/db/v_demosaic.cpp:458]   --->   Operation 270 'sub' 'K_8' <Predicate = (!icmp_ln318 & icmp_ln439)> <Delay = 1.63> <CoreInst = "Adder">   --->   Core 1 'Adder' <Latency = 0> <II = 1> <Delay = 1.54> <FuncUnit> <Opcode : 'add' 'sub'> <InPorts = 2> <OutPorts = 1>
ST_3 : Operation 271 [1/1] (0.00ns)   --->   "%shl_ln2 = bitconcatenate i11 @_ssdm_op_BitConcatenate.i11.i10.i1, i10 %empty_161, i1 0" [C:/github/zybo_z7_cam_rpi_v2_5mp_hdmi/zybo_z7_imx219/zybo_z7_imx219.runs/design_1_v_demosaic_0_0_synth_1/prj/sol/.autopilot/db/v_demosaic.cpp:459]   --->   Operation 271 'bitconcatenate' 'shl_ln2' <Predicate = (!icmp_ln318 & icmp_ln439)> <Delay = 0.00>
ST_3 : Operation 272 [1/1] (0.00ns)   --->   "%zext_ln459 = zext i11 %shl_ln2" [C:/github/zybo_z7_cam_rpi_v2_5mp_hdmi/zybo_z7_imx219/zybo_z7_imx219.runs/design_1_v_demosaic_0_0_synth_1/prj/sol/.autopilot/db/v_demosaic.cpp:459]   --->   Operation 272 'zext' 'zext_ln459' <Predicate = (!icmp_ln318 & icmp_ln439)> <Delay = 0.00>
ST_3 : Operation 273 [1/1] (1.73ns)   --->   "%add_ln459 = add i11 %zext_ln450_3, i11 %zext_ln458_1" [C:/github/zybo_z7_cam_rpi_v2_5mp_hdmi/zybo_z7_imx219/zybo_z7_imx219.runs/design_1_v_demosaic_0_0_synth_1/prj/sol/.autopilot/db/v_demosaic.cpp:459]   --->   Operation 273 'add' 'add_ln459' <Predicate = (!icmp_ln318 & icmp_ln439)> <Delay = 1.73> <CoreInst = "Adder">   --->   Core 1 'Adder' <Latency = 0> <II = 1> <Delay = 1.63> <FuncUnit> <Opcode : 'add' 'sub'> <InPorts = 2> <OutPorts = 1>
ST_3 : Operation 274 [1/1] (0.00ns)   --->   "%zext_ln459_1 = zext i11 %add_ln459" [C:/github/zybo_z7_cam_rpi_v2_5mp_hdmi/zybo_z7_imx219/zybo_z7_imx219.runs/design_1_v_demosaic_0_0_synth_1/prj/sol/.autopilot/db/v_demosaic.cpp:459]   --->   Operation 274 'zext' 'zext_ln459_1' <Predicate = (!icmp_ln318 & icmp_ln439)> <Delay = 0.00>
ST_3 : Operation 275 [1/1] (1.63ns)   --->   "%K_9 = sub i12 %zext_ln459, i12 %zext_ln459_1" [C:/github/zybo_z7_cam_rpi_v2_5mp_hdmi/zybo_z7_imx219/zybo_z7_imx219.runs/design_1_v_demosaic_0_0_synth_1/prj/sol/.autopilot/db/v_demosaic.cpp:459]   --->   Operation 275 'sub' 'K_9' <Predicate = (!icmp_ln318 & icmp_ln439)> <Delay = 1.63> <CoreInst = "Adder">   --->   Core 1 'Adder' <Latency = 0> <II = 1> <Delay = 1.54> <FuncUnit> <Opcode : 'add' 'sub'> <InPorts = 2> <OutPorts = 1>
ST_3 : Operation 276 [1/1] (0.00ns)   --->   "%shl_ln10 = bitconcatenate i11 @_ssdm_op_BitConcatenate.i11.i10.i1, i10 %p_load219, i1 0" [C:/github/zybo_z7_cam_rpi_v2_5mp_hdmi/zybo_z7_imx219/zybo_z7_imx219.runs/design_1_v_demosaic_0_0_synth_1/prj/sol/.autopilot/db/v_demosaic.cpp:460]   --->   Operation 276 'bitconcatenate' 'shl_ln10' <Predicate = (!icmp_ln318 & icmp_ln439)> <Delay = 0.00>
ST_3 : Operation 277 [1/1] (0.00ns)   --->   "%zext_ln460 = zext i11 %shl_ln10" [C:/github/zybo_z7_cam_rpi_v2_5mp_hdmi/zybo_z7_imx219/zybo_z7_imx219.runs/design_1_v_demosaic_0_0_synth_1/prj/sol/.autopilot/db/v_demosaic.cpp:460]   --->   Operation 277 'zext' 'zext_ln460' <Predicate = (!icmp_ln318 & icmp_ln439)> <Delay = 0.00>
ST_3 : Operation 278 [1/1] (0.00ns)   --->   "%zext_ln460_1 = zext i10 %p_load221" [C:/github/zybo_z7_cam_rpi_v2_5mp_hdmi/zybo_z7_imx219/zybo_z7_imx219.runs/design_1_v_demosaic_0_0_synth_1/prj/sol/.autopilot/db/v_demosaic.cpp:460]   --->   Operation 278 'zext' 'zext_ln460_1' <Predicate = (!icmp_ln318 & icmp_ln439)> <Delay = 0.00>
ST_3 : Operation 279 [1/1] (1.73ns)   --->   "%add_ln460 = add i11 %zext_ln458_1, i11 %zext_ln460_1" [C:/github/zybo_z7_cam_rpi_v2_5mp_hdmi/zybo_z7_imx219/zybo_z7_imx219.runs/design_1_v_demosaic_0_0_synth_1/prj/sol/.autopilot/db/v_demosaic.cpp:460]   --->   Operation 279 'add' 'add_ln460' <Predicate = (!icmp_ln318 & icmp_ln439)> <Delay = 1.73> <CoreInst = "Adder">   --->   Core 1 'Adder' <Latency = 0> <II = 1> <Delay = 1.63> <FuncUnit> <Opcode : 'add' 'sub'> <InPorts = 2> <OutPorts = 1>
ST_3 : Operation 280 [1/1] (0.00ns)   --->   "%zext_ln460_2 = zext i11 %add_ln460" [C:/github/zybo_z7_cam_rpi_v2_5mp_hdmi/zybo_z7_imx219/zybo_z7_imx219.runs/design_1_v_demosaic_0_0_synth_1/prj/sol/.autopilot/db/v_demosaic.cpp:460]   --->   Operation 280 'zext' 'zext_ln460_2' <Predicate = (!icmp_ln318 & icmp_ln439)> <Delay = 0.00>
ST_3 : Operation 281 [1/1] (1.63ns)   --->   "%K_10 = sub i12 %zext_ln460, i12 %zext_ln460_2" [C:/github/zybo_z7_cam_rpi_v2_5mp_hdmi/zybo_z7_imx219/zybo_z7_imx219.runs/design_1_v_demosaic_0_0_synth_1/prj/sol/.autopilot/db/v_demosaic.cpp:460]   --->   Operation 281 'sub' 'K_10' <Predicate = (!icmp_ln318 & icmp_ln439)> <Delay = 1.63> <CoreInst = "Adder">   --->   Core 1 'Adder' <Latency = 0> <II = 1> <Delay = 1.54> <FuncUnit> <Opcode : 'add' 'sub'> <InPorts = 2> <OutPorts = 1>
ST_3 : Operation 282 [1/1] (0.00ns)   --->   "%shl_ln11 = bitconcatenate i11 @_ssdm_op_BitConcatenate.i11.i10.i1, i10 %empty_168, i1 0" [C:/github/zybo_z7_cam_rpi_v2_5mp_hdmi/zybo_z7_imx219/zybo_z7_imx219.runs/design_1_v_demosaic_0_0_synth_1/prj/sol/.autopilot/db/v_demosaic.cpp:461]   --->   Operation 282 'bitconcatenate' 'shl_ln11' <Predicate = (!icmp_ln318 & icmp_ln439)> <Delay = 0.00>
ST_3 : Operation 283 [1/1] (0.00ns)   --->   "%zext_ln461 = zext i11 %shl_ln11" [C:/github/zybo_z7_cam_rpi_v2_5mp_hdmi/zybo_z7_imx219/zybo_z7_imx219.runs/design_1_v_demosaic_0_0_synth_1/prj/sol/.autopilot/db/v_demosaic.cpp:461]   --->   Operation 283 'zext' 'zext_ln461' <Predicate = (!icmp_ln318 & icmp_ln439)> <Delay = 0.00>
ST_3 : Operation 284 [1/1] (1.73ns)   --->   "%add_ln461 = add i11 %zext_ln450_1, i11 %zext_ln460_1" [C:/github/zybo_z7_cam_rpi_v2_5mp_hdmi/zybo_z7_imx219/zybo_z7_imx219.runs/design_1_v_demosaic_0_0_synth_1/prj/sol/.autopilot/db/v_demosaic.cpp:461]   --->   Operation 284 'add' 'add_ln461' <Predicate = (!icmp_ln318 & icmp_ln439)> <Delay = 1.73> <CoreInst = "Adder">   --->   Core 1 'Adder' <Latency = 0> <II = 1> <Delay = 1.63> <FuncUnit> <Opcode : 'add' 'sub'> <InPorts = 2> <OutPorts = 1>
ST_3 : Operation 285 [1/1] (0.00ns)   --->   "%zext_ln461_1 = zext i11 %add_ln461" [C:/github/zybo_z7_cam_rpi_v2_5mp_hdmi/zybo_z7_imx219/zybo_z7_imx219.runs/design_1_v_demosaic_0_0_synth_1/prj/sol/.autopilot/db/v_demosaic.cpp:461]   --->   Operation 285 'zext' 'zext_ln461_1' <Predicate = (!icmp_ln318 & icmp_ln439)> <Delay = 0.00>
ST_3 : Operation 286 [1/1] (1.63ns)   --->   "%K_11 = sub i12 %zext_ln461, i12 %zext_ln461_1" [C:/github/zybo_z7_cam_rpi_v2_5mp_hdmi/zybo_z7_imx219/zybo_z7_imx219.runs/design_1_v_demosaic_0_0_synth_1/prj/sol/.autopilot/db/v_demosaic.cpp:461]   --->   Operation 286 'sub' 'K_11' <Predicate = (!icmp_ln318 & icmp_ln439)> <Delay = 1.63> <CoreInst = "Adder">   --->   Core 1 'Adder' <Latency = 0> <II = 1> <Delay = 1.54> <FuncUnit> <Opcode : 'add' 'sub'> <InPorts = 2> <OutPorts = 1>
ST_3 : Operation 287 [1/1] (1.58ns)   --->   "%store_ln387 = store i10 %empty_153, i10 %empty_152" [C:/github/zybo_z7_cam_rpi_v2_5mp_hdmi/zybo_z7_imx219/zybo_z7_imx219.runs/design_1_v_demosaic_0_0_synth_1/prj/sol/.autopilot/db/v_demosaic.cpp:387]   --->   Operation 287 'store' 'store_ln387' <Predicate = (!icmp_ln318)> <Delay = 1.58>
ST_3 : Operation 288 [1/1] (1.58ns)   --->   "%store_ln387 = store i10 %empty_154, i10 %empty_151" [C:/github/zybo_z7_cam_rpi_v2_5mp_hdmi/zybo_z7_imx219/zybo_z7_imx219.runs/design_1_v_demosaic_0_0_synth_1/prj/sol/.autopilot/db/v_demosaic.cpp:387]   --->   Operation 288 'store' 'store_ln387' <Predicate = (!icmp_ln318)> <Delay = 1.58>
ST_3 : Operation 289 [1/1] (1.58ns)   --->   "%store_ln387 = store i10 %empty_156, i10 %empty_150" [C:/github/zybo_z7_cam_rpi_v2_5mp_hdmi/zybo_z7_imx219/zybo_z7_imx219.runs/design_1_v_demosaic_0_0_synth_1/prj/sol/.autopilot/db/v_demosaic.cpp:387]   --->   Operation 289 'store' 'store_ln387' <Predicate = (!icmp_ln318)> <Delay = 1.58>
ST_3 : Operation 290 [1/1] (1.58ns)   --->   "%store_ln387 = store i10 %empty_157, i10 %empty_149" [C:/github/zybo_z7_cam_rpi_v2_5mp_hdmi/zybo_z7_imx219/zybo_z7_imx219.runs/design_1_v_demosaic_0_0_synth_1/prj/sol/.autopilot/db/v_demosaic.cpp:387]   --->   Operation 290 'store' 'store_ln387' <Predicate = (!icmp_ln318)> <Delay = 1.58>
ST_3 : Operation 291 [1/1] (1.58ns)   --->   "%store_ln387 = store i10 %empty_158, i10 %empty_148" [C:/github/zybo_z7_cam_rpi_v2_5mp_hdmi/zybo_z7_imx219/zybo_z7_imx219.runs/design_1_v_demosaic_0_0_synth_1/prj/sol/.autopilot/db/v_demosaic.cpp:387]   --->   Operation 291 'store' 'store_ln387' <Predicate = (!icmp_ln318)> <Delay = 1.58>
ST_3 : Operation 292 [1/1] (1.58ns)   --->   "%store_ln387 = store i10 %empty_160, i10 %empty_147" [C:/github/zybo_z7_cam_rpi_v2_5mp_hdmi/zybo_z7_imx219/zybo_z7_imx219.runs/design_1_v_demosaic_0_0_synth_1/prj/sol/.autopilot/db/v_demosaic.cpp:387]   --->   Operation 292 'store' 'store_ln387' <Predicate = (!icmp_ln318)> <Delay = 1.58>
ST_3 : Operation 293 [1/1] (1.58ns)   --->   "%store_ln387 = store i10 %empty_161, i10 %empty_146" [C:/github/zybo_z7_cam_rpi_v2_5mp_hdmi/zybo_z7_imx219/zybo_z7_imx219.runs/design_1_v_demosaic_0_0_synth_1/prj/sol/.autopilot/db/v_demosaic.cpp:387]   --->   Operation 293 'store' 'store_ln387' <Predicate = (!icmp_ln318)> <Delay = 1.58>
ST_3 : Operation 294 [1/1] (1.58ns)   --->   "%store_ln387 = store i10 %g_2, i10 %empty_145" [C:/github/zybo_z7_cam_rpi_v2_5mp_hdmi/zybo_z7_imx219/zybo_z7_imx219.runs/design_1_v_demosaic_0_0_synth_1/prj/sol/.autopilot/db/v_demosaic.cpp:387]   --->   Operation 294 'store' 'store_ln387' <Predicate = (!icmp_ln318)> <Delay = 1.58>
ST_3 : Operation 295 [1/1] (1.58ns)   --->   "%store_ln387 = store i10 %empty_163, i10 %empty_144" [C:/github/zybo_z7_cam_rpi_v2_5mp_hdmi/zybo_z7_imx219/zybo_z7_imx219.runs/design_1_v_demosaic_0_0_synth_1/prj/sol/.autopilot/db/v_demosaic.cpp:387]   --->   Operation 295 'store' 'store_ln387' <Predicate = (!icmp_ln318)> <Delay = 1.58>
ST_3 : Operation 296 [1/1] (1.58ns)   --->   "%store_ln387 = store i10 %empty_164, i10 %empty_143" [C:/github/zybo_z7_cam_rpi_v2_5mp_hdmi/zybo_z7_imx219/zybo_z7_imx219.runs/design_1_v_demosaic_0_0_synth_1/prj/sol/.autopilot/db/v_demosaic.cpp:387]   --->   Operation 296 'store' 'store_ln387' <Predicate = (!icmp_ln318)> <Delay = 1.58>
ST_3 : Operation 297 [1/1] (1.58ns)   --->   "%store_ln387 = store i10 %empty_165, i10 %empty_142" [C:/github/zybo_z7_cam_rpi_v2_5mp_hdmi/zybo_z7_imx219/zybo_z7_imx219.runs/design_1_v_demosaic_0_0_synth_1/prj/sol/.autopilot/db/v_demosaic.cpp:387]   --->   Operation 297 'store' 'store_ln387' <Predicate = (!icmp_ln318)> <Delay = 1.58>
ST_3 : Operation 298 [1/1] (1.58ns)   --->   "%store_ln387 = store i10 %empty_167, i10 %empty_141" [C:/github/zybo_z7_cam_rpi_v2_5mp_hdmi/zybo_z7_imx219/zybo_z7_imx219.runs/design_1_v_demosaic_0_0_synth_1/prj/sol/.autopilot/db/v_demosaic.cpp:387]   --->   Operation 298 'store' 'store_ln387' <Predicate = (!icmp_ln318)> <Delay = 1.58>
ST_3 : Operation 299 [1/1] (1.58ns)   --->   "%store_ln387 = store i10 %empty_168, i10 %empty_140" [C:/github/zybo_z7_cam_rpi_v2_5mp_hdmi/zybo_z7_imx219/zybo_z7_imx219.runs/design_1_v_demosaic_0_0_synth_1/prj/sol/.autopilot/db/v_demosaic.cpp:387]   --->   Operation 299 'store' 'store_ln387' <Predicate = (!icmp_ln318)> <Delay = 1.58>
ST_3 : Operation 300 [1/1] (1.58ns)   --->   "%store_ln387 = store i10 %empty_169, i10 %empty_139" [C:/github/zybo_z7_cam_rpi_v2_5mp_hdmi/zybo_z7_imx219/zybo_z7_imx219.runs/design_1_v_demosaic_0_0_synth_1/prj/sol/.autopilot/db/v_demosaic.cpp:387]   --->   Operation 300 'store' 'store_ln387' <Predicate = (!icmp_ln318)> <Delay = 1.58>
ST_3 : Operation 301 [1/1] (1.58ns)   --->   "%store_ln387 = store i10 %empty_171, i10 %empty_138" [C:/github/zybo_z7_cam_rpi_v2_5mp_hdmi/zybo_z7_imx219/zybo_z7_imx219.runs/design_1_v_demosaic_0_0_synth_1/prj/sol/.autopilot/db/v_demosaic.cpp:387]   --->   Operation 301 'store' 'store_ln387' <Predicate = (!icmp_ln318)> <Delay = 1.58>
ST_3 : Operation 302 [1/1] (0.00ns)   --->   "%br_ln318 = br void %for.body49" [C:/github/zybo_z7_cam_rpi_v2_5mp_hdmi/zybo_z7_imx219/zybo_z7_imx219.runs/design_1_v_demosaic_0_0_synth_1/prj/sol/.autopilot/db/v_demosaic.cpp:318]   --->   Operation 302 'br' 'br_ln318' <Predicate = (!icmp_ln318)> <Delay = 0.00>

State 4 <SV = 3> <Delay = 7.28>
ST_4 : Operation 303 [1/1] (0.00ns)   --->   "%sext_ln465 = sext i12 %K_2" [C:/github/zybo_z7_cam_rpi_v2_5mp_hdmi/zybo_z7_imx219/zybo_z7_imx219.runs/design_1_v_demosaic_0_0_synth_1/prj/sol/.autopilot/db/v_demosaic.cpp:465]   --->   Operation 303 'sext' 'sext_ln465' <Predicate = (icmp_ln439)> <Delay = 0.00>
ST_4 : Operation 304 [1/1] (0.00ns)   --->   "%sext_ln465_1 = sext i12 %K" [C:/github/zybo_z7_cam_rpi_v2_5mp_hdmi/zybo_z7_imx219/zybo_z7_imx219.runs/design_1_v_demosaic_0_0_synth_1/prj/sol/.autopilot/db/v_demosaic.cpp:465]   --->   Operation 304 'sext' 'sext_ln465_1' <Predicate = (icmp_ln439)> <Delay = 0.00>
ST_4 : Operation 305 [1/1] (0.00ns)   --->   "%sext_ln465_2 = sext i12 %K_4" [C:/github/zybo_z7_cam_rpi_v2_5mp_hdmi/zybo_z7_imx219/zybo_z7_imx219.runs/design_1_v_demosaic_0_0_synth_1/prj/sol/.autopilot/db/v_demosaic.cpp:465]   --->   Operation 305 'sext' 'sext_ln465_2' <Predicate = (icmp_ln439)> <Delay = 0.00>
ST_4 : Operation 306 [1/1] (0.00ns)   --->   "%sext_ln465_3 = sext i12 %K_6" [C:/github/zybo_z7_cam_rpi_v2_5mp_hdmi/zybo_z7_imx219/zybo_z7_imx219.runs/design_1_v_demosaic_0_0_synth_1/prj/sol/.autopilot/db/v_demosaic.cpp:465]   --->   Operation 306 'sext' 'sext_ln465_3' <Predicate = (icmp_ln439)> <Delay = 0.00>
ST_4 : Operation 307 [1/1] (1.54ns)   --->   "%add_ln465 = add i13 %sext_ln465_2, i13 %sext_ln465_3" [C:/github/zybo_z7_cam_rpi_v2_5mp_hdmi/zybo_z7_imx219/zybo_z7_imx219.runs/design_1_v_demosaic_0_0_synth_1/prj/sol/.autopilot/db/v_demosaic.cpp:465]   --->   Operation 307 'add' 'add_ln465' <Predicate = (icmp_ln439)> <Delay = 1.54> <CoreInst = "Adder">   --->   Core 1 'Adder' <Latency = 0> <II = 1> <Delay = 1.67> <FuncUnit> <Opcode : 'add' 'sub'> <InPorts = 2> <OutPorts = 1>
ST_4 : Operation 308 [1/1] (0.00ns)   --->   "%sext_ln465_4 = sext i13 %add_ln465" [C:/github/zybo_z7_cam_rpi_v2_5mp_hdmi/zybo_z7_imx219/zybo_z7_imx219.runs/design_1_v_demosaic_0_0_synth_1/prj/sol/.autopilot/db/v_demosaic.cpp:465]   --->   Operation 308 'sext' 'sext_ln465_4' <Predicate = (icmp_ln439)> <Delay = 0.00>
ST_4 : Operation 309 [1/1] (1.54ns)   --->   "%add_ln465_1 = add i13 %sext_ln465_1, i13 %sext_ln465" [C:/github/zybo_z7_cam_rpi_v2_5mp_hdmi/zybo_z7_imx219/zybo_z7_imx219.runs/design_1_v_demosaic_0_0_synth_1/prj/sol/.autopilot/db/v_demosaic.cpp:465]   --->   Operation 309 'add' 'add_ln465_1' <Predicate = (icmp_ln439)> <Delay = 1.54> <CoreInst = "Adder">   --->   Core 1 'Adder' <Latency = 0> <II = 1> <Delay = 1.67> <FuncUnit> <Opcode : 'add' 'sub'> <InPorts = 2> <OutPorts = 1>
ST_4 : Operation 310 [1/1] (0.00ns)   --->   "%sext_ln465_5 = sext i13 %add_ln465_1" [C:/github/zybo_z7_cam_rpi_v2_5mp_hdmi/zybo_z7_imx219/zybo_z7_imx219.runs/design_1_v_demosaic_0_0_synth_1/prj/sol/.autopilot/db/v_demosaic.cpp:465]   --->   Operation 310 'sext' 'sext_ln465_5' <Predicate = (icmp_ln439)> <Delay = 0.00>
ST_4 : Operation 311 [1/1] (1.67ns)   --->   "%ave = add i14 %sext_ln465_5, i14 %sext_ln465_4" [C:/github/zybo_z7_cam_rpi_v2_5mp_hdmi/zybo_z7_imx219/zybo_z7_imx219.runs/design_1_v_demosaic_0_0_synth_1/prj/sol/.autopilot/db/v_demosaic.cpp:465]   --->   Operation 311 'add' 'ave' <Predicate = (icmp_ln439)> <Delay = 1.67> <CoreInst = "Adder">   --->   Core 1 'Adder' <Latency = 0> <II = 1> <Delay = 1.81> <FuncUnit> <Opcode : 'add' 'sub'> <InPorts = 2> <OutPorts = 1>
ST_4 : Operation 312 [1/1] (0.00ns)   --->   "%sext_ln435 = sext i14 %ave" [C:/github/zybo_z7_cam_rpi_v2_5mp_hdmi/zybo_z7_imx219/zybo_z7_imx219.runs/design_1_v_demosaic_0_0_synth_1/prj/sol/.autopilot/db/v_demosaic.cpp:435]   --->   Operation 312 'sext' 'sext_ln435' <Predicate = (icmp_ln439)> <Delay = 0.00>
ST_4 : Operation 313 [1/1] (0.00ns)   --->   "%sext_ln466 = sext i12 %K_1" [C:/github/zybo_z7_cam_rpi_v2_5mp_hdmi/zybo_z7_imx219/zybo_z7_imx219.runs/design_1_v_demosaic_0_0_synth_1/prj/sol/.autopilot/db/v_demosaic.cpp:466]   --->   Operation 313 'sext' 'sext_ln466' <Predicate = (icmp_ln439)> <Delay = 0.00>
ST_4 : Operation 314 [1/1] (0.00ns)   --->   "%sext_ln466_1 = sext i12 %K_3" [C:/github/zybo_z7_cam_rpi_v2_5mp_hdmi/zybo_z7_imx219/zybo_z7_imx219.runs/design_1_v_demosaic_0_0_synth_1/prj/sol/.autopilot/db/v_demosaic.cpp:466]   --->   Operation 314 'sext' 'sext_ln466_1' <Predicate = (icmp_ln439)> <Delay = 0.00>
ST_4 : Operation 315 [1/1] (0.00ns)   --->   "%sext_ln466_2 = sext i12 %K_9" [C:/github/zybo_z7_cam_rpi_v2_5mp_hdmi/zybo_z7_imx219/zybo_z7_imx219.runs/design_1_v_demosaic_0_0_synth_1/prj/sol/.autopilot/db/v_demosaic.cpp:466]   --->   Operation 315 'sext' 'sext_ln466_2' <Predicate = (icmp_ln439)> <Delay = 0.00>
ST_4 : Operation 316 [1/1] (0.00ns)   --->   "%sext_ln466_3 = sext i12 %K_11" [C:/github/zybo_z7_cam_rpi_v2_5mp_hdmi/zybo_z7_imx219/zybo_z7_imx219.runs/design_1_v_demosaic_0_0_synth_1/prj/sol/.autopilot/db/v_demosaic.cpp:466]   --->   Operation 316 'sext' 'sext_ln466_3' <Predicate = (icmp_ln439)> <Delay = 0.00>
ST_4 : Operation 317 [1/1] (1.54ns)   --->   "%add_ln466 = add i13 %sext_ln466_1, i13 %sext_ln466_2" [C:/github/zybo_z7_cam_rpi_v2_5mp_hdmi/zybo_z7_imx219/zybo_z7_imx219.runs/design_1_v_demosaic_0_0_synth_1/prj/sol/.autopilot/db/v_demosaic.cpp:466]   --->   Operation 317 'add' 'add_ln466' <Predicate = (icmp_ln439)> <Delay = 1.54> <CoreInst = "Adder">   --->   Core 1 'Adder' <Latency = 0> <II = 1> <Delay = 1.67> <FuncUnit> <Opcode : 'add' 'sub'> <InPorts = 2> <OutPorts = 1>
ST_4 : Operation 318 [1/1] (0.00ns)   --->   "%sext_ln466_4 = sext i13 %add_ln466" [C:/github/zybo_z7_cam_rpi_v2_5mp_hdmi/zybo_z7_imx219/zybo_z7_imx219.runs/design_1_v_demosaic_0_0_synth_1/prj/sol/.autopilot/db/v_demosaic.cpp:466]   --->   Operation 318 'sext' 'sext_ln466_4' <Predicate = (icmp_ln439)> <Delay = 0.00>
ST_4 : Operation 319 [1/1] (1.54ns)   --->   "%add_ln466_1 = add i13 %sext_ln466_3, i13 %sext_ln466" [C:/github/zybo_z7_cam_rpi_v2_5mp_hdmi/zybo_z7_imx219/zybo_z7_imx219.runs/design_1_v_demosaic_0_0_synth_1/prj/sol/.autopilot/db/v_demosaic.cpp:466]   --->   Operation 319 'add' 'add_ln466_1' <Predicate = (icmp_ln439)> <Delay = 1.54> <CoreInst = "Adder">   --->   Core 1 'Adder' <Latency = 0> <II = 1> <Delay = 1.67> <FuncUnit> <Opcode : 'add' 'sub'> <InPorts = 2> <OutPorts = 1>
ST_4 : Operation 320 [1/1] (0.00ns)   --->   "%sext_ln466_5 = sext i13 %add_ln466_1" [C:/github/zybo_z7_cam_rpi_v2_5mp_hdmi/zybo_z7_imx219/zybo_z7_imx219.runs/design_1_v_demosaic_0_0_synth_1/prj/sol/.autopilot/db/v_demosaic.cpp:466]   --->   Operation 320 'sext' 'sext_ln466_5' <Predicate = (icmp_ln439)> <Delay = 0.00>
ST_4 : Operation 321 [1/1] (1.67ns)   --->   "%ave_1 = add i14 %sext_ln466_5, i14 %sext_ln466_4" [C:/github/zybo_z7_cam_rpi_v2_5mp_hdmi/zybo_z7_imx219/zybo_z7_imx219.runs/design_1_v_demosaic_0_0_synth_1/prj/sol/.autopilot/db/v_demosaic.cpp:466]   --->   Operation 321 'add' 'ave_1' <Predicate = (icmp_ln439)> <Delay = 1.67> <CoreInst = "Adder">   --->   Core 1 'Adder' <Latency = 0> <II = 1> <Delay = 1.81> <FuncUnit> <Opcode : 'add' 'sub'> <InPorts = 2> <OutPorts = 1>
ST_4 : Operation 322 [1/1] (0.00ns)   --->   "%sext_ln435_1 = sext i14 %ave_1" [C:/github/zybo_z7_cam_rpi_v2_5mp_hdmi/zybo_z7_imx219/zybo_z7_imx219.runs/design_1_v_demosaic_0_0_synth_1/prj/sol/.autopilot/db/v_demosaic.cpp:435]   --->   Operation 322 'sext' 'sext_ln435_1' <Predicate = (icmp_ln439)> <Delay = 0.00>
ST_4 : Operation 323 [1/1] (0.00ns)   --->   "%sext_ln467 = sext i12 %K_5" [C:/github/zybo_z7_cam_rpi_v2_5mp_hdmi/zybo_z7_imx219/zybo_z7_imx219.runs/design_1_v_demosaic_0_0_synth_1/prj/sol/.autopilot/db/v_demosaic.cpp:467]   --->   Operation 323 'sext' 'sext_ln467' <Predicate = (icmp_ln439)> <Delay = 0.00>
ST_4 : Operation 324 [1/1] (0.00ns)   --->   "%sext_ln467_1 = sext i12 %K_7" [C:/github/zybo_z7_cam_rpi_v2_5mp_hdmi/zybo_z7_imx219/zybo_z7_imx219.runs/design_1_v_demosaic_0_0_synth_1/prj/sol/.autopilot/db/v_demosaic.cpp:467]   --->   Operation 324 'sext' 'sext_ln467_1' <Predicate = (icmp_ln439)> <Delay = 0.00>
ST_4 : Operation 325 [1/1] (1.54ns)   --->   "%add_ln467 = add i13 %sext_ln467, i13 %sext_ln467_1" [C:/github/zybo_z7_cam_rpi_v2_5mp_hdmi/zybo_z7_imx219/zybo_z7_imx219.runs/design_1_v_demosaic_0_0_synth_1/prj/sol/.autopilot/db/v_demosaic.cpp:467]   --->   Operation 325 'add' 'add_ln467' <Predicate = (icmp_ln439)> <Delay = 1.54> <CoreInst = "Adder">   --->   Core 1 'Adder' <Latency = 0> <II = 1> <Delay = 1.67> <FuncUnit> <Opcode : 'add' 'sub'> <InPorts = 2> <OutPorts = 1>
ST_4 : Operation 326 [1/1] (0.00ns)   --->   "%sext_ln467_2 = sext i13 %add_ln467" [C:/github/zybo_z7_cam_rpi_v2_5mp_hdmi/zybo_z7_imx219/zybo_z7_imx219.runs/design_1_v_demosaic_0_0_synth_1/prj/sol/.autopilot/db/v_demosaic.cpp:467]   --->   Operation 326 'sext' 'sext_ln467_2' <Predicate = (icmp_ln439)> <Delay = 0.00>
ST_4 : Operation 327 [1/1] (1.67ns)   --->   "%ave_2 = add i14 %sext_ln466_4, i14 %sext_ln467_2" [C:/github/zybo_z7_cam_rpi_v2_5mp_hdmi/zybo_z7_imx219/zybo_z7_imx219.runs/design_1_v_demosaic_0_0_synth_1/prj/sol/.autopilot/db/v_demosaic.cpp:467]   --->   Operation 327 'add' 'ave_2' <Predicate = (icmp_ln439)> <Delay = 1.67> <CoreInst = "Adder">   --->   Core 1 'Adder' <Latency = 0> <II = 1> <Delay = 1.81> <FuncUnit> <Opcode : 'add' 'sub'> <InPorts = 2> <OutPorts = 1>
ST_4 : Operation 328 [1/1] (0.00ns)   --->   "%sext_ln435_2 = sext i14 %ave_2" [C:/github/zybo_z7_cam_rpi_v2_5mp_hdmi/zybo_z7_imx219/zybo_z7_imx219.runs/design_1_v_demosaic_0_0_synth_1/prj/sol/.autopilot/db/v_demosaic.cpp:435]   --->   Operation 328 'sext' 'sext_ln435_2' <Predicate = (icmp_ln439)> <Delay = 0.00>
ST_4 : Operation 329 [1/1] (0.00ns)   --->   "%sext_ln468 = sext i12 %K_8" [C:/github/zybo_z7_cam_rpi_v2_5mp_hdmi/zybo_z7_imx219/zybo_z7_imx219.runs/design_1_v_demosaic_0_0_synth_1/prj/sol/.autopilot/db/v_demosaic.cpp:468]   --->   Operation 329 'sext' 'sext_ln468' <Predicate = (icmp_ln439)> <Delay = 0.00>
ST_4 : Operation 330 [1/1] (0.00ns)   --->   "%sext_ln468_1 = sext i12 %K_10" [C:/github/zybo_z7_cam_rpi_v2_5mp_hdmi/zybo_z7_imx219/zybo_z7_imx219.runs/design_1_v_demosaic_0_0_synth_1/prj/sol/.autopilot/db/v_demosaic.cpp:468]   --->   Operation 330 'sext' 'sext_ln468_1' <Predicate = (icmp_ln439)> <Delay = 0.00>
ST_4 : Operation 331 [1/1] (1.54ns)   --->   "%add_ln468 = add i13 %sext_ln468, i13 %sext_ln468_1" [C:/github/zybo_z7_cam_rpi_v2_5mp_hdmi/zybo_z7_imx219/zybo_z7_imx219.runs/design_1_v_demosaic_0_0_synth_1/prj/sol/.autopilot/db/v_demosaic.cpp:468]   --->   Operation 331 'add' 'add_ln468' <Predicate = (icmp_ln439)> <Delay = 1.54> <CoreInst = "Adder">   --->   Core 1 'Adder' <Latency = 0> <II = 1> <Delay = 1.67> <FuncUnit> <Opcode : 'add' 'sub'> <InPorts = 2> <OutPorts = 1>
ST_4 : Operation 332 [1/1] (0.00ns)   --->   "%sext_ln468_2 = sext i13 %add_ln468" [C:/github/zybo_z7_cam_rpi_v2_5mp_hdmi/zybo_z7_imx219/zybo_z7_imx219.runs/design_1_v_demosaic_0_0_synth_1/prj/sol/.autopilot/db/v_demosaic.cpp:468]   --->   Operation 332 'sext' 'sext_ln468_2' <Predicate = (icmp_ln439)> <Delay = 0.00>
ST_4 : Operation 333 [1/1] (1.54ns)   --->   "%add_ln468_1 = add i13 %sext_ln465_3, i13 %sext_ln465_1" [C:/github/zybo_z7_cam_rpi_v2_5mp_hdmi/zybo_z7_imx219/zybo_z7_imx219.runs/design_1_v_demosaic_0_0_synth_1/prj/sol/.autopilot/db/v_demosaic.cpp:468]   --->   Operation 333 'add' 'add_ln468_1' <Predicate = (icmp_ln439)> <Delay = 1.54> <CoreInst = "Adder">   --->   Core 1 'Adder' <Latency = 0> <II = 1> <Delay = 1.67> <FuncUnit> <Opcode : 'add' 'sub'> <InPorts = 2> <OutPorts = 1>
ST_4 : Operation 334 [1/1] (0.00ns)   --->   "%sext_ln468_3 = sext i13 %add_ln468_1" [C:/github/zybo_z7_cam_rpi_v2_5mp_hdmi/zybo_z7_imx219/zybo_z7_imx219.runs/design_1_v_demosaic_0_0_synth_1/prj/sol/.autopilot/db/v_demosaic.cpp:468]   --->   Operation 334 'sext' 'sext_ln468_3' <Predicate = (icmp_ln439)> <Delay = 0.00>
ST_4 : Operation 335 [1/1] (1.67ns)   --->   "%ave_3 = add i14 %sext_ln468_3, i14 %sext_ln468_2" [C:/github/zybo_z7_cam_rpi_v2_5mp_hdmi/zybo_z7_imx219/zybo_z7_imx219.runs/design_1_v_demosaic_0_0_synth_1/prj/sol/.autopilot/db/v_demosaic.cpp:468]   --->   Operation 335 'add' 'ave_3' <Predicate = (icmp_ln439)> <Delay = 1.67> <CoreInst = "Adder">   --->   Core 1 'Adder' <Latency = 0> <II = 1> <Delay = 1.81> <FuncUnit> <Opcode : 'add' 'sub'> <InPorts = 2> <OutPorts = 1>
ST_4 : Operation 336 [1/1] (0.00ns)   --->   "%sext_ln435_3 = sext i14 %ave_3" [C:/github/zybo_z7_cam_rpi_v2_5mp_hdmi/zybo_z7_imx219/zybo_z7_imx219.runs/design_1_v_demosaic_0_0_synth_1/prj/sol/.autopilot/db/v_demosaic.cpp:435]   --->   Operation 336 'sext' 'sext_ln435_3' <Predicate = (icmp_ln439)> <Delay = 0.00>
ST_4 : Operation 337 [1/1] (0.00ns)   --->   "%tmp_25 = bitselect i1 @_ssdm_op_BitSelect.i1.i14.i32, i14 %ave, i32 13" [C:/github/zybo_z7_cam_rpi_v2_5mp_hdmi/zybo_z7_imx219/zybo_z7_imx219.runs/design_1_v_demosaic_0_0_synth_1/prj/sol/.autopilot/db/v_demosaic.cpp:472]   --->   Operation 337 'bitselect' 'tmp_25' <Predicate = (icmp_ln439)> <Delay = 0.00>
ST_4 : Operation 338 [1/1] (1.81ns)   --->   "%sub_ln472 = sub i15 0, i15 %sext_ln435" [C:/github/zybo_z7_cam_rpi_v2_5mp_hdmi/zybo_z7_imx219/zybo_z7_imx219.runs/design_1_v_demosaic_0_0_synth_1/prj/sol/.autopilot/db/v_demosaic.cpp:472]   --->   Operation 338 'sub' 'sub_ln472' <Predicate = (icmp_ln439)> <Delay = 1.81> <CoreInst = "Adder">   --->   Core 1 'Adder' <Latency = 0> <II = 1> <Delay = 1.94> <FuncUnit> <Opcode : 'add' 'sub'> <InPorts = 2> <OutPorts = 1>
ST_4 : Operation 339 [1/1] (0.00ns)   --->   "%trunc_ln472_1_cast = partselect i12 @_ssdm_op_PartSelect.i12.i15.i32.i32, i15 %sub_ln472, i32 2, i32 13" [C:/github/zybo_z7_cam_rpi_v2_5mp_hdmi/zybo_z7_imx219/zybo_z7_imx219.runs/design_1_v_demosaic_0_0_synth_1/prj/sol/.autopilot/db/v_demosaic.cpp:472]   --->   Operation 339 'partselect' 'trunc_ln472_1_cast' <Predicate = (icmp_ln439)> <Delay = 0.00>
ST_4 : Operation 340 [1/1] (0.00ns)   --->   "%trunc_ln472_2 = partselect i12 @_ssdm_op_PartSelect.i12.i14.i32.i32, i14 %ave, i32 2, i32 13" [C:/github/zybo_z7_cam_rpi_v2_5mp_hdmi/zybo_z7_imx219/zybo_z7_imx219.runs/design_1_v_demosaic_0_0_synth_1/prj/sol/.autopilot/db/v_demosaic.cpp:472]   --->   Operation 340 'partselect' 'trunc_ln472_2' <Predicate = (icmp_ln439)> <Delay = 0.00>
ST_4 : Operation 341 [1/1] (1.54ns)   --->   "%sub_ln472_1 = sub i12 0, i12 %trunc_ln472_1_cast" [C:/github/zybo_z7_cam_rpi_v2_5mp_hdmi/zybo_z7_imx219/zybo_z7_imx219.runs/design_1_v_demosaic_0_0_synth_1/prj/sol/.autopilot/db/v_demosaic.cpp:472]   --->   Operation 341 'sub' 'sub_ln472_1' <Predicate = (icmp_ln439)> <Delay = 1.54> <CoreInst = "Adder">   --->   Core 1 'Adder' <Latency = 0> <II = 1> <Delay = 1.54> <FuncUnit> <Opcode : 'add' 'sub'> <InPorts = 2> <OutPorts = 1>
ST_4 : Operation 342 [1/1] (0.69ns)   --->   "%mean = select i1 %tmp_25, i12 %sub_ln472_1, i12 %trunc_ln472_2" [C:/github/zybo_z7_cam_rpi_v2_5mp_hdmi/zybo_z7_imx219/zybo_z7_imx219.runs/design_1_v_demosaic_0_0_synth_1/prj/sol/.autopilot/db/v_demosaic.cpp:472]   --->   Operation 342 'select' 'mean' <Predicate = (icmp_ln439)> <Delay = 0.69> <CoreInst = "Sel">   --->   Core 73 'Sel' <Latency = 0> <II = 1> <Delay = 0.69> <FuncUnit> <Opcode : 'select'> <InPorts = 3> <OutPorts = 1>
ST_4 : Operation 343 [1/1] (0.00ns)   --->   "%tmp_26 = bitselect i1 @_ssdm_op_BitSelect.i1.i14.i32, i14 %ave_1, i32 13" [C:/github/zybo_z7_cam_rpi_v2_5mp_hdmi/zybo_z7_imx219/zybo_z7_imx219.runs/design_1_v_demosaic_0_0_synth_1/prj/sol/.autopilot/db/v_demosaic.cpp:472]   --->   Operation 343 'bitselect' 'tmp_26' <Predicate = (icmp_ln439)> <Delay = 0.00>
ST_4 : Operation 344 [1/1] (1.81ns)   --->   "%sub_ln472_2 = sub i15 0, i15 %sext_ln435_1" [C:/github/zybo_z7_cam_rpi_v2_5mp_hdmi/zybo_z7_imx219/zybo_z7_imx219.runs/design_1_v_demosaic_0_0_synth_1/prj/sol/.autopilot/db/v_demosaic.cpp:472]   --->   Operation 344 'sub' 'sub_ln472_2' <Predicate = (icmp_ln439)> <Delay = 1.81> <CoreInst = "Adder">   --->   Core 1 'Adder' <Latency = 0> <II = 1> <Delay = 1.94> <FuncUnit> <Opcode : 'add' 'sub'> <InPorts = 2> <OutPorts = 1>
ST_4 : Operation 345 [1/1] (0.00ns)   --->   "%trunc_ln472_4_cast = partselect i12 @_ssdm_op_PartSelect.i12.i15.i32.i32, i15 %sub_ln472_2, i32 2, i32 13" [C:/github/zybo_z7_cam_rpi_v2_5mp_hdmi/zybo_z7_imx219/zybo_z7_imx219.runs/design_1_v_demosaic_0_0_synth_1/prj/sol/.autopilot/db/v_demosaic.cpp:472]   --->   Operation 345 'partselect' 'trunc_ln472_4_cast' <Predicate = (icmp_ln439)> <Delay = 0.00>
ST_4 : Operation 346 [1/1] (0.00ns)   --->   "%trunc_ln472_5 = partselect i12 @_ssdm_op_PartSelect.i12.i14.i32.i32, i14 %ave_1, i32 2, i32 13" [C:/github/zybo_z7_cam_rpi_v2_5mp_hdmi/zybo_z7_imx219/zybo_z7_imx219.runs/design_1_v_demosaic_0_0_synth_1/prj/sol/.autopilot/db/v_demosaic.cpp:472]   --->   Operation 346 'partselect' 'trunc_ln472_5' <Predicate = (icmp_ln439)> <Delay = 0.00>
ST_4 : Operation 347 [1/1] (1.54ns)   --->   "%sub_ln472_3 = sub i12 0, i12 %trunc_ln472_4_cast" [C:/github/zybo_z7_cam_rpi_v2_5mp_hdmi/zybo_z7_imx219/zybo_z7_imx219.runs/design_1_v_demosaic_0_0_synth_1/prj/sol/.autopilot/db/v_demosaic.cpp:472]   --->   Operation 347 'sub' 'sub_ln472_3' <Predicate = (icmp_ln439)> <Delay = 1.54> <CoreInst = "Adder">   --->   Core 1 'Adder' <Latency = 0> <II = 1> <Delay = 1.54> <FuncUnit> <Opcode : 'add' 'sub'> <InPorts = 2> <OutPorts = 1>
ST_4 : Operation 348 [1/1] (0.69ns)   --->   "%mean_1 = select i1 %tmp_26, i12 %sub_ln472_3, i12 %trunc_ln472_5" [C:/github/zybo_z7_cam_rpi_v2_5mp_hdmi/zybo_z7_imx219/zybo_z7_imx219.runs/design_1_v_demosaic_0_0_synth_1/prj/sol/.autopilot/db/v_demosaic.cpp:472]   --->   Operation 348 'select' 'mean_1' <Predicate = (icmp_ln439)> <Delay = 0.69> <CoreInst = "Sel">   --->   Core 73 'Sel' <Latency = 0> <II = 1> <Delay = 0.69> <FuncUnit> <Opcode : 'select'> <InPorts = 3> <OutPorts = 1>
ST_4 : Operation 349 [1/1] (0.00ns)   --->   "%tmp_27 = bitselect i1 @_ssdm_op_BitSelect.i1.i14.i32, i14 %ave_2, i32 13" [C:/github/zybo_z7_cam_rpi_v2_5mp_hdmi/zybo_z7_imx219/zybo_z7_imx219.runs/design_1_v_demosaic_0_0_synth_1/prj/sol/.autopilot/db/v_demosaic.cpp:472]   --->   Operation 349 'bitselect' 'tmp_27' <Predicate = (icmp_ln439)> <Delay = 0.00>
ST_4 : Operation 350 [1/1] (1.81ns)   --->   "%sub_ln472_4 = sub i15 0, i15 %sext_ln435_2" [C:/github/zybo_z7_cam_rpi_v2_5mp_hdmi/zybo_z7_imx219/zybo_z7_imx219.runs/design_1_v_demosaic_0_0_synth_1/prj/sol/.autopilot/db/v_demosaic.cpp:472]   --->   Operation 350 'sub' 'sub_ln472_4' <Predicate = (icmp_ln439)> <Delay = 1.81> <CoreInst = "Adder">   --->   Core 1 'Adder' <Latency = 0> <II = 1> <Delay = 1.94> <FuncUnit> <Opcode : 'add' 'sub'> <InPorts = 2> <OutPorts = 1>
ST_4 : Operation 351 [1/1] (0.00ns)   --->   "%trunc_ln472_7_cast = partselect i12 @_ssdm_op_PartSelect.i12.i15.i32.i32, i15 %sub_ln472_4, i32 2, i32 13" [C:/github/zybo_z7_cam_rpi_v2_5mp_hdmi/zybo_z7_imx219/zybo_z7_imx219.runs/design_1_v_demosaic_0_0_synth_1/prj/sol/.autopilot/db/v_demosaic.cpp:472]   --->   Operation 351 'partselect' 'trunc_ln472_7_cast' <Predicate = (icmp_ln439)> <Delay = 0.00>
ST_4 : Operation 352 [1/1] (0.00ns)   --->   "%trunc_ln472_8 = partselect i12 @_ssdm_op_PartSelect.i12.i14.i32.i32, i14 %ave_2, i32 2, i32 13" [C:/github/zybo_z7_cam_rpi_v2_5mp_hdmi/zybo_z7_imx219/zybo_z7_imx219.runs/design_1_v_demosaic_0_0_synth_1/prj/sol/.autopilot/db/v_demosaic.cpp:472]   --->   Operation 352 'partselect' 'trunc_ln472_8' <Predicate = (icmp_ln439)> <Delay = 0.00>
ST_4 : Operation 353 [1/1] (1.54ns)   --->   "%sub_ln472_5 = sub i12 0, i12 %trunc_ln472_7_cast" [C:/github/zybo_z7_cam_rpi_v2_5mp_hdmi/zybo_z7_imx219/zybo_z7_imx219.runs/design_1_v_demosaic_0_0_synth_1/prj/sol/.autopilot/db/v_demosaic.cpp:472]   --->   Operation 353 'sub' 'sub_ln472_5' <Predicate = (icmp_ln439)> <Delay = 1.54> <CoreInst = "Adder">   --->   Core 1 'Adder' <Latency = 0> <II = 1> <Delay = 1.54> <FuncUnit> <Opcode : 'add' 'sub'> <InPorts = 2> <OutPorts = 1>
ST_4 : Operation 354 [1/1] (0.69ns)   --->   "%mean_2 = select i1 %tmp_27, i12 %sub_ln472_5, i12 %trunc_ln472_8" [C:/github/zybo_z7_cam_rpi_v2_5mp_hdmi/zybo_z7_imx219/zybo_z7_imx219.runs/design_1_v_demosaic_0_0_synth_1/prj/sol/.autopilot/db/v_demosaic.cpp:472]   --->   Operation 354 'select' 'mean_2' <Predicate = (icmp_ln439)> <Delay = 0.69> <CoreInst = "Sel">   --->   Core 73 'Sel' <Latency = 0> <II = 1> <Delay = 0.69> <FuncUnit> <Opcode : 'select'> <InPorts = 3> <OutPorts = 1>
ST_4 : Operation 355 [1/1] (0.00ns)   --->   "%tmp_28 = bitselect i1 @_ssdm_op_BitSelect.i1.i14.i32, i14 %ave_3, i32 13" [C:/github/zybo_z7_cam_rpi_v2_5mp_hdmi/zybo_z7_imx219/zybo_z7_imx219.runs/design_1_v_demosaic_0_0_synth_1/prj/sol/.autopilot/db/v_demosaic.cpp:472]   --->   Operation 355 'bitselect' 'tmp_28' <Predicate = (icmp_ln439)> <Delay = 0.00>
ST_4 : Operation 356 [1/1] (1.81ns)   --->   "%sub_ln472_6 = sub i15 0, i15 %sext_ln435_3" [C:/github/zybo_z7_cam_rpi_v2_5mp_hdmi/zybo_z7_imx219/zybo_z7_imx219.runs/design_1_v_demosaic_0_0_synth_1/prj/sol/.autopilot/db/v_demosaic.cpp:472]   --->   Operation 356 'sub' 'sub_ln472_6' <Predicate = (icmp_ln439)> <Delay = 1.81> <CoreInst = "Adder">   --->   Core 1 'Adder' <Latency = 0> <II = 1> <Delay = 1.94> <FuncUnit> <Opcode : 'add' 'sub'> <InPorts = 2> <OutPorts = 1>
ST_4 : Operation 357 [1/1] (0.00ns)   --->   "%trunc_ln472_cast = partselect i12 @_ssdm_op_PartSelect.i12.i15.i32.i32, i15 %sub_ln472_6, i32 2, i32 13" [C:/github/zybo_z7_cam_rpi_v2_5mp_hdmi/zybo_z7_imx219/zybo_z7_imx219.runs/design_1_v_demosaic_0_0_synth_1/prj/sol/.autopilot/db/v_demosaic.cpp:472]   --->   Operation 357 'partselect' 'trunc_ln472_cast' <Predicate = (icmp_ln439)> <Delay = 0.00>
ST_4 : Operation 358 [1/1] (0.00ns)   --->   "%trunc_ln472_s = partselect i12 @_ssdm_op_PartSelect.i12.i14.i32.i32, i14 %ave_3, i32 2, i32 13" [C:/github/zybo_z7_cam_rpi_v2_5mp_hdmi/zybo_z7_imx219/zybo_z7_imx219.runs/design_1_v_demosaic_0_0_synth_1/prj/sol/.autopilot/db/v_demosaic.cpp:472]   --->   Operation 358 'partselect' 'trunc_ln472_s' <Predicate = (icmp_ln439)> <Delay = 0.00>
ST_4 : Operation 359 [1/1] (1.54ns)   --->   "%sub_ln472_7 = sub i12 0, i12 %trunc_ln472_cast" [C:/github/zybo_z7_cam_rpi_v2_5mp_hdmi/zybo_z7_imx219/zybo_z7_imx219.runs/design_1_v_demosaic_0_0_synth_1/prj/sol/.autopilot/db/v_demosaic.cpp:472]   --->   Operation 359 'sub' 'sub_ln472_7' <Predicate = (icmp_ln439)> <Delay = 1.54> <CoreInst = "Adder">   --->   Core 1 'Adder' <Latency = 0> <II = 1> <Delay = 1.54> <FuncUnit> <Opcode : 'add' 'sub'> <InPorts = 2> <OutPorts = 1>
ST_4 : Operation 360 [1/1] (0.69ns)   --->   "%mean_3 = select i1 %tmp_28, i12 %sub_ln472_7, i12 %trunc_ln472_s" [C:/github/zybo_z7_cam_rpi_v2_5mp_hdmi/zybo_z7_imx219/zybo_z7_imx219.runs/design_1_v_demosaic_0_0_synth_1/prj/sol/.autopilot/db/v_demosaic.cpp:472]   --->   Operation 360 'select' 'mean_3' <Predicate = (icmp_ln439)> <Delay = 0.69> <CoreInst = "Sel">   --->   Core 73 'Sel' <Latency = 0> <II = 1> <Delay = 0.69> <FuncUnit> <Opcode : 'select'> <InPorts = 3> <OutPorts = 1>
ST_4 : Operation 361 [1/1] (1.73ns)   --->   "%sub_ln483 = sub i11 %zext_ln450_1, i11 %zext_ln450_3" [C:/github/zybo_z7_cam_rpi_v2_5mp_hdmi/zybo_z7_imx219/zybo_z7_imx219.runs/design_1_v_demosaic_0_0_synth_1/prj/sol/.autopilot/db/v_demosaic.cpp:483]   --->   Operation 361 'sub' 'sub_ln483' <Predicate = (icmp_ln439)> <Delay = 1.73> <CoreInst = "Adder">   --->   Core 1 'Adder' <Latency = 0> <II = 1> <Delay = 1.63> <FuncUnit> <Opcode : 'add' 'sub'> <InPorts = 2> <OutPorts = 1>
ST_4 : Operation 362 [1/1] (0.00ns)   --->   "%trunc_ln61_24 = trunc i11 %sub_ln483" [C:/AMDDesignTools/2025.2/Vitis/tps/mingw/8.3.0/win64.o/nt\lib\gcc\x86_64-w64-mingw32\8.3.0\include\c++\bits/std_abs.h:61->C:/github/zybo_z7_cam_rpi_v2_5mp_hdmi/zybo_z7_imx219/zybo_z7_imx219.runs/design_1_v_demosaic_0_0_synth_1/prj/sol/.autopilot/db/v_demosaic.cpp:483]   --->   Operation 362 'trunc' 'trunc_ln61_24' <Predicate = (icmp_ln439)> <Delay = 0.00>
ST_4 : Operation 363 [1/1] (0.00ns) (grouped into LUT with out node add_ln483)   --->   "%tmp_45 = bitselect i1 @_ssdm_op_BitSelect.i1.i11.i32, i11 %sub_ln483, i32 10" [C:/AMDDesignTools/2025.2/Vitis/tps/mingw/8.3.0/win64.o/nt\lib\gcc\x86_64-w64-mingw32\8.3.0\include\c++\bits/std_abs.h:61->C:/github/zybo_z7_cam_rpi_v2_5mp_hdmi/zybo_z7_imx219/zybo_z7_imx219.runs/design_1_v_demosaic_0_0_synth_1/prj/sol/.autopilot/db/v_demosaic.cpp:483]   --->   Operation 363 'bitselect' 'tmp_45' <Predicate = (icmp_ln439)> <Delay = 0.00>
ST_4 : Operation 364 [1/1] (1.73ns)   --->   "%sub_ln61_24 = sub i10 0, i10 %trunc_ln61_24" [C:/AMDDesignTools/2025.2/Vitis/tps/mingw/8.3.0/win64.o/nt\lib\gcc\x86_64-w64-mingw32\8.3.0\include\c++\bits/std_abs.h:61->C:/github/zybo_z7_cam_rpi_v2_5mp_hdmi/zybo_z7_imx219/zybo_z7_imx219.runs/design_1_v_demosaic_0_0_synth_1/prj/sol/.autopilot/db/v_demosaic.cpp:483]   --->   Operation 364 'sub' 'sub_ln61_24' <Predicate = (icmp_ln439)> <Delay = 1.73> <CoreInst = "Adder">   --->   Core 1 'Adder' <Latency = 0> <II = 1> <Delay = 1.73> <FuncUnit> <Opcode : 'add' 'sub'> <InPorts = 2> <OutPorts = 1>
ST_4 : Operation 365 [1/1] (0.00ns) (grouped into LUT with out node add_ln483)   --->   "%select_ln61_16 = select i1 %tmp_45, i10 %sub_ln61_24, i10 %trunc_ln61_24" [C:/AMDDesignTools/2025.2/Vitis/tps/mingw/8.3.0/win64.o/nt\lib\gcc\x86_64-w64-mingw32\8.3.0\include\c++\bits/std_abs.h:61->C:/github/zybo_z7_cam_rpi_v2_5mp_hdmi/zybo_z7_imx219/zybo_z7_imx219.runs/design_1_v_demosaic_0_0_synth_1/prj/sol/.autopilot/db/v_demosaic.cpp:483]   --->   Operation 365 'select' 'select_ln61_16' <Predicate = (icmp_ln439)> <Delay = 0.00> <CoreInst = "Sel">   --->   Core 73 'Sel' <Latency = 0> <II = 1> <Delay = 0.68> <FuncUnit> <Opcode : 'select'> <InPorts = 3> <OutPorts = 1>
ST_4 : Operation 366 [1/1] (0.00ns) (grouped into LUT with out node add_ln483)   --->   "%zext_ln483 = zext i10 %select_ln61_16" [C:/github/zybo_z7_cam_rpi_v2_5mp_hdmi/zybo_z7_imx219/zybo_z7_imx219.runs/design_1_v_demosaic_0_0_synth_1/prj/sol/.autopilot/db/v_demosaic.cpp:483]   --->   Operation 366 'zext' 'zext_ln483' <Predicate = (icmp_ln439)> <Delay = 0.00>
ST_4 : Operation 367 [1/1] (1.73ns)   --->   "%sub_ln483_1 = sub i11 %zext_ln455_2, i11 %zext_ln450_3" [C:/github/zybo_z7_cam_rpi_v2_5mp_hdmi/zybo_z7_imx219/zybo_z7_imx219.runs/design_1_v_demosaic_0_0_synth_1/prj/sol/.autopilot/db/v_demosaic.cpp:483]   --->   Operation 367 'sub' 'sub_ln483_1' <Predicate = (icmp_ln439)> <Delay = 1.73> <CoreInst = "Adder">   --->   Core 1 'Adder' <Latency = 0> <II = 1> <Delay = 1.63> <FuncUnit> <Opcode : 'add' 'sub'> <InPorts = 2> <OutPorts = 1>
ST_4 : Operation 368 [1/1] (0.00ns)   --->   "%trunc_ln61_25 = trunc i11 %sub_ln483_1" [C:/AMDDesignTools/2025.2/Vitis/tps/mingw/8.3.0/win64.o/nt\lib\gcc\x86_64-w64-mingw32\8.3.0\include\c++\bits/std_abs.h:61->C:/github/zybo_z7_cam_rpi_v2_5mp_hdmi/zybo_z7_imx219/zybo_z7_imx219.runs/design_1_v_demosaic_0_0_synth_1/prj/sol/.autopilot/db/v_demosaic.cpp:483]   --->   Operation 368 'trunc' 'trunc_ln61_25' <Predicate = (icmp_ln439)> <Delay = 0.00>
ST_4 : Operation 369 [1/1] (0.00ns) (grouped into LUT with out node add_ln483)   --->   "%tmp_46 = bitselect i1 @_ssdm_op_BitSelect.i1.i11.i32, i11 %sub_ln483_1, i32 10" [C:/AMDDesignTools/2025.2/Vitis/tps/mingw/8.3.0/win64.o/nt\lib\gcc\x86_64-w64-mingw32\8.3.0\include\c++\bits/std_abs.h:61->C:/github/zybo_z7_cam_rpi_v2_5mp_hdmi/zybo_z7_imx219/zybo_z7_imx219.runs/design_1_v_demosaic_0_0_synth_1/prj/sol/.autopilot/db/v_demosaic.cpp:483]   --->   Operation 369 'bitselect' 'tmp_46' <Predicate = (icmp_ln439)> <Delay = 0.00>
ST_4 : Operation 370 [1/1] (1.73ns)   --->   "%sub_ln61_25 = sub i10 0, i10 %trunc_ln61_25" [C:/AMDDesignTools/2025.2/Vitis/tps/mingw/8.3.0/win64.o/nt\lib\gcc\x86_64-w64-mingw32\8.3.0\include\c++\bits/std_abs.h:61->C:/github/zybo_z7_cam_rpi_v2_5mp_hdmi/zybo_z7_imx219/zybo_z7_imx219.runs/design_1_v_demosaic_0_0_synth_1/prj/sol/.autopilot/db/v_demosaic.cpp:483]   --->   Operation 370 'sub' 'sub_ln61_25' <Predicate = (icmp_ln439)> <Delay = 1.73> <CoreInst = "Adder">   --->   Core 1 'Adder' <Latency = 0> <II = 1> <Delay = 1.73> <FuncUnit> <Opcode : 'add' 'sub'> <InPorts = 2> <OutPorts = 1>
ST_4 : Operation 371 [1/1] (0.00ns) (grouped into LUT with out node add_ln483)   --->   "%select_ln61_17 = select i1 %tmp_46, i10 %sub_ln61_25, i10 %trunc_ln61_25" [C:/AMDDesignTools/2025.2/Vitis/tps/mingw/8.3.0/win64.o/nt\lib\gcc\x86_64-w64-mingw32\8.3.0\include\c++\bits/std_abs.h:61->C:/github/zybo_z7_cam_rpi_v2_5mp_hdmi/zybo_z7_imx219/zybo_z7_imx219.runs/design_1_v_demosaic_0_0_synth_1/prj/sol/.autopilot/db/v_demosaic.cpp:483]   --->   Operation 371 'select' 'select_ln61_17' <Predicate = (icmp_ln439)> <Delay = 0.00> <CoreInst = "Sel">   --->   Core 73 'Sel' <Latency = 0> <II = 1> <Delay = 0.68> <FuncUnit> <Opcode : 'select'> <InPorts = 3> <OutPorts = 1>
ST_4 : Operation 372 [1/1] (0.00ns) (grouped into LUT with out node add_ln483)   --->   "%zext_ln483_1 = zext i10 %select_ln61_17" [C:/github/zybo_z7_cam_rpi_v2_5mp_hdmi/zybo_z7_imx219/zybo_z7_imx219.runs/design_1_v_demosaic_0_0_synth_1/prj/sol/.autopilot/db/v_demosaic.cpp:483]   --->   Operation 372 'zext' 'zext_ln483_1' <Predicate = (icmp_ln439)> <Delay = 0.00>
ST_4 : Operation 373 [1/1] (1.73ns) (out node of the LUT)   --->   "%add_ln483 = add i11 %zext_ln483, i11 %zext_ln483_1" [C:/github/zybo_z7_cam_rpi_v2_5mp_hdmi/zybo_z7_imx219/zybo_z7_imx219.runs/design_1_v_demosaic_0_0_synth_1/prj/sol/.autopilot/db/v_demosaic.cpp:483]   --->   Operation 373 'add' 'add_ln483' <Predicate = (icmp_ln439)> <Delay = 1.73> <CoreInst = "Adder">   --->   Core 1 'Adder' <Latency = 0> <II = 1> <Delay = 1.63> <FuncUnit> <Opcode : 'add' 'sub'> <InPorts = 2> <OutPorts = 1>
ST_4 : Operation 374 [1/1] (0.00ns)   --->   "%SD = partselect i10 @_ssdm_op_PartSelect.i10.i11.i32.i32, i11 %add_ln483, i32 1, i32 10" [C:/github/zybo_z7_cam_rpi_v2_5mp_hdmi/zybo_z7_imx219/zybo_z7_imx219.runs/design_1_v_demosaic_0_0_synth_1/prj/sol/.autopilot/db/v_demosaic.cpp:483]   --->   Operation 374 'partselect' 'SD' <Predicate = (icmp_ln439)> <Delay = 0.00>
ST_4 : Operation 375 [1/1] (1.73ns)   --->   "%sub_ln484 = sub i11 %zext_ln452_1, i11 %zext_ln450_3" [C:/github/zybo_z7_cam_rpi_v2_5mp_hdmi/zybo_z7_imx219/zybo_z7_imx219.runs/design_1_v_demosaic_0_0_synth_1/prj/sol/.autopilot/db/v_demosaic.cpp:484]   --->   Operation 375 'sub' 'sub_ln484' <Predicate = (icmp_ln439)> <Delay = 1.73> <CoreInst = "Adder">   --->   Core 1 'Adder' <Latency = 0> <II = 1> <Delay = 1.63> <FuncUnit> <Opcode : 'add' 'sub'> <InPorts = 2> <OutPorts = 1>
ST_4 : Operation 376 [1/1] (0.00ns)   --->   "%trunc_ln61_26 = trunc i11 %sub_ln484" [C:/AMDDesignTools/2025.2/Vitis/tps/mingw/8.3.0/win64.o/nt\lib\gcc\x86_64-w64-mingw32\8.3.0\include\c++\bits/std_abs.h:61->C:/github/zybo_z7_cam_rpi_v2_5mp_hdmi/zybo_z7_imx219/zybo_z7_imx219.runs/design_1_v_demosaic_0_0_synth_1/prj/sol/.autopilot/db/v_demosaic.cpp:484]   --->   Operation 376 'trunc' 'trunc_ln61_26' <Predicate = (icmp_ln439)> <Delay = 0.00>
ST_4 : Operation 377 [1/1] (0.00ns) (grouped into LUT with out node add_ln484)   --->   "%tmp_47 = bitselect i1 @_ssdm_op_BitSelect.i1.i11.i32, i11 %sub_ln484, i32 10" [C:/AMDDesignTools/2025.2/Vitis/tps/mingw/8.3.0/win64.o/nt\lib\gcc\x86_64-w64-mingw32\8.3.0\include\c++\bits/std_abs.h:61->C:/github/zybo_z7_cam_rpi_v2_5mp_hdmi/zybo_z7_imx219/zybo_z7_imx219.runs/design_1_v_demosaic_0_0_synth_1/prj/sol/.autopilot/db/v_demosaic.cpp:484]   --->   Operation 377 'bitselect' 'tmp_47' <Predicate = (icmp_ln439)> <Delay = 0.00>
ST_4 : Operation 378 [1/1] (1.73ns)   --->   "%sub_ln61_26 = sub i10 0, i10 %trunc_ln61_26" [C:/AMDDesignTools/2025.2/Vitis/tps/mingw/8.3.0/win64.o/nt\lib\gcc\x86_64-w64-mingw32\8.3.0\include\c++\bits/std_abs.h:61->C:/github/zybo_z7_cam_rpi_v2_5mp_hdmi/zybo_z7_imx219/zybo_z7_imx219.runs/design_1_v_demosaic_0_0_synth_1/prj/sol/.autopilot/db/v_demosaic.cpp:484]   --->   Operation 378 'sub' 'sub_ln61_26' <Predicate = (icmp_ln439)> <Delay = 1.73> <CoreInst = "Adder">   --->   Core 1 'Adder' <Latency = 0> <II = 1> <Delay = 1.73> <FuncUnit> <Opcode : 'add' 'sub'> <InPorts = 2> <OutPorts = 1>
ST_4 : Operation 379 [1/1] (0.00ns) (grouped into LUT with out node add_ln484)   --->   "%select_ln61_18 = select i1 %tmp_47, i10 %sub_ln61_26, i10 %trunc_ln61_26" [C:/AMDDesignTools/2025.2/Vitis/tps/mingw/8.3.0/win64.o/nt\lib\gcc\x86_64-w64-mingw32\8.3.0\include\c++\bits/std_abs.h:61->C:/github/zybo_z7_cam_rpi_v2_5mp_hdmi/zybo_z7_imx219/zybo_z7_imx219.runs/design_1_v_demosaic_0_0_synth_1/prj/sol/.autopilot/db/v_demosaic.cpp:484]   --->   Operation 379 'select' 'select_ln61_18' <Predicate = (icmp_ln439)> <Delay = 0.00> <CoreInst = "Sel">   --->   Core 73 'Sel' <Latency = 0> <II = 1> <Delay = 0.68> <FuncUnit> <Opcode : 'select'> <InPorts = 3> <OutPorts = 1>
ST_4 : Operation 380 [1/1] (0.00ns) (grouped into LUT with out node add_ln484)   --->   "%zext_ln484 = zext i10 %select_ln61_18" [C:/github/zybo_z7_cam_rpi_v2_5mp_hdmi/zybo_z7_imx219/zybo_z7_imx219.runs/design_1_v_demosaic_0_0_synth_1/prj/sol/.autopilot/db/v_demosaic.cpp:484]   --->   Operation 380 'zext' 'zext_ln484' <Predicate = (icmp_ln439)> <Delay = 0.00>
ST_4 : Operation 381 [1/1] (1.73ns)   --->   "%sub_ln484_1 = sub i11 %zext_ln458_1, i11 %zext_ln450_3" [C:/github/zybo_z7_cam_rpi_v2_5mp_hdmi/zybo_z7_imx219/zybo_z7_imx219.runs/design_1_v_demosaic_0_0_synth_1/prj/sol/.autopilot/db/v_demosaic.cpp:484]   --->   Operation 381 'sub' 'sub_ln484_1' <Predicate = (icmp_ln439)> <Delay = 1.73> <CoreInst = "Adder">   --->   Core 1 'Adder' <Latency = 0> <II = 1> <Delay = 1.63> <FuncUnit> <Opcode : 'add' 'sub'> <InPorts = 2> <OutPorts = 1>
ST_4 : Operation 382 [1/1] (0.00ns)   --->   "%trunc_ln61_27 = trunc i11 %sub_ln484_1" [C:/AMDDesignTools/2025.2/Vitis/tps/mingw/8.3.0/win64.o/nt\lib\gcc\x86_64-w64-mingw32\8.3.0\include\c++\bits/std_abs.h:61->C:/github/zybo_z7_cam_rpi_v2_5mp_hdmi/zybo_z7_imx219/zybo_z7_imx219.runs/design_1_v_demosaic_0_0_synth_1/prj/sol/.autopilot/db/v_demosaic.cpp:484]   --->   Operation 382 'trunc' 'trunc_ln61_27' <Predicate = (icmp_ln439)> <Delay = 0.00>
ST_4 : Operation 383 [1/1] (0.00ns) (grouped into LUT with out node add_ln484)   --->   "%tmp_48 = bitselect i1 @_ssdm_op_BitSelect.i1.i11.i32, i11 %sub_ln484_1, i32 10" [C:/AMDDesignTools/2025.2/Vitis/tps/mingw/8.3.0/win64.o/nt\lib\gcc\x86_64-w64-mingw32\8.3.0\include\c++\bits/std_abs.h:61->C:/github/zybo_z7_cam_rpi_v2_5mp_hdmi/zybo_z7_imx219/zybo_z7_imx219.runs/design_1_v_demosaic_0_0_synth_1/prj/sol/.autopilot/db/v_demosaic.cpp:484]   --->   Operation 383 'bitselect' 'tmp_48' <Predicate = (icmp_ln439)> <Delay = 0.00>
ST_4 : Operation 384 [1/1] (1.73ns)   --->   "%sub_ln61_27 = sub i10 0, i10 %trunc_ln61_27" [C:/AMDDesignTools/2025.2/Vitis/tps/mingw/8.3.0/win64.o/nt\lib\gcc\x86_64-w64-mingw32\8.3.0\include\c++\bits/std_abs.h:61->C:/github/zybo_z7_cam_rpi_v2_5mp_hdmi/zybo_z7_imx219/zybo_z7_imx219.runs/design_1_v_demosaic_0_0_synth_1/prj/sol/.autopilot/db/v_demosaic.cpp:484]   --->   Operation 384 'sub' 'sub_ln61_27' <Predicate = (icmp_ln439)> <Delay = 1.73> <CoreInst = "Adder">   --->   Core 1 'Adder' <Latency = 0> <II = 1> <Delay = 1.73> <FuncUnit> <Opcode : 'add' 'sub'> <InPorts = 2> <OutPorts = 1>
ST_4 : Operation 385 [1/1] (0.00ns) (grouped into LUT with out node add_ln484)   --->   "%select_ln61_19 = select i1 %tmp_48, i10 %sub_ln61_27, i10 %trunc_ln61_27" [C:/AMDDesignTools/2025.2/Vitis/tps/mingw/8.3.0/win64.o/nt\lib\gcc\x86_64-w64-mingw32\8.3.0\include\c++\bits/std_abs.h:61->C:/github/zybo_z7_cam_rpi_v2_5mp_hdmi/zybo_z7_imx219/zybo_z7_imx219.runs/design_1_v_demosaic_0_0_synth_1/prj/sol/.autopilot/db/v_demosaic.cpp:484]   --->   Operation 385 'select' 'select_ln61_19' <Predicate = (icmp_ln439)> <Delay = 0.00> <CoreInst = "Sel">   --->   Core 73 'Sel' <Latency = 0> <II = 1> <Delay = 0.68> <FuncUnit> <Opcode : 'select'> <InPorts = 3> <OutPorts = 1>
ST_4 : Operation 386 [1/1] (0.00ns) (grouped into LUT with out node add_ln484)   --->   "%zext_ln484_1 = zext i10 %select_ln61_19" [C:/github/zybo_z7_cam_rpi_v2_5mp_hdmi/zybo_z7_imx219/zybo_z7_imx219.runs/design_1_v_demosaic_0_0_synth_1/prj/sol/.autopilot/db/v_demosaic.cpp:484]   --->   Operation 386 'zext' 'zext_ln484_1' <Predicate = (icmp_ln439)> <Delay = 0.00>
ST_4 : Operation 387 [1/1] (1.73ns) (out node of the LUT)   --->   "%add_ln484 = add i11 %zext_ln484, i11 %zext_ln484_1" [C:/github/zybo_z7_cam_rpi_v2_5mp_hdmi/zybo_z7_imx219/zybo_z7_imx219.runs/design_1_v_demosaic_0_0_synth_1/prj/sol/.autopilot/db/v_demosaic.cpp:484]   --->   Operation 387 'add' 'add_ln484' <Predicate = (icmp_ln439)> <Delay = 1.73> <CoreInst = "Adder">   --->   Core 1 'Adder' <Latency = 0> <II = 1> <Delay = 1.63> <FuncUnit> <Opcode : 'add' 'sub'> <InPorts = 2> <OutPorts = 1>
ST_4 : Operation 388 [1/1] (0.00ns)   --->   "%SD_1 = partselect i10 @_ssdm_op_PartSelect.i10.i11.i32.i32, i11 %add_ln484, i32 1, i32 10" [C:/github/zybo_z7_cam_rpi_v2_5mp_hdmi/zybo_z7_imx219/zybo_z7_imx219.runs/design_1_v_demosaic_0_0_synth_1/prj/sol/.autopilot/db/v_demosaic.cpp:484]   --->   Operation 388 'partselect' 'SD_1' <Predicate = (icmp_ln439)> <Delay = 0.00>

State 5 <SV = 4> <Delay = 6.32>
ST_5 : Operation 389 [1/1] (0.00ns)   --->   "%sext_ln476 = sext i12 %mean" [C:/github/zybo_z7_cam_rpi_v2_5mp_hdmi/zybo_z7_imx219/zybo_z7_imx219.runs/design_1_v_demosaic_0_0_synth_1/prj/sol/.autopilot/db/v_demosaic.cpp:476]   --->   Operation 389 'sext' 'sext_ln476' <Predicate = (icmp_ln439)> <Delay = 0.00>
ST_5 : Operation 390 [1/1] (1.54ns)   --->   "%sub_ln476 = sub i13 %sext_ln465_1, i13 %sext_ln476" [C:/github/zybo_z7_cam_rpi_v2_5mp_hdmi/zybo_z7_imx219/zybo_z7_imx219.runs/design_1_v_demosaic_0_0_synth_1/prj/sol/.autopilot/db/v_demosaic.cpp:476]   --->   Operation 390 'sub' 'sub_ln476' <Predicate = (icmp_ln439)> <Delay = 1.54> <CoreInst = "Adder">   --->   Core 1 'Adder' <Latency = 0> <II = 1> <Delay = 1.67> <FuncUnit> <Opcode : 'add' 'sub'> <InPorts = 2> <OutPorts = 1>
ST_5 : Operation 391 [1/1] (0.00ns) (grouped into LUT with out node add_ln476_1)   --->   "%sext_ln61 = sext i13 %sub_ln476" [C:/AMDDesignTools/2025.2/Vitis/tps/mingw/8.3.0/win64.o/nt\lib\gcc\x86_64-w64-mingw32\8.3.0\include\c++\bits/std_abs.h:61->C:/github/zybo_z7_cam_rpi_v2_5mp_hdmi/zybo_z7_imx219/zybo_z7_imx219.runs/design_1_v_demosaic_0_0_synth_1/prj/sol/.autopilot/db/v_demosaic.cpp:476]   --->   Operation 391 'sext' 'sext_ln61' <Predicate = (icmp_ln439)> <Delay = 0.00>
ST_5 : Operation 392 [1/1] (0.00ns)   --->   "%trunc_ln61 = trunc i13 %sub_ln476" [C:/AMDDesignTools/2025.2/Vitis/tps/mingw/8.3.0/win64.o/nt\lib\gcc\x86_64-w64-mingw32\8.3.0\include\c++\bits/std_abs.h:61->C:/github/zybo_z7_cam_rpi_v2_5mp_hdmi/zybo_z7_imx219/zybo_z7_imx219.runs/design_1_v_demosaic_0_0_synth_1/prj/sol/.autopilot/db/v_demosaic.cpp:476]   --->   Operation 392 'trunc' 'trunc_ln61' <Predicate = (icmp_ln439)> <Delay = 0.00>
ST_5 : Operation 393 [1/1] (0.00ns) (grouped into LUT with out node add_ln476_1)   --->   "%tmp_29 = bitselect i1 @_ssdm_op_BitSelect.i1.i14.i32, i14 %sext_ln61, i32 13" [C:/AMDDesignTools/2025.2/Vitis/tps/mingw/8.3.0/win64.o/nt\lib\gcc\x86_64-w64-mingw32\8.3.0\include\c++\bits/std_abs.h:61->C:/github/zybo_z7_cam_rpi_v2_5mp_hdmi/zybo_z7_imx219/zybo_z7_imx219.runs/design_1_v_demosaic_0_0_synth_1/prj/sol/.autopilot/db/v_demosaic.cpp:476]   --->   Operation 393 'bitselect' 'tmp_29' <Predicate = (icmp_ln439)> <Delay = 0.00>
ST_5 : Operation 394 [1/1] (1.54ns)   --->   "%sub_ln61 = sub i12 0, i12 %trunc_ln61" [C:/AMDDesignTools/2025.2/Vitis/tps/mingw/8.3.0/win64.o/nt\lib\gcc\x86_64-w64-mingw32\8.3.0\include\c++\bits/std_abs.h:61->C:/github/zybo_z7_cam_rpi_v2_5mp_hdmi/zybo_z7_imx219/zybo_z7_imx219.runs/design_1_v_demosaic_0_0_synth_1/prj/sol/.autopilot/db/v_demosaic.cpp:476]   --->   Operation 394 'sub' 'sub_ln61' <Predicate = (icmp_ln439)> <Delay = 1.54> <CoreInst = "Adder">   --->   Core 1 'Adder' <Latency = 0> <II = 1> <Delay = 1.54> <FuncUnit> <Opcode : 'add' 'sub'> <InPorts = 2> <OutPorts = 1>
ST_5 : Operation 395 [1/1] (0.00ns) (grouped into LUT with out node add_ln476_1)   --->   "%select_ln61 = select i1 %tmp_29, i12 %sub_ln61, i12 %trunc_ln61" [C:/AMDDesignTools/2025.2/Vitis/tps/mingw/8.3.0/win64.o/nt\lib\gcc\x86_64-w64-mingw32\8.3.0\include\c++\bits/std_abs.h:61->C:/github/zybo_z7_cam_rpi_v2_5mp_hdmi/zybo_z7_imx219/zybo_z7_imx219.runs/design_1_v_demosaic_0_0_synth_1/prj/sol/.autopilot/db/v_demosaic.cpp:476]   --->   Operation 395 'select' 'select_ln61' <Predicate = (icmp_ln439)> <Delay = 0.00> <CoreInst = "Sel">   --->   Core 73 'Sel' <Latency = 0> <II = 1> <Delay = 0.69> <FuncUnit> <Opcode : 'select'> <InPorts = 3> <OutPorts = 1>
ST_5 : Operation 396 [1/1] (0.00ns) (grouped into LUT with out node add_ln476_1)   --->   "%zext_ln476 = zext i12 %select_ln61" [C:/github/zybo_z7_cam_rpi_v2_5mp_hdmi/zybo_z7_imx219/zybo_z7_imx219.runs/design_1_v_demosaic_0_0_synth_1/prj/sol/.autopilot/db/v_demosaic.cpp:476]   --->   Operation 396 'zext' 'zext_ln476' <Predicate = (icmp_ln439)> <Delay = 0.00>
ST_5 : Operation 397 [1/1] (1.54ns)   --->   "%sub_ln476_1 = sub i13 %sext_ln465, i13 %sext_ln476" [C:/github/zybo_z7_cam_rpi_v2_5mp_hdmi/zybo_z7_imx219/zybo_z7_imx219.runs/design_1_v_demosaic_0_0_synth_1/prj/sol/.autopilot/db/v_demosaic.cpp:476]   --->   Operation 397 'sub' 'sub_ln476_1' <Predicate = (icmp_ln439)> <Delay = 1.54> <CoreInst = "Adder">   --->   Core 1 'Adder' <Latency = 0> <II = 1> <Delay = 1.67> <FuncUnit> <Opcode : 'add' 'sub'> <InPorts = 2> <OutPorts = 1>
ST_5 : Operation 398 [1/1] (0.00ns) (grouped into LUT with out node add_ln476_1)   --->   "%sext_ln61_1 = sext i13 %sub_ln476_1" [C:/AMDDesignTools/2025.2/Vitis/tps/mingw/8.3.0/win64.o/nt\lib\gcc\x86_64-w64-mingw32\8.3.0\include\c++\bits/std_abs.h:61->C:/github/zybo_z7_cam_rpi_v2_5mp_hdmi/zybo_z7_imx219/zybo_z7_imx219.runs/design_1_v_demosaic_0_0_synth_1/prj/sol/.autopilot/db/v_demosaic.cpp:476]   --->   Operation 398 'sext' 'sext_ln61_1' <Predicate = (icmp_ln439)> <Delay = 0.00>
ST_5 : Operation 399 [1/1] (0.00ns)   --->   "%trunc_ln61_9 = trunc i13 %sub_ln476_1" [C:/AMDDesignTools/2025.2/Vitis/tps/mingw/8.3.0/win64.o/nt\lib\gcc\x86_64-w64-mingw32\8.3.0\include\c++\bits/std_abs.h:61->C:/github/zybo_z7_cam_rpi_v2_5mp_hdmi/zybo_z7_imx219/zybo_z7_imx219.runs/design_1_v_demosaic_0_0_synth_1/prj/sol/.autopilot/db/v_demosaic.cpp:476]   --->   Operation 399 'trunc' 'trunc_ln61_9' <Predicate = (icmp_ln439)> <Delay = 0.00>
ST_5 : Operation 400 [1/1] (0.00ns) (grouped into LUT with out node add_ln476_1)   --->   "%tmp_30 = bitselect i1 @_ssdm_op_BitSelect.i1.i14.i32, i14 %sext_ln61_1, i32 13" [C:/AMDDesignTools/2025.2/Vitis/tps/mingw/8.3.0/win64.o/nt\lib\gcc\x86_64-w64-mingw32\8.3.0\include\c++\bits/std_abs.h:61->C:/github/zybo_z7_cam_rpi_v2_5mp_hdmi/zybo_z7_imx219/zybo_z7_imx219.runs/design_1_v_demosaic_0_0_synth_1/prj/sol/.autopilot/db/v_demosaic.cpp:476]   --->   Operation 400 'bitselect' 'tmp_30' <Predicate = (icmp_ln439)> <Delay = 0.00>
ST_5 : Operation 401 [1/1] (1.54ns)   --->   "%sub_ln61_9 = sub i12 0, i12 %trunc_ln61_9" [C:/AMDDesignTools/2025.2/Vitis/tps/mingw/8.3.0/win64.o/nt\lib\gcc\x86_64-w64-mingw32\8.3.0\include\c++\bits/std_abs.h:61->C:/github/zybo_z7_cam_rpi_v2_5mp_hdmi/zybo_z7_imx219/zybo_z7_imx219.runs/design_1_v_demosaic_0_0_synth_1/prj/sol/.autopilot/db/v_demosaic.cpp:476]   --->   Operation 401 'sub' 'sub_ln61_9' <Predicate = (icmp_ln439)> <Delay = 1.54> <CoreInst = "Adder">   --->   Core 1 'Adder' <Latency = 0> <II = 1> <Delay = 1.54> <FuncUnit> <Opcode : 'add' 'sub'> <InPorts = 2> <OutPorts = 1>
ST_5 : Operation 402 [1/1] (0.00ns) (grouped into LUT with out node add_ln476_1)   --->   "%select_ln61_1 = select i1 %tmp_30, i12 %sub_ln61_9, i12 %trunc_ln61_9" [C:/AMDDesignTools/2025.2/Vitis/tps/mingw/8.3.0/win64.o/nt\lib\gcc\x86_64-w64-mingw32\8.3.0\include\c++\bits/std_abs.h:61->C:/github/zybo_z7_cam_rpi_v2_5mp_hdmi/zybo_z7_imx219/zybo_z7_imx219.runs/design_1_v_demosaic_0_0_synth_1/prj/sol/.autopilot/db/v_demosaic.cpp:476]   --->   Operation 402 'select' 'select_ln61_1' <Predicate = (icmp_ln439)> <Delay = 0.00> <CoreInst = "Sel">   --->   Core 73 'Sel' <Latency = 0> <II = 1> <Delay = 0.69> <FuncUnit> <Opcode : 'select'> <InPorts = 3> <OutPorts = 1>
ST_5 : Operation 403 [1/1] (0.00ns) (grouped into LUT with out node add_ln476_1)   --->   "%zext_ln476_1 = zext i12 %select_ln61_1" [C:/github/zybo_z7_cam_rpi_v2_5mp_hdmi/zybo_z7_imx219/zybo_z7_imx219.runs/design_1_v_demosaic_0_0_synth_1/prj/sol/.autopilot/db/v_demosaic.cpp:476]   --->   Operation 403 'zext' 'zext_ln476_1' <Predicate = (icmp_ln439)> <Delay = 0.00>
ST_5 : Operation 404 [1/1] (1.54ns)   --->   "%sub_ln476_2 = sub i13 %sext_ln465_2, i13 %sext_ln476" [C:/github/zybo_z7_cam_rpi_v2_5mp_hdmi/zybo_z7_imx219/zybo_z7_imx219.runs/design_1_v_demosaic_0_0_synth_1/prj/sol/.autopilot/db/v_demosaic.cpp:476]   --->   Operation 404 'sub' 'sub_ln476_2' <Predicate = (icmp_ln439)> <Delay = 1.54> <CoreInst = "Adder">   --->   Core 1 'Adder' <Latency = 0> <II = 1> <Delay = 1.67> <FuncUnit> <Opcode : 'add' 'sub'> <InPorts = 2> <OutPorts = 1>
ST_5 : Operation 405 [1/1] (0.00ns) (grouped into LUT with out node add_ln476)   --->   "%sext_ln61_2 = sext i13 %sub_ln476_2" [C:/AMDDesignTools/2025.2/Vitis/tps/mingw/8.3.0/win64.o/nt\lib\gcc\x86_64-w64-mingw32\8.3.0\include\c++\bits/std_abs.h:61->C:/github/zybo_z7_cam_rpi_v2_5mp_hdmi/zybo_z7_imx219/zybo_z7_imx219.runs/design_1_v_demosaic_0_0_synth_1/prj/sol/.autopilot/db/v_demosaic.cpp:476]   --->   Operation 405 'sext' 'sext_ln61_2' <Predicate = (icmp_ln439)> <Delay = 0.00>
ST_5 : Operation 406 [1/1] (0.00ns)   --->   "%trunc_ln61_10 = trunc i13 %sub_ln476_2" [C:/AMDDesignTools/2025.2/Vitis/tps/mingw/8.3.0/win64.o/nt\lib\gcc\x86_64-w64-mingw32\8.3.0\include\c++\bits/std_abs.h:61->C:/github/zybo_z7_cam_rpi_v2_5mp_hdmi/zybo_z7_imx219/zybo_z7_imx219.runs/design_1_v_demosaic_0_0_synth_1/prj/sol/.autopilot/db/v_demosaic.cpp:476]   --->   Operation 406 'trunc' 'trunc_ln61_10' <Predicate = (icmp_ln439)> <Delay = 0.00>
ST_5 : Operation 407 [1/1] (0.00ns) (grouped into LUT with out node add_ln476)   --->   "%tmp_31 = bitselect i1 @_ssdm_op_BitSelect.i1.i14.i32, i14 %sext_ln61_2, i32 13" [C:/AMDDesignTools/2025.2/Vitis/tps/mingw/8.3.0/win64.o/nt\lib\gcc\x86_64-w64-mingw32\8.3.0\include\c++\bits/std_abs.h:61->C:/github/zybo_z7_cam_rpi_v2_5mp_hdmi/zybo_z7_imx219/zybo_z7_imx219.runs/design_1_v_demosaic_0_0_synth_1/prj/sol/.autopilot/db/v_demosaic.cpp:476]   --->   Operation 407 'bitselect' 'tmp_31' <Predicate = (icmp_ln439)> <Delay = 0.00>
ST_5 : Operation 408 [1/1] (1.54ns)   --->   "%sub_ln61_10 = sub i12 0, i12 %trunc_ln61_10" [C:/AMDDesignTools/2025.2/Vitis/tps/mingw/8.3.0/win64.o/nt\lib\gcc\x86_64-w64-mingw32\8.3.0\include\c++\bits/std_abs.h:61->C:/github/zybo_z7_cam_rpi_v2_5mp_hdmi/zybo_z7_imx219/zybo_z7_imx219.runs/design_1_v_demosaic_0_0_synth_1/prj/sol/.autopilot/db/v_demosaic.cpp:476]   --->   Operation 408 'sub' 'sub_ln61_10' <Predicate = (icmp_ln439)> <Delay = 1.54> <CoreInst = "Adder">   --->   Core 1 'Adder' <Latency = 0> <II = 1> <Delay = 1.54> <FuncUnit> <Opcode : 'add' 'sub'> <InPorts = 2> <OutPorts = 1>
ST_5 : Operation 409 [1/1] (0.00ns) (grouped into LUT with out node add_ln476)   --->   "%select_ln61_2 = select i1 %tmp_31, i12 %sub_ln61_10, i12 %trunc_ln61_10" [C:/AMDDesignTools/2025.2/Vitis/tps/mingw/8.3.0/win64.o/nt\lib\gcc\x86_64-w64-mingw32\8.3.0\include\c++\bits/std_abs.h:61->C:/github/zybo_z7_cam_rpi_v2_5mp_hdmi/zybo_z7_imx219/zybo_z7_imx219.runs/design_1_v_demosaic_0_0_synth_1/prj/sol/.autopilot/db/v_demosaic.cpp:476]   --->   Operation 409 'select' 'select_ln61_2' <Predicate = (icmp_ln439)> <Delay = 0.00> <CoreInst = "Sel">   --->   Core 73 'Sel' <Latency = 0> <II = 1> <Delay = 0.69> <FuncUnit> <Opcode : 'select'> <InPorts = 3> <OutPorts = 1>
ST_5 : Operation 410 [1/1] (0.00ns) (grouped into LUT with out node add_ln476)   --->   "%zext_ln476_2 = zext i12 %select_ln61_2" [C:/github/zybo_z7_cam_rpi_v2_5mp_hdmi/zybo_z7_imx219/zybo_z7_imx219.runs/design_1_v_demosaic_0_0_synth_1/prj/sol/.autopilot/db/v_demosaic.cpp:476]   --->   Operation 410 'zext' 'zext_ln476_2' <Predicate = (icmp_ln439)> <Delay = 0.00>
ST_5 : Operation 411 [1/1] (1.54ns)   --->   "%sub_ln476_3 = sub i13 %sext_ln465_3, i13 %sext_ln476" [C:/github/zybo_z7_cam_rpi_v2_5mp_hdmi/zybo_z7_imx219/zybo_z7_imx219.runs/design_1_v_demosaic_0_0_synth_1/prj/sol/.autopilot/db/v_demosaic.cpp:476]   --->   Operation 411 'sub' 'sub_ln476_3' <Predicate = (icmp_ln439)> <Delay = 1.54> <CoreInst = "Adder">   --->   Core 1 'Adder' <Latency = 0> <II = 1> <Delay = 1.67> <FuncUnit> <Opcode : 'add' 'sub'> <InPorts = 2> <OutPorts = 1>
ST_5 : Operation 412 [1/1] (0.00ns) (grouped into LUT with out node add_ln476)   --->   "%sext_ln61_3 = sext i13 %sub_ln476_3" [C:/AMDDesignTools/2025.2/Vitis/tps/mingw/8.3.0/win64.o/nt\lib\gcc\x86_64-w64-mingw32\8.3.0\include\c++\bits/std_abs.h:61->C:/github/zybo_z7_cam_rpi_v2_5mp_hdmi/zybo_z7_imx219/zybo_z7_imx219.runs/design_1_v_demosaic_0_0_synth_1/prj/sol/.autopilot/db/v_demosaic.cpp:476]   --->   Operation 412 'sext' 'sext_ln61_3' <Predicate = (icmp_ln439)> <Delay = 0.00>
ST_5 : Operation 413 [1/1] (0.00ns)   --->   "%trunc_ln61_11 = trunc i13 %sub_ln476_3" [C:/AMDDesignTools/2025.2/Vitis/tps/mingw/8.3.0/win64.o/nt\lib\gcc\x86_64-w64-mingw32\8.3.0\include\c++\bits/std_abs.h:61->C:/github/zybo_z7_cam_rpi_v2_5mp_hdmi/zybo_z7_imx219/zybo_z7_imx219.runs/design_1_v_demosaic_0_0_synth_1/prj/sol/.autopilot/db/v_demosaic.cpp:476]   --->   Operation 413 'trunc' 'trunc_ln61_11' <Predicate = (icmp_ln439)> <Delay = 0.00>
ST_5 : Operation 414 [1/1] (0.00ns) (grouped into LUT with out node add_ln476)   --->   "%tmp_32 = bitselect i1 @_ssdm_op_BitSelect.i1.i14.i32, i14 %sext_ln61_3, i32 13" [C:/AMDDesignTools/2025.2/Vitis/tps/mingw/8.3.0/win64.o/nt\lib\gcc\x86_64-w64-mingw32\8.3.0\include\c++\bits/std_abs.h:61->C:/github/zybo_z7_cam_rpi_v2_5mp_hdmi/zybo_z7_imx219/zybo_z7_imx219.runs/design_1_v_demosaic_0_0_synth_1/prj/sol/.autopilot/db/v_demosaic.cpp:476]   --->   Operation 414 'bitselect' 'tmp_32' <Predicate = (icmp_ln439)> <Delay = 0.00>
ST_5 : Operation 415 [1/1] (1.54ns)   --->   "%sub_ln61_11 = sub i12 0, i12 %trunc_ln61_11" [C:/AMDDesignTools/2025.2/Vitis/tps/mingw/8.3.0/win64.o/nt\lib\gcc\x86_64-w64-mingw32\8.3.0\include\c++\bits/std_abs.h:61->C:/github/zybo_z7_cam_rpi_v2_5mp_hdmi/zybo_z7_imx219/zybo_z7_imx219.runs/design_1_v_demosaic_0_0_synth_1/prj/sol/.autopilot/db/v_demosaic.cpp:476]   --->   Operation 415 'sub' 'sub_ln61_11' <Predicate = (icmp_ln439)> <Delay = 1.54> <CoreInst = "Adder">   --->   Core 1 'Adder' <Latency = 0> <II = 1> <Delay = 1.54> <FuncUnit> <Opcode : 'add' 'sub'> <InPorts = 2> <OutPorts = 1>
ST_5 : Operation 416 [1/1] (0.00ns) (grouped into LUT with out node add_ln476)   --->   "%select_ln61_3 = select i1 %tmp_32, i12 %sub_ln61_11, i12 %trunc_ln61_11" [C:/AMDDesignTools/2025.2/Vitis/tps/mingw/8.3.0/win64.o/nt\lib\gcc\x86_64-w64-mingw32\8.3.0\include\c++\bits/std_abs.h:61->C:/github/zybo_z7_cam_rpi_v2_5mp_hdmi/zybo_z7_imx219/zybo_z7_imx219.runs/design_1_v_demosaic_0_0_synth_1/prj/sol/.autopilot/db/v_demosaic.cpp:476]   --->   Operation 416 'select' 'select_ln61_3' <Predicate = (icmp_ln439)> <Delay = 0.00> <CoreInst = "Sel">   --->   Core 73 'Sel' <Latency = 0> <II = 1> <Delay = 0.69> <FuncUnit> <Opcode : 'select'> <InPorts = 3> <OutPorts = 1>
ST_5 : Operation 417 [1/1] (0.00ns) (grouped into LUT with out node add_ln476)   --->   "%zext_ln476_3 = zext i12 %select_ln61_3" [C:/github/zybo_z7_cam_rpi_v2_5mp_hdmi/zybo_z7_imx219/zybo_z7_imx219.runs/design_1_v_demosaic_0_0_synth_1/prj/sol/.autopilot/db/v_demosaic.cpp:476]   --->   Operation 417 'zext' 'zext_ln476_3' <Predicate = (icmp_ln439)> <Delay = 0.00>
ST_5 : Operation 418 [1/1] (1.54ns) (out node of the LUT)   --->   "%add_ln476 = add i13 %zext_ln476_3, i13 %zext_ln476_2" [C:/github/zybo_z7_cam_rpi_v2_5mp_hdmi/zybo_z7_imx219/zybo_z7_imx219.runs/design_1_v_demosaic_0_0_synth_1/prj/sol/.autopilot/db/v_demosaic.cpp:476]   --->   Operation 418 'add' 'add_ln476' <Predicate = (icmp_ln439)> <Delay = 1.54> <CoreInst = "Adder">   --->   Core 1 'Adder' <Latency = 0> <II = 1> <Delay = 1.67> <FuncUnit> <Opcode : 'add' 'sub'> <InPorts = 2> <OutPorts = 1>
ST_5 : Operation 419 [1/1] (0.00ns)   --->   "%zext_ln476_4 = zext i13 %add_ln476" [C:/github/zybo_z7_cam_rpi_v2_5mp_hdmi/zybo_z7_imx219/zybo_z7_imx219.runs/design_1_v_demosaic_0_0_synth_1/prj/sol/.autopilot/db/v_demosaic.cpp:476]   --->   Operation 419 'zext' 'zext_ln476_4' <Predicate = (icmp_ln439)> <Delay = 0.00>
ST_5 : Operation 420 [1/1] (1.54ns) (out node of the LUT)   --->   "%add_ln476_1 = add i13 %zext_ln476_1, i13 %zext_ln476" [C:/github/zybo_z7_cam_rpi_v2_5mp_hdmi/zybo_z7_imx219/zybo_z7_imx219.runs/design_1_v_demosaic_0_0_synth_1/prj/sol/.autopilot/db/v_demosaic.cpp:476]   --->   Operation 420 'add' 'add_ln476_1' <Predicate = (icmp_ln439)> <Delay = 1.54> <CoreInst = "Adder">   --->   Core 1 'Adder' <Latency = 0> <II = 1> <Delay = 1.67> <FuncUnit> <Opcode : 'add' 'sub'> <InPorts = 2> <OutPorts = 1>
ST_5 : Operation 421 [1/1] (0.00ns)   --->   "%zext_ln476_5 = zext i13 %add_ln476_1" [C:/github/zybo_z7_cam_rpi_v2_5mp_hdmi/zybo_z7_imx219/zybo_z7_imx219.runs/design_1_v_demosaic_0_0_synth_1/prj/sol/.autopilot/db/v_demosaic.cpp:476]   --->   Operation 421 'zext' 'zext_ln476_5' <Predicate = (icmp_ln439)> <Delay = 0.00>
ST_5 : Operation 422 [1/1] (1.67ns)   --->   "%add_ln476_2 = add i14 %zext_ln476_5, i14 %zext_ln476_4" [C:/github/zybo_z7_cam_rpi_v2_5mp_hdmi/zybo_z7_imx219/zybo_z7_imx219.runs/design_1_v_demosaic_0_0_synth_1/prj/sol/.autopilot/db/v_demosaic.cpp:476]   --->   Operation 422 'add' 'add_ln476_2' <Predicate = (icmp_ln439)> <Delay = 1.67> <CoreInst = "Adder">   --->   Core 1 'Adder' <Latency = 0> <II = 1> <Delay = 1.81> <FuncUnit> <Opcode : 'add' 'sub'> <InPorts = 2> <OutPorts = 1>
ST_5 : Operation 423 [1/1] (0.00ns)   --->   "%var = partselect i13 @_ssdm_op_PartSelect.i13.i14.i32.i32, i14 %add_ln476_2, i32 1, i32 13" [C:/github/zybo_z7_cam_rpi_v2_5mp_hdmi/zybo_z7_imx219/zybo_z7_imx219.runs/design_1_v_demosaic_0_0_synth_1/prj/sol/.autopilot/db/v_demosaic.cpp:476]   --->   Operation 423 'partselect' 'var' <Predicate = (icmp_ln439)> <Delay = 0.00>
ST_5 : Operation 424 [1/1] (0.00ns)   --->   "%sext_ln477 = sext i12 %mean_1" [C:/github/zybo_z7_cam_rpi_v2_5mp_hdmi/zybo_z7_imx219/zybo_z7_imx219.runs/design_1_v_demosaic_0_0_synth_1/prj/sol/.autopilot/db/v_demosaic.cpp:477]   --->   Operation 424 'sext' 'sext_ln477' <Predicate = (icmp_ln439)> <Delay = 0.00>
ST_5 : Operation 425 [1/1] (1.54ns)   --->   "%sub_ln477 = sub i13 %sext_ln466, i13 %sext_ln477" [C:/github/zybo_z7_cam_rpi_v2_5mp_hdmi/zybo_z7_imx219/zybo_z7_imx219.runs/design_1_v_demosaic_0_0_synth_1/prj/sol/.autopilot/db/v_demosaic.cpp:477]   --->   Operation 425 'sub' 'sub_ln477' <Predicate = (icmp_ln439)> <Delay = 1.54> <CoreInst = "Adder">   --->   Core 1 'Adder' <Latency = 0> <II = 1> <Delay = 1.67> <FuncUnit> <Opcode : 'add' 'sub'> <InPorts = 2> <OutPorts = 1>
ST_5 : Operation 426 [1/1] (0.00ns) (grouped into LUT with out node add_ln477_1)   --->   "%sext_ln61_4 = sext i13 %sub_ln477" [C:/AMDDesignTools/2025.2/Vitis/tps/mingw/8.3.0/win64.o/nt\lib\gcc\x86_64-w64-mingw32\8.3.0\include\c++\bits/std_abs.h:61->C:/github/zybo_z7_cam_rpi_v2_5mp_hdmi/zybo_z7_imx219/zybo_z7_imx219.runs/design_1_v_demosaic_0_0_synth_1/prj/sol/.autopilot/db/v_demosaic.cpp:477]   --->   Operation 426 'sext' 'sext_ln61_4' <Predicate = (icmp_ln439)> <Delay = 0.00>
ST_5 : Operation 427 [1/1] (0.00ns)   --->   "%trunc_ln61_12 = trunc i13 %sub_ln477" [C:/AMDDesignTools/2025.2/Vitis/tps/mingw/8.3.0/win64.o/nt\lib\gcc\x86_64-w64-mingw32\8.3.0\include\c++\bits/std_abs.h:61->C:/github/zybo_z7_cam_rpi_v2_5mp_hdmi/zybo_z7_imx219/zybo_z7_imx219.runs/design_1_v_demosaic_0_0_synth_1/prj/sol/.autopilot/db/v_demosaic.cpp:477]   --->   Operation 427 'trunc' 'trunc_ln61_12' <Predicate = (icmp_ln439)> <Delay = 0.00>
ST_5 : Operation 428 [1/1] (0.00ns) (grouped into LUT with out node add_ln477_1)   --->   "%tmp_33 = bitselect i1 @_ssdm_op_BitSelect.i1.i14.i32, i14 %sext_ln61_4, i32 13" [C:/AMDDesignTools/2025.2/Vitis/tps/mingw/8.3.0/win64.o/nt\lib\gcc\x86_64-w64-mingw32\8.3.0\include\c++\bits/std_abs.h:61->C:/github/zybo_z7_cam_rpi_v2_5mp_hdmi/zybo_z7_imx219/zybo_z7_imx219.runs/design_1_v_demosaic_0_0_synth_1/prj/sol/.autopilot/db/v_demosaic.cpp:477]   --->   Operation 428 'bitselect' 'tmp_33' <Predicate = (icmp_ln439)> <Delay = 0.00>
ST_5 : Operation 429 [1/1] (1.54ns)   --->   "%sub_ln61_12 = sub i12 0, i12 %trunc_ln61_12" [C:/AMDDesignTools/2025.2/Vitis/tps/mingw/8.3.0/win64.o/nt\lib\gcc\x86_64-w64-mingw32\8.3.0\include\c++\bits/std_abs.h:61->C:/github/zybo_z7_cam_rpi_v2_5mp_hdmi/zybo_z7_imx219/zybo_z7_imx219.runs/design_1_v_demosaic_0_0_synth_1/prj/sol/.autopilot/db/v_demosaic.cpp:477]   --->   Operation 429 'sub' 'sub_ln61_12' <Predicate = (icmp_ln439)> <Delay = 1.54> <CoreInst = "Adder">   --->   Core 1 'Adder' <Latency = 0> <II = 1> <Delay = 1.54> <FuncUnit> <Opcode : 'add' 'sub'> <InPorts = 2> <OutPorts = 1>
ST_5 : Operation 430 [1/1] (0.00ns) (grouped into LUT with out node add_ln477_1)   --->   "%select_ln61_4 = select i1 %tmp_33, i12 %sub_ln61_12, i12 %trunc_ln61_12" [C:/AMDDesignTools/2025.2/Vitis/tps/mingw/8.3.0/win64.o/nt\lib\gcc\x86_64-w64-mingw32\8.3.0\include\c++\bits/std_abs.h:61->C:/github/zybo_z7_cam_rpi_v2_5mp_hdmi/zybo_z7_imx219/zybo_z7_imx219.runs/design_1_v_demosaic_0_0_synth_1/prj/sol/.autopilot/db/v_demosaic.cpp:477]   --->   Operation 430 'select' 'select_ln61_4' <Predicate = (icmp_ln439)> <Delay = 0.00> <CoreInst = "Sel">   --->   Core 73 'Sel' <Latency = 0> <II = 1> <Delay = 0.69> <FuncUnit> <Opcode : 'select'> <InPorts = 3> <OutPorts = 1>
ST_5 : Operation 431 [1/1] (0.00ns) (grouped into LUT with out node add_ln477_1)   --->   "%zext_ln477 = zext i12 %select_ln61_4" [C:/github/zybo_z7_cam_rpi_v2_5mp_hdmi/zybo_z7_imx219/zybo_z7_imx219.runs/design_1_v_demosaic_0_0_synth_1/prj/sol/.autopilot/db/v_demosaic.cpp:477]   --->   Operation 431 'zext' 'zext_ln477' <Predicate = (icmp_ln439)> <Delay = 0.00>
ST_5 : Operation 432 [1/1] (1.54ns)   --->   "%sub_ln477_1 = sub i13 %sext_ln466_1, i13 %sext_ln477" [C:/github/zybo_z7_cam_rpi_v2_5mp_hdmi/zybo_z7_imx219/zybo_z7_imx219.runs/design_1_v_demosaic_0_0_synth_1/prj/sol/.autopilot/db/v_demosaic.cpp:477]   --->   Operation 432 'sub' 'sub_ln477_1' <Predicate = (icmp_ln439)> <Delay = 1.54> <CoreInst = "Adder">   --->   Core 1 'Adder' <Latency = 0> <II = 1> <Delay = 1.67> <FuncUnit> <Opcode : 'add' 'sub'> <InPorts = 2> <OutPorts = 1>
ST_5 : Operation 433 [1/1] (0.00ns) (grouped into LUT with out node add_ln477_1)   --->   "%sext_ln61_5 = sext i13 %sub_ln477_1" [C:/AMDDesignTools/2025.2/Vitis/tps/mingw/8.3.0/win64.o/nt\lib\gcc\x86_64-w64-mingw32\8.3.0\include\c++\bits/std_abs.h:61->C:/github/zybo_z7_cam_rpi_v2_5mp_hdmi/zybo_z7_imx219/zybo_z7_imx219.runs/design_1_v_demosaic_0_0_synth_1/prj/sol/.autopilot/db/v_demosaic.cpp:477]   --->   Operation 433 'sext' 'sext_ln61_5' <Predicate = (icmp_ln439)> <Delay = 0.00>
ST_5 : Operation 434 [1/1] (0.00ns)   --->   "%trunc_ln61_13 = trunc i13 %sub_ln477_1" [C:/AMDDesignTools/2025.2/Vitis/tps/mingw/8.3.0/win64.o/nt\lib\gcc\x86_64-w64-mingw32\8.3.0\include\c++\bits/std_abs.h:61->C:/github/zybo_z7_cam_rpi_v2_5mp_hdmi/zybo_z7_imx219/zybo_z7_imx219.runs/design_1_v_demosaic_0_0_synth_1/prj/sol/.autopilot/db/v_demosaic.cpp:477]   --->   Operation 434 'trunc' 'trunc_ln61_13' <Predicate = (icmp_ln439)> <Delay = 0.00>
ST_5 : Operation 435 [1/1] (0.00ns) (grouped into LUT with out node add_ln477_1)   --->   "%tmp_34 = bitselect i1 @_ssdm_op_BitSelect.i1.i14.i32, i14 %sext_ln61_5, i32 13" [C:/AMDDesignTools/2025.2/Vitis/tps/mingw/8.3.0/win64.o/nt\lib\gcc\x86_64-w64-mingw32\8.3.0\include\c++\bits/std_abs.h:61->C:/github/zybo_z7_cam_rpi_v2_5mp_hdmi/zybo_z7_imx219/zybo_z7_imx219.runs/design_1_v_demosaic_0_0_synth_1/prj/sol/.autopilot/db/v_demosaic.cpp:477]   --->   Operation 435 'bitselect' 'tmp_34' <Predicate = (icmp_ln439)> <Delay = 0.00>
ST_5 : Operation 436 [1/1] (1.54ns)   --->   "%sub_ln61_13 = sub i12 0, i12 %trunc_ln61_13" [C:/AMDDesignTools/2025.2/Vitis/tps/mingw/8.3.0/win64.o/nt\lib\gcc\x86_64-w64-mingw32\8.3.0\include\c++\bits/std_abs.h:61->C:/github/zybo_z7_cam_rpi_v2_5mp_hdmi/zybo_z7_imx219/zybo_z7_imx219.runs/design_1_v_demosaic_0_0_synth_1/prj/sol/.autopilot/db/v_demosaic.cpp:477]   --->   Operation 436 'sub' 'sub_ln61_13' <Predicate = (icmp_ln439)> <Delay = 1.54> <CoreInst = "Adder">   --->   Core 1 'Adder' <Latency = 0> <II = 1> <Delay = 1.54> <FuncUnit> <Opcode : 'add' 'sub'> <InPorts = 2> <OutPorts = 1>
ST_5 : Operation 437 [1/1] (0.00ns) (grouped into LUT with out node add_ln477_1)   --->   "%select_ln61_5 = select i1 %tmp_34, i12 %sub_ln61_13, i12 %trunc_ln61_13" [C:/AMDDesignTools/2025.2/Vitis/tps/mingw/8.3.0/win64.o/nt\lib\gcc\x86_64-w64-mingw32\8.3.0\include\c++\bits/std_abs.h:61->C:/github/zybo_z7_cam_rpi_v2_5mp_hdmi/zybo_z7_imx219/zybo_z7_imx219.runs/design_1_v_demosaic_0_0_synth_1/prj/sol/.autopilot/db/v_demosaic.cpp:477]   --->   Operation 437 'select' 'select_ln61_5' <Predicate = (icmp_ln439)> <Delay = 0.00> <CoreInst = "Sel">   --->   Core 73 'Sel' <Latency = 0> <II = 1> <Delay = 0.69> <FuncUnit> <Opcode : 'select'> <InPorts = 3> <OutPorts = 1>
ST_5 : Operation 438 [1/1] (0.00ns) (grouped into LUT with out node add_ln477_1)   --->   "%zext_ln477_1 = zext i12 %select_ln61_5" [C:/github/zybo_z7_cam_rpi_v2_5mp_hdmi/zybo_z7_imx219/zybo_z7_imx219.runs/design_1_v_demosaic_0_0_synth_1/prj/sol/.autopilot/db/v_demosaic.cpp:477]   --->   Operation 438 'zext' 'zext_ln477_1' <Predicate = (icmp_ln439)> <Delay = 0.00>
ST_5 : Operation 439 [1/1] (1.54ns)   --->   "%sub_ln477_2 = sub i13 %sext_ln466_2, i13 %sext_ln477" [C:/github/zybo_z7_cam_rpi_v2_5mp_hdmi/zybo_z7_imx219/zybo_z7_imx219.runs/design_1_v_demosaic_0_0_synth_1/prj/sol/.autopilot/db/v_demosaic.cpp:477]   --->   Operation 439 'sub' 'sub_ln477_2' <Predicate = (icmp_ln439)> <Delay = 1.54> <CoreInst = "Adder">   --->   Core 1 'Adder' <Latency = 0> <II = 1> <Delay = 1.67> <FuncUnit> <Opcode : 'add' 'sub'> <InPorts = 2> <OutPorts = 1>
ST_5 : Operation 440 [1/1] (0.00ns) (grouped into LUT with out node add_ln477)   --->   "%sext_ln61_6 = sext i13 %sub_ln477_2" [C:/AMDDesignTools/2025.2/Vitis/tps/mingw/8.3.0/win64.o/nt\lib\gcc\x86_64-w64-mingw32\8.3.0\include\c++\bits/std_abs.h:61->C:/github/zybo_z7_cam_rpi_v2_5mp_hdmi/zybo_z7_imx219/zybo_z7_imx219.runs/design_1_v_demosaic_0_0_synth_1/prj/sol/.autopilot/db/v_demosaic.cpp:477]   --->   Operation 440 'sext' 'sext_ln61_6' <Predicate = (icmp_ln439)> <Delay = 0.00>
ST_5 : Operation 441 [1/1] (0.00ns)   --->   "%trunc_ln61_14 = trunc i13 %sub_ln477_2" [C:/AMDDesignTools/2025.2/Vitis/tps/mingw/8.3.0/win64.o/nt\lib\gcc\x86_64-w64-mingw32\8.3.0\include\c++\bits/std_abs.h:61->C:/github/zybo_z7_cam_rpi_v2_5mp_hdmi/zybo_z7_imx219/zybo_z7_imx219.runs/design_1_v_demosaic_0_0_synth_1/prj/sol/.autopilot/db/v_demosaic.cpp:477]   --->   Operation 441 'trunc' 'trunc_ln61_14' <Predicate = (icmp_ln439)> <Delay = 0.00>
ST_5 : Operation 442 [1/1] (0.00ns) (grouped into LUT with out node add_ln477)   --->   "%tmp_35 = bitselect i1 @_ssdm_op_BitSelect.i1.i14.i32, i14 %sext_ln61_6, i32 13" [C:/AMDDesignTools/2025.2/Vitis/tps/mingw/8.3.0/win64.o/nt\lib\gcc\x86_64-w64-mingw32\8.3.0\include\c++\bits/std_abs.h:61->C:/github/zybo_z7_cam_rpi_v2_5mp_hdmi/zybo_z7_imx219/zybo_z7_imx219.runs/design_1_v_demosaic_0_0_synth_1/prj/sol/.autopilot/db/v_demosaic.cpp:477]   --->   Operation 442 'bitselect' 'tmp_35' <Predicate = (icmp_ln439)> <Delay = 0.00>
ST_5 : Operation 443 [1/1] (1.54ns)   --->   "%sub_ln61_14 = sub i12 0, i12 %trunc_ln61_14" [C:/AMDDesignTools/2025.2/Vitis/tps/mingw/8.3.0/win64.o/nt\lib\gcc\x86_64-w64-mingw32\8.3.0\include\c++\bits/std_abs.h:61->C:/github/zybo_z7_cam_rpi_v2_5mp_hdmi/zybo_z7_imx219/zybo_z7_imx219.runs/design_1_v_demosaic_0_0_synth_1/prj/sol/.autopilot/db/v_demosaic.cpp:477]   --->   Operation 443 'sub' 'sub_ln61_14' <Predicate = (icmp_ln439)> <Delay = 1.54> <CoreInst = "Adder">   --->   Core 1 'Adder' <Latency = 0> <II = 1> <Delay = 1.54> <FuncUnit> <Opcode : 'add' 'sub'> <InPorts = 2> <OutPorts = 1>
ST_5 : Operation 444 [1/1] (0.00ns) (grouped into LUT with out node add_ln477)   --->   "%select_ln61_6 = select i1 %tmp_35, i12 %sub_ln61_14, i12 %trunc_ln61_14" [C:/AMDDesignTools/2025.2/Vitis/tps/mingw/8.3.0/win64.o/nt\lib\gcc\x86_64-w64-mingw32\8.3.0\include\c++\bits/std_abs.h:61->C:/github/zybo_z7_cam_rpi_v2_5mp_hdmi/zybo_z7_imx219/zybo_z7_imx219.runs/design_1_v_demosaic_0_0_synth_1/prj/sol/.autopilot/db/v_demosaic.cpp:477]   --->   Operation 444 'select' 'select_ln61_6' <Predicate = (icmp_ln439)> <Delay = 0.00> <CoreInst = "Sel">   --->   Core 73 'Sel' <Latency = 0> <II = 1> <Delay = 0.69> <FuncUnit> <Opcode : 'select'> <InPorts = 3> <OutPorts = 1>
ST_5 : Operation 445 [1/1] (0.00ns) (grouped into LUT with out node add_ln477)   --->   "%zext_ln477_2 = zext i12 %select_ln61_6" [C:/github/zybo_z7_cam_rpi_v2_5mp_hdmi/zybo_z7_imx219/zybo_z7_imx219.runs/design_1_v_demosaic_0_0_synth_1/prj/sol/.autopilot/db/v_demosaic.cpp:477]   --->   Operation 445 'zext' 'zext_ln477_2' <Predicate = (icmp_ln439)> <Delay = 0.00>
ST_5 : Operation 446 [1/1] (1.54ns)   --->   "%sub_ln477_3 = sub i13 %sext_ln466_3, i13 %sext_ln477" [C:/github/zybo_z7_cam_rpi_v2_5mp_hdmi/zybo_z7_imx219/zybo_z7_imx219.runs/design_1_v_demosaic_0_0_synth_1/prj/sol/.autopilot/db/v_demosaic.cpp:477]   --->   Operation 446 'sub' 'sub_ln477_3' <Predicate = (icmp_ln439)> <Delay = 1.54> <CoreInst = "Adder">   --->   Core 1 'Adder' <Latency = 0> <II = 1> <Delay = 1.67> <FuncUnit> <Opcode : 'add' 'sub'> <InPorts = 2> <OutPorts = 1>
ST_5 : Operation 447 [1/1] (0.00ns) (grouped into LUT with out node add_ln477)   --->   "%sext_ln61_7 = sext i13 %sub_ln477_3" [C:/AMDDesignTools/2025.2/Vitis/tps/mingw/8.3.0/win64.o/nt\lib\gcc\x86_64-w64-mingw32\8.3.0\include\c++\bits/std_abs.h:61->C:/github/zybo_z7_cam_rpi_v2_5mp_hdmi/zybo_z7_imx219/zybo_z7_imx219.runs/design_1_v_demosaic_0_0_synth_1/prj/sol/.autopilot/db/v_demosaic.cpp:477]   --->   Operation 447 'sext' 'sext_ln61_7' <Predicate = (icmp_ln439)> <Delay = 0.00>
ST_5 : Operation 448 [1/1] (0.00ns)   --->   "%trunc_ln61_15 = trunc i13 %sub_ln477_3" [C:/AMDDesignTools/2025.2/Vitis/tps/mingw/8.3.0/win64.o/nt\lib\gcc\x86_64-w64-mingw32\8.3.0\include\c++\bits/std_abs.h:61->C:/github/zybo_z7_cam_rpi_v2_5mp_hdmi/zybo_z7_imx219/zybo_z7_imx219.runs/design_1_v_demosaic_0_0_synth_1/prj/sol/.autopilot/db/v_demosaic.cpp:477]   --->   Operation 448 'trunc' 'trunc_ln61_15' <Predicate = (icmp_ln439)> <Delay = 0.00>
ST_5 : Operation 449 [1/1] (0.00ns) (grouped into LUT with out node add_ln477)   --->   "%tmp_36 = bitselect i1 @_ssdm_op_BitSelect.i1.i14.i32, i14 %sext_ln61_7, i32 13" [C:/AMDDesignTools/2025.2/Vitis/tps/mingw/8.3.0/win64.o/nt\lib\gcc\x86_64-w64-mingw32\8.3.0\include\c++\bits/std_abs.h:61->C:/github/zybo_z7_cam_rpi_v2_5mp_hdmi/zybo_z7_imx219/zybo_z7_imx219.runs/design_1_v_demosaic_0_0_synth_1/prj/sol/.autopilot/db/v_demosaic.cpp:477]   --->   Operation 449 'bitselect' 'tmp_36' <Predicate = (icmp_ln439)> <Delay = 0.00>
ST_5 : Operation 450 [1/1] (1.54ns)   --->   "%sub_ln61_15 = sub i12 0, i12 %trunc_ln61_15" [C:/AMDDesignTools/2025.2/Vitis/tps/mingw/8.3.0/win64.o/nt\lib\gcc\x86_64-w64-mingw32\8.3.0\include\c++\bits/std_abs.h:61->C:/github/zybo_z7_cam_rpi_v2_5mp_hdmi/zybo_z7_imx219/zybo_z7_imx219.runs/design_1_v_demosaic_0_0_synth_1/prj/sol/.autopilot/db/v_demosaic.cpp:477]   --->   Operation 450 'sub' 'sub_ln61_15' <Predicate = (icmp_ln439)> <Delay = 1.54> <CoreInst = "Adder">   --->   Core 1 'Adder' <Latency = 0> <II = 1> <Delay = 1.54> <FuncUnit> <Opcode : 'add' 'sub'> <InPorts = 2> <OutPorts = 1>
ST_5 : Operation 451 [1/1] (0.00ns) (grouped into LUT with out node add_ln477)   --->   "%select_ln61_7 = select i1 %tmp_36, i12 %sub_ln61_15, i12 %trunc_ln61_15" [C:/AMDDesignTools/2025.2/Vitis/tps/mingw/8.3.0/win64.o/nt\lib\gcc\x86_64-w64-mingw32\8.3.0\include\c++\bits/std_abs.h:61->C:/github/zybo_z7_cam_rpi_v2_5mp_hdmi/zybo_z7_imx219/zybo_z7_imx219.runs/design_1_v_demosaic_0_0_synth_1/prj/sol/.autopilot/db/v_demosaic.cpp:477]   --->   Operation 451 'select' 'select_ln61_7' <Predicate = (icmp_ln439)> <Delay = 0.00> <CoreInst = "Sel">   --->   Core 73 'Sel' <Latency = 0> <II = 1> <Delay = 0.69> <FuncUnit> <Opcode : 'select'> <InPorts = 3> <OutPorts = 1>
ST_5 : Operation 452 [1/1] (0.00ns) (grouped into LUT with out node add_ln477)   --->   "%zext_ln477_3 = zext i12 %select_ln61_7" [C:/github/zybo_z7_cam_rpi_v2_5mp_hdmi/zybo_z7_imx219/zybo_z7_imx219.runs/design_1_v_demosaic_0_0_synth_1/prj/sol/.autopilot/db/v_demosaic.cpp:477]   --->   Operation 452 'zext' 'zext_ln477_3' <Predicate = (icmp_ln439)> <Delay = 0.00>
ST_5 : Operation 453 [1/1] (1.54ns) (out node of the LUT)   --->   "%add_ln477 = add i13 %zext_ln477_3, i13 %zext_ln477_2" [C:/github/zybo_z7_cam_rpi_v2_5mp_hdmi/zybo_z7_imx219/zybo_z7_imx219.runs/design_1_v_demosaic_0_0_synth_1/prj/sol/.autopilot/db/v_demosaic.cpp:477]   --->   Operation 453 'add' 'add_ln477' <Predicate = (icmp_ln439)> <Delay = 1.54> <CoreInst = "Adder">   --->   Core 1 'Adder' <Latency = 0> <II = 1> <Delay = 1.67> <FuncUnit> <Opcode : 'add' 'sub'> <InPorts = 2> <OutPorts = 1>
ST_5 : Operation 454 [1/1] (0.00ns)   --->   "%zext_ln477_4 = zext i13 %add_ln477" [C:/github/zybo_z7_cam_rpi_v2_5mp_hdmi/zybo_z7_imx219/zybo_z7_imx219.runs/design_1_v_demosaic_0_0_synth_1/prj/sol/.autopilot/db/v_demosaic.cpp:477]   --->   Operation 454 'zext' 'zext_ln477_4' <Predicate = (icmp_ln439)> <Delay = 0.00>
ST_5 : Operation 455 [1/1] (1.54ns) (out node of the LUT)   --->   "%add_ln477_1 = add i13 %zext_ln477_1, i13 %zext_ln477" [C:/github/zybo_z7_cam_rpi_v2_5mp_hdmi/zybo_z7_imx219/zybo_z7_imx219.runs/design_1_v_demosaic_0_0_synth_1/prj/sol/.autopilot/db/v_demosaic.cpp:477]   --->   Operation 455 'add' 'add_ln477_1' <Predicate = (icmp_ln439)> <Delay = 1.54> <CoreInst = "Adder">   --->   Core 1 'Adder' <Latency = 0> <II = 1> <Delay = 1.67> <FuncUnit> <Opcode : 'add' 'sub'> <InPorts = 2> <OutPorts = 1>
ST_5 : Operation 456 [1/1] (0.00ns)   --->   "%zext_ln477_5 = zext i13 %add_ln477_1" [C:/github/zybo_z7_cam_rpi_v2_5mp_hdmi/zybo_z7_imx219/zybo_z7_imx219.runs/design_1_v_demosaic_0_0_synth_1/prj/sol/.autopilot/db/v_demosaic.cpp:477]   --->   Operation 456 'zext' 'zext_ln477_5' <Predicate = (icmp_ln439)> <Delay = 0.00>
ST_5 : Operation 457 [1/1] (1.67ns)   --->   "%add_ln477_2 = add i14 %zext_ln477_5, i14 %zext_ln477_4" [C:/github/zybo_z7_cam_rpi_v2_5mp_hdmi/zybo_z7_imx219/zybo_z7_imx219.runs/design_1_v_demosaic_0_0_synth_1/prj/sol/.autopilot/db/v_demosaic.cpp:477]   --->   Operation 457 'add' 'add_ln477_2' <Predicate = (icmp_ln439)> <Delay = 1.67> <CoreInst = "Adder">   --->   Core 1 'Adder' <Latency = 0> <II = 1> <Delay = 1.81> <FuncUnit> <Opcode : 'add' 'sub'> <InPorts = 2> <OutPorts = 1>
ST_5 : Operation 458 [1/1] (0.00ns)   --->   "%var_1 = partselect i13 @_ssdm_op_PartSelect.i13.i14.i32.i32, i14 %add_ln477_2, i32 1, i32 13" [C:/github/zybo_z7_cam_rpi_v2_5mp_hdmi/zybo_z7_imx219/zybo_z7_imx219.runs/design_1_v_demosaic_0_0_synth_1/prj/sol/.autopilot/db/v_demosaic.cpp:477]   --->   Operation 458 'partselect' 'var_1' <Predicate = (icmp_ln439)> <Delay = 0.00>
ST_5 : Operation 459 [1/1] (0.00ns)   --->   "%sext_ln478 = sext i12 %mean_2" [C:/github/zybo_z7_cam_rpi_v2_5mp_hdmi/zybo_z7_imx219/zybo_z7_imx219.runs/design_1_v_demosaic_0_0_synth_1/prj/sol/.autopilot/db/v_demosaic.cpp:478]   --->   Operation 459 'sext' 'sext_ln478' <Predicate = (icmp_ln439)> <Delay = 0.00>
ST_5 : Operation 460 [1/1] (1.54ns)   --->   "%sub_ln478 = sub i13 %sext_ln466_1, i13 %sext_ln478" [C:/github/zybo_z7_cam_rpi_v2_5mp_hdmi/zybo_z7_imx219/zybo_z7_imx219.runs/design_1_v_demosaic_0_0_synth_1/prj/sol/.autopilot/db/v_demosaic.cpp:478]   --->   Operation 460 'sub' 'sub_ln478' <Predicate = (icmp_ln439)> <Delay = 1.54> <CoreInst = "Adder">   --->   Core 1 'Adder' <Latency = 0> <II = 1> <Delay = 1.67> <FuncUnit> <Opcode : 'add' 'sub'> <InPorts = 2> <OutPorts = 1>
ST_5 : Operation 461 [1/1] (0.00ns) (grouped into LUT with out node add_ln478_1)   --->   "%sext_ln61_8 = sext i13 %sub_ln478" [C:/AMDDesignTools/2025.2/Vitis/tps/mingw/8.3.0/win64.o/nt\lib\gcc\x86_64-w64-mingw32\8.3.0\include\c++\bits/std_abs.h:61->C:/github/zybo_z7_cam_rpi_v2_5mp_hdmi/zybo_z7_imx219/zybo_z7_imx219.runs/design_1_v_demosaic_0_0_synth_1/prj/sol/.autopilot/db/v_demosaic.cpp:478]   --->   Operation 461 'sext' 'sext_ln61_8' <Predicate = (icmp_ln439)> <Delay = 0.00>
ST_5 : Operation 462 [1/1] (0.00ns)   --->   "%trunc_ln61_16 = trunc i13 %sub_ln478" [C:/AMDDesignTools/2025.2/Vitis/tps/mingw/8.3.0/win64.o/nt\lib\gcc\x86_64-w64-mingw32\8.3.0\include\c++\bits/std_abs.h:61->C:/github/zybo_z7_cam_rpi_v2_5mp_hdmi/zybo_z7_imx219/zybo_z7_imx219.runs/design_1_v_demosaic_0_0_synth_1/prj/sol/.autopilot/db/v_demosaic.cpp:478]   --->   Operation 462 'trunc' 'trunc_ln61_16' <Predicate = (icmp_ln439)> <Delay = 0.00>
ST_5 : Operation 463 [1/1] (0.00ns) (grouped into LUT with out node add_ln478_1)   --->   "%tmp_37 = bitselect i1 @_ssdm_op_BitSelect.i1.i14.i32, i14 %sext_ln61_8, i32 13" [C:/AMDDesignTools/2025.2/Vitis/tps/mingw/8.3.0/win64.o/nt\lib\gcc\x86_64-w64-mingw32\8.3.0\include\c++\bits/std_abs.h:61->C:/github/zybo_z7_cam_rpi_v2_5mp_hdmi/zybo_z7_imx219/zybo_z7_imx219.runs/design_1_v_demosaic_0_0_synth_1/prj/sol/.autopilot/db/v_demosaic.cpp:478]   --->   Operation 463 'bitselect' 'tmp_37' <Predicate = (icmp_ln439)> <Delay = 0.00>
ST_5 : Operation 464 [1/1] (1.54ns)   --->   "%sub_ln61_16 = sub i12 0, i12 %trunc_ln61_16" [C:/AMDDesignTools/2025.2/Vitis/tps/mingw/8.3.0/win64.o/nt\lib\gcc\x86_64-w64-mingw32\8.3.0\include\c++\bits/std_abs.h:61->C:/github/zybo_z7_cam_rpi_v2_5mp_hdmi/zybo_z7_imx219/zybo_z7_imx219.runs/design_1_v_demosaic_0_0_synth_1/prj/sol/.autopilot/db/v_demosaic.cpp:478]   --->   Operation 464 'sub' 'sub_ln61_16' <Predicate = (icmp_ln439)> <Delay = 1.54> <CoreInst = "Adder">   --->   Core 1 'Adder' <Latency = 0> <II = 1> <Delay = 1.54> <FuncUnit> <Opcode : 'add' 'sub'> <InPorts = 2> <OutPorts = 1>
ST_5 : Operation 465 [1/1] (0.00ns) (grouped into LUT with out node add_ln478_1)   --->   "%select_ln61_8 = select i1 %tmp_37, i12 %sub_ln61_16, i12 %trunc_ln61_16" [C:/AMDDesignTools/2025.2/Vitis/tps/mingw/8.3.0/win64.o/nt\lib\gcc\x86_64-w64-mingw32\8.3.0\include\c++\bits/std_abs.h:61->C:/github/zybo_z7_cam_rpi_v2_5mp_hdmi/zybo_z7_imx219/zybo_z7_imx219.runs/design_1_v_demosaic_0_0_synth_1/prj/sol/.autopilot/db/v_demosaic.cpp:478]   --->   Operation 465 'select' 'select_ln61_8' <Predicate = (icmp_ln439)> <Delay = 0.00> <CoreInst = "Sel">   --->   Core 73 'Sel' <Latency = 0> <II = 1> <Delay = 0.69> <FuncUnit> <Opcode : 'select'> <InPorts = 3> <OutPorts = 1>
ST_5 : Operation 466 [1/1] (0.00ns) (grouped into LUT with out node add_ln478_1)   --->   "%zext_ln478 = zext i12 %select_ln61_8" [C:/github/zybo_z7_cam_rpi_v2_5mp_hdmi/zybo_z7_imx219/zybo_z7_imx219.runs/design_1_v_demosaic_0_0_synth_1/prj/sol/.autopilot/db/v_demosaic.cpp:478]   --->   Operation 466 'zext' 'zext_ln478' <Predicate = (icmp_ln439)> <Delay = 0.00>
ST_5 : Operation 467 [1/1] (1.54ns)   --->   "%sub_ln478_1 = sub i13 %sext_ln467, i13 %sext_ln478" [C:/github/zybo_z7_cam_rpi_v2_5mp_hdmi/zybo_z7_imx219/zybo_z7_imx219.runs/design_1_v_demosaic_0_0_synth_1/prj/sol/.autopilot/db/v_demosaic.cpp:478]   --->   Operation 467 'sub' 'sub_ln478_1' <Predicate = (icmp_ln439)> <Delay = 1.54> <CoreInst = "Adder">   --->   Core 1 'Adder' <Latency = 0> <II = 1> <Delay = 1.67> <FuncUnit> <Opcode : 'add' 'sub'> <InPorts = 2> <OutPorts = 1>
ST_5 : Operation 468 [1/1] (0.00ns) (grouped into LUT with out node add_ln478_1)   --->   "%sext_ln61_9 = sext i13 %sub_ln478_1" [C:/AMDDesignTools/2025.2/Vitis/tps/mingw/8.3.0/win64.o/nt\lib\gcc\x86_64-w64-mingw32\8.3.0\include\c++\bits/std_abs.h:61->C:/github/zybo_z7_cam_rpi_v2_5mp_hdmi/zybo_z7_imx219/zybo_z7_imx219.runs/design_1_v_demosaic_0_0_synth_1/prj/sol/.autopilot/db/v_demosaic.cpp:478]   --->   Operation 468 'sext' 'sext_ln61_9' <Predicate = (icmp_ln439)> <Delay = 0.00>
ST_5 : Operation 469 [1/1] (0.00ns)   --->   "%trunc_ln61_17 = trunc i13 %sub_ln478_1" [C:/AMDDesignTools/2025.2/Vitis/tps/mingw/8.3.0/win64.o/nt\lib\gcc\x86_64-w64-mingw32\8.3.0\include\c++\bits/std_abs.h:61->C:/github/zybo_z7_cam_rpi_v2_5mp_hdmi/zybo_z7_imx219/zybo_z7_imx219.runs/design_1_v_demosaic_0_0_synth_1/prj/sol/.autopilot/db/v_demosaic.cpp:478]   --->   Operation 469 'trunc' 'trunc_ln61_17' <Predicate = (icmp_ln439)> <Delay = 0.00>
ST_5 : Operation 470 [1/1] (0.00ns) (grouped into LUT with out node add_ln478_1)   --->   "%tmp_38 = bitselect i1 @_ssdm_op_BitSelect.i1.i14.i32, i14 %sext_ln61_9, i32 13" [C:/AMDDesignTools/2025.2/Vitis/tps/mingw/8.3.0/win64.o/nt\lib\gcc\x86_64-w64-mingw32\8.3.0\include\c++\bits/std_abs.h:61->C:/github/zybo_z7_cam_rpi_v2_5mp_hdmi/zybo_z7_imx219/zybo_z7_imx219.runs/design_1_v_demosaic_0_0_synth_1/prj/sol/.autopilot/db/v_demosaic.cpp:478]   --->   Operation 470 'bitselect' 'tmp_38' <Predicate = (icmp_ln439)> <Delay = 0.00>
ST_5 : Operation 471 [1/1] (1.54ns)   --->   "%sub_ln61_17 = sub i12 0, i12 %trunc_ln61_17" [C:/AMDDesignTools/2025.2/Vitis/tps/mingw/8.3.0/win64.o/nt\lib\gcc\x86_64-w64-mingw32\8.3.0\include\c++\bits/std_abs.h:61->C:/github/zybo_z7_cam_rpi_v2_5mp_hdmi/zybo_z7_imx219/zybo_z7_imx219.runs/design_1_v_demosaic_0_0_synth_1/prj/sol/.autopilot/db/v_demosaic.cpp:478]   --->   Operation 471 'sub' 'sub_ln61_17' <Predicate = (icmp_ln439)> <Delay = 1.54> <CoreInst = "Adder">   --->   Core 1 'Adder' <Latency = 0> <II = 1> <Delay = 1.54> <FuncUnit> <Opcode : 'add' 'sub'> <InPorts = 2> <OutPorts = 1>
ST_5 : Operation 472 [1/1] (0.00ns) (grouped into LUT with out node add_ln478_1)   --->   "%select_ln61_9 = select i1 %tmp_38, i12 %sub_ln61_17, i12 %trunc_ln61_17" [C:/AMDDesignTools/2025.2/Vitis/tps/mingw/8.3.0/win64.o/nt\lib\gcc\x86_64-w64-mingw32\8.3.0\include\c++\bits/std_abs.h:61->C:/github/zybo_z7_cam_rpi_v2_5mp_hdmi/zybo_z7_imx219/zybo_z7_imx219.runs/design_1_v_demosaic_0_0_synth_1/prj/sol/.autopilot/db/v_demosaic.cpp:478]   --->   Operation 472 'select' 'select_ln61_9' <Predicate = (icmp_ln439)> <Delay = 0.00> <CoreInst = "Sel">   --->   Core 73 'Sel' <Latency = 0> <II = 1> <Delay = 0.69> <FuncUnit> <Opcode : 'select'> <InPorts = 3> <OutPorts = 1>
ST_5 : Operation 473 [1/1] (0.00ns) (grouped into LUT with out node add_ln478_1)   --->   "%zext_ln478_1 = zext i12 %select_ln61_9" [C:/github/zybo_z7_cam_rpi_v2_5mp_hdmi/zybo_z7_imx219/zybo_z7_imx219.runs/design_1_v_demosaic_0_0_synth_1/prj/sol/.autopilot/db/v_demosaic.cpp:478]   --->   Operation 473 'zext' 'zext_ln478_1' <Predicate = (icmp_ln439)> <Delay = 0.00>
ST_5 : Operation 474 [1/1] (1.54ns)   --->   "%sub_ln478_2 = sub i13 %sext_ln467_1, i13 %sext_ln478" [C:/github/zybo_z7_cam_rpi_v2_5mp_hdmi/zybo_z7_imx219/zybo_z7_imx219.runs/design_1_v_demosaic_0_0_synth_1/prj/sol/.autopilot/db/v_demosaic.cpp:478]   --->   Operation 474 'sub' 'sub_ln478_2' <Predicate = (icmp_ln439)> <Delay = 1.54> <CoreInst = "Adder">   --->   Core 1 'Adder' <Latency = 0> <II = 1> <Delay = 1.67> <FuncUnit> <Opcode : 'add' 'sub'> <InPorts = 2> <OutPorts = 1>
ST_5 : Operation 475 [1/1] (0.00ns) (grouped into LUT with out node add_ln478)   --->   "%sext_ln61_10 = sext i13 %sub_ln478_2" [C:/AMDDesignTools/2025.2/Vitis/tps/mingw/8.3.0/win64.o/nt\lib\gcc\x86_64-w64-mingw32\8.3.0\include\c++\bits/std_abs.h:61->C:/github/zybo_z7_cam_rpi_v2_5mp_hdmi/zybo_z7_imx219/zybo_z7_imx219.runs/design_1_v_demosaic_0_0_synth_1/prj/sol/.autopilot/db/v_demosaic.cpp:478]   --->   Operation 475 'sext' 'sext_ln61_10' <Predicate = (icmp_ln439)> <Delay = 0.00>
ST_5 : Operation 476 [1/1] (0.00ns)   --->   "%trunc_ln61_18 = trunc i13 %sub_ln478_2" [C:/AMDDesignTools/2025.2/Vitis/tps/mingw/8.3.0/win64.o/nt\lib\gcc\x86_64-w64-mingw32\8.3.0\include\c++\bits/std_abs.h:61->C:/github/zybo_z7_cam_rpi_v2_5mp_hdmi/zybo_z7_imx219/zybo_z7_imx219.runs/design_1_v_demosaic_0_0_synth_1/prj/sol/.autopilot/db/v_demosaic.cpp:478]   --->   Operation 476 'trunc' 'trunc_ln61_18' <Predicate = (icmp_ln439)> <Delay = 0.00>
ST_5 : Operation 477 [1/1] (0.00ns) (grouped into LUT with out node add_ln478)   --->   "%tmp_39 = bitselect i1 @_ssdm_op_BitSelect.i1.i14.i32, i14 %sext_ln61_10, i32 13" [C:/AMDDesignTools/2025.2/Vitis/tps/mingw/8.3.0/win64.o/nt\lib\gcc\x86_64-w64-mingw32\8.3.0\include\c++\bits/std_abs.h:61->C:/github/zybo_z7_cam_rpi_v2_5mp_hdmi/zybo_z7_imx219/zybo_z7_imx219.runs/design_1_v_demosaic_0_0_synth_1/prj/sol/.autopilot/db/v_demosaic.cpp:478]   --->   Operation 477 'bitselect' 'tmp_39' <Predicate = (icmp_ln439)> <Delay = 0.00>
ST_5 : Operation 478 [1/1] (1.54ns)   --->   "%sub_ln61_18 = sub i12 0, i12 %trunc_ln61_18" [C:/AMDDesignTools/2025.2/Vitis/tps/mingw/8.3.0/win64.o/nt\lib\gcc\x86_64-w64-mingw32\8.3.0\include\c++\bits/std_abs.h:61->C:/github/zybo_z7_cam_rpi_v2_5mp_hdmi/zybo_z7_imx219/zybo_z7_imx219.runs/design_1_v_demosaic_0_0_synth_1/prj/sol/.autopilot/db/v_demosaic.cpp:478]   --->   Operation 478 'sub' 'sub_ln61_18' <Predicate = (icmp_ln439)> <Delay = 1.54> <CoreInst = "Adder">   --->   Core 1 'Adder' <Latency = 0> <II = 1> <Delay = 1.54> <FuncUnit> <Opcode : 'add' 'sub'> <InPorts = 2> <OutPorts = 1>
ST_5 : Operation 479 [1/1] (0.00ns) (grouped into LUT with out node add_ln478)   --->   "%select_ln61_10 = select i1 %tmp_39, i12 %sub_ln61_18, i12 %trunc_ln61_18" [C:/AMDDesignTools/2025.2/Vitis/tps/mingw/8.3.0/win64.o/nt\lib\gcc\x86_64-w64-mingw32\8.3.0\include\c++\bits/std_abs.h:61->C:/github/zybo_z7_cam_rpi_v2_5mp_hdmi/zybo_z7_imx219/zybo_z7_imx219.runs/design_1_v_demosaic_0_0_synth_1/prj/sol/.autopilot/db/v_demosaic.cpp:478]   --->   Operation 479 'select' 'select_ln61_10' <Predicate = (icmp_ln439)> <Delay = 0.00> <CoreInst = "Sel">   --->   Core 73 'Sel' <Latency = 0> <II = 1> <Delay = 0.69> <FuncUnit> <Opcode : 'select'> <InPorts = 3> <OutPorts = 1>
ST_5 : Operation 480 [1/1] (0.00ns) (grouped into LUT with out node add_ln478)   --->   "%zext_ln478_2 = zext i12 %select_ln61_10" [C:/github/zybo_z7_cam_rpi_v2_5mp_hdmi/zybo_z7_imx219/zybo_z7_imx219.runs/design_1_v_demosaic_0_0_synth_1/prj/sol/.autopilot/db/v_demosaic.cpp:478]   --->   Operation 480 'zext' 'zext_ln478_2' <Predicate = (icmp_ln439)> <Delay = 0.00>
ST_5 : Operation 481 [1/1] (1.54ns)   --->   "%sub_ln478_3 = sub i13 %sext_ln466_2, i13 %sext_ln478" [C:/github/zybo_z7_cam_rpi_v2_5mp_hdmi/zybo_z7_imx219/zybo_z7_imx219.runs/design_1_v_demosaic_0_0_synth_1/prj/sol/.autopilot/db/v_demosaic.cpp:478]   --->   Operation 481 'sub' 'sub_ln478_3' <Predicate = (icmp_ln439)> <Delay = 1.54> <CoreInst = "Adder">   --->   Core 1 'Adder' <Latency = 0> <II = 1> <Delay = 1.67> <FuncUnit> <Opcode : 'add' 'sub'> <InPorts = 2> <OutPorts = 1>
ST_5 : Operation 482 [1/1] (0.00ns) (grouped into LUT with out node add_ln478)   --->   "%sext_ln61_11 = sext i13 %sub_ln478_3" [C:/AMDDesignTools/2025.2/Vitis/tps/mingw/8.3.0/win64.o/nt\lib\gcc\x86_64-w64-mingw32\8.3.0\include\c++\bits/std_abs.h:61->C:/github/zybo_z7_cam_rpi_v2_5mp_hdmi/zybo_z7_imx219/zybo_z7_imx219.runs/design_1_v_demosaic_0_0_synth_1/prj/sol/.autopilot/db/v_demosaic.cpp:478]   --->   Operation 482 'sext' 'sext_ln61_11' <Predicate = (icmp_ln439)> <Delay = 0.00>
ST_5 : Operation 483 [1/1] (0.00ns)   --->   "%trunc_ln61_19 = trunc i13 %sub_ln478_3" [C:/AMDDesignTools/2025.2/Vitis/tps/mingw/8.3.0/win64.o/nt\lib\gcc\x86_64-w64-mingw32\8.3.0\include\c++\bits/std_abs.h:61->C:/github/zybo_z7_cam_rpi_v2_5mp_hdmi/zybo_z7_imx219/zybo_z7_imx219.runs/design_1_v_demosaic_0_0_synth_1/prj/sol/.autopilot/db/v_demosaic.cpp:478]   --->   Operation 483 'trunc' 'trunc_ln61_19' <Predicate = (icmp_ln439)> <Delay = 0.00>
ST_5 : Operation 484 [1/1] (0.00ns) (grouped into LUT with out node add_ln478)   --->   "%tmp_40 = bitselect i1 @_ssdm_op_BitSelect.i1.i14.i32, i14 %sext_ln61_11, i32 13" [C:/AMDDesignTools/2025.2/Vitis/tps/mingw/8.3.0/win64.o/nt\lib\gcc\x86_64-w64-mingw32\8.3.0\include\c++\bits/std_abs.h:61->C:/github/zybo_z7_cam_rpi_v2_5mp_hdmi/zybo_z7_imx219/zybo_z7_imx219.runs/design_1_v_demosaic_0_0_synth_1/prj/sol/.autopilot/db/v_demosaic.cpp:478]   --->   Operation 484 'bitselect' 'tmp_40' <Predicate = (icmp_ln439)> <Delay = 0.00>
ST_5 : Operation 485 [1/1] (1.54ns)   --->   "%sub_ln61_19 = sub i12 0, i12 %trunc_ln61_19" [C:/AMDDesignTools/2025.2/Vitis/tps/mingw/8.3.0/win64.o/nt\lib\gcc\x86_64-w64-mingw32\8.3.0\include\c++\bits/std_abs.h:61->C:/github/zybo_z7_cam_rpi_v2_5mp_hdmi/zybo_z7_imx219/zybo_z7_imx219.runs/design_1_v_demosaic_0_0_synth_1/prj/sol/.autopilot/db/v_demosaic.cpp:478]   --->   Operation 485 'sub' 'sub_ln61_19' <Predicate = (icmp_ln439)> <Delay = 1.54> <CoreInst = "Adder">   --->   Core 1 'Adder' <Latency = 0> <II = 1> <Delay = 1.54> <FuncUnit> <Opcode : 'add' 'sub'> <InPorts = 2> <OutPorts = 1>
ST_5 : Operation 486 [1/1] (0.00ns) (grouped into LUT with out node add_ln478)   --->   "%select_ln61_11 = select i1 %tmp_40, i12 %sub_ln61_19, i12 %trunc_ln61_19" [C:/AMDDesignTools/2025.2/Vitis/tps/mingw/8.3.0/win64.o/nt\lib\gcc\x86_64-w64-mingw32\8.3.0\include\c++\bits/std_abs.h:61->C:/github/zybo_z7_cam_rpi_v2_5mp_hdmi/zybo_z7_imx219/zybo_z7_imx219.runs/design_1_v_demosaic_0_0_synth_1/prj/sol/.autopilot/db/v_demosaic.cpp:478]   --->   Operation 486 'select' 'select_ln61_11' <Predicate = (icmp_ln439)> <Delay = 0.00> <CoreInst = "Sel">   --->   Core 73 'Sel' <Latency = 0> <II = 1> <Delay = 0.69> <FuncUnit> <Opcode : 'select'> <InPorts = 3> <OutPorts = 1>
ST_5 : Operation 487 [1/1] (0.00ns) (grouped into LUT with out node add_ln478)   --->   "%zext_ln478_3 = zext i12 %select_ln61_11" [C:/github/zybo_z7_cam_rpi_v2_5mp_hdmi/zybo_z7_imx219/zybo_z7_imx219.runs/design_1_v_demosaic_0_0_synth_1/prj/sol/.autopilot/db/v_demosaic.cpp:478]   --->   Operation 487 'zext' 'zext_ln478_3' <Predicate = (icmp_ln439)> <Delay = 0.00>
ST_5 : Operation 488 [1/1] (1.54ns) (out node of the LUT)   --->   "%add_ln478 = add i13 %zext_ln478_3, i13 %zext_ln478_2" [C:/github/zybo_z7_cam_rpi_v2_5mp_hdmi/zybo_z7_imx219/zybo_z7_imx219.runs/design_1_v_demosaic_0_0_synth_1/prj/sol/.autopilot/db/v_demosaic.cpp:478]   --->   Operation 488 'add' 'add_ln478' <Predicate = (icmp_ln439)> <Delay = 1.54> <CoreInst = "Adder">   --->   Core 1 'Adder' <Latency = 0> <II = 1> <Delay = 1.67> <FuncUnit> <Opcode : 'add' 'sub'> <InPorts = 2> <OutPorts = 1>
ST_5 : Operation 489 [1/1] (0.00ns)   --->   "%zext_ln478_4 = zext i13 %add_ln478" [C:/github/zybo_z7_cam_rpi_v2_5mp_hdmi/zybo_z7_imx219/zybo_z7_imx219.runs/design_1_v_demosaic_0_0_synth_1/prj/sol/.autopilot/db/v_demosaic.cpp:478]   --->   Operation 489 'zext' 'zext_ln478_4' <Predicate = (icmp_ln439)> <Delay = 0.00>
ST_5 : Operation 490 [1/1] (1.54ns) (out node of the LUT)   --->   "%add_ln478_1 = add i13 %zext_ln478_1, i13 %zext_ln478" [C:/github/zybo_z7_cam_rpi_v2_5mp_hdmi/zybo_z7_imx219/zybo_z7_imx219.runs/design_1_v_demosaic_0_0_synth_1/prj/sol/.autopilot/db/v_demosaic.cpp:478]   --->   Operation 490 'add' 'add_ln478_1' <Predicate = (icmp_ln439)> <Delay = 1.54> <CoreInst = "Adder">   --->   Core 1 'Adder' <Latency = 0> <II = 1> <Delay = 1.67> <FuncUnit> <Opcode : 'add' 'sub'> <InPorts = 2> <OutPorts = 1>
ST_5 : Operation 491 [1/1] (0.00ns)   --->   "%zext_ln478_5 = zext i13 %add_ln478_1" [C:/github/zybo_z7_cam_rpi_v2_5mp_hdmi/zybo_z7_imx219/zybo_z7_imx219.runs/design_1_v_demosaic_0_0_synth_1/prj/sol/.autopilot/db/v_demosaic.cpp:478]   --->   Operation 491 'zext' 'zext_ln478_5' <Predicate = (icmp_ln439)> <Delay = 0.00>
ST_5 : Operation 492 [1/1] (1.67ns)   --->   "%add_ln478_2 = add i14 %zext_ln478_5, i14 %zext_ln478_4" [C:/github/zybo_z7_cam_rpi_v2_5mp_hdmi/zybo_z7_imx219/zybo_z7_imx219.runs/design_1_v_demosaic_0_0_synth_1/prj/sol/.autopilot/db/v_demosaic.cpp:478]   --->   Operation 492 'add' 'add_ln478_2' <Predicate = (icmp_ln439)> <Delay = 1.67> <CoreInst = "Adder">   --->   Core 1 'Adder' <Latency = 0> <II = 1> <Delay = 1.81> <FuncUnit> <Opcode : 'add' 'sub'> <InPorts = 2> <OutPorts = 1>
ST_5 : Operation 493 [1/1] (0.00ns)   --->   "%var_2 = partselect i13 @_ssdm_op_PartSelect.i13.i14.i32.i32, i14 %add_ln478_2, i32 1, i32 13" [C:/github/zybo_z7_cam_rpi_v2_5mp_hdmi/zybo_z7_imx219/zybo_z7_imx219.runs/design_1_v_demosaic_0_0_synth_1/prj/sol/.autopilot/db/v_demosaic.cpp:478]   --->   Operation 493 'partselect' 'var_2' <Predicate = (icmp_ln439)> <Delay = 0.00>
ST_5 : Operation 494 [1/1] (0.00ns)   --->   "%sext_ln479 = sext i12 %mean_3" [C:/github/zybo_z7_cam_rpi_v2_5mp_hdmi/zybo_z7_imx219/zybo_z7_imx219.runs/design_1_v_demosaic_0_0_synth_1/prj/sol/.autopilot/db/v_demosaic.cpp:479]   --->   Operation 494 'sext' 'sext_ln479' <Predicate = (icmp_ln439)> <Delay = 0.00>
ST_5 : Operation 495 [1/1] (1.54ns)   --->   "%sub_ln479 = sub i13 %sext_ln465_1, i13 %sext_ln479" [C:/github/zybo_z7_cam_rpi_v2_5mp_hdmi/zybo_z7_imx219/zybo_z7_imx219.runs/design_1_v_demosaic_0_0_synth_1/prj/sol/.autopilot/db/v_demosaic.cpp:479]   --->   Operation 495 'sub' 'sub_ln479' <Predicate = (icmp_ln439)> <Delay = 1.54> <CoreInst = "Adder">   --->   Core 1 'Adder' <Latency = 0> <II = 1> <Delay = 1.67> <FuncUnit> <Opcode : 'add' 'sub'> <InPorts = 2> <OutPorts = 1>
ST_5 : Operation 496 [1/1] (0.00ns) (grouped into LUT with out node add_ln479_1)   --->   "%sext_ln61_12 = sext i13 %sub_ln479" [C:/AMDDesignTools/2025.2/Vitis/tps/mingw/8.3.0/win64.o/nt\lib\gcc\x86_64-w64-mingw32\8.3.0\include\c++\bits/std_abs.h:61->C:/github/zybo_z7_cam_rpi_v2_5mp_hdmi/zybo_z7_imx219/zybo_z7_imx219.runs/design_1_v_demosaic_0_0_synth_1/prj/sol/.autopilot/db/v_demosaic.cpp:479]   --->   Operation 496 'sext' 'sext_ln61_12' <Predicate = (icmp_ln439)> <Delay = 0.00>
ST_5 : Operation 497 [1/1] (0.00ns)   --->   "%trunc_ln61_20 = trunc i13 %sub_ln479" [C:/AMDDesignTools/2025.2/Vitis/tps/mingw/8.3.0/win64.o/nt\lib\gcc\x86_64-w64-mingw32\8.3.0\include\c++\bits/std_abs.h:61->C:/github/zybo_z7_cam_rpi_v2_5mp_hdmi/zybo_z7_imx219/zybo_z7_imx219.runs/design_1_v_demosaic_0_0_synth_1/prj/sol/.autopilot/db/v_demosaic.cpp:479]   --->   Operation 497 'trunc' 'trunc_ln61_20' <Predicate = (icmp_ln439)> <Delay = 0.00>
ST_5 : Operation 498 [1/1] (0.00ns) (grouped into LUT with out node add_ln479_1)   --->   "%tmp_41 = bitselect i1 @_ssdm_op_BitSelect.i1.i14.i32, i14 %sext_ln61_12, i32 13" [C:/AMDDesignTools/2025.2/Vitis/tps/mingw/8.3.0/win64.o/nt\lib\gcc\x86_64-w64-mingw32\8.3.0\include\c++\bits/std_abs.h:61->C:/github/zybo_z7_cam_rpi_v2_5mp_hdmi/zybo_z7_imx219/zybo_z7_imx219.runs/design_1_v_demosaic_0_0_synth_1/prj/sol/.autopilot/db/v_demosaic.cpp:479]   --->   Operation 498 'bitselect' 'tmp_41' <Predicate = (icmp_ln439)> <Delay = 0.00>
ST_5 : Operation 499 [1/1] (1.54ns)   --->   "%sub_ln61_20 = sub i12 0, i12 %trunc_ln61_20" [C:/AMDDesignTools/2025.2/Vitis/tps/mingw/8.3.0/win64.o/nt\lib\gcc\x86_64-w64-mingw32\8.3.0\include\c++\bits/std_abs.h:61->C:/github/zybo_z7_cam_rpi_v2_5mp_hdmi/zybo_z7_imx219/zybo_z7_imx219.runs/design_1_v_demosaic_0_0_synth_1/prj/sol/.autopilot/db/v_demosaic.cpp:479]   --->   Operation 499 'sub' 'sub_ln61_20' <Predicate = (icmp_ln439)> <Delay = 1.54> <CoreInst = "Adder">   --->   Core 1 'Adder' <Latency = 0> <II = 1> <Delay = 1.54> <FuncUnit> <Opcode : 'add' 'sub'> <InPorts = 2> <OutPorts = 1>
ST_5 : Operation 500 [1/1] (0.00ns) (grouped into LUT with out node add_ln479_1)   --->   "%select_ln61_12 = select i1 %tmp_41, i12 %sub_ln61_20, i12 %trunc_ln61_20" [C:/AMDDesignTools/2025.2/Vitis/tps/mingw/8.3.0/win64.o/nt\lib\gcc\x86_64-w64-mingw32\8.3.0\include\c++\bits/std_abs.h:61->C:/github/zybo_z7_cam_rpi_v2_5mp_hdmi/zybo_z7_imx219/zybo_z7_imx219.runs/design_1_v_demosaic_0_0_synth_1/prj/sol/.autopilot/db/v_demosaic.cpp:479]   --->   Operation 500 'select' 'select_ln61_12' <Predicate = (icmp_ln439)> <Delay = 0.00> <CoreInst = "Sel">   --->   Core 73 'Sel' <Latency = 0> <II = 1> <Delay = 0.69> <FuncUnit> <Opcode : 'select'> <InPorts = 3> <OutPorts = 1>
ST_5 : Operation 501 [1/1] (0.00ns) (grouped into LUT with out node add_ln479_1)   --->   "%zext_ln479 = zext i12 %select_ln61_12" [C:/github/zybo_z7_cam_rpi_v2_5mp_hdmi/zybo_z7_imx219/zybo_z7_imx219.runs/design_1_v_demosaic_0_0_synth_1/prj/sol/.autopilot/db/v_demosaic.cpp:479]   --->   Operation 501 'zext' 'zext_ln479' <Predicate = (icmp_ln439)> <Delay = 0.00>
ST_5 : Operation 502 [1/1] (1.54ns)   --->   "%sub_ln479_1 = sub i13 %sext_ln465_3, i13 %sext_ln479" [C:/github/zybo_z7_cam_rpi_v2_5mp_hdmi/zybo_z7_imx219/zybo_z7_imx219.runs/design_1_v_demosaic_0_0_synth_1/prj/sol/.autopilot/db/v_demosaic.cpp:479]   --->   Operation 502 'sub' 'sub_ln479_1' <Predicate = (icmp_ln439)> <Delay = 1.54> <CoreInst = "Adder">   --->   Core 1 'Adder' <Latency = 0> <II = 1> <Delay = 1.67> <FuncUnit> <Opcode : 'add' 'sub'> <InPorts = 2> <OutPorts = 1>
ST_5 : Operation 503 [1/1] (0.00ns) (grouped into LUT with out node add_ln479_1)   --->   "%sext_ln61_13 = sext i13 %sub_ln479_1" [C:/AMDDesignTools/2025.2/Vitis/tps/mingw/8.3.0/win64.o/nt\lib\gcc\x86_64-w64-mingw32\8.3.0\include\c++\bits/std_abs.h:61->C:/github/zybo_z7_cam_rpi_v2_5mp_hdmi/zybo_z7_imx219/zybo_z7_imx219.runs/design_1_v_demosaic_0_0_synth_1/prj/sol/.autopilot/db/v_demosaic.cpp:479]   --->   Operation 503 'sext' 'sext_ln61_13' <Predicate = (icmp_ln439)> <Delay = 0.00>
ST_5 : Operation 504 [1/1] (0.00ns)   --->   "%trunc_ln61_21 = trunc i13 %sub_ln479_1" [C:/AMDDesignTools/2025.2/Vitis/tps/mingw/8.3.0/win64.o/nt\lib\gcc\x86_64-w64-mingw32\8.3.0\include\c++\bits/std_abs.h:61->C:/github/zybo_z7_cam_rpi_v2_5mp_hdmi/zybo_z7_imx219/zybo_z7_imx219.runs/design_1_v_demosaic_0_0_synth_1/prj/sol/.autopilot/db/v_demosaic.cpp:479]   --->   Operation 504 'trunc' 'trunc_ln61_21' <Predicate = (icmp_ln439)> <Delay = 0.00>
ST_5 : Operation 505 [1/1] (0.00ns) (grouped into LUT with out node add_ln479_1)   --->   "%tmp_42 = bitselect i1 @_ssdm_op_BitSelect.i1.i14.i32, i14 %sext_ln61_13, i32 13" [C:/AMDDesignTools/2025.2/Vitis/tps/mingw/8.3.0/win64.o/nt\lib\gcc\x86_64-w64-mingw32\8.3.0\include\c++\bits/std_abs.h:61->C:/github/zybo_z7_cam_rpi_v2_5mp_hdmi/zybo_z7_imx219/zybo_z7_imx219.runs/design_1_v_demosaic_0_0_synth_1/prj/sol/.autopilot/db/v_demosaic.cpp:479]   --->   Operation 505 'bitselect' 'tmp_42' <Predicate = (icmp_ln439)> <Delay = 0.00>
ST_5 : Operation 506 [1/1] (1.54ns)   --->   "%sub_ln61_21 = sub i12 0, i12 %trunc_ln61_21" [C:/AMDDesignTools/2025.2/Vitis/tps/mingw/8.3.0/win64.o/nt\lib\gcc\x86_64-w64-mingw32\8.3.0\include\c++\bits/std_abs.h:61->C:/github/zybo_z7_cam_rpi_v2_5mp_hdmi/zybo_z7_imx219/zybo_z7_imx219.runs/design_1_v_demosaic_0_0_synth_1/prj/sol/.autopilot/db/v_demosaic.cpp:479]   --->   Operation 506 'sub' 'sub_ln61_21' <Predicate = (icmp_ln439)> <Delay = 1.54> <CoreInst = "Adder">   --->   Core 1 'Adder' <Latency = 0> <II = 1> <Delay = 1.54> <FuncUnit> <Opcode : 'add' 'sub'> <InPorts = 2> <OutPorts = 1>
ST_5 : Operation 507 [1/1] (0.00ns) (grouped into LUT with out node add_ln479_1)   --->   "%select_ln61_13 = select i1 %tmp_42, i12 %sub_ln61_21, i12 %trunc_ln61_21" [C:/AMDDesignTools/2025.2/Vitis/tps/mingw/8.3.0/win64.o/nt\lib\gcc\x86_64-w64-mingw32\8.3.0\include\c++\bits/std_abs.h:61->C:/github/zybo_z7_cam_rpi_v2_5mp_hdmi/zybo_z7_imx219/zybo_z7_imx219.runs/design_1_v_demosaic_0_0_synth_1/prj/sol/.autopilot/db/v_demosaic.cpp:479]   --->   Operation 507 'select' 'select_ln61_13' <Predicate = (icmp_ln439)> <Delay = 0.00> <CoreInst = "Sel">   --->   Core 73 'Sel' <Latency = 0> <II = 1> <Delay = 0.69> <FuncUnit> <Opcode : 'select'> <InPorts = 3> <OutPorts = 1>
ST_5 : Operation 508 [1/1] (0.00ns) (grouped into LUT with out node add_ln479_1)   --->   "%zext_ln479_1 = zext i12 %select_ln61_13" [C:/github/zybo_z7_cam_rpi_v2_5mp_hdmi/zybo_z7_imx219/zybo_z7_imx219.runs/design_1_v_demosaic_0_0_synth_1/prj/sol/.autopilot/db/v_demosaic.cpp:479]   --->   Operation 508 'zext' 'zext_ln479_1' <Predicate = (icmp_ln439)> <Delay = 0.00>
ST_5 : Operation 509 [1/1] (1.54ns)   --->   "%sub_ln479_2 = sub i13 %sext_ln468, i13 %sext_ln479" [C:/github/zybo_z7_cam_rpi_v2_5mp_hdmi/zybo_z7_imx219/zybo_z7_imx219.runs/design_1_v_demosaic_0_0_synth_1/prj/sol/.autopilot/db/v_demosaic.cpp:479]   --->   Operation 509 'sub' 'sub_ln479_2' <Predicate = (icmp_ln439)> <Delay = 1.54> <CoreInst = "Adder">   --->   Core 1 'Adder' <Latency = 0> <II = 1> <Delay = 1.67> <FuncUnit> <Opcode : 'add' 'sub'> <InPorts = 2> <OutPorts = 1>
ST_5 : Operation 510 [1/1] (0.00ns) (grouped into LUT with out node add_ln479)   --->   "%sext_ln61_14 = sext i13 %sub_ln479_2" [C:/AMDDesignTools/2025.2/Vitis/tps/mingw/8.3.0/win64.o/nt\lib\gcc\x86_64-w64-mingw32\8.3.0\include\c++\bits/std_abs.h:61->C:/github/zybo_z7_cam_rpi_v2_5mp_hdmi/zybo_z7_imx219/zybo_z7_imx219.runs/design_1_v_demosaic_0_0_synth_1/prj/sol/.autopilot/db/v_demosaic.cpp:479]   --->   Operation 510 'sext' 'sext_ln61_14' <Predicate = (icmp_ln439)> <Delay = 0.00>
ST_5 : Operation 511 [1/1] (0.00ns)   --->   "%trunc_ln61_22 = trunc i13 %sub_ln479_2" [C:/AMDDesignTools/2025.2/Vitis/tps/mingw/8.3.0/win64.o/nt\lib\gcc\x86_64-w64-mingw32\8.3.0\include\c++\bits/std_abs.h:61->C:/github/zybo_z7_cam_rpi_v2_5mp_hdmi/zybo_z7_imx219/zybo_z7_imx219.runs/design_1_v_demosaic_0_0_synth_1/prj/sol/.autopilot/db/v_demosaic.cpp:479]   --->   Operation 511 'trunc' 'trunc_ln61_22' <Predicate = (icmp_ln439)> <Delay = 0.00>
ST_5 : Operation 512 [1/1] (0.00ns) (grouped into LUT with out node add_ln479)   --->   "%tmp_43 = bitselect i1 @_ssdm_op_BitSelect.i1.i14.i32, i14 %sext_ln61_14, i32 13" [C:/AMDDesignTools/2025.2/Vitis/tps/mingw/8.3.0/win64.o/nt\lib\gcc\x86_64-w64-mingw32\8.3.0\include\c++\bits/std_abs.h:61->C:/github/zybo_z7_cam_rpi_v2_5mp_hdmi/zybo_z7_imx219/zybo_z7_imx219.runs/design_1_v_demosaic_0_0_synth_1/prj/sol/.autopilot/db/v_demosaic.cpp:479]   --->   Operation 512 'bitselect' 'tmp_43' <Predicate = (icmp_ln439)> <Delay = 0.00>
ST_5 : Operation 513 [1/1] (1.54ns)   --->   "%sub_ln61_22 = sub i12 0, i12 %trunc_ln61_22" [C:/AMDDesignTools/2025.2/Vitis/tps/mingw/8.3.0/win64.o/nt\lib\gcc\x86_64-w64-mingw32\8.3.0\include\c++\bits/std_abs.h:61->C:/github/zybo_z7_cam_rpi_v2_5mp_hdmi/zybo_z7_imx219/zybo_z7_imx219.runs/design_1_v_demosaic_0_0_synth_1/prj/sol/.autopilot/db/v_demosaic.cpp:479]   --->   Operation 513 'sub' 'sub_ln61_22' <Predicate = (icmp_ln439)> <Delay = 1.54> <CoreInst = "Adder">   --->   Core 1 'Adder' <Latency = 0> <II = 1> <Delay = 1.54> <FuncUnit> <Opcode : 'add' 'sub'> <InPorts = 2> <OutPorts = 1>
ST_5 : Operation 514 [1/1] (0.00ns) (grouped into LUT with out node add_ln479)   --->   "%select_ln61_14 = select i1 %tmp_43, i12 %sub_ln61_22, i12 %trunc_ln61_22" [C:/AMDDesignTools/2025.2/Vitis/tps/mingw/8.3.0/win64.o/nt\lib\gcc\x86_64-w64-mingw32\8.3.0\include\c++\bits/std_abs.h:61->C:/github/zybo_z7_cam_rpi_v2_5mp_hdmi/zybo_z7_imx219/zybo_z7_imx219.runs/design_1_v_demosaic_0_0_synth_1/prj/sol/.autopilot/db/v_demosaic.cpp:479]   --->   Operation 514 'select' 'select_ln61_14' <Predicate = (icmp_ln439)> <Delay = 0.00> <CoreInst = "Sel">   --->   Core 73 'Sel' <Latency = 0> <II = 1> <Delay = 0.69> <FuncUnit> <Opcode : 'select'> <InPorts = 3> <OutPorts = 1>
ST_5 : Operation 515 [1/1] (0.00ns) (grouped into LUT with out node add_ln479)   --->   "%zext_ln479_2 = zext i12 %select_ln61_14" [C:/github/zybo_z7_cam_rpi_v2_5mp_hdmi/zybo_z7_imx219/zybo_z7_imx219.runs/design_1_v_demosaic_0_0_synth_1/prj/sol/.autopilot/db/v_demosaic.cpp:479]   --->   Operation 515 'zext' 'zext_ln479_2' <Predicate = (icmp_ln439)> <Delay = 0.00>
ST_5 : Operation 516 [1/1] (1.54ns)   --->   "%sub_ln479_3 = sub i13 %sext_ln468_1, i13 %sext_ln479" [C:/github/zybo_z7_cam_rpi_v2_5mp_hdmi/zybo_z7_imx219/zybo_z7_imx219.runs/design_1_v_demosaic_0_0_synth_1/prj/sol/.autopilot/db/v_demosaic.cpp:479]   --->   Operation 516 'sub' 'sub_ln479_3' <Predicate = (icmp_ln439)> <Delay = 1.54> <CoreInst = "Adder">   --->   Core 1 'Adder' <Latency = 0> <II = 1> <Delay = 1.67> <FuncUnit> <Opcode : 'add' 'sub'> <InPorts = 2> <OutPorts = 1>
ST_5 : Operation 517 [1/1] (0.00ns) (grouped into LUT with out node add_ln479)   --->   "%sext_ln61_15 = sext i13 %sub_ln479_3" [C:/AMDDesignTools/2025.2/Vitis/tps/mingw/8.3.0/win64.o/nt\lib\gcc\x86_64-w64-mingw32\8.3.0\include\c++\bits/std_abs.h:61->C:/github/zybo_z7_cam_rpi_v2_5mp_hdmi/zybo_z7_imx219/zybo_z7_imx219.runs/design_1_v_demosaic_0_0_synth_1/prj/sol/.autopilot/db/v_demosaic.cpp:479]   --->   Operation 517 'sext' 'sext_ln61_15' <Predicate = (icmp_ln439)> <Delay = 0.00>
ST_5 : Operation 518 [1/1] (0.00ns)   --->   "%trunc_ln61_23 = trunc i13 %sub_ln479_3" [C:/AMDDesignTools/2025.2/Vitis/tps/mingw/8.3.0/win64.o/nt\lib\gcc\x86_64-w64-mingw32\8.3.0\include\c++\bits/std_abs.h:61->C:/github/zybo_z7_cam_rpi_v2_5mp_hdmi/zybo_z7_imx219/zybo_z7_imx219.runs/design_1_v_demosaic_0_0_synth_1/prj/sol/.autopilot/db/v_demosaic.cpp:479]   --->   Operation 518 'trunc' 'trunc_ln61_23' <Predicate = (icmp_ln439)> <Delay = 0.00>
ST_5 : Operation 519 [1/1] (0.00ns) (grouped into LUT with out node add_ln479)   --->   "%tmp_44 = bitselect i1 @_ssdm_op_BitSelect.i1.i14.i32, i14 %sext_ln61_15, i32 13" [C:/AMDDesignTools/2025.2/Vitis/tps/mingw/8.3.0/win64.o/nt\lib\gcc\x86_64-w64-mingw32\8.3.0\include\c++\bits/std_abs.h:61->C:/github/zybo_z7_cam_rpi_v2_5mp_hdmi/zybo_z7_imx219/zybo_z7_imx219.runs/design_1_v_demosaic_0_0_synth_1/prj/sol/.autopilot/db/v_demosaic.cpp:479]   --->   Operation 519 'bitselect' 'tmp_44' <Predicate = (icmp_ln439)> <Delay = 0.00>
ST_5 : Operation 520 [1/1] (1.54ns)   --->   "%sub_ln61_23 = sub i12 0, i12 %trunc_ln61_23" [C:/AMDDesignTools/2025.2/Vitis/tps/mingw/8.3.0/win64.o/nt\lib\gcc\x86_64-w64-mingw32\8.3.0\include\c++\bits/std_abs.h:61->C:/github/zybo_z7_cam_rpi_v2_5mp_hdmi/zybo_z7_imx219/zybo_z7_imx219.runs/design_1_v_demosaic_0_0_synth_1/prj/sol/.autopilot/db/v_demosaic.cpp:479]   --->   Operation 520 'sub' 'sub_ln61_23' <Predicate = (icmp_ln439)> <Delay = 1.54> <CoreInst = "Adder">   --->   Core 1 'Adder' <Latency = 0> <II = 1> <Delay = 1.54> <FuncUnit> <Opcode : 'add' 'sub'> <InPorts = 2> <OutPorts = 1>
ST_5 : Operation 521 [1/1] (0.00ns) (grouped into LUT with out node add_ln479)   --->   "%select_ln61_15 = select i1 %tmp_44, i12 %sub_ln61_23, i12 %trunc_ln61_23" [C:/AMDDesignTools/2025.2/Vitis/tps/mingw/8.3.0/win64.o/nt\lib\gcc\x86_64-w64-mingw32\8.3.0\include\c++\bits/std_abs.h:61->C:/github/zybo_z7_cam_rpi_v2_5mp_hdmi/zybo_z7_imx219/zybo_z7_imx219.runs/design_1_v_demosaic_0_0_synth_1/prj/sol/.autopilot/db/v_demosaic.cpp:479]   --->   Operation 521 'select' 'select_ln61_15' <Predicate = (icmp_ln439)> <Delay = 0.00> <CoreInst = "Sel">   --->   Core 73 'Sel' <Latency = 0> <II = 1> <Delay = 0.69> <FuncUnit> <Opcode : 'select'> <InPorts = 3> <OutPorts = 1>
ST_5 : Operation 522 [1/1] (0.00ns) (grouped into LUT with out node add_ln479)   --->   "%zext_ln479_3 = zext i12 %select_ln61_15" [C:/github/zybo_z7_cam_rpi_v2_5mp_hdmi/zybo_z7_imx219/zybo_z7_imx219.runs/design_1_v_demosaic_0_0_synth_1/prj/sol/.autopilot/db/v_demosaic.cpp:479]   --->   Operation 522 'zext' 'zext_ln479_3' <Predicate = (icmp_ln439)> <Delay = 0.00>
ST_5 : Operation 523 [1/1] (1.54ns) (out node of the LUT)   --->   "%add_ln479 = add i13 %zext_ln479_3, i13 %zext_ln479_2" [C:/github/zybo_z7_cam_rpi_v2_5mp_hdmi/zybo_z7_imx219/zybo_z7_imx219.runs/design_1_v_demosaic_0_0_synth_1/prj/sol/.autopilot/db/v_demosaic.cpp:479]   --->   Operation 523 'add' 'add_ln479' <Predicate = (icmp_ln439)> <Delay = 1.54> <CoreInst = "Adder">   --->   Core 1 'Adder' <Latency = 0> <II = 1> <Delay = 1.67> <FuncUnit> <Opcode : 'add' 'sub'> <InPorts = 2> <OutPorts = 1>
ST_5 : Operation 524 [1/1] (0.00ns)   --->   "%zext_ln479_4 = zext i13 %add_ln479" [C:/github/zybo_z7_cam_rpi_v2_5mp_hdmi/zybo_z7_imx219/zybo_z7_imx219.runs/design_1_v_demosaic_0_0_synth_1/prj/sol/.autopilot/db/v_demosaic.cpp:479]   --->   Operation 524 'zext' 'zext_ln479_4' <Predicate = (icmp_ln439)> <Delay = 0.00>
ST_5 : Operation 525 [1/1] (1.54ns) (out node of the LUT)   --->   "%add_ln479_1 = add i13 %zext_ln479_1, i13 %zext_ln479" [C:/github/zybo_z7_cam_rpi_v2_5mp_hdmi/zybo_z7_imx219/zybo_z7_imx219.runs/design_1_v_demosaic_0_0_synth_1/prj/sol/.autopilot/db/v_demosaic.cpp:479]   --->   Operation 525 'add' 'add_ln479_1' <Predicate = (icmp_ln439)> <Delay = 1.54> <CoreInst = "Adder">   --->   Core 1 'Adder' <Latency = 0> <II = 1> <Delay = 1.67> <FuncUnit> <Opcode : 'add' 'sub'> <InPorts = 2> <OutPorts = 1>
ST_5 : Operation 526 [1/1] (0.00ns)   --->   "%zext_ln479_5 = zext i13 %add_ln479_1" [C:/github/zybo_z7_cam_rpi_v2_5mp_hdmi/zybo_z7_imx219/zybo_z7_imx219.runs/design_1_v_demosaic_0_0_synth_1/prj/sol/.autopilot/db/v_demosaic.cpp:479]   --->   Operation 526 'zext' 'zext_ln479_5' <Predicate = (icmp_ln439)> <Delay = 0.00>
ST_5 : Operation 527 [1/1] (1.67ns)   --->   "%add_ln479_2 = add i14 %zext_ln479_5, i14 %zext_ln479_4" [C:/github/zybo_z7_cam_rpi_v2_5mp_hdmi/zybo_z7_imx219/zybo_z7_imx219.runs/design_1_v_demosaic_0_0_synth_1/prj/sol/.autopilot/db/v_demosaic.cpp:479]   --->   Operation 527 'add' 'add_ln479_2' <Predicate = (icmp_ln439)> <Delay = 1.67> <CoreInst = "Adder">   --->   Core 1 'Adder' <Latency = 0> <II = 1> <Delay = 1.81> <FuncUnit> <Opcode : 'add' 'sub'> <InPorts = 2> <OutPorts = 1>
ST_5 : Operation 528 [1/1] (0.00ns)   --->   "%var_3 = partselect i13 @_ssdm_op_PartSelect.i13.i14.i32.i32, i14 %add_ln479_2, i32 1, i32 13" [C:/github/zybo_z7_cam_rpi_v2_5mp_hdmi/zybo_z7_imx219/zybo_z7_imx219.runs/design_1_v_demosaic_0_0_synth_1/prj/sol/.autopilot/db/v_demosaic.cpp:479]   --->   Operation 528 'partselect' 'var_3' <Predicate = (icmp_ln439)> <Delay = 0.00>

State 6 <SV = 5> <Delay = 6.66>
ST_6 : Operation 529 [1/1] (0.00ns)   --->   "%zext_ln483_2 = zext i10 %SD" [C:/github/zybo_z7_cam_rpi_v2_5mp_hdmi/zybo_z7_imx219/zybo_z7_imx219.runs/design_1_v_demosaic_0_0_synth_1/prj/sol/.autopilot/db/v_demosaic.cpp:483]   --->   Operation 529 'zext' 'zext_ln483_2' <Predicate = (icmp_ln439)> <Delay = 0.00>
ST_6 : Operation 530 [1/1] (0.00ns)   --->   "%zext_ln484_2 = zext i10 %SD_1" [C:/github/zybo_z7_cam_rpi_v2_5mp_hdmi/zybo_z7_imx219/zybo_z7_imx219.runs/design_1_v_demosaic_0_0_synth_1/prj/sol/.autopilot/db/v_demosaic.cpp:484]   --->   Operation 530 'zext' 'zext_ln484_2' <Predicate = (icmp_ln439)> <Delay = 0.00>
ST_6 : Operation 531 [1/1] (1.73ns)   --->   "%add_ln492 = add i11 %zext_ln483_2, i11 1" [C:/github/zybo_z7_cam_rpi_v2_5mp_hdmi/zybo_z7_imx219/zybo_z7_imx219.runs/design_1_v_demosaic_0_0_synth_1/prj/sol/.autopilot/db/v_demosaic.cpp:492]   --->   Operation 531 'add' 'add_ln492' <Predicate = (icmp_ln439)> <Delay = 1.73> <CoreInst = "Adder">   --->   Core 1 'Adder' <Latency = 0> <II = 1> <Delay = 1.63> <FuncUnit> <Opcode : 'add' 'sub'> <InPorts = 2> <OutPorts = 1>
ST_6 : Operation 532 [1/1] (0.00ns)   --->   "%zext_ln492 = zext i11 %add_ln492" [C:/github/zybo_z7_cam_rpi_v2_5mp_hdmi/zybo_z7_imx219/zybo_z7_imx219.runs/design_1_v_demosaic_0_0_synth_1/prj/sol/.autopilot/db/v_demosaic.cpp:492]   --->   Operation 532 'zext' 'zext_ln492' <Predicate = (icmp_ln439)> <Delay = 0.00>
ST_6 : Operation 533 [1/1] (1.67ns)   --->   "%add_ln492_1 = add i13 %zext_ln492, i13 %var" [C:/github/zybo_z7_cam_rpi_v2_5mp_hdmi/zybo_z7_imx219/zybo_z7_imx219.runs/design_1_v_demosaic_0_0_synth_1/prj/sol/.autopilot/db/v_demosaic.cpp:492]   --->   Operation 533 'add' 'add_ln492_1' <Predicate = (icmp_ln439)> <Delay = 1.67> <CoreInst = "Adder">   --->   Core 1 'Adder' <Latency = 0> <II = 1> <Delay = 1.67> <FuncUnit> <Opcode : 'add' 'sub'> <InPorts = 2> <OutPorts = 1>
ST_6 : Operation 534 [1/1] (0.00ns)   --->   "%lshr_ln = partselect i10 @_ssdm_op_PartSelect.i10.i13.i32.i32, i13 %add_ln492_1, i32 3, i32 12" [C:/github/zybo_z7_cam_rpi_v2_5mp_hdmi/zybo_z7_imx219/zybo_z7_imx219.runs/design_1_v_demosaic_0_0_synth_1/prj/sol/.autopilot/db/v_demosaic.cpp:492]   --->   Operation 534 'partselect' 'lshr_ln' <Predicate = (icmp_ln439)> <Delay = 0.00>
ST_6 : Operation 535 [1/1] (0.00ns)   --->   "%zext_ln493 = zext i10 %lshr_ln" [C:/github/zybo_z7_cam_rpi_v2_5mp_hdmi/zybo_z7_imx219/zybo_z7_imx219.runs/design_1_v_demosaic_0_0_synth_1/prj/sol/.autopilot/db/v_demosaic.cpp:493]   --->   Operation 535 'zext' 'zext_ln493' <Predicate = (icmp_ln439)> <Delay = 0.00>
ST_6 : Operation 536 [1/1] (0.00ns)   --->   "%DIV1_TABLE_addr = getelementptr i10 %DIV1_TABLE, i64 0, i64 %zext_ln493" [C:/github/zybo_z7_cam_rpi_v2_5mp_hdmi/zybo_z7_imx219/zybo_z7_imx219.runs/design_1_v_demosaic_0_0_synth_1/prj/sol/.autopilot/db/v_demosaic.cpp:493]   --->   Operation 536 'getelementptr' 'DIV1_TABLE_addr' <Predicate = (icmp_ln439)> <Delay = 0.00>
ST_6 : Operation 537 [2/2] (3.25ns)   --->   "%DIV1_TABLE_load = load i10 %DIV1_TABLE_addr" [C:/github/zybo_z7_cam_rpi_v2_5mp_hdmi/zybo_z7_imx219/zybo_z7_imx219.runs/design_1_v_demosaic_0_0_synth_1/prj/sol/.autopilot/db/v_demosaic.cpp:493]   --->   Operation 537 'load' 'DIV1_TABLE_load' <Predicate = (icmp_ln439)> <Delay = 3.25> <CoreInst = "ROM">   --->   Core 94 'ROM' <Latency = 1> <II = 1> <Delay = 3.25> <Storage> <Opcode : 'load'> <Ports = 0> <Width = 10> <Depth = 1024> <ROM>
ST_6 : Operation 538 [1/1] (1.73ns)   --->   "%add_ln492_2 = add i11 %zext_ln484_2, i11 1" [C:/github/zybo_z7_cam_rpi_v2_5mp_hdmi/zybo_z7_imx219/zybo_z7_imx219.runs/design_1_v_demosaic_0_0_synth_1/prj/sol/.autopilot/db/v_demosaic.cpp:492]   --->   Operation 538 'add' 'add_ln492_2' <Predicate = (icmp_ln439)> <Delay = 1.73> <CoreInst = "Adder">   --->   Core 1 'Adder' <Latency = 0> <II = 1> <Delay = 1.63> <FuncUnit> <Opcode : 'add' 'sub'> <InPorts = 2> <OutPorts = 1>
ST_6 : Operation 539 [1/1] (0.00ns)   --->   "%zext_ln492_1 = zext i11 %add_ln492_2" [C:/github/zybo_z7_cam_rpi_v2_5mp_hdmi/zybo_z7_imx219/zybo_z7_imx219.runs/design_1_v_demosaic_0_0_synth_1/prj/sol/.autopilot/db/v_demosaic.cpp:492]   --->   Operation 539 'zext' 'zext_ln492_1' <Predicate = (icmp_ln439)> <Delay = 0.00>
ST_6 : Operation 540 [1/1] (1.67ns)   --->   "%add_ln492_3 = add i13 %zext_ln492_1, i13 %var_1" [C:/github/zybo_z7_cam_rpi_v2_5mp_hdmi/zybo_z7_imx219/zybo_z7_imx219.runs/design_1_v_demosaic_0_0_synth_1/prj/sol/.autopilot/db/v_demosaic.cpp:492]   --->   Operation 540 'add' 'add_ln492_3' <Predicate = (icmp_ln439)> <Delay = 1.67> <CoreInst = "Adder">   --->   Core 1 'Adder' <Latency = 0> <II = 1> <Delay = 1.67> <FuncUnit> <Opcode : 'add' 'sub'> <InPorts = 2> <OutPorts = 1>
ST_6 : Operation 541 [1/1] (0.00ns)   --->   "%lshr_ln492_1 = partselect i10 @_ssdm_op_PartSelect.i10.i13.i32.i32, i13 %add_ln492_3, i32 3, i32 12" [C:/github/zybo_z7_cam_rpi_v2_5mp_hdmi/zybo_z7_imx219/zybo_z7_imx219.runs/design_1_v_demosaic_0_0_synth_1/prj/sol/.autopilot/db/v_demosaic.cpp:492]   --->   Operation 541 'partselect' 'lshr_ln492_1' <Predicate = (icmp_ln439)> <Delay = 0.00>
ST_6 : Operation 542 [1/1] (0.00ns)   --->   "%zext_ln493_1 = zext i10 %lshr_ln492_1" [C:/github/zybo_z7_cam_rpi_v2_5mp_hdmi/zybo_z7_imx219/zybo_z7_imx219.runs/design_1_v_demosaic_0_0_synth_1/prj/sol/.autopilot/db/v_demosaic.cpp:493]   --->   Operation 542 'zext' 'zext_ln493_1' <Predicate = (icmp_ln439)> <Delay = 0.00>
ST_6 : Operation 543 [1/1] (0.00ns)   --->   "%DIV1_TABLE_addr_1 = getelementptr i10 %DIV1_TABLE, i64 0, i64 %zext_ln493_1" [C:/github/zybo_z7_cam_rpi_v2_5mp_hdmi/zybo_z7_imx219/zybo_z7_imx219.runs/design_1_v_demosaic_0_0_synth_1/prj/sol/.autopilot/db/v_demosaic.cpp:493]   --->   Operation 543 'getelementptr' 'DIV1_TABLE_addr_1' <Predicate = (icmp_ln439)> <Delay = 0.00>
ST_6 : Operation 544 [2/2] (3.25ns)   --->   "%DIV1_TABLE_load_1 = load i10 %DIV1_TABLE_addr_1" [C:/github/zybo_z7_cam_rpi_v2_5mp_hdmi/zybo_z7_imx219/zybo_z7_imx219.runs/design_1_v_demosaic_0_0_synth_1/prj/sol/.autopilot/db/v_demosaic.cpp:493]   --->   Operation 544 'load' 'DIV1_TABLE_load_1' <Predicate = (icmp_ln439)> <Delay = 3.25> <CoreInst = "ROM">   --->   Core 94 'ROM' <Latency = 1> <II = 1> <Delay = 3.25> <Storage> <Opcode : 'load'> <Ports = 0> <Width = 10> <Depth = 1024> <ROM>
ST_6 : Operation 545 [1/1] (1.67ns)   --->   "%add_ln492_4 = add i13 %zext_ln492_1, i13 %var_2" [C:/github/zybo_z7_cam_rpi_v2_5mp_hdmi/zybo_z7_imx219/zybo_z7_imx219.runs/design_1_v_demosaic_0_0_synth_1/prj/sol/.autopilot/db/v_demosaic.cpp:492]   --->   Operation 545 'add' 'add_ln492_4' <Predicate = (icmp_ln439)> <Delay = 1.67> <CoreInst = "Adder">   --->   Core 1 'Adder' <Latency = 0> <II = 1> <Delay = 1.67> <FuncUnit> <Opcode : 'add' 'sub'> <InPorts = 2> <OutPorts = 1>
ST_6 : Operation 546 [1/1] (0.00ns)   --->   "%lshr_ln492_2 = partselect i10 @_ssdm_op_PartSelect.i10.i13.i32.i32, i13 %add_ln492_4, i32 3, i32 12" [C:/github/zybo_z7_cam_rpi_v2_5mp_hdmi/zybo_z7_imx219/zybo_z7_imx219.runs/design_1_v_demosaic_0_0_synth_1/prj/sol/.autopilot/db/v_demosaic.cpp:492]   --->   Operation 546 'partselect' 'lshr_ln492_2' <Predicate = (icmp_ln439)> <Delay = 0.00>
ST_6 : Operation 547 [1/1] (0.00ns)   --->   "%zext_ln493_2 = zext i10 %lshr_ln492_2" [C:/github/zybo_z7_cam_rpi_v2_5mp_hdmi/zybo_z7_imx219/zybo_z7_imx219.runs/design_1_v_demosaic_0_0_synth_1/prj/sol/.autopilot/db/v_demosaic.cpp:493]   --->   Operation 547 'zext' 'zext_ln493_2' <Predicate = (icmp_ln439)> <Delay = 0.00>
ST_6 : Operation 548 [1/1] (0.00ns)   --->   "%DIV1_TABLE_addr_2 = getelementptr i10 %DIV1_TABLE, i64 0, i64 %zext_ln493_2" [C:/github/zybo_z7_cam_rpi_v2_5mp_hdmi/zybo_z7_imx219/zybo_z7_imx219.runs/design_1_v_demosaic_0_0_synth_1/prj/sol/.autopilot/db/v_demosaic.cpp:493]   --->   Operation 548 'getelementptr' 'DIV1_TABLE_addr_2' <Predicate = (icmp_ln439)> <Delay = 0.00>
ST_6 : Operation 549 [2/2] (3.25ns)   --->   "%DIV1_TABLE_load_2 = load i10 %DIV1_TABLE_addr_2" [C:/github/zybo_z7_cam_rpi_v2_5mp_hdmi/zybo_z7_imx219/zybo_z7_imx219.runs/design_1_v_demosaic_0_0_synth_1/prj/sol/.autopilot/db/v_demosaic.cpp:493]   --->   Operation 549 'load' 'DIV1_TABLE_load_2' <Predicate = (icmp_ln439)> <Delay = 3.25> <CoreInst = "ROM">   --->   Core 94 'ROM' <Latency = 1> <II = 1> <Delay = 3.25> <Storage> <Opcode : 'load'> <Ports = 0> <Width = 10> <Depth = 1024> <ROM>
ST_6 : Operation 550 [1/1] (1.67ns)   --->   "%add_ln492_5 = add i13 %zext_ln492, i13 %var_3" [C:/github/zybo_z7_cam_rpi_v2_5mp_hdmi/zybo_z7_imx219/zybo_z7_imx219.runs/design_1_v_demosaic_0_0_synth_1/prj/sol/.autopilot/db/v_demosaic.cpp:492]   --->   Operation 550 'add' 'add_ln492_5' <Predicate = (icmp_ln439)> <Delay = 1.67> <CoreInst = "Adder">   --->   Core 1 'Adder' <Latency = 0> <II = 1> <Delay = 1.67> <FuncUnit> <Opcode : 'add' 'sub'> <InPorts = 2> <OutPorts = 1>
ST_6 : Operation 551 [1/1] (0.00ns)   --->   "%lshr_ln492_3 = partselect i10 @_ssdm_op_PartSelect.i10.i13.i32.i32, i13 %add_ln492_5, i32 3, i32 12" [C:/github/zybo_z7_cam_rpi_v2_5mp_hdmi/zybo_z7_imx219/zybo_z7_imx219.runs/design_1_v_demosaic_0_0_synth_1/prj/sol/.autopilot/db/v_demosaic.cpp:492]   --->   Operation 551 'partselect' 'lshr_ln492_3' <Predicate = (icmp_ln439)> <Delay = 0.00>
ST_6 : Operation 552 [1/1] (0.00ns)   --->   "%zext_ln493_3 = zext i10 %lshr_ln492_3" [C:/github/zybo_z7_cam_rpi_v2_5mp_hdmi/zybo_z7_imx219/zybo_z7_imx219.runs/design_1_v_demosaic_0_0_synth_1/prj/sol/.autopilot/db/v_demosaic.cpp:493]   --->   Operation 552 'zext' 'zext_ln493_3' <Predicate = (icmp_ln439)> <Delay = 0.00>
ST_6 : Operation 553 [1/1] (0.00ns)   --->   "%DIV1_TABLE_addr_3 = getelementptr i10 %DIV1_TABLE, i64 0, i64 %zext_ln493_3" [C:/github/zybo_z7_cam_rpi_v2_5mp_hdmi/zybo_z7_imx219/zybo_z7_imx219.runs/design_1_v_demosaic_0_0_synth_1/prj/sol/.autopilot/db/v_demosaic.cpp:493]   --->   Operation 553 'getelementptr' 'DIV1_TABLE_addr_3' <Predicate = (icmp_ln439)> <Delay = 0.00>
ST_6 : Operation 554 [2/2] (3.25ns)   --->   "%DIV1_TABLE_load_3 = load i10 %DIV1_TABLE_addr_3" [C:/github/zybo_z7_cam_rpi_v2_5mp_hdmi/zybo_z7_imx219/zybo_z7_imx219.runs/design_1_v_demosaic_0_0_synth_1/prj/sol/.autopilot/db/v_demosaic.cpp:493]   --->   Operation 554 'load' 'DIV1_TABLE_load_3' <Predicate = (icmp_ln439)> <Delay = 3.25> <CoreInst = "ROM">   --->   Core 94 'ROM' <Latency = 1> <II = 1> <Delay = 3.25> <Storage> <Opcode : 'load'> <Ports = 0> <Width = 10> <Depth = 1024> <ROM>

State 7 <SV = 6> <Delay = 5.16>
ST_7 : Operation 555 [1/2] ( I:3.25ns O:3.25ns )   --->   "%DIV1_TABLE_load = load i10 %DIV1_TABLE_addr" [C:/github/zybo_z7_cam_rpi_v2_5mp_hdmi/zybo_z7_imx219/zybo_z7_imx219.runs/design_1_v_demosaic_0_0_synth_1/prj/sol/.autopilot/db/v_demosaic.cpp:493]   --->   Operation 555 'load' 'DIV1_TABLE_load' <Predicate = (icmp_ln439)> <Delay = 3.25> <CoreInst = "ROM">   --->   Core 94 'ROM' <Latency = 1> <II = 1> <Delay = 3.25> <Storage> <Opcode : 'load'> <Ports = 0> <Width = 10> <Depth = 1024> <ROM>
ST_7 : Operation 556 [1/1] (0.00ns)   --->   "%sw = partselect i9 @_ssdm_op_PartSelect.i9.i10.i32.i32, i10 %DIV1_TABLE_load, i32 1, i32 9" [C:/github/zybo_z7_cam_rpi_v2_5mp_hdmi/zybo_z7_imx219/zybo_z7_imx219.runs/design_1_v_demosaic_0_0_synth_1/prj/sol/.autopilot/db/v_demosaic.cpp:494]   --->   Operation 556 'partselect' 'sw' <Predicate = (icmp_ln439)> <Delay = 0.00>
ST_7 : Operation 557 [1/2] ( I:3.25ns O:3.25ns )   --->   "%DIV1_TABLE_load_1 = load i10 %DIV1_TABLE_addr_1" [C:/github/zybo_z7_cam_rpi_v2_5mp_hdmi/zybo_z7_imx219/zybo_z7_imx219.runs/design_1_v_demosaic_0_0_synth_1/prj/sol/.autopilot/db/v_demosaic.cpp:493]   --->   Operation 557 'load' 'DIV1_TABLE_load_1' <Predicate = (icmp_ln439)> <Delay = 3.25> <CoreInst = "ROM">   --->   Core 94 'ROM' <Latency = 1> <II = 1> <Delay = 3.25> <Storage> <Opcode : 'load'> <Ports = 0> <Width = 10> <Depth = 1024> <ROM>
ST_7 : Operation 558 [1/1] (0.00ns)   --->   "%lshr_ln1 = partselect i8 @_ssdm_op_PartSelect.i8.i10.i32.i32, i10 %DIV1_TABLE_load_1, i32 2, i32 9" [C:/github/zybo_z7_cam_rpi_v2_5mp_hdmi/zybo_z7_imx219/zybo_z7_imx219.runs/design_1_v_demosaic_0_0_synth_1/prj/sol/.autopilot/db/v_demosaic.cpp:494]   --->   Operation 558 'partselect' 'lshr_ln1' <Predicate = (icmp_ln439)> <Delay = 0.00>
ST_7 : Operation 559 [1/1] (0.00ns)   --->   "%zext_ln492_2 = zext i8 %lshr_ln1" [C:/github/zybo_z7_cam_rpi_v2_5mp_hdmi/zybo_z7_imx219/zybo_z7_imx219.runs/design_1_v_demosaic_0_0_synth_1/prj/sol/.autopilot/db/v_demosaic.cpp:492]   --->   Operation 559 'zext' 'zext_ln492_2' <Predicate = (icmp_ln439)> <Delay = 0.00>
ST_7 : Operation 560 [1/2] ( I:3.25ns O:3.25ns )   --->   "%DIV1_TABLE_load_2 = load i10 %DIV1_TABLE_addr_2" [C:/github/zybo_z7_cam_rpi_v2_5mp_hdmi/zybo_z7_imx219/zybo_z7_imx219.runs/design_1_v_demosaic_0_0_synth_1/prj/sol/.autopilot/db/v_demosaic.cpp:493]   --->   Operation 560 'load' 'DIV1_TABLE_load_2' <Predicate = (icmp_ln439)> <Delay = 3.25> <CoreInst = "ROM">   --->   Core 94 'ROM' <Latency = 1> <II = 1> <Delay = 3.25> <Storage> <Opcode : 'load'> <Ports = 0> <Width = 10> <Depth = 1024> <ROM>
ST_7 : Operation 561 [1/1] (0.00ns)   --->   "%lshr_ln494_1 = partselect i8 @_ssdm_op_PartSelect.i8.i10.i32.i32, i10 %DIV1_TABLE_load_2, i32 2, i32 9" [C:/github/zybo_z7_cam_rpi_v2_5mp_hdmi/zybo_z7_imx219/zybo_z7_imx219.runs/design_1_v_demosaic_0_0_synth_1/prj/sol/.autopilot/db/v_demosaic.cpp:494]   --->   Operation 561 'partselect' 'lshr_ln494_1' <Predicate = (icmp_ln439)> <Delay = 0.00>
ST_7 : Operation 562 [1/1] (0.00ns)   --->   "%zext_ln492_3 = zext i8 %lshr_ln494_1" [C:/github/zybo_z7_cam_rpi_v2_5mp_hdmi/zybo_z7_imx219/zybo_z7_imx219.runs/design_1_v_demosaic_0_0_synth_1/prj/sol/.autopilot/db/v_demosaic.cpp:492]   --->   Operation 562 'zext' 'zext_ln492_3' <Predicate = (icmp_ln439)> <Delay = 0.00>
ST_7 : Operation 563 [1/2] ( I:3.25ns O:3.25ns )   --->   "%DIV1_TABLE_load_3 = load i10 %DIV1_TABLE_addr_3" [C:/github/zybo_z7_cam_rpi_v2_5mp_hdmi/zybo_z7_imx219/zybo_z7_imx219.runs/design_1_v_demosaic_0_0_synth_1/prj/sol/.autopilot/db/v_demosaic.cpp:493]   --->   Operation 563 'load' 'DIV1_TABLE_load_3' <Predicate = (icmp_ln439)> <Delay = 3.25> <CoreInst = "ROM">   --->   Core 94 'ROM' <Latency = 1> <II = 1> <Delay = 3.25> <Storage> <Opcode : 'load'> <Ports = 0> <Width = 10> <Depth = 1024> <ROM>
ST_7 : Operation 564 [1/1] (0.00ns)   --->   "%lshr_ln494_2 = partselect i9 @_ssdm_op_PartSelect.i9.i10.i32.i32, i10 %DIV1_TABLE_load_3, i32 1, i32 9" [C:/github/zybo_z7_cam_rpi_v2_5mp_hdmi/zybo_z7_imx219/zybo_z7_imx219.runs/design_1_v_demosaic_0_0_synth_1/prj/sol/.autopilot/db/v_demosaic.cpp:494]   --->   Operation 564 'partselect' 'lshr_ln494_2' <Predicate = (icmp_ln439)> <Delay = 0.00>
ST_7 : Operation 565 [1/1] (1.91ns)   --->   "%add_ln495 = add i9 %zext_ln492_2, i9 %zext_ln492_3" [C:/github/zybo_z7_cam_rpi_v2_5mp_hdmi/zybo_z7_imx219/zybo_z7_imx219.runs/design_1_v_demosaic_0_0_synth_1/prj/sol/.autopilot/db/v_demosaic.cpp:495]   --->   Operation 565 'add' 'add_ln495' <Predicate = (icmp_ln439)> <Delay = 1.91> <CoreInst = "Adder">   --->   Core 1 'Adder' <Latency = 0> <II = 1> <Delay = 1.82> <FuncUnit> <Opcode : 'add' 'sub'> <InPorts = 2> <OutPorts = 1>

State 8 <SV = 7> <Delay = 6.80>
ST_8 : Operation 566 [1/1] (0.00ns)   --->   "%zext_ln494 = zext i9 %sw" [C:/github/zybo_z7_cam_rpi_v2_5mp_hdmi/zybo_z7_imx219/zybo_z7_imx219.runs/design_1_v_demosaic_0_0_synth_1/prj/sol/.autopilot/db/v_demosaic.cpp:494]   --->   Operation 566 'zext' 'zext_ln494' <Predicate = (icmp_ln439)> <Delay = 0.00>
ST_8 : Operation 567 [1/1] (0.00ns)   --->   "%zext_ln495 = zext i9 %lshr_ln494_2" [C:/github/zybo_z7_cam_rpi_v2_5mp_hdmi/zybo_z7_imx219/zybo_z7_imx219.runs/design_1_v_demosaic_0_0_synth_1/prj/sol/.autopilot/db/v_demosaic.cpp:495]   --->   Operation 567 'zext' 'zext_ln495' <Predicate = (icmp_ln439)> <Delay = 0.00>
ST_8 : Operation 568 [1/1] (0.00ns)   --->   "%zext_ln495_2 = zext i9 %add_ln495" [C:/github/zybo_z7_cam_rpi_v2_5mp_hdmi/zybo_z7_imx219/zybo_z7_imx219.runs/design_1_v_demosaic_0_0_synth_1/prj/sol/.autopilot/db/v_demosaic.cpp:495]   --->   Operation 568 'zext' 'zext_ln495_2' <Predicate = (icmp_ln439)> <Delay = 0.00>
ST_8 : Operation 569 [1/1] (1.82ns)   --->   "%add_ln495_1 = add i10 %zext_ln495_2, i10 %zext_ln494" [C:/github/zybo_z7_cam_rpi_v2_5mp_hdmi/zybo_z7_imx219/zybo_z7_imx219.runs/design_1_v_demosaic_0_0_synth_1/prj/sol/.autopilot/db/v_demosaic.cpp:495]   --->   Operation 569 'add' 'add_ln495_1' <Predicate = (icmp_ln439)> <Delay = 1.82> <CoreInst = "Adder">   --->   Core 1 'Adder' <Latency = 0> <II = 1> <Delay = 1.73> <FuncUnit> <Opcode : 'add' 'sub'> <InPorts = 2> <OutPorts = 1>
ST_8 : Operation 570 [1/1] (0.00ns)   --->   "%zext_ln495_1 = zext i10 %add_ln495_1" [C:/github/zybo_z7_cam_rpi_v2_5mp_hdmi/zybo_z7_imx219/zybo_z7_imx219.runs/design_1_v_demosaic_0_0_synth_1/prj/sol/.autopilot/db/v_demosaic.cpp:495]   --->   Operation 570 'zext' 'zext_ln495_1' <Predicate = (icmp_ln439)> <Delay = 0.00>
ST_8 : Operation 571 [1/1] (1.73ns)   --->   "%sw_1 = add i11 %zext_ln495_1, i11 %zext_ln495" [C:/github/zybo_z7_cam_rpi_v2_5mp_hdmi/zybo_z7_imx219/zybo_z7_imx219.runs/design_1_v_demosaic_0_0_synth_1/prj/sol/.autopilot/db/v_demosaic.cpp:495]   --->   Operation 571 'add' 'sw_1' <Predicate = (icmp_ln439)> <Delay = 1.73> <CoreInst = "Adder">   --->   Core 1 'Adder' <Latency = 0> <II = 1> <Delay = 1.63> <FuncUnit> <Opcode : 'add' 'sub'> <InPorts = 2> <OutPorts = 1>
ST_8 : Operation 572 [1/1] (0.00ns)   --->   "%zext_ln497 = zext i11 %sw_1" [C:/github/zybo_z7_cam_rpi_v2_5mp_hdmi/zybo_z7_imx219/zybo_z7_imx219.runs/design_1_v_demosaic_0_0_synth_1/prj/sol/.autopilot/db/v_demosaic.cpp:497]   --->   Operation 572 'zext' 'zext_ln497' <Predicate = (icmp_ln439)> <Delay = 0.00>
ST_8 : Operation 573 [1/1] (0.00ns)   --->   "%DIV2_TABLE_addr = getelementptr i18 %DIV2_TABLE, i64 0, i64 %zext_ln497" [C:/github/zybo_z7_cam_rpi_v2_5mp_hdmi/zybo_z7_imx219/zybo_z7_imx219.runs/design_1_v_demosaic_0_0_synth_1/prj/sol/.autopilot/db/v_demosaic.cpp:497]   --->   Operation 573 'getelementptr' 'DIV2_TABLE_addr' <Predicate = (icmp_ln439)> <Delay = 0.00>
ST_8 : Operation 574 [2/2] (3.25ns)   --->   "%norm = load i12 %DIV2_TABLE_addr" [C:/github/zybo_z7_cam_rpi_v2_5mp_hdmi/zybo_z7_imx219/zybo_z7_imx219.runs/design_1_v_demosaic_0_0_synth_1/prj/sol/.autopilot/db/v_demosaic.cpp:497]   --->   Operation 574 'load' 'norm' <Predicate = (icmp_ln439)> <Delay = 3.25> <CoreInst = "ROM">   --->   Core 94 'ROM' <Latency = 1> <II = 1> <Delay = 3.25> <Storage> <Opcode : 'load'> <Ports = 0> <Width = 18> <Depth = 4096> <ROM>

State 9 <SV = 8> <Delay = 3.25>
ST_9 : Operation 575 [1/2] ( I:3.25ns O:3.25ns )   --->   "%norm = load i12 %DIV2_TABLE_addr" [C:/github/zybo_z7_cam_rpi_v2_5mp_hdmi/zybo_z7_imx219/zybo_z7_imx219.runs/design_1_v_demosaic_0_0_synth_1/prj/sol/.autopilot/db/v_demosaic.cpp:497]   --->   Operation 575 'load' 'norm' <Predicate = (icmp_ln439)> <Delay = 3.25> <CoreInst = "ROM">   --->   Core 94 'ROM' <Latency = 1> <II = 1> <Delay = 3.25> <Storage> <Opcode : 'load'> <Ports = 0> <Width = 18> <Depth = 4096> <ROM>

State 10 <SV = 9> <Delay = 6.64>
ST_10 : Operation 576 [1/1] (0.00ns)   --->   "%sext_ln472 = sext i14 %ave" [C:/github/zybo_z7_cam_rpi_v2_5mp_hdmi/zybo_z7_imx219/zybo_z7_imx219.runs/design_1_v_demosaic_0_0_synth_1/prj/sol/.autopilot/db/v_demosaic.cpp:472]   --->   Operation 576 'sext' 'sext_ln472' <Predicate = (icmp_ln439)> <Delay = 0.00>
ST_10 : Operation 577 [1/1] (0.00ns)   --->   "%sext_ln472_3 = sext i14 %ave_3" [C:/github/zybo_z7_cam_rpi_v2_5mp_hdmi/zybo_z7_imx219/zybo_z7_imx219.runs/design_1_v_demosaic_0_0_synth_1/prj/sol/.autopilot/db/v_demosaic.cpp:472]   --->   Operation 577 'sext' 'sext_ln472_3' <Predicate = (icmp_ln439)> <Delay = 0.00>
ST_10 : Operation 578 [1/1] (0.00ns)   --->   "%zext_ln501 = zext i9 %sw" [C:/github/zybo_z7_cam_rpi_v2_5mp_hdmi/zybo_z7_imx219/zybo_z7_imx219.runs/design_1_v_demosaic_0_0_synth_1/prj/sol/.autopilot/db/v_demosaic.cpp:501]   --->   Operation 578 'zext' 'zext_ln501' <Predicate = (icmp_ln439)> <Delay = 0.00>
ST_10 : Operation 579 [1/1] (5.59ns)   --->   "%mul_ln501 = mul i18 %norm, i18 %zext_ln501" [C:/github/zybo_z7_cam_rpi_v2_5mp_hdmi/zybo_z7_imx219/zybo_z7_imx219.runs/design_1_v_demosaic_0_0_synth_1/prj/sol/.autopilot/db/v_demosaic.cpp:501]   --->   Operation 579 'mul' 'mul_ln501' <Predicate = (icmp_ln439)> <Delay = 5.59> <CoreInst = "Multiplier">   --->   Core 3 'Multiplier' <Latency = 0> <II = 1> <Delay = 5.59> <FuncUnit> <Opcode : 'mul'> <InPorts = 2> <OutPorts = 1>
ST_10 : Operation 580 [1/1] (0.00ns)   --->   "%lshr_ln2 = partselect i10 @_ssdm_op_PartSelect.i10.i18.i32.i32, i18 %mul_ln501, i32 8, i32 17" [C:/github/zybo_z7_cam_rpi_v2_5mp_hdmi/zybo_z7_imx219/zybo_z7_imx219.runs/design_1_v_demosaic_0_0_synth_1/prj/sol/.autopilot/db/v_demosaic.cpp:501]   --->   Operation 580 'partselect' 'lshr_ln2' <Predicate = (icmp_ln439)> <Delay = 0.00>
ST_10 : Operation 581 [1/1] (0.00ns)   --->   "%zext_ln501_1 = zext i8 %lshr_ln1" [C:/github/zybo_z7_cam_rpi_v2_5mp_hdmi/zybo_z7_imx219/zybo_z7_imx219.runs/design_1_v_demosaic_0_0_synth_1/prj/sol/.autopilot/db/v_demosaic.cpp:501]   --->   Operation 581 'zext' 'zext_ln501_1' <Predicate = (icmp_ln439)> <Delay = 0.00>
ST_10 : Operation 582 [1/1] (5.59ns)   --->   "%mul_ln501_1 = mul i18 %norm, i18 %zext_ln501_1" [C:/github/zybo_z7_cam_rpi_v2_5mp_hdmi/zybo_z7_imx219/zybo_z7_imx219.runs/design_1_v_demosaic_0_0_synth_1/prj/sol/.autopilot/db/v_demosaic.cpp:501]   --->   Operation 582 'mul' 'mul_ln501_1' <Predicate = (icmp_ln439)> <Delay = 5.59> <CoreInst = "Multiplier">   --->   Core 3 'Multiplier' <Latency = 0> <II = 1> <Delay = 5.59> <FuncUnit> <Opcode : 'mul'> <InPorts = 2> <OutPorts = 1>
ST_10 : Operation 583 [1/1] (0.00ns)   --->   "%lshr_ln501_1 = partselect i10 @_ssdm_op_PartSelect.i10.i18.i32.i32, i18 %mul_ln501_1, i32 8, i32 17" [C:/github/zybo_z7_cam_rpi_v2_5mp_hdmi/zybo_z7_imx219/zybo_z7_imx219.runs/design_1_v_demosaic_0_0_synth_1/prj/sol/.autopilot/db/v_demosaic.cpp:501]   --->   Operation 583 'partselect' 'lshr_ln501_1' <Predicate = (icmp_ln439)> <Delay = 0.00>
ST_10 : Operation 584 [1/1] (0.00ns)   --->   "%zext_ln501_2 = zext i8 %lshr_ln494_1" [C:/github/zybo_z7_cam_rpi_v2_5mp_hdmi/zybo_z7_imx219/zybo_z7_imx219.runs/design_1_v_demosaic_0_0_synth_1/prj/sol/.autopilot/db/v_demosaic.cpp:501]   --->   Operation 584 'zext' 'zext_ln501_2' <Predicate = (icmp_ln439)> <Delay = 0.00>
ST_10 : Operation 585 [1/1] (5.59ns)   --->   "%mul_ln501_2 = mul i18 %norm, i18 %zext_ln501_2" [C:/github/zybo_z7_cam_rpi_v2_5mp_hdmi/zybo_z7_imx219/zybo_z7_imx219.runs/design_1_v_demosaic_0_0_synth_1/prj/sol/.autopilot/db/v_demosaic.cpp:501]   --->   Operation 585 'mul' 'mul_ln501_2' <Predicate = (icmp_ln439)> <Delay = 5.59> <CoreInst = "Multiplier">   --->   Core 3 'Multiplier' <Latency = 0> <II = 1> <Delay = 5.59> <FuncUnit> <Opcode : 'mul'> <InPorts = 2> <OutPorts = 1>
ST_10 : Operation 586 [1/1] (0.00ns)   --->   "%lshr_ln501_2 = partselect i10 @_ssdm_op_PartSelect.i10.i18.i32.i32, i18 %mul_ln501_2, i32 8, i32 17" [C:/github/zybo_z7_cam_rpi_v2_5mp_hdmi/zybo_z7_imx219/zybo_z7_imx219.runs/design_1_v_demosaic_0_0_synth_1/prj/sol/.autopilot/db/v_demosaic.cpp:501]   --->   Operation 586 'partselect' 'lshr_ln501_2' <Predicate = (icmp_ln439)> <Delay = 0.00>
ST_10 : Operation 587 [1/1] (0.00ns)   --->   "%zext_ln501_3 = zext i9 %lshr_ln494_2" [C:/github/zybo_z7_cam_rpi_v2_5mp_hdmi/zybo_z7_imx219/zybo_z7_imx219.runs/design_1_v_demosaic_0_0_synth_1/prj/sol/.autopilot/db/v_demosaic.cpp:501]   --->   Operation 587 'zext' 'zext_ln501_3' <Predicate = (icmp_ln439)> <Delay = 0.00>
ST_10 : Operation 588 [1/1] (5.59ns)   --->   "%mul_ln501_3 = mul i18 %norm, i18 %zext_ln501_3" [C:/github/zybo_z7_cam_rpi_v2_5mp_hdmi/zybo_z7_imx219/zybo_z7_imx219.runs/design_1_v_demosaic_0_0_synth_1/prj/sol/.autopilot/db/v_demosaic.cpp:501]   --->   Operation 588 'mul' 'mul_ln501_3' <Predicate = (icmp_ln439)> <Delay = 5.59> <CoreInst = "Multiplier">   --->   Core 3 'Multiplier' <Latency = 0> <II = 1> <Delay = 5.59> <FuncUnit> <Opcode : 'mul'> <InPorts = 2> <OutPorts = 1>
ST_10 : Operation 589 [1/1] (0.00ns)   --->   "%lshr_ln501_3 = partselect i10 @_ssdm_op_PartSelect.i10.i18.i32.i32, i18 %mul_ln501_3, i32 8, i32 17" [C:/github/zybo_z7_cam_rpi_v2_5mp_hdmi/zybo_z7_imx219/zybo_z7_imx219.runs/design_1_v_demosaic_0_0_synth_1/prj/sol/.autopilot/db/v_demosaic.cpp:501]   --->   Operation 589 'partselect' 'lshr_ln501_3' <Predicate = (icmp_ln439)> <Delay = 0.00>
ST_10 : Operation 590 [1/1] (0.00ns)   --->   "%zext_ln504 = zext i10 %lshr_ln501_3" [C:/github/zybo_z7_cam_rpi_v2_5mp_hdmi/zybo_z7_imx219/zybo_z7_imx219.runs/design_1_v_demosaic_0_0_synth_1/prj/sol/.autopilot/db/v_demosaic.cpp:504]   --->   Operation 590 'zext' 'zext_ln504' <Predicate = (icmp_ln439)> <Delay = 0.00>
ST_10 : Operation 591 [1/1] (0.00ns)   --->   "%zext_ln504_2 = zext i10 %lshr_ln2" [C:/github/zybo_z7_cam_rpi_v2_5mp_hdmi/zybo_z7_imx219/zybo_z7_imx219.runs/design_1_v_demosaic_0_0_synth_1/prj/sol/.autopilot/db/v_demosaic.cpp:504]   --->   Operation 591 'zext' 'zext_ln504_2' <Predicate = (icmp_ln439)> <Delay = 0.00>
ST_10 : Operation 592 [3/3] (1.05ns) (grouped into DSP with root node add_ln504_1)   --->   "%mul_ln504 = mul i24 %sext_ln472_3, i24 %zext_ln504" [C:/github/zybo_z7_cam_rpi_v2_5mp_hdmi/zybo_z7_imx219/zybo_z7_imx219.runs/design_1_v_demosaic_0_0_synth_1/prj/sol/.autopilot/db/v_demosaic.cpp:504]   --->   Operation 592 'mul' 'mul_ln504' <Predicate = (icmp_ln439)> <Delay = 1.05> <CoreInst = "DSP48">   --->   Core 116 'DSP48' <Latency = 3> <II = 1> <Delay = 2.15> <IPBlock> <Opcode : 'add' 'sub' 'mul' 'select'> <InPorts = 0> <OutPorts = 1> <Sync> <CReg>
ST_10 : Operation 593 [3/3] (1.05ns) (grouped into DSP with root node add_ln504)   --->   "%mul_ln504_2 = mul i24 %sext_ln472, i24 %zext_ln504_2" [C:/github/zybo_z7_cam_rpi_v2_5mp_hdmi/zybo_z7_imx219/zybo_z7_imx219.runs/design_1_v_demosaic_0_0_synth_1/prj/sol/.autopilot/db/v_demosaic.cpp:504]   --->   Operation 593 'mul' 'mul_ln504_2' <Predicate = (icmp_ln439)> <Delay = 1.05> <CoreInst = "DSP48">   --->   Core 116 'DSP48' <Latency = 3> <II = 1> <Delay = 2.15> <IPBlock> <Opcode : 'add' 'sub' 'mul' 'select'> <InPorts = 0> <OutPorts = 1> <Sync> <CReg>

State 11 <SV = 10> <Delay = 5.60>
ST_11 : Operation 594 [1/1] (0.00ns)   --->   "%sext_ln472_1 = sext i14 %ave_1" [C:/github/zybo_z7_cam_rpi_v2_5mp_hdmi/zybo_z7_imx219/zybo_z7_imx219.runs/design_1_v_demosaic_0_0_synth_1/prj/sol/.autopilot/db/v_demosaic.cpp:472]   --->   Operation 594 'sext' 'sext_ln472_1' <Predicate = (icmp_ln439)> <Delay = 0.00>
ST_11 : Operation 595 [1/1] (0.00ns)   --->   "%sext_ln472_2 = sext i14 %ave_2" [C:/github/zybo_z7_cam_rpi_v2_5mp_hdmi/zybo_z7_imx219/zybo_z7_imx219.runs/design_1_v_demosaic_0_0_synth_1/prj/sol/.autopilot/db/v_demosaic.cpp:472]   --->   Operation 595 'sext' 'sext_ln472_2' <Predicate = (icmp_ln439)> <Delay = 0.00>
ST_11 : Operation 596 [1/1] (0.00ns)   --->   "%zext_ln504_1 = zext i10 %lshr_ln501_2" [C:/github/zybo_z7_cam_rpi_v2_5mp_hdmi/zybo_z7_imx219/zybo_z7_imx219.runs/design_1_v_demosaic_0_0_synth_1/prj/sol/.autopilot/db/v_demosaic.cpp:504]   --->   Operation 596 'zext' 'zext_ln504_1' <Predicate = (icmp_ln439)> <Delay = 0.00>
ST_11 : Operation 597 [1/1] (0.00ns)   --->   "%zext_ln504_3 = zext i10 %lshr_ln501_1" [C:/github/zybo_z7_cam_rpi_v2_5mp_hdmi/zybo_z7_imx219/zybo_z7_imx219.runs/design_1_v_demosaic_0_0_synth_1/prj/sol/.autopilot/db/v_demosaic.cpp:504]   --->   Operation 597 'zext' 'zext_ln504_3' <Predicate = (icmp_ln439)> <Delay = 0.00>
ST_11 : Operation 598 [2/3] (1.05ns) (grouped into DSP with root node add_ln504_1)   --->   "%mul_ln504 = mul i24 %sext_ln472_3, i24 %zext_ln504" [C:/github/zybo_z7_cam_rpi_v2_5mp_hdmi/zybo_z7_imx219/zybo_z7_imx219.runs/design_1_v_demosaic_0_0_synth_1/prj/sol/.autopilot/db/v_demosaic.cpp:504]   --->   Operation 598 'mul' 'mul_ln504' <Predicate = (icmp_ln439)> <Delay = 1.05> <CoreInst = "DSP48">   --->   Core 116 'DSP48' <Latency = 3> <II = 1> <Delay = 2.15> <IPBlock> <Opcode : 'add' 'sub' 'mul' 'select'> <InPorts = 0> <OutPorts = 1> <Sync> <CReg>
ST_11 : Operation 599 [1/1] (5.60ns)   --->   "%mul_ln504_1 = mul i24 %sext_ln472_2, i24 %zext_ln504_1" [C:/github/zybo_z7_cam_rpi_v2_5mp_hdmi/zybo_z7_imx219/zybo_z7_imx219.runs/design_1_v_demosaic_0_0_synth_1/prj/sol/.autopilot/db/v_demosaic.cpp:504]   --->   Operation 599 'mul' 'mul_ln504_1' <Predicate = (icmp_ln439)> <Delay = 5.60> <CoreInst = "Multiplier">   --->   Core 3 'Multiplier' <Latency = 0> <II = 1> <Delay = 5.60> <FuncUnit> <Opcode : 'mul'> <InPorts = 2> <OutPorts = 1>
ST_11 : Operation 600 [2/3] (1.05ns) (grouped into DSP with root node add_ln504)   --->   "%mul_ln504_2 = mul i24 %sext_ln472, i24 %zext_ln504_2" [C:/github/zybo_z7_cam_rpi_v2_5mp_hdmi/zybo_z7_imx219/zybo_z7_imx219.runs/design_1_v_demosaic_0_0_synth_1/prj/sol/.autopilot/db/v_demosaic.cpp:504]   --->   Operation 600 'mul' 'mul_ln504_2' <Predicate = (icmp_ln439)> <Delay = 1.05> <CoreInst = "DSP48">   --->   Core 116 'DSP48' <Latency = 3> <II = 1> <Delay = 2.15> <IPBlock> <Opcode : 'add' 'sub' 'mul' 'select'> <InPorts = 0> <OutPorts = 1> <Sync> <CReg>
ST_11 : Operation 601 [1/1] (5.60ns)   --->   "%mul_ln504_3 = mul i24 %sext_ln472_1, i24 %zext_ln504_3" [C:/github/zybo_z7_cam_rpi_v2_5mp_hdmi/zybo_z7_imx219/zybo_z7_imx219.runs/design_1_v_demosaic_0_0_synth_1/prj/sol/.autopilot/db/v_demosaic.cpp:504]   --->   Operation 601 'mul' 'mul_ln504_3' <Predicate = (icmp_ln439)> <Delay = 5.60> <CoreInst = "Multiplier">   --->   Core 3 'Multiplier' <Latency = 0> <II = 1> <Delay = 5.60> <FuncUnit> <Opcode : 'mul'> <InPorts = 2> <OutPorts = 1>

State 12 <SV = 11> <Delay = 2.10>
ST_12 : Operation 602 [1/3] (0.00ns) (grouped into DSP with root node add_ln504_1)   --->   "%mul_ln504 = mul i24 %sext_ln472_3, i24 %zext_ln504" [C:/github/zybo_z7_cam_rpi_v2_5mp_hdmi/zybo_z7_imx219/zybo_z7_imx219.runs/design_1_v_demosaic_0_0_synth_1/prj/sol/.autopilot/db/v_demosaic.cpp:504]   --->   Operation 602 'mul' 'mul_ln504' <Predicate = (icmp_ln439)> <Delay = 0.00> <CoreInst = "DSP48">   --->   Core 116 'DSP48' <Latency = 3> <II = 1> <Delay = 2.15> <IPBlock> <Opcode : 'add' 'sub' 'mul' 'select'> <InPorts = 0> <OutPorts = 1> <Sync> <CReg>
ST_12 : Operation 603 [1/1] (0.00ns) (grouped into DSP with root node add_ln504_1)   --->   "%sext_ln504 = sext i24 %mul_ln504" [C:/github/zybo_z7_cam_rpi_v2_5mp_hdmi/zybo_z7_imx219/zybo_z7_imx219.runs/design_1_v_demosaic_0_0_synth_1/prj/sol/.autopilot/db/v_demosaic.cpp:504]   --->   Operation 603 'sext' 'sext_ln504' <Predicate = (icmp_ln439)> <Delay = 0.00>
ST_12 : Operation 604 [1/1] (0.00ns)   --->   "%sext_ln504_1 = sext i24 %mul_ln504_1" [C:/github/zybo_z7_cam_rpi_v2_5mp_hdmi/zybo_z7_imx219/zybo_z7_imx219.runs/design_1_v_demosaic_0_0_synth_1/prj/sol/.autopilot/db/v_demosaic.cpp:504]   --->   Operation 604 'sext' 'sext_ln504_1' <Predicate = (icmp_ln439)> <Delay = 0.00>
ST_12 : Operation 605 [1/3] (0.00ns) (grouped into DSP with root node add_ln504)   --->   "%mul_ln504_2 = mul i24 %sext_ln472, i24 %zext_ln504_2" [C:/github/zybo_z7_cam_rpi_v2_5mp_hdmi/zybo_z7_imx219/zybo_z7_imx219.runs/design_1_v_demosaic_0_0_synth_1/prj/sol/.autopilot/db/v_demosaic.cpp:504]   --->   Operation 605 'mul' 'mul_ln504_2' <Predicate = (icmp_ln439)> <Delay = 0.00> <CoreInst = "DSP48">   --->   Core 116 'DSP48' <Latency = 3> <II = 1> <Delay = 2.15> <IPBlock> <Opcode : 'add' 'sub' 'mul' 'select'> <InPorts = 0> <OutPorts = 1> <Sync> <CReg>
ST_12 : Operation 606 [1/1] (0.00ns) (grouped into DSP with root node add_ln504)   --->   "%sext_ln504_2 = sext i24 %mul_ln504_2" [C:/github/zybo_z7_cam_rpi_v2_5mp_hdmi/zybo_z7_imx219/zybo_z7_imx219.runs/design_1_v_demosaic_0_0_synth_1/prj/sol/.autopilot/db/v_demosaic.cpp:504]   --->   Operation 606 'sext' 'sext_ln504_2' <Predicate = (icmp_ln439)> <Delay = 0.00>
ST_12 : Operation 607 [1/1] (0.00ns)   --->   "%sext_ln504_3 = sext i24 %mul_ln504_3" [C:/github/zybo_z7_cam_rpi_v2_5mp_hdmi/zybo_z7_imx219/zybo_z7_imx219.runs/design_1_v_demosaic_0_0_synth_1/prj/sol/.autopilot/db/v_demosaic.cpp:504]   --->   Operation 607 'sext' 'sext_ln504_3' <Predicate = (icmp_ln439)> <Delay = 0.00>
ST_12 : Operation 608 [2/2] (2.10ns) (root node of the DSP)   --->   "%add_ln504 = add i25 %sext_ln504_3, i25 %sext_ln504_2" [C:/github/zybo_z7_cam_rpi_v2_5mp_hdmi/zybo_z7_imx219/zybo_z7_imx219.runs/design_1_v_demosaic_0_0_synth_1/prj/sol/.autopilot/db/v_demosaic.cpp:504]   --->   Operation 608 'add' 'add_ln504' <Predicate = (icmp_ln439)> <Delay = 2.10> <CoreInst = "DSP48">   --->   Core 116 'DSP48' <Latency = 3> <II = 1> <Delay = 2.15> <IPBlock> <Opcode : 'add' 'sub' 'mul' 'select'> <InPorts = 0> <OutPorts = 1> <Sync> <CReg>
ST_12 : Operation 609 [2/2] (2.10ns) (root node of the DSP)   --->   "%add_ln504_1 = add i25 %sext_ln504_1, i25 %sext_ln504" [C:/github/zybo_z7_cam_rpi_v2_5mp_hdmi/zybo_z7_imx219/zybo_z7_imx219.runs/design_1_v_demosaic_0_0_synth_1/prj/sol/.autopilot/db/v_demosaic.cpp:504]   --->   Operation 609 'add' 'add_ln504_1' <Predicate = (icmp_ln439)> <Delay = 2.10> <CoreInst = "DSP48">   --->   Core 116 'DSP48' <Latency = 3> <II = 1> <Delay = 2.15> <IPBlock> <Opcode : 'add' 'sub' 'mul' 'select'> <InPorts = 0> <OutPorts = 1> <Sync> <CReg>

State 13 <SV = 12> <Delay = 6.81>
ST_13 : Operation 610 [1/2] (2.10ns) (root node of the DSP)   --->   "%add_ln504 = add i25 %sext_ln504_3, i25 %sext_ln504_2" [C:/github/zybo_z7_cam_rpi_v2_5mp_hdmi/zybo_z7_imx219/zybo_z7_imx219.runs/design_1_v_demosaic_0_0_synth_1/prj/sol/.autopilot/db/v_demosaic.cpp:504]   --->   Operation 610 'add' 'add_ln504' <Predicate = (icmp_ln439)> <Delay = 2.10> <CoreInst = "DSP48">   --->   Core 116 'DSP48' <Latency = 3> <II = 1> <Delay = 2.15> <IPBlock> <Opcode : 'add' 'sub' 'mul' 'select'> <InPorts = 0> <OutPorts = 1> <Sync> <CReg>
ST_13 : Operation 611 [1/1] (0.00ns)   --->   "%sext_ln504_4 = sext i25 %add_ln504" [C:/github/zybo_z7_cam_rpi_v2_5mp_hdmi/zybo_z7_imx219/zybo_z7_imx219.runs/design_1_v_demosaic_0_0_synth_1/prj/sol/.autopilot/db/v_demosaic.cpp:504]   --->   Operation 611 'sext' 'sext_ln504_4' <Predicate = (icmp_ln439)> <Delay = 0.00>
ST_13 : Operation 612 [1/2] (2.10ns) (root node of the DSP)   --->   "%add_ln504_1 = add i25 %sext_ln504_1, i25 %sext_ln504" [C:/github/zybo_z7_cam_rpi_v2_5mp_hdmi/zybo_z7_imx219/zybo_z7_imx219.runs/design_1_v_demosaic_0_0_synth_1/prj/sol/.autopilot/db/v_demosaic.cpp:504]   --->   Operation 612 'add' 'add_ln504_1' <Predicate = (icmp_ln439)> <Delay = 2.10> <CoreInst = "DSP48">   --->   Core 116 'DSP48' <Latency = 3> <II = 1> <Delay = 2.15> <IPBlock> <Opcode : 'add' 'sub' 'mul' 'select'> <InPorts = 0> <OutPorts = 1> <Sync> <CReg>
ST_13 : Operation 613 [1/1] (0.00ns)   --->   "%sext_ln504_6 = sext i25 %add_ln504_1" [C:/github/zybo_z7_cam_rpi_v2_5mp_hdmi/zybo_z7_imx219/zybo_z7_imx219.runs/design_1_v_demosaic_0_0_synth_1/prj/sol/.autopilot/db/v_demosaic.cpp:504]   --->   Operation 613 'sext' 'sext_ln504_6' <Predicate = (icmp_ln439)> <Delay = 0.00>
ST_13 : Operation 614 [1/1] (2.34ns)   --->   "%add_ln504_2 = add i26 %sext_ln504_6, i26 %sext_ln504_4" [C:/github/zybo_z7_cam_rpi_v2_5mp_hdmi/zybo_z7_imx219/zybo_z7_imx219.runs/design_1_v_demosaic_0_0_synth_1/prj/sol/.autopilot/db/v_demosaic.cpp:504]   --->   Operation 614 'add' 'add_ln504_2' <Predicate = (icmp_ln439)> <Delay = 2.34> <CoreInst = "Adder">   --->   Core 1 'Adder' <Latency = 0> <II = 1> <Delay = 2.37> <FuncUnit> <Opcode : 'add' 'sub'> <InPorts = 2> <OutPorts = 1>
ST_13 : Operation 615 [1/1] (0.00ns)   --->   "%sext_ln504_5 = sext i26 %add_ln504_2" [C:/github/zybo_z7_cam_rpi_v2_5mp_hdmi/zybo_z7_imx219/zybo_z7_imx219.runs/design_1_v_demosaic_0_0_synth_1/prj/sol/.autopilot/db/v_demosaic.cpp:504]   --->   Operation 615 'sext' 'sext_ln504_5' <Predicate = (icmp_ln439)> <Delay = 0.00>
ST_13 : Operation 616 [1/1] (2.37ns)   --->   "%sub_ln504 = sub i27 0, i27 %sext_ln504_5" [C:/github/zybo_z7_cam_rpi_v2_5mp_hdmi/zybo_z7_imx219/zybo_z7_imx219.runs/design_1_v_demosaic_0_0_synth_1/prj/sol/.autopilot/db/v_demosaic.cpp:504]   --->   Operation 616 'sub' 'sub_ln504' <Predicate = (icmp_ln439)> <Delay = 2.37> <CoreInst = "Adder">   --->   Core 1 'Adder' <Latency = 0> <II = 1> <Delay = 2.40> <FuncUnit> <Opcode : 'add' 'sub'> <InPorts = 2> <OutPorts = 1>
ST_13 : Operation 617 [1/1] (0.00ns)   --->   "%tmp_3_cast = partselect i13 @_ssdm_op_PartSelect.i13.i27.i32.i32, i27 %sub_ln504, i32 13, i32 25" [C:/github/zybo_z7_cam_rpi_v2_5mp_hdmi/zybo_z7_imx219/zybo_z7_imx219.runs/design_1_v_demosaic_0_0_synth_1/prj/sol/.autopilot/db/v_demosaic.cpp:504]   --->   Operation 617 'partselect' 'tmp_3_cast' <Predicate = (icmp_ln439)> <Delay = 0.00>

State 14 <SV = 13> <Delay = 6.78>
ST_14 : Operation 618 [1/1] (0.00ns)   --->   "%zext_ln504_4 = zext i10 %g_2" [C:/github/zybo_z7_cam_rpi_v2_5mp_hdmi/zybo_z7_imx219/zybo_z7_imx219.runs/design_1_v_demosaic_0_0_synth_1/prj/sol/.autopilot/db/v_demosaic.cpp:504]   --->   Operation 618 'zext' 'zext_ln504_4' <Predicate = true> <Delay = 0.00>
ST_14 : Operation 619 [1/1] (0.00ns) (grouped into LUT with out node g)   --->   "%tmp_49 = bitselect i1 @_ssdm_op_BitSelect.i1.i26.i32, i26 %add_ln504_2, i32 25" [C:/github/zybo_z7_cam_rpi_v2_5mp_hdmi/zybo_z7_imx219/zybo_z7_imx219.runs/design_1_v_demosaic_0_0_synth_1/prj/sol/.autopilot/db/v_demosaic.cpp:504]   --->   Operation 619 'bitselect' 'tmp_49' <Predicate = (icmp_ln439)> <Delay = 0.00>
ST_14 : Operation 620 [1/1] (1.67ns)   --->   "%sub_ln504_1 = sub i13 0, i13 %tmp_3_cast" [C:/github/zybo_z7_cam_rpi_v2_5mp_hdmi/zybo_z7_imx219/zybo_z7_imx219.runs/design_1_v_demosaic_0_0_synth_1/prj/sol/.autopilot/db/v_demosaic.cpp:504]   --->   Operation 620 'sub' 'sub_ln504_1' <Predicate = (icmp_ln439)> <Delay = 1.67> <CoreInst = "Adder">   --->   Core 1 'Adder' <Latency = 0> <II = 1> <Delay = 1.67> <FuncUnit> <Opcode : 'add' 'sub'> <InPorts = 2> <OutPorts = 1>
ST_14 : Operation 621 [1/1] (0.00ns) (grouped into LUT with out node g)   --->   "%zext_ln504_5 = partselect i13 @_ssdm_op_PartSelect.i13.i26.i32.i32, i26 %add_ln504_2, i32 13, i32 25" [C:/github/zybo_z7_cam_rpi_v2_5mp_hdmi/zybo_z7_imx219/zybo_z7_imx219.runs/design_1_v_demosaic_0_0_synth_1/prj/sol/.autopilot/db/v_demosaic.cpp:504]   --->   Operation 621 'partselect' 'zext_ln504_5' <Predicate = (icmp_ln439)> <Delay = 0.00>
ST_14 : Operation 622 [1/1] (0.00ns) (grouped into LUT with out node g)   --->   "%select_ln504 = select i1 %tmp_49, i13 %sub_ln504_1, i13 %zext_ln504_5" [C:/github/zybo_z7_cam_rpi_v2_5mp_hdmi/zybo_z7_imx219/zybo_z7_imx219.runs/design_1_v_demosaic_0_0_synth_1/prj/sol/.autopilot/db/v_demosaic.cpp:504]   --->   Operation 622 'select' 'select_ln504' <Predicate = (icmp_ln439)> <Delay = 0.00> <CoreInst = "Sel">   --->   Core 73 'Sel' <Latency = 0> <II = 1> <Delay = 0.69> <FuncUnit> <Opcode : 'select'> <InPorts = 3> <OutPorts = 1>
ST_14 : Operation 623 [1/1] (0.00ns) (grouped into LUT with out node g)   --->   "%sext_ln504_7 = sext i13 %select_ln504" [C:/github/zybo_z7_cam_rpi_v2_5mp_hdmi/zybo_z7_imx219/zybo_z7_imx219.runs/design_1_v_demosaic_0_0_synth_1/prj/sol/.autopilot/db/v_demosaic.cpp:504]   --->   Operation 623 'sext' 'sext_ln504_7' <Predicate = (icmp_ln439)> <Delay = 0.00>
ST_14 : Operation 624 [1/1] (1.67ns) (out node of the LUT)   --->   "%g = add i14 %sext_ln504_7, i14 %zext_ln504_4" [C:/github/zybo_z7_cam_rpi_v2_5mp_hdmi/zybo_z7_imx219/zybo_z7_imx219.runs/design_1_v_demosaic_0_0_synth_1/prj/sol/.autopilot/db/v_demosaic.cpp:504]   --->   Operation 624 'add' 'g' <Predicate = (icmp_ln439)> <Delay = 1.67> <CoreInst = "Adder">   --->   Core 1 'Adder' <Latency = 0> <II = 1> <Delay = 1.81> <FuncUnit> <Opcode : 'add' 'sub'> <InPorts = 2> <OutPorts = 1>
ST_14 : Operation 625 [1/1] (0.70ns)   --->   "%g_1 = select i1 %icmp_ln439, i14 %g, i14 %zext_ln504_4" [C:/github/zybo_z7_cam_rpi_v2_5mp_hdmi/zybo_z7_imx219/zybo_z7_imx219.runs/design_1_v_demosaic_0_0_synth_1/prj/sol/.autopilot/db/v_demosaic.cpp:439]   --->   Operation 625 'select' 'g_1' <Predicate = true> <Delay = 0.70> <CoreInst = "Sel">   --->   Core 73 'Sel' <Latency = 0> <II = 1> <Delay = 0.70> <FuncUnit> <Opcode : 'select'> <InPorts = 3> <OutPorts = 1>
ST_14 : Operation 626 [1/1] (0.00ns)   --->   "%g_1_cast58 = sext i14 %g_1" [C:/github/zybo_z7_cam_rpi_v2_5mp_hdmi/zybo_z7_imx219/zybo_z7_imx219.runs/design_1_v_demosaic_0_0_synth_1/prj/sol/.autopilot/db/v_demosaic.cpp:439]   --->   Operation 626 'sext' 'g_1_cast58' <Predicate = true> <Delay = 0.00>
ST_14 : Operation 627 [1/1] (0.00ns)   --->   "%tmp_50 = bitselect i1 @_ssdm_op_BitSelect.i1.i16.i32, i16 %g_1_cast58, i32 15" [C:/github/zybo_z7_cam_rpi_v2_5mp_hdmi/zybo_z7_imx219/zybo_z7_imx219.runs/design_1_v_demosaic_0_0_synth_1/prj/sol/.autopilot/db/v_demosaic.cpp:510]   --->   Operation 627 'bitselect' 'tmp_50' <Predicate = true> <Delay = 0.00>
ST_14 : Operation 628 [1/1] (0.00ns)   --->   "%tmp_51 = partselect i4 @_ssdm_op_PartSelect.i4.i14.i32.i32, i14 %g_1, i32 10, i32 13" [C:/github/zybo_z7_cam_rpi_v2_5mp_hdmi/zybo_z7_imx219/zybo_z7_imx219.runs/design_1_v_demosaic_0_0_synth_1/prj/sol/.autopilot/db/v_demosaic.cpp:510]   --->   Operation 628 'partselect' 'tmp_51' <Predicate = true> <Delay = 0.00>
ST_14 : Operation 629 [1/1] (1.73ns)   --->   "%icmp_ln510 = icmp_sgt  i4 %tmp_51, i4 0" [C:/github/zybo_z7_cam_rpi_v2_5mp_hdmi/zybo_z7_imx219/zybo_z7_imx219.runs/design_1_v_demosaic_0_0_synth_1/prj/sol/.autopilot/db/v_demosaic.cpp:510]   --->   Operation 629 'icmp' 'icmp_ln510' <Predicate = true> <Delay = 1.73> <CoreInst = "Cmp">   --->   Core 9 'Cmp' <Latency = 0> <II = 1> <Delay = 1.73> <FuncUnit> <Opcode : 'seteq' 'setne' 'setle' 'setge' 'setlt' 'setgt'> <InPorts = 2> <OutPorts = 1>
ST_14 : Operation 630 [1/1] (0.00ns) (grouped into LUT with out node select_ln510)   --->   "%trunc_ln510 = trunc i14 %g_1" [C:/github/zybo_z7_cam_rpi_v2_5mp_hdmi/zybo_z7_imx219/zybo_z7_imx219.runs/design_1_v_demosaic_0_0_synth_1/prj/sol/.autopilot/db/v_demosaic.cpp:510]   --->   Operation 630 'trunc' 'trunc_ln510' <Predicate = true> <Delay = 0.00>
ST_14 : Operation 631 [1/1] (0.00ns) (grouped into LUT with out node select_ln510)   --->   "%xor_ln510 = xor i1 %tmp_50, i1 1" [C:/github/zybo_z7_cam_rpi_v2_5mp_hdmi/zybo_z7_imx219/zybo_z7_imx219.runs/design_1_v_demosaic_0_0_synth_1/prj/sol/.autopilot/db/v_demosaic.cpp:510]   --->   Operation 631 'xor' 'xor_ln510' <Predicate = true> <Delay = 0.00> <CoreInst = "LogicGate">   --->   Core 74 'LogicGate' <Latency = 0> <II = 1> <Delay = 0.97> <FuncUnit> <Opcode : 'and' 'or' 'xor'> <InPorts = 2> <OutPorts = 1>
ST_14 : Operation 632 [1/1] (0.00ns) (grouped into LUT with out node select_ln510)   --->   "%select_ln510_1 = select i1 %xor_ln510, i10 1023, i10 0" [C:/github/zybo_z7_cam_rpi_v2_5mp_hdmi/zybo_z7_imx219/zybo_z7_imx219.runs/design_1_v_demosaic_0_0_synth_1/prj/sol/.autopilot/db/v_demosaic.cpp:510]   --->   Operation 632 'select' 'select_ln510_1' <Predicate = true> <Delay = 0.00> <CoreInst = "Sel">   --->   Core 73 'Sel' <Latency = 0> <II = 1> <Delay = 0.99> <FuncUnit> <Opcode : 'select'> <InPorts = 3> <OutPorts = 1>
ST_14 : Operation 633 [1/1] (0.00ns) (grouped into LUT with out node select_ln510)   --->   "%or_ln510 = or i1 %tmp_50, i1 %icmp_ln510" [C:/github/zybo_z7_cam_rpi_v2_5mp_hdmi/zybo_z7_imx219/zybo_z7_imx219.runs/design_1_v_demosaic_0_0_synth_1/prj/sol/.autopilot/db/v_demosaic.cpp:510]   --->   Operation 633 'or' 'or_ln510' <Predicate = true> <Delay = 0.00> <CoreInst = "LogicGate">   --->   Core 74 'LogicGate' <Latency = 0> <II = 1> <Delay = 0.97> <FuncUnit> <Opcode : 'and' 'or' 'xor'> <InPorts = 2> <OutPorts = 1>
ST_14 : Operation 634 [1/1] (0.99ns) (out node of the LUT)   --->   "%select_ln510 = select i1 %or_ln510, i10 %select_ln510_1, i10 %trunc_ln510" [C:/github/zybo_z7_cam_rpi_v2_5mp_hdmi/zybo_z7_imx219/zybo_z7_imx219.runs/design_1_v_demosaic_0_0_synth_1/prj/sol/.autopilot/db/v_demosaic.cpp:510]   --->   Operation 634 'select' 'select_ln510' <Predicate = true> <Delay = 0.99> <CoreInst = "Sel">   --->   Core 73 'Sel' <Latency = 0> <II = 1> <Delay = 0.68> <FuncUnit> <Opcode : 'select'> <InPorts = 3> <OutPorts = 1>
ST_14 : Operation 642 [1/1] (0.00ns)   --->   "%store_ln0 = store i10 %p_load212, i10 %p_out"   --->   Operation 642 'store' 'store_ln0' <Predicate = (icmp_ln318)> <Delay = 0.00>
ST_14 : Operation 643 [1/1] (0.00ns)   --->   "%store_ln0 = store i10 %p_load214, i10 %p_out1"   --->   Operation 643 'store' 'store_ln0' <Predicate = (icmp_ln318)> <Delay = 0.00>
ST_14 : Operation 644 [1/1] (0.00ns)   --->   "%store_ln0 = store i10 %p_load216, i10 %p_out2"   --->   Operation 644 'store' 'store_ln0' <Predicate = (icmp_ln318)> <Delay = 0.00>
ST_14 : Operation 645 [1/1] (0.00ns)   --->   "%store_ln0 = store i10 %p_load218, i10 %p_out3"   --->   Operation 645 'store' 'store_ln0' <Predicate = (icmp_ln318)> <Delay = 0.00>
ST_14 : Operation 646 [1/1] (0.00ns)   --->   "%store_ln0 = store i10 %p_load220, i10 %p_out4"   --->   Operation 646 'store' 'store_ln0' <Predicate = (icmp_ln318)> <Delay = 0.00>
ST_14 : Operation 647 [1/1] (0.00ns)   --->   "%store_ln0 = store i10 %p_load, i10 %p_out5"   --->   Operation 647 'store' 'store_ln0' <Predicate = (icmp_ln318)> <Delay = 0.00>
ST_14 : Operation 648 [1/1] (0.00ns)   --->   "%store_ln0 = store i10 %p_load198, i10 %p_out6"   --->   Operation 648 'store' 'store_ln0' <Predicate = (icmp_ln318)> <Delay = 0.00>
ST_14 : Operation 649 [1/1] (0.00ns)   --->   "%store_ln0 = store i10 %p_load199, i10 %p_out7"   --->   Operation 649 'store' 'store_ln0' <Predicate = (icmp_ln318)> <Delay = 0.00>
ST_14 : Operation 650 [1/1] (0.00ns)   --->   "%store_ln0 = store i10 %p_load200, i10 %p_out8"   --->   Operation 650 'store' 'store_ln0' <Predicate = (icmp_ln318)> <Delay = 0.00>
ST_14 : Operation 651 [1/1] (0.00ns)   --->   "%store_ln0 = store i10 %p_load201, i10 %p_out9"   --->   Operation 651 'store' 'store_ln0' <Predicate = (icmp_ln318)> <Delay = 0.00>
ST_14 : Operation 652 [1/1] (0.00ns)   --->   "%store_ln0 = store i10 %p_load202, i10 %p_out10"   --->   Operation 652 'store' 'store_ln0' <Predicate = (icmp_ln318)> <Delay = 0.00>
ST_14 : Operation 653 [1/1] (0.00ns)   --->   "%store_ln0 = store i10 %p_load203, i10 %p_out11"   --->   Operation 653 'store' 'store_ln0' <Predicate = (icmp_ln318)> <Delay = 0.00>
ST_14 : Operation 654 [1/1] (0.00ns)   --->   "%store_ln0 = store i10 %p_load204, i10 %p_out12"   --->   Operation 654 'store' 'store_ln0' <Predicate = (icmp_ln318)> <Delay = 0.00>
ST_14 : Operation 655 [1/1] (0.00ns)   --->   "%store_ln0 = store i10 %p_load205, i10 %p_out13"   --->   Operation 655 'store' 'store_ln0' <Predicate = (icmp_ln318)> <Delay = 0.00>
ST_14 : Operation 656 [1/1] (0.00ns)   --->   "%store_ln0 = store i10 %p_load206, i10 %p_out14"   --->   Operation 656 'store' 'store_ln0' <Predicate = (icmp_ln318)> <Delay = 0.00>
ST_14 : Operation 657 [1/1] (0.00ns)   --->   "%store_ln0 = store i10 %p_load207, i10 %p_out15"   --->   Operation 657 'store' 'store_ln0' <Predicate = (icmp_ln318)> <Delay = 0.00>
ST_14 : Operation 658 [1/1] (0.00ns)   --->   "%store_ln0 = store i10 %p_load208, i10 %p_out16"   --->   Operation 658 'store' 'store_ln0' <Predicate = (icmp_ln318)> <Delay = 0.00>
ST_14 : Operation 659 [1/1] (0.00ns)   --->   "%store_ln0 = store i10 %p_load209, i10 %p_out17"   --->   Operation 659 'store' 'store_ln0' <Predicate = (icmp_ln318)> <Delay = 0.00>
ST_14 : Operation 660 [1/1] (0.00ns)   --->   "%store_ln0 = store i10 %p_load210, i10 %p_out18"   --->   Operation 660 'store' 'store_ln0' <Predicate = (icmp_ln318)> <Delay = 0.00>
ST_14 : Operation 661 [1/1] (0.00ns)   --->   "%store_ln0 = store i10 %p_load211, i10 %p_out19"   --->   Operation 661 'store' 'store_ln0' <Predicate = (icmp_ln318)> <Delay = 0.00>
ST_14 : Operation 662 [1/1] (1.58ns)   --->   "%ret_ln0 = ret"   --->   Operation 662 'ret' 'ret_ln0' <Predicate = (icmp_ln318)> <Delay = 1.58>

State 15 <SV = 14> <Delay = 4.32>
ST_15 : Operation 635 [1/1] (0.00ns) (grouped into LUT with out node phi_ln509)   --->   "%phitmp = select i1 %icmp_ln506, i10 %g_2, i10 0" [C:/github/zybo_z7_cam_rpi_v2_5mp_hdmi/zybo_z7_imx219/zybo_z7_imx219.runs/design_1_v_demosaic_0_0_synth_1/prj/sol/.autopilot/db/v_demosaic.cpp:506]   --->   Operation 635 'select' 'phitmp' <Predicate = (icmp_ln439)> <Delay = 0.00> <CoreInst = "Sel">   --->   Core 73 'Sel' <Latency = 0> <II = 1> <Delay = 0.68> <FuncUnit> <Opcode : 'select'> <InPorts = 3> <OutPorts = 1>
ST_15 : Operation 636 [1/1] (0.00ns) (grouped into LUT with out node phi_ln511)   --->   "%phitmp9 = select i1 %icmp_ln506, i10 0, i10 %g_2" [C:/github/zybo_z7_cam_rpi_v2_5mp_hdmi/zybo_z7_imx219/zybo_z7_imx219.runs/design_1_v_demosaic_0_0_synth_1/prj/sol/.autopilot/db/v_demosaic.cpp:506]   --->   Operation 636 'select' 'phitmp9' <Predicate = (icmp_ln439)> <Delay = 0.00> <CoreInst = "Sel">   --->   Core 73 'Sel' <Latency = 0> <II = 1> <Delay = 0.68> <FuncUnit> <Opcode : 'select'> <InPorts = 3> <OutPorts = 1>
ST_15 : Operation 637 [1/1] (0.68ns) (out node of the LUT)   --->   "%phi_ln509 = select i1 %icmp_ln439, i10 %phitmp, i10 0" [C:/github/zybo_z7_cam_rpi_v2_5mp_hdmi/zybo_z7_imx219/zybo_z7_imx219.runs/design_1_v_demosaic_0_0_synth_1/prj/sol/.autopilot/db/v_demosaic.cpp:439]   --->   Operation 637 'select' 'phi_ln509' <Predicate = true> <Delay = 0.68> <CoreInst = "Sel">   --->   Core 73 'Sel' <Latency = 0> <II = 1> <Delay = 0.68> <FuncUnit> <Opcode : 'select'> <InPorts = 3> <OutPorts = 1>
ST_15 : Operation 638 [1/1] (0.68ns) (out node of the LUT)   --->   "%phi_ln511 = select i1 %icmp_ln439, i10 %phitmp9, i10 0" [C:/github/zybo_z7_cam_rpi_v2_5mp_hdmi/zybo_z7_imx219/zybo_z7_imx219.runs/design_1_v_demosaic_0_0_synth_1/prj/sol/.autopilot/db/v_demosaic.cpp:439]   --->   Operation 638 'select' 'phi_ln511' <Predicate = true> <Delay = 0.68> <CoreInst = "Sel">   --->   Core 73 'Sel' <Latency = 0> <II = 1> <Delay = 0.68> <FuncUnit> <Opcode : 'select'> <InPorts = 3> <OutPorts = 1>
ST_15 : Operation 639 [1/1] (0.00ns)   --->   "%or_ln587_3 = bitconcatenate i30 @_ssdm_op_BitConcatenate.i30.i10.i10.i10, i10 %phi_ln511, i10 %select_ln510, i10 %phi_ln509" [C:/github/zybo_z7_cam_rpi_v2_5mp_hdmi/zybo_z7_imx219/zybo_z7_imx219.runs/design_1_v_demosaic_0_0_synth_1/prj/sol/.autopilot/db/v_demosaic.cpp:587]   --->   Operation 639 'bitconcatenate' 'or_ln587_3' <Predicate = (!tmp_52)> <Delay = 0.00>
ST_15 : Operation 640 [1/1] ( I:3.63ns O:3.63ns )   --->   "%write_ln587 = write void @_ssdm_op_Write.ap_fifo.volatile.i30P0A, i30 %imgG, i30 %or_ln587_3" [C:/github/zybo_z7_cam_rpi_v2_5mp_hdmi/zybo_z7_imx219/zybo_z7_imx219.runs/design_1_v_demosaic_0_0_synth_1/prj/sol/.autopilot/db/v_demosaic.cpp:587]   --->   Operation 640 'write' 'write_ln587' <Predicate = (!tmp_52)> <Delay = 3.63> <CoreInst = "FIFO_SRL">   --->   Core 80 'FIFO_SRL' <Latency = 0> <II = 1> <Delay = 3.63> <Storage> <Opcode : 'read' 'write' 'nbread' 'nbwrite'> <Ports = 0> <Width = 30> <Depth = 2> <FIFO>
ST_15 : Operation 641 [1/1] (0.00ns)   --->   "%br_ln588 = br void %for.inc745" [C:/github/zybo_z7_cam_rpi_v2_5mp_hdmi/zybo_z7_imx219/zybo_z7_imx219.runs/design_1_v_demosaic_0_0_synth_1/prj/sol/.autopilot/db/v_demosaic.cpp:588]   --->   Operation 641 'br' 'br_ln588' <Predicate = (!tmp_52)> <Delay = 0.00>


============================================================
+ Verbose Summary: Binding
============================================================
STG Binding: 
---------------- STG Properties BEGIN ----------------
- Is combinational: 0
- Is one-state seq: 0
- Is datapath-only: 0
- Is pipelined: 0
- Is top level: 0
Port [ Return ] is wired: 1; IO mode=ap_ctrl_hs:ce=0
Port [ p_lcssa52315241]:  wired=1; compound=0; hidden=0; nouse=0; global=0; static=0; extern=0; dir=0; type=0; pingpong=0; private_global=0; IO mode=ap_none:ce=0
Port [ p_lcssa52305239]:  wired=1; compound=0; hidden=0; nouse=0; global=0; static=0; extern=0; dir=0; type=0; pingpong=0; private_global=0; IO mode=ap_none:ce=0
Port [ p_lcssa52295237]:  wired=1; compound=0; hidden=0; nouse=0; global=0; static=0; extern=0; dir=0; type=0; pingpong=0; private_global=0; IO mode=ap_none:ce=0
Port [ p_lcssa52285235]:  wired=1; compound=0; hidden=0; nouse=0; global=0; static=0; extern=0; dir=0; type=0; pingpong=0; private_global=0; IO mode=ap_none:ce=0
Port [ p_lcssa52275233]:  wired=1; compound=0; hidden=0; nouse=0; global=0; static=0; extern=0; dir=0; type=0; pingpong=0; private_global=0; IO mode=ap_none:ce=0
Port [ p_lcssa50685110]:  wired=1; compound=0; hidden=0; nouse=0; global=0; static=0; extern=0; dir=0; type=0; pingpong=0; private_global=0; IO mode=ap_none:ce=0
Port [ p_lcssa50675108]:  wired=1; compound=0; hidden=0; nouse=0; global=0; static=0; extern=0; dir=0; type=0; pingpong=0; private_global=0; IO mode=ap_none:ce=0
Port [ p_lcssa50655106]:  wired=1; compound=0; hidden=0; nouse=0; global=0; static=0; extern=0; dir=0; type=0; pingpong=0; private_global=0; IO mode=ap_none:ce=0
Port [ p_lcssa50645104]:  wired=1; compound=0; hidden=0; nouse=0; global=0; static=0; extern=0; dir=0; type=0; pingpong=0; private_global=0; IO mode=ap_none:ce=0
Port [ p_lcssa50635102]:  wired=1; compound=0; hidden=0; nouse=0; global=0; static=0; extern=0; dir=0; type=0; pingpong=0; private_global=0; IO mode=ap_none:ce=0
Port [ p_lcssa50615100]:  wired=1; compound=0; hidden=0; nouse=0; global=0; static=0; extern=0; dir=0; type=0; pingpong=0; private_global=0; IO mode=ap_none:ce=0
Port [ p_lcssa50605098]:  wired=1; compound=0; hidden=0; nouse=0; global=0; static=0; extern=0; dir=0; type=0; pingpong=0; private_global=0; IO mode=ap_none:ce=0
Port [ p_lcssa50595096]:  wired=1; compound=0; hidden=0; nouse=0; global=0; static=0; extern=0; dir=0; type=0; pingpong=0; private_global=0; IO mode=ap_none:ce=0
Port [ p_lcssa50575094]:  wired=1; compound=0; hidden=0; nouse=0; global=0; static=0; extern=0; dir=0; type=0; pingpong=0; private_global=0; IO mode=ap_none:ce=0
Port [ p_lcssa50565092]:  wired=1; compound=0; hidden=0; nouse=0; global=0; static=0; extern=0; dir=0; type=0; pingpong=0; private_global=0; IO mode=ap_none:ce=0
Port [ p_lcssa50555090]:  wired=1; compound=0; hidden=0; nouse=0; global=0; static=0; extern=0; dir=0; type=0; pingpong=0; private_global=0; IO mode=ap_none:ce=0
Port [ p_lcssa50535088]:  wired=1; compound=0; hidden=0; nouse=0; global=0; static=0; extern=0; dir=0; type=0; pingpong=0; private_global=0; IO mode=ap_none:ce=0
Port [ p_lcssa50525086]:  wired=1; compound=0; hidden=0; nouse=0; global=0; static=0; extern=0; dir=0; type=0; pingpong=0; private_global=0; IO mode=ap_none:ce=0
Port [ p_lcssa50515084]:  wired=1; compound=0; hidden=0; nouse=0; global=0; static=0; extern=0; dir=0; type=0; pingpong=0; private_global=0; IO mode=ap_none:ce=0
Port [ p_lcssa50495082]:  wired=1; compound=0; hidden=0; nouse=0; global=0; static=0; extern=0; dir=0; type=0; pingpong=0; private_global=0; IO mode=ap_none:ce=0
Port [ height_val]:  wired=1; compound=0; hidden=0; nouse=0; global=0; static=0; extern=0; dir=0; type=0; pingpong=0; private_global=0; IO mode=ap_stable:ce=0
Port [ y]:  wired=1; compound=0; hidden=0; nouse=0; global=0; static=0; extern=0; dir=0; type=0; pingpong=0; private_global=0; IO mode=ap_none:ce=0
Port [ width_val]:  wired=1; compound=0; hidden=0; nouse=0; global=0; static=0; extern=0; dir=0; type=0; pingpong=0; private_global=0; IO mode=ap_stable:ce=0
Port [ empty_56]:  wired=1; compound=0; hidden=0; nouse=0; global=0; static=0; extern=0; dir=0; type=0; pingpong=0; private_global=0; IO mode=ap_none:ce=0
Port [ trunc_ln]:  wired=1; compound=0; hidden=0; nouse=0; global=0; static=0; extern=0; dir=0; type=0; pingpong=0; private_global=0; IO mode=ap_none:ce=0
Port [ loopWidth]:  wired=1; compound=0; hidden=0; nouse=0; global=0; static=0; extern=0; dir=0; type=0; pingpong=0; private_global=0; IO mode=ap_stable:ce=0
Port [ imgG]:  wired=1; compound=1; hidden=0; nouse=0; global=0; static=0; extern=0; dir=1; type=3; pingpong=0; private_global=0; IO mode=ap_fifo:ce=0
Port [ empty]:  wired=1; compound=0; hidden=0; nouse=0; global=0; static=0; extern=0; dir=0; type=0; pingpong=0; private_global=0; IO mode=ap_none:ce=0
Port [ xor_ln439]:  wired=1; compound=0; hidden=0; nouse=0; global=0; static=0; extern=0; dir=0; type=0; pingpong=0; private_global=0; IO mode=ap_none:ce=0
Port [ out_y]:  wired=1; compound=0; hidden=0; nouse=0; global=0; static=0; extern=0; dir=0; type=0; pingpong=0; private_global=0; IO mode=ap_none:ce=0
Port [ imgBayer]:  wired=1; compound=1; hidden=0; nouse=0; global=0; static=0; extern=0; dir=0; type=3; pingpong=0; private_global=0; IO mode=ap_fifo:ce=0
Port [ p_out]:  wired=1; compound=0; hidden=0; nouse=0; global=0; static=0; extern=0; dir=1; type=0; pingpong=0; private_global=0; IO mode=ap_vld:ce=0
Port [ p_out1]:  wired=1; compound=0; hidden=0; nouse=0; global=0; static=0; extern=0; dir=1; type=0; pingpong=0; private_global=0; IO mode=ap_vld:ce=0
Port [ p_out2]:  wired=1; compound=0; hidden=0; nouse=0; global=0; static=0; extern=0; dir=1; type=0; pingpong=0; private_global=0; IO mode=ap_vld:ce=0
Port [ p_out3]:  wired=1; compound=0; hidden=0; nouse=0; global=0; static=0; extern=0; dir=1; type=0; pingpong=0; private_global=0; IO mode=ap_vld:ce=0
Port [ p_out4]:  wired=1; compound=0; hidden=0; nouse=0; global=0; static=0; extern=0; dir=1; type=0; pingpong=0; private_global=0; IO mode=ap_vld:ce=0
Port [ p_out5]:  wired=1; compound=0; hidden=0; nouse=0; global=0; static=0; extern=0; dir=1; type=0; pingpong=0; private_global=0; IO mode=ap_vld:ce=0
Port [ p_out6]:  wired=1; compound=0; hidden=0; nouse=0; global=0; static=0; extern=0; dir=1; type=0; pingpong=0; private_global=0; IO mode=ap_vld:ce=0
Port [ p_out7]:  wired=1; compound=0; hidden=0; nouse=0; global=0; static=0; extern=0; dir=1; type=0; pingpong=0; private_global=0; IO mode=ap_vld:ce=0
Port [ p_out8]:  wired=1; compound=0; hidden=0; nouse=0; global=0; static=0; extern=0; dir=1; type=0; pingpong=0; private_global=0; IO mode=ap_vld:ce=0
Port [ p_out9]:  wired=1; compound=0; hidden=0; nouse=0; global=0; static=0; extern=0; dir=1; type=0; pingpong=0; private_global=0; IO mode=ap_vld:ce=0
Port [ p_out10]:  wired=1; compound=0; hidden=0; nouse=0; global=0; static=0; extern=0; dir=1; type=0; pingpong=0; private_global=0; IO mode=ap_vld:ce=0
Port [ p_out11]:  wired=1; compound=0; hidden=0; nouse=0; global=0; static=0; extern=0; dir=1; type=0; pingpong=0; private_global=0; IO mode=ap_vld:ce=0
Port [ p_out12]:  wired=1; compound=0; hidden=0; nouse=0; global=0; static=0; extern=0; dir=1; type=0; pingpong=0; private_global=0; IO mode=ap_vld:ce=0
Port [ p_out13]:  wired=1; compound=0; hidden=0; nouse=0; global=0; static=0; extern=0; dir=1; type=0; pingpong=0; private_global=0; IO mode=ap_vld:ce=0
Port [ p_out14]:  wired=1; compound=0; hidden=0; nouse=0; global=0; static=0; extern=0; dir=1; type=0; pingpong=0; private_global=0; IO mode=ap_vld:ce=0
Port [ p_out15]:  wired=1; compound=0; hidden=0; nouse=0; global=0; static=0; extern=0; dir=1; type=0; pingpong=0; private_global=0; IO mode=ap_vld:ce=0
Port [ p_out16]:  wired=1; compound=0; hidden=0; nouse=0; global=0; static=0; extern=0; dir=1; type=0; pingpong=0; private_global=0; IO mode=ap_vld:ce=0
Port [ p_out17]:  wired=1; compound=0; hidden=0; nouse=0; global=0; static=0; extern=0; dir=1; type=0; pingpong=0; private_global=0; IO mode=ap_vld:ce=0
Port [ p_out18]:  wired=1; compound=0; hidden=0; nouse=0; global=0; static=0; extern=0; dir=1; type=0; pingpong=0; private_global=0; IO mode=ap_vld:ce=0
Port [ p_out19]:  wired=1; compound=0; hidden=0; nouse=0; global=0; static=0; extern=0; dir=1; type=0; pingpong=0; private_global=0; IO mode=ap_vld:ce=0
Port [ DIV1_TABLE]:  wired=0; compound=1; hidden=1; nouse=0; global=1; static=1; extern=0; dir=0; type=1; pingpong=0; private_global=1; MemPort=[1111]; IO mode=ap_memory:ce=0
Port [ DIV2_TABLE]:  wired=0; compound=1; hidden=1; nouse=0; global=1; static=1; extern=0; dir=0; type=1; pingpong=0; private_global=1; MemPort=[1]; IO mode=ap_memory:ce=0
---------------- STG Properties END ------------------

---------------- Datapath Model BEGIN ----------------

<LifeTime>
<method=bitvector/>
x                       (alloca           ) [ 0100000000000000]
empty_133               (alloca           ) [ 0111000000000000]
empty_134               (alloca           ) [ 0111000000000000]
empty_135               (alloca           ) [ 0111000000000000]
empty_136               (alloca           ) [ 0111000000000000]
empty_137               (alloca           ) [ 0111000000000000]
empty_138               (alloca           ) [ 0111000000000000]
empty_139               (alloca           ) [ 0111000000000000]
empty_140               (alloca           ) [ 0111000000000000]
empty_141               (alloca           ) [ 0111000000000000]
empty_142               (alloca           ) [ 0111000000000000]
empty_143               (alloca           ) [ 0111000000000000]
empty_144               (alloca           ) [ 0111000000000000]
empty_145               (alloca           ) [ 0111000000000000]
empty_146               (alloca           ) [ 0111000000000000]
empty_147               (alloca           ) [ 0111000000000000]
empty_148               (alloca           ) [ 0111000000000000]
empty_149               (alloca           ) [ 0111000000000000]
empty_150               (alloca           ) [ 0111000000000000]
empty_151               (alloca           ) [ 0111000000000000]
empty_152               (alloca           ) [ 0111000000000000]
specinterface_ln0       (specinterface    ) [ 0000000000000000]
specinterface_ln0       (specinterface    ) [ 0000000000000000]
out_y_read              (read             ) [ 0000000000000000]
xor_ln439_read          (read             ) [ 0000000000000000]
tmp                     (read             ) [ 0000000000000000]
loopWidth_read          (read             ) [ 0000000000000000]
trunc_ln_read           (read             ) [ 0000000000000000]
tmp_24                  (read             ) [ 0000000000000000]
width_val_read          (read             ) [ 0000000000000000]
y_read                  (read             ) [ 0000000000000000]
height_val_read         (read             ) [ 0000000000000000]
p_lcssa50495082_read    (read             ) [ 0000000000000000]
p_lcssa50515084_read    (read             ) [ 0000000000000000]
p_lcssa50525086_read    (read             ) [ 0000000000000000]
p_lcssa50535088_read    (read             ) [ 0000000000000000]
p_lcssa50555090_read    (read             ) [ 0000000000000000]
p_lcssa50565092_read    (read             ) [ 0000000000000000]
p_lcssa50575094_read    (read             ) [ 0000000000000000]
p_lcssa50595096_read    (read             ) [ 0000000000000000]
p_lcssa50605098_read    (read             ) [ 0000000000000000]
p_lcssa50615100_read    (read             ) [ 0000000000000000]
p_lcssa50635102_read    (read             ) [ 0000000000000000]
p_lcssa50645104_read    (read             ) [ 0000000000000000]
p_lcssa50655106_read    (read             ) [ 0000000000000000]
p_lcssa50675108_read    (read             ) [ 0000000000000000]
p_lcssa50685110_read    (read             ) [ 0000000000000000]
p_lcssa52275233_read    (read             ) [ 0000000000000000]
p_lcssa52285235_read    (read             ) [ 0000000000000000]
p_lcssa52295237_read    (read             ) [ 0000000000000000]
p_lcssa52305239_read    (read             ) [ 0000000000000000]
p_lcssa52315241_read    (read             ) [ 0000000000000000]
linebuf_yuv_3           (alloca           ) [ 0000000000000000]
linebuf_yuv_2           (alloca           ) [ 0000000000000000]
linebuf_yuv_1           (alloca           ) [ 0000000000000000]
linebuf_yuv             (alloca           ) [ 0000000000000000]
zext_ln274              (zext             ) [ 0000000000000000]
icmp_ln346              (icmp             ) [ 0111111111111111]
icmp_ln403              (icmp             ) [ 0111000000000000]
zext_ln275              (zext             ) [ 0000000000000000]
zext_ln439              (zext             ) [ 0000000000000000]
icmp_ln506              (icmp             ) [ 0111111111111111]
store_ln0               (store            ) [ 0000000000000000]
store_ln0               (store            ) [ 0000000000000000]
store_ln0               (store            ) [ 0000000000000000]
store_ln0               (store            ) [ 0000000000000000]
store_ln0               (store            ) [ 0000000000000000]
store_ln0               (store            ) [ 0000000000000000]
store_ln0               (store            ) [ 0000000000000000]
store_ln0               (store            ) [ 0000000000000000]
store_ln0               (store            ) [ 0000000000000000]
store_ln0               (store            ) [ 0000000000000000]
store_ln0               (store            ) [ 0000000000000000]
store_ln0               (store            ) [ 0000000000000000]
store_ln0               (store            ) [ 0000000000000000]
store_ln0               (store            ) [ 0000000000000000]
store_ln0               (store            ) [ 0000000000000000]
store_ln0               (store            ) [ 0000000000000000]
store_ln0               (store            ) [ 0000000000000000]
store_ln0               (store            ) [ 0000000000000000]
store_ln0               (store            ) [ 0000000000000000]
store_ln0               (store            ) [ 0000000000000000]
store_ln271             (store            ) [ 0000000000000000]
br_ln318                (br               ) [ 0000000000000000]
z                       (load             ) [ 0000000000000000]
icmp_ln318              (icmp             ) [ 0111111111111111]
x_11                    (add              ) [ 0000000000000000]
br_ln318                (br               ) [ 0000000000000000]
specpipeline_ln321      (specpipeline     ) [ 0000000000000000]
speclooptripcount_ln282 (speclooptripcount) [ 0000000000000000]
specloopname_ln318      (specloopname     ) [ 0000000000000000]
zext_ln318              (zext             ) [ 0000000000000000]
out_x                   (add              ) [ 0000000000000000]
trunc_ln279             (trunc            ) [ 0000000000000000]
icmp_ln328              (icmp             ) [ 0111111111111111]
br_ln328                (br               ) [ 0111000000000000]
linebuf_yuv_addr        (getelementptr    ) [ 0110000000000000]
linebuf_yuv_1_addr      (getelementptr    ) [ 0111000000000000]
linebuf_yuv_2_addr      (getelementptr    ) [ 0111000000000000]
linebuf_yuv_3_addr      (getelementptr    ) [ 0111000000000000]
br_ln346                (br               ) [ 0110000000000000]
br_ln357                (br               ) [ 0110000000000000]
icmp_ln387              (icmp             ) [ 0111000000000000]
xor_ln439_1             (xor              ) [ 0000000000000000]
zext_ln439_1            (zext             ) [ 0000000000000000]
icmp_ln439              (icmp             ) [ 0111111111111111]
or_ln585                (or               ) [ 0000000000000000]
tmp_52                  (bitselect        ) [ 0111111111111111]
br_ln585                (br               ) [ 0000000000000000]
store_ln271             (store            ) [ 0000000000000000]
p_load220               (load             ) [ 0101111111111110]
p_load218               (load             ) [ 0101111111111110]
p_load216               (load             ) [ 0101111111111110]
p_load214               (load             ) [ 0101111111111110]
p_load212               (load             ) [ 0101111111111110]
LineBufVal              (load             ) [ 0101000000000000]
LineBufVal_5            (load             ) [ 0101000000000000]
LineBufVal_6            (load             ) [ 0101000000000000]
LineBufVal_7            (load             ) [ 0101000000000000]
imgBayer_read           (read             ) [ 0000000000000000]
store_ln812             (store            ) [ 0000000000000000]
p_ph                    (phi              ) [ 0111000000000000]
store_ln348             (store            ) [ 0000000000000000]
store_ln333             (store            ) [ 0000000000000000]
store_ln333             (store            ) [ 0000000000000000]
store_ln333             (store            ) [ 0000000000000000]
store_ln333             (store            ) [ 0000000000000000]
p_load211               (load             ) [ 0100111111111110]
p_load210               (load             ) [ 0100111111111110]
p_load209               (load             ) [ 0100111111111110]
p_load208               (load             ) [ 0100111111111110]
p_load207               (load             ) [ 0100111111111110]
p_load206               (load             ) [ 0100111111111110]
p_load205               (load             ) [ 0100111111111110]
p_load204               (load             ) [ 0100111111111110]
p_load203               (load             ) [ 0100111111111110]
p_load202               (load             ) [ 0100111111111110]
p_load201               (load             ) [ 0100111111111110]
p_load200               (load             ) [ 0100111111111110]
p_load199               (load             ) [ 0100111111111110]
p_load198               (load             ) [ 0100111111111110]
p_load                  (load             ) [ 0100111111111110]
select_ln387            (select           ) [ 0000000000000000]
select_ln387_1          (select           ) [ 0000000000000000]
select_ln387_2          (select           ) [ 0000000000000000]
select_ln387_3          (select           ) [ 0000000000000000]
select_ln387_4          (select           ) [ 0000000000000000]
select_ln387_5          (select           ) [ 0000000000000000]
select_ln387_6          (select           ) [ 0000000000000000]
select_ln387_7          (select           ) [ 0000000000000000]
select_ln387_8          (select           ) [ 0000000000000000]
select_ln387_9          (select           ) [ 0000000000000000]
select_ln387_10         (select           ) [ 0000000000000000]
select_ln387_11         (select           ) [ 0000000000000000]
select_ln387_12         (select           ) [ 0000000000000000]
select_ln387_13         (select           ) [ 0000000000000000]
select_ln387_14         (select           ) [ 0000000000000000]
select_ln387_15         (select           ) [ 0000000000000000]
select_ln387_16         (select           ) [ 0000000000000000]
select_ln387_17         (select           ) [ 0000000000000000]
select_ln387_18         (select           ) [ 0000000000000000]
select_ln387_19         (select           ) [ 0000000000000000]
select_ln403            (select           ) [ 0000000000000000]
select_ln403_1          (select           ) [ 0000000000000000]
LineBufVal_8            (select           ) [ 0000000000000000]
store_ln412             (store            ) [ 0000000000000000]
store_ln412             (store            ) [ 0000000000000000]
store_ln412             (store            ) [ 0000000000000000]
br_ln414                (br               ) [ 0000000000000000]
empty_153               (phi              ) [ 0101000000000000]
empty_154               (phi              ) [ 0111000000000000]
empty_155               (phi              ) [ 0111000000000000]
empty_156               (phi              ) [ 0111000000000000]
empty_157               (phi              ) [ 0101000000000000]
empty_158               (phi              ) [ 0111000000000000]
empty_159               (phi              ) [ 0111000000000000]
empty_160               (phi              ) [ 0111000000000000]
empty_161               (phi              ) [ 0101000000000000]
g_2                     (phi              ) [ 0111111111111111]
empty_162               (phi              ) [ 0111000000000000]
empty_163               (phi              ) [ 0111000000000000]
empty_164               (phi              ) [ 0101000000000000]
empty_165               (phi              ) [ 0111000000000000]
empty_166               (phi              ) [ 0111000000000000]
empty_167               (phi              ) [ 0111000000000000]
empty_168               (phi              ) [ 0101000000000000]
empty_169               (phi              ) [ 0111000000000000]
empty_170               (phi              ) [ 0111000000000000]
empty_171               (phi              ) [ 0111000000000000]
p_load221               (load             ) [ 0000000000000000]
p_load219               (load             ) [ 0000000000000000]
p_load217               (load             ) [ 0000000000000000]
p_load215               (load             ) [ 0000000000000000]
p_load213               (load             ) [ 0000000000000000]
shl_ln                  (bitconcatenate   ) [ 0000000000000000]
zext_ln450              (zext             ) [ 0000000000000000]
zext_ln450_1            (zext             ) [ 0100100000000000]
zext_ln450_2            (zext             ) [ 0000000000000000]
zext_ln450_3            (zext             ) [ 0100100000000000]
zext_ln450_4            (zext             ) [ 0000000000000000]
sub_ln450               (sub              ) [ 0000000000000000]
K                       (sub              ) [ 0100100000000000]
shl_ln3                 (bitconcatenate   ) [ 0000000000000000]
zext_ln451              (zext             ) [ 0000000000000000]
zext_ln451_1            (zext             ) [ 0000000000000000]
zext_ln451_2            (zext             ) [ 0000000000000000]
add_ln451               (add              ) [ 0000000000000000]
zext_ln451_3            (zext             ) [ 0000000000000000]
K_1                     (sub              ) [ 0100100000000000]
shl_ln4                 (bitconcatenate   ) [ 0000000000000000]
zext_ln452              (zext             ) [ 0000000000000000]
zext_ln452_1            (zext             ) [ 0100100000000000]
zext_ln452_2            (zext             ) [ 0000000000000000]
sub_ln452               (sub              ) [ 0000000000000000]
K_2                     (sub              ) [ 0100100000000000]
shl_ln5                 (bitconcatenate   ) [ 0000000000000000]
zext_ln453              (zext             ) [ 0000000000000000]
add_ln453               (add              ) [ 0000000000000000]
zext_ln453_1            (zext             ) [ 0000000000000000]
K_3                     (sub              ) [ 0100100000000000]
shl_ln6                 (bitconcatenate   ) [ 0000000000000000]
zext_ln454              (zext             ) [ 0000000000000000]
zext_ln454_1            (zext             ) [ 0000000000000000]
zext_ln454_2            (zext             ) [ 0000000000000000]
sub_ln454               (sub              ) [ 0000000000000000]
K_4                     (sub              ) [ 0100100000000000]
shl_ln7                 (bitconcatenate   ) [ 0000000000000000]
zext_ln455              (zext             ) [ 0000000000000000]
zext_ln455_1            (zext             ) [ 0000000000000000]
zext_ln455_2            (zext             ) [ 0100100000000000]
add_ln455               (add              ) [ 0000000000000000]
zext_ln455_3            (zext             ) [ 0000000000000000]
K_5                     (sub              ) [ 0100100000000000]
shl_ln8                 (bitconcatenate   ) [ 0000000000000000]
zext_ln456              (zext             ) [ 0000000000000000]
sub_ln456               (sub              ) [ 0000000000000000]
K_6                     (sub              ) [ 0100100000000000]
shl_ln9                 (bitconcatenate   ) [ 0000000000000000]
zext_ln457              (zext             ) [ 0000000000000000]
zext_ln457_1            (zext             ) [ 0000000000000000]
add_ln457               (add              ) [ 0000000000000000]
zext_ln457_2            (zext             ) [ 0000000000000000]
K_7                     (sub              ) [ 0100100000000000]
shl_ln1                 (bitconcatenate   ) [ 0000000000000000]
zext_ln458              (zext             ) [ 0000000000000000]
zext_ln458_1            (zext             ) [ 0100100000000000]
add_ln458               (add              ) [ 0000000000000000]
zext_ln458_2            (zext             ) [ 0000000000000000]
K_8                     (sub              ) [ 0100100000000000]
shl_ln2                 (bitconcatenate   ) [ 0000000000000000]
zext_ln459              (zext             ) [ 0000000000000000]
add_ln459               (add              ) [ 0000000000000000]
zext_ln459_1            (zext             ) [ 0000000000000000]
K_9                     (sub              ) [ 0100100000000000]
shl_ln10                (bitconcatenate   ) [ 0000000000000000]
zext_ln460              (zext             ) [ 0000000000000000]
zext_ln460_1            (zext             ) [ 0000000000000000]
add_ln460               (add              ) [ 0000000000000000]
zext_ln460_2            (zext             ) [ 0000000000000000]
K_10                    (sub              ) [ 0100100000000000]
shl_ln11                (bitconcatenate   ) [ 0000000000000000]
zext_ln461              (zext             ) [ 0000000000000000]
add_ln461               (add              ) [ 0000000000000000]
zext_ln461_1            (zext             ) [ 0000000000000000]
K_11                    (sub              ) [ 0100100000000000]
store_ln387             (store            ) [ 0000000000000000]
store_ln387             (store            ) [ 0000000000000000]
store_ln387             (store            ) [ 0000000000000000]
store_ln387             (store            ) [ 0000000000000000]
store_ln387             (store            ) [ 0000000000000000]
store_ln387             (store            ) [ 0000000000000000]
store_ln387             (store            ) [ 0000000000000000]
store_ln387             (store            ) [ 0000000000000000]
store_ln387             (store            ) [ 0000000000000000]
store_ln387             (store            ) [ 0000000000000000]
store_ln387             (store            ) [ 0000000000000000]
store_ln387             (store            ) [ 0000000000000000]
store_ln387             (store            ) [ 0000000000000000]
store_ln387             (store            ) [ 0000000000000000]
store_ln387             (store            ) [ 0000000000000000]
br_ln318                (br               ) [ 0000000000000000]
sext_ln465              (sext             ) [ 0100010000000000]
sext_ln465_1            (sext             ) [ 0100010000000000]
sext_ln465_2            (sext             ) [ 0100010000000000]
sext_ln465_3            (sext             ) [ 0100010000000000]
add_ln465               (add              ) [ 0000000000000000]
sext_ln465_4            (sext             ) [ 0000000000000000]
add_ln465_1             (add              ) [ 0000000000000000]
sext_ln465_5            (sext             ) [ 0000000000000000]
ave                     (add              ) [ 0100011111100000]
sext_ln435              (sext             ) [ 0000000000000000]
sext_ln466              (sext             ) [ 0100010000000000]
sext_ln466_1            (sext             ) [ 0100010000000000]
sext_ln466_2            (sext             ) [ 0100010000000000]
sext_ln466_3            (sext             ) [ 0100010000000000]
add_ln466               (add              ) [ 0000000000000000]
sext_ln466_4            (sext             ) [ 0000000000000000]
add_ln466_1             (add              ) [ 0000000000000000]
sext_ln466_5            (sext             ) [ 0000000000000000]
ave_1                   (add              ) [ 0100011111110000]
sext_ln435_1            (sext             ) [ 0000000000000000]
sext_ln467              (sext             ) [ 0100010000000000]
sext_ln467_1            (sext             ) [ 0100010000000000]
add_ln467               (add              ) [ 0000000000000000]
sext_ln467_2            (sext             ) [ 0000000000000000]
ave_2                   (add              ) [ 0100011111110000]
sext_ln435_2            (sext             ) [ 0000000000000000]
sext_ln468              (sext             ) [ 0100010000000000]
sext_ln468_1            (sext             ) [ 0100010000000000]
add_ln468               (add              ) [ 0000000000000000]
sext_ln468_2            (sext             ) [ 0000000000000000]
add_ln468_1             (add              ) [ 0000000000000000]
sext_ln468_3            (sext             ) [ 0000000000000000]
ave_3                   (add              ) [ 0100011111100000]
sext_ln435_3            (sext             ) [ 0000000000000000]
tmp_25                  (bitselect        ) [ 0000000000000000]
sub_ln472               (sub              ) [ 0000000000000000]
trunc_ln472_1_cast      (partselect       ) [ 0000000000000000]
trunc_ln472_2           (partselect       ) [ 0000000000000000]
sub_ln472_1             (sub              ) [ 0000000000000000]
mean                    (select           ) [ 0100010000000000]
tmp_26                  (bitselect        ) [ 0000000000000000]
sub_ln472_2             (sub              ) [ 0000000000000000]
trunc_ln472_4_cast      (partselect       ) [ 0000000000000000]
trunc_ln472_5           (partselect       ) [ 0000000000000000]
sub_ln472_3             (sub              ) [ 0000000000000000]
mean_1                  (select           ) [ 0100010000000000]
tmp_27                  (bitselect        ) [ 0000000000000000]
sub_ln472_4             (sub              ) [ 0000000000000000]
trunc_ln472_7_cast      (partselect       ) [ 0000000000000000]
trunc_ln472_8           (partselect       ) [ 0000000000000000]
sub_ln472_5             (sub              ) [ 0000000000000000]
mean_2                  (select           ) [ 0100010000000000]
tmp_28                  (bitselect        ) [ 0000000000000000]
sub_ln472_6             (sub              ) [ 0000000000000000]
trunc_ln472_cast        (partselect       ) [ 0000000000000000]
trunc_ln472_s           (partselect       ) [ 0000000000000000]
sub_ln472_7             (sub              ) [ 0000000000000000]
mean_3                  (select           ) [ 0100010000000000]
sub_ln483               (sub              ) [ 0000000000000000]
trunc_ln61_24           (trunc            ) [ 0000000000000000]
tmp_45                  (bitselect        ) [ 0000000000000000]
sub_ln61_24             (sub              ) [ 0000000000000000]
select_ln61_16          (select           ) [ 0000000000000000]
zext_ln483              (zext             ) [ 0000000000000000]
sub_ln483_1             (sub              ) [ 0000000000000000]
trunc_ln61_25           (trunc            ) [ 0000000000000000]
tmp_46                  (bitselect        ) [ 0000000000000000]
sub_ln61_25             (sub              ) [ 0000000000000000]
select_ln61_17          (select           ) [ 0000000000000000]
zext_ln483_1            (zext             ) [ 0000000000000000]
add_ln483               (add              ) [ 0000000000000000]
SD                      (partselect       ) [ 0100011000000000]
sub_ln484               (sub              ) [ 0000000000000000]
trunc_ln61_26           (trunc            ) [ 0000000000000000]
tmp_47                  (bitselect        ) [ 0000000000000000]
sub_ln61_26             (sub              ) [ 0000000000000000]
select_ln61_18          (select           ) [ 0000000000000000]
zext_ln484              (zext             ) [ 0000000000000000]
sub_ln484_1             (sub              ) [ 0000000000000000]
trunc_ln61_27           (trunc            ) [ 0000000000000000]
tmp_48                  (bitselect        ) [ 0000000000000000]
sub_ln61_27             (sub              ) [ 0000000000000000]
select_ln61_19          (select           ) [ 0000000000000000]
zext_ln484_1            (zext             ) [ 0000000000000000]
add_ln484               (add              ) [ 0000000000000000]
SD_1                    (partselect       ) [ 0100011000000000]
sext_ln476              (sext             ) [ 0000000000000000]
sub_ln476               (sub              ) [ 0000000000000000]
sext_ln61               (sext             ) [ 0000000000000000]
trunc_ln61              (trunc            ) [ 0000000000000000]
tmp_29                  (bitselect        ) [ 0000000000000000]
sub_ln61                (sub              ) [ 0000000000000000]
select_ln61             (select           ) [ 0000000000000000]
zext_ln476              (zext             ) [ 0000000000000000]
sub_ln476_1             (sub              ) [ 0000000000000000]
sext_ln61_1             (sext             ) [ 0000000000000000]
trunc_ln61_9            (trunc            ) [ 0000000000000000]
tmp_30                  (bitselect        ) [ 0000000000000000]
sub_ln61_9              (sub              ) [ 0000000000000000]
select_ln61_1           (select           ) [ 0000000000000000]
zext_ln476_1            (zext             ) [ 0000000000000000]
sub_ln476_2             (sub              ) [ 0000000000000000]
sext_ln61_2             (sext             ) [ 0000000000000000]
trunc_ln61_10           (trunc            ) [ 0000000000000000]
tmp_31                  (bitselect        ) [ 0000000000000000]
sub_ln61_10             (sub              ) [ 0000000000000000]
select_ln61_2           (select           ) [ 0000000000000000]
zext_ln476_2            (zext             ) [ 0000000000000000]
sub_ln476_3             (sub              ) [ 0000000000000000]
sext_ln61_3             (sext             ) [ 0000000000000000]
trunc_ln61_11           (trunc            ) [ 0000000000000000]
tmp_32                  (bitselect        ) [ 0000000000000000]
sub_ln61_11             (sub              ) [ 0000000000000000]
select_ln61_3           (select           ) [ 0000000000000000]
zext_ln476_3            (zext             ) [ 0000000000000000]
add_ln476               (add              ) [ 0000000000000000]
zext_ln476_4            (zext             ) [ 0000000000000000]
add_ln476_1             (add              ) [ 0000000000000000]
zext_ln476_5            (zext             ) [ 0000000000000000]
add_ln476_2             (add              ) [ 0000000000000000]
var                     (partselect       ) [ 0100001000000000]
sext_ln477              (sext             ) [ 0000000000000000]
sub_ln477               (sub              ) [ 0000000000000000]
sext_ln61_4             (sext             ) [ 0000000000000000]
trunc_ln61_12           (trunc            ) [ 0000000000000000]
tmp_33                  (bitselect        ) [ 0000000000000000]
sub_ln61_12             (sub              ) [ 0000000000000000]
select_ln61_4           (select           ) [ 0000000000000000]
zext_ln477              (zext             ) [ 0000000000000000]
sub_ln477_1             (sub              ) [ 0000000000000000]
sext_ln61_5             (sext             ) [ 0000000000000000]
trunc_ln61_13           (trunc            ) [ 0000000000000000]
tmp_34                  (bitselect        ) [ 0000000000000000]
sub_ln61_13             (sub              ) [ 0000000000000000]
select_ln61_5           (select           ) [ 0000000000000000]
zext_ln477_1            (zext             ) [ 0000000000000000]
sub_ln477_2             (sub              ) [ 0000000000000000]
sext_ln61_6             (sext             ) [ 0000000000000000]
trunc_ln61_14           (trunc            ) [ 0000000000000000]
tmp_35                  (bitselect        ) [ 0000000000000000]
sub_ln61_14             (sub              ) [ 0000000000000000]
select_ln61_6           (select           ) [ 0000000000000000]
zext_ln477_2            (zext             ) [ 0000000000000000]
sub_ln477_3             (sub              ) [ 0000000000000000]
sext_ln61_7             (sext             ) [ 0000000000000000]
trunc_ln61_15           (trunc            ) [ 0000000000000000]
tmp_36                  (bitselect        ) [ 0000000000000000]
sub_ln61_15             (sub              ) [ 0000000000000000]
select_ln61_7           (select           ) [ 0000000000000000]
zext_ln477_3            (zext             ) [ 0000000000000000]
add_ln477               (add              ) [ 0000000000000000]
zext_ln477_4            (zext             ) [ 0000000000000000]
add_ln477_1             (add              ) [ 0000000000000000]
zext_ln477_5            (zext             ) [ 0000000000000000]
add_ln477_2             (add              ) [ 0000000000000000]
var_1                   (partselect       ) [ 0100001000000000]
sext_ln478              (sext             ) [ 0000000000000000]
sub_ln478               (sub              ) [ 0000000000000000]
sext_ln61_8             (sext             ) [ 0000000000000000]
trunc_ln61_16           (trunc            ) [ 0000000000000000]
tmp_37                  (bitselect        ) [ 0000000000000000]
sub_ln61_16             (sub              ) [ 0000000000000000]
select_ln61_8           (select           ) [ 0000000000000000]
zext_ln478              (zext             ) [ 0000000000000000]
sub_ln478_1             (sub              ) [ 0000000000000000]
sext_ln61_9             (sext             ) [ 0000000000000000]
trunc_ln61_17           (trunc            ) [ 0000000000000000]
tmp_38                  (bitselect        ) [ 0000000000000000]
sub_ln61_17             (sub              ) [ 0000000000000000]
select_ln61_9           (select           ) [ 0000000000000000]
zext_ln478_1            (zext             ) [ 0000000000000000]
sub_ln478_2             (sub              ) [ 0000000000000000]
sext_ln61_10            (sext             ) [ 0000000000000000]
trunc_ln61_18           (trunc            ) [ 0000000000000000]
tmp_39                  (bitselect        ) [ 0000000000000000]
sub_ln61_18             (sub              ) [ 0000000000000000]
select_ln61_10          (select           ) [ 0000000000000000]
zext_ln478_2            (zext             ) [ 0000000000000000]
sub_ln478_3             (sub              ) [ 0000000000000000]
sext_ln61_11            (sext             ) [ 0000000000000000]
trunc_ln61_19           (trunc            ) [ 0000000000000000]
tmp_40                  (bitselect        ) [ 0000000000000000]
sub_ln61_19             (sub              ) [ 0000000000000000]
select_ln61_11          (select           ) [ 0000000000000000]
zext_ln478_3            (zext             ) [ 0000000000000000]
add_ln478               (add              ) [ 0000000000000000]
zext_ln478_4            (zext             ) [ 0000000000000000]
add_ln478_1             (add              ) [ 0000000000000000]
zext_ln478_5            (zext             ) [ 0000000000000000]
add_ln478_2             (add              ) [ 0000000000000000]
var_2                   (partselect       ) [ 0100001000000000]
sext_ln479              (sext             ) [ 0000000000000000]
sub_ln479               (sub              ) [ 0000000000000000]
sext_ln61_12            (sext             ) [ 0000000000000000]
trunc_ln61_20           (trunc            ) [ 0000000000000000]
tmp_41                  (bitselect        ) [ 0000000000000000]
sub_ln61_20             (sub              ) [ 0000000000000000]
select_ln61_12          (select           ) [ 0000000000000000]
zext_ln479              (zext             ) [ 0000000000000000]
sub_ln479_1             (sub              ) [ 0000000000000000]
sext_ln61_13            (sext             ) [ 0000000000000000]
trunc_ln61_21           (trunc            ) [ 0000000000000000]
tmp_42                  (bitselect        ) [ 0000000000000000]
sub_ln61_21             (sub              ) [ 0000000000000000]
select_ln61_13          (select           ) [ 0000000000000000]
zext_ln479_1            (zext             ) [ 0000000000000000]
sub_ln479_2             (sub              ) [ 0000000000000000]
sext_ln61_14            (sext             ) [ 0000000000000000]
trunc_ln61_22           (trunc            ) [ 0000000000000000]
tmp_43                  (bitselect        ) [ 0000000000000000]
sub_ln61_22             (sub              ) [ 0000000000000000]
select_ln61_14          (select           ) [ 0000000000000000]
zext_ln479_2            (zext             ) [ 0000000000000000]
sub_ln479_3             (sub              ) [ 0000000000000000]
sext_ln61_15            (sext             ) [ 0000000000000000]
trunc_ln61_23           (trunc            ) [ 0000000000000000]
tmp_44                  (bitselect        ) [ 0000000000000000]
sub_ln61_23             (sub              ) [ 0000000000000000]
select_ln61_15          (select           ) [ 0000000000000000]
zext_ln479_3            (zext             ) [ 0000000000000000]
add_ln479               (add              ) [ 0000000000000000]
zext_ln479_4            (zext             ) [ 0000000000000000]
add_ln479_1             (add              ) [ 0000000000000000]
zext_ln479_5            (zext             ) [ 0000000000000000]
add_ln479_2             (add              ) [ 0000000000000000]
var_3                   (partselect       ) [ 0100001000000000]
zext_ln483_2            (zext             ) [ 0000000000000000]
zext_ln484_2            (zext             ) [ 0000000000000000]
add_ln492               (add              ) [ 0000000000000000]
zext_ln492              (zext             ) [ 0000000000000000]
add_ln492_1             (add              ) [ 0000000000000000]
lshr_ln                 (partselect       ) [ 0000000000000000]
zext_ln493              (zext             ) [ 0000000000000000]
DIV1_TABLE_addr         (getelementptr    ) [ 0100000100000000]
add_ln492_2             (add              ) [ 0000000000000000]
zext_ln492_1            (zext             ) [ 0000000000000000]
add_ln492_3             (add              ) [ 0000000000000000]
lshr_ln492_1            (partselect       ) [ 0000000000000000]
zext_ln493_1            (zext             ) [ 0000000000000000]
DIV1_TABLE_addr_1       (getelementptr    ) [ 0100000100000000]
add_ln492_4             (add              ) [ 0000000000000000]
lshr_ln492_2            (partselect       ) [ 0000000000000000]
zext_ln493_2            (zext             ) [ 0000000000000000]
DIV1_TABLE_addr_2       (getelementptr    ) [ 0100000100000000]
add_ln492_5             (add              ) [ 0000000000000000]
lshr_ln492_3            (partselect       ) [ 0000000000000000]
zext_ln493_3            (zext             ) [ 0000000000000000]
DIV1_TABLE_addr_3       (getelementptr    ) [ 0100000100000000]
DIV1_TABLE_load         (load             ) [ 0000000000000000]
sw                      (partselect       ) [ 0100000011100000]
DIV1_TABLE_load_1       (load             ) [ 0000000000000000]
lshr_ln1                (partselect       ) [ 0100000011100000]
zext_ln492_2            (zext             ) [ 0000000000000000]
DIV1_TABLE_load_2       (load             ) [ 0000000000000000]
lshr_ln494_1            (partselect       ) [ 0100000011100000]
zext_ln492_3            (zext             ) [ 0000000000000000]
DIV1_TABLE_load_3       (load             ) [ 0000000000000000]
lshr_ln494_2            (partselect       ) [ 0100000011100000]
add_ln495               (add              ) [ 0100000010000000]
zext_ln494              (zext             ) [ 0000000000000000]
zext_ln495              (zext             ) [ 0000000000000000]
zext_ln495_2            (zext             ) [ 0000000000000000]
add_ln495_1             (add              ) [ 0000000000000000]
zext_ln495_1            (zext             ) [ 0000000000000000]
sw_1                    (add              ) [ 0000000000000000]
zext_ln497              (zext             ) [ 0000000000000000]
DIV2_TABLE_addr         (getelementptr    ) [ 0100000001000000]
norm                    (load             ) [ 0100000000100000]
sext_ln472              (sext             ) [ 0100000000011000]
sext_ln472_3            (sext             ) [ 0100000000011000]
zext_ln501              (zext             ) [ 0000000000000000]
mul_ln501               (mul              ) [ 0000000000000000]
lshr_ln2                (partselect       ) [ 0000000000000000]
zext_ln501_1            (zext             ) [ 0000000000000000]
mul_ln501_1             (mul              ) [ 0000000000000000]
lshr_ln501_1            (partselect       ) [ 0100000000010000]
zext_ln501_2            (zext             ) [ 0000000000000000]
mul_ln501_2             (mul              ) [ 0000000000000000]
lshr_ln501_2            (partselect       ) [ 0100000000010000]
zext_ln501_3            (zext             ) [ 0000000000000000]
mul_ln501_3             (mul              ) [ 0000000000000000]
lshr_ln501_3            (partselect       ) [ 0000000000000000]
zext_ln504              (zext             ) [ 0100000000011000]
zext_ln504_2            (zext             ) [ 0100000000011000]
sext_ln472_1            (sext             ) [ 0000000000000000]
sext_ln472_2            (sext             ) [ 0000000000000000]
zext_ln504_1            (zext             ) [ 0000000000000000]
zext_ln504_3            (zext             ) [ 0000000000000000]
mul_ln504_1             (mul              ) [ 0100000000001000]
mul_ln504_3             (mul              ) [ 0100000000001000]
mul_ln504               (mul              ) [ 0000000000000000]
sext_ln504              (sext             ) [ 0100000000000100]
sext_ln504_1            (sext             ) [ 0100000000000100]
mul_ln504_2             (mul              ) [ 0000000000000000]
sext_ln504_2            (sext             ) [ 0100000000000100]
sext_ln504_3            (sext             ) [ 0100000000000100]
add_ln504               (add              ) [ 0000000000000000]
sext_ln504_4            (sext             ) [ 0000000000000000]
add_ln504_1             (add              ) [ 0000000000000000]
sext_ln504_6            (sext             ) [ 0000000000000000]
add_ln504_2             (add              ) [ 0100000000000010]
sext_ln504_5            (sext             ) [ 0000000000000000]
sub_ln504               (sub              ) [ 0000000000000000]
tmp_3_cast              (partselect       ) [ 0100000000000010]
zext_ln504_4            (zext             ) [ 0000000000000000]
tmp_49                  (bitselect        ) [ 0000000000000000]
sub_ln504_1             (sub              ) [ 0000000000000000]
zext_ln504_5            (partselect       ) [ 0000000000000000]
select_ln504            (select           ) [ 0000000000000000]
sext_ln504_7            (sext             ) [ 0000000000000000]
g                       (add              ) [ 0000000000000000]
g_1                     (select           ) [ 0000000000000000]
g_1_cast58              (sext             ) [ 0000000000000000]
tmp_50                  (bitselect        ) [ 0000000000000000]
tmp_51                  (partselect       ) [ 0000000000000000]
icmp_ln510              (icmp             ) [ 0000000000000000]
trunc_ln510             (trunc            ) [ 0000000000000000]
xor_ln510               (xor              ) [ 0000000000000000]
select_ln510_1          (select           ) [ 0000000000000000]
or_ln510                (or               ) [ 0000000000000000]
select_ln510            (select           ) [ 0100000000000001]
phitmp                  (select           ) [ 0000000000000000]
phitmp9                 (select           ) [ 0000000000000000]
phi_ln509               (select           ) [ 0000000000000000]
phi_ln511               (select           ) [ 0000000000000000]
or_ln587_3              (bitconcatenate   ) [ 0000000000000000]
write_ln587             (write            ) [ 0000000000000000]
br_ln588                (br               ) [ 0000000000000000]
store_ln0               (store            ) [ 0000000000000000]
store_ln0               (store            ) [ 0000000000000000]
store_ln0               (store            ) [ 0000000000000000]
store_ln0               (store            ) [ 0000000000000000]
store_ln0               (store            ) [ 0000000000000000]
store_ln0               (store            ) [ 0000000000000000]
store_ln0               (store            ) [ 0000000000000000]
store_ln0               (store            ) [ 0000000000000000]
store_ln0               (store            ) [ 0000000000000000]
store_ln0               (store            ) [ 0000000000000000]
store_ln0               (store            ) [ 0000000000000000]
store_ln0               (store            ) [ 0000000000000000]
store_ln0               (store            ) [ 0000000000000000]
store_ln0               (store            ) [ 0000000000000000]
store_ln0               (store            ) [ 0000000000000000]
store_ln0               (store            ) [ 0000000000000000]
store_ln0               (store            ) [ 0000000000000000]
store_ln0               (store            ) [ 0000000000000000]
store_ln0               (store            ) [ 0000000000000000]
store_ln0               (store            ) [ 0000000000000000]
ret_ln0                 (ret              ) [ 0000000000000000]
</LifeTime>

<model>

<comp_list>
<comp id="0" class="1000" name="p_lcssa52315241">
<pin_list>
<pin id="1" dir="1" index="0" bw="1" slack="0"/>
</pin_list>
<bind>
<StgValue><ssdm name="p_lcssa52315241"/></StgValue>
</bind>
</comp>

<comp id="2" class="1000" name="p_lcssa52305239">
<pin_list>
<pin id="3" dir="1" index="0" bw="1" slack="0"/>
</pin_list>
<bind>
<StgValue><ssdm name="p_lcssa52305239"/></StgValue>
</bind>
</comp>

<comp id="4" class="1000" name="p_lcssa52295237">
<pin_list>
<pin id="5" dir="1" index="0" bw="1" slack="0"/>
</pin_list>
<bind>
<StgValue><ssdm name="p_lcssa52295237"/></StgValue>
</bind>
</comp>

<comp id="6" class="1000" name="p_lcssa52285235">
<pin_list>
<pin id="7" dir="1" index="0" bw="1" slack="0"/>
</pin_list>
<bind>
<StgValue><ssdm name="p_lcssa52285235"/></StgValue>
</bind>
</comp>

<comp id="8" class="1000" name="p_lcssa52275233">
<pin_list>
<pin id="9" dir="1" index="0" bw="1" slack="0"/>
</pin_list>
<bind>
<StgValue><ssdm name="p_lcssa52275233"/></StgValue>
</bind>
</comp>

<comp id="10" class="1000" name="p_lcssa50685110">
<pin_list>
<pin id="11" dir="1" index="0" bw="1" slack="0"/>
</pin_list>
<bind>
<StgValue><ssdm name="p_lcssa50685110"/></StgValue>
</bind>
</comp>

<comp id="12" class="1000" name="p_lcssa50675108">
<pin_list>
<pin id="13" dir="1" index="0" bw="1" slack="0"/>
</pin_list>
<bind>
<StgValue><ssdm name="p_lcssa50675108"/></StgValue>
</bind>
</comp>

<comp id="14" class="1000" name="p_lcssa50655106">
<pin_list>
<pin id="15" dir="1" index="0" bw="1" slack="0"/>
</pin_list>
<bind>
<StgValue><ssdm name="p_lcssa50655106"/></StgValue>
</bind>
</comp>

<comp id="16" class="1000" name="p_lcssa50645104">
<pin_list>
<pin id="17" dir="1" index="0" bw="1" slack="0"/>
</pin_list>
<bind>
<StgValue><ssdm name="p_lcssa50645104"/></StgValue>
</bind>
</comp>

<comp id="18" class="1000" name="p_lcssa50635102">
<pin_list>
<pin id="19" dir="1" index="0" bw="1" slack="0"/>
</pin_list>
<bind>
<StgValue><ssdm name="p_lcssa50635102"/></StgValue>
</bind>
</comp>

<comp id="20" class="1000" name="p_lcssa50615100">
<pin_list>
<pin id="21" dir="1" index="0" bw="1" slack="0"/>
</pin_list>
<bind>
<StgValue><ssdm name="p_lcssa50615100"/></StgValue>
</bind>
</comp>

<comp id="22" class="1000" name="p_lcssa50605098">
<pin_list>
<pin id="23" dir="1" index="0" bw="1" slack="0"/>
</pin_list>
<bind>
<StgValue><ssdm name="p_lcssa50605098"/></StgValue>
</bind>
</comp>

<comp id="24" class="1000" name="p_lcssa50595096">
<pin_list>
<pin id="25" dir="1" index="0" bw="1" slack="0"/>
</pin_list>
<bind>
<StgValue><ssdm name="p_lcssa50595096"/></StgValue>
</bind>
</comp>

<comp id="26" class="1000" name="p_lcssa50575094">
<pin_list>
<pin id="27" dir="1" index="0" bw="1" slack="0"/>
</pin_list>
<bind>
<StgValue><ssdm name="p_lcssa50575094"/></StgValue>
</bind>
</comp>

<comp id="28" class="1000" name="p_lcssa50565092">
<pin_list>
<pin id="29" dir="1" index="0" bw="1" slack="0"/>
</pin_list>
<bind>
<StgValue><ssdm name="p_lcssa50565092"/></StgValue>
</bind>
</comp>

<comp id="30" class="1000" name="p_lcssa50555090">
<pin_list>
<pin id="31" dir="1" index="0" bw="1" slack="0"/>
</pin_list>
<bind>
<StgValue><ssdm name="p_lcssa50555090"/></StgValue>
</bind>
</comp>

<comp id="32" class="1000" name="p_lcssa50535088">
<pin_list>
<pin id="33" dir="1" index="0" bw="1" slack="0"/>
</pin_list>
<bind>
<StgValue><ssdm name="p_lcssa50535088"/></StgValue>
</bind>
</comp>

<comp id="34" class="1000" name="p_lcssa50525086">
<pin_list>
<pin id="35" dir="1" index="0" bw="1" slack="0"/>
</pin_list>
<bind>
<StgValue><ssdm name="p_lcssa50525086"/></StgValue>
</bind>
</comp>

<comp id="36" class="1000" name="p_lcssa50515084">
<pin_list>
<pin id="37" dir="1" index="0" bw="1" slack="0"/>
</pin_list>
<bind>
<StgValue><ssdm name="p_lcssa50515084"/></StgValue>
</bind>
</comp>

<comp id="38" class="1000" name="p_lcssa50495082">
<pin_list>
<pin id="39" dir="1" index="0" bw="1" slack="0"/>
</pin_list>
<bind>
<StgValue><ssdm name="p_lcssa50495082"/></StgValue>
</bind>
</comp>

<comp id="40" class="1000" name="height_val">
<pin_list>
<pin id="41" dir="1" index="0" bw="1" slack="0"/>
</pin_list>
<bind>
<StgValue><ssdm name="height_val"/></StgValue>
</bind>
</comp>

<comp id="42" class="1000" name="y">
<pin_list>
<pin id="43" dir="1" index="0" bw="1" slack="0"/>
</pin_list>
<bind>
<StgValue><ssdm name="y"/></StgValue>
</bind>
</comp>

<comp id="44" class="1000" name="width_val">
<pin_list>
<pin id="45" dir="1" index="0" bw="1" slack="0"/>
</pin_list>
<bind>
<StgValue><ssdm name="width_val"/></StgValue>
</bind>
</comp>

<comp id="46" class="1000" name="empty_56">
<pin_list>
<pin id="47" dir="1" index="0" bw="1" slack="0"/>
</pin_list>
<bind>
<StgValue><ssdm name="empty_56"/></StgValue>
</bind>
</comp>

<comp id="48" class="1000" name="trunc_ln">
<pin_list>
<pin id="49" dir="1" index="0" bw="1" slack="0"/>
</pin_list>
<bind>
<StgValue><ssdm name="trunc_ln"/></StgValue>
</bind>
</comp>

<comp id="50" class="1000" name="loopWidth">
<pin_list>
<pin id="51" dir="1" index="0" bw="1" slack="0"/>
</pin_list>
<bind>
<StgValue><ssdm name="loopWidth"/></StgValue>
</bind>
</comp>

<comp id="52" class="1000" name="imgG">
<pin_list>
<pin id="53" dir="1" index="0" bw="1" slack="0"/>
</pin_list>
<bind>
<StgValue><ssdm name="imgG"/></StgValue>
</bind>
</comp>

<comp id="54" class="1000" name="empty">
<pin_list>
<pin id="55" dir="1" index="0" bw="1" slack="0"/>
</pin_list>
<bind>
<StgValue><ssdm name="empty"/></StgValue>
</bind>
</comp>

<comp id="56" class="1000" name="xor_ln439">
<pin_list>
<pin id="57" dir="1" index="0" bw="1" slack="0"/>
</pin_list>
<bind>
<StgValue><ssdm name="xor_ln439"/></StgValue>
</bind>
</comp>

<comp id="58" class="1000" name="out_y">
<pin_list>
<pin id="59" dir="1" index="0" bw="1" slack="0"/>
</pin_list>
<bind>
<StgValue><ssdm name="out_y"/></StgValue>
</bind>
</comp>

<comp id="60" class="1000" name="imgBayer">
<pin_list>
<pin id="61" dir="1" index="0" bw="1" slack="0"/>
</pin_list>
<bind>
<StgValue><ssdm name="imgBayer"/></StgValue>
</bind>
</comp>

<comp id="62" class="1000" name="p_out">
<pin_list>
<pin id="63" dir="1" index="0" bw="1" slack="0"/>
</pin_list>
<bind>
<StgValue><ssdm name="p_out"/></StgValue>
</bind>
</comp>

<comp id="64" class="1000" name="p_out1">
<pin_list>
<pin id="65" dir="1" index="0" bw="1" slack="0"/>
</pin_list>
<bind>
<StgValue><ssdm name="p_out1"/></StgValue>
</bind>
</comp>

<comp id="66" class="1000" name="p_out2">
<pin_list>
<pin id="67" dir="1" index="0" bw="1" slack="0"/>
</pin_list>
<bind>
<StgValue><ssdm name="p_out2"/></StgValue>
</bind>
</comp>

<comp id="68" class="1000" name="p_out3">
<pin_list>
<pin id="69" dir="1" index="0" bw="1" slack="0"/>
</pin_list>
<bind>
<StgValue><ssdm name="p_out3"/></StgValue>
</bind>
</comp>

<comp id="70" class="1000" name="p_out4">
<pin_list>
<pin id="71" dir="1" index="0" bw="1" slack="0"/>
</pin_list>
<bind>
<StgValue><ssdm name="p_out4"/></StgValue>
</bind>
</comp>

<comp id="72" class="1000" name="p_out5">
<pin_list>
<pin id="73" dir="1" index="0" bw="1" slack="0"/>
</pin_list>
<bind>
<StgValue><ssdm name="p_out5"/></StgValue>
</bind>
</comp>

<comp id="74" class="1000" name="p_out6">
<pin_list>
<pin id="75" dir="1" index="0" bw="1" slack="0"/>
</pin_list>
<bind>
<StgValue><ssdm name="p_out6"/></StgValue>
</bind>
</comp>

<comp id="76" class="1000" name="p_out7">
<pin_list>
<pin id="77" dir="1" index="0" bw="1" slack="0"/>
</pin_list>
<bind>
<StgValue><ssdm name="p_out7"/></StgValue>
</bind>
</comp>

<comp id="78" class="1000" name="p_out8">
<pin_list>
<pin id="79" dir="1" index="0" bw="1" slack="0"/>
</pin_list>
<bind>
<StgValue><ssdm name="p_out8"/></StgValue>
</bind>
</comp>

<comp id="80" class="1000" name="p_out9">
<pin_list>
<pin id="81" dir="1" index="0" bw="1" slack="0"/>
</pin_list>
<bind>
<StgValue><ssdm name="p_out9"/></StgValue>
</bind>
</comp>

<comp id="82" class="1000" name="p_out10">
<pin_list>
<pin id="83" dir="1" index="0" bw="1" slack="0"/>
</pin_list>
<bind>
<StgValue><ssdm name="p_out10"/></StgValue>
</bind>
</comp>

<comp id="84" class="1000" name="p_out11">
<pin_list>
<pin id="85" dir="1" index="0" bw="1" slack="0"/>
</pin_list>
<bind>
<StgValue><ssdm name="p_out11"/></StgValue>
</bind>
</comp>

<comp id="86" class="1000" name="p_out12">
<pin_list>
<pin id="87" dir="1" index="0" bw="1" slack="0"/>
</pin_list>
<bind>
<StgValue><ssdm name="p_out12"/></StgValue>
</bind>
</comp>

<comp id="88" class="1000" name="p_out13">
<pin_list>
<pin id="89" dir="1" index="0" bw="1" slack="0"/>
</pin_list>
<bind>
<StgValue><ssdm name="p_out13"/></StgValue>
</bind>
</comp>

<comp id="90" class="1000" name="p_out14">
<pin_list>
<pin id="91" dir="1" index="0" bw="1" slack="0"/>
</pin_list>
<bind>
<StgValue><ssdm name="p_out14"/></StgValue>
</bind>
</comp>

<comp id="92" class="1000" name="p_out15">
<pin_list>
<pin id="93" dir="1" index="0" bw="1" slack="0"/>
</pin_list>
<bind>
<StgValue><ssdm name="p_out15"/></StgValue>
</bind>
</comp>

<comp id="94" class="1000" name="p_out16">
<pin_list>
<pin id="95" dir="1" index="0" bw="1" slack="0"/>
</pin_list>
<bind>
<StgValue><ssdm name="p_out16"/></StgValue>
</bind>
</comp>

<comp id="96" class="1000" name="p_out17">
<pin_list>
<pin id="97" dir="1" index="0" bw="1" slack="0"/>
</pin_list>
<bind>
<StgValue><ssdm name="p_out17"/></StgValue>
</bind>
</comp>

<comp id="98" class="1000" name="p_out18">
<pin_list>
<pin id="99" dir="1" index="0" bw="1" slack="0"/>
</pin_list>
<bind>
<StgValue><ssdm name="p_out18"/></StgValue>
</bind>
</comp>

<comp id="100" class="1000" name="p_out19">
<pin_list>
<pin id="101" dir="1" index="0" bw="1" slack="0"/>
</pin_list>
<bind>
<StgValue><ssdm name="p_out19"/></StgValue>
</bind>
</comp>

<comp id="102" class="1000" name="DIV1_TABLE">
<pin_list>
<pin id="103" dir="1" index="0" bw="1" slack="0"/>
</pin_list>
<bind>
<StgValue><ssdm name="DIV1_TABLE"/><MemPortTyVec>1 1 1 1 </MemPortTyVec>
</StgValue>
</bind>
</comp>

<comp id="104" class="1000" name="DIV2_TABLE">
<pin_list>
<pin id="105" dir="1" index="0" bw="1" slack="0"/>
</pin_list>
<bind>
<StgValue><ssdm name="DIV2_TABLE"/><MemPortTyVec>1 </MemPortTyVec>
</StgValue>
</bind>
</comp>

<comp id="106" class="1001" name="const_106">
<pin_list>
<pin id="107" dir="1" index="0" bw="1" slack="0"/>
</pin_list>
<bind>
<StgValue><ssdm name=""/></StgValue>
</bind>
</comp>

<comp id="108" class="1001" name="const_108">
<pin_list>
<pin id="109" dir="1" index="0" bw="1" slack="2147483647"/>
</pin_list>
<bind>
<StgValue><ssdm name="_ssdm_op_SpecInterface"/></StgValue>
</bind>
</comp>

<comp id="110" class="1001" name="const_110">
<pin_list>
<pin id="111" dir="1" index="0" bw="1" slack="2147483647"/>
</pin_list>
<bind>
<StgValue><ssdm name="empty_20"/></StgValue>
</bind>
</comp>

<comp id="112" class="1001" name="const_112">
<pin_list>
<pin id="113" dir="1" index="0" bw="1" slack="2147483647"/>
</pin_list>
<bind>
<StgValue><ssdm name=""/></StgValue>
</bind>
</comp>

<comp id="114" class="1001" name="const_114">
<pin_list>
<pin id="115" dir="1" index="0" bw="1" slack="2147483647"/>
</pin_list>
<bind>
<StgValue><ssdm name="empty_14"/></StgValue>
</bind>
</comp>

<comp id="116" class="1001" name="const_116">
<pin_list>
<pin id="117" dir="1" index="0" bw="1" slack="2147483647"/>
</pin_list>
<bind>
<StgValue><ssdm name=""/></StgValue>
</bind>
</comp>

<comp id="118" class="1001" name="const_118">
<pin_list>
<pin id="119" dir="1" index="0" bw="1" slack="0"/>
</pin_list>
<bind>
<StgValue><ssdm name="_ssdm_op_Read.ap_auto.i17"/></StgValue>
</bind>
</comp>

<comp id="120" class="1001" name="const_120">
<pin_list>
<pin id="121" dir="1" index="0" bw="1" slack="0"/>
</pin_list>
<bind>
<StgValue><ssdm name="_ssdm_op_Read.ap_auto.i15"/></StgValue>
</bind>
</comp>

<comp id="122" class="1001" name="const_122">
<pin_list>
<pin id="123" dir="1" index="0" bw="1" slack="0"/>
</pin_list>
<bind>
<StgValue><ssdm name="_ssdm_op_Read.ap_auto.i1"/></StgValue>
</bind>
</comp>

<comp id="124" class="1001" name="const_124">
<pin_list>
<pin id="125" dir="1" index="0" bw="1" slack="0"/>
</pin_list>
<bind>
<StgValue><ssdm name="_ssdm_op_Read.ap_auto.i16"/></StgValue>
</bind>
</comp>

<comp id="126" class="1001" name="const_126">
<pin_list>
<pin id="127" dir="1" index="0" bw="1" slack="0"/>
</pin_list>
<bind>
<StgValue><ssdm name="_ssdm_op_Read.ap_auto.i10"/></StgValue>
</bind>
</comp>

<comp id="128" class="1001" name="const_128">
<pin_list>
<pin id="129" dir="1" index="0" bw="1" slack="0"/>
</pin_list>
<bind>
<StgValue><ssdm name=""/></StgValue>
</bind>
</comp>

<comp id="130" class="1001" name="const_130">
<pin_list>
<pin id="131" dir="1" index="0" bw="1" slack="0"/>
</pin_list>
<bind>
<StgValue><ssdm name=""/></StgValue>
</bind>
</comp>

<comp id="132" class="1001" name="const_132">
<pin_list>
<pin id="133" dir="1" index="0" bw="1" slack="0"/>
</pin_list>
<bind>
<StgValue><ssdm name=""/></StgValue>
</bind>
</comp>

<comp id="134" class="1001" name="const_134">
<pin_list>
<pin id="135" dir="1" index="0" bw="1" slack="2147483647"/>
</pin_list>
<bind>
<StgValue><ssdm name="_ssdm_op_SpecPipeline"/></StgValue>
</bind>
</comp>

<comp id="136" class="1001" name="const_136">
<pin_list>
<pin id="137" dir="1" index="0" bw="1" slack="2147483647"/>
</pin_list>
<bind>
<StgValue><ssdm name="_ssdm_op_SpecLoopTripCount"/></StgValue>
</bind>
</comp>

<comp id="138" class="1001" name="const_138">
<pin_list>
<pin id="139" dir="1" index="0" bw="1" slack="2147483647"/>
</pin_list>
<bind>
<StgValue><ssdm name=""/></StgValue>
</bind>
</comp>

<comp id="140" class="1001" name="const_140">
<pin_list>
<pin id="141" dir="1" index="0" bw="1" slack="2147483647"/>
</pin_list>
<bind>
<StgValue><ssdm name=""/></StgValue>
</bind>
</comp>

<comp id="142" class="1001" name="const_142">
<pin_list>
<pin id="143" dir="1" index="0" bw="1" slack="2147483647"/>
</pin_list>
<bind>
<StgValue><ssdm name=""/></StgValue>
</bind>
</comp>

<comp id="144" class="1001" name="const_144">
<pin_list>
<pin id="145" dir="1" index="0" bw="1" slack="2147483647"/>
</pin_list>
<bind>
<StgValue><ssdm name="_ssdm_op_SpecLoopName"/></StgValue>
</bind>
</comp>

<comp id="146" class="1001" name="const_146">
<pin_list>
<pin id="147" dir="1" index="0" bw="1" slack="2147483647"/>
</pin_list>
<bind>
<StgValue><ssdm name="empty_4"/></StgValue>
</bind>
</comp>

<comp id="148" class="1001" name="const_148">
<pin_list>
<pin id="149" dir="1" index="0" bw="1" slack="0"/>
</pin_list>
<bind>
<StgValue><ssdm name=""/></StgValue>
</bind>
</comp>

<comp id="150" class="1001" name="const_150">
<pin_list>
<pin id="151" dir="1" index="0" bw="1" slack="0"/>
</pin_list>
<bind>
<StgValue><ssdm name=""/></StgValue>
</bind>
</comp>

<comp id="152" class="1001" name="const_152">
<pin_list>
<pin id="153" dir="1" index="0" bw="1" slack="0"/>
</pin_list>
<bind>
<StgValue><ssdm name="_ssdm_op_BitSelect.i1.i17.i32"/></StgValue>
</bind>
</comp>

<comp id="154" class="1001" name="const_154">
<pin_list>
<pin id="155" dir="1" index="0" bw="1" slack="0"/>
</pin_list>
<bind>
<StgValue><ssdm name=""/></StgValue>
</bind>
</comp>

<comp id="156" class="1001" name="const_156">
<pin_list>
<pin id="157" dir="1" index="0" bw="1" slack="0"/>
</pin_list>
<bind>
<StgValue><ssdm name="_ssdm_op_Read.ap_fifo.volatile.i10P0A"/></StgValue>
</bind>
</comp>

<comp id="158" class="1001" name="const_158">
<pin_list>
<pin id="159" dir="1" index="0" bw="1" slack="0"/>
</pin_list>
<bind>
<StgValue><ssdm name="_ssdm_op_BitConcatenate.i11.i10.i1"/></StgValue>
</bind>
</comp>

<comp id="160" class="1001" name="const_160">
<pin_list>
<pin id="161" dir="1" index="0" bw="1" slack="0"/>
</pin_list>
<bind>
<StgValue><ssdm name=""/></StgValue>
</bind>
</comp>

<comp id="162" class="1001" name="const_162">
<pin_list>
<pin id="163" dir="1" index="0" bw="1" slack="0"/>
</pin_list>
<bind>
<StgValue><ssdm name="_ssdm_op_BitSelect.i1.i14.i32"/></StgValue>
</bind>
</comp>

<comp id="164" class="1001" name="const_164">
<pin_list>
<pin id="165" dir="1" index="0" bw="1" slack="0"/>
</pin_list>
<bind>
<StgValue><ssdm name=""/></StgValue>
</bind>
</comp>

<comp id="166" class="1001" name="const_166">
<pin_list>
<pin id="167" dir="1" index="0" bw="1" slack="0"/>
</pin_list>
<bind>
<StgValue><ssdm name=""/></StgValue>
</bind>
</comp>

<comp id="168" class="1001" name="const_168">
<pin_list>
<pin id="169" dir="1" index="0" bw="1" slack="0"/>
</pin_list>
<bind>
<StgValue><ssdm name="_ssdm_op_PartSelect.i12.i15.i32.i32"/></StgValue>
</bind>
</comp>

<comp id="170" class="1001" name="const_170">
<pin_list>
<pin id="171" dir="1" index="0" bw="1" slack="0"/>
</pin_list>
<bind>
<StgValue><ssdm name=""/></StgValue>
</bind>
</comp>

<comp id="172" class="1001" name="const_172">
<pin_list>
<pin id="173" dir="1" index="0" bw="1" slack="0"/>
</pin_list>
<bind>
<StgValue><ssdm name="_ssdm_op_PartSelect.i12.i14.i32.i32"/></StgValue>
</bind>
</comp>

<comp id="174" class="1001" name="const_174">
<pin_list>
<pin id="175" dir="1" index="0" bw="1" slack="0"/>
</pin_list>
<bind>
<StgValue><ssdm name=""/></StgValue>
</bind>
</comp>

<comp id="176" class="1001" name="const_176">
<pin_list>
<pin id="177" dir="1" index="0" bw="1" slack="0"/>
</pin_list>
<bind>
<StgValue><ssdm name="_ssdm_op_BitSelect.i1.i11.i32"/></StgValue>
</bind>
</comp>

<comp id="178" class="1001" name="const_178">
<pin_list>
<pin id="179" dir="1" index="0" bw="1" slack="0"/>
</pin_list>
<bind>
<StgValue><ssdm name=""/></StgValue>
</bind>
</comp>

<comp id="180" class="1001" name="const_180">
<pin_list>
<pin id="181" dir="1" index="0" bw="1" slack="0"/>
</pin_list>
<bind>
<StgValue><ssdm name=""/></StgValue>
</bind>
</comp>

<comp id="182" class="1001" name="const_182">
<pin_list>
<pin id="183" dir="1" index="0" bw="1" slack="0"/>
</pin_list>
<bind>
<StgValue><ssdm name="_ssdm_op_PartSelect.i10.i11.i32.i32"/></StgValue>
</bind>
</comp>

<comp id="184" class="1001" name="const_184">
<pin_list>
<pin id="185" dir="1" index="0" bw="1" slack="0"/>
</pin_list>
<bind>
<StgValue><ssdm name="_ssdm_op_PartSelect.i13.i14.i32.i32"/></StgValue>
</bind>
</comp>

<comp id="186" class="1001" name="const_186">
<pin_list>
<pin id="187" dir="1" index="0" bw="1" slack="0"/>
</pin_list>
<bind>
<StgValue><ssdm name=""/></StgValue>
</bind>
</comp>

<comp id="188" class="1001" name="const_188">
<pin_list>
<pin id="189" dir="1" index="0" bw="1" slack="0"/>
</pin_list>
<bind>
<StgValue><ssdm name="_ssdm_op_PartSelect.i10.i13.i32.i32"/></StgValue>
</bind>
</comp>

<comp id="190" class="1001" name="const_190">
<pin_list>
<pin id="191" dir="1" index="0" bw="1" slack="0"/>
</pin_list>
<bind>
<StgValue><ssdm name=""/></StgValue>
</bind>
</comp>

<comp id="192" class="1001" name="const_192">
<pin_list>
<pin id="193" dir="1" index="0" bw="1" slack="0"/>
</pin_list>
<bind>
<StgValue><ssdm name=""/></StgValue>
</bind>
</comp>

<comp id="194" class="1001" name="const_194">
<pin_list>
<pin id="195" dir="1" index="0" bw="1" slack="0"/>
</pin_list>
<bind>
<StgValue><ssdm name="_ssdm_op_PartSelect.i9.i10.i32.i32"/></StgValue>
</bind>
</comp>

<comp id="196" class="1001" name="const_196">
<pin_list>
<pin id="197" dir="1" index="0" bw="1" slack="0"/>
</pin_list>
<bind>
<StgValue><ssdm name=""/></StgValue>
</bind>
</comp>

<comp id="198" class="1001" name="const_198">
<pin_list>
<pin id="199" dir="1" index="0" bw="1" slack="0"/>
</pin_list>
<bind>
<StgValue><ssdm name="_ssdm_op_PartSelect.i8.i10.i32.i32"/></StgValue>
</bind>
</comp>

<comp id="200" class="1001" name="const_200">
<pin_list>
<pin id="201" dir="1" index="0" bw="1" slack="0"/>
</pin_list>
<bind>
<StgValue><ssdm name="_ssdm_op_PartSelect.i10.i18.i32.i32"/></StgValue>
</bind>
</comp>

<comp id="202" class="1001" name="const_202">
<pin_list>
<pin id="203" dir="1" index="0" bw="1" slack="0"/>
</pin_list>
<bind>
<StgValue><ssdm name=""/></StgValue>
</bind>
</comp>

<comp id="204" class="1001" name="const_204">
<pin_list>
<pin id="205" dir="1" index="0" bw="1" slack="0"/>
</pin_list>
<bind>
<StgValue><ssdm name=""/></StgValue>
</bind>
</comp>

<comp id="206" class="1001" name="const_206">
<pin_list>
<pin id="207" dir="1" index="0" bw="1" slack="0"/>
</pin_list>
<bind>
<StgValue><ssdm name=""/></StgValue>
</bind>
</comp>

<comp id="208" class="1001" name="const_208">
<pin_list>
<pin id="209" dir="1" index="0" bw="1" slack="0"/>
</pin_list>
<bind>
<StgValue><ssdm name="_ssdm_op_PartSelect.i13.i27.i32.i32"/></StgValue>
</bind>
</comp>

<comp id="210" class="1001" name="const_210">
<pin_list>
<pin id="211" dir="1" index="0" bw="1" slack="0"/>
</pin_list>
<bind>
<StgValue><ssdm name=""/></StgValue>
</bind>
</comp>

<comp id="212" class="1001" name="const_212">
<pin_list>
<pin id="213" dir="1" index="0" bw="1" slack="0"/>
</pin_list>
<bind>
<StgValue><ssdm name="_ssdm_op_BitSelect.i1.i26.i32"/></StgValue>
</bind>
</comp>

<comp id="214" class="1001" name="const_214">
<pin_list>
<pin id="215" dir="1" index="0" bw="1" slack="0"/>
</pin_list>
<bind>
<StgValue><ssdm name=""/></StgValue>
</bind>
</comp>

<comp id="216" class="1001" name="const_216">
<pin_list>
<pin id="217" dir="1" index="0" bw="1" slack="0"/>
</pin_list>
<bind>
<StgValue><ssdm name="_ssdm_op_PartSelect.i13.i26.i32.i32"/></StgValue>
</bind>
</comp>

<comp id="218" class="1001" name="const_218">
<pin_list>
<pin id="219" dir="1" index="0" bw="1" slack="0"/>
</pin_list>
<bind>
<StgValue><ssdm name="_ssdm_op_BitSelect.i1.i16.i32"/></StgValue>
</bind>
</comp>

<comp id="220" class="1001" name="const_220">
<pin_list>
<pin id="221" dir="1" index="0" bw="1" slack="0"/>
</pin_list>
<bind>
<StgValue><ssdm name=""/></StgValue>
</bind>
</comp>

<comp id="222" class="1001" name="const_222">
<pin_list>
<pin id="223" dir="1" index="0" bw="1" slack="0"/>
</pin_list>
<bind>
<StgValue><ssdm name="_ssdm_op_PartSelect.i4.i14.i32.i32"/></StgValue>
</bind>
</comp>

<comp id="224" class="1001" name="const_224">
<pin_list>
<pin id="225" dir="1" index="0" bw="1" slack="0"/>
</pin_list>
<bind>
<StgValue><ssdm name=""/></StgValue>
</bind>
</comp>

<comp id="226" class="1001" name="const_226">
<pin_list>
<pin id="227" dir="1" index="0" bw="1" slack="0"/>
</pin_list>
<bind>
<StgValue><ssdm name=""/></StgValue>
</bind>
</comp>

<comp id="228" class="1001" name="const_228">
<pin_list>
<pin id="229" dir="1" index="0" bw="1" slack="0"/>
</pin_list>
<bind>
<StgValue><ssdm name=""/></StgValue>
</bind>
</comp>

<comp id="230" class="1001" name="const_230">
<pin_list>
<pin id="231" dir="1" index="0" bw="1" slack="0"/>
</pin_list>
<bind>
<StgValue><ssdm name="_ssdm_op_BitConcatenate.i30.i10.i10.i10"/></StgValue>
</bind>
</comp>

<comp id="232" class="1001" name="const_232">
<pin_list>
<pin id="233" dir="1" index="0" bw="1" slack="0"/>
</pin_list>
<bind>
<StgValue><ssdm name="_ssdm_op_Write.ap_fifo.volatile.i30P0A"/></StgValue>
</bind>
</comp>

<comp id="234" class="1004" name="x_fu_234">
<pin_list>
<pin id="235" dir="0" index="0" bw="1" slack="0"/>
<pin id="236" dir="1" index="1" bw="17" slack="0"/>
</pin_list>
<bind>
<opcode="alloca(26) " fcode="alloca"/>
<opset="x/1 "/>
</bind>
</comp>

<comp id="238" class="1004" name="empty_133_fu_238">
<pin_list>
<pin id="239" dir="0" index="0" bw="1" slack="0"/>
<pin id="240" dir="1" index="1" bw="10" slack="0"/>
</pin_list>
<bind>
<opcode="alloca(26) " fcode="alloca"/>
<opset="empty_133/1 "/>
</bind>
</comp>

<comp id="242" class="1004" name="empty_134_fu_242">
<pin_list>
<pin id="243" dir="0" index="0" bw="1" slack="0"/>
<pin id="244" dir="1" index="1" bw="10" slack="0"/>
</pin_list>
<bind>
<opcode="alloca(26) " fcode="alloca"/>
<opset="empty_134/1 "/>
</bind>
</comp>

<comp id="246" class="1004" name="empty_135_fu_246">
<pin_list>
<pin id="247" dir="0" index="0" bw="1" slack="0"/>
<pin id="248" dir="1" index="1" bw="10" slack="0"/>
</pin_list>
<bind>
<opcode="alloca(26) " fcode="alloca"/>
<opset="empty_135/1 "/>
</bind>
</comp>

<comp id="250" class="1004" name="empty_136_fu_250">
<pin_list>
<pin id="251" dir="0" index="0" bw="1" slack="0"/>
<pin id="252" dir="1" index="1" bw="10" slack="0"/>
</pin_list>
<bind>
<opcode="alloca(26) " fcode="alloca"/>
<opset="empty_136/1 "/>
</bind>
</comp>

<comp id="254" class="1004" name="empty_137_fu_254">
<pin_list>
<pin id="255" dir="0" index="0" bw="1" slack="0"/>
<pin id="256" dir="1" index="1" bw="10" slack="0"/>
</pin_list>
<bind>
<opcode="alloca(26) " fcode="alloca"/>
<opset="empty_137/1 "/>
</bind>
</comp>

<comp id="258" class="1004" name="empty_138_fu_258">
<pin_list>
<pin id="259" dir="0" index="0" bw="1" slack="0"/>
<pin id="260" dir="1" index="1" bw="10" slack="0"/>
</pin_list>
<bind>
<opcode="alloca(26) " fcode="alloca"/>
<opset="empty_138/1 "/>
</bind>
</comp>

<comp id="262" class="1004" name="empty_139_fu_262">
<pin_list>
<pin id="263" dir="0" index="0" bw="1" slack="0"/>
<pin id="264" dir="1" index="1" bw="10" slack="0"/>
</pin_list>
<bind>
<opcode="alloca(26) " fcode="alloca"/>
<opset="empty_139/1 "/>
</bind>
</comp>

<comp id="266" class="1004" name="empty_140_fu_266">
<pin_list>
<pin id="267" dir="0" index="0" bw="1" slack="0"/>
<pin id="268" dir="1" index="1" bw="10" slack="0"/>
</pin_list>
<bind>
<opcode="alloca(26) " fcode="alloca"/>
<opset="empty_140/1 "/>
</bind>
</comp>

<comp id="270" class="1004" name="empty_141_fu_270">
<pin_list>
<pin id="271" dir="0" index="0" bw="1" slack="0"/>
<pin id="272" dir="1" index="1" bw="10" slack="0"/>
</pin_list>
<bind>
<opcode="alloca(26) " fcode="alloca"/>
<opset="empty_141/1 "/>
</bind>
</comp>

<comp id="274" class="1004" name="empty_142_fu_274">
<pin_list>
<pin id="275" dir="0" index="0" bw="1" slack="0"/>
<pin id="276" dir="1" index="1" bw="10" slack="0"/>
</pin_list>
<bind>
<opcode="alloca(26) " fcode="alloca"/>
<opset="empty_142/1 "/>
</bind>
</comp>

<comp id="278" class="1004" name="empty_143_fu_278">
<pin_list>
<pin id="279" dir="0" index="0" bw="1" slack="0"/>
<pin id="280" dir="1" index="1" bw="10" slack="0"/>
</pin_list>
<bind>
<opcode="alloca(26) " fcode="alloca"/>
<opset="empty_143/1 "/>
</bind>
</comp>

<comp id="282" class="1004" name="empty_144_fu_282">
<pin_list>
<pin id="283" dir="0" index="0" bw="1" slack="0"/>
<pin id="284" dir="1" index="1" bw="10" slack="0"/>
</pin_list>
<bind>
<opcode="alloca(26) " fcode="alloca"/>
<opset="empty_144/1 "/>
</bind>
</comp>

<comp id="286" class="1004" name="empty_145_fu_286">
<pin_list>
<pin id="287" dir="0" index="0" bw="1" slack="0"/>
<pin id="288" dir="1" index="1" bw="10" slack="0"/>
</pin_list>
<bind>
<opcode="alloca(26) " fcode="alloca"/>
<opset="empty_145/1 "/>
</bind>
</comp>

<comp id="290" class="1004" name="empty_146_fu_290">
<pin_list>
<pin id="291" dir="0" index="0" bw="1" slack="0"/>
<pin id="292" dir="1" index="1" bw="10" slack="0"/>
</pin_list>
<bind>
<opcode="alloca(26) " fcode="alloca"/>
<opset="empty_146/1 "/>
</bind>
</comp>

<comp id="294" class="1004" name="empty_147_fu_294">
<pin_list>
<pin id="295" dir="0" index="0" bw="1" slack="0"/>
<pin id="296" dir="1" index="1" bw="10" slack="0"/>
</pin_list>
<bind>
<opcode="alloca(26) " fcode="alloca"/>
<opset="empty_147/1 "/>
</bind>
</comp>

<comp id="298" class="1004" name="empty_148_fu_298">
<pin_list>
<pin id="299" dir="0" index="0" bw="1" slack="0"/>
<pin id="300" dir="1" index="1" bw="10" slack="0"/>
</pin_list>
<bind>
<opcode="alloca(26) " fcode="alloca"/>
<opset="empty_148/1 "/>
</bind>
</comp>

<comp id="302" class="1004" name="empty_149_fu_302">
<pin_list>
<pin id="303" dir="0" index="0" bw="1" slack="0"/>
<pin id="304" dir="1" index="1" bw="10" slack="0"/>
</pin_list>
<bind>
<opcode="alloca(26) " fcode="alloca"/>
<opset="empty_149/1 "/>
</bind>
</comp>

<comp id="306" class="1004" name="empty_150_fu_306">
<pin_list>
<pin id="307" dir="0" index="0" bw="1" slack="0"/>
<pin id="308" dir="1" index="1" bw="10" slack="0"/>
</pin_list>
<bind>
<opcode="alloca(26) " fcode="alloca"/>
<opset="empty_150/1 "/>
</bind>
</comp>

<comp id="310" class="1004" name="empty_151_fu_310">
<pin_list>
<pin id="311" dir="0" index="0" bw="1" slack="0"/>
<pin id="312" dir="1" index="1" bw="10" slack="0"/>
</pin_list>
<bind>
<opcode="alloca(26) " fcode="alloca"/>
<opset="empty_151/1 "/>
</bind>
</comp>

<comp id="314" class="1004" name="empty_152_fu_314">
<pin_list>
<pin id="315" dir="0" index="0" bw="1" slack="0"/>
<pin id="316" dir="1" index="1" bw="10" slack="0"/>
</pin_list>
<bind>
<opcode="alloca(26) " fcode="alloca"/>
<opset="empty_152/1 "/>
</bind>
</comp>

<comp id="318" class="1004" name="linebuf_yuv_3_alloca_fu_318">
<pin_list>
<pin id="319" dir="0" index="0" bw="1" slack="0"/>
<pin id="320" dir="1" index="1" bw="10" slack="0"/>
</pin_list>
<bind>
<opcode="alloca(26) " fcode="alloca"/>
<opset="linebuf_yuv_3/1 "/>
</bind>
</comp>

<comp id="322" class="1004" name="linebuf_yuv_2_alloca_fu_322">
<pin_list>
<pin id="323" dir="0" index="0" bw="1" slack="0"/>
<pin id="324" dir="1" index="1" bw="10" slack="0"/>
</pin_list>
<bind>
<opcode="alloca(26) " fcode="alloca"/>
<opset="linebuf_yuv_2/1 "/>
</bind>
</comp>

<comp id="326" class="1004" name="linebuf_yuv_1_alloca_fu_326">
<pin_list>
<pin id="327" dir="0" index="0" bw="1" slack="0"/>
<pin id="328" dir="1" index="1" bw="10" slack="0"/>
</pin_list>
<bind>
<opcode="alloca(26) " fcode="alloca"/>
<opset="linebuf_yuv_1/1 "/>
</bind>
</comp>

<comp id="330" class="1004" name="linebuf_yuv_alloca_fu_330">
<pin_list>
<pin id="331" dir="0" index="0" bw="1" slack="0"/>
<pin id="332" dir="1" index="1" bw="10" slack="0"/>
</pin_list>
<bind>
<opcode="alloca(26) " fcode="alloca"/>
<opset="linebuf_yuv/1 "/>
</bind>
</comp>

<comp id="334" class="1004" name="out_y_read_read_fu_334">
<pin_list>
<pin id="335" dir="0" index="0" bw="17" slack="0"/>
<pin id="336" dir="0" index="1" bw="17" slack="0"/>
<pin id="337" dir="1" index="2" bw="17" slack="0"/>
</pin_list>
<bind>
<opcode="read(1150) " fcode="read"/>
<opset="out_y_read/1 "/>
</bind>
</comp>

<comp id="340" class="1004" name="xor_ln439_read_read_fu_340">
<pin_list>
<pin id="341" dir="0" index="0" bw="15" slack="0"/>
<pin id="342" dir="0" index="1" bw="15" slack="0"/>
<pin id="343" dir="1" index="2" bw="15" slack="0"/>
</pin_list>
<bind>
<opcode="read(1150) " fcode="read"/>
<opset="xor_ln439_read/1 "/>
</bind>
</comp>

<comp id="346" class="1004" name="tmp_read_fu_346">
<pin_list>
<pin id="347" dir="0" index="0" bw="1" slack="0"/>
<pin id="348" dir="0" index="1" bw="1" slack="0"/>
<pin id="349" dir="1" index="2" bw="1" slack="0"/>
</pin_list>
<bind>
<opcode="read(1150) " fcode="read"/>
<opset="tmp/1 "/>
</bind>
</comp>

<comp id="352" class="1004" name="loopWidth_read_read_fu_352">
<pin_list>
<pin id="353" dir="0" index="0" bw="17" slack="0"/>
<pin id="354" dir="0" index="1" bw="17" slack="0"/>
<pin id="355" dir="1" index="2" bw="17" slack="0"/>
</pin_list>
<bind>
<opcode="read(1150) " fcode="read"/>
<opset="loopWidth_read/1 "/>
</bind>
</comp>

<comp id="358" class="1004" name="trunc_ln_read_read_fu_358">
<pin_list>
<pin id="359" dir="0" index="0" bw="15" slack="0"/>
<pin id="360" dir="0" index="1" bw="15" slack="0"/>
<pin id="361" dir="1" index="2" bw="15" slack="0"/>
</pin_list>
<bind>
<opcode="read(1150) " fcode="read"/>
<opset="trunc_ln_read/1 "/>
</bind>
</comp>

<comp id="364" class="1004" name="tmp_24_read_fu_364">
<pin_list>
<pin id="365" dir="0" index="0" bw="1" slack="0"/>
<pin id="366" dir="0" index="1" bw="1" slack="0"/>
<pin id="367" dir="1" index="2" bw="1" slack="0"/>
</pin_list>
<bind>
<opcode="read(1150) " fcode="read"/>
<opset="tmp_24/1 "/>
</bind>
</comp>

<comp id="370" class="1004" name="width_val_read_read_fu_370">
<pin_list>
<pin id="371" dir="0" index="0" bw="16" slack="0"/>
<pin id="372" dir="0" index="1" bw="16" slack="0"/>
<pin id="373" dir="1" index="2" bw="16" slack="0"/>
</pin_list>
<bind>
<opcode="read(1150) " fcode="read"/>
<opset="width_val_read/1 "/>
</bind>
</comp>

<comp id="376" class="1004" name="y_read_read_fu_376">
<pin_list>
<pin id="377" dir="0" index="0" bw="17" slack="0"/>
<pin id="378" dir="0" index="1" bw="17" slack="0"/>
<pin id="379" dir="1" index="2" bw="17" slack="0"/>
</pin_list>
<bind>
<opcode="read(1150) " fcode="read"/>
<opset="y_read/1 "/>
</bind>
</comp>

<comp id="382" class="1004" name="height_val_read_read_fu_382">
<pin_list>
<pin id="383" dir="0" index="0" bw="16" slack="0"/>
<pin id="384" dir="0" index="1" bw="16" slack="0"/>
<pin id="385" dir="1" index="2" bw="16" slack="0"/>
</pin_list>
<bind>
<opcode="read(1150) " fcode="read"/>
<opset="height_val_read/1 "/>
</bind>
</comp>

<comp id="388" class="1004" name="p_lcssa50495082_read_read_fu_388">
<pin_list>
<pin id="389" dir="0" index="0" bw="10" slack="0"/>
<pin id="390" dir="0" index="1" bw="10" slack="0"/>
<pin id="391" dir="1" index="2" bw="10" slack="0"/>
</pin_list>
<bind>
<opcode="read(1150) " fcode="read"/>
<opset="p_lcssa50495082_read/1 "/>
</bind>
</comp>

<comp id="394" class="1004" name="p_lcssa50515084_read_read_fu_394">
<pin_list>
<pin id="395" dir="0" index="0" bw="10" slack="0"/>
<pin id="396" dir="0" index="1" bw="10" slack="0"/>
<pin id="397" dir="1" index="2" bw="10" slack="0"/>
</pin_list>
<bind>
<opcode="read(1150) " fcode="read"/>
<opset="p_lcssa50515084_read/1 "/>
</bind>
</comp>

<comp id="400" class="1004" name="p_lcssa50525086_read_read_fu_400">
<pin_list>
<pin id="401" dir="0" index="0" bw="10" slack="0"/>
<pin id="402" dir="0" index="1" bw="10" slack="0"/>
<pin id="403" dir="1" index="2" bw="10" slack="0"/>
</pin_list>
<bind>
<opcode="read(1150) " fcode="read"/>
<opset="p_lcssa50525086_read/1 "/>
</bind>
</comp>

<comp id="406" class="1004" name="p_lcssa50535088_read_read_fu_406">
<pin_list>
<pin id="407" dir="0" index="0" bw="10" slack="0"/>
<pin id="408" dir="0" index="1" bw="10" slack="0"/>
<pin id="409" dir="1" index="2" bw="10" slack="0"/>
</pin_list>
<bind>
<opcode="read(1150) " fcode="read"/>
<opset="p_lcssa50535088_read/1 "/>
</bind>
</comp>

<comp id="412" class="1004" name="p_lcssa50555090_read_read_fu_412">
<pin_list>
<pin id="413" dir="0" index="0" bw="10" slack="0"/>
<pin id="414" dir="0" index="1" bw="10" slack="0"/>
<pin id="415" dir="1" index="2" bw="10" slack="0"/>
</pin_list>
<bind>
<opcode="read(1150) " fcode="read"/>
<opset="p_lcssa50555090_read/1 "/>
</bind>
</comp>

<comp id="418" class="1004" name="p_lcssa50565092_read_read_fu_418">
<pin_list>
<pin id="419" dir="0" index="0" bw="10" slack="0"/>
<pin id="420" dir="0" index="1" bw="10" slack="0"/>
<pin id="421" dir="1" index="2" bw="10" slack="0"/>
</pin_list>
<bind>
<opcode="read(1150) " fcode="read"/>
<opset="p_lcssa50565092_read/1 "/>
</bind>
</comp>

<comp id="424" class="1004" name="p_lcssa50575094_read_read_fu_424">
<pin_list>
<pin id="425" dir="0" index="0" bw="10" slack="0"/>
<pin id="426" dir="0" index="1" bw="10" slack="0"/>
<pin id="427" dir="1" index="2" bw="10" slack="0"/>
</pin_list>
<bind>
<opcode="read(1150) " fcode="read"/>
<opset="p_lcssa50575094_read/1 "/>
</bind>
</comp>

<comp id="430" class="1004" name="p_lcssa50595096_read_read_fu_430">
<pin_list>
<pin id="431" dir="0" index="0" bw="10" slack="0"/>
<pin id="432" dir="0" index="1" bw="10" slack="0"/>
<pin id="433" dir="1" index="2" bw="10" slack="0"/>
</pin_list>
<bind>
<opcode="read(1150) " fcode="read"/>
<opset="p_lcssa50595096_read/1 "/>
</bind>
</comp>

<comp id="436" class="1004" name="p_lcssa50605098_read_read_fu_436">
<pin_list>
<pin id="437" dir="0" index="0" bw="10" slack="0"/>
<pin id="438" dir="0" index="1" bw="10" slack="0"/>
<pin id="439" dir="1" index="2" bw="10" slack="0"/>
</pin_list>
<bind>
<opcode="read(1150) " fcode="read"/>
<opset="p_lcssa50605098_read/1 "/>
</bind>
</comp>

<comp id="442" class="1004" name="p_lcssa50615100_read_read_fu_442">
<pin_list>
<pin id="443" dir="0" index="0" bw="10" slack="0"/>
<pin id="444" dir="0" index="1" bw="10" slack="0"/>
<pin id="445" dir="1" index="2" bw="10" slack="0"/>
</pin_list>
<bind>
<opcode="read(1150) " fcode="read"/>
<opset="p_lcssa50615100_read/1 "/>
</bind>
</comp>

<comp id="448" class="1004" name="p_lcssa50635102_read_read_fu_448">
<pin_list>
<pin id="449" dir="0" index="0" bw="10" slack="0"/>
<pin id="450" dir="0" index="1" bw="10" slack="0"/>
<pin id="451" dir="1" index="2" bw="10" slack="0"/>
</pin_list>
<bind>
<opcode="read(1150) " fcode="read"/>
<opset="p_lcssa50635102_read/1 "/>
</bind>
</comp>

<comp id="454" class="1004" name="p_lcssa50645104_read_read_fu_454">
<pin_list>
<pin id="455" dir="0" index="0" bw="10" slack="0"/>
<pin id="456" dir="0" index="1" bw="10" slack="0"/>
<pin id="457" dir="1" index="2" bw="10" slack="0"/>
</pin_list>
<bind>
<opcode="read(1150) " fcode="read"/>
<opset="p_lcssa50645104_read/1 "/>
</bind>
</comp>

<comp id="460" class="1004" name="p_lcssa50655106_read_read_fu_460">
<pin_list>
<pin id="461" dir="0" index="0" bw="10" slack="0"/>
<pin id="462" dir="0" index="1" bw="10" slack="0"/>
<pin id="463" dir="1" index="2" bw="10" slack="0"/>
</pin_list>
<bind>
<opcode="read(1150) " fcode="read"/>
<opset="p_lcssa50655106_read/1 "/>
</bind>
</comp>

<comp id="466" class="1004" name="p_lcssa50675108_read_read_fu_466">
<pin_list>
<pin id="467" dir="0" index="0" bw="10" slack="0"/>
<pin id="468" dir="0" index="1" bw="10" slack="0"/>
<pin id="469" dir="1" index="2" bw="10" slack="0"/>
</pin_list>
<bind>
<opcode="read(1150) " fcode="read"/>
<opset="p_lcssa50675108_read/1 "/>
</bind>
</comp>

<comp id="472" class="1004" name="p_lcssa50685110_read_read_fu_472">
<pin_list>
<pin id="473" dir="0" index="0" bw="10" slack="0"/>
<pin id="474" dir="0" index="1" bw="10" slack="0"/>
<pin id="475" dir="1" index="2" bw="10" slack="0"/>
</pin_list>
<bind>
<opcode="read(1150) " fcode="read"/>
<opset="p_lcssa50685110_read/1 "/>
</bind>
</comp>

<comp id="478" class="1004" name="p_lcssa52275233_read_read_fu_478">
<pin_list>
<pin id="479" dir="0" index="0" bw="10" slack="0"/>
<pin id="480" dir="0" index="1" bw="10" slack="0"/>
<pin id="481" dir="1" index="2" bw="10" slack="0"/>
</pin_list>
<bind>
<opcode="read(1150) " fcode="read"/>
<opset="p_lcssa52275233_read/1 "/>
</bind>
</comp>

<comp id="484" class="1004" name="p_lcssa52285235_read_read_fu_484">
<pin_list>
<pin id="485" dir="0" index="0" bw="10" slack="0"/>
<pin id="486" dir="0" index="1" bw="10" slack="0"/>
<pin id="487" dir="1" index="2" bw="10" slack="0"/>
</pin_list>
<bind>
<opcode="read(1150) " fcode="read"/>
<opset="p_lcssa52285235_read/1 "/>
</bind>
</comp>

<comp id="490" class="1004" name="p_lcssa52295237_read_read_fu_490">
<pin_list>
<pin id="491" dir="0" index="0" bw="10" slack="0"/>
<pin id="492" dir="0" index="1" bw="10" slack="0"/>
<pin id="493" dir="1" index="2" bw="10" slack="0"/>
</pin_list>
<bind>
<opcode="read(1150) " fcode="read"/>
<opset="p_lcssa52295237_read/1 "/>
</bind>
</comp>

<comp id="496" class="1004" name="p_lcssa52305239_read_read_fu_496">
<pin_list>
<pin id="497" dir="0" index="0" bw="10" slack="0"/>
<pin id="498" dir="0" index="1" bw="10" slack="0"/>
<pin id="499" dir="1" index="2" bw="10" slack="0"/>
</pin_list>
<bind>
<opcode="read(1150) " fcode="read"/>
<opset="p_lcssa52305239_read/1 "/>
</bind>
</comp>

<comp id="502" class="1004" name="p_lcssa52315241_read_read_fu_502">
<pin_list>
<pin id="503" dir="0" index="0" bw="10" slack="0"/>
<pin id="504" dir="0" index="1" bw="10" slack="0"/>
<pin id="505" dir="1" index="2" bw="10" slack="0"/>
</pin_list>
<bind>
<opcode="read(1150) " fcode="read"/>
<opset="p_lcssa52315241_read/1 "/>
</bind>
</comp>

<comp id="508" class="1004" name="imgBayer_read_read_fu_508">
<pin_list>
<pin id="509" dir="0" index="0" bw="10" slack="0"/>
<pin id="510" dir="0" index="1" bw="10" slack="0"/>
<pin id="511" dir="1" index="2" bw="10" slack="0"/>
</pin_list>
<bind>
<opcode="read(1150) " fcode="read"/>
<opset="imgBayer_read/2 "/>
</bind>
</comp>

<comp id="514" class="1004" name="write_ln587_write_fu_514">
<pin_list>
<pin id="515" dir="0" index="0" bw="0" slack="0"/>
<pin id="516" dir="0" index="1" bw="30" slack="0"/>
<pin id="517" dir="0" index="2" bw="30" slack="0"/>
<pin id="518" dir="1" index="3" bw="0" slack="2147483647"/>
</pin_list>
<bind>
<opcode="write(1151) " fcode="write"/>
<opset="write_ln587/15 "/>
</bind>
</comp>

<comp id="521" class="1004" name="linebuf_yuv_addr_gep_fu_521">
<pin_list>
<pin id="522" dir="0" index="0" bw="10" slack="0"/>
<pin id="523" dir="0" index="1" bw="1" slack="0"/>
<pin id="524" dir="0" index="2" bw="17" slack="0"/>
<pin id="525" dir="1" index="3" bw="11" slack="0"/>
</pin_list>
<bind>
<opcode="getelementptr(29) " fcode="getelementptr"/>
<opset="linebuf_yuv_addr/1 "/>
</bind>
</comp>

<comp id="528" class="1004" name="grp_access_fu_528">
<pin_list>
<pin id="529" dir="0" index="0" bw="11" slack="1"/>
<pin id="530" dir="0" index="1" bw="10" slack="0"/>
<pin id="531" dir="0" index="2" bw="0" slack="0"/>
<pin id="533" dir="0" index="4" bw="11" slack="2147483647"/>
<pin id="534" dir="0" index="5" bw="10" slack="2147483647"/>
<pin id="535" dir="0" index="6" bw="0" slack="2147483647"/>
<pin id="532" dir="1" index="3" bw="10" slack="2147483647"/>
<pin id="536" dir="1" index="7" bw="10" slack="0"/>
</pin_list>
<bind>
<opcode="load(27) store(28) " fcode="store"/>
<opset="LineBufVal/1 store_ln812/2 "/>
</bind>
</comp>

<comp id="538" class="1004" name="linebuf_yuv_1_addr_gep_fu_538">
<pin_list>
<pin id="539" dir="0" index="0" bw="10" slack="0"/>
<pin id="540" dir="0" index="1" bw="1" slack="0"/>
<pin id="541" dir="0" index="2" bw="17" slack="0"/>
<pin id="542" dir="1" index="3" bw="11" slack="0"/>
</pin_list>
<bind>
<opcode="getelementptr(29) " fcode="getelementptr"/>
<opset="linebuf_yuv_1_addr/1 "/>
</bind>
</comp>

<comp id="545" class="1004" name="grp_access_fu_545">
<pin_list>
<pin id="546" dir="0" index="0" bw="11" slack="2"/>
<pin id="547" dir="0" index="1" bw="10" slack="0"/>
<pin id="548" dir="0" index="2" bw="0" slack="0"/>
<pin id="550" dir="0" index="4" bw="11" slack="2147483647"/>
<pin id="551" dir="0" index="5" bw="10" slack="2147483647"/>
<pin id="552" dir="0" index="6" bw="0" slack="2147483647"/>
<pin id="549" dir="1" index="3" bw="10" slack="2147483647"/>
<pin id="553" dir="1" index="7" bw="10" slack="0"/>
</pin_list>
<bind>
<opcode="load(27) store(28) " fcode="store"/>
<opset="LineBufVal_5/1 store_ln412/3 "/>
</bind>
</comp>

<comp id="555" class="1004" name="linebuf_yuv_2_addr_gep_fu_555">
<pin_list>
<pin id="556" dir="0" index="0" bw="10" slack="0"/>
<pin id="557" dir="0" index="1" bw="1" slack="0"/>
<pin id="558" dir="0" index="2" bw="17" slack="0"/>
<pin id="559" dir="1" index="3" bw="11" slack="0"/>
</pin_list>
<bind>
<opcode="getelementptr(29) " fcode="getelementptr"/>
<opset="linebuf_yuv_2_addr/1 "/>
</bind>
</comp>

<comp id="562" class="1004" name="grp_access_fu_562">
<pin_list>
<pin id="563" dir="0" index="0" bw="11" slack="2"/>
<pin id="564" dir="0" index="1" bw="10" slack="0"/>
<pin id="565" dir="0" index="2" bw="0" slack="0"/>
<pin id="567" dir="0" index="4" bw="11" slack="2147483647"/>
<pin id="568" dir="0" index="5" bw="10" slack="2147483647"/>
<pin id="569" dir="0" index="6" bw="0" slack="2147483647"/>
<pin id="566" dir="1" index="3" bw="10" slack="2147483647"/>
<pin id="570" dir="1" index="7" bw="10" slack="0"/>
</pin_list>
<bind>
<opcode="load(27) store(28) " fcode="store"/>
<opset="LineBufVal_6/1 store_ln412/3 "/>
</bind>
</comp>

<comp id="572" class="1004" name="linebuf_yuv_3_addr_gep_fu_572">
<pin_list>
<pin id="573" dir="0" index="0" bw="10" slack="0"/>
<pin id="574" dir="0" index="1" bw="1" slack="0"/>
<pin id="575" dir="0" index="2" bw="17" slack="0"/>
<pin id="576" dir="1" index="3" bw="11" slack="0"/>
</pin_list>
<bind>
<opcode="getelementptr(29) " fcode="getelementptr"/>
<opset="linebuf_yuv_3_addr/1 "/>
</bind>
</comp>

<comp id="579" class="1004" name="grp_access_fu_579">
<pin_list>
<pin id="580" dir="0" index="0" bw="11" slack="2"/>
<pin id="581" dir="0" index="1" bw="10" slack="0"/>
<pin id="582" dir="0" index="2" bw="0" slack="0"/>
<pin id="584" dir="0" index="4" bw="11" slack="2147483647"/>
<pin id="585" dir="0" index="5" bw="10" slack="2147483647"/>
<pin id="586" dir="0" index="6" bw="0" slack="2147483647"/>
<pin id="583" dir="1" index="3" bw="10" slack="2147483647"/>
<pin id="587" dir="1" index="7" bw="10" slack="0"/>
</pin_list>
<bind>
<opcode="load(27) store(28) " fcode="store"/>
<opset="LineBufVal_7/1 store_ln412/3 "/>
</bind>
</comp>

<comp id="590" class="1004" name="DIV1_TABLE_addr_gep_fu_590">
<pin_list>
<pin id="591" dir="0" index="0" bw="10" slack="0"/>
<pin id="592" dir="0" index="1" bw="1" slack="0"/>
<pin id="593" dir="0" index="2" bw="10" slack="0"/>
<pin id="594" dir="1" index="3" bw="10" slack="0"/>
</pin_list>
<bind>
<opcode="getelementptr(29) " fcode="getelementptr"/>
<opset="DIV1_TABLE_addr/6 "/>
</bind>
</comp>

<comp id="597" class="1004" name="grp_access_fu_597">
<pin_list>
<pin id="598" dir="0" index="0" bw="10" slack="0"/>
<pin id="599" dir="0" index="1" bw="10" slack="2147483647"/>
<pin id="600" dir="0" index="2" bw="0" slack="0"/>
<pin id="602" dir="0" index="4" bw="10" slack="2147483647"/>
<pin id="603" dir="0" index="5" bw="10" slack="0"/>
<pin id="604" dir="0" index="6" bw="0" slack="2147483647"/>
<pin id="606" dir="0" index="8" bw="10" slack="0"/>
<pin id="607" dir="0" index="9" bw="10" slack="2147483647"/>
<pin id="608" dir="0" index="10" bw="0" slack="2147483647"/>
<pin id="610" dir="0" index="12" bw="10" slack="2147483647"/>
<pin id="611" dir="0" index="13" bw="10" slack="2147483647"/>
<pin id="612" dir="0" index="14" bw="0" slack="2147483647"/>
<pin id="601" dir="1" index="3" bw="10" slack="0"/>
<pin id="605" dir="1" index="7" bw="10" slack="0"/>
<pin id="609" dir="1" index="11" bw="10" slack="0"/>
<pin id="613" dir="1" index="15" bw="10" slack="0"/>
</pin_list>
<bind>
<opcode="load(27) " fcode="load"/>
<opset="DIV1_TABLE_load/6 DIV1_TABLE_load_1/6 DIV1_TABLE_load_2/6 DIV1_TABLE_load_3/6 "/>
</bind>
</comp>

<comp id="615" class="1004" name="DIV1_TABLE_addr_1_gep_fu_615">
<pin_list>
<pin id="616" dir="0" index="0" bw="10" slack="0"/>
<pin id="617" dir="0" index="1" bw="1" slack="0"/>
<pin id="618" dir="0" index="2" bw="10" slack="0"/>
<pin id="619" dir="1" index="3" bw="10" slack="0"/>
</pin_list>
<bind>
<opcode="getelementptr(29) " fcode="getelementptr"/>
<opset="DIV1_TABLE_addr_1/6 "/>
</bind>
</comp>

<comp id="623" class="1004" name="DIV1_TABLE_addr_2_gep_fu_623">
<pin_list>
<pin id="624" dir="0" index="0" bw="10" slack="0"/>
<pin id="625" dir="0" index="1" bw="1" slack="0"/>
<pin id="626" dir="0" index="2" bw="10" slack="0"/>
<pin id="627" dir="1" index="3" bw="10" slack="0"/>
</pin_list>
<bind>
<opcode="getelementptr(29) " fcode="getelementptr"/>
<opset="DIV1_TABLE_addr_2/6 "/>
</bind>
</comp>

<comp id="631" class="1004" name="DIV1_TABLE_addr_3_gep_fu_631">
<pin_list>
<pin id="632" dir="0" index="0" bw="10" slack="0"/>
<pin id="633" dir="0" index="1" bw="1" slack="0"/>
<pin id="634" dir="0" index="2" bw="10" slack="0"/>
<pin id="635" dir="1" index="3" bw="10" slack="0"/>
</pin_list>
<bind>
<opcode="getelementptr(29) " fcode="getelementptr"/>
<opset="DIV1_TABLE_addr_3/6 "/>
</bind>
</comp>

<comp id="639" class="1004" name="DIV2_TABLE_addr_gep_fu_639">
<pin_list>
<pin id="640" dir="0" index="0" bw="18" slack="0"/>
<pin id="641" dir="0" index="1" bw="1" slack="0"/>
<pin id="642" dir="0" index="2" bw="11" slack="0"/>
<pin id="643" dir="1" index="3" bw="12" slack="0"/>
</pin_list>
<bind>
<opcode="getelementptr(29) " fcode="getelementptr"/>
<opset="DIV2_TABLE_addr/8 "/>
</bind>
</comp>

<comp id="646" class="1004" name="grp_access_fu_646">
<pin_list>
<pin id="647" dir="0" index="0" bw="12" slack="0"/>
<pin id="648" dir="0" index="1" bw="18" slack="2147483647"/>
<pin id="649" dir="0" index="2" bw="0" slack="2147483647"/>
<pin id="650" dir="1" index="3" bw="18" slack="1"/>
</pin_list>
<bind>
<opcode="load(27) " fcode="load"/>
<opset="norm/8 "/>
</bind>
</comp>

<comp id="652" class="1005" name="p_ph_reg_652">
<pin_list>
<pin id="653" dir="0" index="0" bw="10" slack="1"/>
<pin id="654" dir="1" index="1" bw="10" slack="1"/>
</pin_list>
<bind>
<opset="p_ph (phireg) "/>
</bind>
</comp>

<comp id="655" class="1004" name="p_ph_phi_fu_655">
<pin_list>
<pin id="656" dir="0" index="0" bw="10" slack="0"/>
<pin id="657" dir="0" index="1" bw="0" slack="2147483647"/>
<pin id="658" dir="0" index="2" bw="10" slack="0"/>
<pin id="659" dir="0" index="3" bw="0" slack="2147483647"/>
<pin id="660" dir="1" index="4" bw="10" slack="0"/>
</pin_list>
<bind>
<opcode="phi(47) " fcode="phi"/>
<opset="p_ph/2 "/>
</bind>
</comp>

<comp id="664" class="1005" name="empty_153_reg_664">
<pin_list>
<pin id="665" dir="0" index="0" bw="10" slack="2147483647"/>
<pin id="666" dir="1" index="1" bw="10" slack="2147483647"/>
</pin_list>
<bind>
<opset="empty_153 (phireg) "/>
</bind>
</comp>

<comp id="667" class="1004" name="empty_153_phi_fu_667">
<pin_list>
<pin id="668" dir="0" index="0" bw="10" slack="0"/>
<pin id="669" dir="0" index="1" bw="0" slack="2147483647"/>
<pin id="670" dir="0" index="2" bw="10" slack="1"/>
<pin id="671" dir="0" index="3" bw="0" slack="2147483647"/>
<pin id="672" dir="1" index="4" bw="10" slack="0"/>
</pin_list>
<bind>
<opcode="phi(47) " fcode="phi"/>
<opset="empty_153/3 "/>
</bind>
</comp>

<comp id="673" class="1005" name="empty_154_reg_673">
<pin_list>
<pin id="674" dir="0" index="0" bw="10" slack="2147483647"/>
<pin id="675" dir="1" index="1" bw="10" slack="2147483647"/>
</pin_list>
<bind>
<opset="empty_154 (phireg) "/>
</bind>
</comp>

<comp id="676" class="1004" name="empty_154_phi_fu_676">
<pin_list>
<pin id="677" dir="0" index="0" bw="10" slack="0"/>
<pin id="678" dir="0" index="1" bw="0" slack="2147483647"/>
<pin id="679" dir="0" index="2" bw="10" slack="0"/>
<pin id="680" dir="0" index="3" bw="0" slack="2147483647"/>
<pin id="681" dir="1" index="4" bw="10" slack="0"/>
</pin_list>
<bind>
<opcode="phi(47) " fcode="phi"/>
<opset="empty_154/3 "/>
</bind>
</comp>

<comp id="682" class="1005" name="empty_155_reg_682">
<pin_list>
<pin id="683" dir="0" index="0" bw="10" slack="2147483647"/>
<pin id="684" dir="1" index="1" bw="10" slack="2147483647"/>
</pin_list>
<bind>
<opset="empty_155 (phireg) "/>
</bind>
</comp>

<comp id="685" class="1004" name="empty_155_phi_fu_685">
<pin_list>
<pin id="686" dir="0" index="0" bw="10" slack="0"/>
<pin id="687" dir="0" index="1" bw="0" slack="2147483647"/>
<pin id="688" dir="0" index="2" bw="10" slack="0"/>
<pin id="689" dir="0" index="3" bw="0" slack="2147483647"/>
<pin id="690" dir="1" index="4" bw="10" slack="0"/>
</pin_list>
<bind>
<opcode="phi(47) " fcode="phi"/>
<opset="empty_155/3 "/>
</bind>
</comp>

<comp id="691" class="1005" name="empty_156_reg_691">
<pin_list>
<pin id="692" dir="0" index="0" bw="10" slack="2147483647"/>
<pin id="693" dir="1" index="1" bw="10" slack="2147483647"/>
</pin_list>
<bind>
<opset="empty_156 (phireg) "/>
</bind>
</comp>

<comp id="694" class="1004" name="empty_156_phi_fu_694">
<pin_list>
<pin id="695" dir="0" index="0" bw="10" slack="0"/>
<pin id="696" dir="0" index="1" bw="0" slack="2147483647"/>
<pin id="697" dir="0" index="2" bw="10" slack="0"/>
<pin id="698" dir="0" index="3" bw="0" slack="2147483647"/>
<pin id="699" dir="1" index="4" bw="10" slack="0"/>
</pin_list>
<bind>
<opcode="phi(47) " fcode="phi"/>
<opset="empty_156/3 "/>
</bind>
</comp>

<comp id="700" class="1005" name="empty_157_reg_700">
<pin_list>
<pin id="701" dir="0" index="0" bw="10" slack="2147483647"/>
<pin id="702" dir="1" index="1" bw="10" slack="2147483647"/>
</pin_list>
<bind>
<opset="empty_157 (phireg) "/>
</bind>
</comp>

<comp id="703" class="1004" name="empty_157_phi_fu_703">
<pin_list>
<pin id="704" dir="0" index="0" bw="10" slack="0"/>
<pin id="705" dir="0" index="1" bw="0" slack="2147483647"/>
<pin id="706" dir="0" index="2" bw="10" slack="1"/>
<pin id="707" dir="0" index="3" bw="0" slack="2147483647"/>
<pin id="708" dir="1" index="4" bw="10" slack="0"/>
</pin_list>
<bind>
<opcode="phi(47) " fcode="phi"/>
<opset="empty_157/3 "/>
</bind>
</comp>

<comp id="709" class="1005" name="empty_158_reg_709">
<pin_list>
<pin id="710" dir="0" index="0" bw="10" slack="2147483647"/>
<pin id="711" dir="1" index="1" bw="10" slack="2147483647"/>
</pin_list>
<bind>
<opset="empty_158 (phireg) "/>
</bind>
</comp>

<comp id="712" class="1004" name="empty_158_phi_fu_712">
<pin_list>
<pin id="713" dir="0" index="0" bw="10" slack="0"/>
<pin id="714" dir="0" index="1" bw="0" slack="2147483647"/>
<pin id="715" dir="0" index="2" bw="10" slack="0"/>
<pin id="716" dir="0" index="3" bw="0" slack="2147483647"/>
<pin id="717" dir="1" index="4" bw="10" slack="0"/>
</pin_list>
<bind>
<opcode="phi(47) " fcode="phi"/>
<opset="empty_158/3 "/>
</bind>
</comp>

<comp id="718" class="1005" name="empty_159_reg_718">
<pin_list>
<pin id="719" dir="0" index="0" bw="10" slack="2147483647"/>
<pin id="720" dir="1" index="1" bw="10" slack="2147483647"/>
</pin_list>
<bind>
<opset="empty_159 (phireg) "/>
</bind>
</comp>

<comp id="721" class="1004" name="empty_159_phi_fu_721">
<pin_list>
<pin id="722" dir="0" index="0" bw="10" slack="0"/>
<pin id="723" dir="0" index="1" bw="0" slack="2147483647"/>
<pin id="724" dir="0" index="2" bw="10" slack="0"/>
<pin id="725" dir="0" index="3" bw="0" slack="2147483647"/>
<pin id="726" dir="1" index="4" bw="10" slack="0"/>
</pin_list>
<bind>
<opcode="phi(47) " fcode="phi"/>
<opset="empty_159/3 "/>
</bind>
</comp>

<comp id="727" class="1005" name="empty_160_reg_727">
<pin_list>
<pin id="728" dir="0" index="0" bw="10" slack="2147483647"/>
<pin id="729" dir="1" index="1" bw="10" slack="2147483647"/>
</pin_list>
<bind>
<opset="empty_160 (phireg) "/>
</bind>
</comp>

<comp id="730" class="1004" name="empty_160_phi_fu_730">
<pin_list>
<pin id="731" dir="0" index="0" bw="10" slack="0"/>
<pin id="732" dir="0" index="1" bw="0" slack="2147483647"/>
<pin id="733" dir="0" index="2" bw="10" slack="0"/>
<pin id="734" dir="0" index="3" bw="0" slack="2147483647"/>
<pin id="735" dir="1" index="4" bw="10" slack="0"/>
</pin_list>
<bind>
<opcode="phi(47) " fcode="phi"/>
<opset="empty_160/3 "/>
</bind>
</comp>

<comp id="736" class="1005" name="empty_161_reg_736">
<pin_list>
<pin id="737" dir="0" index="0" bw="10" slack="2147483647"/>
<pin id="738" dir="1" index="1" bw="10" slack="2147483647"/>
</pin_list>
<bind>
<opset="empty_161 (phireg) "/>
</bind>
</comp>

<comp id="739" class="1004" name="empty_161_phi_fu_739">
<pin_list>
<pin id="740" dir="0" index="0" bw="10" slack="0"/>
<pin id="741" dir="0" index="1" bw="0" slack="2147483647"/>
<pin id="742" dir="0" index="2" bw="10" slack="1"/>
<pin id="743" dir="0" index="3" bw="0" slack="2147483647"/>
<pin id="744" dir="1" index="4" bw="10" slack="0"/>
</pin_list>
<bind>
<opcode="phi(47) " fcode="phi"/>
<opset="empty_161/3 "/>
</bind>
</comp>

<comp id="745" class="1005" name="g_2_reg_745">
<pin_list>
<pin id="746" dir="0" index="0" bw="10" slack="11"/>
<pin id="747" dir="1" index="1" bw="10" slack="11"/>
</pin_list>
<bind>
<opset="g_2 (phireg) "/>
</bind>
</comp>

<comp id="748" class="1004" name="g_2_phi_fu_748">
<pin_list>
<pin id="749" dir="0" index="0" bw="10" slack="0"/>
<pin id="750" dir="0" index="1" bw="0" slack="2147483647"/>
<pin id="751" dir="0" index="2" bw="10" slack="0"/>
<pin id="752" dir="0" index="3" bw="0" slack="2147483647"/>
<pin id="753" dir="1" index="4" bw="10" slack="0"/>
</pin_list>
<bind>
<opcode="phi(47) " fcode="phi"/>
<opset="g_2/3 "/>
</bind>
</comp>

<comp id="755" class="1005" name="empty_162_reg_755">
<pin_list>
<pin id="756" dir="0" index="0" bw="10" slack="2147483647"/>
<pin id="757" dir="1" index="1" bw="10" slack="2147483647"/>
</pin_list>
<bind>
<opset="empty_162 (phireg) "/>
</bind>
</comp>

<comp id="758" class="1004" name="empty_162_phi_fu_758">
<pin_list>
<pin id="759" dir="0" index="0" bw="10" slack="0"/>
<pin id="760" dir="0" index="1" bw="0" slack="2147483647"/>
<pin id="761" dir="0" index="2" bw="10" slack="0"/>
<pin id="762" dir="0" index="3" bw="0" slack="2147483647"/>
<pin id="763" dir="1" index="4" bw="10" slack="0"/>
</pin_list>
<bind>
<opcode="phi(47) " fcode="phi"/>
<opset="empty_162/3 "/>
</bind>
</comp>

<comp id="764" class="1005" name="empty_163_reg_764">
<pin_list>
<pin id="765" dir="0" index="0" bw="10" slack="2147483647"/>
<pin id="766" dir="1" index="1" bw="10" slack="2147483647"/>
</pin_list>
<bind>
<opset="empty_163 (phireg) "/>
</bind>
</comp>

<comp id="767" class="1004" name="empty_163_phi_fu_767">
<pin_list>
<pin id="768" dir="0" index="0" bw="10" slack="0"/>
<pin id="769" dir="0" index="1" bw="0" slack="2147483647"/>
<pin id="770" dir="0" index="2" bw="10" slack="0"/>
<pin id="771" dir="0" index="3" bw="0" slack="2147483647"/>
<pin id="772" dir="1" index="4" bw="10" slack="0"/>
</pin_list>
<bind>
<opcode="phi(47) " fcode="phi"/>
<opset="empty_163/3 "/>
</bind>
</comp>

<comp id="773" class="1005" name="empty_164_reg_773">
<pin_list>
<pin id="774" dir="0" index="0" bw="10" slack="2147483647"/>
<pin id="775" dir="1" index="1" bw="10" slack="2147483647"/>
</pin_list>
<bind>
<opset="empty_164 (phireg) "/>
</bind>
</comp>

<comp id="776" class="1004" name="empty_164_phi_fu_776">
<pin_list>
<pin id="777" dir="0" index="0" bw="10" slack="0"/>
<pin id="778" dir="0" index="1" bw="0" slack="2147483647"/>
<pin id="779" dir="0" index="2" bw="10" slack="1"/>
<pin id="780" dir="0" index="3" bw="0" slack="2147483647"/>
<pin id="781" dir="1" index="4" bw="10" slack="0"/>
</pin_list>
<bind>
<opcode="phi(47) " fcode="phi"/>
<opset="empty_164/3 "/>
</bind>
</comp>

<comp id="782" class="1005" name="empty_165_reg_782">
<pin_list>
<pin id="783" dir="0" index="0" bw="10" slack="2147483647"/>
<pin id="784" dir="1" index="1" bw="10" slack="2147483647"/>
</pin_list>
<bind>
<opset="empty_165 (phireg) "/>
</bind>
</comp>

<comp id="785" class="1004" name="empty_165_phi_fu_785">
<pin_list>
<pin id="786" dir="0" index="0" bw="10" slack="0"/>
<pin id="787" dir="0" index="1" bw="0" slack="2147483647"/>
<pin id="788" dir="0" index="2" bw="10" slack="0"/>
<pin id="789" dir="0" index="3" bw="0" slack="2147483647"/>
<pin id="790" dir="1" index="4" bw="10" slack="0"/>
</pin_list>
<bind>
<opcode="phi(47) " fcode="phi"/>
<opset="empty_165/3 "/>
</bind>
</comp>

<comp id="791" class="1005" name="empty_166_reg_791">
<pin_list>
<pin id="792" dir="0" index="0" bw="10" slack="2147483647"/>
<pin id="793" dir="1" index="1" bw="10" slack="2147483647"/>
</pin_list>
<bind>
<opset="empty_166 (phireg) "/>
</bind>
</comp>

<comp id="794" class="1004" name="empty_166_phi_fu_794">
<pin_list>
<pin id="795" dir="0" index="0" bw="10" slack="0"/>
<pin id="796" dir="0" index="1" bw="0" slack="2147483647"/>
<pin id="797" dir="0" index="2" bw="10" slack="0"/>
<pin id="798" dir="0" index="3" bw="0" slack="2147483647"/>
<pin id="799" dir="1" index="4" bw="10" slack="0"/>
</pin_list>
<bind>
<opcode="phi(47) " fcode="phi"/>
<opset="empty_166/3 "/>
</bind>
</comp>

<comp id="800" class="1005" name="empty_167_reg_800">
<pin_list>
<pin id="801" dir="0" index="0" bw="10" slack="2147483647"/>
<pin id="802" dir="1" index="1" bw="10" slack="2147483647"/>
</pin_list>
<bind>
<opset="empty_167 (phireg) "/>
</bind>
</comp>

<comp id="803" class="1004" name="empty_167_phi_fu_803">
<pin_list>
<pin id="804" dir="0" index="0" bw="10" slack="0"/>
<pin id="805" dir="0" index="1" bw="0" slack="2147483647"/>
<pin id="806" dir="0" index="2" bw="10" slack="0"/>
<pin id="807" dir="0" index="3" bw="0" slack="2147483647"/>
<pin id="808" dir="1" index="4" bw="10" slack="0"/>
</pin_list>
<bind>
<opcode="phi(47) " fcode="phi"/>
<opset="empty_167/3 "/>
</bind>
</comp>

<comp id="809" class="1005" name="empty_168_reg_809">
<pin_list>
<pin id="810" dir="0" index="0" bw="10" slack="2147483647"/>
<pin id="811" dir="1" index="1" bw="10" slack="2147483647"/>
</pin_list>
<bind>
<opset="empty_168 (phireg) "/>
</bind>
</comp>

<comp id="812" class="1004" name="empty_168_phi_fu_812">
<pin_list>
<pin id="813" dir="0" index="0" bw="10" slack="0"/>
<pin id="814" dir="0" index="1" bw="0" slack="2147483647"/>
<pin id="815" dir="0" index="2" bw="10" slack="1"/>
<pin id="816" dir="0" index="3" bw="0" slack="2147483647"/>
<pin id="817" dir="1" index="4" bw="10" slack="0"/>
</pin_list>
<bind>
<opcode="phi(47) " fcode="phi"/>
<opset="empty_168/3 "/>
</bind>
</comp>

<comp id="818" class="1005" name="empty_169_reg_818">
<pin_list>
<pin id="819" dir="0" index="0" bw="10" slack="2147483647"/>
<pin id="820" dir="1" index="1" bw="10" slack="2147483647"/>
</pin_list>
<bind>
<opset="empty_169 (phireg) "/>
</bind>
</comp>

<comp id="821" class="1004" name="empty_169_phi_fu_821">
<pin_list>
<pin id="822" dir="0" index="0" bw="10" slack="0"/>
<pin id="823" dir="0" index="1" bw="0" slack="2147483647"/>
<pin id="824" dir="0" index="2" bw="10" slack="0"/>
<pin id="825" dir="0" index="3" bw="0" slack="2147483647"/>
<pin id="826" dir="1" index="4" bw="10" slack="0"/>
</pin_list>
<bind>
<opcode="phi(47) " fcode="phi"/>
<opset="empty_169/3 "/>
</bind>
</comp>

<comp id="827" class="1005" name="empty_170_reg_827">
<pin_list>
<pin id="828" dir="0" index="0" bw="10" slack="2147483647"/>
<pin id="829" dir="1" index="1" bw="10" slack="2147483647"/>
</pin_list>
<bind>
<opset="empty_170 (phireg) "/>
</bind>
</comp>

<comp id="830" class="1004" name="empty_170_phi_fu_830">
<pin_list>
<pin id="831" dir="0" index="0" bw="10" slack="0"/>
<pin id="832" dir="0" index="1" bw="0" slack="2147483647"/>
<pin id="833" dir="0" index="2" bw="10" slack="0"/>
<pin id="834" dir="0" index="3" bw="0" slack="2147483647"/>
<pin id="835" dir="1" index="4" bw="10" slack="0"/>
</pin_list>
<bind>
<opcode="phi(47) " fcode="phi"/>
<opset="empty_170/3 "/>
</bind>
</comp>

<comp id="836" class="1005" name="empty_171_reg_836">
<pin_list>
<pin id="837" dir="0" index="0" bw="10" slack="2147483647"/>
<pin id="838" dir="1" index="1" bw="10" slack="2147483647"/>
</pin_list>
<bind>
<opset="empty_171 (phireg) "/>
</bind>
</comp>

<comp id="839" class="1004" name="empty_171_phi_fu_839">
<pin_list>
<pin id="840" dir="0" index="0" bw="10" slack="0"/>
<pin id="841" dir="0" index="1" bw="0" slack="2147483647"/>
<pin id="842" dir="0" index="2" bw="10" slack="0"/>
<pin id="843" dir="0" index="3" bw="0" slack="2147483647"/>
<pin id="844" dir="1" index="4" bw="10" slack="0"/>
</pin_list>
<bind>
<opcode="phi(47) " fcode="phi"/>
<opset="empty_171/3 "/>
</bind>
</comp>

<comp id="845" class="1004" name="zext_ln274_fu_845">
<pin_list>
<pin id="846" dir="0" index="0" bw="16" slack="0"/>
<pin id="847" dir="1" index="1" bw="17" slack="0"/>
</pin_list>
<bind>
<opcode="zext(34) " fcode="zext"/>
<opset="zext_ln274/1 "/>
</bind>
</comp>

<comp id="849" class="1004" name="icmp_ln346_fu_849">
<pin_list>
<pin id="850" dir="0" index="0" bw="17" slack="0"/>
<pin id="851" dir="0" index="1" bw="17" slack="0"/>
<pin id="852" dir="1" index="2" bw="1" slack="1"/>
</pin_list>
<bind>
<opcode="icmp(45) " fcode="icmp"/>
<opset="icmp_ln346/1 "/>
</bind>
</comp>

<comp id="855" class="1004" name="icmp_ln403_fu_855">
<pin_list>
<pin id="856" dir="0" index="0" bw="17" slack="0"/>
<pin id="857" dir="0" index="1" bw="17" slack="0"/>
<pin id="858" dir="1" index="2" bw="1" slack="2"/>
</pin_list>
<bind>
<opcode="icmp(45) " fcode="icmp"/>
<opset="icmp_ln403/1 "/>
</bind>
</comp>

<comp id="861" class="1004" name="zext_ln275_fu_861">
<pin_list>
<pin id="862" dir="0" index="0" bw="16" slack="0"/>
<pin id="863" dir="1" index="1" bw="17" slack="0"/>
</pin_list>
<bind>
<opcode="zext(34) " fcode="zext"/>
<opset="zext_ln275/1 "/>
</bind>
</comp>

<comp id="865" class="1004" name="zext_ln439_fu_865">
<pin_list>
<pin id="866" dir="0" index="0" bw="1" slack="0"/>
<pin id="867" dir="1" index="1" bw="15" slack="0"/>
</pin_list>
<bind>
<opcode="zext(34) " fcode="zext"/>
<opset="zext_ln439/1 "/>
</bind>
</comp>

<comp id="869" class="1004" name="icmp_ln506_fu_869">
<pin_list>
<pin id="870" dir="0" index="0" bw="15" slack="0"/>
<pin id="871" dir="0" index="1" bw="15" slack="0"/>
<pin id="872" dir="1" index="2" bw="1" slack="14"/>
</pin_list>
<bind>
<opcode="icmp(45) " fcode="icmp"/>
<opset="icmp_ln506/1 "/>
</bind>
</comp>

<comp id="875" class="1004" name="store_ln0_store_fu_875">
<pin_list>
<pin id="876" dir="0" index="0" bw="10" slack="0"/>
<pin id="877" dir="0" index="1" bw="10" slack="0"/>
<pin id="878" dir="1" index="2" bw="0" slack="2147483647"/>
</pin_list>
<bind>
<opcode="store(28) " fcode="store"/>
<opset="store_ln0/1 "/>
</bind>
</comp>

<comp id="880" class="1004" name="store_ln0_store_fu_880">
<pin_list>
<pin id="881" dir="0" index="0" bw="10" slack="0"/>
<pin id="882" dir="0" index="1" bw="10" slack="0"/>
<pin id="883" dir="1" index="2" bw="0" slack="2147483647"/>
</pin_list>
<bind>
<opcode="store(28) " fcode="store"/>
<opset="store_ln0/1 "/>
</bind>
</comp>

<comp id="885" class="1004" name="store_ln0_store_fu_885">
<pin_list>
<pin id="886" dir="0" index="0" bw="10" slack="0"/>
<pin id="887" dir="0" index="1" bw="10" slack="0"/>
<pin id="888" dir="1" index="2" bw="0" slack="2147483647"/>
</pin_list>
<bind>
<opcode="store(28) " fcode="store"/>
<opset="store_ln0/1 "/>
</bind>
</comp>

<comp id="890" class="1004" name="store_ln0_store_fu_890">
<pin_list>
<pin id="891" dir="0" index="0" bw="10" slack="0"/>
<pin id="892" dir="0" index="1" bw="10" slack="0"/>
<pin id="893" dir="1" index="2" bw="0" slack="2147483647"/>
</pin_list>
<bind>
<opcode="store(28) " fcode="store"/>
<opset="store_ln0/1 "/>
</bind>
</comp>

<comp id="895" class="1004" name="store_ln0_store_fu_895">
<pin_list>
<pin id="896" dir="0" index="0" bw="10" slack="0"/>
<pin id="897" dir="0" index="1" bw="10" slack="0"/>
<pin id="898" dir="1" index="2" bw="0" slack="2147483647"/>
</pin_list>
<bind>
<opcode="store(28) " fcode="store"/>
<opset="store_ln0/1 "/>
</bind>
</comp>

<comp id="900" class="1004" name="store_ln0_store_fu_900">
<pin_list>
<pin id="901" dir="0" index="0" bw="10" slack="0"/>
<pin id="902" dir="0" index="1" bw="10" slack="0"/>
<pin id="903" dir="1" index="2" bw="0" slack="2147483647"/>
</pin_list>
<bind>
<opcode="store(28) " fcode="store"/>
<opset="store_ln0/1 "/>
</bind>
</comp>

<comp id="905" class="1004" name="store_ln0_store_fu_905">
<pin_list>
<pin id="906" dir="0" index="0" bw="10" slack="0"/>
<pin id="907" dir="0" index="1" bw="10" slack="0"/>
<pin id="908" dir="1" index="2" bw="0" slack="2147483647"/>
</pin_list>
<bind>
<opcode="store(28) " fcode="store"/>
<opset="store_ln0/1 "/>
</bind>
</comp>

<comp id="910" class="1004" name="store_ln0_store_fu_910">
<pin_list>
<pin id="911" dir="0" index="0" bw="10" slack="0"/>
<pin id="912" dir="0" index="1" bw="10" slack="0"/>
<pin id="913" dir="1" index="2" bw="0" slack="2147483647"/>
</pin_list>
<bind>
<opcode="store(28) " fcode="store"/>
<opset="store_ln0/1 "/>
</bind>
</comp>

<comp id="915" class="1004" name="store_ln0_store_fu_915">
<pin_list>
<pin id="916" dir="0" index="0" bw="10" slack="0"/>
<pin id="917" dir="0" index="1" bw="10" slack="0"/>
<pin id="918" dir="1" index="2" bw="0" slack="2147483647"/>
</pin_list>
<bind>
<opcode="store(28) " fcode="store"/>
<opset="store_ln0/1 "/>
</bind>
</comp>

<comp id="920" class="1004" name="store_ln0_store_fu_920">
<pin_list>
<pin id="921" dir="0" index="0" bw="10" slack="0"/>
<pin id="922" dir="0" index="1" bw="10" slack="0"/>
<pin id="923" dir="1" index="2" bw="0" slack="2147483647"/>
</pin_list>
<bind>
<opcode="store(28) " fcode="store"/>
<opset="store_ln0/1 "/>
</bind>
</comp>

<comp id="925" class="1004" name="store_ln0_store_fu_925">
<pin_list>
<pin id="926" dir="0" index="0" bw="10" slack="0"/>
<pin id="927" dir="0" index="1" bw="10" slack="0"/>
<pin id="928" dir="1" index="2" bw="0" slack="2147483647"/>
</pin_list>
<bind>
<opcode="store(28) " fcode="store"/>
<opset="store_ln0/1 "/>
</bind>
</comp>

<comp id="930" class="1004" name="store_ln0_store_fu_930">
<pin_list>
<pin id="931" dir="0" index="0" bw="10" slack="0"/>
<pin id="932" dir="0" index="1" bw="10" slack="0"/>
<pin id="933" dir="1" index="2" bw="0" slack="2147483647"/>
</pin_list>
<bind>
<opcode="store(28) " fcode="store"/>
<opset="store_ln0/1 "/>
</bind>
</comp>

<comp id="935" class="1004" name="store_ln0_store_fu_935">
<pin_list>
<pin id="936" dir="0" index="0" bw="10" slack="0"/>
<pin id="937" dir="0" index="1" bw="10" slack="0"/>
<pin id="938" dir="1" index="2" bw="0" slack="2147483647"/>
</pin_list>
<bind>
<opcode="store(28) " fcode="store"/>
<opset="store_ln0/1 "/>
</bind>
</comp>

<comp id="940" class="1004" name="store_ln0_store_fu_940">
<pin_list>
<pin id="941" dir="0" index="0" bw="10" slack="0"/>
<pin id="942" dir="0" index="1" bw="10" slack="0"/>
<pin id="943" dir="1" index="2" bw="0" slack="2147483647"/>
</pin_list>
<bind>
<opcode="store(28) " fcode="store"/>
<opset="store_ln0/1 "/>
</bind>
</comp>

<comp id="945" class="1004" name="store_ln0_store_fu_945">
<pin_list>
<pin id="946" dir="0" index="0" bw="10" slack="0"/>
<pin id="947" dir="0" index="1" bw="10" slack="0"/>
<pin id="948" dir="1" index="2" bw="0" slack="2147483647"/>
</pin_list>
<bind>
<opcode="store(28) " fcode="store"/>
<opset="store_ln0/1 "/>
</bind>
</comp>

<comp id="950" class="1004" name="store_ln0_store_fu_950">
<pin_list>
<pin id="951" dir="0" index="0" bw="10" slack="0"/>
<pin id="952" dir="0" index="1" bw="10" slack="0"/>
<pin id="953" dir="1" index="2" bw="0" slack="2147483647"/>
</pin_list>
<bind>
<opcode="store(28) " fcode="store"/>
<opset="store_ln0/1 "/>
</bind>
</comp>

<comp id="955" class="1004" name="store_ln0_store_fu_955">
<pin_list>
<pin id="956" dir="0" index="0" bw="10" slack="0"/>
<pin id="957" dir="0" index="1" bw="10" slack="0"/>
<pin id="958" dir="1" index="2" bw="0" slack="2147483647"/>
</pin_list>
<bind>
<opcode="store(28) " fcode="store"/>
<opset="store_ln0/1 "/>
</bind>
</comp>

<comp id="960" class="1004" name="store_ln0_store_fu_960">
<pin_list>
<pin id="961" dir="0" index="0" bw="10" slack="0"/>
<pin id="962" dir="0" index="1" bw="10" slack="0"/>
<pin id="963" dir="1" index="2" bw="0" slack="2147483647"/>
</pin_list>
<bind>
<opcode="store(28) " fcode="store"/>
<opset="store_ln0/1 "/>
</bind>
</comp>

<comp id="965" class="1004" name="store_ln0_store_fu_965">
<pin_list>
<pin id="966" dir="0" index="0" bw="10" slack="0"/>
<pin id="967" dir="0" index="1" bw="10" slack="0"/>
<pin id="968" dir="1" index="2" bw="0" slack="2147483647"/>
</pin_list>
<bind>
<opcode="store(28) " fcode="store"/>
<opset="store_ln0/1 "/>
</bind>
</comp>

<comp id="970" class="1004" name="store_ln0_store_fu_970">
<pin_list>
<pin id="971" dir="0" index="0" bw="10" slack="0"/>
<pin id="972" dir="0" index="1" bw="10" slack="0"/>
<pin id="973" dir="1" index="2" bw="0" slack="2147483647"/>
</pin_list>
<bind>
<opcode="store(28) " fcode="store"/>
<opset="store_ln0/1 "/>
</bind>
</comp>

<comp id="975" class="1004" name="store_ln271_store_fu_975">
<pin_list>
<pin id="976" dir="0" index="0" bw="1" slack="0"/>
<pin id="977" dir="0" index="1" bw="17" slack="0"/>
<pin id="978" dir="1" index="2" bw="0" slack="2147483647"/>
</pin_list>
<bind>
<opcode="store(28) " fcode="store"/>
<opset="store_ln271/1 "/>
</bind>
</comp>

<comp id="980" class="1004" name="z_load_fu_980">
<pin_list>
<pin id="981" dir="0" index="0" bw="17" slack="0"/>
<pin id="982" dir="1" index="1" bw="17" slack="0"/>
</pin_list>
<bind>
<opcode="load(27) " fcode="load"/>
<opset="z/1 "/>
</bind>
</comp>

<comp id="983" class="1004" name="icmp_ln318_fu_983">
<pin_list>
<pin id="984" dir="0" index="0" bw="17" slack="0"/>
<pin id="985" dir="0" index="1" bw="17" slack="0"/>
<pin id="986" dir="1" index="2" bw="1" slack="1"/>
</pin_list>
<bind>
<opcode="icmp(45) " fcode="icmp"/>
<opset="icmp_ln318/1 "/>
</bind>
</comp>

<comp id="989" class="1004" name="x_11_fu_989">
<pin_list>
<pin id="990" dir="0" index="0" bw="17" slack="0"/>
<pin id="991" dir="0" index="1" bw="1" slack="0"/>
<pin id="992" dir="1" index="2" bw="17" slack="0"/>
</pin_list>
<bind>
<opcode="add(8) " fcode="add"/>
<opset="x_11/1 "/>
</bind>
</comp>

<comp id="995" class="1004" name="zext_ln318_fu_995">
<pin_list>
<pin id="996" dir="0" index="0" bw="17" slack="0"/>
<pin id="997" dir="1" index="1" bw="64" slack="0"/>
</pin_list>
<bind>
<opcode="zext(34) " fcode="zext"/>
<opset="zext_ln318/1 "/>
</bind>
</comp>

<comp id="1003" class="1004" name="out_x_fu_1003">
<pin_list>
<pin id="1004" dir="0" index="0" bw="17" slack="0"/>
<pin id="1005" dir="0" index="1" bw="2" slack="0"/>
<pin id="1006" dir="1" index="2" bw="17" slack="0"/>
</pin_list>
<bind>
<opcode="add(8) " fcode="add"/>
<opset="out_x/1 "/>
</bind>
</comp>

<comp id="1009" class="1004" name="trunc_ln279_fu_1009">
<pin_list>
<pin id="1010" dir="0" index="0" bw="17" slack="0"/>
<pin id="1011" dir="1" index="1" bw="1" slack="0"/>
</pin_list>
<bind>
<opcode="trunc(33) " fcode="trunc"/>
<opset="trunc_ln279/1 "/>
</bind>
</comp>

<comp id="1013" class="1004" name="icmp_ln328_fu_1013">
<pin_list>
<pin id="1014" dir="0" index="0" bw="17" slack="0"/>
<pin id="1015" dir="0" index="1" bw="17" slack="0"/>
<pin id="1016" dir="1" index="2" bw="1" slack="1"/>
</pin_list>
<bind>
<opcode="icmp(45) " fcode="icmp"/>
<opset="icmp_ln328/1 "/>
</bind>
</comp>

<comp id="1019" class="1004" name="icmp_ln387_fu_1019">
<pin_list>
<pin id="1020" dir="0" index="0" bw="17" slack="0"/>
<pin id="1021" dir="0" index="1" bw="17" slack="0"/>
<pin id="1022" dir="1" index="2" bw="1" slack="2"/>
</pin_list>
<bind>
<opcode="icmp(45) " fcode="icmp"/>
<opset="icmp_ln387/1 "/>
</bind>
</comp>

<comp id="1025" class="1004" name="xor_ln439_1_fu_1025">
<pin_list>
<pin id="1026" dir="0" index="0" bw="1" slack="0"/>
<pin id="1027" dir="0" index="1" bw="1" slack="0"/>
<pin id="1028" dir="1" index="2" bw="1" slack="0"/>
</pin_list>
<bind>
<opcode="xor(25) " fcode="xor"/>
<opset="xor_ln439_1/1 "/>
</bind>
</comp>

<comp id="1031" class="1004" name="zext_ln439_1_fu_1031">
<pin_list>
<pin id="1032" dir="0" index="0" bw="1" slack="0"/>
<pin id="1033" dir="1" index="1" bw="15" slack="0"/>
</pin_list>
<bind>
<opcode="zext(34) " fcode="zext"/>
<opset="zext_ln439_1/1 "/>
</bind>
</comp>

<comp id="1035" class="1004" name="icmp_ln439_fu_1035">
<pin_list>
<pin id="1036" dir="0" index="0" bw="15" slack="0"/>
<pin id="1037" dir="0" index="1" bw="15" slack="0"/>
<pin id="1038" dir="1" index="2" bw="1" slack="2"/>
</pin_list>
<bind>
<opcode="icmp(45) " fcode="icmp"/>
<opset="icmp_ln439/1 "/>
</bind>
</comp>

<comp id="1041" class="1004" name="or_ln585_fu_1041">
<pin_list>
<pin id="1042" dir="0" index="0" bw="17" slack="0"/>
<pin id="1043" dir="0" index="1" bw="17" slack="0"/>
<pin id="1044" dir="1" index="2" bw="17" slack="0"/>
</pin_list>
<bind>
<opcode="or(24) " fcode="or"/>
<opset="or_ln585/1 "/>
</bind>
</comp>

<comp id="1047" class="1004" name="tmp_52_fu_1047">
<pin_list>
<pin id="1048" dir="0" index="0" bw="1" slack="0"/>
<pin id="1049" dir="0" index="1" bw="17" slack="0"/>
<pin id="1050" dir="0" index="2" bw="6" slack="0"/>
<pin id="1051" dir="1" index="3" bw="1" slack="14"/>
</pin_list>
<bind>
<opcode="bitselect(1000) " fcode="bitselect"/>
<opset="tmp_52/1 "/>
</bind>
</comp>

<comp id="1055" class="1004" name="store_ln271_store_fu_1055">
<pin_list>
<pin id="1056" dir="0" index="0" bw="17" slack="0"/>
<pin id="1057" dir="0" index="1" bw="17" slack="0"/>
<pin id="1058" dir="1" index="2" bw="0" slack="2147483647"/>
</pin_list>
<bind>
<opcode="store(28) " fcode="store"/>
<opset="store_ln271/1 "/>
</bind>
</comp>

<comp id="1060" class="1004" name="p_load220_load_fu_1060">
<pin_list>
<pin id="1061" dir="0" index="0" bw="10" slack="1"/>
<pin id="1062" dir="1" index="1" bw="10" slack="1"/>
</pin_list>
<bind>
<opcode="load(27) " fcode="load"/>
<opset="p_load220/2 "/>
</bind>
</comp>

<comp id="1063" class="1004" name="p_load218_load_fu_1063">
<pin_list>
<pin id="1064" dir="0" index="0" bw="10" slack="1"/>
<pin id="1065" dir="1" index="1" bw="10" slack="1"/>
</pin_list>
<bind>
<opcode="load(27) " fcode="load"/>
<opset="p_load218/2 "/>
</bind>
</comp>

<comp id="1066" class="1004" name="p_load216_load_fu_1066">
<pin_list>
<pin id="1067" dir="0" index="0" bw="10" slack="1"/>
<pin id="1068" dir="1" index="1" bw="10" slack="1"/>
</pin_list>
<bind>
<opcode="load(27) " fcode="load"/>
<opset="p_load216/2 "/>
</bind>
</comp>

<comp id="1069" class="1004" name="p_load214_load_fu_1069">
<pin_list>
<pin id="1070" dir="0" index="0" bw="10" slack="1"/>
<pin id="1071" dir="1" index="1" bw="10" slack="1"/>
</pin_list>
<bind>
<opcode="load(27) " fcode="load"/>
<opset="p_load214/2 "/>
</bind>
</comp>

<comp id="1072" class="1004" name="p_load212_load_fu_1072">
<pin_list>
<pin id="1073" dir="0" index="0" bw="10" slack="1"/>
<pin id="1074" dir="1" index="1" bw="10" slack="1"/>
</pin_list>
<bind>
<opcode="load(27) " fcode="load"/>
<opset="p_load212/2 "/>
</bind>
</comp>

<comp id="1075" class="1004" name="store_ln348_store_fu_1075">
<pin_list>
<pin id="1076" dir="0" index="0" bw="10" slack="0"/>
<pin id="1077" dir="0" index="1" bw="10" slack="1"/>
<pin id="1078" dir="1" index="2" bw="0" slack="2147483647"/>
</pin_list>
<bind>
<opcode="store(28) " fcode="store"/>
<opset="store_ln348/2 "/>
</bind>
</comp>

<comp id="1080" class="1004" name="store_ln333_store_fu_1080">
<pin_list>
<pin id="1081" dir="0" index="0" bw="10" slack="0"/>
<pin id="1082" dir="0" index="1" bw="10" slack="1"/>
<pin id="1083" dir="1" index="2" bw="0" slack="2147483647"/>
</pin_list>
<bind>
<opcode="store(28) " fcode="store"/>
<opset="store_ln333/2 "/>
</bind>
</comp>

<comp id="1085" class="1004" name="store_ln333_store_fu_1085">
<pin_list>
<pin id="1086" dir="0" index="0" bw="10" slack="0"/>
<pin id="1087" dir="0" index="1" bw="10" slack="1"/>
<pin id="1088" dir="1" index="2" bw="0" slack="2147483647"/>
</pin_list>
<bind>
<opcode="store(28) " fcode="store"/>
<opset="store_ln333/2 "/>
</bind>
</comp>

<comp id="1090" class="1004" name="store_ln333_store_fu_1090">
<pin_list>
<pin id="1091" dir="0" index="0" bw="10" slack="0"/>
<pin id="1092" dir="0" index="1" bw="10" slack="1"/>
<pin id="1093" dir="1" index="2" bw="0" slack="2147483647"/>
</pin_list>
<bind>
<opcode="store(28) " fcode="store"/>
<opset="store_ln333/2 "/>
</bind>
</comp>

<comp id="1095" class="1004" name="store_ln333_store_fu_1095">
<pin_list>
<pin id="1096" dir="0" index="0" bw="10" slack="0"/>
<pin id="1097" dir="0" index="1" bw="10" slack="1"/>
<pin id="1098" dir="1" index="2" bw="0" slack="2147483647"/>
</pin_list>
<bind>
<opcode="store(28) " fcode="store"/>
<opset="store_ln333/2 "/>
</bind>
</comp>

<comp id="1100" class="1004" name="p_load211_load_fu_1100">
<pin_list>
<pin id="1101" dir="0" index="0" bw="10" slack="2"/>
<pin id="1102" dir="1" index="1" bw="10" slack="0"/>
</pin_list>
<bind>
<opcode="load(27) " fcode="load"/>
<opset="p_load211/3 "/>
</bind>
</comp>

<comp id="1104" class="1004" name="p_load210_load_fu_1104">
<pin_list>
<pin id="1105" dir="0" index="0" bw="10" slack="2"/>
<pin id="1106" dir="1" index="1" bw="10" slack="0"/>
</pin_list>
<bind>
<opcode="load(27) " fcode="load"/>
<opset="p_load210/3 "/>
</bind>
</comp>

<comp id="1108" class="1004" name="p_load209_load_fu_1108">
<pin_list>
<pin id="1109" dir="0" index="0" bw="10" slack="2"/>
<pin id="1110" dir="1" index="1" bw="10" slack="0"/>
</pin_list>
<bind>
<opcode="load(27) " fcode="load"/>
<opset="p_load209/3 "/>
</bind>
</comp>

<comp id="1112" class="1004" name="p_load208_load_fu_1112">
<pin_list>
<pin id="1113" dir="0" index="0" bw="10" slack="2"/>
<pin id="1114" dir="1" index="1" bw="10" slack="0"/>
</pin_list>
<bind>
<opcode="load(27) " fcode="load"/>
<opset="p_load208/3 "/>
</bind>
</comp>

<comp id="1116" class="1004" name="p_load207_load_fu_1116">
<pin_list>
<pin id="1117" dir="0" index="0" bw="10" slack="2"/>
<pin id="1118" dir="1" index="1" bw="10" slack="0"/>
</pin_list>
<bind>
<opcode="load(27) " fcode="load"/>
<opset="p_load207/3 "/>
</bind>
</comp>

<comp id="1120" class="1004" name="p_load206_load_fu_1120">
<pin_list>
<pin id="1121" dir="0" index="0" bw="10" slack="2"/>
<pin id="1122" dir="1" index="1" bw="10" slack="0"/>
</pin_list>
<bind>
<opcode="load(27) " fcode="load"/>
<opset="p_load206/3 "/>
</bind>
</comp>

<comp id="1124" class="1004" name="p_load205_load_fu_1124">
<pin_list>
<pin id="1125" dir="0" index="0" bw="10" slack="2"/>
<pin id="1126" dir="1" index="1" bw="10" slack="0"/>
</pin_list>
<bind>
<opcode="load(27) " fcode="load"/>
<opset="p_load205/3 "/>
</bind>
</comp>

<comp id="1128" class="1004" name="p_load204_load_fu_1128">
<pin_list>
<pin id="1129" dir="0" index="0" bw="10" slack="2"/>
<pin id="1130" dir="1" index="1" bw="10" slack="0"/>
</pin_list>
<bind>
<opcode="load(27) " fcode="load"/>
<opset="p_load204/3 "/>
</bind>
</comp>

<comp id="1132" class="1004" name="p_load203_load_fu_1132">
<pin_list>
<pin id="1133" dir="0" index="0" bw="10" slack="2"/>
<pin id="1134" dir="1" index="1" bw="10" slack="0"/>
</pin_list>
<bind>
<opcode="load(27) " fcode="load"/>
<opset="p_load203/3 "/>
</bind>
</comp>

<comp id="1136" class="1004" name="p_load202_load_fu_1136">
<pin_list>
<pin id="1137" dir="0" index="0" bw="10" slack="2"/>
<pin id="1138" dir="1" index="1" bw="10" slack="0"/>
</pin_list>
<bind>
<opcode="load(27) " fcode="load"/>
<opset="p_load202/3 "/>
</bind>
</comp>

<comp id="1140" class="1004" name="p_load201_load_fu_1140">
<pin_list>
<pin id="1141" dir="0" index="0" bw="10" slack="2"/>
<pin id="1142" dir="1" index="1" bw="10" slack="0"/>
</pin_list>
<bind>
<opcode="load(27) " fcode="load"/>
<opset="p_load201/3 "/>
</bind>
</comp>

<comp id="1144" class="1004" name="p_load200_load_fu_1144">
<pin_list>
<pin id="1145" dir="0" index="0" bw="10" slack="2"/>
<pin id="1146" dir="1" index="1" bw="10" slack="0"/>
</pin_list>
<bind>
<opcode="load(27) " fcode="load"/>
<opset="p_load200/3 "/>
</bind>
</comp>

<comp id="1148" class="1004" name="p_load199_load_fu_1148">
<pin_list>
<pin id="1149" dir="0" index="0" bw="10" slack="2"/>
<pin id="1150" dir="1" index="1" bw="10" slack="0"/>
</pin_list>
<bind>
<opcode="load(27) " fcode="load"/>
<opset="p_load199/3 "/>
</bind>
</comp>

<comp id="1152" class="1004" name="p_load198_load_fu_1152">
<pin_list>
<pin id="1153" dir="0" index="0" bw="10" slack="2"/>
<pin id="1154" dir="1" index="1" bw="10" slack="0"/>
</pin_list>
<bind>
<opcode="load(27) " fcode="load"/>
<opset="p_load198/3 "/>
</bind>
</comp>

<comp id="1156" class="1004" name="p_load_load_fu_1156">
<pin_list>
<pin id="1157" dir="0" index="0" bw="10" slack="2"/>
<pin id="1158" dir="1" index="1" bw="10" slack="0"/>
</pin_list>
<bind>
<opcode="load(27) " fcode="load"/>
<opset="p_load/3 "/>
</bind>
</comp>

<comp id="1160" class="1004" name="select_ln387_fu_1160">
<pin_list>
<pin id="1161" dir="0" index="0" bw="1" slack="2"/>
<pin id="1162" dir="0" index="1" bw="10" slack="1"/>
<pin id="1163" dir="0" index="2" bw="10" slack="1"/>
<pin id="1164" dir="1" index="3" bw="10" slack="0"/>
</pin_list>
<bind>
<opcode="select(49) " fcode="select"/>
<opset="select_ln387/3 "/>
</bind>
</comp>

<comp id="1166" class="1004" name="select_ln387_1_fu_1166">
<pin_list>
<pin id="1167" dir="0" index="0" bw="1" slack="2"/>
<pin id="1168" dir="0" index="1" bw="10" slack="1"/>
<pin id="1169" dir="0" index="2" bw="10" slack="0"/>
<pin id="1170" dir="1" index="3" bw="10" slack="0"/>
</pin_list>
<bind>
<opcode="select(49) " fcode="select"/>
<opset="select_ln387_1/3 "/>
</bind>
</comp>

<comp id="1173" class="1004" name="select_ln387_2_fu_1173">
<pin_list>
<pin id="1174" dir="0" index="0" bw="1" slack="2"/>
<pin id="1175" dir="0" index="1" bw="10" slack="1"/>
<pin id="1176" dir="0" index="2" bw="10" slack="0"/>
<pin id="1177" dir="1" index="3" bw="10" slack="0"/>
</pin_list>
<bind>
<opcode="select(49) " fcode="select"/>
<opset="select_ln387_2/3 "/>
</bind>
</comp>

<comp id="1180" class="1004" name="select_ln387_3_fu_1180">
<pin_list>
<pin id="1181" dir="0" index="0" bw="1" slack="2"/>
<pin id="1182" dir="0" index="1" bw="10" slack="1"/>
<pin id="1183" dir="0" index="2" bw="10" slack="0"/>
<pin id="1184" dir="1" index="3" bw="10" slack="0"/>
</pin_list>
<bind>
<opcode="select(49) " fcode="select"/>
<opset="select_ln387_3/3 "/>
</bind>
</comp>

<comp id="1187" class="1004" name="select_ln387_4_fu_1187">
<pin_list>
<pin id="1188" dir="0" index="0" bw="1" slack="2"/>
<pin id="1189" dir="0" index="1" bw="10" slack="1"/>
<pin id="1190" dir="0" index="2" bw="10" slack="1"/>
<pin id="1191" dir="1" index="3" bw="10" slack="0"/>
</pin_list>
<bind>
<opcode="select(49) " fcode="select"/>
<opset="select_ln387_4/3 "/>
</bind>
</comp>

<comp id="1193" class="1004" name="select_ln387_5_fu_1193">
<pin_list>
<pin id="1194" dir="0" index="0" bw="1" slack="2"/>
<pin id="1195" dir="0" index="1" bw="10" slack="1"/>
<pin id="1196" dir="0" index="2" bw="10" slack="0"/>
<pin id="1197" dir="1" index="3" bw="10" slack="0"/>
</pin_list>
<bind>
<opcode="select(49) " fcode="select"/>
<opset="select_ln387_5/3 "/>
</bind>
</comp>

<comp id="1200" class="1004" name="select_ln387_6_fu_1200">
<pin_list>
<pin id="1201" dir="0" index="0" bw="1" slack="2"/>
<pin id="1202" dir="0" index="1" bw="10" slack="1"/>
<pin id="1203" dir="0" index="2" bw="10" slack="0"/>
<pin id="1204" dir="1" index="3" bw="10" slack="0"/>
</pin_list>
<bind>
<opcode="select(49) " fcode="select"/>
<opset="select_ln387_6/3 "/>
</bind>
</comp>

<comp id="1207" class="1004" name="select_ln387_7_fu_1207">
<pin_list>
<pin id="1208" dir="0" index="0" bw="1" slack="2"/>
<pin id="1209" dir="0" index="1" bw="10" slack="1"/>
<pin id="1210" dir="0" index="2" bw="10" slack="0"/>
<pin id="1211" dir="1" index="3" bw="10" slack="0"/>
</pin_list>
<bind>
<opcode="select(49) " fcode="select"/>
<opset="select_ln387_7/3 "/>
</bind>
</comp>

<comp id="1214" class="1004" name="select_ln387_8_fu_1214">
<pin_list>
<pin id="1215" dir="0" index="0" bw="1" slack="2"/>
<pin id="1216" dir="0" index="1" bw="10" slack="1"/>
<pin id="1217" dir="0" index="2" bw="10" slack="1"/>
<pin id="1218" dir="1" index="3" bw="10" slack="0"/>
</pin_list>
<bind>
<opcode="select(49) " fcode="select"/>
<opset="select_ln387_8/3 "/>
</bind>
</comp>

<comp id="1220" class="1004" name="select_ln387_9_fu_1220">
<pin_list>
<pin id="1221" dir="0" index="0" bw="1" slack="2"/>
<pin id="1222" dir="0" index="1" bw="10" slack="1"/>
<pin id="1223" dir="0" index="2" bw="10" slack="0"/>
<pin id="1224" dir="1" index="3" bw="10" slack="0"/>
</pin_list>
<bind>
<opcode="select(49) " fcode="select"/>
<opset="select_ln387_9/3 "/>
</bind>
</comp>

<comp id="1227" class="1004" name="select_ln387_10_fu_1227">
<pin_list>
<pin id="1228" dir="0" index="0" bw="1" slack="2"/>
<pin id="1229" dir="0" index="1" bw="10" slack="1"/>
<pin id="1230" dir="0" index="2" bw="10" slack="0"/>
<pin id="1231" dir="1" index="3" bw="10" slack="0"/>
</pin_list>
<bind>
<opcode="select(49) " fcode="select"/>
<opset="select_ln387_10/3 "/>
</bind>
</comp>

<comp id="1234" class="1004" name="select_ln387_11_fu_1234">
<pin_list>
<pin id="1235" dir="0" index="0" bw="1" slack="2"/>
<pin id="1236" dir="0" index="1" bw="10" slack="1"/>
<pin id="1237" dir="0" index="2" bw="10" slack="0"/>
<pin id="1238" dir="1" index="3" bw="10" slack="0"/>
</pin_list>
<bind>
<opcode="select(49) " fcode="select"/>
<opset="select_ln387_11/3 "/>
</bind>
</comp>

<comp id="1241" class="1004" name="select_ln387_12_fu_1241">
<pin_list>
<pin id="1242" dir="0" index="0" bw="1" slack="2"/>
<pin id="1243" dir="0" index="1" bw="10" slack="1"/>
<pin id="1244" dir="0" index="2" bw="10" slack="1"/>
<pin id="1245" dir="1" index="3" bw="10" slack="0"/>
</pin_list>
<bind>
<opcode="select(49) " fcode="select"/>
<opset="select_ln387_12/3 "/>
</bind>
</comp>

<comp id="1247" class="1004" name="select_ln387_13_fu_1247">
<pin_list>
<pin id="1248" dir="0" index="0" bw="1" slack="2"/>
<pin id="1249" dir="0" index="1" bw="10" slack="1"/>
<pin id="1250" dir="0" index="2" bw="10" slack="0"/>
<pin id="1251" dir="1" index="3" bw="10" slack="0"/>
</pin_list>
<bind>
<opcode="select(49) " fcode="select"/>
<opset="select_ln387_13/3 "/>
</bind>
</comp>

<comp id="1254" class="1004" name="select_ln387_14_fu_1254">
<pin_list>
<pin id="1255" dir="0" index="0" bw="1" slack="2"/>
<pin id="1256" dir="0" index="1" bw="10" slack="1"/>
<pin id="1257" dir="0" index="2" bw="10" slack="0"/>
<pin id="1258" dir="1" index="3" bw="10" slack="0"/>
</pin_list>
<bind>
<opcode="select(49) " fcode="select"/>
<opset="select_ln387_14/3 "/>
</bind>
</comp>

<comp id="1261" class="1004" name="select_ln387_15_fu_1261">
<pin_list>
<pin id="1262" dir="0" index="0" bw="1" slack="2"/>
<pin id="1263" dir="0" index="1" bw="10" slack="1"/>
<pin id="1264" dir="0" index="2" bw="10" slack="0"/>
<pin id="1265" dir="1" index="3" bw="10" slack="0"/>
</pin_list>
<bind>
<opcode="select(49) " fcode="select"/>
<opset="select_ln387_15/3 "/>
</bind>
</comp>

<comp id="1268" class="1004" name="select_ln387_16_fu_1268">
<pin_list>
<pin id="1269" dir="0" index="0" bw="1" slack="2"/>
<pin id="1270" dir="0" index="1" bw="10" slack="1"/>
<pin id="1271" dir="0" index="2" bw="10" slack="1"/>
<pin id="1272" dir="1" index="3" bw="10" slack="0"/>
</pin_list>
<bind>
<opcode="select(49) " fcode="select"/>
<opset="select_ln387_16/3 "/>
</bind>
</comp>

<comp id="1275" class="1004" name="select_ln387_17_fu_1275">
<pin_list>
<pin id="1276" dir="0" index="0" bw="1" slack="2"/>
<pin id="1277" dir="0" index="1" bw="10" slack="1"/>
<pin id="1278" dir="0" index="2" bw="10" slack="0"/>
<pin id="1279" dir="1" index="3" bw="10" slack="0"/>
</pin_list>
<bind>
<opcode="select(49) " fcode="select"/>
<opset="select_ln387_17/3 "/>
</bind>
</comp>

<comp id="1283" class="1004" name="select_ln387_18_fu_1283">
<pin_list>
<pin id="1284" dir="0" index="0" bw="1" slack="2"/>
<pin id="1285" dir="0" index="1" bw="10" slack="1"/>
<pin id="1286" dir="0" index="2" bw="10" slack="0"/>
<pin id="1287" dir="1" index="3" bw="10" slack="0"/>
</pin_list>
<bind>
<opcode="select(49) " fcode="select"/>
<opset="select_ln387_18/3 "/>
</bind>
</comp>

<comp id="1291" class="1004" name="select_ln387_19_fu_1291">
<pin_list>
<pin id="1292" dir="0" index="0" bw="1" slack="2"/>
<pin id="1293" dir="0" index="1" bw="10" slack="1"/>
<pin id="1294" dir="0" index="2" bw="10" slack="0"/>
<pin id="1295" dir="1" index="3" bw="10" slack="0"/>
</pin_list>
<bind>
<opcode="select(49) " fcode="select"/>
<opset="select_ln387_19/3 "/>
</bind>
</comp>

<comp id="1299" class="1004" name="select_ln403_fu_1299">
<pin_list>
<pin id="1300" dir="0" index="0" bw="1" slack="2"/>
<pin id="1301" dir="0" index="1" bw="10" slack="1"/>
<pin id="1302" dir="0" index="2" bw="10" slack="1"/>
<pin id="1303" dir="1" index="3" bw="10" slack="0"/>
</pin_list>
<bind>
<opcode="select(49) " fcode="select"/>
<opset="select_ln403/3 "/>
</bind>
</comp>

<comp id="1306" class="1004" name="select_ln403_1_fu_1306">
<pin_list>
<pin id="1307" dir="0" index="0" bw="1" slack="2"/>
<pin id="1308" dir="0" index="1" bw="10" slack="1"/>
<pin id="1309" dir="0" index="2" bw="10" slack="1"/>
<pin id="1310" dir="1" index="3" bw="10" slack="0"/>
</pin_list>
<bind>
<opcode="select(49) " fcode="select"/>
<opset="select_ln403_1/3 "/>
</bind>
</comp>

<comp id="1313" class="1004" name="LineBufVal_8_fu_1313">
<pin_list>
<pin id="1314" dir="0" index="0" bw="1" slack="2"/>
<pin id="1315" dir="0" index="1" bw="10" slack="1"/>
<pin id="1316" dir="0" index="2" bw="10" slack="1"/>
<pin id="1317" dir="1" index="3" bw="10" slack="0"/>
</pin_list>
<bind>
<opcode="select(49) " fcode="select"/>
<opset="LineBufVal_8/3 "/>
</bind>
</comp>

<comp id="1320" class="1004" name="p_load221_load_fu_1320">
<pin_list>
<pin id="1321" dir="0" index="0" bw="10" slack="2"/>
<pin id="1322" dir="1" index="1" bw="10" slack="0"/>
</pin_list>
<bind>
<opcode="load(27) " fcode="load"/>
<opset="p_load221/3 "/>
</bind>
</comp>

<comp id="1323" class="1004" name="p_load219_load_fu_1323">
<pin_list>
<pin id="1324" dir="0" index="0" bw="10" slack="2"/>
<pin id="1325" dir="1" index="1" bw="10" slack="0"/>
</pin_list>
<bind>
<opcode="load(27) " fcode="load"/>
<opset="p_load219/3 "/>
</bind>
</comp>

<comp id="1326" class="1004" name="p_load217_load_fu_1326">
<pin_list>
<pin id="1327" dir="0" index="0" bw="10" slack="2"/>
<pin id="1328" dir="1" index="1" bw="10" slack="0"/>
</pin_list>
<bind>
<opcode="load(27) " fcode="load"/>
<opset="p_load217/3 "/>
</bind>
</comp>

<comp id="1329" class="1004" name="p_load215_load_fu_1329">
<pin_list>
<pin id="1330" dir="0" index="0" bw="10" slack="2"/>
<pin id="1331" dir="1" index="1" bw="10" slack="0"/>
</pin_list>
<bind>
<opcode="load(27) " fcode="load"/>
<opset="p_load215/3 "/>
</bind>
</comp>

<comp id="1332" class="1004" name="p_load213_load_fu_1332">
<pin_list>
<pin id="1333" dir="0" index="0" bw="10" slack="2"/>
<pin id="1334" dir="1" index="1" bw="10" slack="0"/>
</pin_list>
<bind>
<opcode="load(27) " fcode="load"/>
<opset="p_load213/3 "/>
</bind>
</comp>

<comp id="1335" class="1004" name="shl_ln_fu_1335">
<pin_list>
<pin id="1336" dir="0" index="0" bw="11" slack="0"/>
<pin id="1337" dir="0" index="1" bw="10" slack="0"/>
<pin id="1338" dir="0" index="2" bw="1" slack="0"/>
<pin id="1339" dir="1" index="3" bw="11" slack="0"/>
</pin_list>
<bind>
<opcode="bitconcatenate(1004) " fcode="bitconcatenate"/>
<opset="shl_ln/3 "/>
</bind>
</comp>

<comp id="1343" class="1004" name="zext_ln450_fu_1343">
<pin_list>
<pin id="1344" dir="0" index="0" bw="11" slack="0"/>
<pin id="1345" dir="1" index="1" bw="12" slack="0"/>
</pin_list>
<bind>
<opcode="zext(34) " fcode="zext"/>
<opset="zext_ln450/3 "/>
</bind>
</comp>

<comp id="1347" class="1004" name="zext_ln450_1_fu_1347">
<pin_list>
<pin id="1348" dir="0" index="0" bw="10" slack="0"/>
<pin id="1349" dir="1" index="1" bw="11" slack="0"/>
</pin_list>
<bind>
<opcode="zext(34) " fcode="zext"/>
<opset="zext_ln450_1/3 "/>
</bind>
</comp>

<comp id="1351" class="1004" name="zext_ln450_2_fu_1351">
<pin_list>
<pin id="1352" dir="0" index="0" bw="10" slack="0"/>
<pin id="1353" dir="1" index="1" bw="12" slack="0"/>
</pin_list>
<bind>
<opcode="zext(34) " fcode="zext"/>
<opset="zext_ln450_2/3 "/>
</bind>
</comp>

<comp id="1355" class="1004" name="zext_ln450_3_fu_1355">
<pin_list>
<pin id="1356" dir="0" index="0" bw="10" slack="0"/>
<pin id="1357" dir="1" index="1" bw="11" slack="0"/>
</pin_list>
<bind>
<opcode="zext(34) " fcode="zext"/>
<opset="zext_ln450_3/3 "/>
</bind>
</comp>

<comp id="1359" class="1004" name="zext_ln450_4_fu_1359">
<pin_list>
<pin id="1360" dir="0" index="0" bw="10" slack="0"/>
<pin id="1361" dir="1" index="1" bw="12" slack="0"/>
</pin_list>
<bind>
<opcode="zext(34) " fcode="zext"/>
<opset="zext_ln450_4/3 "/>
</bind>
</comp>

<comp id="1363" class="1004" name="sub_ln450_fu_1363">
<pin_list>
<pin id="1364" dir="0" index="0" bw="11" slack="0"/>
<pin id="1365" dir="0" index="1" bw="10" slack="0"/>
<pin id="1366" dir="1" index="2" bw="12" slack="0"/>
</pin_list>
<bind>
<opcode="sub(10) " fcode="sub"/>
<opset="sub_ln450/3 "/>
</bind>
</comp>

<comp id="1369" class="1004" name="K_fu_1369">
<pin_list>
<pin id="1370" dir="0" index="0" bw="12" slack="0"/>
<pin id="1371" dir="0" index="1" bw="10" slack="0"/>
<pin id="1372" dir="1" index="2" bw="12" slack="1"/>
</pin_list>
<bind>
<opcode="sub(10) " fcode="sub"/>
<opset="K/3 "/>
</bind>
</comp>

<comp id="1375" class="1004" name="shl_ln3_fu_1375">
<pin_list>
<pin id="1376" dir="0" index="0" bw="11" slack="0"/>
<pin id="1377" dir="0" index="1" bw="10" slack="0"/>
<pin id="1378" dir="0" index="2" bw="1" slack="0"/>
<pin id="1379" dir="1" index="3" bw="11" slack="0"/>
</pin_list>
<bind>
<opcode="bitconcatenate(1004) " fcode="bitconcatenate"/>
<opset="shl_ln3/3 "/>
</bind>
</comp>

<comp id="1383" class="1004" name="zext_ln451_fu_1383">
<pin_list>
<pin id="1384" dir="0" index="0" bw="11" slack="0"/>
<pin id="1385" dir="1" index="1" bw="12" slack="0"/>
</pin_list>
<bind>
<opcode="zext(34) " fcode="zext"/>
<opset="zext_ln451/3 "/>
</bind>
</comp>

<comp id="1387" class="1004" name="zext_ln451_1_fu_1387">
<pin_list>
<pin id="1388" dir="0" index="0" bw="10" slack="0"/>
<pin id="1389" dir="1" index="1" bw="12" slack="0"/>
</pin_list>
<bind>
<opcode="zext(34) " fcode="zext"/>
<opset="zext_ln451_1/3 "/>
</bind>
</comp>

<comp id="1391" class="1004" name="zext_ln451_2_fu_1391">
<pin_list>
<pin id="1392" dir="0" index="0" bw="10" slack="0"/>
<pin id="1393" dir="1" index="1" bw="11" slack="0"/>
</pin_list>
<bind>
<opcode="zext(34) " fcode="zext"/>
<opset="zext_ln451_2/3 "/>
</bind>
</comp>

<comp id="1395" class="1004" name="add_ln451_fu_1395">
<pin_list>
<pin id="1396" dir="0" index="0" bw="10" slack="0"/>
<pin id="1397" dir="0" index="1" bw="10" slack="0"/>
<pin id="1398" dir="1" index="2" bw="11" slack="0"/>
</pin_list>
<bind>
<opcode="add(8) " fcode="add"/>
<opset="add_ln451/3 "/>
</bind>
</comp>

<comp id="1401" class="1004" name="zext_ln451_3_fu_1401">
<pin_list>
<pin id="1402" dir="0" index="0" bw="11" slack="0"/>
<pin id="1403" dir="1" index="1" bw="12" slack="0"/>
</pin_list>
<bind>
<opcode="zext(34) " fcode="zext"/>
<opset="zext_ln451_3/3 "/>
</bind>
</comp>

<comp id="1405" class="1004" name="K_1_fu_1405">
<pin_list>
<pin id="1406" dir="0" index="0" bw="11" slack="0"/>
<pin id="1407" dir="0" index="1" bw="11" slack="0"/>
<pin id="1408" dir="1" index="2" bw="12" slack="1"/>
</pin_list>
<bind>
<opcode="sub(10) " fcode="sub"/>
<opset="K_1/3 "/>
</bind>
</comp>

<comp id="1411" class="1004" name="shl_ln4_fu_1411">
<pin_list>
<pin id="1412" dir="0" index="0" bw="11" slack="0"/>
<pin id="1413" dir="0" index="1" bw="10" slack="0"/>
<pin id="1414" dir="0" index="2" bw="1" slack="0"/>
<pin id="1415" dir="1" index="3" bw="11" slack="0"/>
</pin_list>
<bind>
<opcode="bitconcatenate(1004) " fcode="bitconcatenate"/>
<opset="shl_ln4/3 "/>
</bind>
</comp>

<comp id="1419" class="1004" name="zext_ln452_fu_1419">
<pin_list>
<pin id="1420" dir="0" index="0" bw="11" slack="0"/>
<pin id="1421" dir="1" index="1" bw="12" slack="0"/>
</pin_list>
<bind>
<opcode="zext(34) " fcode="zext"/>
<opset="zext_ln452/3 "/>
</bind>
</comp>

<comp id="1423" class="1004" name="zext_ln452_1_fu_1423">
<pin_list>
<pin id="1424" dir="0" index="0" bw="10" slack="0"/>
<pin id="1425" dir="1" index="1" bw="11" slack="0"/>
</pin_list>
<bind>
<opcode="zext(34) " fcode="zext"/>
<opset="zext_ln452_1/3 "/>
</bind>
</comp>

<comp id="1427" class="1004" name="zext_ln452_2_fu_1427">
<pin_list>
<pin id="1428" dir="0" index="0" bw="10" slack="0"/>
<pin id="1429" dir="1" index="1" bw="12" slack="0"/>
</pin_list>
<bind>
<opcode="zext(34) " fcode="zext"/>
<opset="zext_ln452_2/3 "/>
</bind>
</comp>

<comp id="1431" class="1004" name="sub_ln452_fu_1431">
<pin_list>
<pin id="1432" dir="0" index="0" bw="11" slack="0"/>
<pin id="1433" dir="0" index="1" bw="10" slack="0"/>
<pin id="1434" dir="1" index="2" bw="12" slack="0"/>
</pin_list>
<bind>
<opcode="sub(10) " fcode="sub"/>
<opset="sub_ln452/3 "/>
</bind>
</comp>

<comp id="1437" class="1004" name="K_2_fu_1437">
<pin_list>
<pin id="1438" dir="0" index="0" bw="12" slack="0"/>
<pin id="1439" dir="0" index="1" bw="10" slack="0"/>
<pin id="1440" dir="1" index="2" bw="12" slack="1"/>
</pin_list>
<bind>
<opcode="sub(10) " fcode="sub"/>
<opset="K_2/3 "/>
</bind>
</comp>

<comp id="1443" class="1004" name="shl_ln5_fu_1443">
<pin_list>
<pin id="1444" dir="0" index="0" bw="11" slack="0"/>
<pin id="1445" dir="0" index="1" bw="10" slack="0"/>
<pin id="1446" dir="0" index="2" bw="1" slack="0"/>
<pin id="1447" dir="1" index="3" bw="11" slack="0"/>
</pin_list>
<bind>
<opcode="bitconcatenate(1004) " fcode="bitconcatenate"/>
<opset="shl_ln5/3 "/>
</bind>
</comp>

<comp id="1451" class="1004" name="zext_ln453_fu_1451">
<pin_list>
<pin id="1452" dir="0" index="0" bw="11" slack="0"/>
<pin id="1453" dir="1" index="1" bw="12" slack="0"/>
</pin_list>
<bind>
<opcode="zext(34) " fcode="zext"/>
<opset="zext_ln453/3 "/>
</bind>
</comp>

<comp id="1455" class="1004" name="add_ln453_fu_1455">
<pin_list>
<pin id="1456" dir="0" index="0" bw="10" slack="0"/>
<pin id="1457" dir="0" index="1" bw="10" slack="0"/>
<pin id="1458" dir="1" index="2" bw="11" slack="0"/>
</pin_list>
<bind>
<opcode="add(8) " fcode="add"/>
<opset="add_ln453/3 "/>
</bind>
</comp>

<comp id="1461" class="1004" name="zext_ln453_1_fu_1461">
<pin_list>
<pin id="1462" dir="0" index="0" bw="11" slack="0"/>
<pin id="1463" dir="1" index="1" bw="12" slack="0"/>
</pin_list>
<bind>
<opcode="zext(34) " fcode="zext"/>
<opset="zext_ln453_1/3 "/>
</bind>
</comp>

<comp id="1465" class="1004" name="K_3_fu_1465">
<pin_list>
<pin id="1466" dir="0" index="0" bw="11" slack="0"/>
<pin id="1467" dir="0" index="1" bw="11" slack="0"/>
<pin id="1468" dir="1" index="2" bw="12" slack="1"/>
</pin_list>
<bind>
<opcode="sub(10) " fcode="sub"/>
<opset="K_3/3 "/>
</bind>
</comp>

<comp id="1471" class="1004" name="shl_ln6_fu_1471">
<pin_list>
<pin id="1472" dir="0" index="0" bw="11" slack="0"/>
<pin id="1473" dir="0" index="1" bw="10" slack="0"/>
<pin id="1474" dir="0" index="2" bw="1" slack="0"/>
<pin id="1475" dir="1" index="3" bw="11" slack="0"/>
</pin_list>
<bind>
<opcode="bitconcatenate(1004) " fcode="bitconcatenate"/>
<opset="shl_ln6/3 "/>
</bind>
</comp>

<comp id="1479" class="1004" name="zext_ln454_fu_1479">
<pin_list>
<pin id="1480" dir="0" index="0" bw="11" slack="0"/>
<pin id="1481" dir="1" index="1" bw="12" slack="0"/>
</pin_list>
<bind>
<opcode="zext(34) " fcode="zext"/>
<opset="zext_ln454/3 "/>
</bind>
</comp>

<comp id="1483" class="1004" name="zext_ln454_1_fu_1483">
<pin_list>
<pin id="1484" dir="0" index="0" bw="10" slack="0"/>
<pin id="1485" dir="1" index="1" bw="11" slack="0"/>
</pin_list>
<bind>
<opcode="zext(34) " fcode="zext"/>
<opset="zext_ln454_1/3 "/>
</bind>
</comp>

<comp id="1487" class="1004" name="zext_ln454_2_fu_1487">
<pin_list>
<pin id="1488" dir="0" index="0" bw="10" slack="0"/>
<pin id="1489" dir="1" index="1" bw="12" slack="0"/>
</pin_list>
<bind>
<opcode="zext(34) " fcode="zext"/>
<opset="zext_ln454_2/3 "/>
</bind>
</comp>

<comp id="1491" class="1004" name="sub_ln454_fu_1491">
<pin_list>
<pin id="1492" dir="0" index="0" bw="11" slack="0"/>
<pin id="1493" dir="0" index="1" bw="10" slack="0"/>
<pin id="1494" dir="1" index="2" bw="12" slack="0"/>
</pin_list>
<bind>
<opcode="sub(10) " fcode="sub"/>
<opset="sub_ln454/3 "/>
</bind>
</comp>

<comp id="1497" class="1004" name="K_4_fu_1497">
<pin_list>
<pin id="1498" dir="0" index="0" bw="12" slack="0"/>
<pin id="1499" dir="0" index="1" bw="10" slack="0"/>
<pin id="1500" dir="1" index="2" bw="12" slack="1"/>
</pin_list>
<bind>
<opcode="sub(10) " fcode="sub"/>
<opset="K_4/3 "/>
</bind>
</comp>

<comp id="1503" class="1004" name="shl_ln7_fu_1503">
<pin_list>
<pin id="1504" dir="0" index="0" bw="11" slack="0"/>
<pin id="1505" dir="0" index="1" bw="10" slack="0"/>
<pin id="1506" dir="0" index="2" bw="1" slack="0"/>
<pin id="1507" dir="1" index="3" bw="11" slack="0"/>
</pin_list>
<bind>
<opcode="bitconcatenate(1004) " fcode="bitconcatenate"/>
<opset="shl_ln7/3 "/>
</bind>
</comp>

<comp id="1511" class="1004" name="zext_ln455_fu_1511">
<pin_list>
<pin id="1512" dir="0" index="0" bw="11" slack="0"/>
<pin id="1513" dir="1" index="1" bw="12" slack="0"/>
</pin_list>
<bind>
<opcode="zext(34) " fcode="zext"/>
<opset="zext_ln455/3 "/>
</bind>
</comp>

<comp id="1515" class="1004" name="zext_ln455_1_fu_1515">
<pin_list>
<pin id="1516" dir="0" index="0" bw="10" slack="0"/>
<pin id="1517" dir="1" index="1" bw="12" slack="0"/>
</pin_list>
<bind>
<opcode="zext(34) " fcode="zext"/>
<opset="zext_ln455_1/3 "/>
</bind>
</comp>

<comp id="1519" class="1004" name="zext_ln455_2_fu_1519">
<pin_list>
<pin id="1520" dir="0" index="0" bw="10" slack="0"/>
<pin id="1521" dir="1" index="1" bw="11" slack="0"/>
</pin_list>
<bind>
<opcode="zext(34) " fcode="zext"/>
<opset="zext_ln455_2/3 "/>
</bind>
</comp>

<comp id="1523" class="1004" name="add_ln455_fu_1523">
<pin_list>
<pin id="1524" dir="0" index="0" bw="10" slack="0"/>
<pin id="1525" dir="0" index="1" bw="10" slack="0"/>
<pin id="1526" dir="1" index="2" bw="11" slack="0"/>
</pin_list>
<bind>
<opcode="add(8) " fcode="add"/>
<opset="add_ln455/3 "/>
</bind>
</comp>

<comp id="1529" class="1004" name="zext_ln455_3_fu_1529">
<pin_list>
<pin id="1530" dir="0" index="0" bw="11" slack="0"/>
<pin id="1531" dir="1" index="1" bw="12" slack="0"/>
</pin_list>
<bind>
<opcode="zext(34) " fcode="zext"/>
<opset="zext_ln455_3/3 "/>
</bind>
</comp>

<comp id="1533" class="1004" name="K_5_fu_1533">
<pin_list>
<pin id="1534" dir="0" index="0" bw="11" slack="0"/>
<pin id="1535" dir="0" index="1" bw="11" slack="0"/>
<pin id="1536" dir="1" index="2" bw="12" slack="1"/>
</pin_list>
<bind>
<opcode="sub(10) " fcode="sub"/>
<opset="K_5/3 "/>
</bind>
</comp>

<comp id="1539" class="1004" name="shl_ln8_fu_1539">
<pin_list>
<pin id="1540" dir="0" index="0" bw="11" slack="0"/>
<pin id="1541" dir="0" index="1" bw="10" slack="0"/>
<pin id="1542" dir="0" index="2" bw="1" slack="0"/>
<pin id="1543" dir="1" index="3" bw="11" slack="0"/>
</pin_list>
<bind>
<opcode="bitconcatenate(1004) " fcode="bitconcatenate"/>
<opset="shl_ln8/3 "/>
</bind>
</comp>

<comp id="1547" class="1004" name="zext_ln456_fu_1547">
<pin_list>
<pin id="1548" dir="0" index="0" bw="11" slack="0"/>
<pin id="1549" dir="1" index="1" bw="12" slack="0"/>
</pin_list>
<bind>
<opcode="zext(34) " fcode="zext"/>
<opset="zext_ln456/3 "/>
</bind>
</comp>

<comp id="1551" class="1004" name="sub_ln456_fu_1551">
<pin_list>
<pin id="1552" dir="0" index="0" bw="11" slack="0"/>
<pin id="1553" dir="0" index="1" bw="10" slack="0"/>
<pin id="1554" dir="1" index="2" bw="12" slack="0"/>
</pin_list>
<bind>
<opcode="sub(10) " fcode="sub"/>
<opset="sub_ln456/3 "/>
</bind>
</comp>

<comp id="1557" class="1004" name="K_6_fu_1557">
<pin_list>
<pin id="1558" dir="0" index="0" bw="12" slack="0"/>
<pin id="1559" dir="0" index="1" bw="10" slack="0"/>
<pin id="1560" dir="1" index="2" bw="12" slack="1"/>
</pin_list>
<bind>
<opcode="sub(10) " fcode="sub"/>
<opset="K_6/3 "/>
</bind>
</comp>

<comp id="1563" class="1004" name="shl_ln9_fu_1563">
<pin_list>
<pin id="1564" dir="0" index="0" bw="11" slack="0"/>
<pin id="1565" dir="0" index="1" bw="10" slack="0"/>
<pin id="1566" dir="0" index="2" bw="1" slack="0"/>
<pin id="1567" dir="1" index="3" bw="11" slack="0"/>
</pin_list>
<bind>
<opcode="bitconcatenate(1004) " fcode="bitconcatenate"/>
<opset="shl_ln9/3 "/>
</bind>
</comp>

<comp id="1571" class="1004" name="zext_ln457_fu_1571">
<pin_list>
<pin id="1572" dir="0" index="0" bw="11" slack="0"/>
<pin id="1573" dir="1" index="1" bw="12" slack="0"/>
</pin_list>
<bind>
<opcode="zext(34) " fcode="zext"/>
<opset="zext_ln457/3 "/>
</bind>
</comp>

<comp id="1575" class="1004" name="zext_ln457_1_fu_1575">
<pin_list>
<pin id="1576" dir="0" index="0" bw="10" slack="0"/>
<pin id="1577" dir="1" index="1" bw="11" slack="0"/>
</pin_list>
<bind>
<opcode="zext(34) " fcode="zext"/>
<opset="zext_ln457_1/3 "/>
</bind>
</comp>

<comp id="1579" class="1004" name="add_ln457_fu_1579">
<pin_list>
<pin id="1580" dir="0" index="0" bw="10" slack="0"/>
<pin id="1581" dir="0" index="1" bw="10" slack="0"/>
<pin id="1582" dir="1" index="2" bw="11" slack="0"/>
</pin_list>
<bind>
<opcode="add(8) " fcode="add"/>
<opset="add_ln457/3 "/>
</bind>
</comp>

<comp id="1585" class="1004" name="zext_ln457_2_fu_1585">
<pin_list>
<pin id="1586" dir="0" index="0" bw="11" slack="0"/>
<pin id="1587" dir="1" index="1" bw="12" slack="0"/>
</pin_list>
<bind>
<opcode="zext(34) " fcode="zext"/>
<opset="zext_ln457_2/3 "/>
</bind>
</comp>

<comp id="1589" class="1004" name="K_7_fu_1589">
<pin_list>
<pin id="1590" dir="0" index="0" bw="11" slack="0"/>
<pin id="1591" dir="0" index="1" bw="11" slack="0"/>
<pin id="1592" dir="1" index="2" bw="12" slack="1"/>
</pin_list>
<bind>
<opcode="sub(10) " fcode="sub"/>
<opset="K_7/3 "/>
</bind>
</comp>

<comp id="1595" class="1004" name="shl_ln1_fu_1595">
<pin_list>
<pin id="1596" dir="0" index="0" bw="11" slack="0"/>
<pin id="1597" dir="0" index="1" bw="10" slack="0"/>
<pin id="1598" dir="0" index="2" bw="1" slack="0"/>
<pin id="1599" dir="1" index="3" bw="11" slack="0"/>
</pin_list>
<bind>
<opcode="bitconcatenate(1004) " fcode="bitconcatenate"/>
<opset="shl_ln1/3 "/>
</bind>
</comp>

<comp id="1603" class="1004" name="zext_ln458_fu_1603">
<pin_list>
<pin id="1604" dir="0" index="0" bw="11" slack="0"/>
<pin id="1605" dir="1" index="1" bw="12" slack="0"/>
</pin_list>
<bind>
<opcode="zext(34) " fcode="zext"/>
<opset="zext_ln458/3 "/>
</bind>
</comp>

<comp id="1607" class="1004" name="zext_ln458_1_fu_1607">
<pin_list>
<pin id="1608" dir="0" index="0" bw="10" slack="0"/>
<pin id="1609" dir="1" index="1" bw="11" slack="0"/>
</pin_list>
<bind>
<opcode="zext(34) " fcode="zext"/>
<opset="zext_ln458_1/3 "/>
</bind>
</comp>

<comp id="1611" class="1004" name="add_ln458_fu_1611">
<pin_list>
<pin id="1612" dir="0" index="0" bw="10" slack="0"/>
<pin id="1613" dir="0" index="1" bw="10" slack="0"/>
<pin id="1614" dir="1" index="2" bw="11" slack="0"/>
</pin_list>
<bind>
<opcode="add(8) " fcode="add"/>
<opset="add_ln458/3 "/>
</bind>
</comp>

<comp id="1617" class="1004" name="zext_ln458_2_fu_1617">
<pin_list>
<pin id="1618" dir="0" index="0" bw="11" slack="0"/>
<pin id="1619" dir="1" index="1" bw="12" slack="0"/>
</pin_list>
<bind>
<opcode="zext(34) " fcode="zext"/>
<opset="zext_ln458_2/3 "/>
</bind>
</comp>

<comp id="1621" class="1004" name="K_8_fu_1621">
<pin_list>
<pin id="1622" dir="0" index="0" bw="11" slack="0"/>
<pin id="1623" dir="0" index="1" bw="11" slack="0"/>
<pin id="1624" dir="1" index="2" bw="12" slack="1"/>
</pin_list>
<bind>
<opcode="sub(10) " fcode="sub"/>
<opset="K_8/3 "/>
</bind>
</comp>

<comp id="1627" class="1004" name="shl_ln2_fu_1627">
<pin_list>
<pin id="1628" dir="0" index="0" bw="11" slack="0"/>
<pin id="1629" dir="0" index="1" bw="10" slack="0"/>
<pin id="1630" dir="0" index="2" bw="1" slack="0"/>
<pin id="1631" dir="1" index="3" bw="11" slack="0"/>
</pin_list>
<bind>
<opcode="bitconcatenate(1004) " fcode="bitconcatenate"/>
<opset="shl_ln2/3 "/>
</bind>
</comp>

<comp id="1635" class="1004" name="zext_ln459_fu_1635">
<pin_list>
<pin id="1636" dir="0" index="0" bw="11" slack="0"/>
<pin id="1637" dir="1" index="1" bw="12" slack="0"/>
</pin_list>
<bind>
<opcode="zext(34) " fcode="zext"/>
<opset="zext_ln459/3 "/>
</bind>
</comp>

<comp id="1639" class="1004" name="add_ln459_fu_1639">
<pin_list>
<pin id="1640" dir="0" index="0" bw="10" slack="0"/>
<pin id="1641" dir="0" index="1" bw="10" slack="0"/>
<pin id="1642" dir="1" index="2" bw="11" slack="0"/>
</pin_list>
<bind>
<opcode="add(8) " fcode="add"/>
<opset="add_ln459/3 "/>
</bind>
</comp>

<comp id="1645" class="1004" name="zext_ln459_1_fu_1645">
<pin_list>
<pin id="1646" dir="0" index="0" bw="11" slack="0"/>
<pin id="1647" dir="1" index="1" bw="12" slack="0"/>
</pin_list>
<bind>
<opcode="zext(34) " fcode="zext"/>
<opset="zext_ln459_1/3 "/>
</bind>
</comp>

<comp id="1649" class="1004" name="K_9_fu_1649">
<pin_list>
<pin id="1650" dir="0" index="0" bw="11" slack="0"/>
<pin id="1651" dir="0" index="1" bw="11" slack="0"/>
<pin id="1652" dir="1" index="2" bw="12" slack="1"/>
</pin_list>
<bind>
<opcode="sub(10) " fcode="sub"/>
<opset="K_9/3 "/>
</bind>
</comp>

<comp id="1655" class="1004" name="shl_ln10_fu_1655">
<pin_list>
<pin id="1656" dir="0" index="0" bw="11" slack="0"/>
<pin id="1657" dir="0" index="1" bw="10" slack="0"/>
<pin id="1658" dir="0" index="2" bw="1" slack="0"/>
<pin id="1659" dir="1" index="3" bw="11" slack="0"/>
</pin_list>
<bind>
<opcode="bitconcatenate(1004) " fcode="bitconcatenate"/>
<opset="shl_ln10/3 "/>
</bind>
</comp>

<comp id="1663" class="1004" name="zext_ln460_fu_1663">
<pin_list>
<pin id="1664" dir="0" index="0" bw="11" slack="0"/>
<pin id="1665" dir="1" index="1" bw="12" slack="0"/>
</pin_list>
<bind>
<opcode="zext(34) " fcode="zext"/>
<opset="zext_ln460/3 "/>
</bind>
</comp>

<comp id="1667" class="1004" name="zext_ln460_1_fu_1667">
<pin_list>
<pin id="1668" dir="0" index="0" bw="10" slack="0"/>
<pin id="1669" dir="1" index="1" bw="11" slack="0"/>
</pin_list>
<bind>
<opcode="zext(34) " fcode="zext"/>
<opset="zext_ln460_1/3 "/>
</bind>
</comp>

<comp id="1671" class="1004" name="add_ln460_fu_1671">
<pin_list>
<pin id="1672" dir="0" index="0" bw="10" slack="0"/>
<pin id="1673" dir="0" index="1" bw="10" slack="0"/>
<pin id="1674" dir="1" index="2" bw="11" slack="0"/>
</pin_list>
<bind>
<opcode="add(8) " fcode="add"/>
<opset="add_ln460/3 "/>
</bind>
</comp>

<comp id="1677" class="1004" name="zext_ln460_2_fu_1677">
<pin_list>
<pin id="1678" dir="0" index="0" bw="11" slack="0"/>
<pin id="1679" dir="1" index="1" bw="12" slack="0"/>
</pin_list>
<bind>
<opcode="zext(34) " fcode="zext"/>
<opset="zext_ln460_2/3 "/>
</bind>
</comp>

<comp id="1681" class="1004" name="K_10_fu_1681">
<pin_list>
<pin id="1682" dir="0" index="0" bw="11" slack="0"/>
<pin id="1683" dir="0" index="1" bw="11" slack="0"/>
<pin id="1684" dir="1" index="2" bw="12" slack="1"/>
</pin_list>
<bind>
<opcode="sub(10) " fcode="sub"/>
<opset="K_10/3 "/>
</bind>
</comp>

<comp id="1687" class="1004" name="shl_ln11_fu_1687">
<pin_list>
<pin id="1688" dir="0" index="0" bw="11" slack="0"/>
<pin id="1689" dir="0" index="1" bw="10" slack="0"/>
<pin id="1690" dir="0" index="2" bw="1" slack="0"/>
<pin id="1691" dir="1" index="3" bw="11" slack="0"/>
</pin_list>
<bind>
<opcode="bitconcatenate(1004) " fcode="bitconcatenate"/>
<opset="shl_ln11/3 "/>
</bind>
</comp>

<comp id="1695" class="1004" name="zext_ln461_fu_1695">
<pin_list>
<pin id="1696" dir="0" index="0" bw="11" slack="0"/>
<pin id="1697" dir="1" index="1" bw="12" slack="0"/>
</pin_list>
<bind>
<opcode="zext(34) " fcode="zext"/>
<opset="zext_ln461/3 "/>
</bind>
</comp>

<comp id="1699" class="1004" name="add_ln461_fu_1699">
<pin_list>
<pin id="1700" dir="0" index="0" bw="10" slack="0"/>
<pin id="1701" dir="0" index="1" bw="10" slack="0"/>
<pin id="1702" dir="1" index="2" bw="11" slack="0"/>
</pin_list>
<bind>
<opcode="add(8) " fcode="add"/>
<opset="add_ln461/3 "/>
</bind>
</comp>

<comp id="1705" class="1004" name="zext_ln461_1_fu_1705">
<pin_list>
<pin id="1706" dir="0" index="0" bw="11" slack="0"/>
<pin id="1707" dir="1" index="1" bw="12" slack="0"/>
</pin_list>
<bind>
<opcode="zext(34) " fcode="zext"/>
<opset="zext_ln461_1/3 "/>
</bind>
</comp>

<comp id="1709" class="1004" name="K_11_fu_1709">
<pin_list>
<pin id="1710" dir="0" index="0" bw="11" slack="0"/>
<pin id="1711" dir="0" index="1" bw="11" slack="0"/>
<pin id="1712" dir="1" index="2" bw="12" slack="1"/>
</pin_list>
<bind>
<opcode="sub(10) " fcode="sub"/>
<opset="K_11/3 "/>
</bind>
</comp>

<comp id="1715" class="1004" name="store_ln387_store_fu_1715">
<pin_list>
<pin id="1716" dir="0" index="0" bw="10" slack="0"/>
<pin id="1717" dir="0" index="1" bw="10" slack="2"/>
<pin id="1718" dir="1" index="2" bw="0" slack="2147483647"/>
</pin_list>
<bind>
<opcode="store(28) " fcode="store"/>
<opset="store_ln387/3 "/>
</bind>
</comp>

<comp id="1720" class="1004" name="store_ln387_store_fu_1720">
<pin_list>
<pin id="1721" dir="0" index="0" bw="10" slack="0"/>
<pin id="1722" dir="0" index="1" bw="10" slack="2"/>
<pin id="1723" dir="1" index="2" bw="0" slack="2147483647"/>
</pin_list>
<bind>
<opcode="store(28) " fcode="store"/>
<opset="store_ln387/3 "/>
</bind>
</comp>

<comp id="1725" class="1004" name="store_ln387_store_fu_1725">
<pin_list>
<pin id="1726" dir="0" index="0" bw="10" slack="0"/>
<pin id="1727" dir="0" index="1" bw="10" slack="2"/>
<pin id="1728" dir="1" index="2" bw="0" slack="2147483647"/>
</pin_list>
<bind>
<opcode="store(28) " fcode="store"/>
<opset="store_ln387/3 "/>
</bind>
</comp>

<comp id="1730" class="1004" name="store_ln387_store_fu_1730">
<pin_list>
<pin id="1731" dir="0" index="0" bw="10" slack="0"/>
<pin id="1732" dir="0" index="1" bw="10" slack="2"/>
<pin id="1733" dir="1" index="2" bw="0" slack="2147483647"/>
</pin_list>
<bind>
<opcode="store(28) " fcode="store"/>
<opset="store_ln387/3 "/>
</bind>
</comp>

<comp id="1735" class="1004" name="store_ln387_store_fu_1735">
<pin_list>
<pin id="1736" dir="0" index="0" bw="10" slack="0"/>
<pin id="1737" dir="0" index="1" bw="10" slack="2"/>
<pin id="1738" dir="1" index="2" bw="0" slack="2147483647"/>
</pin_list>
<bind>
<opcode="store(28) " fcode="store"/>
<opset="store_ln387/3 "/>
</bind>
</comp>

<comp id="1740" class="1004" name="store_ln387_store_fu_1740">
<pin_list>
<pin id="1741" dir="0" index="0" bw="10" slack="0"/>
<pin id="1742" dir="0" index="1" bw="10" slack="2"/>
<pin id="1743" dir="1" index="2" bw="0" slack="2147483647"/>
</pin_list>
<bind>
<opcode="store(28) " fcode="store"/>
<opset="store_ln387/3 "/>
</bind>
</comp>

<comp id="1745" class="1004" name="store_ln387_store_fu_1745">
<pin_list>
<pin id="1746" dir="0" index="0" bw="10" slack="0"/>
<pin id="1747" dir="0" index="1" bw="10" slack="2"/>
<pin id="1748" dir="1" index="2" bw="0" slack="2147483647"/>
</pin_list>
<bind>
<opcode="store(28) " fcode="store"/>
<opset="store_ln387/3 "/>
</bind>
</comp>

<comp id="1750" class="1004" name="store_ln387_store_fu_1750">
<pin_list>
<pin id="1751" dir="0" index="0" bw="10" slack="0"/>
<pin id="1752" dir="0" index="1" bw="10" slack="2"/>
<pin id="1753" dir="1" index="2" bw="0" slack="2147483647"/>
</pin_list>
<bind>
<opcode="store(28) " fcode="store"/>
<opset="store_ln387/3 "/>
</bind>
</comp>

<comp id="1755" class="1004" name="store_ln387_store_fu_1755">
<pin_list>
<pin id="1756" dir="0" index="0" bw="10" slack="0"/>
<pin id="1757" dir="0" index="1" bw="10" slack="2"/>
<pin id="1758" dir="1" index="2" bw="0" slack="2147483647"/>
</pin_list>
<bind>
<opcode="store(28) " fcode="store"/>
<opset="store_ln387/3 "/>
</bind>
</comp>

<comp id="1760" class="1004" name="store_ln387_store_fu_1760">
<pin_list>
<pin id="1761" dir="0" index="0" bw="10" slack="0"/>
<pin id="1762" dir="0" index="1" bw="10" slack="2"/>
<pin id="1763" dir="1" index="2" bw="0" slack="2147483647"/>
</pin_list>
<bind>
<opcode="store(28) " fcode="store"/>
<opset="store_ln387/3 "/>
</bind>
</comp>

<comp id="1765" class="1004" name="store_ln387_store_fu_1765">
<pin_list>
<pin id="1766" dir="0" index="0" bw="10" slack="0"/>
<pin id="1767" dir="0" index="1" bw="10" slack="2"/>
<pin id="1768" dir="1" index="2" bw="0" slack="2147483647"/>
</pin_list>
<bind>
<opcode="store(28) " fcode="store"/>
<opset="store_ln387/3 "/>
</bind>
</comp>

<comp id="1770" class="1004" name="store_ln387_store_fu_1770">
<pin_list>
<pin id="1771" dir="0" index="0" bw="10" slack="0"/>
<pin id="1772" dir="0" index="1" bw="10" slack="2"/>
<pin id="1773" dir="1" index="2" bw="0" slack="2147483647"/>
</pin_list>
<bind>
<opcode="store(28) " fcode="store"/>
<opset="store_ln387/3 "/>
</bind>
</comp>

<comp id="1775" class="1004" name="store_ln387_store_fu_1775">
<pin_list>
<pin id="1776" dir="0" index="0" bw="10" slack="0"/>
<pin id="1777" dir="0" index="1" bw="10" slack="2"/>
<pin id="1778" dir="1" index="2" bw="0" slack="2147483647"/>
</pin_list>
<bind>
<opcode="store(28) " fcode="store"/>
<opset="store_ln387/3 "/>
</bind>
</comp>

<comp id="1780" class="1004" name="store_ln387_store_fu_1780">
<pin_list>
<pin id="1781" dir="0" index="0" bw="10" slack="0"/>
<pin id="1782" dir="0" index="1" bw="10" slack="2"/>
<pin id="1783" dir="1" index="2" bw="0" slack="2147483647"/>
</pin_list>
<bind>
<opcode="store(28) " fcode="store"/>
<opset="store_ln387/3 "/>
</bind>
</comp>

<comp id="1785" class="1004" name="store_ln387_store_fu_1785">
<pin_list>
<pin id="1786" dir="0" index="0" bw="10" slack="0"/>
<pin id="1787" dir="0" index="1" bw="10" slack="2"/>
<pin id="1788" dir="1" index="2" bw="0" slack="2147483647"/>
</pin_list>
<bind>
<opcode="store(28) " fcode="store"/>
<opset="store_ln387/3 "/>
</bind>
</comp>

<comp id="1790" class="1004" name="sext_ln465_fu_1790">
<pin_list>
<pin id="1791" dir="0" index="0" bw="12" slack="1"/>
<pin id="1792" dir="1" index="1" bw="13" slack="0"/>
</pin_list>
<bind>
<opcode="sext(35) " fcode="sext"/>
<opset="sext_ln465/4 "/>
</bind>
</comp>

<comp id="1793" class="1004" name="sext_ln465_1_fu_1793">
<pin_list>
<pin id="1794" dir="0" index="0" bw="12" slack="1"/>
<pin id="1795" dir="1" index="1" bw="13" slack="0"/>
</pin_list>
<bind>
<opcode="sext(35) " fcode="sext"/>
<opset="sext_ln465_1/4 "/>
</bind>
</comp>

<comp id="1796" class="1004" name="sext_ln465_2_fu_1796">
<pin_list>
<pin id="1797" dir="0" index="0" bw="12" slack="1"/>
<pin id="1798" dir="1" index="1" bw="13" slack="0"/>
</pin_list>
<bind>
<opcode="sext(35) " fcode="sext"/>
<opset="sext_ln465_2/4 "/>
</bind>
</comp>

<comp id="1799" class="1004" name="sext_ln465_3_fu_1799">
<pin_list>
<pin id="1800" dir="0" index="0" bw="12" slack="1"/>
<pin id="1801" dir="1" index="1" bw="13" slack="0"/>
</pin_list>
<bind>
<opcode="sext(35) " fcode="sext"/>
<opset="sext_ln465_3/4 "/>
</bind>
</comp>

<comp id="1802" class="1004" name="add_ln465_fu_1802">
<pin_list>
<pin id="1803" dir="0" index="0" bw="12" slack="0"/>
<pin id="1804" dir="0" index="1" bw="12" slack="0"/>
<pin id="1805" dir="1" index="2" bw="13" slack="0"/>
</pin_list>
<bind>
<opcode="add(8) " fcode="add"/>
<opset="add_ln465/4 "/>
</bind>
</comp>

<comp id="1808" class="1004" name="sext_ln465_4_fu_1808">
<pin_list>
<pin id="1809" dir="0" index="0" bw="13" slack="0"/>
<pin id="1810" dir="1" index="1" bw="14" slack="0"/>
</pin_list>
<bind>
<opcode="sext(35) " fcode="sext"/>
<opset="sext_ln465_4/4 "/>
</bind>
</comp>

<comp id="1812" class="1004" name="add_ln465_1_fu_1812">
<pin_list>
<pin id="1813" dir="0" index="0" bw="12" slack="0"/>
<pin id="1814" dir="0" index="1" bw="12" slack="0"/>
<pin id="1815" dir="1" index="2" bw="13" slack="0"/>
</pin_list>
<bind>
<opcode="add(8) " fcode="add"/>
<opset="add_ln465_1/4 "/>
</bind>
</comp>

<comp id="1818" class="1004" name="sext_ln465_5_fu_1818">
<pin_list>
<pin id="1819" dir="0" index="0" bw="13" slack="0"/>
<pin id="1820" dir="1" index="1" bw="14" slack="0"/>
</pin_list>
<bind>
<opcode="sext(35) " fcode="sext"/>
<opset="sext_ln465_5/4 "/>
</bind>
</comp>

<comp id="1822" class="1004" name="ave_fu_1822">
<pin_list>
<pin id="1823" dir="0" index="0" bw="13" slack="0"/>
<pin id="1824" dir="0" index="1" bw="13" slack="0"/>
<pin id="1825" dir="1" index="2" bw="14" slack="0"/>
</pin_list>
<bind>
<opcode="add(8) " fcode="add"/>
<opset="ave/4 "/>
</bind>
</comp>

<comp id="1828" class="1004" name="sext_ln435_fu_1828">
<pin_list>
<pin id="1829" dir="0" index="0" bw="14" slack="0"/>
<pin id="1830" dir="1" index="1" bw="15" slack="0"/>
</pin_list>
<bind>
<opcode="sext(35) " fcode="sext"/>
<opset="sext_ln435/4 "/>
</bind>
</comp>

<comp id="1832" class="1004" name="sext_ln466_fu_1832">
<pin_list>
<pin id="1833" dir="0" index="0" bw="12" slack="1"/>
<pin id="1834" dir="1" index="1" bw="13" slack="0"/>
</pin_list>
<bind>
<opcode="sext(35) " fcode="sext"/>
<opset="sext_ln466/4 "/>
</bind>
</comp>

<comp id="1835" class="1004" name="sext_ln466_1_fu_1835">
<pin_list>
<pin id="1836" dir="0" index="0" bw="12" slack="1"/>
<pin id="1837" dir="1" index="1" bw="13" slack="0"/>
</pin_list>
<bind>
<opcode="sext(35) " fcode="sext"/>
<opset="sext_ln466_1/4 "/>
</bind>
</comp>

<comp id="1838" class="1004" name="sext_ln466_2_fu_1838">
<pin_list>
<pin id="1839" dir="0" index="0" bw="12" slack="1"/>
<pin id="1840" dir="1" index="1" bw="13" slack="0"/>
</pin_list>
<bind>
<opcode="sext(35) " fcode="sext"/>
<opset="sext_ln466_2/4 "/>
</bind>
</comp>

<comp id="1841" class="1004" name="sext_ln466_3_fu_1841">
<pin_list>
<pin id="1842" dir="0" index="0" bw="12" slack="1"/>
<pin id="1843" dir="1" index="1" bw="13" slack="0"/>
</pin_list>
<bind>
<opcode="sext(35) " fcode="sext"/>
<opset="sext_ln466_3/4 "/>
</bind>
</comp>

<comp id="1844" class="1004" name="add_ln466_fu_1844">
<pin_list>
<pin id="1845" dir="0" index="0" bw="12" slack="0"/>
<pin id="1846" dir="0" index="1" bw="12" slack="0"/>
<pin id="1847" dir="1" index="2" bw="13" slack="0"/>
</pin_list>
<bind>
<opcode="add(8) " fcode="add"/>
<opset="add_ln466/4 "/>
</bind>
</comp>

<comp id="1850" class="1004" name="sext_ln466_4_fu_1850">
<pin_list>
<pin id="1851" dir="0" index="0" bw="13" slack="0"/>
<pin id="1852" dir="1" index="1" bw="14" slack="0"/>
</pin_list>
<bind>
<opcode="sext(35) " fcode="sext"/>
<opset="sext_ln466_4/4 "/>
</bind>
</comp>

<comp id="1854" class="1004" name="add_ln466_1_fu_1854">
<pin_list>
<pin id="1855" dir="0" index="0" bw="12" slack="0"/>
<pin id="1856" dir="0" index="1" bw="12" slack="0"/>
<pin id="1857" dir="1" index="2" bw="13" slack="0"/>
</pin_list>
<bind>
<opcode="add(8) " fcode="add"/>
<opset="add_ln466_1/4 "/>
</bind>
</comp>

<comp id="1860" class="1004" name="sext_ln466_5_fu_1860">
<pin_list>
<pin id="1861" dir="0" index="0" bw="13" slack="0"/>
<pin id="1862" dir="1" index="1" bw="14" slack="0"/>
</pin_list>
<bind>
<opcode="sext(35) " fcode="sext"/>
<opset="sext_ln466_5/4 "/>
</bind>
</comp>

<comp id="1864" class="1004" name="ave_1_fu_1864">
<pin_list>
<pin id="1865" dir="0" index="0" bw="13" slack="0"/>
<pin id="1866" dir="0" index="1" bw="13" slack="0"/>
<pin id="1867" dir="1" index="2" bw="14" slack="0"/>
</pin_list>
<bind>
<opcode="add(8) " fcode="add"/>
<opset="ave_1/4 "/>
</bind>
</comp>

<comp id="1870" class="1004" name="sext_ln435_1_fu_1870">
<pin_list>
<pin id="1871" dir="0" index="0" bw="14" slack="0"/>
<pin id="1872" dir="1" index="1" bw="15" slack="0"/>
</pin_list>
<bind>
<opcode="sext(35) " fcode="sext"/>
<opset="sext_ln435_1/4 "/>
</bind>
</comp>

<comp id="1874" class="1004" name="sext_ln467_fu_1874">
<pin_list>
<pin id="1875" dir="0" index="0" bw="12" slack="1"/>
<pin id="1876" dir="1" index="1" bw="13" slack="0"/>
</pin_list>
<bind>
<opcode="sext(35) " fcode="sext"/>
<opset="sext_ln467/4 "/>
</bind>
</comp>

<comp id="1877" class="1004" name="sext_ln467_1_fu_1877">
<pin_list>
<pin id="1878" dir="0" index="0" bw="12" slack="1"/>
<pin id="1879" dir="1" index="1" bw="13" slack="0"/>
</pin_list>
<bind>
<opcode="sext(35) " fcode="sext"/>
<opset="sext_ln467_1/4 "/>
</bind>
</comp>

<comp id="1880" class="1004" name="add_ln467_fu_1880">
<pin_list>
<pin id="1881" dir="0" index="0" bw="12" slack="0"/>
<pin id="1882" dir="0" index="1" bw="12" slack="0"/>
<pin id="1883" dir="1" index="2" bw="13" slack="0"/>
</pin_list>
<bind>
<opcode="add(8) " fcode="add"/>
<opset="add_ln467/4 "/>
</bind>
</comp>

<comp id="1886" class="1004" name="sext_ln467_2_fu_1886">
<pin_list>
<pin id="1887" dir="0" index="0" bw="13" slack="0"/>
<pin id="1888" dir="1" index="1" bw="14" slack="0"/>
</pin_list>
<bind>
<opcode="sext(35) " fcode="sext"/>
<opset="sext_ln467_2/4 "/>
</bind>
</comp>

<comp id="1890" class="1004" name="ave_2_fu_1890">
<pin_list>
<pin id="1891" dir="0" index="0" bw="13" slack="0"/>
<pin id="1892" dir="0" index="1" bw="13" slack="0"/>
<pin id="1893" dir="1" index="2" bw="14" slack="0"/>
</pin_list>
<bind>
<opcode="add(8) " fcode="add"/>
<opset="ave_2/4 "/>
</bind>
</comp>

<comp id="1896" class="1004" name="sext_ln435_2_fu_1896">
<pin_list>
<pin id="1897" dir="0" index="0" bw="14" slack="0"/>
<pin id="1898" dir="1" index="1" bw="15" slack="0"/>
</pin_list>
<bind>
<opcode="sext(35) " fcode="sext"/>
<opset="sext_ln435_2/4 "/>
</bind>
</comp>

<comp id="1900" class="1004" name="sext_ln468_fu_1900">
<pin_list>
<pin id="1901" dir="0" index="0" bw="12" slack="1"/>
<pin id="1902" dir="1" index="1" bw="13" slack="0"/>
</pin_list>
<bind>
<opcode="sext(35) " fcode="sext"/>
<opset="sext_ln468/4 "/>
</bind>
</comp>

<comp id="1903" class="1004" name="sext_ln468_1_fu_1903">
<pin_list>
<pin id="1904" dir="0" index="0" bw="12" slack="1"/>
<pin id="1905" dir="1" index="1" bw="13" slack="0"/>
</pin_list>
<bind>
<opcode="sext(35) " fcode="sext"/>
<opset="sext_ln468_1/4 "/>
</bind>
</comp>

<comp id="1906" class="1004" name="add_ln468_fu_1906">
<pin_list>
<pin id="1907" dir="0" index="0" bw="12" slack="0"/>
<pin id="1908" dir="0" index="1" bw="12" slack="0"/>
<pin id="1909" dir="1" index="2" bw="13" slack="0"/>
</pin_list>
<bind>
<opcode="add(8) " fcode="add"/>
<opset="add_ln468/4 "/>
</bind>
</comp>

<comp id="1912" class="1004" name="sext_ln468_2_fu_1912">
<pin_list>
<pin id="1913" dir="0" index="0" bw="13" slack="0"/>
<pin id="1914" dir="1" index="1" bw="14" slack="0"/>
</pin_list>
<bind>
<opcode="sext(35) " fcode="sext"/>
<opset="sext_ln468_2/4 "/>
</bind>
</comp>

<comp id="1916" class="1004" name="add_ln468_1_fu_1916">
<pin_list>
<pin id="1917" dir="0" index="0" bw="12" slack="0"/>
<pin id="1918" dir="0" index="1" bw="12" slack="0"/>
<pin id="1919" dir="1" index="2" bw="13" slack="0"/>
</pin_list>
<bind>
<opcode="add(8) " fcode="add"/>
<opset="add_ln468_1/4 "/>
</bind>
</comp>

<comp id="1922" class="1004" name="sext_ln468_3_fu_1922">
<pin_list>
<pin id="1923" dir="0" index="0" bw="13" slack="0"/>
<pin id="1924" dir="1" index="1" bw="14" slack="0"/>
</pin_list>
<bind>
<opcode="sext(35) " fcode="sext"/>
<opset="sext_ln468_3/4 "/>
</bind>
</comp>

<comp id="1926" class="1004" name="ave_3_fu_1926">
<pin_list>
<pin id="1927" dir="0" index="0" bw="13" slack="0"/>
<pin id="1928" dir="0" index="1" bw="13" slack="0"/>
<pin id="1929" dir="1" index="2" bw="14" slack="0"/>
</pin_list>
<bind>
<opcode="add(8) " fcode="add"/>
<opset="ave_3/4 "/>
</bind>
</comp>

<comp id="1932" class="1004" name="sext_ln435_3_fu_1932">
<pin_list>
<pin id="1933" dir="0" index="0" bw="14" slack="0"/>
<pin id="1934" dir="1" index="1" bw="15" slack="0"/>
</pin_list>
<bind>
<opcode="sext(35) " fcode="sext"/>
<opset="sext_ln435_3/4 "/>
</bind>
</comp>

<comp id="1936" class="1004" name="tmp_25_fu_1936">
<pin_list>
<pin id="1937" dir="0" index="0" bw="1" slack="0"/>
<pin id="1938" dir="0" index="1" bw="14" slack="0"/>
<pin id="1939" dir="0" index="2" bw="5" slack="0"/>
<pin id="1940" dir="1" index="3" bw="1" slack="0"/>
</pin_list>
<bind>
<opcode="bitselect(1000) " fcode="bitselect"/>
<opset="tmp_25/4 "/>
</bind>
</comp>

<comp id="1944" class="1004" name="sub_ln472_fu_1944">
<pin_list>
<pin id="1945" dir="0" index="0" bw="1" slack="0"/>
<pin id="1946" dir="0" index="1" bw="14" slack="0"/>
<pin id="1947" dir="1" index="2" bw="15" slack="0"/>
</pin_list>
<bind>
<opcode="sub(10) " fcode="sub"/>
<opset="sub_ln472/4 "/>
</bind>
</comp>

<comp id="1950" class="1004" name="trunc_ln472_1_cast_fu_1950">
<pin_list>
<pin id="1951" dir="0" index="0" bw="12" slack="0"/>
<pin id="1952" dir="0" index="1" bw="15" slack="0"/>
<pin id="1953" dir="0" index="2" bw="3" slack="0"/>
<pin id="1954" dir="0" index="3" bw="5" slack="0"/>
<pin id="1955" dir="1" index="4" bw="12" slack="0"/>
</pin_list>
<bind>
<opcode="partselect(1002) " fcode="partselect"/>
<opset="trunc_ln472_1_cast/4 "/>
</bind>
</comp>

<comp id="1960" class="1004" name="trunc_ln472_2_fu_1960">
<pin_list>
<pin id="1961" dir="0" index="0" bw="12" slack="0"/>
<pin id="1962" dir="0" index="1" bw="14" slack="0"/>
<pin id="1963" dir="0" index="2" bw="3" slack="0"/>
<pin id="1964" dir="0" index="3" bw="5" slack="0"/>
<pin id="1965" dir="1" index="4" bw="12" slack="0"/>
</pin_list>
<bind>
<opcode="partselect(1002) " fcode="partselect"/>
<opset="trunc_ln472_2/4 "/>
</bind>
</comp>

<comp id="1970" class="1004" name="sub_ln472_1_fu_1970">
<pin_list>
<pin id="1971" dir="0" index="0" bw="1" slack="0"/>
<pin id="1972" dir="0" index="1" bw="12" slack="0"/>
<pin id="1973" dir="1" index="2" bw="12" slack="0"/>
</pin_list>
<bind>
<opcode="sub(10) " fcode="sub"/>
<opset="sub_ln472_1/4 "/>
</bind>
</comp>

<comp id="1976" class="1004" name="mean_fu_1976">
<pin_list>
<pin id="1977" dir="0" index="0" bw="1" slack="0"/>
<pin id="1978" dir="0" index="1" bw="12" slack="0"/>
<pin id="1979" dir="0" index="2" bw="12" slack="0"/>
<pin id="1980" dir="1" index="3" bw="12" slack="1"/>
</pin_list>
<bind>
<opcode="select(49) " fcode="select"/>
<opset="mean/4 "/>
</bind>
</comp>

<comp id="1984" class="1004" name="tmp_26_fu_1984">
<pin_list>
<pin id="1985" dir="0" index="0" bw="1" slack="0"/>
<pin id="1986" dir="0" index="1" bw="14" slack="0"/>
<pin id="1987" dir="0" index="2" bw="5" slack="0"/>
<pin id="1988" dir="1" index="3" bw="1" slack="0"/>
</pin_list>
<bind>
<opcode="bitselect(1000) " fcode="bitselect"/>
<opset="tmp_26/4 "/>
</bind>
</comp>

<comp id="1992" class="1004" name="sub_ln472_2_fu_1992">
<pin_list>
<pin id="1993" dir="0" index="0" bw="1" slack="0"/>
<pin id="1994" dir="0" index="1" bw="14" slack="0"/>
<pin id="1995" dir="1" index="2" bw="15" slack="0"/>
</pin_list>
<bind>
<opcode="sub(10) " fcode="sub"/>
<opset="sub_ln472_2/4 "/>
</bind>
</comp>

<comp id="1998" class="1004" name="trunc_ln472_4_cast_fu_1998">
<pin_list>
<pin id="1999" dir="0" index="0" bw="12" slack="0"/>
<pin id="2000" dir="0" index="1" bw="15" slack="0"/>
<pin id="2001" dir="0" index="2" bw="3" slack="0"/>
<pin id="2002" dir="0" index="3" bw="5" slack="0"/>
<pin id="2003" dir="1" index="4" bw="12" slack="0"/>
</pin_list>
<bind>
<opcode="partselect(1002) " fcode="partselect"/>
<opset="trunc_ln472_4_cast/4 "/>
</bind>
</comp>

<comp id="2008" class="1004" name="trunc_ln472_5_fu_2008">
<pin_list>
<pin id="2009" dir="0" index="0" bw="12" slack="0"/>
<pin id="2010" dir="0" index="1" bw="14" slack="0"/>
<pin id="2011" dir="0" index="2" bw="3" slack="0"/>
<pin id="2012" dir="0" index="3" bw="5" slack="0"/>
<pin id="2013" dir="1" index="4" bw="12" slack="0"/>
</pin_list>
<bind>
<opcode="partselect(1002) " fcode="partselect"/>
<opset="trunc_ln472_5/4 "/>
</bind>
</comp>

<comp id="2018" class="1004" name="sub_ln472_3_fu_2018">
<pin_list>
<pin id="2019" dir="0" index="0" bw="1" slack="0"/>
<pin id="2020" dir="0" index="1" bw="12" slack="0"/>
<pin id="2021" dir="1" index="2" bw="12" slack="0"/>
</pin_list>
<bind>
<opcode="sub(10) " fcode="sub"/>
<opset="sub_ln472_3/4 "/>
</bind>
</comp>

<comp id="2024" class="1004" name="mean_1_fu_2024">
<pin_list>
<pin id="2025" dir="0" index="0" bw="1" slack="0"/>
<pin id="2026" dir="0" index="1" bw="12" slack="0"/>
<pin id="2027" dir="0" index="2" bw="12" slack="0"/>
<pin id="2028" dir="1" index="3" bw="12" slack="1"/>
</pin_list>
<bind>
<opcode="select(49) " fcode="select"/>
<opset="mean_1/4 "/>
</bind>
</comp>

<comp id="2032" class="1004" name="tmp_27_fu_2032">
<pin_list>
<pin id="2033" dir="0" index="0" bw="1" slack="0"/>
<pin id="2034" dir="0" index="1" bw="14" slack="0"/>
<pin id="2035" dir="0" index="2" bw="5" slack="0"/>
<pin id="2036" dir="1" index="3" bw="1" slack="0"/>
</pin_list>
<bind>
<opcode="bitselect(1000) " fcode="bitselect"/>
<opset="tmp_27/4 "/>
</bind>
</comp>

<comp id="2040" class="1004" name="sub_ln472_4_fu_2040">
<pin_list>
<pin id="2041" dir="0" index="0" bw="1" slack="0"/>
<pin id="2042" dir="0" index="1" bw="14" slack="0"/>
<pin id="2043" dir="1" index="2" bw="15" slack="0"/>
</pin_list>
<bind>
<opcode="sub(10) " fcode="sub"/>
<opset="sub_ln472_4/4 "/>
</bind>
</comp>

<comp id="2046" class="1004" name="trunc_ln472_7_cast_fu_2046">
<pin_list>
<pin id="2047" dir="0" index="0" bw="12" slack="0"/>
<pin id="2048" dir="0" index="1" bw="15" slack="0"/>
<pin id="2049" dir="0" index="2" bw="3" slack="0"/>
<pin id="2050" dir="0" index="3" bw="5" slack="0"/>
<pin id="2051" dir="1" index="4" bw="12" slack="0"/>
</pin_list>
<bind>
<opcode="partselect(1002) " fcode="partselect"/>
<opset="trunc_ln472_7_cast/4 "/>
</bind>
</comp>

<comp id="2056" class="1004" name="trunc_ln472_8_fu_2056">
<pin_list>
<pin id="2057" dir="0" index="0" bw="12" slack="0"/>
<pin id="2058" dir="0" index="1" bw="14" slack="0"/>
<pin id="2059" dir="0" index="2" bw="3" slack="0"/>
<pin id="2060" dir="0" index="3" bw="5" slack="0"/>
<pin id="2061" dir="1" index="4" bw="12" slack="0"/>
</pin_list>
<bind>
<opcode="partselect(1002) " fcode="partselect"/>
<opset="trunc_ln472_8/4 "/>
</bind>
</comp>

<comp id="2066" class="1004" name="sub_ln472_5_fu_2066">
<pin_list>
<pin id="2067" dir="0" index="0" bw="1" slack="0"/>
<pin id="2068" dir="0" index="1" bw="12" slack="0"/>
<pin id="2069" dir="1" index="2" bw="12" slack="0"/>
</pin_list>
<bind>
<opcode="sub(10) " fcode="sub"/>
<opset="sub_ln472_5/4 "/>
</bind>
</comp>

<comp id="2072" class="1004" name="mean_2_fu_2072">
<pin_list>
<pin id="2073" dir="0" index="0" bw="1" slack="0"/>
<pin id="2074" dir="0" index="1" bw="12" slack="0"/>
<pin id="2075" dir="0" index="2" bw="12" slack="0"/>
<pin id="2076" dir="1" index="3" bw="12" slack="1"/>
</pin_list>
<bind>
<opcode="select(49) " fcode="select"/>
<opset="mean_2/4 "/>
</bind>
</comp>

<comp id="2080" class="1004" name="tmp_28_fu_2080">
<pin_list>
<pin id="2081" dir="0" index="0" bw="1" slack="0"/>
<pin id="2082" dir="0" index="1" bw="14" slack="0"/>
<pin id="2083" dir="0" index="2" bw="5" slack="0"/>
<pin id="2084" dir="1" index="3" bw="1" slack="0"/>
</pin_list>
<bind>
<opcode="bitselect(1000) " fcode="bitselect"/>
<opset="tmp_28/4 "/>
</bind>
</comp>

<comp id="2088" class="1004" name="sub_ln472_6_fu_2088">
<pin_list>
<pin id="2089" dir="0" index="0" bw="1" slack="0"/>
<pin id="2090" dir="0" index="1" bw="14" slack="0"/>
<pin id="2091" dir="1" index="2" bw="15" slack="0"/>
</pin_list>
<bind>
<opcode="sub(10) " fcode="sub"/>
<opset="sub_ln472_6/4 "/>
</bind>
</comp>

<comp id="2094" class="1004" name="trunc_ln472_cast_fu_2094">
<pin_list>
<pin id="2095" dir="0" index="0" bw="12" slack="0"/>
<pin id="2096" dir="0" index="1" bw="15" slack="0"/>
<pin id="2097" dir="0" index="2" bw="3" slack="0"/>
<pin id="2098" dir="0" index="3" bw="5" slack="0"/>
<pin id="2099" dir="1" index="4" bw="12" slack="0"/>
</pin_list>
<bind>
<opcode="partselect(1002) " fcode="partselect"/>
<opset="trunc_ln472_cast/4 "/>
</bind>
</comp>

<comp id="2104" class="1004" name="trunc_ln472_s_fu_2104">
<pin_list>
<pin id="2105" dir="0" index="0" bw="12" slack="0"/>
<pin id="2106" dir="0" index="1" bw="14" slack="0"/>
<pin id="2107" dir="0" index="2" bw="3" slack="0"/>
<pin id="2108" dir="0" index="3" bw="5" slack="0"/>
<pin id="2109" dir="1" index="4" bw="12" slack="0"/>
</pin_list>
<bind>
<opcode="partselect(1002) " fcode="partselect"/>
<opset="trunc_ln472_s/4 "/>
</bind>
</comp>

<comp id="2114" class="1004" name="sub_ln472_7_fu_2114">
<pin_list>
<pin id="2115" dir="0" index="0" bw="1" slack="0"/>
<pin id="2116" dir="0" index="1" bw="12" slack="0"/>
<pin id="2117" dir="1" index="2" bw="12" slack="0"/>
</pin_list>
<bind>
<opcode="sub(10) " fcode="sub"/>
<opset="sub_ln472_7/4 "/>
</bind>
</comp>

<comp id="2120" class="1004" name="mean_3_fu_2120">
<pin_list>
<pin id="2121" dir="0" index="0" bw="1" slack="0"/>
<pin id="2122" dir="0" index="1" bw="12" slack="0"/>
<pin id="2123" dir="0" index="2" bw="12" slack="0"/>
<pin id="2124" dir="1" index="3" bw="12" slack="1"/>
</pin_list>
<bind>
<opcode="select(49) " fcode="select"/>
<opset="mean_3/4 "/>
</bind>
</comp>

<comp id="2128" class="1004" name="sub_ln483_fu_2128">
<pin_list>
<pin id="2129" dir="0" index="0" bw="10" slack="1"/>
<pin id="2130" dir="0" index="1" bw="10" slack="1"/>
<pin id="2131" dir="1" index="2" bw="11" slack="0"/>
</pin_list>
<bind>
<opcode="sub(10) " fcode="sub"/>
<opset="sub_ln483/4 "/>
</bind>
</comp>

<comp id="2132" class="1004" name="trunc_ln61_24_fu_2132">
<pin_list>
<pin id="2133" dir="0" index="0" bw="11" slack="0"/>
<pin id="2134" dir="1" index="1" bw="10" slack="0"/>
</pin_list>
<bind>
<opcode="trunc(33) " fcode="trunc"/>
<opset="trunc_ln61_24/4 "/>
</bind>
</comp>

<comp id="2136" class="1004" name="tmp_45_fu_2136">
<pin_list>
<pin id="2137" dir="0" index="0" bw="1" slack="0"/>
<pin id="2138" dir="0" index="1" bw="11" slack="0"/>
<pin id="2139" dir="0" index="2" bw="5" slack="0"/>
<pin id="2140" dir="1" index="3" bw="1" slack="0"/>
</pin_list>
<bind>
<opcode="bitselect(1000) " fcode="bitselect"/>
<opset="tmp_45/4 "/>
</bind>
</comp>

<comp id="2144" class="1004" name="sub_ln61_24_fu_2144">
<pin_list>
<pin id="2145" dir="0" index="0" bw="1" slack="0"/>
<pin id="2146" dir="0" index="1" bw="10" slack="0"/>
<pin id="2147" dir="1" index="2" bw="10" slack="0"/>
</pin_list>
<bind>
<opcode="sub(10) " fcode="sub"/>
<opset="sub_ln61_24/4 "/>
</bind>
</comp>

<comp id="2150" class="1004" name="select_ln61_16_fu_2150">
<pin_list>
<pin id="2151" dir="0" index="0" bw="1" slack="0"/>
<pin id="2152" dir="0" index="1" bw="10" slack="0"/>
<pin id="2153" dir="0" index="2" bw="10" slack="0"/>
<pin id="2154" dir="1" index="3" bw="10" slack="0"/>
</pin_list>
<bind>
<opcode="select(49) " fcode="select"/>
<opset="select_ln61_16/4 "/>
</bind>
</comp>

<comp id="2158" class="1004" name="zext_ln483_fu_2158">
<pin_list>
<pin id="2159" dir="0" index="0" bw="10" slack="0"/>
<pin id="2160" dir="1" index="1" bw="11" slack="0"/>
</pin_list>
<bind>
<opcode="zext(34) " fcode="zext"/>
<opset="zext_ln483/4 "/>
</bind>
</comp>

<comp id="2162" class="1004" name="sub_ln483_1_fu_2162">
<pin_list>
<pin id="2163" dir="0" index="0" bw="10" slack="1"/>
<pin id="2164" dir="0" index="1" bw="10" slack="1"/>
<pin id="2165" dir="1" index="2" bw="11" slack="0"/>
</pin_list>
<bind>
<opcode="sub(10) " fcode="sub"/>
<opset="sub_ln483_1/4 "/>
</bind>
</comp>

<comp id="2166" class="1004" name="trunc_ln61_25_fu_2166">
<pin_list>
<pin id="2167" dir="0" index="0" bw="11" slack="0"/>
<pin id="2168" dir="1" index="1" bw="10" slack="0"/>
</pin_list>
<bind>
<opcode="trunc(33) " fcode="trunc"/>
<opset="trunc_ln61_25/4 "/>
</bind>
</comp>

<comp id="2170" class="1004" name="tmp_46_fu_2170">
<pin_list>
<pin id="2171" dir="0" index="0" bw="1" slack="0"/>
<pin id="2172" dir="0" index="1" bw="11" slack="0"/>
<pin id="2173" dir="0" index="2" bw="5" slack="0"/>
<pin id="2174" dir="1" index="3" bw="1" slack="0"/>
</pin_list>
<bind>
<opcode="bitselect(1000) " fcode="bitselect"/>
<opset="tmp_46/4 "/>
</bind>
</comp>

<comp id="2178" class="1004" name="sub_ln61_25_fu_2178">
<pin_list>
<pin id="2179" dir="0" index="0" bw="1" slack="0"/>
<pin id="2180" dir="0" index="1" bw="10" slack="0"/>
<pin id="2181" dir="1" index="2" bw="10" slack="0"/>
</pin_list>
<bind>
<opcode="sub(10) " fcode="sub"/>
<opset="sub_ln61_25/4 "/>
</bind>
</comp>

<comp id="2184" class="1004" name="select_ln61_17_fu_2184">
<pin_list>
<pin id="2185" dir="0" index="0" bw="1" slack="0"/>
<pin id="2186" dir="0" index="1" bw="10" slack="0"/>
<pin id="2187" dir="0" index="2" bw="10" slack="0"/>
<pin id="2188" dir="1" index="3" bw="10" slack="0"/>
</pin_list>
<bind>
<opcode="select(49) " fcode="select"/>
<opset="select_ln61_17/4 "/>
</bind>
</comp>

<comp id="2192" class="1004" name="zext_ln483_1_fu_2192">
<pin_list>
<pin id="2193" dir="0" index="0" bw="10" slack="0"/>
<pin id="2194" dir="1" index="1" bw="11" slack="0"/>
</pin_list>
<bind>
<opcode="zext(34) " fcode="zext"/>
<opset="zext_ln483_1/4 "/>
</bind>
</comp>

<comp id="2196" class="1004" name="add_ln483_fu_2196">
<pin_list>
<pin id="2197" dir="0" index="0" bw="10" slack="0"/>
<pin id="2198" dir="0" index="1" bw="10" slack="0"/>
<pin id="2199" dir="1" index="2" bw="11" slack="0"/>
</pin_list>
<bind>
<opcode="add(8) " fcode="add"/>
<opset="add_ln483/4 "/>
</bind>
</comp>

<comp id="2202" class="1004" name="SD_fu_2202">
<pin_list>
<pin id="2203" dir="0" index="0" bw="10" slack="0"/>
<pin id="2204" dir="0" index="1" bw="11" slack="0"/>
<pin id="2205" dir="0" index="2" bw="1" slack="0"/>
<pin id="2206" dir="0" index="3" bw="5" slack="0"/>
<pin id="2207" dir="1" index="4" bw="10" slack="2"/>
</pin_list>
<bind>
<opcode="partselect(1002) " fcode="partselect"/>
<opset="SD/4 "/>
</bind>
</comp>

<comp id="2212" class="1004" name="sub_ln484_fu_2212">
<pin_list>
<pin id="2213" dir="0" index="0" bw="10" slack="1"/>
<pin id="2214" dir="0" index="1" bw="10" slack="1"/>
<pin id="2215" dir="1" index="2" bw="11" slack="0"/>
</pin_list>
<bind>
<opcode="sub(10) " fcode="sub"/>
<opset="sub_ln484/4 "/>
</bind>
</comp>

<comp id="2216" class="1004" name="trunc_ln61_26_fu_2216">
<pin_list>
<pin id="2217" dir="0" index="0" bw="11" slack="0"/>
<pin id="2218" dir="1" index="1" bw="10" slack="0"/>
</pin_list>
<bind>
<opcode="trunc(33) " fcode="trunc"/>
<opset="trunc_ln61_26/4 "/>
</bind>
</comp>

<comp id="2220" class="1004" name="tmp_47_fu_2220">
<pin_list>
<pin id="2221" dir="0" index="0" bw="1" slack="0"/>
<pin id="2222" dir="0" index="1" bw="11" slack="0"/>
<pin id="2223" dir="0" index="2" bw="5" slack="0"/>
<pin id="2224" dir="1" index="3" bw="1" slack="0"/>
</pin_list>
<bind>
<opcode="bitselect(1000) " fcode="bitselect"/>
<opset="tmp_47/4 "/>
</bind>
</comp>

<comp id="2228" class="1004" name="sub_ln61_26_fu_2228">
<pin_list>
<pin id="2229" dir="0" index="0" bw="1" slack="0"/>
<pin id="2230" dir="0" index="1" bw="10" slack="0"/>
<pin id="2231" dir="1" index="2" bw="10" slack="0"/>
</pin_list>
<bind>
<opcode="sub(10) " fcode="sub"/>
<opset="sub_ln61_26/4 "/>
</bind>
</comp>

<comp id="2234" class="1004" name="select_ln61_18_fu_2234">
<pin_list>
<pin id="2235" dir="0" index="0" bw="1" slack="0"/>
<pin id="2236" dir="0" index="1" bw="10" slack="0"/>
<pin id="2237" dir="0" index="2" bw="10" slack="0"/>
<pin id="2238" dir="1" index="3" bw="10" slack="0"/>
</pin_list>
<bind>
<opcode="select(49) " fcode="select"/>
<opset="select_ln61_18/4 "/>
</bind>
</comp>

<comp id="2242" class="1004" name="zext_ln484_fu_2242">
<pin_list>
<pin id="2243" dir="0" index="0" bw="10" slack="0"/>
<pin id="2244" dir="1" index="1" bw="11" slack="0"/>
</pin_list>
<bind>
<opcode="zext(34) " fcode="zext"/>
<opset="zext_ln484/4 "/>
</bind>
</comp>

<comp id="2246" class="1004" name="sub_ln484_1_fu_2246">
<pin_list>
<pin id="2247" dir="0" index="0" bw="10" slack="1"/>
<pin id="2248" dir="0" index="1" bw="10" slack="1"/>
<pin id="2249" dir="1" index="2" bw="11" slack="0"/>
</pin_list>
<bind>
<opcode="sub(10) " fcode="sub"/>
<opset="sub_ln484_1/4 "/>
</bind>
</comp>

<comp id="2250" class="1004" name="trunc_ln61_27_fu_2250">
<pin_list>
<pin id="2251" dir="0" index="0" bw="11" slack="0"/>
<pin id="2252" dir="1" index="1" bw="10" slack="0"/>
</pin_list>
<bind>
<opcode="trunc(33) " fcode="trunc"/>
<opset="trunc_ln61_27/4 "/>
</bind>
</comp>

<comp id="2254" class="1004" name="tmp_48_fu_2254">
<pin_list>
<pin id="2255" dir="0" index="0" bw="1" slack="0"/>
<pin id="2256" dir="0" index="1" bw="11" slack="0"/>
<pin id="2257" dir="0" index="2" bw="5" slack="0"/>
<pin id="2258" dir="1" index="3" bw="1" slack="0"/>
</pin_list>
<bind>
<opcode="bitselect(1000) " fcode="bitselect"/>
<opset="tmp_48/4 "/>
</bind>
</comp>

<comp id="2262" class="1004" name="sub_ln61_27_fu_2262">
<pin_list>
<pin id="2263" dir="0" index="0" bw="1" slack="0"/>
<pin id="2264" dir="0" index="1" bw="10" slack="0"/>
<pin id="2265" dir="1" index="2" bw="10" slack="0"/>
</pin_list>
<bind>
<opcode="sub(10) " fcode="sub"/>
<opset="sub_ln61_27/4 "/>
</bind>
</comp>

<comp id="2268" class="1004" name="select_ln61_19_fu_2268">
<pin_list>
<pin id="2269" dir="0" index="0" bw="1" slack="0"/>
<pin id="2270" dir="0" index="1" bw="10" slack="0"/>
<pin id="2271" dir="0" index="2" bw="10" slack="0"/>
<pin id="2272" dir="1" index="3" bw="10" slack="0"/>
</pin_list>
<bind>
<opcode="select(49) " fcode="select"/>
<opset="select_ln61_19/4 "/>
</bind>
</comp>

<comp id="2276" class="1004" name="zext_ln484_1_fu_2276">
<pin_list>
<pin id="2277" dir="0" index="0" bw="10" slack="0"/>
<pin id="2278" dir="1" index="1" bw="11" slack="0"/>
</pin_list>
<bind>
<opcode="zext(34) " fcode="zext"/>
<opset="zext_ln484_1/4 "/>
</bind>
</comp>

<comp id="2280" class="1004" name="add_ln484_fu_2280">
<pin_list>
<pin id="2281" dir="0" index="0" bw="10" slack="0"/>
<pin id="2282" dir="0" index="1" bw="10" slack="0"/>
<pin id="2283" dir="1" index="2" bw="11" slack="0"/>
</pin_list>
<bind>
<opcode="add(8) " fcode="add"/>
<opset="add_ln484/4 "/>
</bind>
</comp>

<comp id="2286" class="1004" name="SD_1_fu_2286">
<pin_list>
<pin id="2287" dir="0" index="0" bw="10" slack="0"/>
<pin id="2288" dir="0" index="1" bw="11" slack="0"/>
<pin id="2289" dir="0" index="2" bw="1" slack="0"/>
<pin id="2290" dir="0" index="3" bw="5" slack="0"/>
<pin id="2291" dir="1" index="4" bw="10" slack="2"/>
</pin_list>
<bind>
<opcode="partselect(1002) " fcode="partselect"/>
<opset="SD_1/4 "/>
</bind>
</comp>

<comp id="2296" class="1004" name="sext_ln476_fu_2296">
<pin_list>
<pin id="2297" dir="0" index="0" bw="12" slack="1"/>
<pin id="2298" dir="1" index="1" bw="13" slack="0"/>
</pin_list>
<bind>
<opcode="sext(35) " fcode="sext"/>
<opset="sext_ln476/5 "/>
</bind>
</comp>

<comp id="2299" class="1004" name="sub_ln476_fu_2299">
<pin_list>
<pin id="2300" dir="0" index="0" bw="12" slack="1"/>
<pin id="2301" dir="0" index="1" bw="12" slack="0"/>
<pin id="2302" dir="1" index="2" bw="13" slack="0"/>
</pin_list>
<bind>
<opcode="sub(10) " fcode="sub"/>
<opset="sub_ln476/5 "/>
</bind>
</comp>

<comp id="2304" class="1004" name="sext_ln61_fu_2304">
<pin_list>
<pin id="2305" dir="0" index="0" bw="13" slack="0"/>
<pin id="2306" dir="1" index="1" bw="14" slack="0"/>
</pin_list>
<bind>
<opcode="sext(35) " fcode="sext"/>
<opset="sext_ln61/5 "/>
</bind>
</comp>

<comp id="2308" class="1004" name="trunc_ln61_fu_2308">
<pin_list>
<pin id="2309" dir="0" index="0" bw="13" slack="0"/>
<pin id="2310" dir="1" index="1" bw="12" slack="0"/>
</pin_list>
<bind>
<opcode="trunc(33) " fcode="trunc"/>
<opset="trunc_ln61/5 "/>
</bind>
</comp>

<comp id="2312" class="1004" name="tmp_29_fu_2312">
<pin_list>
<pin id="2313" dir="0" index="0" bw="1" slack="0"/>
<pin id="2314" dir="0" index="1" bw="13" slack="0"/>
<pin id="2315" dir="0" index="2" bw="5" slack="0"/>
<pin id="2316" dir="1" index="3" bw="1" slack="0"/>
</pin_list>
<bind>
<opcode="bitselect(1000) " fcode="bitselect"/>
<opset="tmp_29/5 "/>
</bind>
</comp>

<comp id="2320" class="1004" name="sub_ln61_fu_2320">
<pin_list>
<pin id="2321" dir="0" index="0" bw="1" slack="0"/>
<pin id="2322" dir="0" index="1" bw="12" slack="0"/>
<pin id="2323" dir="1" index="2" bw="12" slack="0"/>
</pin_list>
<bind>
<opcode="sub(10) " fcode="sub"/>
<opset="sub_ln61/5 "/>
</bind>
</comp>

<comp id="2326" class="1004" name="select_ln61_fu_2326">
<pin_list>
<pin id="2327" dir="0" index="0" bw="1" slack="0"/>
<pin id="2328" dir="0" index="1" bw="12" slack="0"/>
<pin id="2329" dir="0" index="2" bw="12" slack="0"/>
<pin id="2330" dir="1" index="3" bw="12" slack="0"/>
</pin_list>
<bind>
<opcode="select(49) " fcode="select"/>
<opset="select_ln61/5 "/>
</bind>
</comp>

<comp id="2334" class="1004" name="zext_ln476_fu_2334">
<pin_list>
<pin id="2335" dir="0" index="0" bw="12" slack="0"/>
<pin id="2336" dir="1" index="1" bw="13" slack="0"/>
</pin_list>
<bind>
<opcode="zext(34) " fcode="zext"/>
<opset="zext_ln476/5 "/>
</bind>
</comp>

<comp id="2338" class="1004" name="sub_ln476_1_fu_2338">
<pin_list>
<pin id="2339" dir="0" index="0" bw="12" slack="1"/>
<pin id="2340" dir="0" index="1" bw="12" slack="0"/>
<pin id="2341" dir="1" index="2" bw="13" slack="0"/>
</pin_list>
<bind>
<opcode="sub(10) " fcode="sub"/>
<opset="sub_ln476_1/5 "/>
</bind>
</comp>

<comp id="2343" class="1004" name="sext_ln61_1_fu_2343">
<pin_list>
<pin id="2344" dir="0" index="0" bw="13" slack="0"/>
<pin id="2345" dir="1" index="1" bw="14" slack="0"/>
</pin_list>
<bind>
<opcode="sext(35) " fcode="sext"/>
<opset="sext_ln61_1/5 "/>
</bind>
</comp>

<comp id="2347" class="1004" name="trunc_ln61_9_fu_2347">
<pin_list>
<pin id="2348" dir="0" index="0" bw="13" slack="0"/>
<pin id="2349" dir="1" index="1" bw="12" slack="0"/>
</pin_list>
<bind>
<opcode="trunc(33) " fcode="trunc"/>
<opset="trunc_ln61_9/5 "/>
</bind>
</comp>

<comp id="2351" class="1004" name="tmp_30_fu_2351">
<pin_list>
<pin id="2352" dir="0" index="0" bw="1" slack="0"/>
<pin id="2353" dir="0" index="1" bw="13" slack="0"/>
<pin id="2354" dir="0" index="2" bw="5" slack="0"/>
<pin id="2355" dir="1" index="3" bw="1" slack="0"/>
</pin_list>
<bind>
<opcode="bitselect(1000) " fcode="bitselect"/>
<opset="tmp_30/5 "/>
</bind>
</comp>

<comp id="2359" class="1004" name="sub_ln61_9_fu_2359">
<pin_list>
<pin id="2360" dir="0" index="0" bw="1" slack="0"/>
<pin id="2361" dir="0" index="1" bw="12" slack="0"/>
<pin id="2362" dir="1" index="2" bw="12" slack="0"/>
</pin_list>
<bind>
<opcode="sub(10) " fcode="sub"/>
<opset="sub_ln61_9/5 "/>
</bind>
</comp>

<comp id="2365" class="1004" name="select_ln61_1_fu_2365">
<pin_list>
<pin id="2366" dir="0" index="0" bw="1" slack="0"/>
<pin id="2367" dir="0" index="1" bw="12" slack="0"/>
<pin id="2368" dir="0" index="2" bw="12" slack="0"/>
<pin id="2369" dir="1" index="3" bw="12" slack="0"/>
</pin_list>
<bind>
<opcode="select(49) " fcode="select"/>
<opset="select_ln61_1/5 "/>
</bind>
</comp>

<comp id="2373" class="1004" name="zext_ln476_1_fu_2373">
<pin_list>
<pin id="2374" dir="0" index="0" bw="12" slack="0"/>
<pin id="2375" dir="1" index="1" bw="13" slack="0"/>
</pin_list>
<bind>
<opcode="zext(34) " fcode="zext"/>
<opset="zext_ln476_1/5 "/>
</bind>
</comp>

<comp id="2377" class="1004" name="sub_ln476_2_fu_2377">
<pin_list>
<pin id="2378" dir="0" index="0" bw="12" slack="1"/>
<pin id="2379" dir="0" index="1" bw="12" slack="0"/>
<pin id="2380" dir="1" index="2" bw="13" slack="0"/>
</pin_list>
<bind>
<opcode="sub(10) " fcode="sub"/>
<opset="sub_ln476_2/5 "/>
</bind>
</comp>

<comp id="2382" class="1004" name="sext_ln61_2_fu_2382">
<pin_list>
<pin id="2383" dir="0" index="0" bw="13" slack="0"/>
<pin id="2384" dir="1" index="1" bw="14" slack="0"/>
</pin_list>
<bind>
<opcode="sext(35) " fcode="sext"/>
<opset="sext_ln61_2/5 "/>
</bind>
</comp>

<comp id="2386" class="1004" name="trunc_ln61_10_fu_2386">
<pin_list>
<pin id="2387" dir="0" index="0" bw="13" slack="0"/>
<pin id="2388" dir="1" index="1" bw="12" slack="0"/>
</pin_list>
<bind>
<opcode="trunc(33) " fcode="trunc"/>
<opset="trunc_ln61_10/5 "/>
</bind>
</comp>

<comp id="2390" class="1004" name="tmp_31_fu_2390">
<pin_list>
<pin id="2391" dir="0" index="0" bw="1" slack="0"/>
<pin id="2392" dir="0" index="1" bw="13" slack="0"/>
<pin id="2393" dir="0" index="2" bw="5" slack="0"/>
<pin id="2394" dir="1" index="3" bw="1" slack="0"/>
</pin_list>
<bind>
<opcode="bitselect(1000) " fcode="bitselect"/>
<opset="tmp_31/5 "/>
</bind>
</comp>

<comp id="2398" class="1004" name="sub_ln61_10_fu_2398">
<pin_list>
<pin id="2399" dir="0" index="0" bw="1" slack="0"/>
<pin id="2400" dir="0" index="1" bw="12" slack="0"/>
<pin id="2401" dir="1" index="2" bw="12" slack="0"/>
</pin_list>
<bind>
<opcode="sub(10) " fcode="sub"/>
<opset="sub_ln61_10/5 "/>
</bind>
</comp>

<comp id="2404" class="1004" name="select_ln61_2_fu_2404">
<pin_list>
<pin id="2405" dir="0" index="0" bw="1" slack="0"/>
<pin id="2406" dir="0" index="1" bw="12" slack="0"/>
<pin id="2407" dir="0" index="2" bw="12" slack="0"/>
<pin id="2408" dir="1" index="3" bw="12" slack="0"/>
</pin_list>
<bind>
<opcode="select(49) " fcode="select"/>
<opset="select_ln61_2/5 "/>
</bind>
</comp>

<comp id="2412" class="1004" name="zext_ln476_2_fu_2412">
<pin_list>
<pin id="2413" dir="0" index="0" bw="12" slack="0"/>
<pin id="2414" dir="1" index="1" bw="13" slack="0"/>
</pin_list>
<bind>
<opcode="zext(34) " fcode="zext"/>
<opset="zext_ln476_2/5 "/>
</bind>
</comp>

<comp id="2416" class="1004" name="sub_ln476_3_fu_2416">
<pin_list>
<pin id="2417" dir="0" index="0" bw="12" slack="1"/>
<pin id="2418" dir="0" index="1" bw="12" slack="0"/>
<pin id="2419" dir="1" index="2" bw="13" slack="0"/>
</pin_list>
<bind>
<opcode="sub(10) " fcode="sub"/>
<opset="sub_ln476_3/5 "/>
</bind>
</comp>

<comp id="2421" class="1004" name="sext_ln61_3_fu_2421">
<pin_list>
<pin id="2422" dir="0" index="0" bw="13" slack="0"/>
<pin id="2423" dir="1" index="1" bw="14" slack="0"/>
</pin_list>
<bind>
<opcode="sext(35) " fcode="sext"/>
<opset="sext_ln61_3/5 "/>
</bind>
</comp>

<comp id="2425" class="1004" name="trunc_ln61_11_fu_2425">
<pin_list>
<pin id="2426" dir="0" index="0" bw="13" slack="0"/>
<pin id="2427" dir="1" index="1" bw="12" slack="0"/>
</pin_list>
<bind>
<opcode="trunc(33) " fcode="trunc"/>
<opset="trunc_ln61_11/5 "/>
</bind>
</comp>

<comp id="2429" class="1004" name="tmp_32_fu_2429">
<pin_list>
<pin id="2430" dir="0" index="0" bw="1" slack="0"/>
<pin id="2431" dir="0" index="1" bw="13" slack="0"/>
<pin id="2432" dir="0" index="2" bw="5" slack="0"/>
<pin id="2433" dir="1" index="3" bw="1" slack="0"/>
</pin_list>
<bind>
<opcode="bitselect(1000) " fcode="bitselect"/>
<opset="tmp_32/5 "/>
</bind>
</comp>

<comp id="2437" class="1004" name="sub_ln61_11_fu_2437">
<pin_list>
<pin id="2438" dir="0" index="0" bw="1" slack="0"/>
<pin id="2439" dir="0" index="1" bw="12" slack="0"/>
<pin id="2440" dir="1" index="2" bw="12" slack="0"/>
</pin_list>
<bind>
<opcode="sub(10) " fcode="sub"/>
<opset="sub_ln61_11/5 "/>
</bind>
</comp>

<comp id="2443" class="1004" name="select_ln61_3_fu_2443">
<pin_list>
<pin id="2444" dir="0" index="0" bw="1" slack="0"/>
<pin id="2445" dir="0" index="1" bw="12" slack="0"/>
<pin id="2446" dir="0" index="2" bw="12" slack="0"/>
<pin id="2447" dir="1" index="3" bw="12" slack="0"/>
</pin_list>
<bind>
<opcode="select(49) " fcode="select"/>
<opset="select_ln61_3/5 "/>
</bind>
</comp>

<comp id="2451" class="1004" name="zext_ln476_3_fu_2451">
<pin_list>
<pin id="2452" dir="0" index="0" bw="12" slack="0"/>
<pin id="2453" dir="1" index="1" bw="13" slack="0"/>
</pin_list>
<bind>
<opcode="zext(34) " fcode="zext"/>
<opset="zext_ln476_3/5 "/>
</bind>
</comp>

<comp id="2455" class="1004" name="add_ln476_fu_2455">
<pin_list>
<pin id="2456" dir="0" index="0" bw="12" slack="0"/>
<pin id="2457" dir="0" index="1" bw="12" slack="0"/>
<pin id="2458" dir="1" index="2" bw="13" slack="0"/>
</pin_list>
<bind>
<opcode="add(8) " fcode="add"/>
<opset="add_ln476/5 "/>
</bind>
</comp>

<comp id="2461" class="1004" name="zext_ln476_4_fu_2461">
<pin_list>
<pin id="2462" dir="0" index="0" bw="13" slack="0"/>
<pin id="2463" dir="1" index="1" bw="14" slack="0"/>
</pin_list>
<bind>
<opcode="zext(34) " fcode="zext"/>
<opset="zext_ln476_4/5 "/>
</bind>
</comp>

<comp id="2465" class="1004" name="add_ln476_1_fu_2465">
<pin_list>
<pin id="2466" dir="0" index="0" bw="12" slack="0"/>
<pin id="2467" dir="0" index="1" bw="12" slack="0"/>
<pin id="2468" dir="1" index="2" bw="13" slack="0"/>
</pin_list>
<bind>
<opcode="add(8) " fcode="add"/>
<opset="add_ln476_1/5 "/>
</bind>
</comp>

<comp id="2471" class="1004" name="zext_ln476_5_fu_2471">
<pin_list>
<pin id="2472" dir="0" index="0" bw="13" slack="0"/>
<pin id="2473" dir="1" index="1" bw="14" slack="0"/>
</pin_list>
<bind>
<opcode="zext(34) " fcode="zext"/>
<opset="zext_ln476_5/5 "/>
</bind>
</comp>

<comp id="2475" class="1004" name="add_ln476_2_fu_2475">
<pin_list>
<pin id="2476" dir="0" index="0" bw="13" slack="0"/>
<pin id="2477" dir="0" index="1" bw="13" slack="0"/>
<pin id="2478" dir="1" index="2" bw="14" slack="0"/>
</pin_list>
<bind>
<opcode="add(8) " fcode="add"/>
<opset="add_ln476_2/5 "/>
</bind>
</comp>

<comp id="2481" class="1004" name="var_fu_2481">
<pin_list>
<pin id="2482" dir="0" index="0" bw="13" slack="0"/>
<pin id="2483" dir="0" index="1" bw="14" slack="0"/>
<pin id="2484" dir="0" index="2" bw="1" slack="0"/>
<pin id="2485" dir="0" index="3" bw="5" slack="0"/>
<pin id="2486" dir="1" index="4" bw="13" slack="1"/>
</pin_list>
<bind>
<opcode="partselect(1002) " fcode="partselect"/>
<opset="var/5 "/>
</bind>
</comp>

<comp id="2491" class="1004" name="sext_ln477_fu_2491">
<pin_list>
<pin id="2492" dir="0" index="0" bw="12" slack="1"/>
<pin id="2493" dir="1" index="1" bw="13" slack="0"/>
</pin_list>
<bind>
<opcode="sext(35) " fcode="sext"/>
<opset="sext_ln477/5 "/>
</bind>
</comp>

<comp id="2494" class="1004" name="sub_ln477_fu_2494">
<pin_list>
<pin id="2495" dir="0" index="0" bw="12" slack="1"/>
<pin id="2496" dir="0" index="1" bw="12" slack="0"/>
<pin id="2497" dir="1" index="2" bw="13" slack="0"/>
</pin_list>
<bind>
<opcode="sub(10) " fcode="sub"/>
<opset="sub_ln477/5 "/>
</bind>
</comp>

<comp id="2499" class="1004" name="sext_ln61_4_fu_2499">
<pin_list>
<pin id="2500" dir="0" index="0" bw="13" slack="0"/>
<pin id="2501" dir="1" index="1" bw="14" slack="0"/>
</pin_list>
<bind>
<opcode="sext(35) " fcode="sext"/>
<opset="sext_ln61_4/5 "/>
</bind>
</comp>

<comp id="2503" class="1004" name="trunc_ln61_12_fu_2503">
<pin_list>
<pin id="2504" dir="0" index="0" bw="13" slack="0"/>
<pin id="2505" dir="1" index="1" bw="12" slack="0"/>
</pin_list>
<bind>
<opcode="trunc(33) " fcode="trunc"/>
<opset="trunc_ln61_12/5 "/>
</bind>
</comp>

<comp id="2507" class="1004" name="tmp_33_fu_2507">
<pin_list>
<pin id="2508" dir="0" index="0" bw="1" slack="0"/>
<pin id="2509" dir="0" index="1" bw="13" slack="0"/>
<pin id="2510" dir="0" index="2" bw="5" slack="0"/>
<pin id="2511" dir="1" index="3" bw="1" slack="0"/>
</pin_list>
<bind>
<opcode="bitselect(1000) " fcode="bitselect"/>
<opset="tmp_33/5 "/>
</bind>
</comp>

<comp id="2515" class="1004" name="sub_ln61_12_fu_2515">
<pin_list>
<pin id="2516" dir="0" index="0" bw="1" slack="0"/>
<pin id="2517" dir="0" index="1" bw="12" slack="0"/>
<pin id="2518" dir="1" index="2" bw="12" slack="0"/>
</pin_list>
<bind>
<opcode="sub(10) " fcode="sub"/>
<opset="sub_ln61_12/5 "/>
</bind>
</comp>

<comp id="2521" class="1004" name="select_ln61_4_fu_2521">
<pin_list>
<pin id="2522" dir="0" index="0" bw="1" slack="0"/>
<pin id="2523" dir="0" index="1" bw="12" slack="0"/>
<pin id="2524" dir="0" index="2" bw="12" slack="0"/>
<pin id="2525" dir="1" index="3" bw="12" slack="0"/>
</pin_list>
<bind>
<opcode="select(49) " fcode="select"/>
<opset="select_ln61_4/5 "/>
</bind>
</comp>

<comp id="2529" class="1004" name="zext_ln477_fu_2529">
<pin_list>
<pin id="2530" dir="0" index="0" bw="12" slack="0"/>
<pin id="2531" dir="1" index="1" bw="13" slack="0"/>
</pin_list>
<bind>
<opcode="zext(34) " fcode="zext"/>
<opset="zext_ln477/5 "/>
</bind>
</comp>

<comp id="2533" class="1004" name="sub_ln477_1_fu_2533">
<pin_list>
<pin id="2534" dir="0" index="0" bw="12" slack="1"/>
<pin id="2535" dir="0" index="1" bw="12" slack="0"/>
<pin id="2536" dir="1" index="2" bw="13" slack="0"/>
</pin_list>
<bind>
<opcode="sub(10) " fcode="sub"/>
<opset="sub_ln477_1/5 "/>
</bind>
</comp>

<comp id="2538" class="1004" name="sext_ln61_5_fu_2538">
<pin_list>
<pin id="2539" dir="0" index="0" bw="13" slack="0"/>
<pin id="2540" dir="1" index="1" bw="14" slack="0"/>
</pin_list>
<bind>
<opcode="sext(35) " fcode="sext"/>
<opset="sext_ln61_5/5 "/>
</bind>
</comp>

<comp id="2542" class="1004" name="trunc_ln61_13_fu_2542">
<pin_list>
<pin id="2543" dir="0" index="0" bw="13" slack="0"/>
<pin id="2544" dir="1" index="1" bw="12" slack="0"/>
</pin_list>
<bind>
<opcode="trunc(33) " fcode="trunc"/>
<opset="trunc_ln61_13/5 "/>
</bind>
</comp>

<comp id="2546" class="1004" name="tmp_34_fu_2546">
<pin_list>
<pin id="2547" dir="0" index="0" bw="1" slack="0"/>
<pin id="2548" dir="0" index="1" bw="13" slack="0"/>
<pin id="2549" dir="0" index="2" bw="5" slack="0"/>
<pin id="2550" dir="1" index="3" bw="1" slack="0"/>
</pin_list>
<bind>
<opcode="bitselect(1000) " fcode="bitselect"/>
<opset="tmp_34/5 "/>
</bind>
</comp>

<comp id="2554" class="1004" name="sub_ln61_13_fu_2554">
<pin_list>
<pin id="2555" dir="0" index="0" bw="1" slack="0"/>
<pin id="2556" dir="0" index="1" bw="12" slack="0"/>
<pin id="2557" dir="1" index="2" bw="12" slack="0"/>
</pin_list>
<bind>
<opcode="sub(10) " fcode="sub"/>
<opset="sub_ln61_13/5 "/>
</bind>
</comp>

<comp id="2560" class="1004" name="select_ln61_5_fu_2560">
<pin_list>
<pin id="2561" dir="0" index="0" bw="1" slack="0"/>
<pin id="2562" dir="0" index="1" bw="12" slack="0"/>
<pin id="2563" dir="0" index="2" bw="12" slack="0"/>
<pin id="2564" dir="1" index="3" bw="12" slack="0"/>
</pin_list>
<bind>
<opcode="select(49) " fcode="select"/>
<opset="select_ln61_5/5 "/>
</bind>
</comp>

<comp id="2568" class="1004" name="zext_ln477_1_fu_2568">
<pin_list>
<pin id="2569" dir="0" index="0" bw="12" slack="0"/>
<pin id="2570" dir="1" index="1" bw="13" slack="0"/>
</pin_list>
<bind>
<opcode="zext(34) " fcode="zext"/>
<opset="zext_ln477_1/5 "/>
</bind>
</comp>

<comp id="2572" class="1004" name="sub_ln477_2_fu_2572">
<pin_list>
<pin id="2573" dir="0" index="0" bw="12" slack="1"/>
<pin id="2574" dir="0" index="1" bw="12" slack="0"/>
<pin id="2575" dir="1" index="2" bw="13" slack="0"/>
</pin_list>
<bind>
<opcode="sub(10) " fcode="sub"/>
<opset="sub_ln477_2/5 "/>
</bind>
</comp>

<comp id="2577" class="1004" name="sext_ln61_6_fu_2577">
<pin_list>
<pin id="2578" dir="0" index="0" bw="13" slack="0"/>
<pin id="2579" dir="1" index="1" bw="14" slack="0"/>
</pin_list>
<bind>
<opcode="sext(35) " fcode="sext"/>
<opset="sext_ln61_6/5 "/>
</bind>
</comp>

<comp id="2581" class="1004" name="trunc_ln61_14_fu_2581">
<pin_list>
<pin id="2582" dir="0" index="0" bw="13" slack="0"/>
<pin id="2583" dir="1" index="1" bw="12" slack="0"/>
</pin_list>
<bind>
<opcode="trunc(33) " fcode="trunc"/>
<opset="trunc_ln61_14/5 "/>
</bind>
</comp>

<comp id="2585" class="1004" name="tmp_35_fu_2585">
<pin_list>
<pin id="2586" dir="0" index="0" bw="1" slack="0"/>
<pin id="2587" dir="0" index="1" bw="13" slack="0"/>
<pin id="2588" dir="0" index="2" bw="5" slack="0"/>
<pin id="2589" dir="1" index="3" bw="1" slack="0"/>
</pin_list>
<bind>
<opcode="bitselect(1000) " fcode="bitselect"/>
<opset="tmp_35/5 "/>
</bind>
</comp>

<comp id="2593" class="1004" name="sub_ln61_14_fu_2593">
<pin_list>
<pin id="2594" dir="0" index="0" bw="1" slack="0"/>
<pin id="2595" dir="0" index="1" bw="12" slack="0"/>
<pin id="2596" dir="1" index="2" bw="12" slack="0"/>
</pin_list>
<bind>
<opcode="sub(10) " fcode="sub"/>
<opset="sub_ln61_14/5 "/>
</bind>
</comp>

<comp id="2599" class="1004" name="select_ln61_6_fu_2599">
<pin_list>
<pin id="2600" dir="0" index="0" bw="1" slack="0"/>
<pin id="2601" dir="0" index="1" bw="12" slack="0"/>
<pin id="2602" dir="0" index="2" bw="12" slack="0"/>
<pin id="2603" dir="1" index="3" bw="12" slack="0"/>
</pin_list>
<bind>
<opcode="select(49) " fcode="select"/>
<opset="select_ln61_6/5 "/>
</bind>
</comp>

<comp id="2607" class="1004" name="zext_ln477_2_fu_2607">
<pin_list>
<pin id="2608" dir="0" index="0" bw="12" slack="0"/>
<pin id="2609" dir="1" index="1" bw="13" slack="0"/>
</pin_list>
<bind>
<opcode="zext(34) " fcode="zext"/>
<opset="zext_ln477_2/5 "/>
</bind>
</comp>

<comp id="2611" class="1004" name="sub_ln477_3_fu_2611">
<pin_list>
<pin id="2612" dir="0" index="0" bw="12" slack="1"/>
<pin id="2613" dir="0" index="1" bw="12" slack="0"/>
<pin id="2614" dir="1" index="2" bw="13" slack="0"/>
</pin_list>
<bind>
<opcode="sub(10) " fcode="sub"/>
<opset="sub_ln477_3/5 "/>
</bind>
</comp>

<comp id="2616" class="1004" name="sext_ln61_7_fu_2616">
<pin_list>
<pin id="2617" dir="0" index="0" bw="13" slack="0"/>
<pin id="2618" dir="1" index="1" bw="14" slack="0"/>
</pin_list>
<bind>
<opcode="sext(35) " fcode="sext"/>
<opset="sext_ln61_7/5 "/>
</bind>
</comp>

<comp id="2620" class="1004" name="trunc_ln61_15_fu_2620">
<pin_list>
<pin id="2621" dir="0" index="0" bw="13" slack="0"/>
<pin id="2622" dir="1" index="1" bw="12" slack="0"/>
</pin_list>
<bind>
<opcode="trunc(33) " fcode="trunc"/>
<opset="trunc_ln61_15/5 "/>
</bind>
</comp>

<comp id="2624" class="1004" name="tmp_36_fu_2624">
<pin_list>
<pin id="2625" dir="0" index="0" bw="1" slack="0"/>
<pin id="2626" dir="0" index="1" bw="13" slack="0"/>
<pin id="2627" dir="0" index="2" bw="5" slack="0"/>
<pin id="2628" dir="1" index="3" bw="1" slack="0"/>
</pin_list>
<bind>
<opcode="bitselect(1000) " fcode="bitselect"/>
<opset="tmp_36/5 "/>
</bind>
</comp>

<comp id="2632" class="1004" name="sub_ln61_15_fu_2632">
<pin_list>
<pin id="2633" dir="0" index="0" bw="1" slack="0"/>
<pin id="2634" dir="0" index="1" bw="12" slack="0"/>
<pin id="2635" dir="1" index="2" bw="12" slack="0"/>
</pin_list>
<bind>
<opcode="sub(10) " fcode="sub"/>
<opset="sub_ln61_15/5 "/>
</bind>
</comp>

<comp id="2638" class="1004" name="select_ln61_7_fu_2638">
<pin_list>
<pin id="2639" dir="0" index="0" bw="1" slack="0"/>
<pin id="2640" dir="0" index="1" bw="12" slack="0"/>
<pin id="2641" dir="0" index="2" bw="12" slack="0"/>
<pin id="2642" dir="1" index="3" bw="12" slack="0"/>
</pin_list>
<bind>
<opcode="select(49) " fcode="select"/>
<opset="select_ln61_7/5 "/>
</bind>
</comp>

<comp id="2646" class="1004" name="zext_ln477_3_fu_2646">
<pin_list>
<pin id="2647" dir="0" index="0" bw="12" slack="0"/>
<pin id="2648" dir="1" index="1" bw="13" slack="0"/>
</pin_list>
<bind>
<opcode="zext(34) " fcode="zext"/>
<opset="zext_ln477_3/5 "/>
</bind>
</comp>

<comp id="2650" class="1004" name="add_ln477_fu_2650">
<pin_list>
<pin id="2651" dir="0" index="0" bw="12" slack="0"/>
<pin id="2652" dir="0" index="1" bw="12" slack="0"/>
<pin id="2653" dir="1" index="2" bw="13" slack="0"/>
</pin_list>
<bind>
<opcode="add(8) " fcode="add"/>
<opset="add_ln477/5 "/>
</bind>
</comp>

<comp id="2656" class="1004" name="zext_ln477_4_fu_2656">
<pin_list>
<pin id="2657" dir="0" index="0" bw="13" slack="0"/>
<pin id="2658" dir="1" index="1" bw="14" slack="0"/>
</pin_list>
<bind>
<opcode="zext(34) " fcode="zext"/>
<opset="zext_ln477_4/5 "/>
</bind>
</comp>

<comp id="2660" class="1004" name="add_ln477_1_fu_2660">
<pin_list>
<pin id="2661" dir="0" index="0" bw="12" slack="0"/>
<pin id="2662" dir="0" index="1" bw="12" slack="0"/>
<pin id="2663" dir="1" index="2" bw="13" slack="0"/>
</pin_list>
<bind>
<opcode="add(8) " fcode="add"/>
<opset="add_ln477_1/5 "/>
</bind>
</comp>

<comp id="2666" class="1004" name="zext_ln477_5_fu_2666">
<pin_list>
<pin id="2667" dir="0" index="0" bw="13" slack="0"/>
<pin id="2668" dir="1" index="1" bw="14" slack="0"/>
</pin_list>
<bind>
<opcode="zext(34) " fcode="zext"/>
<opset="zext_ln477_5/5 "/>
</bind>
</comp>

<comp id="2670" class="1004" name="add_ln477_2_fu_2670">
<pin_list>
<pin id="2671" dir="0" index="0" bw="13" slack="0"/>
<pin id="2672" dir="0" index="1" bw="13" slack="0"/>
<pin id="2673" dir="1" index="2" bw="14" slack="0"/>
</pin_list>
<bind>
<opcode="add(8) " fcode="add"/>
<opset="add_ln477_2/5 "/>
</bind>
</comp>

<comp id="2676" class="1004" name="var_1_fu_2676">
<pin_list>
<pin id="2677" dir="0" index="0" bw="13" slack="0"/>
<pin id="2678" dir="0" index="1" bw="14" slack="0"/>
<pin id="2679" dir="0" index="2" bw="1" slack="0"/>
<pin id="2680" dir="0" index="3" bw="5" slack="0"/>
<pin id="2681" dir="1" index="4" bw="13" slack="1"/>
</pin_list>
<bind>
<opcode="partselect(1002) " fcode="partselect"/>
<opset="var_1/5 "/>
</bind>
</comp>

<comp id="2686" class="1004" name="sext_ln478_fu_2686">
<pin_list>
<pin id="2687" dir="0" index="0" bw="12" slack="1"/>
<pin id="2688" dir="1" index="1" bw="13" slack="0"/>
</pin_list>
<bind>
<opcode="sext(35) " fcode="sext"/>
<opset="sext_ln478/5 "/>
</bind>
</comp>

<comp id="2689" class="1004" name="sub_ln478_fu_2689">
<pin_list>
<pin id="2690" dir="0" index="0" bw="12" slack="1"/>
<pin id="2691" dir="0" index="1" bw="12" slack="0"/>
<pin id="2692" dir="1" index="2" bw="13" slack="0"/>
</pin_list>
<bind>
<opcode="sub(10) " fcode="sub"/>
<opset="sub_ln478/5 "/>
</bind>
</comp>

<comp id="2694" class="1004" name="sext_ln61_8_fu_2694">
<pin_list>
<pin id="2695" dir="0" index="0" bw="13" slack="0"/>
<pin id="2696" dir="1" index="1" bw="14" slack="0"/>
</pin_list>
<bind>
<opcode="sext(35) " fcode="sext"/>
<opset="sext_ln61_8/5 "/>
</bind>
</comp>

<comp id="2698" class="1004" name="trunc_ln61_16_fu_2698">
<pin_list>
<pin id="2699" dir="0" index="0" bw="13" slack="0"/>
<pin id="2700" dir="1" index="1" bw="12" slack="0"/>
</pin_list>
<bind>
<opcode="trunc(33) " fcode="trunc"/>
<opset="trunc_ln61_16/5 "/>
</bind>
</comp>

<comp id="2702" class="1004" name="tmp_37_fu_2702">
<pin_list>
<pin id="2703" dir="0" index="0" bw="1" slack="0"/>
<pin id="2704" dir="0" index="1" bw="13" slack="0"/>
<pin id="2705" dir="0" index="2" bw="5" slack="0"/>
<pin id="2706" dir="1" index="3" bw="1" slack="0"/>
</pin_list>
<bind>
<opcode="bitselect(1000) " fcode="bitselect"/>
<opset="tmp_37/5 "/>
</bind>
</comp>

<comp id="2710" class="1004" name="sub_ln61_16_fu_2710">
<pin_list>
<pin id="2711" dir="0" index="0" bw="1" slack="0"/>
<pin id="2712" dir="0" index="1" bw="12" slack="0"/>
<pin id="2713" dir="1" index="2" bw="12" slack="0"/>
</pin_list>
<bind>
<opcode="sub(10) " fcode="sub"/>
<opset="sub_ln61_16/5 "/>
</bind>
</comp>

<comp id="2716" class="1004" name="select_ln61_8_fu_2716">
<pin_list>
<pin id="2717" dir="0" index="0" bw="1" slack="0"/>
<pin id="2718" dir="0" index="1" bw="12" slack="0"/>
<pin id="2719" dir="0" index="2" bw="12" slack="0"/>
<pin id="2720" dir="1" index="3" bw="12" slack="0"/>
</pin_list>
<bind>
<opcode="select(49) " fcode="select"/>
<opset="select_ln61_8/5 "/>
</bind>
</comp>

<comp id="2724" class="1004" name="zext_ln478_fu_2724">
<pin_list>
<pin id="2725" dir="0" index="0" bw="12" slack="0"/>
<pin id="2726" dir="1" index="1" bw="13" slack="0"/>
</pin_list>
<bind>
<opcode="zext(34) " fcode="zext"/>
<opset="zext_ln478/5 "/>
</bind>
</comp>

<comp id="2728" class="1004" name="sub_ln478_1_fu_2728">
<pin_list>
<pin id="2729" dir="0" index="0" bw="12" slack="1"/>
<pin id="2730" dir="0" index="1" bw="12" slack="0"/>
<pin id="2731" dir="1" index="2" bw="13" slack="0"/>
</pin_list>
<bind>
<opcode="sub(10) " fcode="sub"/>
<opset="sub_ln478_1/5 "/>
</bind>
</comp>

<comp id="2733" class="1004" name="sext_ln61_9_fu_2733">
<pin_list>
<pin id="2734" dir="0" index="0" bw="13" slack="0"/>
<pin id="2735" dir="1" index="1" bw="14" slack="0"/>
</pin_list>
<bind>
<opcode="sext(35) " fcode="sext"/>
<opset="sext_ln61_9/5 "/>
</bind>
</comp>

<comp id="2737" class="1004" name="trunc_ln61_17_fu_2737">
<pin_list>
<pin id="2738" dir="0" index="0" bw="13" slack="0"/>
<pin id="2739" dir="1" index="1" bw="12" slack="0"/>
</pin_list>
<bind>
<opcode="trunc(33) " fcode="trunc"/>
<opset="trunc_ln61_17/5 "/>
</bind>
</comp>

<comp id="2741" class="1004" name="tmp_38_fu_2741">
<pin_list>
<pin id="2742" dir="0" index="0" bw="1" slack="0"/>
<pin id="2743" dir="0" index="1" bw="13" slack="0"/>
<pin id="2744" dir="0" index="2" bw="5" slack="0"/>
<pin id="2745" dir="1" index="3" bw="1" slack="0"/>
</pin_list>
<bind>
<opcode="bitselect(1000) " fcode="bitselect"/>
<opset="tmp_38/5 "/>
</bind>
</comp>

<comp id="2749" class="1004" name="sub_ln61_17_fu_2749">
<pin_list>
<pin id="2750" dir="0" index="0" bw="1" slack="0"/>
<pin id="2751" dir="0" index="1" bw="12" slack="0"/>
<pin id="2752" dir="1" index="2" bw="12" slack="0"/>
</pin_list>
<bind>
<opcode="sub(10) " fcode="sub"/>
<opset="sub_ln61_17/5 "/>
</bind>
</comp>

<comp id="2755" class="1004" name="select_ln61_9_fu_2755">
<pin_list>
<pin id="2756" dir="0" index="0" bw="1" slack="0"/>
<pin id="2757" dir="0" index="1" bw="12" slack="0"/>
<pin id="2758" dir="0" index="2" bw="12" slack="0"/>
<pin id="2759" dir="1" index="3" bw="12" slack="0"/>
</pin_list>
<bind>
<opcode="select(49) " fcode="select"/>
<opset="select_ln61_9/5 "/>
</bind>
</comp>

<comp id="2763" class="1004" name="zext_ln478_1_fu_2763">
<pin_list>
<pin id="2764" dir="0" index="0" bw="12" slack="0"/>
<pin id="2765" dir="1" index="1" bw="13" slack="0"/>
</pin_list>
<bind>
<opcode="zext(34) " fcode="zext"/>
<opset="zext_ln478_1/5 "/>
</bind>
</comp>

<comp id="2767" class="1004" name="sub_ln478_2_fu_2767">
<pin_list>
<pin id="2768" dir="0" index="0" bw="12" slack="1"/>
<pin id="2769" dir="0" index="1" bw="12" slack="0"/>
<pin id="2770" dir="1" index="2" bw="13" slack="0"/>
</pin_list>
<bind>
<opcode="sub(10) " fcode="sub"/>
<opset="sub_ln478_2/5 "/>
</bind>
</comp>

<comp id="2772" class="1004" name="sext_ln61_10_fu_2772">
<pin_list>
<pin id="2773" dir="0" index="0" bw="13" slack="0"/>
<pin id="2774" dir="1" index="1" bw="14" slack="0"/>
</pin_list>
<bind>
<opcode="sext(35) " fcode="sext"/>
<opset="sext_ln61_10/5 "/>
</bind>
</comp>

<comp id="2776" class="1004" name="trunc_ln61_18_fu_2776">
<pin_list>
<pin id="2777" dir="0" index="0" bw="13" slack="0"/>
<pin id="2778" dir="1" index="1" bw="12" slack="0"/>
</pin_list>
<bind>
<opcode="trunc(33) " fcode="trunc"/>
<opset="trunc_ln61_18/5 "/>
</bind>
</comp>

<comp id="2780" class="1004" name="tmp_39_fu_2780">
<pin_list>
<pin id="2781" dir="0" index="0" bw="1" slack="0"/>
<pin id="2782" dir="0" index="1" bw="13" slack="0"/>
<pin id="2783" dir="0" index="2" bw="5" slack="0"/>
<pin id="2784" dir="1" index="3" bw="1" slack="0"/>
</pin_list>
<bind>
<opcode="bitselect(1000) " fcode="bitselect"/>
<opset="tmp_39/5 "/>
</bind>
</comp>

<comp id="2788" class="1004" name="sub_ln61_18_fu_2788">
<pin_list>
<pin id="2789" dir="0" index="0" bw="1" slack="0"/>
<pin id="2790" dir="0" index="1" bw="12" slack="0"/>
<pin id="2791" dir="1" index="2" bw="12" slack="0"/>
</pin_list>
<bind>
<opcode="sub(10) " fcode="sub"/>
<opset="sub_ln61_18/5 "/>
</bind>
</comp>

<comp id="2794" class="1004" name="select_ln61_10_fu_2794">
<pin_list>
<pin id="2795" dir="0" index="0" bw="1" slack="0"/>
<pin id="2796" dir="0" index="1" bw="12" slack="0"/>
<pin id="2797" dir="0" index="2" bw="12" slack="0"/>
<pin id="2798" dir="1" index="3" bw="12" slack="0"/>
</pin_list>
<bind>
<opcode="select(49) " fcode="select"/>
<opset="select_ln61_10/5 "/>
</bind>
</comp>

<comp id="2802" class="1004" name="zext_ln478_2_fu_2802">
<pin_list>
<pin id="2803" dir="0" index="0" bw="12" slack="0"/>
<pin id="2804" dir="1" index="1" bw="13" slack="0"/>
</pin_list>
<bind>
<opcode="zext(34) " fcode="zext"/>
<opset="zext_ln478_2/5 "/>
</bind>
</comp>

<comp id="2806" class="1004" name="sub_ln478_3_fu_2806">
<pin_list>
<pin id="2807" dir="0" index="0" bw="12" slack="1"/>
<pin id="2808" dir="0" index="1" bw="12" slack="0"/>
<pin id="2809" dir="1" index="2" bw="13" slack="0"/>
</pin_list>
<bind>
<opcode="sub(10) " fcode="sub"/>
<opset="sub_ln478_3/5 "/>
</bind>
</comp>

<comp id="2811" class="1004" name="sext_ln61_11_fu_2811">
<pin_list>
<pin id="2812" dir="0" index="0" bw="13" slack="0"/>
<pin id="2813" dir="1" index="1" bw="14" slack="0"/>
</pin_list>
<bind>
<opcode="sext(35) " fcode="sext"/>
<opset="sext_ln61_11/5 "/>
</bind>
</comp>

<comp id="2815" class="1004" name="trunc_ln61_19_fu_2815">
<pin_list>
<pin id="2816" dir="0" index="0" bw="13" slack="0"/>
<pin id="2817" dir="1" index="1" bw="12" slack="0"/>
</pin_list>
<bind>
<opcode="trunc(33) " fcode="trunc"/>
<opset="trunc_ln61_19/5 "/>
</bind>
</comp>

<comp id="2819" class="1004" name="tmp_40_fu_2819">
<pin_list>
<pin id="2820" dir="0" index="0" bw="1" slack="0"/>
<pin id="2821" dir="0" index="1" bw="13" slack="0"/>
<pin id="2822" dir="0" index="2" bw="5" slack="0"/>
<pin id="2823" dir="1" index="3" bw="1" slack="0"/>
</pin_list>
<bind>
<opcode="bitselect(1000) " fcode="bitselect"/>
<opset="tmp_40/5 "/>
</bind>
</comp>

<comp id="2827" class="1004" name="sub_ln61_19_fu_2827">
<pin_list>
<pin id="2828" dir="0" index="0" bw="1" slack="0"/>
<pin id="2829" dir="0" index="1" bw="12" slack="0"/>
<pin id="2830" dir="1" index="2" bw="12" slack="0"/>
</pin_list>
<bind>
<opcode="sub(10) " fcode="sub"/>
<opset="sub_ln61_19/5 "/>
</bind>
</comp>

<comp id="2833" class="1004" name="select_ln61_11_fu_2833">
<pin_list>
<pin id="2834" dir="0" index="0" bw="1" slack="0"/>
<pin id="2835" dir="0" index="1" bw="12" slack="0"/>
<pin id="2836" dir="0" index="2" bw="12" slack="0"/>
<pin id="2837" dir="1" index="3" bw="12" slack="0"/>
</pin_list>
<bind>
<opcode="select(49) " fcode="select"/>
<opset="select_ln61_11/5 "/>
</bind>
</comp>

<comp id="2841" class="1004" name="zext_ln478_3_fu_2841">
<pin_list>
<pin id="2842" dir="0" index="0" bw="12" slack="0"/>
<pin id="2843" dir="1" index="1" bw="13" slack="0"/>
</pin_list>
<bind>
<opcode="zext(34) " fcode="zext"/>
<opset="zext_ln478_3/5 "/>
</bind>
</comp>

<comp id="2845" class="1004" name="add_ln478_fu_2845">
<pin_list>
<pin id="2846" dir="0" index="0" bw="12" slack="0"/>
<pin id="2847" dir="0" index="1" bw="12" slack="0"/>
<pin id="2848" dir="1" index="2" bw="13" slack="0"/>
</pin_list>
<bind>
<opcode="add(8) " fcode="add"/>
<opset="add_ln478/5 "/>
</bind>
</comp>

<comp id="2851" class="1004" name="zext_ln478_4_fu_2851">
<pin_list>
<pin id="2852" dir="0" index="0" bw="13" slack="0"/>
<pin id="2853" dir="1" index="1" bw="14" slack="0"/>
</pin_list>
<bind>
<opcode="zext(34) " fcode="zext"/>
<opset="zext_ln478_4/5 "/>
</bind>
</comp>

<comp id="2855" class="1004" name="add_ln478_1_fu_2855">
<pin_list>
<pin id="2856" dir="0" index="0" bw="12" slack="0"/>
<pin id="2857" dir="0" index="1" bw="12" slack="0"/>
<pin id="2858" dir="1" index="2" bw="13" slack="0"/>
</pin_list>
<bind>
<opcode="add(8) " fcode="add"/>
<opset="add_ln478_1/5 "/>
</bind>
</comp>

<comp id="2861" class="1004" name="zext_ln478_5_fu_2861">
<pin_list>
<pin id="2862" dir="0" index="0" bw="13" slack="0"/>
<pin id="2863" dir="1" index="1" bw="14" slack="0"/>
</pin_list>
<bind>
<opcode="zext(34) " fcode="zext"/>
<opset="zext_ln478_5/5 "/>
</bind>
</comp>

<comp id="2865" class="1004" name="add_ln478_2_fu_2865">
<pin_list>
<pin id="2866" dir="0" index="0" bw="13" slack="0"/>
<pin id="2867" dir="0" index="1" bw="13" slack="0"/>
<pin id="2868" dir="1" index="2" bw="14" slack="0"/>
</pin_list>
<bind>
<opcode="add(8) " fcode="add"/>
<opset="add_ln478_2/5 "/>
</bind>
</comp>

<comp id="2871" class="1004" name="var_2_fu_2871">
<pin_list>
<pin id="2872" dir="0" index="0" bw="13" slack="0"/>
<pin id="2873" dir="0" index="1" bw="14" slack="0"/>
<pin id="2874" dir="0" index="2" bw="1" slack="0"/>
<pin id="2875" dir="0" index="3" bw="5" slack="0"/>
<pin id="2876" dir="1" index="4" bw="13" slack="1"/>
</pin_list>
<bind>
<opcode="partselect(1002) " fcode="partselect"/>
<opset="var_2/5 "/>
</bind>
</comp>

<comp id="2881" class="1004" name="sext_ln479_fu_2881">
<pin_list>
<pin id="2882" dir="0" index="0" bw="12" slack="1"/>
<pin id="2883" dir="1" index="1" bw="13" slack="0"/>
</pin_list>
<bind>
<opcode="sext(35) " fcode="sext"/>
<opset="sext_ln479/5 "/>
</bind>
</comp>

<comp id="2884" class="1004" name="sub_ln479_fu_2884">
<pin_list>
<pin id="2885" dir="0" index="0" bw="12" slack="1"/>
<pin id="2886" dir="0" index="1" bw="12" slack="0"/>
<pin id="2887" dir="1" index="2" bw="13" slack="0"/>
</pin_list>
<bind>
<opcode="sub(10) " fcode="sub"/>
<opset="sub_ln479/5 "/>
</bind>
</comp>

<comp id="2889" class="1004" name="sext_ln61_12_fu_2889">
<pin_list>
<pin id="2890" dir="0" index="0" bw="13" slack="0"/>
<pin id="2891" dir="1" index="1" bw="14" slack="0"/>
</pin_list>
<bind>
<opcode="sext(35) " fcode="sext"/>
<opset="sext_ln61_12/5 "/>
</bind>
</comp>

<comp id="2893" class="1004" name="trunc_ln61_20_fu_2893">
<pin_list>
<pin id="2894" dir="0" index="0" bw="13" slack="0"/>
<pin id="2895" dir="1" index="1" bw="12" slack="0"/>
</pin_list>
<bind>
<opcode="trunc(33) " fcode="trunc"/>
<opset="trunc_ln61_20/5 "/>
</bind>
</comp>

<comp id="2897" class="1004" name="tmp_41_fu_2897">
<pin_list>
<pin id="2898" dir="0" index="0" bw="1" slack="0"/>
<pin id="2899" dir="0" index="1" bw="13" slack="0"/>
<pin id="2900" dir="0" index="2" bw="5" slack="0"/>
<pin id="2901" dir="1" index="3" bw="1" slack="0"/>
</pin_list>
<bind>
<opcode="bitselect(1000) " fcode="bitselect"/>
<opset="tmp_41/5 "/>
</bind>
</comp>

<comp id="2905" class="1004" name="sub_ln61_20_fu_2905">
<pin_list>
<pin id="2906" dir="0" index="0" bw="1" slack="0"/>
<pin id="2907" dir="0" index="1" bw="12" slack="0"/>
<pin id="2908" dir="1" index="2" bw="12" slack="0"/>
</pin_list>
<bind>
<opcode="sub(10) " fcode="sub"/>
<opset="sub_ln61_20/5 "/>
</bind>
</comp>

<comp id="2911" class="1004" name="select_ln61_12_fu_2911">
<pin_list>
<pin id="2912" dir="0" index="0" bw="1" slack="0"/>
<pin id="2913" dir="0" index="1" bw="12" slack="0"/>
<pin id="2914" dir="0" index="2" bw="12" slack="0"/>
<pin id="2915" dir="1" index="3" bw="12" slack="0"/>
</pin_list>
<bind>
<opcode="select(49) " fcode="select"/>
<opset="select_ln61_12/5 "/>
</bind>
</comp>

<comp id="2919" class="1004" name="zext_ln479_fu_2919">
<pin_list>
<pin id="2920" dir="0" index="0" bw="12" slack="0"/>
<pin id="2921" dir="1" index="1" bw="13" slack="0"/>
</pin_list>
<bind>
<opcode="zext(34) " fcode="zext"/>
<opset="zext_ln479/5 "/>
</bind>
</comp>

<comp id="2923" class="1004" name="sub_ln479_1_fu_2923">
<pin_list>
<pin id="2924" dir="0" index="0" bw="12" slack="1"/>
<pin id="2925" dir="0" index="1" bw="12" slack="0"/>
<pin id="2926" dir="1" index="2" bw="13" slack="0"/>
</pin_list>
<bind>
<opcode="sub(10) " fcode="sub"/>
<opset="sub_ln479_1/5 "/>
</bind>
</comp>

<comp id="2928" class="1004" name="sext_ln61_13_fu_2928">
<pin_list>
<pin id="2929" dir="0" index="0" bw="13" slack="0"/>
<pin id="2930" dir="1" index="1" bw="14" slack="0"/>
</pin_list>
<bind>
<opcode="sext(35) " fcode="sext"/>
<opset="sext_ln61_13/5 "/>
</bind>
</comp>

<comp id="2932" class="1004" name="trunc_ln61_21_fu_2932">
<pin_list>
<pin id="2933" dir="0" index="0" bw="13" slack="0"/>
<pin id="2934" dir="1" index="1" bw="12" slack="0"/>
</pin_list>
<bind>
<opcode="trunc(33) " fcode="trunc"/>
<opset="trunc_ln61_21/5 "/>
</bind>
</comp>

<comp id="2936" class="1004" name="tmp_42_fu_2936">
<pin_list>
<pin id="2937" dir="0" index="0" bw="1" slack="0"/>
<pin id="2938" dir="0" index="1" bw="13" slack="0"/>
<pin id="2939" dir="0" index="2" bw="5" slack="0"/>
<pin id="2940" dir="1" index="3" bw="1" slack="0"/>
</pin_list>
<bind>
<opcode="bitselect(1000) " fcode="bitselect"/>
<opset="tmp_42/5 "/>
</bind>
</comp>

<comp id="2944" class="1004" name="sub_ln61_21_fu_2944">
<pin_list>
<pin id="2945" dir="0" index="0" bw="1" slack="0"/>
<pin id="2946" dir="0" index="1" bw="12" slack="0"/>
<pin id="2947" dir="1" index="2" bw="12" slack="0"/>
</pin_list>
<bind>
<opcode="sub(10) " fcode="sub"/>
<opset="sub_ln61_21/5 "/>
</bind>
</comp>

<comp id="2950" class="1004" name="select_ln61_13_fu_2950">
<pin_list>
<pin id="2951" dir="0" index="0" bw="1" slack="0"/>
<pin id="2952" dir="0" index="1" bw="12" slack="0"/>
<pin id="2953" dir="0" index="2" bw="12" slack="0"/>
<pin id="2954" dir="1" index="3" bw="12" slack="0"/>
</pin_list>
<bind>
<opcode="select(49) " fcode="select"/>
<opset="select_ln61_13/5 "/>
</bind>
</comp>

<comp id="2958" class="1004" name="zext_ln479_1_fu_2958">
<pin_list>
<pin id="2959" dir="0" index="0" bw="12" slack="0"/>
<pin id="2960" dir="1" index="1" bw="13" slack="0"/>
</pin_list>
<bind>
<opcode="zext(34) " fcode="zext"/>
<opset="zext_ln479_1/5 "/>
</bind>
</comp>

<comp id="2962" class="1004" name="sub_ln479_2_fu_2962">
<pin_list>
<pin id="2963" dir="0" index="0" bw="12" slack="1"/>
<pin id="2964" dir="0" index="1" bw="12" slack="0"/>
<pin id="2965" dir="1" index="2" bw="13" slack="0"/>
</pin_list>
<bind>
<opcode="sub(10) " fcode="sub"/>
<opset="sub_ln479_2/5 "/>
</bind>
</comp>

<comp id="2967" class="1004" name="sext_ln61_14_fu_2967">
<pin_list>
<pin id="2968" dir="0" index="0" bw="13" slack="0"/>
<pin id="2969" dir="1" index="1" bw="14" slack="0"/>
</pin_list>
<bind>
<opcode="sext(35) " fcode="sext"/>
<opset="sext_ln61_14/5 "/>
</bind>
</comp>

<comp id="2971" class="1004" name="trunc_ln61_22_fu_2971">
<pin_list>
<pin id="2972" dir="0" index="0" bw="13" slack="0"/>
<pin id="2973" dir="1" index="1" bw="12" slack="0"/>
</pin_list>
<bind>
<opcode="trunc(33) " fcode="trunc"/>
<opset="trunc_ln61_22/5 "/>
</bind>
</comp>

<comp id="2975" class="1004" name="tmp_43_fu_2975">
<pin_list>
<pin id="2976" dir="0" index="0" bw="1" slack="0"/>
<pin id="2977" dir="0" index="1" bw="13" slack="0"/>
<pin id="2978" dir="0" index="2" bw="5" slack="0"/>
<pin id="2979" dir="1" index="3" bw="1" slack="0"/>
</pin_list>
<bind>
<opcode="bitselect(1000) " fcode="bitselect"/>
<opset="tmp_43/5 "/>
</bind>
</comp>

<comp id="2983" class="1004" name="sub_ln61_22_fu_2983">
<pin_list>
<pin id="2984" dir="0" index="0" bw="1" slack="0"/>
<pin id="2985" dir="0" index="1" bw="12" slack="0"/>
<pin id="2986" dir="1" index="2" bw="12" slack="0"/>
</pin_list>
<bind>
<opcode="sub(10) " fcode="sub"/>
<opset="sub_ln61_22/5 "/>
</bind>
</comp>

<comp id="2989" class="1004" name="select_ln61_14_fu_2989">
<pin_list>
<pin id="2990" dir="0" index="0" bw="1" slack="0"/>
<pin id="2991" dir="0" index="1" bw="12" slack="0"/>
<pin id="2992" dir="0" index="2" bw="12" slack="0"/>
<pin id="2993" dir="1" index="3" bw="12" slack="0"/>
</pin_list>
<bind>
<opcode="select(49) " fcode="select"/>
<opset="select_ln61_14/5 "/>
</bind>
</comp>

<comp id="2997" class="1004" name="zext_ln479_2_fu_2997">
<pin_list>
<pin id="2998" dir="0" index="0" bw="12" slack="0"/>
<pin id="2999" dir="1" index="1" bw="13" slack="0"/>
</pin_list>
<bind>
<opcode="zext(34) " fcode="zext"/>
<opset="zext_ln479_2/5 "/>
</bind>
</comp>

<comp id="3001" class="1004" name="sub_ln479_3_fu_3001">
<pin_list>
<pin id="3002" dir="0" index="0" bw="12" slack="1"/>
<pin id="3003" dir="0" index="1" bw="12" slack="0"/>
<pin id="3004" dir="1" index="2" bw="13" slack="0"/>
</pin_list>
<bind>
<opcode="sub(10) " fcode="sub"/>
<opset="sub_ln479_3/5 "/>
</bind>
</comp>

<comp id="3006" class="1004" name="sext_ln61_15_fu_3006">
<pin_list>
<pin id="3007" dir="0" index="0" bw="13" slack="0"/>
<pin id="3008" dir="1" index="1" bw="14" slack="0"/>
</pin_list>
<bind>
<opcode="sext(35) " fcode="sext"/>
<opset="sext_ln61_15/5 "/>
</bind>
</comp>

<comp id="3010" class="1004" name="trunc_ln61_23_fu_3010">
<pin_list>
<pin id="3011" dir="0" index="0" bw="13" slack="0"/>
<pin id="3012" dir="1" index="1" bw="12" slack="0"/>
</pin_list>
<bind>
<opcode="trunc(33) " fcode="trunc"/>
<opset="trunc_ln61_23/5 "/>
</bind>
</comp>

<comp id="3014" class="1004" name="tmp_44_fu_3014">
<pin_list>
<pin id="3015" dir="0" index="0" bw="1" slack="0"/>
<pin id="3016" dir="0" index="1" bw="13" slack="0"/>
<pin id="3017" dir="0" index="2" bw="5" slack="0"/>
<pin id="3018" dir="1" index="3" bw="1" slack="0"/>
</pin_list>
<bind>
<opcode="bitselect(1000) " fcode="bitselect"/>
<opset="tmp_44/5 "/>
</bind>
</comp>

<comp id="3022" class="1004" name="sub_ln61_23_fu_3022">
<pin_list>
<pin id="3023" dir="0" index="0" bw="1" slack="0"/>
<pin id="3024" dir="0" index="1" bw="12" slack="0"/>
<pin id="3025" dir="1" index="2" bw="12" slack="0"/>
</pin_list>
<bind>
<opcode="sub(10) " fcode="sub"/>
<opset="sub_ln61_23/5 "/>
</bind>
</comp>

<comp id="3028" class="1004" name="select_ln61_15_fu_3028">
<pin_list>
<pin id="3029" dir="0" index="0" bw="1" slack="0"/>
<pin id="3030" dir="0" index="1" bw="12" slack="0"/>
<pin id="3031" dir="0" index="2" bw="12" slack="0"/>
<pin id="3032" dir="1" index="3" bw="12" slack="0"/>
</pin_list>
<bind>
<opcode="select(49) " fcode="select"/>
<opset="select_ln61_15/5 "/>
</bind>
</comp>

<comp id="3036" class="1004" name="zext_ln479_3_fu_3036">
<pin_list>
<pin id="3037" dir="0" index="0" bw="12" slack="0"/>
<pin id="3038" dir="1" index="1" bw="13" slack="0"/>
</pin_list>
<bind>
<opcode="zext(34) " fcode="zext"/>
<opset="zext_ln479_3/5 "/>
</bind>
</comp>

<comp id="3040" class="1004" name="add_ln479_fu_3040">
<pin_list>
<pin id="3041" dir="0" index="0" bw="12" slack="0"/>
<pin id="3042" dir="0" index="1" bw="12" slack="0"/>
<pin id="3043" dir="1" index="2" bw="13" slack="0"/>
</pin_list>
<bind>
<opcode="add(8) " fcode="add"/>
<opset="add_ln479/5 "/>
</bind>
</comp>

<comp id="3046" class="1004" name="zext_ln479_4_fu_3046">
<pin_list>
<pin id="3047" dir="0" index="0" bw="13" slack="0"/>
<pin id="3048" dir="1" index="1" bw="14" slack="0"/>
</pin_list>
<bind>
<opcode="zext(34) " fcode="zext"/>
<opset="zext_ln479_4/5 "/>
</bind>
</comp>

<comp id="3050" class="1004" name="add_ln479_1_fu_3050">
<pin_list>
<pin id="3051" dir="0" index="0" bw="12" slack="0"/>
<pin id="3052" dir="0" index="1" bw="12" slack="0"/>
<pin id="3053" dir="1" index="2" bw="13" slack="0"/>
</pin_list>
<bind>
<opcode="add(8) " fcode="add"/>
<opset="add_ln479_1/5 "/>
</bind>
</comp>

<comp id="3056" class="1004" name="zext_ln479_5_fu_3056">
<pin_list>
<pin id="3057" dir="0" index="0" bw="13" slack="0"/>
<pin id="3058" dir="1" index="1" bw="14" slack="0"/>
</pin_list>
<bind>
<opcode="zext(34) " fcode="zext"/>
<opset="zext_ln479_5/5 "/>
</bind>
</comp>

<comp id="3060" class="1004" name="add_ln479_2_fu_3060">
<pin_list>
<pin id="3061" dir="0" index="0" bw="13" slack="0"/>
<pin id="3062" dir="0" index="1" bw="13" slack="0"/>
<pin id="3063" dir="1" index="2" bw="14" slack="0"/>
</pin_list>
<bind>
<opcode="add(8) " fcode="add"/>
<opset="add_ln479_2/5 "/>
</bind>
</comp>

<comp id="3066" class="1004" name="var_3_fu_3066">
<pin_list>
<pin id="3067" dir="0" index="0" bw="13" slack="0"/>
<pin id="3068" dir="0" index="1" bw="14" slack="0"/>
<pin id="3069" dir="0" index="2" bw="1" slack="0"/>
<pin id="3070" dir="0" index="3" bw="5" slack="0"/>
<pin id="3071" dir="1" index="4" bw="13" slack="1"/>
</pin_list>
<bind>
<opcode="partselect(1002) " fcode="partselect"/>
<opset="var_3/5 "/>
</bind>
</comp>

<comp id="3076" class="1004" name="zext_ln483_2_fu_3076">
<pin_list>
<pin id="3077" dir="0" index="0" bw="10" slack="2"/>
<pin id="3078" dir="1" index="1" bw="11" slack="0"/>
</pin_list>
<bind>
<opcode="zext(34) " fcode="zext"/>
<opset="zext_ln483_2/6 "/>
</bind>
</comp>

<comp id="3079" class="1004" name="zext_ln484_2_fu_3079">
<pin_list>
<pin id="3080" dir="0" index="0" bw="10" slack="2"/>
<pin id="3081" dir="1" index="1" bw="11" slack="0"/>
</pin_list>
<bind>
<opcode="zext(34) " fcode="zext"/>
<opset="zext_ln484_2/6 "/>
</bind>
</comp>

<comp id="3082" class="1004" name="add_ln492_fu_3082">
<pin_list>
<pin id="3083" dir="0" index="0" bw="10" slack="0"/>
<pin id="3084" dir="0" index="1" bw="1" slack="0"/>
<pin id="3085" dir="1" index="2" bw="11" slack="0"/>
</pin_list>
<bind>
<opcode="add(8) " fcode="add"/>
<opset="add_ln492/6 "/>
</bind>
</comp>

<comp id="3088" class="1004" name="zext_ln492_fu_3088">
<pin_list>
<pin id="3089" dir="0" index="0" bw="11" slack="0"/>
<pin id="3090" dir="1" index="1" bw="13" slack="0"/>
</pin_list>
<bind>
<opcode="zext(34) " fcode="zext"/>
<opset="zext_ln492/6 "/>
</bind>
</comp>

<comp id="3092" class="1004" name="add_ln492_1_fu_3092">
<pin_list>
<pin id="3093" dir="0" index="0" bw="11" slack="0"/>
<pin id="3094" dir="0" index="1" bw="13" slack="1"/>
<pin id="3095" dir="1" index="2" bw="13" slack="0"/>
</pin_list>
<bind>
<opcode="add(8) " fcode="add"/>
<opset="add_ln492_1/6 "/>
</bind>
</comp>

<comp id="3097" class="1004" name="lshr_ln_fu_3097">
<pin_list>
<pin id="3098" dir="0" index="0" bw="10" slack="0"/>
<pin id="3099" dir="0" index="1" bw="13" slack="0"/>
<pin id="3100" dir="0" index="2" bw="3" slack="0"/>
<pin id="3101" dir="0" index="3" bw="5" slack="0"/>
<pin id="3102" dir="1" index="4" bw="10" slack="0"/>
</pin_list>
<bind>
<opcode="partselect(1002) " fcode="partselect"/>
<opset="lshr_ln/6 "/>
</bind>
</comp>

<comp id="3107" class="1004" name="zext_ln493_fu_3107">
<pin_list>
<pin id="3108" dir="0" index="0" bw="10" slack="0"/>
<pin id="3109" dir="1" index="1" bw="64" slack="0"/>
</pin_list>
<bind>
<opcode="zext(34) " fcode="zext"/>
<opset="zext_ln493/6 "/>
</bind>
</comp>

<comp id="3112" class="1004" name="add_ln492_2_fu_3112">
<pin_list>
<pin id="3113" dir="0" index="0" bw="10" slack="0"/>
<pin id="3114" dir="0" index="1" bw="1" slack="0"/>
<pin id="3115" dir="1" index="2" bw="11" slack="0"/>
</pin_list>
<bind>
<opcode="add(8) " fcode="add"/>
<opset="add_ln492_2/6 "/>
</bind>
</comp>

<comp id="3118" class="1004" name="zext_ln492_1_fu_3118">
<pin_list>
<pin id="3119" dir="0" index="0" bw="11" slack="0"/>
<pin id="3120" dir="1" index="1" bw="13" slack="0"/>
</pin_list>
<bind>
<opcode="zext(34) " fcode="zext"/>
<opset="zext_ln492_1/6 "/>
</bind>
</comp>

<comp id="3122" class="1004" name="add_ln492_3_fu_3122">
<pin_list>
<pin id="3123" dir="0" index="0" bw="11" slack="0"/>
<pin id="3124" dir="0" index="1" bw="13" slack="1"/>
<pin id="3125" dir="1" index="2" bw="13" slack="0"/>
</pin_list>
<bind>
<opcode="add(8) " fcode="add"/>
<opset="add_ln492_3/6 "/>
</bind>
</comp>

<comp id="3127" class="1004" name="lshr_ln492_1_fu_3127">
<pin_list>
<pin id="3128" dir="0" index="0" bw="10" slack="0"/>
<pin id="3129" dir="0" index="1" bw="13" slack="0"/>
<pin id="3130" dir="0" index="2" bw="3" slack="0"/>
<pin id="3131" dir="0" index="3" bw="5" slack="0"/>
<pin id="3132" dir="1" index="4" bw="10" slack="0"/>
</pin_list>
<bind>
<opcode="partselect(1002) " fcode="partselect"/>
<opset="lshr_ln492_1/6 "/>
</bind>
</comp>

<comp id="3137" class="1004" name="zext_ln493_1_fu_3137">
<pin_list>
<pin id="3138" dir="0" index="0" bw="10" slack="0"/>
<pin id="3139" dir="1" index="1" bw="64" slack="0"/>
</pin_list>
<bind>
<opcode="zext(34) " fcode="zext"/>
<opset="zext_ln493_1/6 "/>
</bind>
</comp>

<comp id="3142" class="1004" name="add_ln492_4_fu_3142">
<pin_list>
<pin id="3143" dir="0" index="0" bw="11" slack="0"/>
<pin id="3144" dir="0" index="1" bw="13" slack="1"/>
<pin id="3145" dir="1" index="2" bw="13" slack="0"/>
</pin_list>
<bind>
<opcode="add(8) " fcode="add"/>
<opset="add_ln492_4/6 "/>
</bind>
</comp>

<comp id="3147" class="1004" name="lshr_ln492_2_fu_3147">
<pin_list>
<pin id="3148" dir="0" index="0" bw="10" slack="0"/>
<pin id="3149" dir="0" index="1" bw="13" slack="0"/>
<pin id="3150" dir="0" index="2" bw="3" slack="0"/>
<pin id="3151" dir="0" index="3" bw="5" slack="0"/>
<pin id="3152" dir="1" index="4" bw="10" slack="0"/>
</pin_list>
<bind>
<opcode="partselect(1002) " fcode="partselect"/>
<opset="lshr_ln492_2/6 "/>
</bind>
</comp>

<comp id="3157" class="1004" name="zext_ln493_2_fu_3157">
<pin_list>
<pin id="3158" dir="0" index="0" bw="10" slack="0"/>
<pin id="3159" dir="1" index="1" bw="64" slack="0"/>
</pin_list>
<bind>
<opcode="zext(34) " fcode="zext"/>
<opset="zext_ln493_2/6 "/>
</bind>
</comp>

<comp id="3162" class="1004" name="add_ln492_5_fu_3162">
<pin_list>
<pin id="3163" dir="0" index="0" bw="11" slack="0"/>
<pin id="3164" dir="0" index="1" bw="13" slack="1"/>
<pin id="3165" dir="1" index="2" bw="13" slack="0"/>
</pin_list>
<bind>
<opcode="add(8) " fcode="add"/>
<opset="add_ln492_5/6 "/>
</bind>
</comp>

<comp id="3167" class="1004" name="lshr_ln492_3_fu_3167">
<pin_list>
<pin id="3168" dir="0" index="0" bw="10" slack="0"/>
<pin id="3169" dir="0" index="1" bw="13" slack="0"/>
<pin id="3170" dir="0" index="2" bw="3" slack="0"/>
<pin id="3171" dir="0" index="3" bw="5" slack="0"/>
<pin id="3172" dir="1" index="4" bw="10" slack="0"/>
</pin_list>
<bind>
<opcode="partselect(1002) " fcode="partselect"/>
<opset="lshr_ln492_3/6 "/>
</bind>
</comp>

<comp id="3177" class="1004" name="zext_ln493_3_fu_3177">
<pin_list>
<pin id="3178" dir="0" index="0" bw="10" slack="0"/>
<pin id="3179" dir="1" index="1" bw="64" slack="0"/>
</pin_list>
<bind>
<opcode="zext(34) " fcode="zext"/>
<opset="zext_ln493_3/6 "/>
</bind>
</comp>

<comp id="3182" class="1004" name="sw_fu_3182">
<pin_list>
<pin id="3183" dir="0" index="0" bw="9" slack="0"/>
<pin id="3184" dir="0" index="1" bw="10" slack="0"/>
<pin id="3185" dir="0" index="2" bw="1" slack="0"/>
<pin id="3186" dir="0" index="3" bw="5" slack="0"/>
<pin id="3187" dir="1" index="4" bw="9" slack="1"/>
</pin_list>
<bind>
<opcode="partselect(1002) " fcode="partselect"/>
<opset="sw/7 "/>
</bind>
</comp>

<comp id="3192" class="1004" name="lshr_ln1_fu_3192">
<pin_list>
<pin id="3193" dir="0" index="0" bw="8" slack="0"/>
<pin id="3194" dir="0" index="1" bw="10" slack="0"/>
<pin id="3195" dir="0" index="2" bw="3" slack="0"/>
<pin id="3196" dir="0" index="3" bw="5" slack="0"/>
<pin id="3197" dir="1" index="4" bw="8" slack="0"/>
</pin_list>
<bind>
<opcode="partselect(1002) " fcode="partselect"/>
<opset="lshr_ln1/7 "/>
</bind>
</comp>

<comp id="3202" class="1004" name="zext_ln492_2_fu_3202">
<pin_list>
<pin id="3203" dir="0" index="0" bw="8" slack="0"/>
<pin id="3204" dir="1" index="1" bw="9" slack="0"/>
</pin_list>
<bind>
<opcode="zext(34) " fcode="zext"/>
<opset="zext_ln492_2/7 "/>
</bind>
</comp>

<comp id="3206" class="1004" name="lshr_ln494_1_fu_3206">
<pin_list>
<pin id="3207" dir="0" index="0" bw="8" slack="0"/>
<pin id="3208" dir="0" index="1" bw="10" slack="0"/>
<pin id="3209" dir="0" index="2" bw="3" slack="0"/>
<pin id="3210" dir="0" index="3" bw="5" slack="0"/>
<pin id="3211" dir="1" index="4" bw="8" slack="0"/>
</pin_list>
<bind>
<opcode="partselect(1002) " fcode="partselect"/>
<opset="lshr_ln494_1/7 "/>
</bind>
</comp>

<comp id="3216" class="1004" name="zext_ln492_3_fu_3216">
<pin_list>
<pin id="3217" dir="0" index="0" bw="8" slack="0"/>
<pin id="3218" dir="1" index="1" bw="9" slack="0"/>
</pin_list>
<bind>
<opcode="zext(34) " fcode="zext"/>
<opset="zext_ln492_3/7 "/>
</bind>
</comp>

<comp id="3220" class="1004" name="lshr_ln494_2_fu_3220">
<pin_list>
<pin id="3221" dir="0" index="0" bw="9" slack="0"/>
<pin id="3222" dir="0" index="1" bw="10" slack="0"/>
<pin id="3223" dir="0" index="2" bw="1" slack="0"/>
<pin id="3224" dir="0" index="3" bw="5" slack="0"/>
<pin id="3225" dir="1" index="4" bw="9" slack="1"/>
</pin_list>
<bind>
<opcode="partselect(1002) " fcode="partselect"/>
<opset="lshr_ln494_2/7 "/>
</bind>
</comp>

<comp id="3230" class="1004" name="add_ln495_fu_3230">
<pin_list>
<pin id="3231" dir="0" index="0" bw="8" slack="0"/>
<pin id="3232" dir="0" index="1" bw="8" slack="0"/>
<pin id="3233" dir="1" index="2" bw="9" slack="1"/>
</pin_list>
<bind>
<opcode="add(8) " fcode="add"/>
<opset="add_ln495/7 "/>
</bind>
</comp>

<comp id="3236" class="1004" name="zext_ln494_fu_3236">
<pin_list>
<pin id="3237" dir="0" index="0" bw="9" slack="1"/>
<pin id="3238" dir="1" index="1" bw="10" slack="0"/>
</pin_list>
<bind>
<opcode="zext(34) " fcode="zext"/>
<opset="zext_ln494/8 "/>
</bind>
</comp>

<comp id="3239" class="1004" name="zext_ln495_fu_3239">
<pin_list>
<pin id="3240" dir="0" index="0" bw="9" slack="1"/>
<pin id="3241" dir="1" index="1" bw="11" slack="0"/>
</pin_list>
<bind>
<opcode="zext(34) " fcode="zext"/>
<opset="zext_ln495/8 "/>
</bind>
</comp>

<comp id="3242" class="1004" name="zext_ln495_2_fu_3242">
<pin_list>
<pin id="3243" dir="0" index="0" bw="9" slack="1"/>
<pin id="3244" dir="1" index="1" bw="10" slack="0"/>
</pin_list>
<bind>
<opcode="zext(34) " fcode="zext"/>
<opset="zext_ln495_2/8 "/>
</bind>
</comp>

<comp id="3245" class="1004" name="add_ln495_1_fu_3245">
<pin_list>
<pin id="3246" dir="0" index="0" bw="9" slack="0"/>
<pin id="3247" dir="0" index="1" bw="9" slack="0"/>
<pin id="3248" dir="1" index="2" bw="10" slack="0"/>
</pin_list>
<bind>
<opcode="add(8) " fcode="add"/>
<opset="add_ln495_1/8 "/>
</bind>
</comp>

<comp id="3251" class="1004" name="zext_ln495_1_fu_3251">
<pin_list>
<pin id="3252" dir="0" index="0" bw="10" slack="0"/>
<pin id="3253" dir="1" index="1" bw="11" slack="0"/>
</pin_list>
<bind>
<opcode="zext(34) " fcode="zext"/>
<opset="zext_ln495_1/8 "/>
</bind>
</comp>

<comp id="3255" class="1004" name="sw_1_fu_3255">
<pin_list>
<pin id="3256" dir="0" index="0" bw="10" slack="0"/>
<pin id="3257" dir="0" index="1" bw="9" slack="0"/>
<pin id="3258" dir="1" index="2" bw="11" slack="0"/>
</pin_list>
<bind>
<opcode="add(8) " fcode="add"/>
<opset="sw_1/8 "/>
</bind>
</comp>

<comp id="3261" class="1004" name="zext_ln497_fu_3261">
<pin_list>
<pin id="3262" dir="0" index="0" bw="11" slack="0"/>
<pin id="3263" dir="1" index="1" bw="64" slack="0"/>
</pin_list>
<bind>
<opcode="zext(34) " fcode="zext"/>
<opset="zext_ln497/8 "/>
</bind>
</comp>

<comp id="3266" class="1004" name="sext_ln472_fu_3266">
<pin_list>
<pin id="3267" dir="0" index="0" bw="14" slack="6"/>
<pin id="3268" dir="1" index="1" bw="24" slack="0"/>
</pin_list>
<bind>
<opcode="sext(35) " fcode="sext"/>
<opset="sext_ln472/10 "/>
</bind>
</comp>

<comp id="3269" class="1004" name="sext_ln472_3_fu_3269">
<pin_list>
<pin id="3270" dir="0" index="0" bw="14" slack="6"/>
<pin id="3271" dir="1" index="1" bw="24" slack="0"/>
</pin_list>
<bind>
<opcode="sext(35) " fcode="sext"/>
<opset="sext_ln472_3/10 "/>
</bind>
</comp>

<comp id="3272" class="1004" name="zext_ln501_fu_3272">
<pin_list>
<pin id="3273" dir="0" index="0" bw="9" slack="3"/>
<pin id="3274" dir="1" index="1" bw="18" slack="0"/>
</pin_list>
<bind>
<opcode="zext(34) " fcode="zext"/>
<opset="zext_ln501/10 "/>
</bind>
</comp>

<comp id="3275" class="1004" name="mul_ln501_fu_3275">
<pin_list>
<pin id="3276" dir="0" index="0" bw="18" slack="1"/>
<pin id="3277" dir="0" index="1" bw="9" slack="0"/>
<pin id="3278" dir="1" index="2" bw="18" slack="0"/>
</pin_list>
<bind>
<opcode="mul(12) " fcode="mul"/>
<opset="mul_ln501/10 "/>
</bind>
</comp>

<comp id="3280" class="1004" name="lshr_ln2_fu_3280">
<pin_list>
<pin id="3281" dir="0" index="0" bw="10" slack="0"/>
<pin id="3282" dir="0" index="1" bw="18" slack="0"/>
<pin id="3283" dir="0" index="2" bw="5" slack="0"/>
<pin id="3284" dir="0" index="3" bw="6" slack="0"/>
<pin id="3285" dir="1" index="4" bw="10" slack="0"/>
</pin_list>
<bind>
<opcode="partselect(1002) " fcode="partselect"/>
<opset="lshr_ln2/10 "/>
</bind>
</comp>

<comp id="3290" class="1004" name="zext_ln501_1_fu_3290">
<pin_list>
<pin id="3291" dir="0" index="0" bw="8" slack="3"/>
<pin id="3292" dir="1" index="1" bw="18" slack="0"/>
</pin_list>
<bind>
<opcode="zext(34) " fcode="zext"/>
<opset="zext_ln501_1/10 "/>
</bind>
</comp>

<comp id="3293" class="1004" name="mul_ln501_1_fu_3293">
<pin_list>
<pin id="3294" dir="0" index="0" bw="18" slack="1"/>
<pin id="3295" dir="0" index="1" bw="8" slack="0"/>
<pin id="3296" dir="1" index="2" bw="18" slack="0"/>
</pin_list>
<bind>
<opcode="mul(12) " fcode="mul"/>
<opset="mul_ln501_1/10 "/>
</bind>
</comp>

<comp id="3298" class="1004" name="lshr_ln501_1_fu_3298">
<pin_list>
<pin id="3299" dir="0" index="0" bw="10" slack="0"/>
<pin id="3300" dir="0" index="1" bw="18" slack="0"/>
<pin id="3301" dir="0" index="2" bw="5" slack="0"/>
<pin id="3302" dir="0" index="3" bw="6" slack="0"/>
<pin id="3303" dir="1" index="4" bw="10" slack="1"/>
</pin_list>
<bind>
<opcode="partselect(1002) " fcode="partselect"/>
<opset="lshr_ln501_1/10 "/>
</bind>
</comp>

<comp id="3308" class="1004" name="zext_ln501_2_fu_3308">
<pin_list>
<pin id="3309" dir="0" index="0" bw="8" slack="3"/>
<pin id="3310" dir="1" index="1" bw="18" slack="0"/>
</pin_list>
<bind>
<opcode="zext(34) " fcode="zext"/>
<opset="zext_ln501_2/10 "/>
</bind>
</comp>

<comp id="3311" class="1004" name="mul_ln501_2_fu_3311">
<pin_list>
<pin id="3312" dir="0" index="0" bw="18" slack="1"/>
<pin id="3313" dir="0" index="1" bw="8" slack="0"/>
<pin id="3314" dir="1" index="2" bw="18" slack="0"/>
</pin_list>
<bind>
<opcode="mul(12) " fcode="mul"/>
<opset="mul_ln501_2/10 "/>
</bind>
</comp>

<comp id="3316" class="1004" name="lshr_ln501_2_fu_3316">
<pin_list>
<pin id="3317" dir="0" index="0" bw="10" slack="0"/>
<pin id="3318" dir="0" index="1" bw="18" slack="0"/>
<pin id="3319" dir="0" index="2" bw="5" slack="0"/>
<pin id="3320" dir="0" index="3" bw="6" slack="0"/>
<pin id="3321" dir="1" index="4" bw="10" slack="1"/>
</pin_list>
<bind>
<opcode="partselect(1002) " fcode="partselect"/>
<opset="lshr_ln501_2/10 "/>
</bind>
</comp>

<comp id="3326" class="1004" name="zext_ln501_3_fu_3326">
<pin_list>
<pin id="3327" dir="0" index="0" bw="9" slack="3"/>
<pin id="3328" dir="1" index="1" bw="18" slack="0"/>
</pin_list>
<bind>
<opcode="zext(34) " fcode="zext"/>
<opset="zext_ln501_3/10 "/>
</bind>
</comp>

<comp id="3329" class="1004" name="mul_ln501_3_fu_3329">
<pin_list>
<pin id="3330" dir="0" index="0" bw="18" slack="1"/>
<pin id="3331" dir="0" index="1" bw="9" slack="0"/>
<pin id="3332" dir="1" index="2" bw="18" slack="0"/>
</pin_list>
<bind>
<opcode="mul(12) " fcode="mul"/>
<opset="mul_ln501_3/10 "/>
</bind>
</comp>

<comp id="3334" class="1004" name="lshr_ln501_3_fu_3334">
<pin_list>
<pin id="3335" dir="0" index="0" bw="10" slack="0"/>
<pin id="3336" dir="0" index="1" bw="18" slack="0"/>
<pin id="3337" dir="0" index="2" bw="5" slack="0"/>
<pin id="3338" dir="0" index="3" bw="6" slack="0"/>
<pin id="3339" dir="1" index="4" bw="10" slack="0"/>
</pin_list>
<bind>
<opcode="partselect(1002) " fcode="partselect"/>
<opset="lshr_ln501_3/10 "/>
</bind>
</comp>

<comp id="3344" class="1004" name="zext_ln504_fu_3344">
<pin_list>
<pin id="3345" dir="0" index="0" bw="10" slack="0"/>
<pin id="3346" dir="1" index="1" bw="24" slack="0"/>
</pin_list>
<bind>
<opcode="zext(34) " fcode="zext"/>
<opset="zext_ln504/10 "/>
</bind>
</comp>

<comp id="3348" class="1004" name="zext_ln504_2_fu_3348">
<pin_list>
<pin id="3349" dir="0" index="0" bw="10" slack="0"/>
<pin id="3350" dir="1" index="1" bw="24" slack="0"/>
</pin_list>
<bind>
<opcode="zext(34) " fcode="zext"/>
<opset="zext_ln504_2/10 "/>
</bind>
</comp>

<comp id="3352" class="1004" name="sext_ln472_1_fu_3352">
<pin_list>
<pin id="3353" dir="0" index="0" bw="14" slack="7"/>
<pin id="3354" dir="1" index="1" bw="24" slack="0"/>
</pin_list>
<bind>
<opcode="sext(35) " fcode="sext"/>
<opset="sext_ln472_1/11 "/>
</bind>
</comp>

<comp id="3355" class="1004" name="sext_ln472_2_fu_3355">
<pin_list>
<pin id="3356" dir="0" index="0" bw="14" slack="7"/>
<pin id="3357" dir="1" index="1" bw="24" slack="0"/>
</pin_list>
<bind>
<opcode="sext(35) " fcode="sext"/>
<opset="sext_ln472_2/11 "/>
</bind>
</comp>

<comp id="3358" class="1004" name="zext_ln504_1_fu_3358">
<pin_list>
<pin id="3359" dir="0" index="0" bw="10" slack="1"/>
<pin id="3360" dir="1" index="1" bw="24" slack="0"/>
</pin_list>
<bind>
<opcode="zext(34) " fcode="zext"/>
<opset="zext_ln504_1/11 "/>
</bind>
</comp>

<comp id="3361" class="1004" name="zext_ln504_3_fu_3361">
<pin_list>
<pin id="3362" dir="0" index="0" bw="10" slack="1"/>
<pin id="3363" dir="1" index="1" bw="24" slack="0"/>
</pin_list>
<bind>
<opcode="zext(34) " fcode="zext"/>
<opset="zext_ln504_3/11 "/>
</bind>
</comp>

<comp id="3364" class="1004" name="mul_ln504_1_fu_3364">
<pin_list>
<pin id="3365" dir="0" index="0" bw="14" slack="0"/>
<pin id="3366" dir="0" index="1" bw="10" slack="0"/>
<pin id="3367" dir="1" index="2" bw="24" slack="1"/>
</pin_list>
<bind>
<opcode="mul(12) " fcode="mul"/>
<opset="mul_ln504_1/11 "/>
</bind>
</comp>

<comp id="3370" class="1004" name="mul_ln504_3_fu_3370">
<pin_list>
<pin id="3371" dir="0" index="0" bw="14" slack="0"/>
<pin id="3372" dir="0" index="1" bw="10" slack="0"/>
<pin id="3373" dir="1" index="2" bw="24" slack="1"/>
</pin_list>
<bind>
<opcode="mul(12) " fcode="mul"/>
<opset="mul_ln504_3/11 "/>
</bind>
</comp>

<comp id="3376" class="1004" name="sext_ln504_1_fu_3376">
<pin_list>
<pin id="3377" dir="0" index="0" bw="24" slack="1"/>
<pin id="3378" dir="1" index="1" bw="25" slack="0"/>
</pin_list>
<bind>
<opcode="sext(35) " fcode="sext"/>
<opset="sext_ln504_1/12 "/>
</bind>
</comp>

<comp id="3379" class="1004" name="sext_ln504_3_fu_3379">
<pin_list>
<pin id="3380" dir="0" index="0" bw="24" slack="1"/>
<pin id="3381" dir="1" index="1" bw="25" slack="0"/>
</pin_list>
<bind>
<opcode="sext(35) " fcode="sext"/>
<opset="sext_ln504_3/12 "/>
</bind>
</comp>

<comp id="3382" class="1004" name="sext_ln504_4_fu_3382">
<pin_list>
<pin id="3383" dir="0" index="0" bw="25" slack="0"/>
<pin id="3384" dir="1" index="1" bw="26" slack="0"/>
</pin_list>
<bind>
<opcode="sext(35) " fcode="sext"/>
<opset="sext_ln504_4/13 "/>
</bind>
</comp>

<comp id="3385" class="1004" name="sext_ln504_6_fu_3385">
<pin_list>
<pin id="3386" dir="0" index="0" bw="25" slack="0"/>
<pin id="3387" dir="1" index="1" bw="26" slack="0"/>
</pin_list>
<bind>
<opcode="sext(35) " fcode="sext"/>
<opset="sext_ln504_6/13 "/>
</bind>
</comp>

<comp id="3388" class="1004" name="add_ln504_2_fu_3388">
<pin_list>
<pin id="3389" dir="0" index="0" bw="25" slack="0"/>
<pin id="3390" dir="0" index="1" bw="25" slack="0"/>
<pin id="3391" dir="1" index="2" bw="26" slack="0"/>
</pin_list>
<bind>
<opcode="add(8) " fcode="add"/>
<opset="add_ln504_2/13 "/>
</bind>
</comp>

<comp id="3394" class="1004" name="sext_ln504_5_fu_3394">
<pin_list>
<pin id="3395" dir="0" index="0" bw="26" slack="0"/>
<pin id="3396" dir="1" index="1" bw="27" slack="0"/>
</pin_list>
<bind>
<opcode="sext(35) " fcode="sext"/>
<opset="sext_ln504_5/13 "/>
</bind>
</comp>

<comp id="3398" class="1004" name="sub_ln504_fu_3398">
<pin_list>
<pin id="3399" dir="0" index="0" bw="1" slack="0"/>
<pin id="3400" dir="0" index="1" bw="26" slack="0"/>
<pin id="3401" dir="1" index="2" bw="27" slack="0"/>
</pin_list>
<bind>
<opcode="sub(10) " fcode="sub"/>
<opset="sub_ln504/13 "/>
</bind>
</comp>

<comp id="3404" class="1004" name="tmp_3_cast_fu_3404">
<pin_list>
<pin id="3405" dir="0" index="0" bw="13" slack="0"/>
<pin id="3406" dir="0" index="1" bw="27" slack="0"/>
<pin id="3407" dir="0" index="2" bw="5" slack="0"/>
<pin id="3408" dir="0" index="3" bw="6" slack="0"/>
<pin id="3409" dir="1" index="4" bw="13" slack="1"/>
</pin_list>
<bind>
<opcode="partselect(1002) " fcode="partselect"/>
<opset="tmp_3_cast/13 "/>
</bind>
</comp>

<comp id="3414" class="1004" name="zext_ln504_4_fu_3414">
<pin_list>
<pin id="3415" dir="0" index="0" bw="10" slack="11"/>
<pin id="3416" dir="1" index="1" bw="14" slack="0"/>
</pin_list>
<bind>
<opcode="zext(34) " fcode="zext"/>
<opset="zext_ln504_4/14 "/>
</bind>
</comp>

<comp id="3418" class="1004" name="tmp_49_fu_3418">
<pin_list>
<pin id="3419" dir="0" index="0" bw="1" slack="0"/>
<pin id="3420" dir="0" index="1" bw="26" slack="1"/>
<pin id="3421" dir="0" index="2" bw="6" slack="0"/>
<pin id="3422" dir="1" index="3" bw="1" slack="0"/>
</pin_list>
<bind>
<opcode="bitselect(1000) " fcode="bitselect"/>
<opset="tmp_49/14 "/>
</bind>
</comp>

<comp id="3425" class="1004" name="sub_ln504_1_fu_3425">
<pin_list>
<pin id="3426" dir="0" index="0" bw="1" slack="0"/>
<pin id="3427" dir="0" index="1" bw="13" slack="1"/>
<pin id="3428" dir="1" index="2" bw="13" slack="0"/>
</pin_list>
<bind>
<opcode="sub(10) " fcode="sub"/>
<opset="sub_ln504_1/14 "/>
</bind>
</comp>

<comp id="3430" class="1004" name="zext_ln504_5_fu_3430">
<pin_list>
<pin id="3431" dir="0" index="0" bw="13" slack="0"/>
<pin id="3432" dir="0" index="1" bw="26" slack="1"/>
<pin id="3433" dir="0" index="2" bw="5" slack="0"/>
<pin id="3434" dir="0" index="3" bw="6" slack="0"/>
<pin id="3435" dir="1" index="4" bw="13" slack="0"/>
</pin_list>
<bind>
<opcode="partselect(1002) " fcode="partselect"/>
<opset="zext_ln504_5/14 "/>
</bind>
</comp>

<comp id="3439" class="1004" name="select_ln504_fu_3439">
<pin_list>
<pin id="3440" dir="0" index="0" bw="1" slack="0"/>
<pin id="3441" dir="0" index="1" bw="13" slack="0"/>
<pin id="3442" dir="0" index="2" bw="13" slack="0"/>
<pin id="3443" dir="1" index="3" bw="13" slack="0"/>
</pin_list>
<bind>
<opcode="select(49) " fcode="select"/>
<opset="select_ln504/14 "/>
</bind>
</comp>

<comp id="3447" class="1004" name="sext_ln504_7_fu_3447">
<pin_list>
<pin id="3448" dir="0" index="0" bw="13" slack="0"/>
<pin id="3449" dir="1" index="1" bw="14" slack="0"/>
</pin_list>
<bind>
<opcode="sext(35) " fcode="sext"/>
<opset="sext_ln504_7/14 "/>
</bind>
</comp>

<comp id="3451" class="1004" name="g_fu_3451">
<pin_list>
<pin id="3452" dir="0" index="0" bw="13" slack="0"/>
<pin id="3453" dir="0" index="1" bw="10" slack="0"/>
<pin id="3454" dir="1" index="2" bw="14" slack="0"/>
</pin_list>
<bind>
<opcode="add(8) " fcode="add"/>
<opset="g/14 "/>
</bind>
</comp>

<comp id="3457" class="1004" name="g_1_fu_3457">
<pin_list>
<pin id="3458" dir="0" index="0" bw="1" slack="13"/>
<pin id="3459" dir="0" index="1" bw="14" slack="0"/>
<pin id="3460" dir="0" index="2" bw="14" slack="0"/>
<pin id="3461" dir="1" index="3" bw="14" slack="0"/>
</pin_list>
<bind>
<opcode="select(49) " fcode="select"/>
<opset="g_1/14 "/>
</bind>
</comp>

<comp id="3464" class="1004" name="g_1_cast58_fu_3464">
<pin_list>
<pin id="3465" dir="0" index="0" bw="14" slack="0"/>
<pin id="3466" dir="1" index="1" bw="16" slack="0"/>
</pin_list>
<bind>
<opcode="sext(35) " fcode="sext"/>
<opset="g_1_cast58/14 "/>
</bind>
</comp>

<comp id="3468" class="1004" name="tmp_50_fu_3468">
<pin_list>
<pin id="3469" dir="0" index="0" bw="1" slack="0"/>
<pin id="3470" dir="0" index="1" bw="14" slack="0"/>
<pin id="3471" dir="0" index="2" bw="5" slack="0"/>
<pin id="3472" dir="1" index="3" bw="1" slack="0"/>
</pin_list>
<bind>
<opcode="bitselect(1000) " fcode="bitselect"/>
<opset="tmp_50/14 "/>
</bind>
</comp>

<comp id="3476" class="1004" name="tmp_51_fu_3476">
<pin_list>
<pin id="3477" dir="0" index="0" bw="4" slack="0"/>
<pin id="3478" dir="0" index="1" bw="14" slack="0"/>
<pin id="3479" dir="0" index="2" bw="5" slack="0"/>
<pin id="3480" dir="0" index="3" bw="5" slack="0"/>
<pin id="3481" dir="1" index="4" bw="4" slack="0"/>
</pin_list>
<bind>
<opcode="partselect(1002) " fcode="partselect"/>
<opset="tmp_51/14 "/>
</bind>
</comp>

<comp id="3486" class="1004" name="icmp_ln510_fu_3486">
<pin_list>
<pin id="3487" dir="0" index="0" bw="4" slack="0"/>
<pin id="3488" dir="0" index="1" bw="4" slack="0"/>
<pin id="3489" dir="1" index="2" bw="1" slack="0"/>
</pin_list>
<bind>
<opcode="icmp(45) " fcode="icmp"/>
<opset="icmp_ln510/14 "/>
</bind>
</comp>

<comp id="3492" class="1004" name="trunc_ln510_fu_3492">
<pin_list>
<pin id="3493" dir="0" index="0" bw="14" slack="0"/>
<pin id="3494" dir="1" index="1" bw="10" slack="0"/>
</pin_list>
<bind>
<opcode="trunc(33) " fcode="trunc"/>
<opset="trunc_ln510/14 "/>
</bind>
</comp>

<comp id="3496" class="1004" name="xor_ln510_fu_3496">
<pin_list>
<pin id="3497" dir="0" index="0" bw="1" slack="0"/>
<pin id="3498" dir="0" index="1" bw="1" slack="0"/>
<pin id="3499" dir="1" index="2" bw="1" slack="0"/>
</pin_list>
<bind>
<opcode="xor(25) " fcode="xor"/>
<opset="xor_ln510/14 "/>
</bind>
</comp>

<comp id="3502" class="1004" name="select_ln510_1_fu_3502">
<pin_list>
<pin id="3503" dir="0" index="0" bw="1" slack="0"/>
<pin id="3504" dir="0" index="1" bw="10" slack="0"/>
<pin id="3505" dir="0" index="2" bw="10" slack="0"/>
<pin id="3506" dir="1" index="3" bw="10" slack="0"/>
</pin_list>
<bind>
<opcode="select(49) " fcode="select"/>
<opset="select_ln510_1/14 "/>
</bind>
</comp>

<comp id="3510" class="1004" name="or_ln510_fu_3510">
<pin_list>
<pin id="3511" dir="0" index="0" bw="1" slack="0"/>
<pin id="3512" dir="0" index="1" bw="1" slack="0"/>
<pin id="3513" dir="1" index="2" bw="1" slack="0"/>
</pin_list>
<bind>
<opcode="or(24) " fcode="or"/>
<opset="or_ln510/14 "/>
</bind>
</comp>

<comp id="3516" class="1004" name="select_ln510_fu_3516">
<pin_list>
<pin id="3517" dir="0" index="0" bw="1" slack="0"/>
<pin id="3518" dir="0" index="1" bw="10" slack="0"/>
<pin id="3519" dir="0" index="2" bw="10" slack="0"/>
<pin id="3520" dir="1" index="3" bw="10" slack="1"/>
</pin_list>
<bind>
<opcode="select(49) " fcode="select"/>
<opset="select_ln510/14 "/>
</bind>
</comp>

<comp id="3524" class="1004" name="phitmp_fu_3524">
<pin_list>
<pin id="3525" dir="0" index="0" bw="1" slack="14"/>
<pin id="3526" dir="0" index="1" bw="10" slack="12"/>
<pin id="3527" dir="0" index="2" bw="10" slack="0"/>
<pin id="3528" dir="1" index="3" bw="10" slack="0"/>
</pin_list>
<bind>
<opcode="select(49) " fcode="select"/>
<opset="phitmp/15 "/>
</bind>
</comp>

<comp id="3531" class="1004" name="phitmp9_fu_3531">
<pin_list>
<pin id="3532" dir="0" index="0" bw="1" slack="14"/>
<pin id="3533" dir="0" index="1" bw="10" slack="0"/>
<pin id="3534" dir="0" index="2" bw="10" slack="12"/>
<pin id="3535" dir="1" index="3" bw="10" slack="0"/>
</pin_list>
<bind>
<opcode="select(49) " fcode="select"/>
<opset="phitmp9/15 "/>
</bind>
</comp>

<comp id="3538" class="1004" name="phi_ln509_fu_3538">
<pin_list>
<pin id="3539" dir="0" index="0" bw="1" slack="14"/>
<pin id="3540" dir="0" index="1" bw="10" slack="0"/>
<pin id="3541" dir="0" index="2" bw="10" slack="0"/>
<pin id="3542" dir="1" index="3" bw="10" slack="0"/>
</pin_list>
<bind>
<opcode="select(49) " fcode="select"/>
<opset="phi_ln509/15 "/>
</bind>
</comp>

<comp id="3545" class="1004" name="phi_ln511_fu_3545">
<pin_list>
<pin id="3546" dir="0" index="0" bw="1" slack="14"/>
<pin id="3547" dir="0" index="1" bw="10" slack="0"/>
<pin id="3548" dir="0" index="2" bw="10" slack="0"/>
<pin id="3549" dir="1" index="3" bw="10" slack="0"/>
</pin_list>
<bind>
<opcode="select(49) " fcode="select"/>
<opset="phi_ln511/15 "/>
</bind>
</comp>

<comp id="3552" class="1004" name="or_ln587_3_fu_3552">
<pin_list>
<pin id="3553" dir="0" index="0" bw="30" slack="0"/>
<pin id="3554" dir="0" index="1" bw="10" slack="0"/>
<pin id="3555" dir="0" index="2" bw="10" slack="1"/>
<pin id="3556" dir="0" index="3" bw="10" slack="0"/>
<pin id="3557" dir="1" index="4" bw="30" slack="0"/>
</pin_list>
<bind>
<opcode="bitconcatenate(1004) " fcode="bitconcatenate"/>
<opset="or_ln587_3/15 "/>
</bind>
</comp>

<comp id="3562" class="1004" name="store_ln0_store_fu_3562">
<pin_list>
<pin id="3563" dir="0" index="0" bw="10" slack="12"/>
<pin id="3564" dir="0" index="1" bw="10" slack="0"/>
<pin id="3565" dir="1" index="2" bw="0" slack="2147483647"/>
</pin_list>
<bind>
<opcode="store(28) " fcode="store"/>
<opset="store_ln0/14 "/>
</bind>
</comp>

<comp id="3567" class="1004" name="store_ln0_store_fu_3567">
<pin_list>
<pin id="3568" dir="0" index="0" bw="10" slack="12"/>
<pin id="3569" dir="0" index="1" bw="10" slack="0"/>
<pin id="3570" dir="1" index="2" bw="0" slack="2147483647"/>
</pin_list>
<bind>
<opcode="store(28) " fcode="store"/>
<opset="store_ln0/14 "/>
</bind>
</comp>

<comp id="3572" class="1004" name="store_ln0_store_fu_3572">
<pin_list>
<pin id="3573" dir="0" index="0" bw="10" slack="12"/>
<pin id="3574" dir="0" index="1" bw="10" slack="0"/>
<pin id="3575" dir="1" index="2" bw="0" slack="2147483647"/>
</pin_list>
<bind>
<opcode="store(28) " fcode="store"/>
<opset="store_ln0/14 "/>
</bind>
</comp>

<comp id="3577" class="1004" name="store_ln0_store_fu_3577">
<pin_list>
<pin id="3578" dir="0" index="0" bw="10" slack="12"/>
<pin id="3579" dir="0" index="1" bw="10" slack="0"/>
<pin id="3580" dir="1" index="2" bw="0" slack="2147483647"/>
</pin_list>
<bind>
<opcode="store(28) " fcode="store"/>
<opset="store_ln0/14 "/>
</bind>
</comp>

<comp id="3582" class="1004" name="store_ln0_store_fu_3582">
<pin_list>
<pin id="3583" dir="0" index="0" bw="10" slack="12"/>
<pin id="3584" dir="0" index="1" bw="10" slack="0"/>
<pin id="3585" dir="1" index="2" bw="0" slack="2147483647"/>
</pin_list>
<bind>
<opcode="store(28) " fcode="store"/>
<opset="store_ln0/14 "/>
</bind>
</comp>

<comp id="3587" class="1004" name="store_ln0_store_fu_3587">
<pin_list>
<pin id="3588" dir="0" index="0" bw="10" slack="11"/>
<pin id="3589" dir="0" index="1" bw="10" slack="0"/>
<pin id="3590" dir="1" index="2" bw="0" slack="2147483647"/>
</pin_list>
<bind>
<opcode="store(28) " fcode="store"/>
<opset="store_ln0/14 "/>
</bind>
</comp>

<comp id="3592" class="1004" name="store_ln0_store_fu_3592">
<pin_list>
<pin id="3593" dir="0" index="0" bw="10" slack="11"/>
<pin id="3594" dir="0" index="1" bw="10" slack="0"/>
<pin id="3595" dir="1" index="2" bw="0" slack="2147483647"/>
</pin_list>
<bind>
<opcode="store(28) " fcode="store"/>
<opset="store_ln0/14 "/>
</bind>
</comp>

<comp id="3597" class="1004" name="store_ln0_store_fu_3597">
<pin_list>
<pin id="3598" dir="0" index="0" bw="10" slack="11"/>
<pin id="3599" dir="0" index="1" bw="10" slack="0"/>
<pin id="3600" dir="1" index="2" bw="0" slack="2147483647"/>
</pin_list>
<bind>
<opcode="store(28) " fcode="store"/>
<opset="store_ln0/14 "/>
</bind>
</comp>

<comp id="3602" class="1004" name="store_ln0_store_fu_3602">
<pin_list>
<pin id="3603" dir="0" index="0" bw="10" slack="11"/>
<pin id="3604" dir="0" index="1" bw="10" slack="0"/>
<pin id="3605" dir="1" index="2" bw="0" slack="2147483647"/>
</pin_list>
<bind>
<opcode="store(28) " fcode="store"/>
<opset="store_ln0/14 "/>
</bind>
</comp>

<comp id="3607" class="1004" name="store_ln0_store_fu_3607">
<pin_list>
<pin id="3608" dir="0" index="0" bw="10" slack="11"/>
<pin id="3609" dir="0" index="1" bw="10" slack="0"/>
<pin id="3610" dir="1" index="2" bw="0" slack="2147483647"/>
</pin_list>
<bind>
<opcode="store(28) " fcode="store"/>
<opset="store_ln0/14 "/>
</bind>
</comp>

<comp id="3612" class="1004" name="store_ln0_store_fu_3612">
<pin_list>
<pin id="3613" dir="0" index="0" bw="10" slack="11"/>
<pin id="3614" dir="0" index="1" bw="10" slack="0"/>
<pin id="3615" dir="1" index="2" bw="0" slack="2147483647"/>
</pin_list>
<bind>
<opcode="store(28) " fcode="store"/>
<opset="store_ln0/14 "/>
</bind>
</comp>

<comp id="3617" class="1004" name="store_ln0_store_fu_3617">
<pin_list>
<pin id="3618" dir="0" index="0" bw="10" slack="11"/>
<pin id="3619" dir="0" index="1" bw="10" slack="0"/>
<pin id="3620" dir="1" index="2" bw="0" slack="2147483647"/>
</pin_list>
<bind>
<opcode="store(28) " fcode="store"/>
<opset="store_ln0/14 "/>
</bind>
</comp>

<comp id="3622" class="1004" name="store_ln0_store_fu_3622">
<pin_list>
<pin id="3623" dir="0" index="0" bw="10" slack="11"/>
<pin id="3624" dir="0" index="1" bw="10" slack="0"/>
<pin id="3625" dir="1" index="2" bw="0" slack="2147483647"/>
</pin_list>
<bind>
<opcode="store(28) " fcode="store"/>
<opset="store_ln0/14 "/>
</bind>
</comp>

<comp id="3627" class="1004" name="store_ln0_store_fu_3627">
<pin_list>
<pin id="3628" dir="0" index="0" bw="10" slack="11"/>
<pin id="3629" dir="0" index="1" bw="10" slack="0"/>
<pin id="3630" dir="1" index="2" bw="0" slack="2147483647"/>
</pin_list>
<bind>
<opcode="store(28) " fcode="store"/>
<opset="store_ln0/14 "/>
</bind>
</comp>

<comp id="3632" class="1004" name="store_ln0_store_fu_3632">
<pin_list>
<pin id="3633" dir="0" index="0" bw="10" slack="11"/>
<pin id="3634" dir="0" index="1" bw="10" slack="0"/>
<pin id="3635" dir="1" index="2" bw="0" slack="2147483647"/>
</pin_list>
<bind>
<opcode="store(28) " fcode="store"/>
<opset="store_ln0/14 "/>
</bind>
</comp>

<comp id="3637" class="1004" name="store_ln0_store_fu_3637">
<pin_list>
<pin id="3638" dir="0" index="0" bw="10" slack="11"/>
<pin id="3639" dir="0" index="1" bw="10" slack="0"/>
<pin id="3640" dir="1" index="2" bw="0" slack="2147483647"/>
</pin_list>
<bind>
<opcode="store(28) " fcode="store"/>
<opset="store_ln0/14 "/>
</bind>
</comp>

<comp id="3642" class="1004" name="store_ln0_store_fu_3642">
<pin_list>
<pin id="3643" dir="0" index="0" bw="10" slack="11"/>
<pin id="3644" dir="0" index="1" bw="10" slack="0"/>
<pin id="3645" dir="1" index="2" bw="0" slack="2147483647"/>
</pin_list>
<bind>
<opcode="store(28) " fcode="store"/>
<opset="store_ln0/14 "/>
</bind>
</comp>

<comp id="3647" class="1004" name="store_ln0_store_fu_3647">
<pin_list>
<pin id="3648" dir="0" index="0" bw="10" slack="11"/>
<pin id="3649" dir="0" index="1" bw="10" slack="0"/>
<pin id="3650" dir="1" index="2" bw="0" slack="2147483647"/>
</pin_list>
<bind>
<opcode="store(28) " fcode="store"/>
<opset="store_ln0/14 "/>
</bind>
</comp>

<comp id="3652" class="1004" name="store_ln0_store_fu_3652">
<pin_list>
<pin id="3653" dir="0" index="0" bw="10" slack="11"/>
<pin id="3654" dir="0" index="1" bw="10" slack="0"/>
<pin id="3655" dir="1" index="2" bw="0" slack="2147483647"/>
</pin_list>
<bind>
<opcode="store(28) " fcode="store"/>
<opset="store_ln0/14 "/>
</bind>
</comp>

<comp id="3657" class="1004" name="store_ln0_store_fu_3657">
<pin_list>
<pin id="3658" dir="0" index="0" bw="10" slack="11"/>
<pin id="3659" dir="0" index="1" bw="10" slack="0"/>
<pin id="3660" dir="1" index="2" bw="0" slack="2147483647"/>
</pin_list>
<bind>
<opcode="store(28) " fcode="store"/>
<opset="store_ln0/14 "/>
</bind>
</comp>

<comp id="3662" class="1007" name="grp_fu_3662">
<pin_list>
<pin id="3663" dir="0" index="0" bw="14" slack="0"/>
<pin id="3664" dir="0" index="1" bw="10" slack="0"/>
<pin id="3665" dir="0" index="2" bw="24" slack="0"/>
<pin id="3666" dir="1" index="3" bw="25" slack="0"/>
</pin_list>
<bind>
<opcode="muladd(1172) " fcode="muladd"/>
<opset="mul_ln504/10 sext_ln504/12 add_ln504_1/12 "/>
</bind>
</comp>

<comp id="3671" class="1007" name="grp_fu_3671">
<pin_list>
<pin id="3672" dir="0" index="0" bw="14" slack="0"/>
<pin id="3673" dir="0" index="1" bw="10" slack="0"/>
<pin id="3674" dir="0" index="2" bw="24" slack="0"/>
<pin id="3675" dir="1" index="3" bw="25" slack="0"/>
</pin_list>
<bind>
<opcode="muladd(1172) " fcode="muladd"/>
<opset="mul_ln504_2/10 sext_ln504_2/12 add_ln504/12 "/>
</bind>
</comp>

<comp id="3680" class="1005" name="x_reg_3680">
<pin_list>
<pin id="3681" dir="0" index="0" bw="17" slack="0"/>
<pin id="3682" dir="1" index="1" bw="17" slack="0"/>
</pin_list>
<bind>
<opset="x "/>
</bind>
</comp>

<comp id="3687" class="1005" name="empty_133_reg_3687">
<pin_list>
<pin id="3688" dir="0" index="0" bw="10" slack="0"/>
<pin id="3689" dir="1" index="1" bw="10" slack="0"/>
</pin_list>
<bind>
<opset="empty_133 "/>
</bind>
</comp>

<comp id="3695" class="1005" name="empty_134_reg_3695">
<pin_list>
<pin id="3696" dir="0" index="0" bw="10" slack="0"/>
<pin id="3697" dir="1" index="1" bw="10" slack="0"/>
</pin_list>
<bind>
<opset="empty_134 "/>
</bind>
</comp>

<comp id="3703" class="1005" name="empty_135_reg_3703">
<pin_list>
<pin id="3704" dir="0" index="0" bw="10" slack="0"/>
<pin id="3705" dir="1" index="1" bw="10" slack="0"/>
</pin_list>
<bind>
<opset="empty_135 "/>
</bind>
</comp>

<comp id="3711" class="1005" name="empty_136_reg_3711">
<pin_list>
<pin id="3712" dir="0" index="0" bw="10" slack="0"/>
<pin id="3713" dir="1" index="1" bw="10" slack="0"/>
</pin_list>
<bind>
<opset="empty_136 "/>
</bind>
</comp>

<comp id="3719" class="1005" name="empty_137_reg_3719">
<pin_list>
<pin id="3720" dir="0" index="0" bw="10" slack="0"/>
<pin id="3721" dir="1" index="1" bw="10" slack="0"/>
</pin_list>
<bind>
<opset="empty_137 "/>
</bind>
</comp>

<comp id="3727" class="1005" name="empty_138_reg_3727">
<pin_list>
<pin id="3728" dir="0" index="0" bw="10" slack="0"/>
<pin id="3729" dir="1" index="1" bw="10" slack="0"/>
</pin_list>
<bind>
<opset="empty_138 "/>
</bind>
</comp>

<comp id="3734" class="1005" name="empty_139_reg_3734">
<pin_list>
<pin id="3735" dir="0" index="0" bw="10" slack="0"/>
<pin id="3736" dir="1" index="1" bw="10" slack="0"/>
</pin_list>
<bind>
<opset="empty_139 "/>
</bind>
</comp>

<comp id="3741" class="1005" name="empty_140_reg_3741">
<pin_list>
<pin id="3742" dir="0" index="0" bw="10" slack="0"/>
<pin id="3743" dir="1" index="1" bw="10" slack="0"/>
</pin_list>
<bind>
<opset="empty_140 "/>
</bind>
</comp>

<comp id="3748" class="1005" name="empty_141_reg_3748">
<pin_list>
<pin id="3749" dir="0" index="0" bw="10" slack="0"/>
<pin id="3750" dir="1" index="1" bw="10" slack="0"/>
</pin_list>
<bind>
<opset="empty_141 "/>
</bind>
</comp>

<comp id="3755" class="1005" name="empty_142_reg_3755">
<pin_list>
<pin id="3756" dir="0" index="0" bw="10" slack="0"/>
<pin id="3757" dir="1" index="1" bw="10" slack="0"/>
</pin_list>
<bind>
<opset="empty_142 "/>
</bind>
</comp>

<comp id="3762" class="1005" name="empty_143_reg_3762">
<pin_list>
<pin id="3763" dir="0" index="0" bw="10" slack="0"/>
<pin id="3764" dir="1" index="1" bw="10" slack="0"/>
</pin_list>
<bind>
<opset="empty_143 "/>
</bind>
</comp>

<comp id="3769" class="1005" name="empty_144_reg_3769">
<pin_list>
<pin id="3770" dir="0" index="0" bw="10" slack="0"/>
<pin id="3771" dir="1" index="1" bw="10" slack="0"/>
</pin_list>
<bind>
<opset="empty_144 "/>
</bind>
</comp>

<comp id="3776" class="1005" name="empty_145_reg_3776">
<pin_list>
<pin id="3777" dir="0" index="0" bw="10" slack="0"/>
<pin id="3778" dir="1" index="1" bw="10" slack="0"/>
</pin_list>
<bind>
<opset="empty_145 "/>
</bind>
</comp>

<comp id="3783" class="1005" name="empty_146_reg_3783">
<pin_list>
<pin id="3784" dir="0" index="0" bw="10" slack="0"/>
<pin id="3785" dir="1" index="1" bw="10" slack="0"/>
</pin_list>
<bind>
<opset="empty_146 "/>
</bind>
</comp>

<comp id="3790" class="1005" name="empty_147_reg_3790">
<pin_list>
<pin id="3791" dir="0" index="0" bw="10" slack="0"/>
<pin id="3792" dir="1" index="1" bw="10" slack="0"/>
</pin_list>
<bind>
<opset="empty_147 "/>
</bind>
</comp>

<comp id="3797" class="1005" name="empty_148_reg_3797">
<pin_list>
<pin id="3798" dir="0" index="0" bw="10" slack="0"/>
<pin id="3799" dir="1" index="1" bw="10" slack="0"/>
</pin_list>
<bind>
<opset="empty_148 "/>
</bind>
</comp>

<comp id="3804" class="1005" name="empty_149_reg_3804">
<pin_list>
<pin id="3805" dir="0" index="0" bw="10" slack="0"/>
<pin id="3806" dir="1" index="1" bw="10" slack="0"/>
</pin_list>
<bind>
<opset="empty_149 "/>
</bind>
</comp>

<comp id="3811" class="1005" name="empty_150_reg_3811">
<pin_list>
<pin id="3812" dir="0" index="0" bw="10" slack="0"/>
<pin id="3813" dir="1" index="1" bw="10" slack="0"/>
</pin_list>
<bind>
<opset="empty_150 "/>
</bind>
</comp>

<comp id="3818" class="1005" name="empty_151_reg_3818">
<pin_list>
<pin id="3819" dir="0" index="0" bw="10" slack="0"/>
<pin id="3820" dir="1" index="1" bw="10" slack="0"/>
</pin_list>
<bind>
<opset="empty_151 "/>
</bind>
</comp>

<comp id="3825" class="1005" name="empty_152_reg_3825">
<pin_list>
<pin id="3826" dir="0" index="0" bw="10" slack="0"/>
<pin id="3827" dir="1" index="1" bw="10" slack="0"/>
</pin_list>
<bind>
<opset="empty_152 "/>
</bind>
</comp>

<comp id="3832" class="1005" name="icmp_ln346_reg_3832">
<pin_list>
<pin id="3833" dir="0" index="0" bw="1" slack="1"/>
<pin id="3834" dir="1" index="1" bw="1" slack="2147483647"/>
</pin_list>
<bind>
<opset="icmp_ln346 "/>
</bind>
</comp>

<comp id="3836" class="1005" name="icmp_ln403_reg_3836">
<pin_list>
<pin id="3837" dir="0" index="0" bw="1" slack="2"/>
<pin id="3838" dir="1" index="1" bw="1" slack="2"/>
</pin_list>
<bind>
<opset="icmp_ln403 "/>
</bind>
</comp>

<comp id="3843" class="1005" name="icmp_ln506_reg_3843">
<pin_list>
<pin id="3844" dir="0" index="0" bw="1" slack="14"/>
<pin id="3845" dir="1" index="1" bw="1" slack="14"/>
</pin_list>
<bind>
<opset="icmp_ln506 "/>
</bind>
</comp>

<comp id="3849" class="1005" name="icmp_ln318_reg_3849">
<pin_list>
<pin id="3850" dir="0" index="0" bw="1" slack="1"/>
<pin id="3851" dir="1" index="1" bw="1" slack="2147483647"/>
</pin_list>
<bind>
<opset="icmp_ln318 "/>
</bind>
</comp>

<comp id="3853" class="1005" name="icmp_ln328_reg_3853">
<pin_list>
<pin id="3854" dir="0" index="0" bw="1" slack="1"/>
<pin id="3855" dir="1" index="1" bw="1" slack="2147483647"/>
</pin_list>
<bind>
<opset="icmp_ln328 "/>
</bind>
</comp>

<comp id="3857" class="1005" name="linebuf_yuv_addr_reg_3857">
<pin_list>
<pin id="3858" dir="0" index="0" bw="11" slack="1"/>
<pin id="3859" dir="1" index="1" bw="11" slack="1"/>
</pin_list>
<bind>
<opset="linebuf_yuv_addr "/>
</bind>
</comp>

<comp id="3863" class="1005" name="linebuf_yuv_1_addr_reg_3863">
<pin_list>
<pin id="3864" dir="0" index="0" bw="11" slack="1"/>
<pin id="3865" dir="1" index="1" bw="11" slack="1"/>
</pin_list>
<bind>
<opset="linebuf_yuv_1_addr "/>
</bind>
</comp>

<comp id="3869" class="1005" name="linebuf_yuv_2_addr_reg_3869">
<pin_list>
<pin id="3870" dir="0" index="0" bw="11" slack="1"/>
<pin id="3871" dir="1" index="1" bw="11" slack="1"/>
</pin_list>
<bind>
<opset="linebuf_yuv_2_addr "/>
</bind>
</comp>

<comp id="3875" class="1005" name="linebuf_yuv_3_addr_reg_3875">
<pin_list>
<pin id="3876" dir="0" index="0" bw="11" slack="1"/>
<pin id="3877" dir="1" index="1" bw="11" slack="1"/>
</pin_list>
<bind>
<opset="linebuf_yuv_3_addr "/>
</bind>
</comp>

<comp id="3881" class="1005" name="icmp_ln387_reg_3881">
<pin_list>
<pin id="3882" dir="0" index="0" bw="1" slack="2"/>
<pin id="3883" dir="1" index="1" bw="1" slack="2"/>
</pin_list>
<bind>
<opset="icmp_ln387 "/>
</bind>
</comp>

<comp id="3905" class="1005" name="icmp_ln439_reg_3905">
<pin_list>
<pin id="3906" dir="0" index="0" bw="1" slack="2"/>
<pin id="3907" dir="1" index="1" bw="1" slack="13"/>
</pin_list>
<bind>
<opset="icmp_ln439 "/>
</bind>
</comp>

<comp id="3912" class="1005" name="tmp_52_reg_3912">
<pin_list>
<pin id="3913" dir="0" index="0" bw="1" slack="14"/>
<pin id="3914" dir="1" index="1" bw="1" slack="2147483647"/>
</pin_list>
<bind>
<opset="tmp_52 "/>
</bind>
</comp>

<comp id="3916" class="1005" name="p_load220_reg_3916">
<pin_list>
<pin id="3917" dir="0" index="0" bw="10" slack="1"/>
<pin id="3918" dir="1" index="1" bw="10" slack="1"/>
</pin_list>
<bind>
<opset="p_load220 "/>
</bind>
</comp>

<comp id="3923" class="1005" name="p_load218_reg_3923">
<pin_list>
<pin id="3924" dir="0" index="0" bw="10" slack="1"/>
<pin id="3925" dir="1" index="1" bw="10" slack="1"/>
</pin_list>
<bind>
<opset="p_load218 "/>
</bind>
</comp>

<comp id="3930" class="1005" name="p_load216_reg_3930">
<pin_list>
<pin id="3931" dir="0" index="0" bw="10" slack="1"/>
<pin id="3932" dir="1" index="1" bw="10" slack="1"/>
</pin_list>
<bind>
<opset="p_load216 "/>
</bind>
</comp>

<comp id="3937" class="1005" name="p_load214_reg_3937">
<pin_list>
<pin id="3938" dir="0" index="0" bw="10" slack="1"/>
<pin id="3939" dir="1" index="1" bw="10" slack="1"/>
</pin_list>
<bind>
<opset="p_load214 "/>
</bind>
</comp>

<comp id="3944" class="1005" name="p_load212_reg_3944">
<pin_list>
<pin id="3945" dir="0" index="0" bw="10" slack="1"/>
<pin id="3946" dir="1" index="1" bw="10" slack="1"/>
</pin_list>
<bind>
<opset="p_load212 "/>
</bind>
</comp>

<comp id="3951" class="1005" name="LineBufVal_reg_3951">
<pin_list>
<pin id="3952" dir="0" index="0" bw="10" slack="1"/>
<pin id="3953" dir="1" index="1" bw="10" slack="1"/>
</pin_list>
<bind>
<opset="LineBufVal "/>
</bind>
</comp>

<comp id="3960" class="1005" name="LineBufVal_5_reg_3960">
<pin_list>
<pin id="3961" dir="0" index="0" bw="10" slack="1"/>
<pin id="3962" dir="1" index="1" bw="10" slack="1"/>
</pin_list>
<bind>
<opset="LineBufVal_5 "/>
</bind>
</comp>

<comp id="3969" class="1005" name="LineBufVal_6_reg_3969">
<pin_list>
<pin id="3970" dir="0" index="0" bw="10" slack="1"/>
<pin id="3971" dir="1" index="1" bw="10" slack="1"/>
</pin_list>
<bind>
<opset="LineBufVal_6 "/>
</bind>
</comp>

<comp id="3978" class="1005" name="LineBufVal_7_reg_3978">
<pin_list>
<pin id="3979" dir="0" index="0" bw="10" slack="1"/>
<pin id="3980" dir="1" index="1" bw="10" slack="1"/>
</pin_list>
<bind>
<opset="LineBufVal_7 "/>
</bind>
</comp>

<comp id="3986" class="1005" name="p_load211_reg_3986">
<pin_list>
<pin id="3987" dir="0" index="0" bw="10" slack="11"/>
<pin id="3988" dir="1" index="1" bw="10" slack="11"/>
</pin_list>
<bind>
<opset="p_load211 "/>
</bind>
</comp>

<comp id="3991" class="1005" name="p_load210_reg_3991">
<pin_list>
<pin id="3992" dir="0" index="0" bw="10" slack="11"/>
<pin id="3993" dir="1" index="1" bw="10" slack="11"/>
</pin_list>
<bind>
<opset="p_load210 "/>
</bind>
</comp>

<comp id="3996" class="1005" name="p_load209_reg_3996">
<pin_list>
<pin id="3997" dir="0" index="0" bw="10" slack="11"/>
<pin id="3998" dir="1" index="1" bw="10" slack="11"/>
</pin_list>
<bind>
<opset="p_load209 "/>
</bind>
</comp>

<comp id="4001" class="1005" name="p_load208_reg_4001">
<pin_list>
<pin id="4002" dir="0" index="0" bw="10" slack="11"/>
<pin id="4003" dir="1" index="1" bw="10" slack="11"/>
</pin_list>
<bind>
<opset="p_load208 "/>
</bind>
</comp>

<comp id="4006" class="1005" name="p_load207_reg_4006">
<pin_list>
<pin id="4007" dir="0" index="0" bw="10" slack="11"/>
<pin id="4008" dir="1" index="1" bw="10" slack="11"/>
</pin_list>
<bind>
<opset="p_load207 "/>
</bind>
</comp>

<comp id="4011" class="1005" name="p_load206_reg_4011">
<pin_list>
<pin id="4012" dir="0" index="0" bw="10" slack="11"/>
<pin id="4013" dir="1" index="1" bw="10" slack="11"/>
</pin_list>
<bind>
<opset="p_load206 "/>
</bind>
</comp>

<comp id="4016" class="1005" name="p_load205_reg_4016">
<pin_list>
<pin id="4017" dir="0" index="0" bw="10" slack="11"/>
<pin id="4018" dir="1" index="1" bw="10" slack="11"/>
</pin_list>
<bind>
<opset="p_load205 "/>
</bind>
</comp>

<comp id="4021" class="1005" name="p_load204_reg_4021">
<pin_list>
<pin id="4022" dir="0" index="0" bw="10" slack="11"/>
<pin id="4023" dir="1" index="1" bw="10" slack="11"/>
</pin_list>
<bind>
<opset="p_load204 "/>
</bind>
</comp>

<comp id="4026" class="1005" name="p_load203_reg_4026">
<pin_list>
<pin id="4027" dir="0" index="0" bw="10" slack="11"/>
<pin id="4028" dir="1" index="1" bw="10" slack="11"/>
</pin_list>
<bind>
<opset="p_load203 "/>
</bind>
</comp>

<comp id="4031" class="1005" name="p_load202_reg_4031">
<pin_list>
<pin id="4032" dir="0" index="0" bw="10" slack="11"/>
<pin id="4033" dir="1" index="1" bw="10" slack="11"/>
</pin_list>
<bind>
<opset="p_load202 "/>
</bind>
</comp>

<comp id="4036" class="1005" name="p_load201_reg_4036">
<pin_list>
<pin id="4037" dir="0" index="0" bw="10" slack="11"/>
<pin id="4038" dir="1" index="1" bw="10" slack="11"/>
</pin_list>
<bind>
<opset="p_load201 "/>
</bind>
</comp>

<comp id="4041" class="1005" name="p_load200_reg_4041">
<pin_list>
<pin id="4042" dir="0" index="0" bw="10" slack="11"/>
<pin id="4043" dir="1" index="1" bw="10" slack="11"/>
</pin_list>
<bind>
<opset="p_load200 "/>
</bind>
</comp>

<comp id="4046" class="1005" name="p_load199_reg_4046">
<pin_list>
<pin id="4047" dir="0" index="0" bw="10" slack="11"/>
<pin id="4048" dir="1" index="1" bw="10" slack="11"/>
</pin_list>
<bind>
<opset="p_load199 "/>
</bind>
</comp>

<comp id="4051" class="1005" name="p_load198_reg_4051">
<pin_list>
<pin id="4052" dir="0" index="0" bw="10" slack="11"/>
<pin id="4053" dir="1" index="1" bw="10" slack="11"/>
</pin_list>
<bind>
<opset="p_load198 "/>
</bind>
</comp>

<comp id="4056" class="1005" name="p_load_reg_4056">
<pin_list>
<pin id="4057" dir="0" index="0" bw="10" slack="11"/>
<pin id="4058" dir="1" index="1" bw="10" slack="11"/>
</pin_list>
<bind>
<opset="p_load "/>
</bind>
</comp>

<comp id="4061" class="1005" name="zext_ln450_1_reg_4061">
<pin_list>
<pin id="4062" dir="0" index="0" bw="11" slack="1"/>
<pin id="4063" dir="1" index="1" bw="11" slack="1"/>
</pin_list>
<bind>
<opset="zext_ln450_1 "/>
</bind>
</comp>

<comp id="4066" class="1005" name="zext_ln450_3_reg_4066">
<pin_list>
<pin id="4067" dir="0" index="0" bw="11" slack="1"/>
<pin id="4068" dir="1" index="1" bw="11" slack="1"/>
</pin_list>
<bind>
<opset="zext_ln450_3 "/>
</bind>
</comp>

<comp id="4074" class="1005" name="K_reg_4074">
<pin_list>
<pin id="4075" dir="0" index="0" bw="12" slack="1"/>
<pin id="4076" dir="1" index="1" bw="12" slack="1"/>
</pin_list>
<bind>
<opset="K "/>
</bind>
</comp>

<comp id="4079" class="1005" name="K_1_reg_4079">
<pin_list>
<pin id="4080" dir="0" index="0" bw="12" slack="1"/>
<pin id="4081" dir="1" index="1" bw="12" slack="1"/>
</pin_list>
<bind>
<opset="K_1 "/>
</bind>
</comp>

<comp id="4084" class="1005" name="zext_ln452_1_reg_4084">
<pin_list>
<pin id="4085" dir="0" index="0" bw="11" slack="1"/>
<pin id="4086" dir="1" index="1" bw="11" slack="1"/>
</pin_list>
<bind>
<opset="zext_ln452_1 "/>
</bind>
</comp>

<comp id="4089" class="1005" name="K_2_reg_4089">
<pin_list>
<pin id="4090" dir="0" index="0" bw="12" slack="1"/>
<pin id="4091" dir="1" index="1" bw="12" slack="1"/>
</pin_list>
<bind>
<opset="K_2 "/>
</bind>
</comp>

<comp id="4094" class="1005" name="K_3_reg_4094">
<pin_list>
<pin id="4095" dir="0" index="0" bw="12" slack="1"/>
<pin id="4096" dir="1" index="1" bw="12" slack="1"/>
</pin_list>
<bind>
<opset="K_3 "/>
</bind>
</comp>

<comp id="4099" class="1005" name="K_4_reg_4099">
<pin_list>
<pin id="4100" dir="0" index="0" bw="12" slack="1"/>
<pin id="4101" dir="1" index="1" bw="12" slack="1"/>
</pin_list>
<bind>
<opset="K_4 "/>
</bind>
</comp>

<comp id="4104" class="1005" name="zext_ln455_2_reg_4104">
<pin_list>
<pin id="4105" dir="0" index="0" bw="11" slack="1"/>
<pin id="4106" dir="1" index="1" bw="11" slack="1"/>
</pin_list>
<bind>
<opset="zext_ln455_2 "/>
</bind>
</comp>

<comp id="4109" class="1005" name="K_5_reg_4109">
<pin_list>
<pin id="4110" dir="0" index="0" bw="12" slack="1"/>
<pin id="4111" dir="1" index="1" bw="12" slack="1"/>
</pin_list>
<bind>
<opset="K_5 "/>
</bind>
</comp>

<comp id="4114" class="1005" name="K_6_reg_4114">
<pin_list>
<pin id="4115" dir="0" index="0" bw="12" slack="1"/>
<pin id="4116" dir="1" index="1" bw="12" slack="1"/>
</pin_list>
<bind>
<opset="K_6 "/>
</bind>
</comp>

<comp id="4119" class="1005" name="K_7_reg_4119">
<pin_list>
<pin id="4120" dir="0" index="0" bw="12" slack="1"/>
<pin id="4121" dir="1" index="1" bw="12" slack="1"/>
</pin_list>
<bind>
<opset="K_7 "/>
</bind>
</comp>

<comp id="4124" class="1005" name="zext_ln458_1_reg_4124">
<pin_list>
<pin id="4125" dir="0" index="0" bw="11" slack="1"/>
<pin id="4126" dir="1" index="1" bw="11" slack="1"/>
</pin_list>
<bind>
<opset="zext_ln458_1 "/>
</bind>
</comp>

<comp id="4129" class="1005" name="K_8_reg_4129">
<pin_list>
<pin id="4130" dir="0" index="0" bw="12" slack="1"/>
<pin id="4131" dir="1" index="1" bw="12" slack="1"/>
</pin_list>
<bind>
<opset="K_8 "/>
</bind>
</comp>

<comp id="4134" class="1005" name="K_9_reg_4134">
<pin_list>
<pin id="4135" dir="0" index="0" bw="12" slack="1"/>
<pin id="4136" dir="1" index="1" bw="12" slack="1"/>
</pin_list>
<bind>
<opset="K_9 "/>
</bind>
</comp>

<comp id="4139" class="1005" name="K_10_reg_4139">
<pin_list>
<pin id="4140" dir="0" index="0" bw="12" slack="1"/>
<pin id="4141" dir="1" index="1" bw="12" slack="1"/>
</pin_list>
<bind>
<opset="K_10 "/>
</bind>
</comp>

<comp id="4144" class="1005" name="K_11_reg_4144">
<pin_list>
<pin id="4145" dir="0" index="0" bw="12" slack="1"/>
<pin id="4146" dir="1" index="1" bw="12" slack="1"/>
</pin_list>
<bind>
<opset="K_11 "/>
</bind>
</comp>

<comp id="4149" class="1005" name="sext_ln465_reg_4149">
<pin_list>
<pin id="4150" dir="0" index="0" bw="13" slack="1"/>
<pin id="4151" dir="1" index="1" bw="13" slack="1"/>
</pin_list>
<bind>
<opset="sext_ln465 "/>
</bind>
</comp>

<comp id="4154" class="1005" name="sext_ln465_1_reg_4154">
<pin_list>
<pin id="4155" dir="0" index="0" bw="13" slack="1"/>
<pin id="4156" dir="1" index="1" bw="13" slack="1"/>
</pin_list>
<bind>
<opset="sext_ln465_1 "/>
</bind>
</comp>

<comp id="4160" class="1005" name="sext_ln465_2_reg_4160">
<pin_list>
<pin id="4161" dir="0" index="0" bw="13" slack="1"/>
<pin id="4162" dir="1" index="1" bw="13" slack="1"/>
</pin_list>
<bind>
<opset="sext_ln465_2 "/>
</bind>
</comp>

<comp id="4165" class="1005" name="sext_ln465_3_reg_4165">
<pin_list>
<pin id="4166" dir="0" index="0" bw="13" slack="1"/>
<pin id="4167" dir="1" index="1" bw="13" slack="1"/>
</pin_list>
<bind>
<opset="sext_ln465_3 "/>
</bind>
</comp>

<comp id="4171" class="1005" name="ave_reg_4171">
<pin_list>
<pin id="4172" dir="0" index="0" bw="14" slack="6"/>
<pin id="4173" dir="1" index="1" bw="14" slack="6"/>
</pin_list>
<bind>
<opset="ave "/>
</bind>
</comp>

<comp id="4176" class="1005" name="sext_ln466_reg_4176">
<pin_list>
<pin id="4177" dir="0" index="0" bw="13" slack="1"/>
<pin id="4178" dir="1" index="1" bw="13" slack="1"/>
</pin_list>
<bind>
<opset="sext_ln466 "/>
</bind>
</comp>

<comp id="4181" class="1005" name="sext_ln466_1_reg_4181">
<pin_list>
<pin id="4182" dir="0" index="0" bw="13" slack="1"/>
<pin id="4183" dir="1" index="1" bw="13" slack="1"/>
</pin_list>
<bind>
<opset="sext_ln466_1 "/>
</bind>
</comp>

<comp id="4187" class="1005" name="sext_ln466_2_reg_4187">
<pin_list>
<pin id="4188" dir="0" index="0" bw="13" slack="1"/>
<pin id="4189" dir="1" index="1" bw="13" slack="1"/>
</pin_list>
<bind>
<opset="sext_ln466_2 "/>
</bind>
</comp>

<comp id="4193" class="1005" name="sext_ln466_3_reg_4193">
<pin_list>
<pin id="4194" dir="0" index="0" bw="13" slack="1"/>
<pin id="4195" dir="1" index="1" bw="13" slack="1"/>
</pin_list>
<bind>
<opset="sext_ln466_3 "/>
</bind>
</comp>

<comp id="4198" class="1005" name="ave_1_reg_4198">
<pin_list>
<pin id="4199" dir="0" index="0" bw="14" slack="7"/>
<pin id="4200" dir="1" index="1" bw="14" slack="7"/>
</pin_list>
<bind>
<opset="ave_1 "/>
</bind>
</comp>

<comp id="4203" class="1005" name="sext_ln467_reg_4203">
<pin_list>
<pin id="4204" dir="0" index="0" bw="13" slack="1"/>
<pin id="4205" dir="1" index="1" bw="13" slack="1"/>
</pin_list>
<bind>
<opset="sext_ln467 "/>
</bind>
</comp>

<comp id="4208" class="1005" name="sext_ln467_1_reg_4208">
<pin_list>
<pin id="4209" dir="0" index="0" bw="13" slack="1"/>
<pin id="4210" dir="1" index="1" bw="13" slack="1"/>
</pin_list>
<bind>
<opset="sext_ln467_1 "/>
</bind>
</comp>

<comp id="4213" class="1005" name="ave_2_reg_4213">
<pin_list>
<pin id="4214" dir="0" index="0" bw="14" slack="7"/>
<pin id="4215" dir="1" index="1" bw="14" slack="7"/>
</pin_list>
<bind>
<opset="ave_2 "/>
</bind>
</comp>

<comp id="4218" class="1005" name="sext_ln468_reg_4218">
<pin_list>
<pin id="4219" dir="0" index="0" bw="13" slack="1"/>
<pin id="4220" dir="1" index="1" bw="13" slack="1"/>
</pin_list>
<bind>
<opset="sext_ln468 "/>
</bind>
</comp>

<comp id="4223" class="1005" name="sext_ln468_1_reg_4223">
<pin_list>
<pin id="4224" dir="0" index="0" bw="13" slack="1"/>
<pin id="4225" dir="1" index="1" bw="13" slack="1"/>
</pin_list>
<bind>
<opset="sext_ln468_1 "/>
</bind>
</comp>

<comp id="4228" class="1005" name="ave_3_reg_4228">
<pin_list>
<pin id="4229" dir="0" index="0" bw="14" slack="6"/>
<pin id="4230" dir="1" index="1" bw="14" slack="6"/>
</pin_list>
<bind>
<opset="ave_3 "/>
</bind>
</comp>

<comp id="4233" class="1005" name="mean_reg_4233">
<pin_list>
<pin id="4234" dir="0" index="0" bw="12" slack="1"/>
<pin id="4235" dir="1" index="1" bw="12" slack="1"/>
</pin_list>
<bind>
<opset="mean "/>
</bind>
</comp>

<comp id="4238" class="1005" name="mean_1_reg_4238">
<pin_list>
<pin id="4239" dir="0" index="0" bw="12" slack="1"/>
<pin id="4240" dir="1" index="1" bw="12" slack="1"/>
</pin_list>
<bind>
<opset="mean_1 "/>
</bind>
</comp>

<comp id="4243" class="1005" name="mean_2_reg_4243">
<pin_list>
<pin id="4244" dir="0" index="0" bw="12" slack="1"/>
<pin id="4245" dir="1" index="1" bw="12" slack="1"/>
</pin_list>
<bind>
<opset="mean_2 "/>
</bind>
</comp>

<comp id="4248" class="1005" name="mean_3_reg_4248">
<pin_list>
<pin id="4249" dir="0" index="0" bw="12" slack="1"/>
<pin id="4250" dir="1" index="1" bw="12" slack="1"/>
</pin_list>
<bind>
<opset="mean_3 "/>
</bind>
</comp>

<comp id="4253" class="1005" name="SD_reg_4253">
<pin_list>
<pin id="4254" dir="0" index="0" bw="10" slack="2"/>
<pin id="4255" dir="1" index="1" bw="10" slack="2"/>
</pin_list>
<bind>
<opset="SD "/>
</bind>
</comp>

<comp id="4258" class="1005" name="SD_1_reg_4258">
<pin_list>
<pin id="4259" dir="0" index="0" bw="10" slack="2"/>
<pin id="4260" dir="1" index="1" bw="10" slack="2"/>
</pin_list>
<bind>
<opset="SD_1 "/>
</bind>
</comp>

<comp id="4263" class="1005" name="var_reg_4263">
<pin_list>
<pin id="4264" dir="0" index="0" bw="13" slack="1"/>
<pin id="4265" dir="1" index="1" bw="13" slack="1"/>
</pin_list>
<bind>
<opset="var "/>
</bind>
</comp>

<comp id="4268" class="1005" name="var_1_reg_4268">
<pin_list>
<pin id="4269" dir="0" index="0" bw="13" slack="1"/>
<pin id="4270" dir="1" index="1" bw="13" slack="1"/>
</pin_list>
<bind>
<opset="var_1 "/>
</bind>
</comp>

<comp id="4273" class="1005" name="var_2_reg_4273">
<pin_list>
<pin id="4274" dir="0" index="0" bw="13" slack="1"/>
<pin id="4275" dir="1" index="1" bw="13" slack="1"/>
</pin_list>
<bind>
<opset="var_2 "/>
</bind>
</comp>

<comp id="4278" class="1005" name="var_3_reg_4278">
<pin_list>
<pin id="4279" dir="0" index="0" bw="13" slack="1"/>
<pin id="4280" dir="1" index="1" bw="13" slack="1"/>
</pin_list>
<bind>
<opset="var_3 "/>
</bind>
</comp>

<comp id="4283" class="1005" name="DIV1_TABLE_addr_reg_4283">
<pin_list>
<pin id="4284" dir="0" index="0" bw="10" slack="1"/>
<pin id="4285" dir="1" index="1" bw="10" slack="1"/>
</pin_list>
<bind>
<opset="DIV1_TABLE_addr "/>
</bind>
</comp>

<comp id="4288" class="1005" name="DIV1_TABLE_addr_1_reg_4288">
<pin_list>
<pin id="4289" dir="0" index="0" bw="10" slack="1"/>
<pin id="4290" dir="1" index="1" bw="10" slack="1"/>
</pin_list>
<bind>
<opset="DIV1_TABLE_addr_1 "/>
</bind>
</comp>

<comp id="4293" class="1005" name="DIV1_TABLE_addr_2_reg_4293">
<pin_list>
<pin id="4294" dir="0" index="0" bw="10" slack="1"/>
<pin id="4295" dir="1" index="1" bw="10" slack="1"/>
</pin_list>
<bind>
<opset="DIV1_TABLE_addr_2 "/>
</bind>
</comp>

<comp id="4298" class="1005" name="DIV1_TABLE_addr_3_reg_4298">
<pin_list>
<pin id="4299" dir="0" index="0" bw="10" slack="1"/>
<pin id="4300" dir="1" index="1" bw="10" slack="1"/>
</pin_list>
<bind>
<opset="DIV1_TABLE_addr_3 "/>
</bind>
</comp>

<comp id="4303" class="1005" name="sw_reg_4303">
<pin_list>
<pin id="4304" dir="0" index="0" bw="9" slack="1"/>
<pin id="4305" dir="1" index="1" bw="9" slack="1"/>
</pin_list>
<bind>
<opset="sw "/>
</bind>
</comp>

<comp id="4309" class="1005" name="lshr_ln1_reg_4309">
<pin_list>
<pin id="4310" dir="0" index="0" bw="8" slack="3"/>
<pin id="4311" dir="1" index="1" bw="8" slack="3"/>
</pin_list>
<bind>
<opset="lshr_ln1 "/>
</bind>
</comp>

<comp id="4314" class="1005" name="lshr_ln494_1_reg_4314">
<pin_list>
<pin id="4315" dir="0" index="0" bw="8" slack="3"/>
<pin id="4316" dir="1" index="1" bw="8" slack="3"/>
</pin_list>
<bind>
<opset="lshr_ln494_1 "/>
</bind>
</comp>

<comp id="4319" class="1005" name="lshr_ln494_2_reg_4319">
<pin_list>
<pin id="4320" dir="0" index="0" bw="9" slack="1"/>
<pin id="4321" dir="1" index="1" bw="9" slack="1"/>
</pin_list>
<bind>
<opset="lshr_ln494_2 "/>
</bind>
</comp>

<comp id="4325" class="1005" name="add_ln495_reg_4325">
<pin_list>
<pin id="4326" dir="0" index="0" bw="9" slack="1"/>
<pin id="4327" dir="1" index="1" bw="9" slack="1"/>
</pin_list>
<bind>
<opset="add_ln495 "/>
</bind>
</comp>

<comp id="4330" class="1005" name="DIV2_TABLE_addr_reg_4330">
<pin_list>
<pin id="4331" dir="0" index="0" bw="12" slack="1"/>
<pin id="4332" dir="1" index="1" bw="12" slack="1"/>
</pin_list>
<bind>
<opset="DIV2_TABLE_addr "/>
</bind>
</comp>

<comp id="4335" class="1005" name="norm_reg_4335">
<pin_list>
<pin id="4336" dir="0" index="0" bw="18" slack="1"/>
<pin id="4337" dir="1" index="1" bw="18" slack="1"/>
</pin_list>
<bind>
<opset="norm "/>
</bind>
</comp>

<comp id="4343" class="1005" name="sext_ln472_reg_4343">
<pin_list>
<pin id="4344" dir="0" index="0" bw="24" slack="1"/>
<pin id="4345" dir="1" index="1" bw="24" slack="1"/>
</pin_list>
<bind>
<opset="sext_ln472 "/>
</bind>
</comp>

<comp id="4348" class="1005" name="sext_ln472_3_reg_4348">
<pin_list>
<pin id="4349" dir="0" index="0" bw="24" slack="1"/>
<pin id="4350" dir="1" index="1" bw="24" slack="1"/>
</pin_list>
<bind>
<opset="sext_ln472_3 "/>
</bind>
</comp>

<comp id="4353" class="1005" name="lshr_ln501_1_reg_4353">
<pin_list>
<pin id="4354" dir="0" index="0" bw="10" slack="1"/>
<pin id="4355" dir="1" index="1" bw="10" slack="1"/>
</pin_list>
<bind>
<opset="lshr_ln501_1 "/>
</bind>
</comp>

<comp id="4358" class="1005" name="lshr_ln501_2_reg_4358">
<pin_list>
<pin id="4359" dir="0" index="0" bw="10" slack="1"/>
<pin id="4360" dir="1" index="1" bw="10" slack="1"/>
</pin_list>
<bind>
<opset="lshr_ln501_2 "/>
</bind>
</comp>

<comp id="4363" class="1005" name="zext_ln504_reg_4363">
<pin_list>
<pin id="4364" dir="0" index="0" bw="24" slack="1"/>
<pin id="4365" dir="1" index="1" bw="24" slack="1"/>
</pin_list>
<bind>
<opset="zext_ln504 "/>
</bind>
</comp>

<comp id="4368" class="1005" name="zext_ln504_2_reg_4368">
<pin_list>
<pin id="4369" dir="0" index="0" bw="24" slack="1"/>
<pin id="4370" dir="1" index="1" bw="24" slack="1"/>
</pin_list>
<bind>
<opset="zext_ln504_2 "/>
</bind>
</comp>

<comp id="4373" class="1005" name="mul_ln504_1_reg_4373">
<pin_list>
<pin id="4374" dir="0" index="0" bw="24" slack="1"/>
<pin id="4375" dir="1" index="1" bw="24" slack="1"/>
</pin_list>
<bind>
<opset="mul_ln504_1 "/>
</bind>
</comp>

<comp id="4378" class="1005" name="mul_ln504_3_reg_4378">
<pin_list>
<pin id="4379" dir="0" index="0" bw="24" slack="1"/>
<pin id="4380" dir="1" index="1" bw="24" slack="1"/>
</pin_list>
<bind>
<opset="mul_ln504_3 "/>
</bind>
</comp>

<comp id="4383" class="1005" name="sext_ln504_1_reg_4383">
<pin_list>
<pin id="4384" dir="0" index="0" bw="25" slack="1"/>
<pin id="4385" dir="1" index="1" bw="25" slack="1"/>
</pin_list>
<bind>
<opset="sext_ln504_1 "/>
</bind>
</comp>

<comp id="4388" class="1005" name="sext_ln504_3_reg_4388">
<pin_list>
<pin id="4389" dir="0" index="0" bw="25" slack="1"/>
<pin id="4390" dir="1" index="1" bw="25" slack="1"/>
</pin_list>
<bind>
<opset="sext_ln504_3 "/>
</bind>
</comp>

<comp id="4393" class="1005" name="add_ln504_2_reg_4393">
<pin_list>
<pin id="4394" dir="0" index="0" bw="26" slack="1"/>
<pin id="4395" dir="1" index="1" bw="26" slack="1"/>
</pin_list>
<bind>
<opset="add_ln504_2 "/>
</bind>
</comp>

<comp id="4399" class="1005" name="tmp_3_cast_reg_4399">
<pin_list>
<pin id="4400" dir="0" index="0" bw="13" slack="1"/>
<pin id="4401" dir="1" index="1" bw="13" slack="1"/>
</pin_list>
<bind>
<opset="tmp_3_cast "/>
</bind>
</comp>

<comp id="4404" class="1005" name="select_ln510_reg_4404">
<pin_list>
<pin id="4405" dir="0" index="0" bw="10" slack="1"/>
<pin id="4406" dir="1" index="1" bw="10" slack="1"/>
</pin_list>
<bind>
<opset="select_ln510 "/>
</bind>
</comp>

</comp_list>

<net_list>
<net id="237"><net_src comp="106" pin="0"/><net_sink comp="234" pin=0"/></net>

<net id="241"><net_src comp="106" pin="0"/><net_sink comp="238" pin=0"/></net>

<net id="245"><net_src comp="106" pin="0"/><net_sink comp="242" pin=0"/></net>

<net id="249"><net_src comp="106" pin="0"/><net_sink comp="246" pin=0"/></net>

<net id="253"><net_src comp="106" pin="0"/><net_sink comp="250" pin=0"/></net>

<net id="257"><net_src comp="106" pin="0"/><net_sink comp="254" pin=0"/></net>

<net id="261"><net_src comp="106" pin="0"/><net_sink comp="258" pin=0"/></net>

<net id="265"><net_src comp="106" pin="0"/><net_sink comp="262" pin=0"/></net>

<net id="269"><net_src comp="106" pin="0"/><net_sink comp="266" pin=0"/></net>

<net id="273"><net_src comp="106" pin="0"/><net_sink comp="270" pin=0"/></net>

<net id="277"><net_src comp="106" pin="0"/><net_sink comp="274" pin=0"/></net>

<net id="281"><net_src comp="106" pin="0"/><net_sink comp="278" pin=0"/></net>

<net id="285"><net_src comp="106" pin="0"/><net_sink comp="282" pin=0"/></net>

<net id="289"><net_src comp="106" pin="0"/><net_sink comp="286" pin=0"/></net>

<net id="293"><net_src comp="106" pin="0"/><net_sink comp="290" pin=0"/></net>

<net id="297"><net_src comp="106" pin="0"/><net_sink comp="294" pin=0"/></net>

<net id="301"><net_src comp="106" pin="0"/><net_sink comp="298" pin=0"/></net>

<net id="305"><net_src comp="106" pin="0"/><net_sink comp="302" pin=0"/></net>

<net id="309"><net_src comp="106" pin="0"/><net_sink comp="306" pin=0"/></net>

<net id="313"><net_src comp="106" pin="0"/><net_sink comp="310" pin=0"/></net>

<net id="317"><net_src comp="106" pin="0"/><net_sink comp="314" pin=0"/></net>

<net id="321"><net_src comp="128" pin="0"/><net_sink comp="318" pin=0"/></net>

<net id="325"><net_src comp="128" pin="0"/><net_sink comp="322" pin=0"/></net>

<net id="329"><net_src comp="128" pin="0"/><net_sink comp="326" pin=0"/></net>

<net id="333"><net_src comp="128" pin="0"/><net_sink comp="330" pin=0"/></net>

<net id="338"><net_src comp="118" pin="0"/><net_sink comp="334" pin=0"/></net>

<net id="339"><net_src comp="58" pin="0"/><net_sink comp="334" pin=1"/></net>

<net id="344"><net_src comp="120" pin="0"/><net_sink comp="340" pin=0"/></net>

<net id="345"><net_src comp="56" pin="0"/><net_sink comp="340" pin=1"/></net>

<net id="350"><net_src comp="122" pin="0"/><net_sink comp="346" pin=0"/></net>

<net id="351"><net_src comp="54" pin="0"/><net_sink comp="346" pin=1"/></net>

<net id="356"><net_src comp="118" pin="0"/><net_sink comp="352" pin=0"/></net>

<net id="357"><net_src comp="50" pin="0"/><net_sink comp="352" pin=1"/></net>

<net id="362"><net_src comp="120" pin="0"/><net_sink comp="358" pin=0"/></net>

<net id="363"><net_src comp="48" pin="0"/><net_sink comp="358" pin=1"/></net>

<net id="368"><net_src comp="122" pin="0"/><net_sink comp="364" pin=0"/></net>

<net id="369"><net_src comp="46" pin="0"/><net_sink comp="364" pin=1"/></net>

<net id="374"><net_src comp="124" pin="0"/><net_sink comp="370" pin=0"/></net>

<net id="375"><net_src comp="44" pin="0"/><net_sink comp="370" pin=1"/></net>

<net id="380"><net_src comp="118" pin="0"/><net_sink comp="376" pin=0"/></net>

<net id="381"><net_src comp="42" pin="0"/><net_sink comp="376" pin=1"/></net>

<net id="386"><net_src comp="124" pin="0"/><net_sink comp="382" pin=0"/></net>

<net id="387"><net_src comp="40" pin="0"/><net_sink comp="382" pin=1"/></net>

<net id="392"><net_src comp="126" pin="0"/><net_sink comp="388" pin=0"/></net>

<net id="393"><net_src comp="38" pin="0"/><net_sink comp="388" pin=1"/></net>

<net id="398"><net_src comp="126" pin="0"/><net_sink comp="394" pin=0"/></net>

<net id="399"><net_src comp="36" pin="0"/><net_sink comp="394" pin=1"/></net>

<net id="404"><net_src comp="126" pin="0"/><net_sink comp="400" pin=0"/></net>

<net id="405"><net_src comp="34" pin="0"/><net_sink comp="400" pin=1"/></net>

<net id="410"><net_src comp="126" pin="0"/><net_sink comp="406" pin=0"/></net>

<net id="411"><net_src comp="32" pin="0"/><net_sink comp="406" pin=1"/></net>

<net id="416"><net_src comp="126" pin="0"/><net_sink comp="412" pin=0"/></net>

<net id="417"><net_src comp="30" pin="0"/><net_sink comp="412" pin=1"/></net>

<net id="422"><net_src comp="126" pin="0"/><net_sink comp="418" pin=0"/></net>

<net id="423"><net_src comp="28" pin="0"/><net_sink comp="418" pin=1"/></net>

<net id="428"><net_src comp="126" pin="0"/><net_sink comp="424" pin=0"/></net>

<net id="429"><net_src comp="26" pin="0"/><net_sink comp="424" pin=1"/></net>

<net id="434"><net_src comp="126" pin="0"/><net_sink comp="430" pin=0"/></net>

<net id="435"><net_src comp="24" pin="0"/><net_sink comp="430" pin=1"/></net>

<net id="440"><net_src comp="126" pin="0"/><net_sink comp="436" pin=0"/></net>

<net id="441"><net_src comp="22" pin="0"/><net_sink comp="436" pin=1"/></net>

<net id="446"><net_src comp="126" pin="0"/><net_sink comp="442" pin=0"/></net>

<net id="447"><net_src comp="20" pin="0"/><net_sink comp="442" pin=1"/></net>

<net id="452"><net_src comp="126" pin="0"/><net_sink comp="448" pin=0"/></net>

<net id="453"><net_src comp="18" pin="0"/><net_sink comp="448" pin=1"/></net>

<net id="458"><net_src comp="126" pin="0"/><net_sink comp="454" pin=0"/></net>

<net id="459"><net_src comp="16" pin="0"/><net_sink comp="454" pin=1"/></net>

<net id="464"><net_src comp="126" pin="0"/><net_sink comp="460" pin=0"/></net>

<net id="465"><net_src comp="14" pin="0"/><net_sink comp="460" pin=1"/></net>

<net id="470"><net_src comp="126" pin="0"/><net_sink comp="466" pin=0"/></net>

<net id="471"><net_src comp="12" pin="0"/><net_sink comp="466" pin=1"/></net>

<net id="476"><net_src comp="126" pin="0"/><net_sink comp="472" pin=0"/></net>

<net id="477"><net_src comp="10" pin="0"/><net_sink comp="472" pin=1"/></net>

<net id="482"><net_src comp="126" pin="0"/><net_sink comp="478" pin=0"/></net>

<net id="483"><net_src comp="8" pin="0"/><net_sink comp="478" pin=1"/></net>

<net id="488"><net_src comp="126" pin="0"/><net_sink comp="484" pin=0"/></net>

<net id="489"><net_src comp="6" pin="0"/><net_sink comp="484" pin=1"/></net>

<net id="494"><net_src comp="126" pin="0"/><net_sink comp="490" pin=0"/></net>

<net id="495"><net_src comp="4" pin="0"/><net_sink comp="490" pin=1"/></net>

<net id="500"><net_src comp="126" pin="0"/><net_sink comp="496" pin=0"/></net>

<net id="501"><net_src comp="2" pin="0"/><net_sink comp="496" pin=1"/></net>

<net id="506"><net_src comp="126" pin="0"/><net_sink comp="502" pin=0"/></net>

<net id="507"><net_src comp="0" pin="0"/><net_sink comp="502" pin=1"/></net>

<net id="512"><net_src comp="156" pin="0"/><net_sink comp="508" pin=0"/></net>

<net id="513"><net_src comp="60" pin="0"/><net_sink comp="508" pin=1"/></net>

<net id="519"><net_src comp="232" pin="0"/><net_sink comp="514" pin=0"/></net>

<net id="520"><net_src comp="52" pin="0"/><net_sink comp="514" pin=1"/></net>

<net id="526"><net_src comp="330" pin="1"/><net_sink comp="521" pin=0"/></net>

<net id="527"><net_src comp="150" pin="0"/><net_sink comp="521" pin=1"/></net>

<net id="537"><net_src comp="521" pin="3"/><net_sink comp="528" pin=2"/></net>

<net id="543"><net_src comp="326" pin="1"/><net_sink comp="538" pin=0"/></net>

<net id="544"><net_src comp="150" pin="0"/><net_sink comp="538" pin=1"/></net>

<net id="554"><net_src comp="538" pin="3"/><net_sink comp="545" pin=2"/></net>

<net id="560"><net_src comp="322" pin="1"/><net_sink comp="555" pin=0"/></net>

<net id="561"><net_src comp="150" pin="0"/><net_sink comp="555" pin=1"/></net>

<net id="571"><net_src comp="555" pin="3"/><net_sink comp="562" pin=2"/></net>

<net id="577"><net_src comp="318" pin="1"/><net_sink comp="572" pin=0"/></net>

<net id="578"><net_src comp="150" pin="0"/><net_sink comp="572" pin=1"/></net>

<net id="588"><net_src comp="572" pin="3"/><net_sink comp="579" pin=2"/></net>

<net id="589"><net_src comp="508" pin="2"/><net_sink comp="528" pin=1"/></net>

<net id="595"><net_src comp="102" pin="0"/><net_sink comp="590" pin=0"/></net>

<net id="596"><net_src comp="150" pin="0"/><net_sink comp="590" pin=1"/></net>

<net id="614"><net_src comp="590" pin="3"/><net_sink comp="597" pin=8"/></net>

<net id="620"><net_src comp="102" pin="0"/><net_sink comp="615" pin=0"/></net>

<net id="621"><net_src comp="150" pin="0"/><net_sink comp="615" pin=1"/></net>

<net id="622"><net_src comp="615" pin="3"/><net_sink comp="597" pin=5"/></net>

<net id="628"><net_src comp="102" pin="0"/><net_sink comp="623" pin=0"/></net>

<net id="629"><net_src comp="150" pin="0"/><net_sink comp="623" pin=1"/></net>

<net id="630"><net_src comp="623" pin="3"/><net_sink comp="597" pin=2"/></net>

<net id="636"><net_src comp="102" pin="0"/><net_sink comp="631" pin=0"/></net>

<net id="637"><net_src comp="150" pin="0"/><net_sink comp="631" pin=1"/></net>

<net id="638"><net_src comp="631" pin="3"/><net_sink comp="597" pin=0"/></net>

<net id="644"><net_src comp="104" pin="0"/><net_sink comp="639" pin=0"/></net>

<net id="645"><net_src comp="150" pin="0"/><net_sink comp="639" pin=1"/></net>

<net id="651"><net_src comp="639" pin="3"/><net_sink comp="646" pin=0"/></net>

<net id="661"><net_src comp="508" pin="2"/><net_sink comp="655" pin=0"/></net>

<net id="662"><net_src comp="528" pin="7"/><net_sink comp="655" pin=2"/></net>

<net id="663"><net_src comp="655" pin="4"/><net_sink comp="652" pin=0"/></net>

<net id="754"><net_src comp="748" pin="4"/><net_sink comp="745" pin=0"/></net>

<net id="848"><net_src comp="382" pin="2"/><net_sink comp="845" pin=0"/></net>

<net id="853"><net_src comp="376" pin="2"/><net_sink comp="849" pin=0"/></net>

<net id="854"><net_src comp="845" pin="1"/><net_sink comp="849" pin=1"/></net>

<net id="859"><net_src comp="376" pin="2"/><net_sink comp="855" pin=0"/></net>

<net id="860"><net_src comp="130" pin="0"/><net_sink comp="855" pin=1"/></net>

<net id="864"><net_src comp="370" pin="2"/><net_sink comp="861" pin=0"/></net>

<net id="868"><net_src comp="364" pin="2"/><net_sink comp="865" pin=0"/></net>

<net id="873"><net_src comp="865" pin="1"/><net_sink comp="869" pin=0"/></net>

<net id="874"><net_src comp="358" pin="2"/><net_sink comp="869" pin=1"/></net>

<net id="879"><net_src comp="472" pin="2"/><net_sink comp="875" pin=0"/></net>

<net id="884"><net_src comp="466" pin="2"/><net_sink comp="880" pin=0"/></net>

<net id="889"><net_src comp="460" pin="2"/><net_sink comp="885" pin=0"/></net>

<net id="894"><net_src comp="454" pin="2"/><net_sink comp="890" pin=0"/></net>

<net id="899"><net_src comp="448" pin="2"/><net_sink comp="895" pin=0"/></net>

<net id="904"><net_src comp="442" pin="2"/><net_sink comp="900" pin=0"/></net>

<net id="909"><net_src comp="436" pin="2"/><net_sink comp="905" pin=0"/></net>

<net id="914"><net_src comp="430" pin="2"/><net_sink comp="910" pin=0"/></net>

<net id="919"><net_src comp="424" pin="2"/><net_sink comp="915" pin=0"/></net>

<net id="924"><net_src comp="418" pin="2"/><net_sink comp="920" pin=0"/></net>

<net id="929"><net_src comp="412" pin="2"/><net_sink comp="925" pin=0"/></net>

<net id="934"><net_src comp="406" pin="2"/><net_sink comp="930" pin=0"/></net>

<net id="939"><net_src comp="400" pin="2"/><net_sink comp="935" pin=0"/></net>

<net id="944"><net_src comp="394" pin="2"/><net_sink comp="940" pin=0"/></net>

<net id="949"><net_src comp="388" pin="2"/><net_sink comp="945" pin=0"/></net>

<net id="954"><net_src comp="502" pin="2"/><net_sink comp="950" pin=0"/></net>

<net id="959"><net_src comp="496" pin="2"/><net_sink comp="955" pin=0"/></net>

<net id="964"><net_src comp="490" pin="2"/><net_sink comp="960" pin=0"/></net>

<net id="969"><net_src comp="484" pin="2"/><net_sink comp="965" pin=0"/></net>

<net id="974"><net_src comp="478" pin="2"/><net_sink comp="970" pin=0"/></net>

<net id="979"><net_src comp="130" pin="0"/><net_sink comp="975" pin=0"/></net>

<net id="987"><net_src comp="980" pin="1"/><net_sink comp="983" pin=0"/></net>

<net id="988"><net_src comp="352" pin="2"/><net_sink comp="983" pin=1"/></net>

<net id="993"><net_src comp="980" pin="1"/><net_sink comp="989" pin=0"/></net>

<net id="994"><net_src comp="132" pin="0"/><net_sink comp="989" pin=1"/></net>

<net id="998"><net_src comp="989" pin="2"/><net_sink comp="995" pin=0"/></net>

<net id="999"><net_src comp="995" pin="1"/><net_sink comp="521" pin=2"/></net>

<net id="1000"><net_src comp="995" pin="1"/><net_sink comp="538" pin=2"/></net>

<net id="1001"><net_src comp="995" pin="1"/><net_sink comp="555" pin=2"/></net>

<net id="1002"><net_src comp="995" pin="1"/><net_sink comp="572" pin=2"/></net>

<net id="1007"><net_src comp="980" pin="1"/><net_sink comp="1003" pin=0"/></net>

<net id="1008"><net_src comp="148" pin="0"/><net_sink comp="1003" pin=1"/></net>

<net id="1012"><net_src comp="1003" pin="2"/><net_sink comp="1009" pin=0"/></net>

<net id="1017"><net_src comp="980" pin="1"/><net_sink comp="1013" pin=0"/></net>

<net id="1018"><net_src comp="861" pin="1"/><net_sink comp="1013" pin=1"/></net>

<net id="1023"><net_src comp="980" pin="1"/><net_sink comp="1019" pin=0"/></net>

<net id="1024"><net_src comp="130" pin="0"/><net_sink comp="1019" pin=1"/></net>

<net id="1029"><net_src comp="1009" pin="1"/><net_sink comp="1025" pin=0"/></net>

<net id="1030"><net_src comp="346" pin="2"/><net_sink comp="1025" pin=1"/></net>

<net id="1034"><net_src comp="1025" pin="2"/><net_sink comp="1031" pin=0"/></net>

<net id="1039"><net_src comp="340" pin="2"/><net_sink comp="1035" pin=0"/></net>

<net id="1040"><net_src comp="1031" pin="1"/><net_sink comp="1035" pin=1"/></net>

<net id="1045"><net_src comp="1003" pin="2"/><net_sink comp="1041" pin=0"/></net>

<net id="1046"><net_src comp="334" pin="2"/><net_sink comp="1041" pin=1"/></net>

<net id="1052"><net_src comp="152" pin="0"/><net_sink comp="1047" pin=0"/></net>

<net id="1053"><net_src comp="1041" pin="2"/><net_sink comp="1047" pin=1"/></net>

<net id="1054"><net_src comp="154" pin="0"/><net_sink comp="1047" pin=2"/></net>

<net id="1059"><net_src comp="989" pin="2"/><net_sink comp="1055" pin=0"/></net>

<net id="1079"><net_src comp="655" pin="4"/><net_sink comp="1075" pin=0"/></net>

<net id="1084"><net_src comp="528" pin="7"/><net_sink comp="1080" pin=0"/></net>

<net id="1089"><net_src comp="545" pin="7"/><net_sink comp="1085" pin=0"/></net>

<net id="1094"><net_src comp="562" pin="7"/><net_sink comp="1090" pin=0"/></net>

<net id="1099"><net_src comp="579" pin="7"/><net_sink comp="1095" pin=0"/></net>

<net id="1103"><net_src comp="1100" pin="1"/><net_sink comp="830" pin=2"/></net>

<net id="1107"><net_src comp="1104" pin="1"/><net_sink comp="839" pin=2"/></net>

<net id="1111"><net_src comp="1108" pin="1"/><net_sink comp="821" pin=2"/></net>

<net id="1115"><net_src comp="1112" pin="1"/><net_sink comp="794" pin=2"/></net>

<net id="1119"><net_src comp="1116" pin="1"/><net_sink comp="803" pin=2"/></net>

<net id="1123"><net_src comp="1120" pin="1"/><net_sink comp="785" pin=2"/></net>

<net id="1127"><net_src comp="1124" pin="1"/><net_sink comp="758" pin=2"/></net>

<net id="1131"><net_src comp="1128" pin="1"/><net_sink comp="767" pin=2"/></net>

<net id="1135"><net_src comp="1132" pin="1"/><net_sink comp="748" pin=2"/></net>

<net id="1139"><net_src comp="1136" pin="1"/><net_sink comp="721" pin=2"/></net>

<net id="1143"><net_src comp="1140" pin="1"/><net_sink comp="730" pin=2"/></net>

<net id="1147"><net_src comp="1144" pin="1"/><net_sink comp="712" pin=2"/></net>

<net id="1151"><net_src comp="1148" pin="1"/><net_sink comp="685" pin=2"/></net>

<net id="1155"><net_src comp="1152" pin="1"/><net_sink comp="694" pin=2"/></net>

<net id="1159"><net_src comp="1156" pin="1"/><net_sink comp="676" pin=2"/></net>

<net id="1165"><net_src comp="1160" pin="3"/><net_sink comp="776" pin=0"/></net>

<net id="1171"><net_src comp="1120" pin="1"/><net_sink comp="1166" pin=2"/></net>

<net id="1172"><net_src comp="1166" pin="3"/><net_sink comp="785" pin=0"/></net>

<net id="1178"><net_src comp="1112" pin="1"/><net_sink comp="1173" pin=2"/></net>

<net id="1179"><net_src comp="1173" pin="3"/><net_sink comp="794" pin=0"/></net>

<net id="1185"><net_src comp="1116" pin="1"/><net_sink comp="1180" pin=2"/></net>

<net id="1186"><net_src comp="1180" pin="3"/><net_sink comp="803" pin=0"/></net>

<net id="1192"><net_src comp="1187" pin="3"/><net_sink comp="812" pin=0"/></net>

<net id="1198"><net_src comp="1108" pin="1"/><net_sink comp="1193" pin=2"/></net>

<net id="1199"><net_src comp="1193" pin="3"/><net_sink comp="821" pin=0"/></net>

<net id="1205"><net_src comp="1100" pin="1"/><net_sink comp="1200" pin=2"/></net>

<net id="1206"><net_src comp="1200" pin="3"/><net_sink comp="830" pin=0"/></net>

<net id="1212"><net_src comp="1104" pin="1"/><net_sink comp="1207" pin=2"/></net>

<net id="1213"><net_src comp="1207" pin="3"/><net_sink comp="839" pin=0"/></net>

<net id="1219"><net_src comp="1214" pin="3"/><net_sink comp="703" pin=0"/></net>

<net id="1225"><net_src comp="1144" pin="1"/><net_sink comp="1220" pin=2"/></net>

<net id="1226"><net_src comp="1220" pin="3"/><net_sink comp="712" pin=0"/></net>

<net id="1232"><net_src comp="1136" pin="1"/><net_sink comp="1227" pin=2"/></net>

<net id="1233"><net_src comp="1227" pin="3"/><net_sink comp="721" pin=0"/></net>

<net id="1239"><net_src comp="1140" pin="1"/><net_sink comp="1234" pin=2"/></net>

<net id="1240"><net_src comp="1234" pin="3"/><net_sink comp="730" pin=0"/></net>

<net id="1246"><net_src comp="1241" pin="3"/><net_sink comp="739" pin=0"/></net>

<net id="1252"><net_src comp="1132" pin="1"/><net_sink comp="1247" pin=2"/></net>

<net id="1253"><net_src comp="1247" pin="3"/><net_sink comp="748" pin=0"/></net>

<net id="1259"><net_src comp="1124" pin="1"/><net_sink comp="1254" pin=2"/></net>

<net id="1260"><net_src comp="1254" pin="3"/><net_sink comp="758" pin=0"/></net>

<net id="1266"><net_src comp="1128" pin="1"/><net_sink comp="1261" pin=2"/></net>

<net id="1267"><net_src comp="1261" pin="3"/><net_sink comp="767" pin=0"/></net>

<net id="1273"><net_src comp="652" pin="1"/><net_sink comp="1268" pin=1"/></net>

<net id="1274"><net_src comp="1268" pin="3"/><net_sink comp="667" pin=0"/></net>

<net id="1280"><net_src comp="652" pin="1"/><net_sink comp="1275" pin=1"/></net>

<net id="1281"><net_src comp="1156" pin="1"/><net_sink comp="1275" pin=2"/></net>

<net id="1282"><net_src comp="1275" pin="3"/><net_sink comp="676" pin=0"/></net>

<net id="1288"><net_src comp="652" pin="1"/><net_sink comp="1283" pin=1"/></net>

<net id="1289"><net_src comp="1148" pin="1"/><net_sink comp="1283" pin=2"/></net>

<net id="1290"><net_src comp="1283" pin="3"/><net_sink comp="685" pin=0"/></net>

<net id="1296"><net_src comp="652" pin="1"/><net_sink comp="1291" pin=1"/></net>

<net id="1297"><net_src comp="1152" pin="1"/><net_sink comp="1291" pin=2"/></net>

<net id="1298"><net_src comp="1291" pin="3"/><net_sink comp="694" pin=0"/></net>

<net id="1304"><net_src comp="652" pin="1"/><net_sink comp="1299" pin=2"/></net>

<net id="1305"><net_src comp="1299" pin="3"/><net_sink comp="562" pin=1"/></net>

<net id="1311"><net_src comp="652" pin="1"/><net_sink comp="1306" pin=2"/></net>

<net id="1312"><net_src comp="1306" pin="3"/><net_sink comp="579" pin=1"/></net>

<net id="1318"><net_src comp="652" pin="1"/><net_sink comp="1313" pin=2"/></net>

<net id="1319"><net_src comp="1313" pin="3"/><net_sink comp="545" pin=1"/></net>

<net id="1340"><net_src comp="158" pin="0"/><net_sink comp="1335" pin=0"/></net>

<net id="1341"><net_src comp="785" pin="4"/><net_sink comp="1335" pin=1"/></net>

<net id="1342"><net_src comp="160" pin="0"/><net_sink comp="1335" pin=2"/></net>

<net id="1346"><net_src comp="1335" pin="3"/><net_sink comp="1343" pin=0"/></net>

<net id="1350"><net_src comp="821" pin="4"/><net_sink comp="1347" pin=0"/></net>

<net id="1354"><net_src comp="821" pin="4"/><net_sink comp="1351" pin=0"/></net>

<net id="1358"><net_src comp="748" pin="4"/><net_sink comp="1355" pin=0"/></net>

<net id="1362"><net_src comp="748" pin="4"/><net_sink comp="1359" pin=0"/></net>

<net id="1367"><net_src comp="1343" pin="1"/><net_sink comp="1363" pin=0"/></net>

<net id="1368"><net_src comp="1359" pin="1"/><net_sink comp="1363" pin=1"/></net>

<net id="1373"><net_src comp="1363" pin="2"/><net_sink comp="1369" pin=0"/></net>

<net id="1374"><net_src comp="1351" pin="1"/><net_sink comp="1369" pin=1"/></net>

<net id="1380"><net_src comp="158" pin="0"/><net_sink comp="1375" pin=0"/></net>

<net id="1381"><net_src comp="839" pin="4"/><net_sink comp="1375" pin=1"/></net>

<net id="1382"><net_src comp="160" pin="0"/><net_sink comp="1375" pin=2"/></net>

<net id="1386"><net_src comp="1375" pin="3"/><net_sink comp="1383" pin=0"/></net>

<net id="1390"><net_src comp="830" pin="4"/><net_sink comp="1387" pin=0"/></net>

<net id="1394"><net_src comp="830" pin="4"/><net_sink comp="1391" pin=0"/></net>

<net id="1399"><net_src comp="1391" pin="1"/><net_sink comp="1395" pin=0"/></net>

<net id="1400"><net_src comp="1347" pin="1"/><net_sink comp="1395" pin=1"/></net>

<net id="1404"><net_src comp="1395" pin="2"/><net_sink comp="1401" pin=0"/></net>

<net id="1409"><net_src comp="1383" pin="1"/><net_sink comp="1405" pin=0"/></net>

<net id="1410"><net_src comp="1401" pin="1"/><net_sink comp="1405" pin=1"/></net>

<net id="1416"><net_src comp="158" pin="0"/><net_sink comp="1411" pin=0"/></net>

<net id="1417"><net_src comp="794" pin="4"/><net_sink comp="1411" pin=1"/></net>

<net id="1418"><net_src comp="160" pin="0"/><net_sink comp="1411" pin=2"/></net>

<net id="1422"><net_src comp="1411" pin="3"/><net_sink comp="1419" pin=0"/></net>

<net id="1426"><net_src comp="758" pin="4"/><net_sink comp="1423" pin=0"/></net>

<net id="1430"><net_src comp="758" pin="4"/><net_sink comp="1427" pin=0"/></net>

<net id="1435"><net_src comp="1419" pin="1"/><net_sink comp="1431" pin=0"/></net>

<net id="1436"><net_src comp="1427" pin="1"/><net_sink comp="1431" pin=1"/></net>

<net id="1441"><net_src comp="1431" pin="2"/><net_sink comp="1437" pin=0"/></net>

<net id="1442"><net_src comp="1387" pin="1"/><net_sink comp="1437" pin=1"/></net>

<net id="1448"><net_src comp="158" pin="0"/><net_sink comp="1443" pin=0"/></net>

<net id="1449"><net_src comp="767" pin="4"/><net_sink comp="1443" pin=1"/></net>

<net id="1450"><net_src comp="160" pin="0"/><net_sink comp="1443" pin=2"/></net>

<net id="1454"><net_src comp="1443" pin="3"/><net_sink comp="1451" pin=0"/></net>

<net id="1459"><net_src comp="1423" pin="1"/><net_sink comp="1455" pin=0"/></net>

<net id="1460"><net_src comp="1355" pin="1"/><net_sink comp="1455" pin=1"/></net>

<net id="1464"><net_src comp="1455" pin="2"/><net_sink comp="1461" pin=0"/></net>

<net id="1469"><net_src comp="1451" pin="1"/><net_sink comp="1465" pin=0"/></net>

<net id="1470"><net_src comp="1461" pin="1"/><net_sink comp="1465" pin=1"/></net>

<net id="1476"><net_src comp="158" pin="0"/><net_sink comp="1471" pin=0"/></net>

<net id="1477"><net_src comp="721" pin="4"/><net_sink comp="1471" pin=1"/></net>

<net id="1478"><net_src comp="160" pin="0"/><net_sink comp="1471" pin=2"/></net>

<net id="1482"><net_src comp="1471" pin="3"/><net_sink comp="1479" pin=0"/></net>

<net id="1486"><net_src comp="685" pin="4"/><net_sink comp="1483" pin=0"/></net>

<net id="1490"><net_src comp="685" pin="4"/><net_sink comp="1487" pin=0"/></net>

<net id="1495"><net_src comp="1479" pin="1"/><net_sink comp="1491" pin=0"/></net>

<net id="1496"><net_src comp="1487" pin="1"/><net_sink comp="1491" pin=1"/></net>

<net id="1501"><net_src comp="1491" pin="2"/><net_sink comp="1497" pin=0"/></net>

<net id="1502"><net_src comp="1427" pin="1"/><net_sink comp="1497" pin=1"/></net>

<net id="1508"><net_src comp="158" pin="0"/><net_sink comp="1503" pin=0"/></net>

<net id="1509"><net_src comp="694" pin="4"/><net_sink comp="1503" pin=1"/></net>

<net id="1510"><net_src comp="160" pin="0"/><net_sink comp="1503" pin=2"/></net>

<net id="1514"><net_src comp="1503" pin="3"/><net_sink comp="1511" pin=0"/></net>

<net id="1518"><net_src comp="676" pin="4"/><net_sink comp="1515" pin=0"/></net>

<net id="1522"><net_src comp="676" pin="4"/><net_sink comp="1519" pin=0"/></net>

<net id="1527"><net_src comp="1483" pin="1"/><net_sink comp="1523" pin=0"/></net>

<net id="1528"><net_src comp="1519" pin="1"/><net_sink comp="1523" pin=1"/></net>

<net id="1532"><net_src comp="1523" pin="2"/><net_sink comp="1529" pin=0"/></net>

<net id="1537"><net_src comp="1511" pin="1"/><net_sink comp="1533" pin=0"/></net>

<net id="1538"><net_src comp="1529" pin="1"/><net_sink comp="1533" pin=1"/></net>

<net id="1544"><net_src comp="158" pin="0"/><net_sink comp="1539" pin=0"/></net>

<net id="1545"><net_src comp="712" pin="4"/><net_sink comp="1539" pin=1"/></net>

<net id="1546"><net_src comp="160" pin="0"/><net_sink comp="1539" pin=2"/></net>

<net id="1550"><net_src comp="1539" pin="3"/><net_sink comp="1547" pin=0"/></net>

<net id="1555"><net_src comp="1547" pin="1"/><net_sink comp="1551" pin=0"/></net>

<net id="1556"><net_src comp="1515" pin="1"/><net_sink comp="1551" pin=1"/></net>

<net id="1561"><net_src comp="1551" pin="2"/><net_sink comp="1557" pin=0"/></net>

<net id="1562"><net_src comp="1359" pin="1"/><net_sink comp="1557" pin=1"/></net>

<net id="1568"><net_src comp="158" pin="0"/><net_sink comp="1563" pin=0"/></net>

<net id="1569"><net_src comp="667" pin="4"/><net_sink comp="1563" pin=1"/></net>

<net id="1570"><net_src comp="160" pin="0"/><net_sink comp="1563" pin=2"/></net>

<net id="1574"><net_src comp="1563" pin="3"/><net_sink comp="1571" pin=0"/></net>

<net id="1578"><net_src comp="1332" pin="1"/><net_sink comp="1575" pin=0"/></net>

<net id="1583"><net_src comp="1519" pin="1"/><net_sink comp="1579" pin=0"/></net>

<net id="1584"><net_src comp="1575" pin="1"/><net_sink comp="1579" pin=1"/></net>

<net id="1588"><net_src comp="1579" pin="2"/><net_sink comp="1585" pin=0"/></net>

<net id="1593"><net_src comp="1571" pin="1"/><net_sink comp="1589" pin=0"/></net>

<net id="1594"><net_src comp="1585" pin="1"/><net_sink comp="1589" pin=1"/></net>

<net id="1600"><net_src comp="158" pin="0"/><net_sink comp="1595" pin=0"/></net>

<net id="1601"><net_src comp="1329" pin="1"/><net_sink comp="1595" pin=1"/></net>

<net id="1602"><net_src comp="160" pin="0"/><net_sink comp="1595" pin=2"/></net>

<net id="1606"><net_src comp="1595" pin="3"/><net_sink comp="1603" pin=0"/></net>

<net id="1610"><net_src comp="1326" pin="1"/><net_sink comp="1607" pin=0"/></net>

<net id="1615"><net_src comp="1607" pin="1"/><net_sink comp="1611" pin=0"/></net>

<net id="1616"><net_src comp="1575" pin="1"/><net_sink comp="1611" pin=1"/></net>

<net id="1620"><net_src comp="1611" pin="2"/><net_sink comp="1617" pin=0"/></net>

<net id="1625"><net_src comp="1603" pin="1"/><net_sink comp="1621" pin=0"/></net>

<net id="1626"><net_src comp="1617" pin="1"/><net_sink comp="1621" pin=1"/></net>

<net id="1632"><net_src comp="158" pin="0"/><net_sink comp="1627" pin=0"/></net>

<net id="1633"><net_src comp="739" pin="4"/><net_sink comp="1627" pin=1"/></net>

<net id="1634"><net_src comp="160" pin="0"/><net_sink comp="1627" pin=2"/></net>

<net id="1638"><net_src comp="1627" pin="3"/><net_sink comp="1635" pin=0"/></net>

<net id="1643"><net_src comp="1355" pin="1"/><net_sink comp="1639" pin=0"/></net>

<net id="1644"><net_src comp="1607" pin="1"/><net_sink comp="1639" pin=1"/></net>

<net id="1648"><net_src comp="1639" pin="2"/><net_sink comp="1645" pin=0"/></net>

<net id="1653"><net_src comp="1635" pin="1"/><net_sink comp="1649" pin=0"/></net>

<net id="1654"><net_src comp="1645" pin="1"/><net_sink comp="1649" pin=1"/></net>

<net id="1660"><net_src comp="158" pin="0"/><net_sink comp="1655" pin=0"/></net>

<net id="1661"><net_src comp="1323" pin="1"/><net_sink comp="1655" pin=1"/></net>

<net id="1662"><net_src comp="160" pin="0"/><net_sink comp="1655" pin=2"/></net>

<net id="1666"><net_src comp="1655" pin="3"/><net_sink comp="1663" pin=0"/></net>

<net id="1670"><net_src comp="1320" pin="1"/><net_sink comp="1667" pin=0"/></net>

<net id="1675"><net_src comp="1607" pin="1"/><net_sink comp="1671" pin=0"/></net>

<net id="1676"><net_src comp="1667" pin="1"/><net_sink comp="1671" pin=1"/></net>

<net id="1680"><net_src comp="1671" pin="2"/><net_sink comp="1677" pin=0"/></net>

<net id="1685"><net_src comp="1663" pin="1"/><net_sink comp="1681" pin=0"/></net>

<net id="1686"><net_src comp="1677" pin="1"/><net_sink comp="1681" pin=1"/></net>

<net id="1692"><net_src comp="158" pin="0"/><net_sink comp="1687" pin=0"/></net>

<net id="1693"><net_src comp="812" pin="4"/><net_sink comp="1687" pin=1"/></net>

<net id="1694"><net_src comp="160" pin="0"/><net_sink comp="1687" pin=2"/></net>

<net id="1698"><net_src comp="1687" pin="3"/><net_sink comp="1695" pin=0"/></net>

<net id="1703"><net_src comp="1347" pin="1"/><net_sink comp="1699" pin=0"/></net>

<net id="1704"><net_src comp="1667" pin="1"/><net_sink comp="1699" pin=1"/></net>

<net id="1708"><net_src comp="1699" pin="2"/><net_sink comp="1705" pin=0"/></net>

<net id="1713"><net_src comp="1695" pin="1"/><net_sink comp="1709" pin=0"/></net>

<net id="1714"><net_src comp="1705" pin="1"/><net_sink comp="1709" pin=1"/></net>

<net id="1719"><net_src comp="667" pin="4"/><net_sink comp="1715" pin=0"/></net>

<net id="1724"><net_src comp="676" pin="4"/><net_sink comp="1720" pin=0"/></net>

<net id="1729"><net_src comp="694" pin="4"/><net_sink comp="1725" pin=0"/></net>

<net id="1734"><net_src comp="703" pin="4"/><net_sink comp="1730" pin=0"/></net>

<net id="1739"><net_src comp="712" pin="4"/><net_sink comp="1735" pin=0"/></net>

<net id="1744"><net_src comp="730" pin="4"/><net_sink comp="1740" pin=0"/></net>

<net id="1749"><net_src comp="739" pin="4"/><net_sink comp="1745" pin=0"/></net>

<net id="1754"><net_src comp="748" pin="4"/><net_sink comp="1750" pin=0"/></net>

<net id="1759"><net_src comp="767" pin="4"/><net_sink comp="1755" pin=0"/></net>

<net id="1764"><net_src comp="776" pin="4"/><net_sink comp="1760" pin=0"/></net>

<net id="1769"><net_src comp="785" pin="4"/><net_sink comp="1765" pin=0"/></net>

<net id="1774"><net_src comp="803" pin="4"/><net_sink comp="1770" pin=0"/></net>

<net id="1779"><net_src comp="812" pin="4"/><net_sink comp="1775" pin=0"/></net>

<net id="1784"><net_src comp="821" pin="4"/><net_sink comp="1780" pin=0"/></net>

<net id="1789"><net_src comp="839" pin="4"/><net_sink comp="1785" pin=0"/></net>

<net id="1806"><net_src comp="1796" pin="1"/><net_sink comp="1802" pin=0"/></net>

<net id="1807"><net_src comp="1799" pin="1"/><net_sink comp="1802" pin=1"/></net>

<net id="1811"><net_src comp="1802" pin="2"/><net_sink comp="1808" pin=0"/></net>

<net id="1816"><net_src comp="1793" pin="1"/><net_sink comp="1812" pin=0"/></net>

<net id="1817"><net_src comp="1790" pin="1"/><net_sink comp="1812" pin=1"/></net>

<net id="1821"><net_src comp="1812" pin="2"/><net_sink comp="1818" pin=0"/></net>

<net id="1826"><net_src comp="1818" pin="1"/><net_sink comp="1822" pin=0"/></net>

<net id="1827"><net_src comp="1808" pin="1"/><net_sink comp="1822" pin=1"/></net>

<net id="1831"><net_src comp="1822" pin="2"/><net_sink comp="1828" pin=0"/></net>

<net id="1848"><net_src comp="1835" pin="1"/><net_sink comp="1844" pin=0"/></net>

<net id="1849"><net_src comp="1838" pin="1"/><net_sink comp="1844" pin=1"/></net>

<net id="1853"><net_src comp="1844" pin="2"/><net_sink comp="1850" pin=0"/></net>

<net id="1858"><net_src comp="1841" pin="1"/><net_sink comp="1854" pin=0"/></net>

<net id="1859"><net_src comp="1832" pin="1"/><net_sink comp="1854" pin=1"/></net>

<net id="1863"><net_src comp="1854" pin="2"/><net_sink comp="1860" pin=0"/></net>

<net id="1868"><net_src comp="1860" pin="1"/><net_sink comp="1864" pin=0"/></net>

<net id="1869"><net_src comp="1850" pin="1"/><net_sink comp="1864" pin=1"/></net>

<net id="1873"><net_src comp="1864" pin="2"/><net_sink comp="1870" pin=0"/></net>

<net id="1884"><net_src comp="1874" pin="1"/><net_sink comp="1880" pin=0"/></net>

<net id="1885"><net_src comp="1877" pin="1"/><net_sink comp="1880" pin=1"/></net>

<net id="1889"><net_src comp="1880" pin="2"/><net_sink comp="1886" pin=0"/></net>

<net id="1894"><net_src comp="1850" pin="1"/><net_sink comp="1890" pin=0"/></net>

<net id="1895"><net_src comp="1886" pin="1"/><net_sink comp="1890" pin=1"/></net>

<net id="1899"><net_src comp="1890" pin="2"/><net_sink comp="1896" pin=0"/></net>

<net id="1910"><net_src comp="1900" pin="1"/><net_sink comp="1906" pin=0"/></net>

<net id="1911"><net_src comp="1903" pin="1"/><net_sink comp="1906" pin=1"/></net>

<net id="1915"><net_src comp="1906" pin="2"/><net_sink comp="1912" pin=0"/></net>

<net id="1920"><net_src comp="1799" pin="1"/><net_sink comp="1916" pin=0"/></net>

<net id="1921"><net_src comp="1793" pin="1"/><net_sink comp="1916" pin=1"/></net>

<net id="1925"><net_src comp="1916" pin="2"/><net_sink comp="1922" pin=0"/></net>

<net id="1930"><net_src comp="1922" pin="1"/><net_sink comp="1926" pin=0"/></net>

<net id="1931"><net_src comp="1912" pin="1"/><net_sink comp="1926" pin=1"/></net>

<net id="1935"><net_src comp="1926" pin="2"/><net_sink comp="1932" pin=0"/></net>

<net id="1941"><net_src comp="162" pin="0"/><net_sink comp="1936" pin=0"/></net>

<net id="1942"><net_src comp="1822" pin="2"/><net_sink comp="1936" pin=1"/></net>

<net id="1943"><net_src comp="164" pin="0"/><net_sink comp="1936" pin=2"/></net>

<net id="1948"><net_src comp="166" pin="0"/><net_sink comp="1944" pin=0"/></net>

<net id="1949"><net_src comp="1828" pin="1"/><net_sink comp="1944" pin=1"/></net>

<net id="1956"><net_src comp="168" pin="0"/><net_sink comp="1950" pin=0"/></net>

<net id="1957"><net_src comp="1944" pin="2"/><net_sink comp="1950" pin=1"/></net>

<net id="1958"><net_src comp="170" pin="0"/><net_sink comp="1950" pin=2"/></net>

<net id="1959"><net_src comp="164" pin="0"/><net_sink comp="1950" pin=3"/></net>

<net id="1966"><net_src comp="172" pin="0"/><net_sink comp="1960" pin=0"/></net>

<net id="1967"><net_src comp="1822" pin="2"/><net_sink comp="1960" pin=1"/></net>

<net id="1968"><net_src comp="170" pin="0"/><net_sink comp="1960" pin=2"/></net>

<net id="1969"><net_src comp="164" pin="0"/><net_sink comp="1960" pin=3"/></net>

<net id="1974"><net_src comp="174" pin="0"/><net_sink comp="1970" pin=0"/></net>

<net id="1975"><net_src comp="1950" pin="4"/><net_sink comp="1970" pin=1"/></net>

<net id="1981"><net_src comp="1936" pin="3"/><net_sink comp="1976" pin=0"/></net>

<net id="1982"><net_src comp="1970" pin="2"/><net_sink comp="1976" pin=1"/></net>

<net id="1983"><net_src comp="1960" pin="4"/><net_sink comp="1976" pin=2"/></net>

<net id="1989"><net_src comp="162" pin="0"/><net_sink comp="1984" pin=0"/></net>

<net id="1990"><net_src comp="1864" pin="2"/><net_sink comp="1984" pin=1"/></net>

<net id="1991"><net_src comp="164" pin="0"/><net_sink comp="1984" pin=2"/></net>

<net id="1996"><net_src comp="166" pin="0"/><net_sink comp="1992" pin=0"/></net>

<net id="1997"><net_src comp="1870" pin="1"/><net_sink comp="1992" pin=1"/></net>

<net id="2004"><net_src comp="168" pin="0"/><net_sink comp="1998" pin=0"/></net>

<net id="2005"><net_src comp="1992" pin="2"/><net_sink comp="1998" pin=1"/></net>

<net id="2006"><net_src comp="170" pin="0"/><net_sink comp="1998" pin=2"/></net>

<net id="2007"><net_src comp="164" pin="0"/><net_sink comp="1998" pin=3"/></net>

<net id="2014"><net_src comp="172" pin="0"/><net_sink comp="2008" pin=0"/></net>

<net id="2015"><net_src comp="1864" pin="2"/><net_sink comp="2008" pin=1"/></net>

<net id="2016"><net_src comp="170" pin="0"/><net_sink comp="2008" pin=2"/></net>

<net id="2017"><net_src comp="164" pin="0"/><net_sink comp="2008" pin=3"/></net>

<net id="2022"><net_src comp="174" pin="0"/><net_sink comp="2018" pin=0"/></net>

<net id="2023"><net_src comp="1998" pin="4"/><net_sink comp="2018" pin=1"/></net>

<net id="2029"><net_src comp="1984" pin="3"/><net_sink comp="2024" pin=0"/></net>

<net id="2030"><net_src comp="2018" pin="2"/><net_sink comp="2024" pin=1"/></net>

<net id="2031"><net_src comp="2008" pin="4"/><net_sink comp="2024" pin=2"/></net>

<net id="2037"><net_src comp="162" pin="0"/><net_sink comp="2032" pin=0"/></net>

<net id="2038"><net_src comp="1890" pin="2"/><net_sink comp="2032" pin=1"/></net>

<net id="2039"><net_src comp="164" pin="0"/><net_sink comp="2032" pin=2"/></net>

<net id="2044"><net_src comp="166" pin="0"/><net_sink comp="2040" pin=0"/></net>

<net id="2045"><net_src comp="1896" pin="1"/><net_sink comp="2040" pin=1"/></net>

<net id="2052"><net_src comp="168" pin="0"/><net_sink comp="2046" pin=0"/></net>

<net id="2053"><net_src comp="2040" pin="2"/><net_sink comp="2046" pin=1"/></net>

<net id="2054"><net_src comp="170" pin="0"/><net_sink comp="2046" pin=2"/></net>

<net id="2055"><net_src comp="164" pin="0"/><net_sink comp="2046" pin=3"/></net>

<net id="2062"><net_src comp="172" pin="0"/><net_sink comp="2056" pin=0"/></net>

<net id="2063"><net_src comp="1890" pin="2"/><net_sink comp="2056" pin=1"/></net>

<net id="2064"><net_src comp="170" pin="0"/><net_sink comp="2056" pin=2"/></net>

<net id="2065"><net_src comp="164" pin="0"/><net_sink comp="2056" pin=3"/></net>

<net id="2070"><net_src comp="174" pin="0"/><net_sink comp="2066" pin=0"/></net>

<net id="2071"><net_src comp="2046" pin="4"/><net_sink comp="2066" pin=1"/></net>

<net id="2077"><net_src comp="2032" pin="3"/><net_sink comp="2072" pin=0"/></net>

<net id="2078"><net_src comp="2066" pin="2"/><net_sink comp="2072" pin=1"/></net>

<net id="2079"><net_src comp="2056" pin="4"/><net_sink comp="2072" pin=2"/></net>

<net id="2085"><net_src comp="162" pin="0"/><net_sink comp="2080" pin=0"/></net>

<net id="2086"><net_src comp="1926" pin="2"/><net_sink comp="2080" pin=1"/></net>

<net id="2087"><net_src comp="164" pin="0"/><net_sink comp="2080" pin=2"/></net>

<net id="2092"><net_src comp="166" pin="0"/><net_sink comp="2088" pin=0"/></net>

<net id="2093"><net_src comp="1932" pin="1"/><net_sink comp="2088" pin=1"/></net>

<net id="2100"><net_src comp="168" pin="0"/><net_sink comp="2094" pin=0"/></net>

<net id="2101"><net_src comp="2088" pin="2"/><net_sink comp="2094" pin=1"/></net>

<net id="2102"><net_src comp="170" pin="0"/><net_sink comp="2094" pin=2"/></net>

<net id="2103"><net_src comp="164" pin="0"/><net_sink comp="2094" pin=3"/></net>

<net id="2110"><net_src comp="172" pin="0"/><net_sink comp="2104" pin=0"/></net>

<net id="2111"><net_src comp="1926" pin="2"/><net_sink comp="2104" pin=1"/></net>

<net id="2112"><net_src comp="170" pin="0"/><net_sink comp="2104" pin=2"/></net>

<net id="2113"><net_src comp="164" pin="0"/><net_sink comp="2104" pin=3"/></net>

<net id="2118"><net_src comp="174" pin="0"/><net_sink comp="2114" pin=0"/></net>

<net id="2119"><net_src comp="2094" pin="4"/><net_sink comp="2114" pin=1"/></net>

<net id="2125"><net_src comp="2080" pin="3"/><net_sink comp="2120" pin=0"/></net>

<net id="2126"><net_src comp="2114" pin="2"/><net_sink comp="2120" pin=1"/></net>

<net id="2127"><net_src comp="2104" pin="4"/><net_sink comp="2120" pin=2"/></net>

<net id="2135"><net_src comp="2128" pin="2"/><net_sink comp="2132" pin=0"/></net>

<net id="2141"><net_src comp="176" pin="0"/><net_sink comp="2136" pin=0"/></net>

<net id="2142"><net_src comp="2128" pin="2"/><net_sink comp="2136" pin=1"/></net>

<net id="2143"><net_src comp="178" pin="0"/><net_sink comp="2136" pin=2"/></net>

<net id="2148"><net_src comp="180" pin="0"/><net_sink comp="2144" pin=0"/></net>

<net id="2149"><net_src comp="2132" pin="1"/><net_sink comp="2144" pin=1"/></net>

<net id="2155"><net_src comp="2136" pin="3"/><net_sink comp="2150" pin=0"/></net>

<net id="2156"><net_src comp="2144" pin="2"/><net_sink comp="2150" pin=1"/></net>

<net id="2157"><net_src comp="2132" pin="1"/><net_sink comp="2150" pin=2"/></net>

<net id="2161"><net_src comp="2150" pin="3"/><net_sink comp="2158" pin=0"/></net>

<net id="2169"><net_src comp="2162" pin="2"/><net_sink comp="2166" pin=0"/></net>

<net id="2175"><net_src comp="176" pin="0"/><net_sink comp="2170" pin=0"/></net>

<net id="2176"><net_src comp="2162" pin="2"/><net_sink comp="2170" pin=1"/></net>

<net id="2177"><net_src comp="178" pin="0"/><net_sink comp="2170" pin=2"/></net>

<net id="2182"><net_src comp="180" pin="0"/><net_sink comp="2178" pin=0"/></net>

<net id="2183"><net_src comp="2166" pin="1"/><net_sink comp="2178" pin=1"/></net>

<net id="2189"><net_src comp="2170" pin="3"/><net_sink comp="2184" pin=0"/></net>

<net id="2190"><net_src comp="2178" pin="2"/><net_sink comp="2184" pin=1"/></net>

<net id="2191"><net_src comp="2166" pin="1"/><net_sink comp="2184" pin=2"/></net>

<net id="2195"><net_src comp="2184" pin="3"/><net_sink comp="2192" pin=0"/></net>

<net id="2200"><net_src comp="2158" pin="1"/><net_sink comp="2196" pin=0"/></net>

<net id="2201"><net_src comp="2192" pin="1"/><net_sink comp="2196" pin=1"/></net>

<net id="2208"><net_src comp="182" pin="0"/><net_sink comp="2202" pin=0"/></net>

<net id="2209"><net_src comp="2196" pin="2"/><net_sink comp="2202" pin=1"/></net>

<net id="2210"><net_src comp="106" pin="0"/><net_sink comp="2202" pin=2"/></net>

<net id="2211"><net_src comp="178" pin="0"/><net_sink comp="2202" pin=3"/></net>

<net id="2219"><net_src comp="2212" pin="2"/><net_sink comp="2216" pin=0"/></net>

<net id="2225"><net_src comp="176" pin="0"/><net_sink comp="2220" pin=0"/></net>

<net id="2226"><net_src comp="2212" pin="2"/><net_sink comp="2220" pin=1"/></net>

<net id="2227"><net_src comp="178" pin="0"/><net_sink comp="2220" pin=2"/></net>

<net id="2232"><net_src comp="180" pin="0"/><net_sink comp="2228" pin=0"/></net>

<net id="2233"><net_src comp="2216" pin="1"/><net_sink comp="2228" pin=1"/></net>

<net id="2239"><net_src comp="2220" pin="3"/><net_sink comp="2234" pin=0"/></net>

<net id="2240"><net_src comp="2228" pin="2"/><net_sink comp="2234" pin=1"/></net>

<net id="2241"><net_src comp="2216" pin="1"/><net_sink comp="2234" pin=2"/></net>

<net id="2245"><net_src comp="2234" pin="3"/><net_sink comp="2242" pin=0"/></net>

<net id="2253"><net_src comp="2246" pin="2"/><net_sink comp="2250" pin=0"/></net>

<net id="2259"><net_src comp="176" pin="0"/><net_sink comp="2254" pin=0"/></net>

<net id="2260"><net_src comp="2246" pin="2"/><net_sink comp="2254" pin=1"/></net>

<net id="2261"><net_src comp="178" pin="0"/><net_sink comp="2254" pin=2"/></net>

<net id="2266"><net_src comp="180" pin="0"/><net_sink comp="2262" pin=0"/></net>

<net id="2267"><net_src comp="2250" pin="1"/><net_sink comp="2262" pin=1"/></net>

<net id="2273"><net_src comp="2254" pin="3"/><net_sink comp="2268" pin=0"/></net>

<net id="2274"><net_src comp="2262" pin="2"/><net_sink comp="2268" pin=1"/></net>

<net id="2275"><net_src comp="2250" pin="1"/><net_sink comp="2268" pin=2"/></net>

<net id="2279"><net_src comp="2268" pin="3"/><net_sink comp="2276" pin=0"/></net>

<net id="2284"><net_src comp="2242" pin="1"/><net_sink comp="2280" pin=0"/></net>

<net id="2285"><net_src comp="2276" pin="1"/><net_sink comp="2280" pin=1"/></net>

<net id="2292"><net_src comp="182" pin="0"/><net_sink comp="2286" pin=0"/></net>

<net id="2293"><net_src comp="2280" pin="2"/><net_sink comp="2286" pin=1"/></net>

<net id="2294"><net_src comp="106" pin="0"/><net_sink comp="2286" pin=2"/></net>

<net id="2295"><net_src comp="178" pin="0"/><net_sink comp="2286" pin=3"/></net>

<net id="2303"><net_src comp="2296" pin="1"/><net_sink comp="2299" pin=1"/></net>

<net id="2307"><net_src comp="2299" pin="2"/><net_sink comp="2304" pin=0"/></net>

<net id="2311"><net_src comp="2299" pin="2"/><net_sink comp="2308" pin=0"/></net>

<net id="2317"><net_src comp="162" pin="0"/><net_sink comp="2312" pin=0"/></net>

<net id="2318"><net_src comp="2304" pin="1"/><net_sink comp="2312" pin=1"/></net>

<net id="2319"><net_src comp="164" pin="0"/><net_sink comp="2312" pin=2"/></net>

<net id="2324"><net_src comp="174" pin="0"/><net_sink comp="2320" pin=0"/></net>

<net id="2325"><net_src comp="2308" pin="1"/><net_sink comp="2320" pin=1"/></net>

<net id="2331"><net_src comp="2312" pin="3"/><net_sink comp="2326" pin=0"/></net>

<net id="2332"><net_src comp="2320" pin="2"/><net_sink comp="2326" pin=1"/></net>

<net id="2333"><net_src comp="2308" pin="1"/><net_sink comp="2326" pin=2"/></net>

<net id="2337"><net_src comp="2326" pin="3"/><net_sink comp="2334" pin=0"/></net>

<net id="2342"><net_src comp="2296" pin="1"/><net_sink comp="2338" pin=1"/></net>

<net id="2346"><net_src comp="2338" pin="2"/><net_sink comp="2343" pin=0"/></net>

<net id="2350"><net_src comp="2338" pin="2"/><net_sink comp="2347" pin=0"/></net>

<net id="2356"><net_src comp="162" pin="0"/><net_sink comp="2351" pin=0"/></net>

<net id="2357"><net_src comp="2343" pin="1"/><net_sink comp="2351" pin=1"/></net>

<net id="2358"><net_src comp="164" pin="0"/><net_sink comp="2351" pin=2"/></net>

<net id="2363"><net_src comp="174" pin="0"/><net_sink comp="2359" pin=0"/></net>

<net id="2364"><net_src comp="2347" pin="1"/><net_sink comp="2359" pin=1"/></net>

<net id="2370"><net_src comp="2351" pin="3"/><net_sink comp="2365" pin=0"/></net>

<net id="2371"><net_src comp="2359" pin="2"/><net_sink comp="2365" pin=1"/></net>

<net id="2372"><net_src comp="2347" pin="1"/><net_sink comp="2365" pin=2"/></net>

<net id="2376"><net_src comp="2365" pin="3"/><net_sink comp="2373" pin=0"/></net>

<net id="2381"><net_src comp="2296" pin="1"/><net_sink comp="2377" pin=1"/></net>

<net id="2385"><net_src comp="2377" pin="2"/><net_sink comp="2382" pin=0"/></net>

<net id="2389"><net_src comp="2377" pin="2"/><net_sink comp="2386" pin=0"/></net>

<net id="2395"><net_src comp="162" pin="0"/><net_sink comp="2390" pin=0"/></net>

<net id="2396"><net_src comp="2382" pin="1"/><net_sink comp="2390" pin=1"/></net>

<net id="2397"><net_src comp="164" pin="0"/><net_sink comp="2390" pin=2"/></net>

<net id="2402"><net_src comp="174" pin="0"/><net_sink comp="2398" pin=0"/></net>

<net id="2403"><net_src comp="2386" pin="1"/><net_sink comp="2398" pin=1"/></net>

<net id="2409"><net_src comp="2390" pin="3"/><net_sink comp="2404" pin=0"/></net>

<net id="2410"><net_src comp="2398" pin="2"/><net_sink comp="2404" pin=1"/></net>

<net id="2411"><net_src comp="2386" pin="1"/><net_sink comp="2404" pin=2"/></net>

<net id="2415"><net_src comp="2404" pin="3"/><net_sink comp="2412" pin=0"/></net>

<net id="2420"><net_src comp="2296" pin="1"/><net_sink comp="2416" pin=1"/></net>

<net id="2424"><net_src comp="2416" pin="2"/><net_sink comp="2421" pin=0"/></net>

<net id="2428"><net_src comp="2416" pin="2"/><net_sink comp="2425" pin=0"/></net>

<net id="2434"><net_src comp="162" pin="0"/><net_sink comp="2429" pin=0"/></net>

<net id="2435"><net_src comp="2421" pin="1"/><net_sink comp="2429" pin=1"/></net>

<net id="2436"><net_src comp="164" pin="0"/><net_sink comp="2429" pin=2"/></net>

<net id="2441"><net_src comp="174" pin="0"/><net_sink comp="2437" pin=0"/></net>

<net id="2442"><net_src comp="2425" pin="1"/><net_sink comp="2437" pin=1"/></net>

<net id="2448"><net_src comp="2429" pin="3"/><net_sink comp="2443" pin=0"/></net>

<net id="2449"><net_src comp="2437" pin="2"/><net_sink comp="2443" pin=1"/></net>

<net id="2450"><net_src comp="2425" pin="1"/><net_sink comp="2443" pin=2"/></net>

<net id="2454"><net_src comp="2443" pin="3"/><net_sink comp="2451" pin=0"/></net>

<net id="2459"><net_src comp="2451" pin="1"/><net_sink comp="2455" pin=0"/></net>

<net id="2460"><net_src comp="2412" pin="1"/><net_sink comp="2455" pin=1"/></net>

<net id="2464"><net_src comp="2455" pin="2"/><net_sink comp="2461" pin=0"/></net>

<net id="2469"><net_src comp="2373" pin="1"/><net_sink comp="2465" pin=0"/></net>

<net id="2470"><net_src comp="2334" pin="1"/><net_sink comp="2465" pin=1"/></net>

<net id="2474"><net_src comp="2465" pin="2"/><net_sink comp="2471" pin=0"/></net>

<net id="2479"><net_src comp="2471" pin="1"/><net_sink comp="2475" pin=0"/></net>

<net id="2480"><net_src comp="2461" pin="1"/><net_sink comp="2475" pin=1"/></net>

<net id="2487"><net_src comp="184" pin="0"/><net_sink comp="2481" pin=0"/></net>

<net id="2488"><net_src comp="2475" pin="2"/><net_sink comp="2481" pin=1"/></net>

<net id="2489"><net_src comp="106" pin="0"/><net_sink comp="2481" pin=2"/></net>

<net id="2490"><net_src comp="164" pin="0"/><net_sink comp="2481" pin=3"/></net>

<net id="2498"><net_src comp="2491" pin="1"/><net_sink comp="2494" pin=1"/></net>

<net id="2502"><net_src comp="2494" pin="2"/><net_sink comp="2499" pin=0"/></net>

<net id="2506"><net_src comp="2494" pin="2"/><net_sink comp="2503" pin=0"/></net>

<net id="2512"><net_src comp="162" pin="0"/><net_sink comp="2507" pin=0"/></net>

<net id="2513"><net_src comp="2499" pin="1"/><net_sink comp="2507" pin=1"/></net>

<net id="2514"><net_src comp="164" pin="0"/><net_sink comp="2507" pin=2"/></net>

<net id="2519"><net_src comp="174" pin="0"/><net_sink comp="2515" pin=0"/></net>

<net id="2520"><net_src comp="2503" pin="1"/><net_sink comp="2515" pin=1"/></net>

<net id="2526"><net_src comp="2507" pin="3"/><net_sink comp="2521" pin=0"/></net>

<net id="2527"><net_src comp="2515" pin="2"/><net_sink comp="2521" pin=1"/></net>

<net id="2528"><net_src comp="2503" pin="1"/><net_sink comp="2521" pin=2"/></net>

<net id="2532"><net_src comp="2521" pin="3"/><net_sink comp="2529" pin=0"/></net>

<net id="2537"><net_src comp="2491" pin="1"/><net_sink comp="2533" pin=1"/></net>

<net id="2541"><net_src comp="2533" pin="2"/><net_sink comp="2538" pin=0"/></net>

<net id="2545"><net_src comp="2533" pin="2"/><net_sink comp="2542" pin=0"/></net>

<net id="2551"><net_src comp="162" pin="0"/><net_sink comp="2546" pin=0"/></net>

<net id="2552"><net_src comp="2538" pin="1"/><net_sink comp="2546" pin=1"/></net>

<net id="2553"><net_src comp="164" pin="0"/><net_sink comp="2546" pin=2"/></net>

<net id="2558"><net_src comp="174" pin="0"/><net_sink comp="2554" pin=0"/></net>

<net id="2559"><net_src comp="2542" pin="1"/><net_sink comp="2554" pin=1"/></net>

<net id="2565"><net_src comp="2546" pin="3"/><net_sink comp="2560" pin=0"/></net>

<net id="2566"><net_src comp="2554" pin="2"/><net_sink comp="2560" pin=1"/></net>

<net id="2567"><net_src comp="2542" pin="1"/><net_sink comp="2560" pin=2"/></net>

<net id="2571"><net_src comp="2560" pin="3"/><net_sink comp="2568" pin=0"/></net>

<net id="2576"><net_src comp="2491" pin="1"/><net_sink comp="2572" pin=1"/></net>

<net id="2580"><net_src comp="2572" pin="2"/><net_sink comp="2577" pin=0"/></net>

<net id="2584"><net_src comp="2572" pin="2"/><net_sink comp="2581" pin=0"/></net>

<net id="2590"><net_src comp="162" pin="0"/><net_sink comp="2585" pin=0"/></net>

<net id="2591"><net_src comp="2577" pin="1"/><net_sink comp="2585" pin=1"/></net>

<net id="2592"><net_src comp="164" pin="0"/><net_sink comp="2585" pin=2"/></net>

<net id="2597"><net_src comp="174" pin="0"/><net_sink comp="2593" pin=0"/></net>

<net id="2598"><net_src comp="2581" pin="1"/><net_sink comp="2593" pin=1"/></net>

<net id="2604"><net_src comp="2585" pin="3"/><net_sink comp="2599" pin=0"/></net>

<net id="2605"><net_src comp="2593" pin="2"/><net_sink comp="2599" pin=1"/></net>

<net id="2606"><net_src comp="2581" pin="1"/><net_sink comp="2599" pin=2"/></net>

<net id="2610"><net_src comp="2599" pin="3"/><net_sink comp="2607" pin=0"/></net>

<net id="2615"><net_src comp="2491" pin="1"/><net_sink comp="2611" pin=1"/></net>

<net id="2619"><net_src comp="2611" pin="2"/><net_sink comp="2616" pin=0"/></net>

<net id="2623"><net_src comp="2611" pin="2"/><net_sink comp="2620" pin=0"/></net>

<net id="2629"><net_src comp="162" pin="0"/><net_sink comp="2624" pin=0"/></net>

<net id="2630"><net_src comp="2616" pin="1"/><net_sink comp="2624" pin=1"/></net>

<net id="2631"><net_src comp="164" pin="0"/><net_sink comp="2624" pin=2"/></net>

<net id="2636"><net_src comp="174" pin="0"/><net_sink comp="2632" pin=0"/></net>

<net id="2637"><net_src comp="2620" pin="1"/><net_sink comp="2632" pin=1"/></net>

<net id="2643"><net_src comp="2624" pin="3"/><net_sink comp="2638" pin=0"/></net>

<net id="2644"><net_src comp="2632" pin="2"/><net_sink comp="2638" pin=1"/></net>

<net id="2645"><net_src comp="2620" pin="1"/><net_sink comp="2638" pin=2"/></net>

<net id="2649"><net_src comp="2638" pin="3"/><net_sink comp="2646" pin=0"/></net>

<net id="2654"><net_src comp="2646" pin="1"/><net_sink comp="2650" pin=0"/></net>

<net id="2655"><net_src comp="2607" pin="1"/><net_sink comp="2650" pin=1"/></net>

<net id="2659"><net_src comp="2650" pin="2"/><net_sink comp="2656" pin=0"/></net>

<net id="2664"><net_src comp="2568" pin="1"/><net_sink comp="2660" pin=0"/></net>

<net id="2665"><net_src comp="2529" pin="1"/><net_sink comp="2660" pin=1"/></net>

<net id="2669"><net_src comp="2660" pin="2"/><net_sink comp="2666" pin=0"/></net>

<net id="2674"><net_src comp="2666" pin="1"/><net_sink comp="2670" pin=0"/></net>

<net id="2675"><net_src comp="2656" pin="1"/><net_sink comp="2670" pin=1"/></net>

<net id="2682"><net_src comp="184" pin="0"/><net_sink comp="2676" pin=0"/></net>

<net id="2683"><net_src comp="2670" pin="2"/><net_sink comp="2676" pin=1"/></net>

<net id="2684"><net_src comp="106" pin="0"/><net_sink comp="2676" pin=2"/></net>

<net id="2685"><net_src comp="164" pin="0"/><net_sink comp="2676" pin=3"/></net>

<net id="2693"><net_src comp="2686" pin="1"/><net_sink comp="2689" pin=1"/></net>

<net id="2697"><net_src comp="2689" pin="2"/><net_sink comp="2694" pin=0"/></net>

<net id="2701"><net_src comp="2689" pin="2"/><net_sink comp="2698" pin=0"/></net>

<net id="2707"><net_src comp="162" pin="0"/><net_sink comp="2702" pin=0"/></net>

<net id="2708"><net_src comp="2694" pin="1"/><net_sink comp="2702" pin=1"/></net>

<net id="2709"><net_src comp="164" pin="0"/><net_sink comp="2702" pin=2"/></net>

<net id="2714"><net_src comp="174" pin="0"/><net_sink comp="2710" pin=0"/></net>

<net id="2715"><net_src comp="2698" pin="1"/><net_sink comp="2710" pin=1"/></net>

<net id="2721"><net_src comp="2702" pin="3"/><net_sink comp="2716" pin=0"/></net>

<net id="2722"><net_src comp="2710" pin="2"/><net_sink comp="2716" pin=1"/></net>

<net id="2723"><net_src comp="2698" pin="1"/><net_sink comp="2716" pin=2"/></net>

<net id="2727"><net_src comp="2716" pin="3"/><net_sink comp="2724" pin=0"/></net>

<net id="2732"><net_src comp="2686" pin="1"/><net_sink comp="2728" pin=1"/></net>

<net id="2736"><net_src comp="2728" pin="2"/><net_sink comp="2733" pin=0"/></net>

<net id="2740"><net_src comp="2728" pin="2"/><net_sink comp="2737" pin=0"/></net>

<net id="2746"><net_src comp="162" pin="0"/><net_sink comp="2741" pin=0"/></net>

<net id="2747"><net_src comp="2733" pin="1"/><net_sink comp="2741" pin=1"/></net>

<net id="2748"><net_src comp="164" pin="0"/><net_sink comp="2741" pin=2"/></net>

<net id="2753"><net_src comp="174" pin="0"/><net_sink comp="2749" pin=0"/></net>

<net id="2754"><net_src comp="2737" pin="1"/><net_sink comp="2749" pin=1"/></net>

<net id="2760"><net_src comp="2741" pin="3"/><net_sink comp="2755" pin=0"/></net>

<net id="2761"><net_src comp="2749" pin="2"/><net_sink comp="2755" pin=1"/></net>

<net id="2762"><net_src comp="2737" pin="1"/><net_sink comp="2755" pin=2"/></net>

<net id="2766"><net_src comp="2755" pin="3"/><net_sink comp="2763" pin=0"/></net>

<net id="2771"><net_src comp="2686" pin="1"/><net_sink comp="2767" pin=1"/></net>

<net id="2775"><net_src comp="2767" pin="2"/><net_sink comp="2772" pin=0"/></net>

<net id="2779"><net_src comp="2767" pin="2"/><net_sink comp="2776" pin=0"/></net>

<net id="2785"><net_src comp="162" pin="0"/><net_sink comp="2780" pin=0"/></net>

<net id="2786"><net_src comp="2772" pin="1"/><net_sink comp="2780" pin=1"/></net>

<net id="2787"><net_src comp="164" pin="0"/><net_sink comp="2780" pin=2"/></net>

<net id="2792"><net_src comp="174" pin="0"/><net_sink comp="2788" pin=0"/></net>

<net id="2793"><net_src comp="2776" pin="1"/><net_sink comp="2788" pin=1"/></net>

<net id="2799"><net_src comp="2780" pin="3"/><net_sink comp="2794" pin=0"/></net>

<net id="2800"><net_src comp="2788" pin="2"/><net_sink comp="2794" pin=1"/></net>

<net id="2801"><net_src comp="2776" pin="1"/><net_sink comp="2794" pin=2"/></net>

<net id="2805"><net_src comp="2794" pin="3"/><net_sink comp="2802" pin=0"/></net>

<net id="2810"><net_src comp="2686" pin="1"/><net_sink comp="2806" pin=1"/></net>

<net id="2814"><net_src comp="2806" pin="2"/><net_sink comp="2811" pin=0"/></net>

<net id="2818"><net_src comp="2806" pin="2"/><net_sink comp="2815" pin=0"/></net>

<net id="2824"><net_src comp="162" pin="0"/><net_sink comp="2819" pin=0"/></net>

<net id="2825"><net_src comp="2811" pin="1"/><net_sink comp="2819" pin=1"/></net>

<net id="2826"><net_src comp="164" pin="0"/><net_sink comp="2819" pin=2"/></net>

<net id="2831"><net_src comp="174" pin="0"/><net_sink comp="2827" pin=0"/></net>

<net id="2832"><net_src comp="2815" pin="1"/><net_sink comp="2827" pin=1"/></net>

<net id="2838"><net_src comp="2819" pin="3"/><net_sink comp="2833" pin=0"/></net>

<net id="2839"><net_src comp="2827" pin="2"/><net_sink comp="2833" pin=1"/></net>

<net id="2840"><net_src comp="2815" pin="1"/><net_sink comp="2833" pin=2"/></net>

<net id="2844"><net_src comp="2833" pin="3"/><net_sink comp="2841" pin=0"/></net>

<net id="2849"><net_src comp="2841" pin="1"/><net_sink comp="2845" pin=0"/></net>

<net id="2850"><net_src comp="2802" pin="1"/><net_sink comp="2845" pin=1"/></net>

<net id="2854"><net_src comp="2845" pin="2"/><net_sink comp="2851" pin=0"/></net>

<net id="2859"><net_src comp="2763" pin="1"/><net_sink comp="2855" pin=0"/></net>

<net id="2860"><net_src comp="2724" pin="1"/><net_sink comp="2855" pin=1"/></net>

<net id="2864"><net_src comp="2855" pin="2"/><net_sink comp="2861" pin=0"/></net>

<net id="2869"><net_src comp="2861" pin="1"/><net_sink comp="2865" pin=0"/></net>

<net id="2870"><net_src comp="2851" pin="1"/><net_sink comp="2865" pin=1"/></net>

<net id="2877"><net_src comp="184" pin="0"/><net_sink comp="2871" pin=0"/></net>

<net id="2878"><net_src comp="2865" pin="2"/><net_sink comp="2871" pin=1"/></net>

<net id="2879"><net_src comp="106" pin="0"/><net_sink comp="2871" pin=2"/></net>

<net id="2880"><net_src comp="164" pin="0"/><net_sink comp="2871" pin=3"/></net>

<net id="2888"><net_src comp="2881" pin="1"/><net_sink comp="2884" pin=1"/></net>

<net id="2892"><net_src comp="2884" pin="2"/><net_sink comp="2889" pin=0"/></net>

<net id="2896"><net_src comp="2884" pin="2"/><net_sink comp="2893" pin=0"/></net>

<net id="2902"><net_src comp="162" pin="0"/><net_sink comp="2897" pin=0"/></net>

<net id="2903"><net_src comp="2889" pin="1"/><net_sink comp="2897" pin=1"/></net>

<net id="2904"><net_src comp="164" pin="0"/><net_sink comp="2897" pin=2"/></net>

<net id="2909"><net_src comp="174" pin="0"/><net_sink comp="2905" pin=0"/></net>

<net id="2910"><net_src comp="2893" pin="1"/><net_sink comp="2905" pin=1"/></net>

<net id="2916"><net_src comp="2897" pin="3"/><net_sink comp="2911" pin=0"/></net>

<net id="2917"><net_src comp="2905" pin="2"/><net_sink comp="2911" pin=1"/></net>

<net id="2918"><net_src comp="2893" pin="1"/><net_sink comp="2911" pin=2"/></net>

<net id="2922"><net_src comp="2911" pin="3"/><net_sink comp="2919" pin=0"/></net>

<net id="2927"><net_src comp="2881" pin="1"/><net_sink comp="2923" pin=1"/></net>

<net id="2931"><net_src comp="2923" pin="2"/><net_sink comp="2928" pin=0"/></net>

<net id="2935"><net_src comp="2923" pin="2"/><net_sink comp="2932" pin=0"/></net>

<net id="2941"><net_src comp="162" pin="0"/><net_sink comp="2936" pin=0"/></net>

<net id="2942"><net_src comp="2928" pin="1"/><net_sink comp="2936" pin=1"/></net>

<net id="2943"><net_src comp="164" pin="0"/><net_sink comp="2936" pin=2"/></net>

<net id="2948"><net_src comp="174" pin="0"/><net_sink comp="2944" pin=0"/></net>

<net id="2949"><net_src comp="2932" pin="1"/><net_sink comp="2944" pin=1"/></net>

<net id="2955"><net_src comp="2936" pin="3"/><net_sink comp="2950" pin=0"/></net>

<net id="2956"><net_src comp="2944" pin="2"/><net_sink comp="2950" pin=1"/></net>

<net id="2957"><net_src comp="2932" pin="1"/><net_sink comp="2950" pin=2"/></net>

<net id="2961"><net_src comp="2950" pin="3"/><net_sink comp="2958" pin=0"/></net>

<net id="2966"><net_src comp="2881" pin="1"/><net_sink comp="2962" pin=1"/></net>

<net id="2970"><net_src comp="2962" pin="2"/><net_sink comp="2967" pin=0"/></net>

<net id="2974"><net_src comp="2962" pin="2"/><net_sink comp="2971" pin=0"/></net>

<net id="2980"><net_src comp="162" pin="0"/><net_sink comp="2975" pin=0"/></net>

<net id="2981"><net_src comp="2967" pin="1"/><net_sink comp="2975" pin=1"/></net>

<net id="2982"><net_src comp="164" pin="0"/><net_sink comp="2975" pin=2"/></net>

<net id="2987"><net_src comp="174" pin="0"/><net_sink comp="2983" pin=0"/></net>

<net id="2988"><net_src comp="2971" pin="1"/><net_sink comp="2983" pin=1"/></net>

<net id="2994"><net_src comp="2975" pin="3"/><net_sink comp="2989" pin=0"/></net>

<net id="2995"><net_src comp="2983" pin="2"/><net_sink comp="2989" pin=1"/></net>

<net id="2996"><net_src comp="2971" pin="1"/><net_sink comp="2989" pin=2"/></net>

<net id="3000"><net_src comp="2989" pin="3"/><net_sink comp="2997" pin=0"/></net>

<net id="3005"><net_src comp="2881" pin="1"/><net_sink comp="3001" pin=1"/></net>

<net id="3009"><net_src comp="3001" pin="2"/><net_sink comp="3006" pin=0"/></net>

<net id="3013"><net_src comp="3001" pin="2"/><net_sink comp="3010" pin=0"/></net>

<net id="3019"><net_src comp="162" pin="0"/><net_sink comp="3014" pin=0"/></net>

<net id="3020"><net_src comp="3006" pin="1"/><net_sink comp="3014" pin=1"/></net>

<net id="3021"><net_src comp="164" pin="0"/><net_sink comp="3014" pin=2"/></net>

<net id="3026"><net_src comp="174" pin="0"/><net_sink comp="3022" pin=0"/></net>

<net id="3027"><net_src comp="3010" pin="1"/><net_sink comp="3022" pin=1"/></net>

<net id="3033"><net_src comp="3014" pin="3"/><net_sink comp="3028" pin=0"/></net>

<net id="3034"><net_src comp="3022" pin="2"/><net_sink comp="3028" pin=1"/></net>

<net id="3035"><net_src comp="3010" pin="1"/><net_sink comp="3028" pin=2"/></net>

<net id="3039"><net_src comp="3028" pin="3"/><net_sink comp="3036" pin=0"/></net>

<net id="3044"><net_src comp="3036" pin="1"/><net_sink comp="3040" pin=0"/></net>

<net id="3045"><net_src comp="2997" pin="1"/><net_sink comp="3040" pin=1"/></net>

<net id="3049"><net_src comp="3040" pin="2"/><net_sink comp="3046" pin=0"/></net>

<net id="3054"><net_src comp="2958" pin="1"/><net_sink comp="3050" pin=0"/></net>

<net id="3055"><net_src comp="2919" pin="1"/><net_sink comp="3050" pin=1"/></net>

<net id="3059"><net_src comp="3050" pin="2"/><net_sink comp="3056" pin=0"/></net>

<net id="3064"><net_src comp="3056" pin="1"/><net_sink comp="3060" pin=0"/></net>

<net id="3065"><net_src comp="3046" pin="1"/><net_sink comp="3060" pin=1"/></net>

<net id="3072"><net_src comp="184" pin="0"/><net_sink comp="3066" pin=0"/></net>

<net id="3073"><net_src comp="3060" pin="2"/><net_sink comp="3066" pin=1"/></net>

<net id="3074"><net_src comp="106" pin="0"/><net_sink comp="3066" pin=2"/></net>

<net id="3075"><net_src comp="164" pin="0"/><net_sink comp="3066" pin=3"/></net>

<net id="3086"><net_src comp="3076" pin="1"/><net_sink comp="3082" pin=0"/></net>

<net id="3087"><net_src comp="186" pin="0"/><net_sink comp="3082" pin=1"/></net>

<net id="3091"><net_src comp="3082" pin="2"/><net_sink comp="3088" pin=0"/></net>

<net id="3096"><net_src comp="3088" pin="1"/><net_sink comp="3092" pin=0"/></net>

<net id="3103"><net_src comp="188" pin="0"/><net_sink comp="3097" pin=0"/></net>

<net id="3104"><net_src comp="3092" pin="2"/><net_sink comp="3097" pin=1"/></net>

<net id="3105"><net_src comp="190" pin="0"/><net_sink comp="3097" pin=2"/></net>

<net id="3106"><net_src comp="192" pin="0"/><net_sink comp="3097" pin=3"/></net>

<net id="3110"><net_src comp="3097" pin="4"/><net_sink comp="3107" pin=0"/></net>

<net id="3111"><net_src comp="3107" pin="1"/><net_sink comp="590" pin=2"/></net>

<net id="3116"><net_src comp="3079" pin="1"/><net_sink comp="3112" pin=0"/></net>

<net id="3117"><net_src comp="186" pin="0"/><net_sink comp="3112" pin=1"/></net>

<net id="3121"><net_src comp="3112" pin="2"/><net_sink comp="3118" pin=0"/></net>

<net id="3126"><net_src comp="3118" pin="1"/><net_sink comp="3122" pin=0"/></net>

<net id="3133"><net_src comp="188" pin="0"/><net_sink comp="3127" pin=0"/></net>

<net id="3134"><net_src comp="3122" pin="2"/><net_sink comp="3127" pin=1"/></net>

<net id="3135"><net_src comp="190" pin="0"/><net_sink comp="3127" pin=2"/></net>

<net id="3136"><net_src comp="192" pin="0"/><net_sink comp="3127" pin=3"/></net>

<net id="3140"><net_src comp="3127" pin="4"/><net_sink comp="3137" pin=0"/></net>

<net id="3141"><net_src comp="3137" pin="1"/><net_sink comp="615" pin=2"/></net>

<net id="3146"><net_src comp="3118" pin="1"/><net_sink comp="3142" pin=0"/></net>

<net id="3153"><net_src comp="188" pin="0"/><net_sink comp="3147" pin=0"/></net>

<net id="3154"><net_src comp="3142" pin="2"/><net_sink comp="3147" pin=1"/></net>

<net id="3155"><net_src comp="190" pin="0"/><net_sink comp="3147" pin=2"/></net>

<net id="3156"><net_src comp="192" pin="0"/><net_sink comp="3147" pin=3"/></net>

<net id="3160"><net_src comp="3147" pin="4"/><net_sink comp="3157" pin=0"/></net>

<net id="3161"><net_src comp="3157" pin="1"/><net_sink comp="623" pin=2"/></net>

<net id="3166"><net_src comp="3088" pin="1"/><net_sink comp="3162" pin=0"/></net>

<net id="3173"><net_src comp="188" pin="0"/><net_sink comp="3167" pin=0"/></net>

<net id="3174"><net_src comp="3162" pin="2"/><net_sink comp="3167" pin=1"/></net>

<net id="3175"><net_src comp="190" pin="0"/><net_sink comp="3167" pin=2"/></net>

<net id="3176"><net_src comp="192" pin="0"/><net_sink comp="3167" pin=3"/></net>

<net id="3180"><net_src comp="3167" pin="4"/><net_sink comp="3177" pin=0"/></net>

<net id="3181"><net_src comp="3177" pin="1"/><net_sink comp="631" pin=2"/></net>

<net id="3188"><net_src comp="194" pin="0"/><net_sink comp="3182" pin=0"/></net>

<net id="3189"><net_src comp="597" pin="15"/><net_sink comp="3182" pin=1"/></net>

<net id="3190"><net_src comp="106" pin="0"/><net_sink comp="3182" pin=2"/></net>

<net id="3191"><net_src comp="196" pin="0"/><net_sink comp="3182" pin=3"/></net>

<net id="3198"><net_src comp="198" pin="0"/><net_sink comp="3192" pin=0"/></net>

<net id="3199"><net_src comp="597" pin="11"/><net_sink comp="3192" pin=1"/></net>

<net id="3200"><net_src comp="170" pin="0"/><net_sink comp="3192" pin=2"/></net>

<net id="3201"><net_src comp="196" pin="0"/><net_sink comp="3192" pin=3"/></net>

<net id="3205"><net_src comp="3192" pin="4"/><net_sink comp="3202" pin=0"/></net>

<net id="3212"><net_src comp="198" pin="0"/><net_sink comp="3206" pin=0"/></net>

<net id="3213"><net_src comp="597" pin="7"/><net_sink comp="3206" pin=1"/></net>

<net id="3214"><net_src comp="170" pin="0"/><net_sink comp="3206" pin=2"/></net>

<net id="3215"><net_src comp="196" pin="0"/><net_sink comp="3206" pin=3"/></net>

<net id="3219"><net_src comp="3206" pin="4"/><net_sink comp="3216" pin=0"/></net>

<net id="3226"><net_src comp="194" pin="0"/><net_sink comp="3220" pin=0"/></net>

<net id="3227"><net_src comp="597" pin="3"/><net_sink comp="3220" pin=1"/></net>

<net id="3228"><net_src comp="106" pin="0"/><net_sink comp="3220" pin=2"/></net>

<net id="3229"><net_src comp="196" pin="0"/><net_sink comp="3220" pin=3"/></net>

<net id="3234"><net_src comp="3202" pin="1"/><net_sink comp="3230" pin=0"/></net>

<net id="3235"><net_src comp="3216" pin="1"/><net_sink comp="3230" pin=1"/></net>

<net id="3249"><net_src comp="3242" pin="1"/><net_sink comp="3245" pin=0"/></net>

<net id="3250"><net_src comp="3236" pin="1"/><net_sink comp="3245" pin=1"/></net>

<net id="3254"><net_src comp="3245" pin="2"/><net_sink comp="3251" pin=0"/></net>

<net id="3259"><net_src comp="3251" pin="1"/><net_sink comp="3255" pin=0"/></net>

<net id="3260"><net_src comp="3239" pin="1"/><net_sink comp="3255" pin=1"/></net>

<net id="3264"><net_src comp="3255" pin="2"/><net_sink comp="3261" pin=0"/></net>

<net id="3265"><net_src comp="3261" pin="1"/><net_sink comp="639" pin=2"/></net>

<net id="3279"><net_src comp="3272" pin="1"/><net_sink comp="3275" pin=1"/></net>

<net id="3286"><net_src comp="200" pin="0"/><net_sink comp="3280" pin=0"/></net>

<net id="3287"><net_src comp="3275" pin="2"/><net_sink comp="3280" pin=1"/></net>

<net id="3288"><net_src comp="202" pin="0"/><net_sink comp="3280" pin=2"/></net>

<net id="3289"><net_src comp="204" pin="0"/><net_sink comp="3280" pin=3"/></net>

<net id="3297"><net_src comp="3290" pin="1"/><net_sink comp="3293" pin=1"/></net>

<net id="3304"><net_src comp="200" pin="0"/><net_sink comp="3298" pin=0"/></net>

<net id="3305"><net_src comp="3293" pin="2"/><net_sink comp="3298" pin=1"/></net>

<net id="3306"><net_src comp="202" pin="0"/><net_sink comp="3298" pin=2"/></net>

<net id="3307"><net_src comp="204" pin="0"/><net_sink comp="3298" pin=3"/></net>

<net id="3315"><net_src comp="3308" pin="1"/><net_sink comp="3311" pin=1"/></net>

<net id="3322"><net_src comp="200" pin="0"/><net_sink comp="3316" pin=0"/></net>

<net id="3323"><net_src comp="3311" pin="2"/><net_sink comp="3316" pin=1"/></net>

<net id="3324"><net_src comp="202" pin="0"/><net_sink comp="3316" pin=2"/></net>

<net id="3325"><net_src comp="204" pin="0"/><net_sink comp="3316" pin=3"/></net>

<net id="3333"><net_src comp="3326" pin="1"/><net_sink comp="3329" pin=1"/></net>

<net id="3340"><net_src comp="200" pin="0"/><net_sink comp="3334" pin=0"/></net>

<net id="3341"><net_src comp="3329" pin="2"/><net_sink comp="3334" pin=1"/></net>

<net id="3342"><net_src comp="202" pin="0"/><net_sink comp="3334" pin=2"/></net>

<net id="3343"><net_src comp="204" pin="0"/><net_sink comp="3334" pin=3"/></net>

<net id="3347"><net_src comp="3334" pin="4"/><net_sink comp="3344" pin=0"/></net>

<net id="3351"><net_src comp="3280" pin="4"/><net_sink comp="3348" pin=0"/></net>

<net id="3368"><net_src comp="3355" pin="1"/><net_sink comp="3364" pin=0"/></net>

<net id="3369"><net_src comp="3358" pin="1"/><net_sink comp="3364" pin=1"/></net>

<net id="3374"><net_src comp="3352" pin="1"/><net_sink comp="3370" pin=0"/></net>

<net id="3375"><net_src comp="3361" pin="1"/><net_sink comp="3370" pin=1"/></net>

<net id="3392"><net_src comp="3385" pin="1"/><net_sink comp="3388" pin=0"/></net>

<net id="3393"><net_src comp="3382" pin="1"/><net_sink comp="3388" pin=1"/></net>

<net id="3397"><net_src comp="3388" pin="2"/><net_sink comp="3394" pin=0"/></net>

<net id="3402"><net_src comp="206" pin="0"/><net_sink comp="3398" pin=0"/></net>

<net id="3403"><net_src comp="3394" pin="1"/><net_sink comp="3398" pin=1"/></net>

<net id="3410"><net_src comp="208" pin="0"/><net_sink comp="3404" pin=0"/></net>

<net id="3411"><net_src comp="3398" pin="2"/><net_sink comp="3404" pin=1"/></net>

<net id="3412"><net_src comp="164" pin="0"/><net_sink comp="3404" pin=2"/></net>

<net id="3413"><net_src comp="210" pin="0"/><net_sink comp="3404" pin=3"/></net>

<net id="3417"><net_src comp="745" pin="1"/><net_sink comp="3414" pin=0"/></net>

<net id="3423"><net_src comp="212" pin="0"/><net_sink comp="3418" pin=0"/></net>

<net id="3424"><net_src comp="210" pin="0"/><net_sink comp="3418" pin=2"/></net>

<net id="3429"><net_src comp="214" pin="0"/><net_sink comp="3425" pin=0"/></net>

<net id="3436"><net_src comp="216" pin="0"/><net_sink comp="3430" pin=0"/></net>

<net id="3437"><net_src comp="164" pin="0"/><net_sink comp="3430" pin=2"/></net>

<net id="3438"><net_src comp="210" pin="0"/><net_sink comp="3430" pin=3"/></net>

<net id="3444"><net_src comp="3418" pin="3"/><net_sink comp="3439" pin=0"/></net>

<net id="3445"><net_src comp="3425" pin="2"/><net_sink comp="3439" pin=1"/></net>

<net id="3446"><net_src comp="3430" pin="4"/><net_sink comp="3439" pin=2"/></net>

<net id="3450"><net_src comp="3439" pin="3"/><net_sink comp="3447" pin=0"/></net>

<net id="3455"><net_src comp="3447" pin="1"/><net_sink comp="3451" pin=0"/></net>

<net id="3456"><net_src comp="3414" pin="1"/><net_sink comp="3451" pin=1"/></net>

<net id="3462"><net_src comp="3451" pin="2"/><net_sink comp="3457" pin=1"/></net>

<net id="3463"><net_src comp="3414" pin="1"/><net_sink comp="3457" pin=2"/></net>

<net id="3467"><net_src comp="3457" pin="3"/><net_sink comp="3464" pin=0"/></net>

<net id="3473"><net_src comp="218" pin="0"/><net_sink comp="3468" pin=0"/></net>

<net id="3474"><net_src comp="3464" pin="1"/><net_sink comp="3468" pin=1"/></net>

<net id="3475"><net_src comp="220" pin="0"/><net_sink comp="3468" pin=2"/></net>

<net id="3482"><net_src comp="222" pin="0"/><net_sink comp="3476" pin=0"/></net>

<net id="3483"><net_src comp="3457" pin="3"/><net_sink comp="3476" pin=1"/></net>

<net id="3484"><net_src comp="178" pin="0"/><net_sink comp="3476" pin=2"/></net>

<net id="3485"><net_src comp="164" pin="0"/><net_sink comp="3476" pin=3"/></net>

<net id="3490"><net_src comp="3476" pin="4"/><net_sink comp="3486" pin=0"/></net>

<net id="3491"><net_src comp="224" pin="0"/><net_sink comp="3486" pin=1"/></net>

<net id="3495"><net_src comp="3457" pin="3"/><net_sink comp="3492" pin=0"/></net>

<net id="3500"><net_src comp="3468" pin="3"/><net_sink comp="3496" pin=0"/></net>

<net id="3501"><net_src comp="226" pin="0"/><net_sink comp="3496" pin=1"/></net>

<net id="3507"><net_src comp="3496" pin="2"/><net_sink comp="3502" pin=0"/></net>

<net id="3508"><net_src comp="228" pin="0"/><net_sink comp="3502" pin=1"/></net>

<net id="3509"><net_src comp="180" pin="0"/><net_sink comp="3502" pin=2"/></net>

<net id="3514"><net_src comp="3468" pin="3"/><net_sink comp="3510" pin=0"/></net>

<net id="3515"><net_src comp="3486" pin="2"/><net_sink comp="3510" pin=1"/></net>

<net id="3521"><net_src comp="3510" pin="2"/><net_sink comp="3516" pin=0"/></net>

<net id="3522"><net_src comp="3502" pin="3"/><net_sink comp="3516" pin=1"/></net>

<net id="3523"><net_src comp="3492" pin="1"/><net_sink comp="3516" pin=2"/></net>

<net id="3529"><net_src comp="745" pin="1"/><net_sink comp="3524" pin=1"/></net>

<net id="3530"><net_src comp="180" pin="0"/><net_sink comp="3524" pin=2"/></net>

<net id="3536"><net_src comp="180" pin="0"/><net_sink comp="3531" pin=1"/></net>

<net id="3537"><net_src comp="745" pin="1"/><net_sink comp="3531" pin=2"/></net>

<net id="3543"><net_src comp="3524" pin="3"/><net_sink comp="3538" pin=1"/></net>

<net id="3544"><net_src comp="180" pin="0"/><net_sink comp="3538" pin=2"/></net>

<net id="3550"><net_src comp="3531" pin="3"/><net_sink comp="3545" pin=1"/></net>

<net id="3551"><net_src comp="180" pin="0"/><net_sink comp="3545" pin=2"/></net>

<net id="3558"><net_src comp="230" pin="0"/><net_sink comp="3552" pin=0"/></net>

<net id="3559"><net_src comp="3545" pin="3"/><net_sink comp="3552" pin=1"/></net>

<net id="3560"><net_src comp="3538" pin="3"/><net_sink comp="3552" pin=3"/></net>

<net id="3561"><net_src comp="3552" pin="4"/><net_sink comp="514" pin=2"/></net>

<net id="3566"><net_src comp="62" pin="0"/><net_sink comp="3562" pin=1"/></net>

<net id="3571"><net_src comp="64" pin="0"/><net_sink comp="3567" pin=1"/></net>

<net id="3576"><net_src comp="66" pin="0"/><net_sink comp="3572" pin=1"/></net>

<net id="3581"><net_src comp="68" pin="0"/><net_sink comp="3577" pin=1"/></net>

<net id="3586"><net_src comp="70" pin="0"/><net_sink comp="3582" pin=1"/></net>

<net id="3591"><net_src comp="72" pin="0"/><net_sink comp="3587" pin=1"/></net>

<net id="3596"><net_src comp="74" pin="0"/><net_sink comp="3592" pin=1"/></net>

<net id="3601"><net_src comp="76" pin="0"/><net_sink comp="3597" pin=1"/></net>

<net id="3606"><net_src comp="78" pin="0"/><net_sink comp="3602" pin=1"/></net>

<net id="3611"><net_src comp="80" pin="0"/><net_sink comp="3607" pin=1"/></net>

<net id="3616"><net_src comp="82" pin="0"/><net_sink comp="3612" pin=1"/></net>

<net id="3621"><net_src comp="84" pin="0"/><net_sink comp="3617" pin=1"/></net>

<net id="3626"><net_src comp="86" pin="0"/><net_sink comp="3622" pin=1"/></net>

<net id="3631"><net_src comp="88" pin="0"/><net_sink comp="3627" pin=1"/></net>

<net id="3636"><net_src comp="90" pin="0"/><net_sink comp="3632" pin=1"/></net>

<net id="3641"><net_src comp="92" pin="0"/><net_sink comp="3637" pin=1"/></net>

<net id="3646"><net_src comp="94" pin="0"/><net_sink comp="3642" pin=1"/></net>

<net id="3651"><net_src comp="96" pin="0"/><net_sink comp="3647" pin=1"/></net>

<net id="3656"><net_src comp="98" pin="0"/><net_sink comp="3652" pin=1"/></net>

<net id="3661"><net_src comp="100" pin="0"/><net_sink comp="3657" pin=1"/></net>

<net id="3667"><net_src comp="3269" pin="1"/><net_sink comp="3662" pin=0"/></net>

<net id="3668"><net_src comp="3344" pin="1"/><net_sink comp="3662" pin=1"/></net>

<net id="3669"><net_src comp="3376" pin="1"/><net_sink comp="3662" pin=2"/></net>

<net id="3670"><net_src comp="3662" pin="3"/><net_sink comp="3385" pin=0"/></net>

<net id="3676"><net_src comp="3266" pin="1"/><net_sink comp="3671" pin=0"/></net>

<net id="3677"><net_src comp="3348" pin="1"/><net_sink comp="3671" pin=1"/></net>

<net id="3678"><net_src comp="3379" pin="1"/><net_sink comp="3671" pin=2"/></net>

<net id="3679"><net_src comp="3671" pin="3"/><net_sink comp="3382" pin=0"/></net>

<net id="3683"><net_src comp="234" pin="1"/><net_sink comp="3680" pin=0"/></net>

<net id="3684"><net_src comp="3680" pin="1"/><net_sink comp="975" pin=1"/></net>

<net id="3685"><net_src comp="3680" pin="1"/><net_sink comp="980" pin=0"/></net>

<net id="3686"><net_src comp="3680" pin="1"/><net_sink comp="1055" pin=1"/></net>

<net id="3690"><net_src comp="238" pin="1"/><net_sink comp="3687" pin=0"/></net>

<net id="3691"><net_src comp="3687" pin="1"/><net_sink comp="970" pin=1"/></net>

<net id="3692"><net_src comp="3687" pin="1"/><net_sink comp="1060" pin=0"/></net>

<net id="3693"><net_src comp="3687" pin="1"/><net_sink comp="1095" pin=1"/></net>

<net id="3694"><net_src comp="3687" pin="1"/><net_sink comp="1320" pin=0"/></net>

<net id="3698"><net_src comp="242" pin="1"/><net_sink comp="3695" pin=0"/></net>

<net id="3699"><net_src comp="3695" pin="1"/><net_sink comp="965" pin=1"/></net>

<net id="3700"><net_src comp="3695" pin="1"/><net_sink comp="1063" pin=0"/></net>

<net id="3701"><net_src comp="3695" pin="1"/><net_sink comp="1090" pin=1"/></net>

<net id="3702"><net_src comp="3695" pin="1"/><net_sink comp="1323" pin=0"/></net>

<net id="3706"><net_src comp="246" pin="1"/><net_sink comp="3703" pin=0"/></net>

<net id="3707"><net_src comp="3703" pin="1"/><net_sink comp="960" pin=1"/></net>

<net id="3708"><net_src comp="3703" pin="1"/><net_sink comp="1066" pin=0"/></net>

<net id="3709"><net_src comp="3703" pin="1"/><net_sink comp="1085" pin=1"/></net>

<net id="3710"><net_src comp="3703" pin="1"/><net_sink comp="1326" pin=0"/></net>

<net id="3714"><net_src comp="250" pin="1"/><net_sink comp="3711" pin=0"/></net>

<net id="3715"><net_src comp="3711" pin="1"/><net_sink comp="955" pin=1"/></net>

<net id="3716"><net_src comp="3711" pin="1"/><net_sink comp="1069" pin=0"/></net>

<net id="3717"><net_src comp="3711" pin="1"/><net_sink comp="1080" pin=1"/></net>

<net id="3718"><net_src comp="3711" pin="1"/><net_sink comp="1329" pin=0"/></net>

<net id="3722"><net_src comp="254" pin="1"/><net_sink comp="3719" pin=0"/></net>

<net id="3723"><net_src comp="3719" pin="1"/><net_sink comp="950" pin=1"/></net>

<net id="3724"><net_src comp="3719" pin="1"/><net_sink comp="1072" pin=0"/></net>

<net id="3725"><net_src comp="3719" pin="1"/><net_sink comp="1075" pin=1"/></net>

<net id="3726"><net_src comp="3719" pin="1"/><net_sink comp="1332" pin=0"/></net>

<net id="3730"><net_src comp="258" pin="1"/><net_sink comp="3727" pin=0"/></net>

<net id="3731"><net_src comp="3727" pin="1"/><net_sink comp="945" pin=1"/></net>

<net id="3732"><net_src comp="3727" pin="1"/><net_sink comp="1100" pin=0"/></net>

<net id="3733"><net_src comp="3727" pin="1"/><net_sink comp="1785" pin=1"/></net>

<net id="3737"><net_src comp="262" pin="1"/><net_sink comp="3734" pin=0"/></net>

<net id="3738"><net_src comp="3734" pin="1"/><net_sink comp="940" pin=1"/></net>

<net id="3739"><net_src comp="3734" pin="1"/><net_sink comp="1104" pin=0"/></net>

<net id="3740"><net_src comp="3734" pin="1"/><net_sink comp="1780" pin=1"/></net>

<net id="3744"><net_src comp="266" pin="1"/><net_sink comp="3741" pin=0"/></net>

<net id="3745"><net_src comp="3741" pin="1"/><net_sink comp="935" pin=1"/></net>

<net id="3746"><net_src comp="3741" pin="1"/><net_sink comp="1108" pin=0"/></net>

<net id="3747"><net_src comp="3741" pin="1"/><net_sink comp="1775" pin=1"/></net>

<net id="3751"><net_src comp="270" pin="1"/><net_sink comp="3748" pin=0"/></net>

<net id="3752"><net_src comp="3748" pin="1"/><net_sink comp="930" pin=1"/></net>

<net id="3753"><net_src comp="3748" pin="1"/><net_sink comp="1112" pin=0"/></net>

<net id="3754"><net_src comp="3748" pin="1"/><net_sink comp="1770" pin=1"/></net>

<net id="3758"><net_src comp="274" pin="1"/><net_sink comp="3755" pin=0"/></net>

<net id="3759"><net_src comp="3755" pin="1"/><net_sink comp="925" pin=1"/></net>

<net id="3760"><net_src comp="3755" pin="1"/><net_sink comp="1116" pin=0"/></net>

<net id="3761"><net_src comp="3755" pin="1"/><net_sink comp="1765" pin=1"/></net>

<net id="3765"><net_src comp="278" pin="1"/><net_sink comp="3762" pin=0"/></net>

<net id="3766"><net_src comp="3762" pin="1"/><net_sink comp="920" pin=1"/></net>

<net id="3767"><net_src comp="3762" pin="1"/><net_sink comp="1120" pin=0"/></net>

<net id="3768"><net_src comp="3762" pin="1"/><net_sink comp="1760" pin=1"/></net>

<net id="3772"><net_src comp="282" pin="1"/><net_sink comp="3769" pin=0"/></net>

<net id="3773"><net_src comp="3769" pin="1"/><net_sink comp="915" pin=1"/></net>

<net id="3774"><net_src comp="3769" pin="1"/><net_sink comp="1124" pin=0"/></net>

<net id="3775"><net_src comp="3769" pin="1"/><net_sink comp="1755" pin=1"/></net>

<net id="3779"><net_src comp="286" pin="1"/><net_sink comp="3776" pin=0"/></net>

<net id="3780"><net_src comp="3776" pin="1"/><net_sink comp="910" pin=1"/></net>

<net id="3781"><net_src comp="3776" pin="1"/><net_sink comp="1128" pin=0"/></net>

<net id="3782"><net_src comp="3776" pin="1"/><net_sink comp="1750" pin=1"/></net>

<net id="3786"><net_src comp="290" pin="1"/><net_sink comp="3783" pin=0"/></net>

<net id="3787"><net_src comp="3783" pin="1"/><net_sink comp="905" pin=1"/></net>

<net id="3788"><net_src comp="3783" pin="1"/><net_sink comp="1132" pin=0"/></net>

<net id="3789"><net_src comp="3783" pin="1"/><net_sink comp="1745" pin=1"/></net>

<net id="3793"><net_src comp="294" pin="1"/><net_sink comp="3790" pin=0"/></net>

<net id="3794"><net_src comp="3790" pin="1"/><net_sink comp="900" pin=1"/></net>

<net id="3795"><net_src comp="3790" pin="1"/><net_sink comp="1136" pin=0"/></net>

<net id="3796"><net_src comp="3790" pin="1"/><net_sink comp="1740" pin=1"/></net>

<net id="3800"><net_src comp="298" pin="1"/><net_sink comp="3797" pin=0"/></net>

<net id="3801"><net_src comp="3797" pin="1"/><net_sink comp="895" pin=1"/></net>

<net id="3802"><net_src comp="3797" pin="1"/><net_sink comp="1140" pin=0"/></net>

<net id="3803"><net_src comp="3797" pin="1"/><net_sink comp="1735" pin=1"/></net>

<net id="3807"><net_src comp="302" pin="1"/><net_sink comp="3804" pin=0"/></net>

<net id="3808"><net_src comp="3804" pin="1"/><net_sink comp="890" pin=1"/></net>

<net id="3809"><net_src comp="3804" pin="1"/><net_sink comp="1144" pin=0"/></net>

<net id="3810"><net_src comp="3804" pin="1"/><net_sink comp="1730" pin=1"/></net>

<net id="3814"><net_src comp="306" pin="1"/><net_sink comp="3811" pin=0"/></net>

<net id="3815"><net_src comp="3811" pin="1"/><net_sink comp="885" pin=1"/></net>

<net id="3816"><net_src comp="3811" pin="1"/><net_sink comp="1148" pin=0"/></net>

<net id="3817"><net_src comp="3811" pin="1"/><net_sink comp="1725" pin=1"/></net>

<net id="3821"><net_src comp="310" pin="1"/><net_sink comp="3818" pin=0"/></net>

<net id="3822"><net_src comp="3818" pin="1"/><net_sink comp="880" pin=1"/></net>

<net id="3823"><net_src comp="3818" pin="1"/><net_sink comp="1152" pin=0"/></net>

<net id="3824"><net_src comp="3818" pin="1"/><net_sink comp="1720" pin=1"/></net>

<net id="3828"><net_src comp="314" pin="1"/><net_sink comp="3825" pin=0"/></net>

<net id="3829"><net_src comp="3825" pin="1"/><net_sink comp="875" pin=1"/></net>

<net id="3830"><net_src comp="3825" pin="1"/><net_sink comp="1156" pin=0"/></net>

<net id="3831"><net_src comp="3825" pin="1"/><net_sink comp="1715" pin=1"/></net>

<net id="3835"><net_src comp="849" pin="2"/><net_sink comp="3832" pin=0"/></net>

<net id="3839"><net_src comp="855" pin="2"/><net_sink comp="3836" pin=0"/></net>

<net id="3840"><net_src comp="3836" pin="1"/><net_sink comp="1299" pin=0"/></net>

<net id="3841"><net_src comp="3836" pin="1"/><net_sink comp="1306" pin=0"/></net>

<net id="3842"><net_src comp="3836" pin="1"/><net_sink comp="1313" pin=0"/></net>

<net id="3846"><net_src comp="869" pin="2"/><net_sink comp="3843" pin=0"/></net>

<net id="3847"><net_src comp="3843" pin="1"/><net_sink comp="3524" pin=0"/></net>

<net id="3848"><net_src comp="3843" pin="1"/><net_sink comp="3531" pin=0"/></net>

<net id="3852"><net_src comp="983" pin="2"/><net_sink comp="3849" pin=0"/></net>

<net id="3856"><net_src comp="1013" pin="2"/><net_sink comp="3853" pin=0"/></net>

<net id="3860"><net_src comp="521" pin="3"/><net_sink comp="3857" pin=0"/></net>

<net id="3861"><net_src comp="3857" pin="1"/><net_sink comp="528" pin=2"/></net>

<net id="3862"><net_src comp="3857" pin="1"/><net_sink comp="528" pin=0"/></net>

<net id="3866"><net_src comp="538" pin="3"/><net_sink comp="3863" pin=0"/></net>

<net id="3867"><net_src comp="3863" pin="1"/><net_sink comp="545" pin=2"/></net>

<net id="3868"><net_src comp="3863" pin="1"/><net_sink comp="545" pin=0"/></net>

<net id="3872"><net_src comp="555" pin="3"/><net_sink comp="3869" pin=0"/></net>

<net id="3873"><net_src comp="3869" pin="1"/><net_sink comp="562" pin=2"/></net>

<net id="3874"><net_src comp="3869" pin="1"/><net_sink comp="562" pin=0"/></net>

<net id="3878"><net_src comp="572" pin="3"/><net_sink comp="3875" pin=0"/></net>

<net id="3879"><net_src comp="3875" pin="1"/><net_sink comp="579" pin=2"/></net>

<net id="3880"><net_src comp="3875" pin="1"/><net_sink comp="579" pin=0"/></net>

<net id="3884"><net_src comp="1019" pin="2"/><net_sink comp="3881" pin=0"/></net>

<net id="3885"><net_src comp="3881" pin="1"/><net_sink comp="1160" pin=0"/></net>

<net id="3886"><net_src comp="3881" pin="1"/><net_sink comp="1166" pin=0"/></net>

<net id="3887"><net_src comp="3881" pin="1"/><net_sink comp="1173" pin=0"/></net>

<net id="3888"><net_src comp="3881" pin="1"/><net_sink comp="1180" pin=0"/></net>

<net id="3889"><net_src comp="3881" pin="1"/><net_sink comp="1187" pin=0"/></net>

<net id="3890"><net_src comp="3881" pin="1"/><net_sink comp="1193" pin=0"/></net>

<net id="3891"><net_src comp="3881" pin="1"/><net_sink comp="1200" pin=0"/></net>

<net id="3892"><net_src comp="3881" pin="1"/><net_sink comp="1207" pin=0"/></net>

<net id="3893"><net_src comp="3881" pin="1"/><net_sink comp="1214" pin=0"/></net>

<net id="3894"><net_src comp="3881" pin="1"/><net_sink comp="1220" pin=0"/></net>

<net id="3895"><net_src comp="3881" pin="1"/><net_sink comp="1227" pin=0"/></net>

<net id="3896"><net_src comp="3881" pin="1"/><net_sink comp="1234" pin=0"/></net>

<net id="3897"><net_src comp="3881" pin="1"/><net_sink comp="1241" pin=0"/></net>

<net id="3898"><net_src comp="3881" pin="1"/><net_sink comp="1247" pin=0"/></net>

<net id="3899"><net_src comp="3881" pin="1"/><net_sink comp="1254" pin=0"/></net>

<net id="3900"><net_src comp="3881" pin="1"/><net_sink comp="1261" pin=0"/></net>

<net id="3901"><net_src comp="3881" pin="1"/><net_sink comp="1268" pin=0"/></net>

<net id="3902"><net_src comp="3881" pin="1"/><net_sink comp="1275" pin=0"/></net>

<net id="3903"><net_src comp="3881" pin="1"/><net_sink comp="1283" pin=0"/></net>

<net id="3904"><net_src comp="3881" pin="1"/><net_sink comp="1291" pin=0"/></net>

<net id="3908"><net_src comp="1035" pin="2"/><net_sink comp="3905" pin=0"/></net>

<net id="3909"><net_src comp="3905" pin="1"/><net_sink comp="3457" pin=0"/></net>

<net id="3910"><net_src comp="3905" pin="1"/><net_sink comp="3538" pin=0"/></net>

<net id="3911"><net_src comp="3905" pin="1"/><net_sink comp="3545" pin=0"/></net>

<net id="3915"><net_src comp="1047" pin="3"/><net_sink comp="3912" pin=0"/></net>

<net id="3919"><net_src comp="1060" pin="1"/><net_sink comp="3916" pin=0"/></net>

<net id="3920"><net_src comp="3916" pin="1"/><net_sink comp="1187" pin=2"/></net>

<net id="3921"><net_src comp="3916" pin="1"/><net_sink comp="812" pin=2"/></net>

<net id="3922"><net_src comp="3916" pin="1"/><net_sink comp="3582" pin=0"/></net>

<net id="3926"><net_src comp="1063" pin="1"/><net_sink comp="3923" pin=0"/></net>

<net id="3927"><net_src comp="3923" pin="1"/><net_sink comp="1160" pin=2"/></net>

<net id="3928"><net_src comp="3923" pin="1"/><net_sink comp="776" pin=2"/></net>

<net id="3929"><net_src comp="3923" pin="1"/><net_sink comp="3577" pin=0"/></net>

<net id="3933"><net_src comp="1066" pin="1"/><net_sink comp="3930" pin=0"/></net>

<net id="3934"><net_src comp="3930" pin="1"/><net_sink comp="1241" pin=2"/></net>

<net id="3935"><net_src comp="3930" pin="1"/><net_sink comp="739" pin=2"/></net>

<net id="3936"><net_src comp="3930" pin="1"/><net_sink comp="3572" pin=0"/></net>

<net id="3940"><net_src comp="1069" pin="1"/><net_sink comp="3937" pin=0"/></net>

<net id="3941"><net_src comp="3937" pin="1"/><net_sink comp="1214" pin=2"/></net>

<net id="3942"><net_src comp="3937" pin="1"/><net_sink comp="703" pin=2"/></net>

<net id="3943"><net_src comp="3937" pin="1"/><net_sink comp="3567" pin=0"/></net>

<net id="3947"><net_src comp="1072" pin="1"/><net_sink comp="3944" pin=0"/></net>

<net id="3948"><net_src comp="3944" pin="1"/><net_sink comp="1268" pin=2"/></net>

<net id="3949"><net_src comp="3944" pin="1"/><net_sink comp="667" pin=2"/></net>

<net id="3950"><net_src comp="3944" pin="1"/><net_sink comp="3562" pin=0"/></net>

<net id="3954"><net_src comp="528" pin="7"/><net_sink comp="3951" pin=0"/></net>

<net id="3955"><net_src comp="3951" pin="1"/><net_sink comp="1214" pin=1"/></net>

<net id="3956"><net_src comp="3951" pin="1"/><net_sink comp="1220" pin=1"/></net>

<net id="3957"><net_src comp="3951" pin="1"/><net_sink comp="1227" pin=1"/></net>

<net id="3958"><net_src comp="3951" pin="1"/><net_sink comp="1234" pin=1"/></net>

<net id="3959"><net_src comp="3951" pin="1"/><net_sink comp="1313" pin=1"/></net>

<net id="3963"><net_src comp="545" pin="7"/><net_sink comp="3960" pin=0"/></net>

<net id="3964"><net_src comp="3960" pin="1"/><net_sink comp="1241" pin=1"/></net>

<net id="3965"><net_src comp="3960" pin="1"/><net_sink comp="1247" pin=1"/></net>

<net id="3966"><net_src comp="3960" pin="1"/><net_sink comp="1254" pin=1"/></net>

<net id="3967"><net_src comp="3960" pin="1"/><net_sink comp="1261" pin=1"/></net>

<net id="3968"><net_src comp="3960" pin="1"/><net_sink comp="1299" pin=1"/></net>

<net id="3972"><net_src comp="562" pin="7"/><net_sink comp="3969" pin=0"/></net>

<net id="3973"><net_src comp="3969" pin="1"/><net_sink comp="1160" pin=1"/></net>

<net id="3974"><net_src comp="3969" pin="1"/><net_sink comp="1166" pin=1"/></net>

<net id="3975"><net_src comp="3969" pin="1"/><net_sink comp="1173" pin=1"/></net>

<net id="3976"><net_src comp="3969" pin="1"/><net_sink comp="1180" pin=1"/></net>

<net id="3977"><net_src comp="3969" pin="1"/><net_sink comp="1306" pin=1"/></net>

<net id="3981"><net_src comp="579" pin="7"/><net_sink comp="3978" pin=0"/></net>

<net id="3982"><net_src comp="3978" pin="1"/><net_sink comp="1187" pin=1"/></net>

<net id="3983"><net_src comp="3978" pin="1"/><net_sink comp="1193" pin=1"/></net>

<net id="3984"><net_src comp="3978" pin="1"/><net_sink comp="1200" pin=1"/></net>

<net id="3985"><net_src comp="3978" pin="1"/><net_sink comp="1207" pin=1"/></net>

<net id="3989"><net_src comp="1100" pin="1"/><net_sink comp="3986" pin=0"/></net>

<net id="3990"><net_src comp="3986" pin="1"/><net_sink comp="3657" pin=0"/></net>

<net id="3994"><net_src comp="1104" pin="1"/><net_sink comp="3991" pin=0"/></net>

<net id="3995"><net_src comp="3991" pin="1"/><net_sink comp="3652" pin=0"/></net>

<net id="3999"><net_src comp="1108" pin="1"/><net_sink comp="3996" pin=0"/></net>

<net id="4000"><net_src comp="3996" pin="1"/><net_sink comp="3647" pin=0"/></net>

<net id="4004"><net_src comp="1112" pin="1"/><net_sink comp="4001" pin=0"/></net>

<net id="4005"><net_src comp="4001" pin="1"/><net_sink comp="3642" pin=0"/></net>

<net id="4009"><net_src comp="1116" pin="1"/><net_sink comp="4006" pin=0"/></net>

<net id="4010"><net_src comp="4006" pin="1"/><net_sink comp="3637" pin=0"/></net>

<net id="4014"><net_src comp="1120" pin="1"/><net_sink comp="4011" pin=0"/></net>

<net id="4015"><net_src comp="4011" pin="1"/><net_sink comp="3632" pin=0"/></net>

<net id="4019"><net_src comp="1124" pin="1"/><net_sink comp="4016" pin=0"/></net>

<net id="4020"><net_src comp="4016" pin="1"/><net_sink comp="3627" pin=0"/></net>

<net id="4024"><net_src comp="1128" pin="1"/><net_sink comp="4021" pin=0"/></net>

<net id="4025"><net_src comp="4021" pin="1"/><net_sink comp="3622" pin=0"/></net>

<net id="4029"><net_src comp="1132" pin="1"/><net_sink comp="4026" pin=0"/></net>

<net id="4030"><net_src comp="4026" pin="1"/><net_sink comp="3617" pin=0"/></net>

<net id="4034"><net_src comp="1136" pin="1"/><net_sink comp="4031" pin=0"/></net>

<net id="4035"><net_src comp="4031" pin="1"/><net_sink comp="3612" pin=0"/></net>

<net id="4039"><net_src comp="1140" pin="1"/><net_sink comp="4036" pin=0"/></net>

<net id="4040"><net_src comp="4036" pin="1"/><net_sink comp="3607" pin=0"/></net>

<net id="4044"><net_src comp="1144" pin="1"/><net_sink comp="4041" pin=0"/></net>

<net id="4045"><net_src comp="4041" pin="1"/><net_sink comp="3602" pin=0"/></net>

<net id="4049"><net_src comp="1148" pin="1"/><net_sink comp="4046" pin=0"/></net>

<net id="4050"><net_src comp="4046" pin="1"/><net_sink comp="3597" pin=0"/></net>

<net id="4054"><net_src comp="1152" pin="1"/><net_sink comp="4051" pin=0"/></net>

<net id="4055"><net_src comp="4051" pin="1"/><net_sink comp="3592" pin=0"/></net>

<net id="4059"><net_src comp="1156" pin="1"/><net_sink comp="4056" pin=0"/></net>

<net id="4060"><net_src comp="4056" pin="1"/><net_sink comp="3587" pin=0"/></net>

<net id="4064"><net_src comp="1347" pin="1"/><net_sink comp="4061" pin=0"/></net>

<net id="4065"><net_src comp="4061" pin="1"/><net_sink comp="2128" pin=0"/></net>

<net id="4069"><net_src comp="1355" pin="1"/><net_sink comp="4066" pin=0"/></net>

<net id="4070"><net_src comp="4066" pin="1"/><net_sink comp="2128" pin=1"/></net>

<net id="4071"><net_src comp="4066" pin="1"/><net_sink comp="2162" pin=1"/></net>

<net id="4072"><net_src comp="4066" pin="1"/><net_sink comp="2212" pin=1"/></net>

<net id="4073"><net_src comp="4066" pin="1"/><net_sink comp="2246" pin=1"/></net>

<net id="4077"><net_src comp="1369" pin="2"/><net_sink comp="4074" pin=0"/></net>

<net id="4078"><net_src comp="4074" pin="1"/><net_sink comp="1793" pin=0"/></net>

<net id="4082"><net_src comp="1405" pin="2"/><net_sink comp="4079" pin=0"/></net>

<net id="4083"><net_src comp="4079" pin="1"/><net_sink comp="1832" pin=0"/></net>

<net id="4087"><net_src comp="1423" pin="1"/><net_sink comp="4084" pin=0"/></net>

<net id="4088"><net_src comp="4084" pin="1"/><net_sink comp="2212" pin=0"/></net>

<net id="4092"><net_src comp="1437" pin="2"/><net_sink comp="4089" pin=0"/></net>

<net id="4093"><net_src comp="4089" pin="1"/><net_sink comp="1790" pin=0"/></net>

<net id="4097"><net_src comp="1465" pin="2"/><net_sink comp="4094" pin=0"/></net>

<net id="4098"><net_src comp="4094" pin="1"/><net_sink comp="1835" pin=0"/></net>

<net id="4102"><net_src comp="1497" pin="2"/><net_sink comp="4099" pin=0"/></net>

<net id="4103"><net_src comp="4099" pin="1"/><net_sink comp="1796" pin=0"/></net>

<net id="4107"><net_src comp="1519" pin="1"/><net_sink comp="4104" pin=0"/></net>

<net id="4108"><net_src comp="4104" pin="1"/><net_sink comp="2162" pin=0"/></net>

<net id="4112"><net_src comp="1533" pin="2"/><net_sink comp="4109" pin=0"/></net>

<net id="4113"><net_src comp="4109" pin="1"/><net_sink comp="1874" pin=0"/></net>

<net id="4117"><net_src comp="1557" pin="2"/><net_sink comp="4114" pin=0"/></net>

<net id="4118"><net_src comp="4114" pin="1"/><net_sink comp="1799" pin=0"/></net>

<net id="4122"><net_src comp="1589" pin="2"/><net_sink comp="4119" pin=0"/></net>

<net id="4123"><net_src comp="4119" pin="1"/><net_sink comp="1877" pin=0"/></net>

<net id="4127"><net_src comp="1607" pin="1"/><net_sink comp="4124" pin=0"/></net>

<net id="4128"><net_src comp="4124" pin="1"/><net_sink comp="2246" pin=0"/></net>

<net id="4132"><net_src comp="1621" pin="2"/><net_sink comp="4129" pin=0"/></net>

<net id="4133"><net_src comp="4129" pin="1"/><net_sink comp="1900" pin=0"/></net>

<net id="4137"><net_src comp="1649" pin="2"/><net_sink comp="4134" pin=0"/></net>

<net id="4138"><net_src comp="4134" pin="1"/><net_sink comp="1838" pin=0"/></net>

<net id="4142"><net_src comp="1681" pin="2"/><net_sink comp="4139" pin=0"/></net>

<net id="4143"><net_src comp="4139" pin="1"/><net_sink comp="1903" pin=0"/></net>

<net id="4147"><net_src comp="1709" pin="2"/><net_sink comp="4144" pin=0"/></net>

<net id="4148"><net_src comp="4144" pin="1"/><net_sink comp="1841" pin=0"/></net>

<net id="4152"><net_src comp="1790" pin="1"/><net_sink comp="4149" pin=0"/></net>

<net id="4153"><net_src comp="4149" pin="1"/><net_sink comp="2338" pin=0"/></net>

<net id="4157"><net_src comp="1793" pin="1"/><net_sink comp="4154" pin=0"/></net>

<net id="4158"><net_src comp="4154" pin="1"/><net_sink comp="2299" pin=0"/></net>

<net id="4159"><net_src comp="4154" pin="1"/><net_sink comp="2884" pin=0"/></net>

<net id="4163"><net_src comp="1796" pin="1"/><net_sink comp="4160" pin=0"/></net>

<net id="4164"><net_src comp="4160" pin="1"/><net_sink comp="2377" pin=0"/></net>

<net id="4168"><net_src comp="1799" pin="1"/><net_sink comp="4165" pin=0"/></net>

<net id="4169"><net_src comp="4165" pin="1"/><net_sink comp="2416" pin=0"/></net>

<net id="4170"><net_src comp="4165" pin="1"/><net_sink comp="2923" pin=0"/></net>

<net id="4174"><net_src comp="1822" pin="2"/><net_sink comp="4171" pin=0"/></net>

<net id="4175"><net_src comp="4171" pin="1"/><net_sink comp="3266" pin=0"/></net>

<net id="4179"><net_src comp="1832" pin="1"/><net_sink comp="4176" pin=0"/></net>

<net id="4180"><net_src comp="4176" pin="1"/><net_sink comp="2494" pin=0"/></net>

<net id="4184"><net_src comp="1835" pin="1"/><net_sink comp="4181" pin=0"/></net>

<net id="4185"><net_src comp="4181" pin="1"/><net_sink comp="2533" pin=0"/></net>

<net id="4186"><net_src comp="4181" pin="1"/><net_sink comp="2689" pin=0"/></net>

<net id="4190"><net_src comp="1838" pin="1"/><net_sink comp="4187" pin=0"/></net>

<net id="4191"><net_src comp="4187" pin="1"/><net_sink comp="2572" pin=0"/></net>

<net id="4192"><net_src comp="4187" pin="1"/><net_sink comp="2806" pin=0"/></net>

<net id="4196"><net_src comp="1841" pin="1"/><net_sink comp="4193" pin=0"/></net>

<net id="4197"><net_src comp="4193" pin="1"/><net_sink comp="2611" pin=0"/></net>

<net id="4201"><net_src comp="1864" pin="2"/><net_sink comp="4198" pin=0"/></net>

<net id="4202"><net_src comp="4198" pin="1"/><net_sink comp="3352" pin=0"/></net>

<net id="4206"><net_src comp="1874" pin="1"/><net_sink comp="4203" pin=0"/></net>

<net id="4207"><net_src comp="4203" pin="1"/><net_sink comp="2728" pin=0"/></net>

<net id="4211"><net_src comp="1877" pin="1"/><net_sink comp="4208" pin=0"/></net>

<net id="4212"><net_src comp="4208" pin="1"/><net_sink comp="2767" pin=0"/></net>

<net id="4216"><net_src comp="1890" pin="2"/><net_sink comp="4213" pin=0"/></net>

<net id="4217"><net_src comp="4213" pin="1"/><net_sink comp="3355" pin=0"/></net>

<net id="4221"><net_src comp="1900" pin="1"/><net_sink comp="4218" pin=0"/></net>

<net id="4222"><net_src comp="4218" pin="1"/><net_sink comp="2962" pin=0"/></net>

<net id="4226"><net_src comp="1903" pin="1"/><net_sink comp="4223" pin=0"/></net>

<net id="4227"><net_src comp="4223" pin="1"/><net_sink comp="3001" pin=0"/></net>

<net id="4231"><net_src comp="1926" pin="2"/><net_sink comp="4228" pin=0"/></net>

<net id="4232"><net_src comp="4228" pin="1"/><net_sink comp="3269" pin=0"/></net>

<net id="4236"><net_src comp="1976" pin="3"/><net_sink comp="4233" pin=0"/></net>

<net id="4237"><net_src comp="4233" pin="1"/><net_sink comp="2296" pin=0"/></net>

<net id="4241"><net_src comp="2024" pin="3"/><net_sink comp="4238" pin=0"/></net>

<net id="4242"><net_src comp="4238" pin="1"/><net_sink comp="2491" pin=0"/></net>

<net id="4246"><net_src comp="2072" pin="3"/><net_sink comp="4243" pin=0"/></net>

<net id="4247"><net_src comp="4243" pin="1"/><net_sink comp="2686" pin=0"/></net>

<net id="4251"><net_src comp="2120" pin="3"/><net_sink comp="4248" pin=0"/></net>

<net id="4252"><net_src comp="4248" pin="1"/><net_sink comp="2881" pin=0"/></net>

<net id="4256"><net_src comp="2202" pin="4"/><net_sink comp="4253" pin=0"/></net>

<net id="4257"><net_src comp="4253" pin="1"/><net_sink comp="3076" pin=0"/></net>

<net id="4261"><net_src comp="2286" pin="4"/><net_sink comp="4258" pin=0"/></net>

<net id="4262"><net_src comp="4258" pin="1"/><net_sink comp="3079" pin=0"/></net>

<net id="4266"><net_src comp="2481" pin="4"/><net_sink comp="4263" pin=0"/></net>

<net id="4267"><net_src comp="4263" pin="1"/><net_sink comp="3092" pin=1"/></net>

<net id="4271"><net_src comp="2676" pin="4"/><net_sink comp="4268" pin=0"/></net>

<net id="4272"><net_src comp="4268" pin="1"/><net_sink comp="3122" pin=1"/></net>

<net id="4276"><net_src comp="2871" pin="4"/><net_sink comp="4273" pin=0"/></net>

<net id="4277"><net_src comp="4273" pin="1"/><net_sink comp="3142" pin=1"/></net>

<net id="4281"><net_src comp="3066" pin="4"/><net_sink comp="4278" pin=0"/></net>

<net id="4282"><net_src comp="4278" pin="1"/><net_sink comp="3162" pin=1"/></net>

<net id="4286"><net_src comp="590" pin="3"/><net_sink comp="4283" pin=0"/></net>

<net id="4287"><net_src comp="4283" pin="1"/><net_sink comp="597" pin=8"/></net>

<net id="4291"><net_src comp="615" pin="3"/><net_sink comp="4288" pin=0"/></net>

<net id="4292"><net_src comp="4288" pin="1"/><net_sink comp="597" pin=5"/></net>

<net id="4296"><net_src comp="623" pin="3"/><net_sink comp="4293" pin=0"/></net>

<net id="4297"><net_src comp="4293" pin="1"/><net_sink comp="597" pin=2"/></net>

<net id="4301"><net_src comp="631" pin="3"/><net_sink comp="4298" pin=0"/></net>

<net id="4302"><net_src comp="4298" pin="1"/><net_sink comp="597" pin=0"/></net>

<net id="4306"><net_src comp="3182" pin="4"/><net_sink comp="4303" pin=0"/></net>

<net id="4307"><net_src comp="4303" pin="1"/><net_sink comp="3236" pin=0"/></net>

<net id="4308"><net_src comp="4303" pin="1"/><net_sink comp="3272" pin=0"/></net>

<net id="4312"><net_src comp="3192" pin="4"/><net_sink comp="4309" pin=0"/></net>

<net id="4313"><net_src comp="4309" pin="1"/><net_sink comp="3290" pin=0"/></net>

<net id="4317"><net_src comp="3206" pin="4"/><net_sink comp="4314" pin=0"/></net>

<net id="4318"><net_src comp="4314" pin="1"/><net_sink comp="3308" pin=0"/></net>

<net id="4322"><net_src comp="3220" pin="4"/><net_sink comp="4319" pin=0"/></net>

<net id="4323"><net_src comp="4319" pin="1"/><net_sink comp="3239" pin=0"/></net>

<net id="4324"><net_src comp="4319" pin="1"/><net_sink comp="3326" pin=0"/></net>

<net id="4328"><net_src comp="3230" pin="2"/><net_sink comp="4325" pin=0"/></net>

<net id="4329"><net_src comp="4325" pin="1"/><net_sink comp="3242" pin=0"/></net>

<net id="4333"><net_src comp="639" pin="3"/><net_sink comp="4330" pin=0"/></net>

<net id="4334"><net_src comp="4330" pin="1"/><net_sink comp="646" pin=0"/></net>

<net id="4338"><net_src comp="646" pin="3"/><net_sink comp="4335" pin=0"/></net>

<net id="4339"><net_src comp="4335" pin="1"/><net_sink comp="3275" pin=0"/></net>

<net id="4340"><net_src comp="4335" pin="1"/><net_sink comp="3293" pin=0"/></net>

<net id="4341"><net_src comp="4335" pin="1"/><net_sink comp="3311" pin=0"/></net>

<net id="4342"><net_src comp="4335" pin="1"/><net_sink comp="3329" pin=0"/></net>

<net id="4346"><net_src comp="3266" pin="1"/><net_sink comp="4343" pin=0"/></net>

<net id="4347"><net_src comp="4343" pin="1"/><net_sink comp="3671" pin=0"/></net>

<net id="4351"><net_src comp="3269" pin="1"/><net_sink comp="4348" pin=0"/></net>

<net id="4352"><net_src comp="4348" pin="1"/><net_sink comp="3662" pin=0"/></net>

<net id="4356"><net_src comp="3298" pin="4"/><net_sink comp="4353" pin=0"/></net>

<net id="4357"><net_src comp="4353" pin="1"/><net_sink comp="3361" pin=0"/></net>

<net id="4361"><net_src comp="3316" pin="4"/><net_sink comp="4358" pin=0"/></net>

<net id="4362"><net_src comp="4358" pin="1"/><net_sink comp="3358" pin=0"/></net>

<net id="4366"><net_src comp="3344" pin="1"/><net_sink comp="4363" pin=0"/></net>

<net id="4367"><net_src comp="4363" pin="1"/><net_sink comp="3662" pin=1"/></net>

<net id="4371"><net_src comp="3348" pin="1"/><net_sink comp="4368" pin=0"/></net>

<net id="4372"><net_src comp="4368" pin="1"/><net_sink comp="3671" pin=1"/></net>

<net id="4376"><net_src comp="3364" pin="2"/><net_sink comp="4373" pin=0"/></net>

<net id="4377"><net_src comp="4373" pin="1"/><net_sink comp="3376" pin=0"/></net>

<net id="4381"><net_src comp="3370" pin="2"/><net_sink comp="4378" pin=0"/></net>

<net id="4382"><net_src comp="4378" pin="1"/><net_sink comp="3379" pin=0"/></net>

<net id="4386"><net_src comp="3376" pin="1"/><net_sink comp="4383" pin=0"/></net>

<net id="4387"><net_src comp="4383" pin="1"/><net_sink comp="3662" pin=0"/></net>

<net id="4391"><net_src comp="3379" pin="1"/><net_sink comp="4388" pin=0"/></net>

<net id="4392"><net_src comp="4388" pin="1"/><net_sink comp="3671" pin=0"/></net>

<net id="4396"><net_src comp="3388" pin="2"/><net_sink comp="4393" pin=0"/></net>

<net id="4397"><net_src comp="4393" pin="1"/><net_sink comp="3418" pin=1"/></net>

<net id="4398"><net_src comp="4393" pin="1"/><net_sink comp="3430" pin=1"/></net>

<net id="4402"><net_src comp="3404" pin="4"/><net_sink comp="4399" pin=0"/></net>

<net id="4403"><net_src comp="4399" pin="1"/><net_sink comp="3425" pin=1"/></net>

<net id="4407"><net_src comp="3516" pin="3"/><net_sink comp="4404" pin=0"/></net>

<net id="4408"><net_src comp="4404" pin="1"/><net_sink comp="3552" pin=2"/></net>

</net_list>

</model> 
---------------- Datapath Model END ------------------

* FSMD analyzer results:
  - Output states:
	Port: imgG | {15 }
	Port: imgBayer | {}
	Port: p_out | {14 }
	Port: p_out1 | {14 }
	Port: p_out2 | {14 }
	Port: p_out3 | {14 }
	Port: p_out4 | {14 }
	Port: p_out5 | {14 }
	Port: p_out6 | {14 }
	Port: p_out7 | {14 }
	Port: p_out8 | {14 }
	Port: p_out9 | {14 }
	Port: p_out10 | {14 }
	Port: p_out11 | {14 }
	Port: p_out12 | {14 }
	Port: p_out13 | {14 }
	Port: p_out14 | {14 }
	Port: p_out15 | {14 }
	Port: p_out16 | {14 }
	Port: p_out17 | {14 }
	Port: p_out18 | {14 }
	Port: p_out19 | {14 }
	Port: DIV1_TABLE | {}
	Port: DIV2_TABLE | {}
 - Input state : 
	Port: DebayerG_Pipeline_VITIS_LOOP_318_4 : p_lcssa52315241 | {1 }
	Port: DebayerG_Pipeline_VITIS_LOOP_318_4 : p_lcssa52305239 | {1 }
	Port: DebayerG_Pipeline_VITIS_LOOP_318_4 : p_lcssa52295237 | {1 }
	Port: DebayerG_Pipeline_VITIS_LOOP_318_4 : p_lcssa52285235 | {1 }
	Port: DebayerG_Pipeline_VITIS_LOOP_318_4 : p_lcssa52275233 | {1 }
	Port: DebayerG_Pipeline_VITIS_LOOP_318_4 : p_lcssa50685110 | {1 }
	Port: DebayerG_Pipeline_VITIS_LOOP_318_4 : p_lcssa50675108 | {1 }
	Port: DebayerG_Pipeline_VITIS_LOOP_318_4 : p_lcssa50655106 | {1 }
	Port: DebayerG_Pipeline_VITIS_LOOP_318_4 : p_lcssa50645104 | {1 }
	Port: DebayerG_Pipeline_VITIS_LOOP_318_4 : p_lcssa50635102 | {1 }
	Port: DebayerG_Pipeline_VITIS_LOOP_318_4 : p_lcssa50615100 | {1 }
	Port: DebayerG_Pipeline_VITIS_LOOP_318_4 : p_lcssa50605098 | {1 }
	Port: DebayerG_Pipeline_VITIS_LOOP_318_4 : p_lcssa50595096 | {1 }
	Port: DebayerG_Pipeline_VITIS_LOOP_318_4 : p_lcssa50575094 | {1 }
	Port: DebayerG_Pipeline_VITIS_LOOP_318_4 : p_lcssa50565092 | {1 }
	Port: DebayerG_Pipeline_VITIS_LOOP_318_4 : p_lcssa50555090 | {1 }
	Port: DebayerG_Pipeline_VITIS_LOOP_318_4 : p_lcssa50535088 | {1 }
	Port: DebayerG_Pipeline_VITIS_LOOP_318_4 : p_lcssa50525086 | {1 }
	Port: DebayerG_Pipeline_VITIS_LOOP_318_4 : p_lcssa50515084 | {1 }
	Port: DebayerG_Pipeline_VITIS_LOOP_318_4 : p_lcssa50495082 | {1 }
	Port: DebayerG_Pipeline_VITIS_LOOP_318_4 : height_val | {1 }
	Port: DebayerG_Pipeline_VITIS_LOOP_318_4 : y | {1 }
	Port: DebayerG_Pipeline_VITIS_LOOP_318_4 : width_val | {1 }
	Port: DebayerG_Pipeline_VITIS_LOOP_318_4 : empty_56 | {1 }
	Port: DebayerG_Pipeline_VITIS_LOOP_318_4 : trunc_ln | {1 }
	Port: DebayerG_Pipeline_VITIS_LOOP_318_4 : loopWidth | {1 }
	Port: DebayerG_Pipeline_VITIS_LOOP_318_4 : imgG | {}
	Port: DebayerG_Pipeline_VITIS_LOOP_318_4 : empty | {1 }
	Port: DebayerG_Pipeline_VITIS_LOOP_318_4 : xor_ln439 | {1 }
	Port: DebayerG_Pipeline_VITIS_LOOP_318_4 : out_y | {1 }
	Port: DebayerG_Pipeline_VITIS_LOOP_318_4 : imgBayer | {2 }
	Port: DebayerG_Pipeline_VITIS_LOOP_318_4 : DIV1_TABLE | {6 7 }
	Port: DebayerG_Pipeline_VITIS_LOOP_318_4 : DIV2_TABLE | {8 9 }
  - Chain level:
	State 1
		icmp_ln346 : 1
		icmp_ln506 : 1
		store_ln271 : 1
		z : 1
		icmp_ln318 : 2
		x_11 : 2
		br_ln318 : 3
		zext_ln318 : 3
		out_x : 2
		trunc_ln279 : 3
		icmp_ln328 : 1
		br_ln328 : 2
		linebuf_yuv_addr : 4
		LineBufVal : 5
		linebuf_yuv_1_addr : 4
		LineBufVal_5 : 5
		linebuf_yuv_2_addr : 4
		LineBufVal_6 : 5
		linebuf_yuv_3_addr : 4
		LineBufVal_7 : 5
		br_ln346 : 2
		icmp_ln387 : 2
		xor_ln439_1 : 4
		zext_ln439_1 : 4
		icmp_ln439 : 5
		or_ln585 : 3
		tmp_52 : 3
		br_ln585 : 4
		store_ln271 : 3
	State 2
		store_ln348 : 1
		store_ln333 : 1
		store_ln333 : 1
		store_ln333 : 1
		store_ln333 : 1
	State 3
		select_ln387_1 : 1
		select_ln387_2 : 1
		select_ln387_3 : 1
		select_ln387_5 : 1
		select_ln387_6 : 1
		select_ln387_7 : 1
		select_ln387_9 : 1
		select_ln387_10 : 1
		select_ln387_11 : 1
		select_ln387_13 : 1
		select_ln387_14 : 1
		select_ln387_15 : 1
		select_ln387_17 : 1
		select_ln387_18 : 1
		select_ln387_19 : 1
		store_ln412 : 1
		store_ln412 : 1
		store_ln412 : 1
		empty_153 : 1
		empty_154 : 2
		empty_155 : 2
		empty_156 : 2
		empty_157 : 1
		empty_158 : 2
		empty_159 : 2
		empty_160 : 2
		empty_161 : 1
		g_2 : 2
		empty_162 : 2
		empty_163 : 2
		empty_164 : 1
		empty_165 : 2
		empty_166 : 2
		empty_167 : 2
		empty_168 : 1
		empty_169 : 2
		empty_170 : 2
		empty_171 : 2
		shl_ln : 3
		zext_ln450 : 4
		zext_ln450_1 : 3
		zext_ln450_2 : 3
		zext_ln450_3 : 3
		zext_ln450_4 : 3
		sub_ln450 : 5
		K : 6
		shl_ln3 : 3
		zext_ln451 : 4
		zext_ln451_1 : 3
		zext_ln451_2 : 3
		add_ln451 : 4
		zext_ln451_3 : 5
		K_1 : 6
		shl_ln4 : 3
		zext_ln452 : 4
		zext_ln452_1 : 3
		zext_ln452_2 : 3
		sub_ln452 : 5
		K_2 : 6
		shl_ln5 : 3
		zext_ln453 : 4
		add_ln453 : 4
		zext_ln453_1 : 5
		K_3 : 6
		shl_ln6 : 3
		zext_ln454 : 4
		zext_ln454_1 : 3
		zext_ln454_2 : 3
		sub_ln454 : 5
		K_4 : 6
		shl_ln7 : 3
		zext_ln455 : 4
		zext_ln455_1 : 3
		zext_ln455_2 : 3
		add_ln455 : 4
		zext_ln455_3 : 5
		K_5 : 6
		shl_ln8 : 3
		zext_ln456 : 4
		sub_ln456 : 5
		K_6 : 6
		shl_ln9 : 2
		zext_ln457 : 3
		zext_ln457_1 : 1
		add_ln457 : 4
		zext_ln457_2 : 5
		K_7 : 6
		shl_ln1 : 1
		zext_ln458 : 2
		zext_ln458_1 : 1
		add_ln458 : 2
		zext_ln458_2 : 3
		K_8 : 4
		shl_ln2 : 2
		zext_ln459 : 3
		add_ln459 : 4
		zext_ln459_1 : 5
		K_9 : 6
		shl_ln10 : 1
		zext_ln460 : 2
		zext_ln460_1 : 1
		add_ln460 : 2
		zext_ln460_2 : 3
		K_10 : 4
		shl_ln11 : 2
		zext_ln461 : 3
		add_ln461 : 4
		zext_ln461_1 : 5
		K_11 : 6
		store_ln387 : 2
		store_ln387 : 3
		store_ln387 : 3
		store_ln387 : 2
		store_ln387 : 3
		store_ln387 : 3
		store_ln387 : 2
		store_ln387 : 3
		store_ln387 : 3
		store_ln387 : 2
		store_ln387 : 3
		store_ln387 : 3
		store_ln387 : 2
		store_ln387 : 3
		store_ln387 : 3
	State 4
		add_ln465 : 1
		sext_ln465_4 : 2
		add_ln465_1 : 1
		sext_ln465_5 : 2
		ave : 3
		sext_ln435 : 4
		add_ln466 : 1
		sext_ln466_4 : 2
		add_ln466_1 : 1
		sext_ln466_5 : 2
		ave_1 : 3
		sext_ln435_1 : 4
		add_ln467 : 1
		sext_ln467_2 : 2
		ave_2 : 3
		sext_ln435_2 : 4
		add_ln468 : 1
		sext_ln468_2 : 2
		add_ln468_1 : 1
		sext_ln468_3 : 2
		ave_3 : 3
		sext_ln435_3 : 4
		tmp_25 : 4
		sub_ln472 : 5
		trunc_ln472_1_cast : 6
		trunc_ln472_2 : 4
		sub_ln472_1 : 7
		mean : 8
		tmp_26 : 4
		sub_ln472_2 : 5
		trunc_ln472_4_cast : 6
		trunc_ln472_5 : 4
		sub_ln472_3 : 7
		mean_1 : 8
		tmp_27 : 4
		sub_ln472_4 : 5
		trunc_ln472_7_cast : 6
		trunc_ln472_8 : 4
		sub_ln472_5 : 7
		mean_2 : 8
		tmp_28 : 4
		sub_ln472_6 : 5
		trunc_ln472_cast : 6
		trunc_ln472_s : 4
		sub_ln472_7 : 7
		mean_3 : 8
		trunc_ln61_24 : 1
		tmp_45 : 1
		sub_ln61_24 : 2
		select_ln61_16 : 3
		zext_ln483 : 4
		trunc_ln61_25 : 1
		tmp_46 : 1
		sub_ln61_25 : 2
		select_ln61_17 : 3
		zext_ln483_1 : 4
		add_ln483 : 5
		SD : 6
		trunc_ln61_26 : 1
		tmp_47 : 1
		sub_ln61_26 : 2
		select_ln61_18 : 3
		zext_ln484 : 4
		trunc_ln61_27 : 1
		tmp_48 : 1
		sub_ln61_27 : 2
		select_ln61_19 : 3
		zext_ln484_1 : 4
		add_ln484 : 5
		SD_1 : 6
	State 5
		sub_ln476 : 1
		sext_ln61 : 2
		trunc_ln61 : 2
		tmp_29 : 3
		sub_ln61 : 3
		select_ln61 : 4
		zext_ln476 : 5
		sub_ln476_1 : 1
		sext_ln61_1 : 2
		trunc_ln61_9 : 2
		tmp_30 : 3
		sub_ln61_9 : 3
		select_ln61_1 : 4
		zext_ln476_1 : 5
		sub_ln476_2 : 1
		sext_ln61_2 : 2
		trunc_ln61_10 : 2
		tmp_31 : 3
		sub_ln61_10 : 3
		select_ln61_2 : 4
		zext_ln476_2 : 5
		sub_ln476_3 : 1
		sext_ln61_3 : 2
		trunc_ln61_11 : 2
		tmp_32 : 3
		sub_ln61_11 : 3
		select_ln61_3 : 4
		zext_ln476_3 : 5
		add_ln476 : 6
		zext_ln476_4 : 7
		add_ln476_1 : 6
		zext_ln476_5 : 7
		add_ln476_2 : 8
		var : 9
		sub_ln477 : 1
		sext_ln61_4 : 2
		trunc_ln61_12 : 2
		tmp_33 : 3
		sub_ln61_12 : 3
		select_ln61_4 : 4
		zext_ln477 : 5
		sub_ln477_1 : 1
		sext_ln61_5 : 2
		trunc_ln61_13 : 2
		tmp_34 : 3
		sub_ln61_13 : 3
		select_ln61_5 : 4
		zext_ln477_1 : 5
		sub_ln477_2 : 1
		sext_ln61_6 : 2
		trunc_ln61_14 : 2
		tmp_35 : 3
		sub_ln61_14 : 3
		select_ln61_6 : 4
		zext_ln477_2 : 5
		sub_ln477_3 : 1
		sext_ln61_7 : 2
		trunc_ln61_15 : 2
		tmp_36 : 3
		sub_ln61_15 : 3
		select_ln61_7 : 4
		zext_ln477_3 : 5
		add_ln477 : 6
		zext_ln477_4 : 7
		add_ln477_1 : 6
		zext_ln477_5 : 7
		add_ln477_2 : 8
		var_1 : 9
		sub_ln478 : 1
		sext_ln61_8 : 2
		trunc_ln61_16 : 2
		tmp_37 : 3
		sub_ln61_16 : 3
		select_ln61_8 : 4
		zext_ln478 : 5
		sub_ln478_1 : 1
		sext_ln61_9 : 2
		trunc_ln61_17 : 2
		tmp_38 : 3
		sub_ln61_17 : 3
		select_ln61_9 : 4
		zext_ln478_1 : 5
		sub_ln478_2 : 1
		sext_ln61_10 : 2
		trunc_ln61_18 : 2
		tmp_39 : 3
		sub_ln61_18 : 3
		select_ln61_10 : 4
		zext_ln478_2 : 5
		sub_ln478_3 : 1
		sext_ln61_11 : 2
		trunc_ln61_19 : 2
		tmp_40 : 3
		sub_ln61_19 : 3
		select_ln61_11 : 4
		zext_ln478_3 : 5
		add_ln478 : 6
		zext_ln478_4 : 7
		add_ln478_1 : 6
		zext_ln478_5 : 7
		add_ln478_2 : 8
		var_2 : 9
		sub_ln479 : 1
		sext_ln61_12 : 2
		trunc_ln61_20 : 2
		tmp_41 : 3
		sub_ln61_20 : 3
		select_ln61_12 : 4
		zext_ln479 : 5
		sub_ln479_1 : 1
		sext_ln61_13 : 2
		trunc_ln61_21 : 2
		tmp_42 : 3
		sub_ln61_21 : 3
		select_ln61_13 : 4
		zext_ln479_1 : 5
		sub_ln479_2 : 1
		sext_ln61_14 : 2
		trunc_ln61_22 : 2
		tmp_43 : 3
		sub_ln61_22 : 3
		select_ln61_14 : 4
		zext_ln479_2 : 5
		sub_ln479_3 : 1
		sext_ln61_15 : 2
		trunc_ln61_23 : 2
		tmp_44 : 3
		sub_ln61_23 : 3
		select_ln61_15 : 4
		zext_ln479_3 : 5
		add_ln479 : 6
		zext_ln479_4 : 7
		add_ln479_1 : 6
		zext_ln479_5 : 7
		add_ln479_2 : 8
		var_3 : 9
	State 6
		add_ln492 : 1
		zext_ln492 : 2
		add_ln492_1 : 3
		lshr_ln : 4
		zext_ln493 : 5
		DIV1_TABLE_addr : 6
		DIV1_TABLE_load : 7
		add_ln492_2 : 1
		zext_ln492_1 : 2
		add_ln492_3 : 3
		lshr_ln492_1 : 4
		zext_ln493_1 : 5
		DIV1_TABLE_addr_1 : 6
		DIV1_TABLE_load_1 : 7
		add_ln492_4 : 3
		lshr_ln492_2 : 4
		zext_ln493_2 : 5
		DIV1_TABLE_addr_2 : 6
		DIV1_TABLE_load_2 : 7
		add_ln492_5 : 3
		lshr_ln492_3 : 4
		zext_ln493_3 : 5
		DIV1_TABLE_addr_3 : 6
		DIV1_TABLE_load_3 : 7
	State 7
		sw : 1
		lshr_ln1 : 1
		zext_ln492_2 : 2
		lshr_ln494_1 : 1
		zext_ln492_3 : 2
		lshr_ln494_2 : 1
		add_ln495 : 3
	State 8
		add_ln495_1 : 1
		zext_ln495_1 : 2
		sw_1 : 3
		zext_ln497 : 4
		DIV2_TABLE_addr : 5
		norm : 6
	State 9
	State 10
		mul_ln501 : 1
		lshr_ln2 : 2
		mul_ln501_1 : 1
		lshr_ln501_1 : 2
		mul_ln501_2 : 1
		lshr_ln501_2 : 2
		mul_ln501_3 : 1
		lshr_ln501_3 : 2
		zext_ln504 : 3
		zext_ln504_2 : 3
		mul_ln504 : 4
		mul_ln504_2 : 4
	State 11
		mul_ln504_1 : 1
		mul_ln504_3 : 1
	State 12
		sext_ln504 : 1
		sext_ln504_2 : 1
		add_ln504 : 2
		add_ln504_1 : 2
	State 13
		sext_ln504_4 : 1
		sext_ln504_6 : 1
		add_ln504_2 : 2
		sext_ln504_5 : 3
		sub_ln504 : 4
		tmp_3_cast : 5
	State 14
		select_ln504 : 1
		sext_ln504_7 : 2
		g : 3
		g_1 : 4
		g_1_cast58 : 5
		tmp_50 : 6
		tmp_51 : 5
		icmp_ln510 : 6
		trunc_ln510 : 5
		xor_ln510 : 7
		select_ln510_1 : 7
		or_ln510 : 7
		select_ln510 : 8
	State 15
		phi_ln509 : 1
		phi_ln511 : 1
		or_ln587_3 : 2
		write_ln587 : 3


============================================================
+ Verbose Summary: Datapath Resource usage 
============================================================

* Functional unit list:
|----------|----------------------------------|---------|---------|---------|
| Operation|          Functional Unit         |   DSP   |    FF   |   LUT   |
|----------|----------------------------------|---------|---------|---------|
|          |         sub_ln450_fu_1363        |    0    |    0    |    11   |
|          |             K_fu_1369            |    0    |    0    |    12   |
|          |            K_1_fu_1405           |    0    |    0    |    12   |
|          |         sub_ln452_fu_1431        |    0    |    0    |    11   |
|          |            K_2_fu_1437           |    0    |    0    |    12   |
|          |            K_3_fu_1465           |    0    |    0    |    12   |
|          |         sub_ln454_fu_1491        |    0    |    0    |    11   |
|          |            K_4_fu_1497           |    0    |    0    |    12   |
|          |            K_5_fu_1533           |    0    |    0    |    12   |
|          |         sub_ln456_fu_1551        |    0    |    0    |    11   |
|          |            K_6_fu_1557           |    0    |    0    |    12   |
|          |            K_7_fu_1589           |    0    |    0    |    12   |
|          |            K_8_fu_1621           |    0    |    0    |    12   |
|          |            K_9_fu_1649           |    0    |    0    |    12   |
|          |           K_10_fu_1681           |    0    |    0    |    12   |
|          |           K_11_fu_1709           |    0    |    0    |    12   |
|          |         sub_ln472_fu_1944        |    0    |    0    |    17   |
|          |        sub_ln472_1_fu_1970       |    0    |    0    |    12   |
|          |        sub_ln472_2_fu_1992       |    0    |    0    |    17   |
|          |        sub_ln472_3_fu_2018       |    0    |    0    |    12   |
|          |        sub_ln472_4_fu_2040       |    0    |    0    |    17   |
|          |        sub_ln472_5_fu_2066       |    0    |    0    |    12   |
|          |        sub_ln472_6_fu_2088       |    0    |    0    |    17   |
|          |        sub_ln472_7_fu_2114       |    0    |    0    |    12   |
|          |         sub_ln483_fu_2128        |    0    |    0    |    13   |
|          |        sub_ln61_24_fu_2144       |    0    |    0    |    13   |
|          |        sub_ln483_1_fu_2162       |    0    |    0    |    13   |
|          |        sub_ln61_25_fu_2178       |    0    |    0    |    13   |
|          |         sub_ln484_fu_2212        |    0    |    0    |    13   |
|          |        sub_ln61_26_fu_2228       |    0    |    0    |    13   |
|          |        sub_ln484_1_fu_2246       |    0    |    0    |    13   |
|          |        sub_ln61_27_fu_2262       |    0    |    0    |    13   |
|    sub   |         sub_ln476_fu_2299        |    0    |    0    |    12   |
|          |         sub_ln61_fu_2320         |    0    |    0    |    12   |
|          |        sub_ln476_1_fu_2338       |    0    |    0    |    12   |
|          |        sub_ln61_9_fu_2359        |    0    |    0    |    12   |
|          |        sub_ln476_2_fu_2377       |    0    |    0    |    12   |
|          |        sub_ln61_10_fu_2398       |    0    |    0    |    12   |
|          |        sub_ln476_3_fu_2416       |    0    |    0    |    12   |
|          |        sub_ln61_11_fu_2437       |    0    |    0    |    12   |
|          |         sub_ln477_fu_2494        |    0    |    0    |    12   |
|          |        sub_ln61_12_fu_2515       |    0    |    0    |    12   |
|          |        sub_ln477_1_fu_2533       |    0    |    0    |    12   |
|          |        sub_ln61_13_fu_2554       |    0    |    0    |    12   |
|          |        sub_ln477_2_fu_2572       |    0    |    0    |    12   |
|          |        sub_ln61_14_fu_2593       |    0    |    0    |    12   |
|          |        sub_ln477_3_fu_2611       |    0    |    0    |    12   |
|          |        sub_ln61_15_fu_2632       |    0    |    0    |    12   |
|          |         sub_ln478_fu_2689        |    0    |    0    |    12   |
|          |        sub_ln61_16_fu_2710       |    0    |    0    |    12   |
|          |        sub_ln478_1_fu_2728       |    0    |    0    |    12   |
|          |        sub_ln61_17_fu_2749       |    0    |    0    |    12   |
|          |        sub_ln478_2_fu_2767       |    0    |    0    |    12   |
|          |        sub_ln61_18_fu_2788       |    0    |    0    |    12   |
|          |        sub_ln478_3_fu_2806       |    0    |    0    |    12   |
|          |        sub_ln61_19_fu_2827       |    0    |    0    |    12   |
|          |         sub_ln479_fu_2884        |    0    |    0    |    12   |
|          |        sub_ln61_20_fu_2905       |    0    |    0    |    12   |
|          |        sub_ln479_1_fu_2923       |    0    |    0    |    12   |
|          |        sub_ln61_21_fu_2944       |    0    |    0    |    12   |
|          |        sub_ln479_2_fu_2962       |    0    |    0    |    12   |
|          |        sub_ln61_22_fu_2983       |    0    |    0    |    12   |
|          |        sub_ln479_3_fu_3001       |    0    |    0    |    12   |
|          |        sub_ln61_23_fu_3022       |    0    |    0    |    12   |
|          |         sub_ln504_fu_3398        |    0    |    0    |    33   |
|          |        sub_ln504_1_fu_3425       |    0    |    0    |    14   |
|----------|----------------------------------|---------|---------|---------|
|          |            x_11_fu_989           |    0    |    0    |    24   |
|          |           out_x_fu_1003          |    0    |    0    |    24   |
|          |         add_ln451_fu_1395        |    0    |    0    |    13   |
|          |         add_ln453_fu_1455        |    0    |    0    |    13   |
|          |         add_ln455_fu_1523        |    0    |    0    |    13   |
|          |         add_ln457_fu_1579        |    0    |    0    |    13   |
|          |         add_ln458_fu_1611        |    0    |    0    |    13   |
|          |         add_ln459_fu_1639        |    0    |    0    |    13   |
|          |         add_ln460_fu_1671        |    0    |    0    |    13   |
|          |         add_ln461_fu_1699        |    0    |    0    |    13   |
|          |         add_ln465_fu_1802        |    0    |    0    |    12   |
|          |        add_ln465_1_fu_1812       |    0    |    0    |    12   |
|          |            ave_fu_1822           |    0    |    0    |    14   |
|          |         add_ln466_fu_1844        |    0    |    0    |    12   |
|          |        add_ln466_1_fu_1854       |    0    |    0    |    12   |
|          |           ave_1_fu_1864          |    0    |    0    |    14   |
|          |         add_ln467_fu_1880        |    0    |    0    |    12   |
|          |           ave_2_fu_1890          |    0    |    0    |    14   |
|          |         add_ln468_fu_1906        |    0    |    0    |    12   |
|          |        add_ln468_1_fu_1916       |    0    |    0    |    12   |
|          |           ave_3_fu_1926          |    0    |    0    |    14   |
|          |         add_ln483_fu_2196        |    0    |    0    |    13   |
|    add   |         add_ln484_fu_2280        |    0    |    0    |    13   |
|          |         add_ln476_fu_2455        |    0    |    0    |    12   |
|          |        add_ln476_1_fu_2465       |    0    |    0    |    12   |
|          |        add_ln476_2_fu_2475       |    0    |    0    |    14   |
|          |         add_ln477_fu_2650        |    0    |    0    |    12   |
|          |        add_ln477_1_fu_2660       |    0    |    0    |    12   |
|          |        add_ln477_2_fu_2670       |    0    |    0    |    14   |
|          |         add_ln478_fu_2845        |    0    |    0    |    12   |
|          |        add_ln478_1_fu_2855       |    0    |    0    |    12   |
|          |        add_ln478_2_fu_2865       |    0    |    0    |    14   |
|          |         add_ln479_fu_3040        |    0    |    0    |    12   |
|          |        add_ln479_1_fu_3050       |    0    |    0    |    12   |
|          |        add_ln479_2_fu_3060       |    0    |    0    |    14   |
|          |         add_ln492_fu_3082        |    0    |    0    |    13   |
|          |        add_ln492_1_fu_3092       |    0    |    0    |    14   |
|          |        add_ln492_2_fu_3112       |    0    |    0    |    13   |
|          |        add_ln492_3_fu_3122       |    0    |    0    |    14   |
|          |        add_ln492_4_fu_3142       |    0    |    0    |    14   |
|          |        add_ln492_5_fu_3162       |    0    |    0    |    14   |
|          |         add_ln495_fu_3230        |    0    |    0    |    15   |
|          |        add_ln495_1_fu_3245       |    0    |    0    |    14   |
|          |           sw_1_fu_3255           |    0    |    0    |    13   |
|          |        add_ln504_2_fu_3388       |    0    |    0    |    32   |
|          |             g_fu_3451            |    0    |    0    |    14   |
|----------|----------------------------------|---------|---------|---------|
|          |       select_ln387_fu_1160       |    0    |    0    |    10   |
|          |      select_ln387_1_fu_1166      |    0    |    0    |    10   |
|          |      select_ln387_2_fu_1173      |    0    |    0    |    10   |
|          |      select_ln387_3_fu_1180      |    0    |    0    |    10   |
|          |      select_ln387_4_fu_1187      |    0    |    0    |    10   |
|          |      select_ln387_5_fu_1193      |    0    |    0    |    10   |
|          |      select_ln387_6_fu_1200      |    0    |    0    |    10   |
|          |      select_ln387_7_fu_1207      |    0    |    0    |    10   |
|          |      select_ln387_8_fu_1214      |    0    |    0    |    10   |
|          |      select_ln387_9_fu_1220      |    0    |    0    |    10   |
|          |      select_ln387_10_fu_1227     |    0    |    0    |    10   |
|          |      select_ln387_11_fu_1234     |    0    |    0    |    10   |
|          |      select_ln387_12_fu_1241     |    0    |    0    |    10   |
|          |      select_ln387_13_fu_1247     |    0    |    0    |    10   |
|          |      select_ln387_14_fu_1254     |    0    |    0    |    10   |
|          |      select_ln387_15_fu_1261     |    0    |    0    |    10   |
|          |      select_ln387_16_fu_1268     |    0    |    0    |    10   |
|          |      select_ln387_17_fu_1275     |    0    |    0    |    10   |
|          |      select_ln387_18_fu_1283     |    0    |    0    |    10   |
|          |      select_ln387_19_fu_1291     |    0    |    0    |    10   |
|          |       select_ln403_fu_1299       |    0    |    0    |    10   |
|          |      select_ln403_1_fu_1306      |    0    |    0    |    10   |
|          |       LineBufVal_8_fu_1313       |    0    |    0    |    10   |
|          |           mean_fu_1976           |    0    |    0    |    12   |
|          |          mean_1_fu_2024          |    0    |    0    |    12   |
|          |          mean_2_fu_2072          |    0    |    0    |    12   |
|          |          mean_3_fu_2120          |    0    |    0    |    12   |
|  select  |      select_ln61_16_fu_2150      |    0    |    0    |    10   |
|          |      select_ln61_17_fu_2184      |    0    |    0    |    10   |
|          |      select_ln61_18_fu_2234      |    0    |    0    |    10   |
|          |      select_ln61_19_fu_2268      |    0    |    0    |    10   |
|          |        select_ln61_fu_2326       |    0    |    0    |    12   |
|          |       select_ln61_1_fu_2365      |    0    |    0    |    12   |
|          |       select_ln61_2_fu_2404      |    0    |    0    |    12   |
|          |       select_ln61_3_fu_2443      |    0    |    0    |    12   |
|          |       select_ln61_4_fu_2521      |    0    |    0    |    12   |
|          |       select_ln61_5_fu_2560      |    0    |    0    |    12   |
|          |       select_ln61_6_fu_2599      |    0    |    0    |    12   |
|          |       select_ln61_7_fu_2638      |    0    |    0    |    12   |
|          |       select_ln61_8_fu_2716      |    0    |    0    |    12   |
|          |       select_ln61_9_fu_2755      |    0    |    0    |    12   |
|          |      select_ln61_10_fu_2794      |    0    |    0    |    12   |
|          |      select_ln61_11_fu_2833      |    0    |    0    |    12   |
|          |      select_ln61_12_fu_2911      |    0    |    0    |    12   |
|          |      select_ln61_13_fu_2950      |    0    |    0    |    12   |
|          |      select_ln61_14_fu_2989      |    0    |    0    |    12   |
|          |      select_ln61_15_fu_3028      |    0    |    0    |    12   |
|          |       select_ln504_fu_3439       |    0    |    0    |    13   |
|          |            g_1_fu_3457           |    0    |    0    |    14   |
|          |      select_ln510_1_fu_3502      |    0    |    0    |    10   |
|          |       select_ln510_fu_3516       |    0    |    0    |    10   |
|          |          phitmp_fu_3524          |    0    |    0    |    10   |
|          |          phitmp9_fu_3531         |    0    |    0    |    10   |
|          |         phi_ln509_fu_3538        |    0    |    0    |    10   |
|          |         phi_ln511_fu_3545        |    0    |    0    |    10   |
|----------|----------------------------------|---------|---------|---------|
|          |         icmp_ln346_fu_849        |    0    |    0    |    24   |
|          |         icmp_ln403_fu_855        |    0    |    0    |    24   |
|          |         icmp_ln506_fu_869        |    0    |    0    |    20   |
|   icmp   |         icmp_ln318_fu_983        |    0    |    0    |    24   |
|          |        icmp_ln328_fu_1013        |    0    |    0    |    24   |
|          |        icmp_ln387_fu_1019        |    0    |    0    |    24   |
|          |        icmp_ln439_fu_1035        |    0    |    0    |    20   |
|          |        icmp_ln510_fu_3486        |    0    |    0    |    13   |
|----------|----------------------------------|---------|---------|---------|
|          |         mul_ln501_fu_3275        |    1    |    0    |    6    |
|          |        mul_ln501_1_fu_3293       |    1    |    0    |    6    |
|    mul   |        mul_ln501_2_fu_3311       |    1    |    0    |    6    |
|          |        mul_ln501_3_fu_3329       |    1    |    0    |    6    |
|          |        mul_ln504_1_fu_3364       |    1    |    0    |    6    |
|          |        mul_ln504_3_fu_3370       |    1    |    0    |    6    |
|----------|----------------------------------|---------|---------|---------|
|    or    |         or_ln585_fu_1041         |    0    |    0    |    17   |
|          |         or_ln510_fu_3510         |    0    |    0    |    2    |
|----------|----------------------------------|---------|---------|---------|
|    xor   |        xor_ln439_1_fu_1025       |    0    |    0    |    2    |
|          |         xor_ln510_fu_3496        |    0    |    0    |    2    |
|----------|----------------------------------|---------|---------|---------|
|  muladd  |            grp_fu_3662           |    1    |    0    |    0    |
|          |            grp_fu_3671           |    1    |    0    |    0    |
|----------|----------------------------------|---------|---------|---------|
|          |      out_y_read_read_fu_334      |    0    |    0    |    0    |
|          |    xor_ln439_read_read_fu_340    |    0    |    0    |    0    |
|          |          tmp_read_fu_346         |    0    |    0    |    0    |
|          |    loopWidth_read_read_fu_352    |    0    |    0    |    0    |
|          |     trunc_ln_read_read_fu_358    |    0    |    0    |    0    |
|          |        tmp_24_read_fu_364        |    0    |    0    |    0    |
|          |    width_val_read_read_fu_370    |    0    |    0    |    0    |
|          |        y_read_read_fu_376        |    0    |    0    |    0    |
|          |    height_val_read_read_fu_382   |    0    |    0    |    0    |
|          | p_lcssa50495082_read_read_fu_388 |    0    |    0    |    0    |
|          | p_lcssa50515084_read_read_fu_394 |    0    |    0    |    0    |
|          | p_lcssa50525086_read_read_fu_400 |    0    |    0    |    0    |
|          | p_lcssa50535088_read_read_fu_406 |    0    |    0    |    0    |
|          | p_lcssa50555090_read_read_fu_412 |    0    |    0    |    0    |
|   read   | p_lcssa50565092_read_read_fu_418 |    0    |    0    |    0    |
|          | p_lcssa50575094_read_read_fu_424 |    0    |    0    |    0    |
|          | p_lcssa50595096_read_read_fu_430 |    0    |    0    |    0    |
|          | p_lcssa50605098_read_read_fu_436 |    0    |    0    |    0    |
|          | p_lcssa50615100_read_read_fu_442 |    0    |    0    |    0    |
|          | p_lcssa50635102_read_read_fu_448 |    0    |    0    |    0    |
|          | p_lcssa50645104_read_read_fu_454 |    0    |    0    |    0    |
|          | p_lcssa50655106_read_read_fu_460 |    0    |    0    |    0    |
|          | p_lcssa50675108_read_read_fu_466 |    0    |    0    |    0    |
|          | p_lcssa50685110_read_read_fu_472 |    0    |    0    |    0    |
|          | p_lcssa52275233_read_read_fu_478 |    0    |    0    |    0    |
|          | p_lcssa52285235_read_read_fu_484 |    0    |    0    |    0    |
|          | p_lcssa52295237_read_read_fu_490 |    0    |    0    |    0    |
|          | p_lcssa52305239_read_read_fu_496 |    0    |    0    |    0    |
|          | p_lcssa52315241_read_read_fu_502 |    0    |    0    |    0    |
|          |     imgBayer_read_read_fu_508    |    0    |    0    |    0    |
|----------|----------------------------------|---------|---------|---------|
|   write  |     write_ln587_write_fu_514     |    0    |    0    |    0    |
|----------|----------------------------------|---------|---------|---------|
|          |         zext_ln274_fu_845        |    0    |    0    |    0    |
|          |         zext_ln275_fu_861        |    0    |    0    |    0    |
|          |         zext_ln439_fu_865        |    0    |    0    |    0    |
|          |         zext_ln318_fu_995        |    0    |    0    |    0    |
|          |       zext_ln439_1_fu_1031       |    0    |    0    |    0    |
|          |        zext_ln450_fu_1343        |    0    |    0    |    0    |
|          |       zext_ln450_1_fu_1347       |    0    |    0    |    0    |
|          |       zext_ln450_2_fu_1351       |    0    |    0    |    0    |
|          |       zext_ln450_3_fu_1355       |    0    |    0    |    0    |
|          |       zext_ln450_4_fu_1359       |    0    |    0    |    0    |
|          |        zext_ln451_fu_1383        |    0    |    0    |    0    |
|          |       zext_ln451_1_fu_1387       |    0    |    0    |    0    |
|          |       zext_ln451_2_fu_1391       |    0    |    0    |    0    |
|          |       zext_ln451_3_fu_1401       |    0    |    0    |    0    |
|          |        zext_ln452_fu_1419        |    0    |    0    |    0    |
|          |       zext_ln452_1_fu_1423       |    0    |    0    |    0    |
|          |       zext_ln452_2_fu_1427       |    0    |    0    |    0    |
|          |        zext_ln453_fu_1451        |    0    |    0    |    0    |
|          |       zext_ln453_1_fu_1461       |    0    |    0    |    0    |
|          |        zext_ln454_fu_1479        |    0    |    0    |    0    |
|          |       zext_ln454_1_fu_1483       |    0    |    0    |    0    |
|          |       zext_ln454_2_fu_1487       |    0    |    0    |    0    |
|          |        zext_ln455_fu_1511        |    0    |    0    |    0    |
|          |       zext_ln455_1_fu_1515       |    0    |    0    |    0    |
|          |       zext_ln455_2_fu_1519       |    0    |    0    |    0    |
|          |       zext_ln455_3_fu_1529       |    0    |    0    |    0    |
|          |        zext_ln456_fu_1547        |    0    |    0    |    0    |
|          |        zext_ln457_fu_1571        |    0    |    0    |    0    |
|          |       zext_ln457_1_fu_1575       |    0    |    0    |    0    |
|          |       zext_ln457_2_fu_1585       |    0    |    0    |    0    |
|          |        zext_ln458_fu_1603        |    0    |    0    |    0    |
|          |       zext_ln458_1_fu_1607       |    0    |    0    |    0    |
|          |       zext_ln458_2_fu_1617       |    0    |    0    |    0    |
|          |        zext_ln459_fu_1635        |    0    |    0    |    0    |
|          |       zext_ln459_1_fu_1645       |    0    |    0    |    0    |
|          |        zext_ln460_fu_1663        |    0    |    0    |    0    |
|          |       zext_ln460_1_fu_1667       |    0    |    0    |    0    |
|          |       zext_ln460_2_fu_1677       |    0    |    0    |    0    |
|          |        zext_ln461_fu_1695        |    0    |    0    |    0    |
|          |       zext_ln461_1_fu_1705       |    0    |    0    |    0    |
|          |        zext_ln483_fu_2158        |    0    |    0    |    0    |
|          |       zext_ln483_1_fu_2192       |    0    |    0    |    0    |
|          |        zext_ln484_fu_2242        |    0    |    0    |    0    |
|          |       zext_ln484_1_fu_2276       |    0    |    0    |    0    |
|          |        zext_ln476_fu_2334        |    0    |    0    |    0    |
|   zext   |       zext_ln476_1_fu_2373       |    0    |    0    |    0    |
|          |       zext_ln476_2_fu_2412       |    0    |    0    |    0    |
|          |       zext_ln476_3_fu_2451       |    0    |    0    |    0    |
|          |       zext_ln476_4_fu_2461       |    0    |    0    |    0    |
|          |       zext_ln476_5_fu_2471       |    0    |    0    |    0    |
|          |        zext_ln477_fu_2529        |    0    |    0    |    0    |
|          |       zext_ln477_1_fu_2568       |    0    |    0    |    0    |
|          |       zext_ln477_2_fu_2607       |    0    |    0    |    0    |
|          |       zext_ln477_3_fu_2646       |    0    |    0    |    0    |
|          |       zext_ln477_4_fu_2656       |    0    |    0    |    0    |
|          |       zext_ln477_5_fu_2666       |    0    |    0    |    0    |
|          |        zext_ln478_fu_2724        |    0    |    0    |    0    |
|          |       zext_ln478_1_fu_2763       |    0    |    0    |    0    |
|          |       zext_ln478_2_fu_2802       |    0    |    0    |    0    |
|          |       zext_ln478_3_fu_2841       |    0    |    0    |    0    |
|          |       zext_ln478_4_fu_2851       |    0    |    0    |    0    |
|          |       zext_ln478_5_fu_2861       |    0    |    0    |    0    |
|          |        zext_ln479_fu_2919        |    0    |    0    |    0    |
|          |       zext_ln479_1_fu_2958       |    0    |    0    |    0    |
|          |       zext_ln479_2_fu_2997       |    0    |    0    |    0    |
|          |       zext_ln479_3_fu_3036       |    0    |    0    |    0    |
|          |       zext_ln479_4_fu_3046       |    0    |    0    |    0    |
|          |       zext_ln479_5_fu_3056       |    0    |    0    |    0    |
|          |       zext_ln483_2_fu_3076       |    0    |    0    |    0    |
|          |       zext_ln484_2_fu_3079       |    0    |    0    |    0    |
|          |        zext_ln492_fu_3088        |    0    |    0    |    0    |
|          |        zext_ln493_fu_3107        |    0    |    0    |    0    |
|          |       zext_ln492_1_fu_3118       |    0    |    0    |    0    |
|          |       zext_ln493_1_fu_3137       |    0    |    0    |    0    |
|          |       zext_ln493_2_fu_3157       |    0    |    0    |    0    |
|          |       zext_ln493_3_fu_3177       |    0    |    0    |    0    |
|          |       zext_ln492_2_fu_3202       |    0    |    0    |    0    |
|          |       zext_ln492_3_fu_3216       |    0    |    0    |    0    |
|          |        zext_ln494_fu_3236        |    0    |    0    |    0    |
|          |        zext_ln495_fu_3239        |    0    |    0    |    0    |
|          |       zext_ln495_2_fu_3242       |    0    |    0    |    0    |
|          |       zext_ln495_1_fu_3251       |    0    |    0    |    0    |
|          |        zext_ln497_fu_3261        |    0    |    0    |    0    |
|          |        zext_ln501_fu_3272        |    0    |    0    |    0    |
|          |       zext_ln501_1_fu_3290       |    0    |    0    |    0    |
|          |       zext_ln501_2_fu_3308       |    0    |    0    |    0    |
|          |       zext_ln501_3_fu_3326       |    0    |    0    |    0    |
|          |        zext_ln504_fu_3344        |    0    |    0    |    0    |
|          |       zext_ln504_2_fu_3348       |    0    |    0    |    0    |
|          |       zext_ln504_1_fu_3358       |    0    |    0    |    0    |
|          |       zext_ln504_3_fu_3361       |    0    |    0    |    0    |
|          |       zext_ln504_4_fu_3414       |    0    |    0    |    0    |
|----------|----------------------------------|---------|---------|---------|
|          |        trunc_ln279_fu_1009       |    0    |    0    |    0    |
|          |       trunc_ln61_24_fu_2132      |    0    |    0    |    0    |
|          |       trunc_ln61_25_fu_2166      |    0    |    0    |    0    |
|          |       trunc_ln61_26_fu_2216      |    0    |    0    |    0    |
|          |       trunc_ln61_27_fu_2250      |    0    |    0    |    0    |
|          |        trunc_ln61_fu_2308        |    0    |    0    |    0    |
|          |       trunc_ln61_9_fu_2347       |    0    |    0    |    0    |
|          |       trunc_ln61_10_fu_2386      |    0    |    0    |    0    |
|          |       trunc_ln61_11_fu_2425      |    0    |    0    |    0    |
|          |       trunc_ln61_12_fu_2503      |    0    |    0    |    0    |
|   trunc  |       trunc_ln61_13_fu_2542      |    0    |    0    |    0    |
|          |       trunc_ln61_14_fu_2581      |    0    |    0    |    0    |
|          |       trunc_ln61_15_fu_2620      |    0    |    0    |    0    |
|          |       trunc_ln61_16_fu_2698      |    0    |    0    |    0    |
|          |       trunc_ln61_17_fu_2737      |    0    |    0    |    0    |
|          |       trunc_ln61_18_fu_2776      |    0    |    0    |    0    |
|          |       trunc_ln61_19_fu_2815      |    0    |    0    |    0    |
|          |       trunc_ln61_20_fu_2893      |    0    |    0    |    0    |
|          |       trunc_ln61_21_fu_2932      |    0    |    0    |    0    |
|          |       trunc_ln61_22_fu_2971      |    0    |    0    |    0    |
|          |       trunc_ln61_23_fu_3010      |    0    |    0    |    0    |
|          |        trunc_ln510_fu_3492       |    0    |    0    |    0    |
|----------|----------------------------------|---------|---------|---------|
|          |          tmp_52_fu_1047          |    0    |    0    |    0    |
|          |          tmp_25_fu_1936          |    0    |    0    |    0    |
|          |          tmp_26_fu_1984          |    0    |    0    |    0    |
|          |          tmp_27_fu_2032          |    0    |    0    |    0    |
|          |          tmp_28_fu_2080          |    0    |    0    |    0    |
|          |          tmp_45_fu_2136          |    0    |    0    |    0    |
|          |          tmp_46_fu_2170          |    0    |    0    |    0    |
|          |          tmp_47_fu_2220          |    0    |    0    |    0    |
|          |          tmp_48_fu_2254          |    0    |    0    |    0    |
|          |          tmp_29_fu_2312          |    0    |    0    |    0    |
|          |          tmp_30_fu_2351          |    0    |    0    |    0    |
|          |          tmp_31_fu_2390          |    0    |    0    |    0    |
|          |          tmp_32_fu_2429          |    0    |    0    |    0    |
| bitselect|          tmp_33_fu_2507          |    0    |    0    |    0    |
|          |          tmp_34_fu_2546          |    0    |    0    |    0    |
|          |          tmp_35_fu_2585          |    0    |    0    |    0    |
|          |          tmp_36_fu_2624          |    0    |    0    |    0    |
|          |          tmp_37_fu_2702          |    0    |    0    |    0    |
|          |          tmp_38_fu_2741          |    0    |    0    |    0    |
|          |          tmp_39_fu_2780          |    0    |    0    |    0    |
|          |          tmp_40_fu_2819          |    0    |    0    |    0    |
|          |          tmp_41_fu_2897          |    0    |    0    |    0    |
|          |          tmp_42_fu_2936          |    0    |    0    |    0    |
|          |          tmp_43_fu_2975          |    0    |    0    |    0    |
|          |          tmp_44_fu_3014          |    0    |    0    |    0    |
|          |          tmp_49_fu_3418          |    0    |    0    |    0    |
|          |          tmp_50_fu_3468          |    0    |    0    |    0    |
|----------|----------------------------------|---------|---------|---------|
|          |          shl_ln_fu_1335          |    0    |    0    |    0    |
|          |          shl_ln3_fu_1375         |    0    |    0    |    0    |
|          |          shl_ln4_fu_1411         |    0    |    0    |    0    |
|          |          shl_ln5_fu_1443         |    0    |    0    |    0    |
|          |          shl_ln6_fu_1471         |    0    |    0    |    0    |
|          |          shl_ln7_fu_1503         |    0    |    0    |    0    |
|bitconcatenate|          shl_ln8_fu_1539         |    0    |    0    |    0    |
|          |          shl_ln9_fu_1563         |    0    |    0    |    0    |
|          |          shl_ln1_fu_1595         |    0    |    0    |    0    |
|          |          shl_ln2_fu_1627         |    0    |    0    |    0    |
|          |         shl_ln10_fu_1655         |    0    |    0    |    0    |
|          |         shl_ln11_fu_1687         |    0    |    0    |    0    |
|          |        or_ln587_3_fu_3552        |    0    |    0    |    0    |
|----------|----------------------------------|---------|---------|---------|
|          |        sext_ln465_fu_1790        |    0    |    0    |    0    |
|          |       sext_ln465_1_fu_1793       |    0    |    0    |    0    |
|          |       sext_ln465_2_fu_1796       |    0    |    0    |    0    |
|          |       sext_ln465_3_fu_1799       |    0    |    0    |    0    |
|          |       sext_ln465_4_fu_1808       |    0    |    0    |    0    |
|          |       sext_ln465_5_fu_1818       |    0    |    0    |    0    |
|          |        sext_ln435_fu_1828        |    0    |    0    |    0    |
|          |        sext_ln466_fu_1832        |    0    |    0    |    0    |
|          |       sext_ln466_1_fu_1835       |    0    |    0    |    0    |
|          |       sext_ln466_2_fu_1838       |    0    |    0    |    0    |
|          |       sext_ln466_3_fu_1841       |    0    |    0    |    0    |
|          |       sext_ln466_4_fu_1850       |    0    |    0    |    0    |
|          |       sext_ln466_5_fu_1860       |    0    |    0    |    0    |
|          |       sext_ln435_1_fu_1870       |    0    |    0    |    0    |
|          |        sext_ln467_fu_1874        |    0    |    0    |    0    |
|          |       sext_ln467_1_fu_1877       |    0    |    0    |    0    |
|          |       sext_ln467_2_fu_1886       |    0    |    0    |    0    |
|          |       sext_ln435_2_fu_1896       |    0    |    0    |    0    |
|          |        sext_ln468_fu_1900        |    0    |    0    |    0    |
|          |       sext_ln468_1_fu_1903       |    0    |    0    |    0    |
|          |       sext_ln468_2_fu_1912       |    0    |    0    |    0    |
|          |       sext_ln468_3_fu_1922       |    0    |    0    |    0    |
|          |       sext_ln435_3_fu_1932       |    0    |    0    |    0    |
|          |        sext_ln476_fu_2296        |    0    |    0    |    0    |
|          |         sext_ln61_fu_2304        |    0    |    0    |    0    |
|          |        sext_ln61_1_fu_2343       |    0    |    0    |    0    |
|   sext   |        sext_ln61_2_fu_2382       |    0    |    0    |    0    |
|          |        sext_ln61_3_fu_2421       |    0    |    0    |    0    |
|          |        sext_ln477_fu_2491        |    0    |    0    |    0    |
|          |        sext_ln61_4_fu_2499       |    0    |    0    |    0    |
|          |        sext_ln61_5_fu_2538       |    0    |    0    |    0    |
|          |        sext_ln61_6_fu_2577       |    0    |    0    |    0    |
|          |        sext_ln61_7_fu_2616       |    0    |    0    |    0    |
|          |        sext_ln478_fu_2686        |    0    |    0    |    0    |
|          |        sext_ln61_8_fu_2694       |    0    |    0    |    0    |
|          |        sext_ln61_9_fu_2733       |    0    |    0    |    0    |
|          |       sext_ln61_10_fu_2772       |    0    |    0    |    0    |
|          |       sext_ln61_11_fu_2811       |    0    |    0    |    0    |
|          |        sext_ln479_fu_2881        |    0    |    0    |    0    |
|          |       sext_ln61_12_fu_2889       |    0    |    0    |    0    |
|          |       sext_ln61_13_fu_2928       |    0    |    0    |    0    |
|          |       sext_ln61_14_fu_2967       |    0    |    0    |    0    |
|          |       sext_ln61_15_fu_3006       |    0    |    0    |    0    |
|          |        sext_ln472_fu_3266        |    0    |    0    |    0    |
|          |       sext_ln472_3_fu_3269       |    0    |    0    |    0    |
|          |       sext_ln472_1_fu_3352       |    0    |    0    |    0    |
|          |       sext_ln472_2_fu_3355       |    0    |    0    |    0    |
|          |       sext_ln504_1_fu_3376       |    0    |    0    |    0    |
|          |       sext_ln504_3_fu_3379       |    0    |    0    |    0    |
|          |       sext_ln504_4_fu_3382       |    0    |    0    |    0    |
|          |       sext_ln504_6_fu_3385       |    0    |    0    |    0    |
|          |       sext_ln504_5_fu_3394       |    0    |    0    |    0    |
|          |       sext_ln504_7_fu_3447       |    0    |    0    |    0    |
|          |        g_1_cast58_fu_3464        |    0    |    0    |    0    |
|----------|----------------------------------|---------|---------|---------|
|          |    trunc_ln472_1_cast_fu_1950    |    0    |    0    |    0    |
|          |       trunc_ln472_2_fu_1960      |    0    |    0    |    0    |
|          |    trunc_ln472_4_cast_fu_1998    |    0    |    0    |    0    |
|          |       trunc_ln472_5_fu_2008      |    0    |    0    |    0    |
|          |    trunc_ln472_7_cast_fu_2046    |    0    |    0    |    0    |
|          |       trunc_ln472_8_fu_2056      |    0    |    0    |    0    |
|          |     trunc_ln472_cast_fu_2094     |    0    |    0    |    0    |
|          |       trunc_ln472_s_fu_2104      |    0    |    0    |    0    |
|          |            SD_fu_2202            |    0    |    0    |    0    |
|          |           SD_1_fu_2286           |    0    |    0    |    0    |
|          |            var_fu_2481           |    0    |    0    |    0    |
|          |           var_1_fu_2676          |    0    |    0    |    0    |
|          |           var_2_fu_2871          |    0    |    0    |    0    |
|          |           var_3_fu_3066          |    0    |    0    |    0    |
|partselect|          lshr_ln_fu_3097         |    0    |    0    |    0    |
|          |       lshr_ln492_1_fu_3127       |    0    |    0    |    0    |
|          |       lshr_ln492_2_fu_3147       |    0    |    0    |    0    |
|          |       lshr_ln492_3_fu_3167       |    0    |    0    |    0    |
|          |            sw_fu_3182            |    0    |    0    |    0    |
|          |         lshr_ln1_fu_3192         |    0    |    0    |    0    |
|          |       lshr_ln494_1_fu_3206       |    0    |    0    |    0    |
|          |       lshr_ln494_2_fu_3220       |    0    |    0    |    0    |
|          |         lshr_ln2_fu_3280         |    0    |    0    |    0    |
|          |       lshr_ln501_1_fu_3298       |    0    |    0    |    0    |
|          |       lshr_ln501_2_fu_3316       |    0    |    0    |    0    |
|          |       lshr_ln501_3_fu_3334       |    0    |    0    |    0    |
|          |        tmp_3_cast_fu_3404        |    0    |    0    |    0    |
|          |       zext_ln504_5_fu_3430       |    0    |    0    |    0    |
|          |          tmp_51_fu_3476          |    0    |    0    |    0    |
|----------|----------------------------------|---------|---------|---------|
|   Total  |                                  |    8    |    0    |   2308  |
|----------|----------------------------------|---------|---------|---------|

Memories:
+-------------+--------+--------+--------+--------+
|             |  BRAM  |   FF   |   LUT  |  URAM  |
+-------------+--------+--------+--------+--------+
| linebuf_yuv |    2   |    0   |    0   |    0   |
|linebuf_yuv_1|    2   |    0   |    0   |    0   |
|linebuf_yuv_2|    2   |    0   |    0   |    0   |
|linebuf_yuv_3|    2   |    0   |    0   |    0   |
+-------------+--------+--------+--------+--------+
|    Total    |    8   |    0   |    0   |    0   |
+-------------+--------+--------+--------+--------+

* Register list:
+---------------------------+--------+
|                           |   FF   |
+---------------------------+--------+
| DIV1_TABLE_addr_1_reg_4288|   10   |
| DIV1_TABLE_addr_2_reg_4293|   10   |
| DIV1_TABLE_addr_3_reg_4298|   10   |
|  DIV1_TABLE_addr_reg_4283 |   10   |
|  DIV2_TABLE_addr_reg_4330 |   12   |
|       K_10_reg_4139       |   12   |
|       K_11_reg_4144       |   12   |
|        K_1_reg_4079       |   12   |
|        K_2_reg_4089       |   12   |
|        K_3_reg_4094       |   12   |
|        K_4_reg_4099       |   12   |
|        K_5_reg_4109       |   12   |
|        K_6_reg_4114       |   12   |
|        K_7_reg_4119       |   12   |
|        K_8_reg_4129       |   12   |
|        K_9_reg_4134       |   12   |
|         K_reg_4074        |   12   |
|   LineBufVal_5_reg_3960   |   10   |
|   LineBufVal_6_reg_3969   |   10   |
|   LineBufVal_7_reg_3978   |   10   |
|    LineBufVal_reg_3951    |   10   |
|       SD_1_reg_4258       |   10   |
|        SD_reg_4253        |   10   |
|     add_ln495_reg_4325    |    9   |
|    add_ln504_2_reg_4393   |   26   |
|       ave_1_reg_4198      |   14   |
|       ave_2_reg_4213      |   14   |
|       ave_3_reg_4228      |   14   |
|        ave_reg_4171       |   14   |
|     empty_133_reg_3687    |   10   |
|     empty_134_reg_3695    |   10   |
|     empty_135_reg_3703    |   10   |
|     empty_136_reg_3711    |   10   |
|     empty_137_reg_3719    |   10   |
|     empty_138_reg_3727    |   10   |
|     empty_139_reg_3734    |   10   |
|     empty_140_reg_3741    |   10   |
|     empty_141_reg_3748    |   10   |
|     empty_142_reg_3755    |   10   |
|     empty_143_reg_3762    |   10   |
|     empty_144_reg_3769    |   10   |
|     empty_145_reg_3776    |   10   |
|     empty_146_reg_3783    |   10   |
|     empty_147_reg_3790    |   10   |
|     empty_148_reg_3797    |   10   |
|     empty_149_reg_3804    |   10   |
|     empty_150_reg_3811    |   10   |
|     empty_151_reg_3818    |   10   |
|     empty_152_reg_3825    |   10   |
|     empty_153_reg_664     |   10   |
|     empty_154_reg_673     |   10   |
|     empty_155_reg_682     |   10   |
|     empty_156_reg_691     |   10   |
|     empty_157_reg_700     |   10   |
|     empty_158_reg_709     |   10   |
|     empty_159_reg_718     |   10   |
|     empty_160_reg_727     |   10   |
|     empty_161_reg_736     |   10   |
|     empty_162_reg_755     |   10   |
|     empty_163_reg_764     |   10   |
|     empty_164_reg_773     |   10   |
|     empty_165_reg_782     |   10   |
|     empty_166_reg_791     |   10   |
|     empty_167_reg_800     |   10   |
|     empty_168_reg_809     |   10   |
|     empty_169_reg_818     |   10   |
|     empty_170_reg_827     |   10   |
|     empty_171_reg_836     |   10   |
|        g_2_reg_745        |   10   |
|    icmp_ln318_reg_3849    |    1   |
|    icmp_ln328_reg_3853    |    1   |
|    icmp_ln346_reg_3832    |    1   |
|    icmp_ln387_reg_3881    |    1   |
|    icmp_ln403_reg_3836    |    1   |
|    icmp_ln439_reg_3905    |    1   |
|    icmp_ln506_reg_3843    |    1   |
|linebuf_yuv_1_addr_reg_3863|   11   |
|linebuf_yuv_2_addr_reg_3869|   11   |
|linebuf_yuv_3_addr_reg_3875|   11   |
| linebuf_yuv_addr_reg_3857 |   11   |
|     lshr_ln1_reg_4309     |    8   |
|   lshr_ln494_1_reg_4314   |    8   |
|   lshr_ln494_2_reg_4319   |    9   |
|   lshr_ln501_1_reg_4353   |   10   |
|   lshr_ln501_2_reg_4358   |   10   |
|      mean_1_reg_4238      |   12   |
|      mean_2_reg_4243      |   12   |
|      mean_3_reg_4248      |   12   |
|       mean_reg_4233       |   12   |
|    mul_ln504_1_reg_4373   |   24   |
|    mul_ln504_3_reg_4378   |   24   |
|       norm_reg_4335       |   18   |
|     p_load198_reg_4051    |   10   |
|     p_load199_reg_4046    |   10   |
|     p_load200_reg_4041    |   10   |
|     p_load201_reg_4036    |   10   |
|     p_load202_reg_4031    |   10   |
|     p_load203_reg_4026    |   10   |
|     p_load204_reg_4021    |   10   |
|     p_load205_reg_4016    |   10   |
|     p_load206_reg_4011    |   10   |
|     p_load207_reg_4006    |   10   |
|     p_load208_reg_4001    |   10   |
|     p_load209_reg_3996    |   10   |
|     p_load210_reg_3991    |   10   |
|     p_load211_reg_3986    |   10   |
|     p_load212_reg_3944    |   10   |
|     p_load214_reg_3937    |   10   |
|     p_load216_reg_3930    |   10   |
|     p_load218_reg_3923    |   10   |
|     p_load220_reg_3916    |   10   |
|      p_load_reg_4056      |   10   |
|        p_ph_reg_652       |   10   |
|   select_ln510_reg_4404   |   10   |
|   sext_ln465_1_reg_4154   |   13   |
|   sext_ln465_2_reg_4160   |   13   |
|   sext_ln465_3_reg_4165   |   13   |
|    sext_ln465_reg_4149    |   13   |
|   sext_ln466_1_reg_4181   |   13   |
|   sext_ln466_2_reg_4187   |   13   |
|   sext_ln466_3_reg_4193   |   13   |
|    sext_ln466_reg_4176    |   13   |
|   sext_ln467_1_reg_4208   |   13   |
|    sext_ln467_reg_4203    |   13   |
|   sext_ln468_1_reg_4223   |   13   |
|    sext_ln468_reg_4218    |   13   |
|   sext_ln472_3_reg_4348   |   24   |
|    sext_ln472_reg_4343    |   24   |
|   sext_ln504_1_reg_4383   |   25   |
|   sext_ln504_3_reg_4388   |   25   |
|        sw_reg_4303        |    9   |
|    tmp_3_cast_reg_4399    |   13   |
|      tmp_52_reg_3912      |    1   |
|       var_1_reg_4268      |   13   |
|       var_2_reg_4273      |   13   |
|       var_3_reg_4278      |   13   |
|        var_reg_4263       |   13   |
|         x_reg_3680        |   17   |
|   zext_ln450_1_reg_4061   |   11   |
|   zext_ln450_3_reg_4066   |   11   |
|   zext_ln452_1_reg_4084   |   11   |
|   zext_ln455_2_reg_4104   |   11   |
|   zext_ln458_1_reg_4124   |   11   |
|   zext_ln504_2_reg_4368   |   24   |
|    zext_ln504_reg_4363    |   24   |
+---------------------------+--------+
|           Total           |  1626  |
+---------------------------+--------+

* Multiplexer (MUX) list: 
|-------------------|------|------|------|--------||---------||---------||---------|
|        Comp       |  Pin | Size |  BW  | S x BW ||  Delay  ||    FF   ||   LUT   |
|-------------------|------|------|------|--------||---------||---------||---------|
| grp_access_fu_528 |  p2  |   2  |   0  |    0   ||    0    ||    9    |
| grp_access_fu_545 |  p2  |   2  |   0  |    0   ||    0    ||    9    |
| grp_access_fu_562 |  p2  |   2  |   0  |    0   ||    0    ||    9    |
| grp_access_fu_579 |  p2  |   2  |   0  |    0   ||    0    ||    9    |
| grp_access_fu_597 |  p0  |   2  |  10  |   20   ||    0    ||    9    |
| grp_access_fu_597 |  p2  |   2  |   0  |    0   ||    0    ||    9    |
| grp_access_fu_597 |  p5  |   2  |  10  |   20   ||    0    ||    9    |
| grp_access_fu_597 |  p8  |   2  |  10  |   20   ||    0    ||    9    |
| grp_access_fu_646 |  p0  |   2  |  12  |   24   ||    0    ||    9    |
|    grp_fu_3662    |  p0  |   3  |  14  |   42   ||    0    ||    14   |
|    grp_fu_3662    |  p1  |   2  |  10  |   20   ||    0    ||    9    |
|    grp_fu_3671    |  p0  |   3  |  14  |   42   ||    0    ||    14   |
|    grp_fu_3671    |  p1  |   2  |  10  |   20   ||    0    ||    9    |
|-------------------|------|------|------|--------||---------||---------||---------|
|       Total       |      |      |      |   208  || 20.8826 ||    0    ||   127   |
|-------------------|------|------|------|--------||---------||---------||---------|



* Summary:
+-----------+--------+--------+--------+--------+--------+--------+
|           |  BRAM  |   DSP  |  Delay |   FF   |   LUT  |  URAM  |
+-----------+--------+--------+--------+--------+--------+--------+
|  Function |    -   |    8   |    -   |    0   |  2308  |    -   |
|   Memory  |    8   |    -   |    -   |    0   |    0   |    0   |
|Multiplexer|    -   |    -   |   20   |    0   |   127  |    -   |
|  Register |    -   |    -   |    -   |  1626  |    -   |    -   |
+-----------+--------+--------+--------+--------+--------+--------+
|   Total   |    8   |    8   |   20   |  1626  |  2435  |    0   |
+-----------+--------+--------+--------+--------+--------+--------+
