

================================================================
== Vitis HLS Report for 'DebayerRatBorBatR_Pipeline_VITIS_LOOP_633_2'
================================================================
* Date:           Mon Sep 21 19:19:08 2026

* Version:        2025.2 (Build 6295257 on Nov 14 2025)
* Project:        prj
* Solution:       sol (Vivado IP Flow Target)
* Product family: zynq
* Target device:  xc7z020-clg400-1


================================================================
== Performance Estimates
================================================================
+ Timing: 
    * Summary: 
    +--------+----------+----------+------------+
    |  Clock |  Target  | Estimated| Uncertainty|
    +--------+----------+----------+------------+
    |ap_clk  |  10.00 ns|  7.131 ns|     2.70 ns|
    +--------+----------+----------+------------+

+ Latency: 
    * Summary: 
    +---------+---------+-----------+-----------+-----+-----+-------------------+
    |  Latency (cycles) |   Latency (absolute)  |  Interval |      Pipeline     |
    |   min   |   max   |    min    |    max    | min | max |        Type       |
    +---------+---------+-----------+-----------+-----+-----+-------------------+
    |        8|     1928|  80.000 ns|  19.280 us|    0|    0|  loop pipeline stp|
    +---------+---------+-----------+-----------+-----+-----+-------------------+

    + Detail: 
        * Instance: 
        N/A

        * Loop: 
        +--------------------+---------+---------+----------+-----------+-----------+----------+----------+
        |                    |  Latency (cycles) | Iteration|  Initiation Interval  |   Trip   |          |
        |      Loop Name     |   min   |   max   |  Latency |  achieved |   target  |   Count  | Pipelined|
        +--------------------+---------+---------+----------+-----------+-----------+----------+----------+
        |- VITIS_LOOP_633_2  |        6|     1926|         7|          1|          1|  1 ~ 1921|       yes|
        +--------------------+---------+---------+----------+-----------+-----------+----------+----------+

============================================================
+ Verbose Summary: Synthesis Manager
============================================================
InlineROM: 1
ExposeGlobal: 0
============================================================
+ Verbose Summary: CDFG Model
============================================================
IsTopModel: 0
ResetActiveHigh: 1
IsCombinational: 0
IsDatapathOnly: 0
HasWiredReturn: 1
HasMFsm: 2
HasVarLatency: 1
IsPipeline: 0
IsRtlPipelined: 0
IsInstanceOverlapped: 0
IsDontTouch: 0
HasImplIP: 0
IsGatedGlobalClock: 0

+ Individual pipeline summary: 
  * Pipeline-0: initiation interval (II) = 1, depth = 7


============================================================
+ Verbose Summary: Schedule
============================================================
* Number of FSM states : 7
* Pipeline : 1
  Pipeline-0 : II = 1, D = 7, States = { 1 2 3 4 5 6 7 }
* Dataflow Pipeline: 0

* FSM state transitions: 
1 --> 2 
2 --> 3 
3 --> 4 
4 --> 5 
5 --> 6 
6 --> 7 
7 --> 

* FSM state operations: 

State 1 <SV = 0> <Delay = 6.48>
ST_1 : Operation 10 [1/1] (0.00ns)   --->   "%x = alloca i32 1" [C:/github/zybo_z7_cam_rpi_v2_5mp_hdmi/zybo_z7_imx219/zybo_z7_imx219.runs/design_1_v_demosaic_0_0_synth_1/prj/sol/.autopilot/db/v_demosaic.cpp:603->C:/github/zybo_z7_cam_rpi_v2_5mp_hdmi/zybo_z7_imx219/zybo_z7_imx219.runs/design_1_v_demosaic_0_0_synth_1/prj/sol/.autopilot/db/v_demosaic.cpp:1072]   --->   Operation 10 'alloca' 'x' <Predicate = true> <Delay = 0.00>
ST_1 : Operation 11 [1/1] (0.00ns)   --->   "%p_0_0_0_0_09131515_i = alloca i32 1"   --->   Operation 11 'alloca' 'p_0_0_0_0_09131515_i' <Predicate = true> <Delay = 0.00>
ST_1 : Operation 12 [1/1] (0.00ns)   --->   "%p_0_1_0_0_09141517_i = alloca i32 1"   --->   Operation 12 'alloca' 'p_0_1_0_0_09141517_i' <Predicate = true> <Delay = 0.00>
ST_1 : Operation 13 [1/1] (0.00ns)   --->   "%p_0_2_0_0_09151519_i = alloca i32 1"   --->   Operation 13 'alloca' 'p_0_2_0_0_09151519_i' <Predicate = true> <Delay = 0.00>
ST_1 : Operation 14 [1/1] (0.00ns)   --->   "%p_0_0_0940_115091520_i = alloca i32 1"   --->   Operation 14 'alloca' 'p_0_0_0940_115091520_i' <Predicate = true> <Delay = 0.00>
ST_1 : Operation 15 [1/1] (0.00ns)   --->   "%p_0_0_0939_115111522_i = alloca i32 1"   --->   Operation 15 'alloca' 'p_0_0_0939_115111522_i' <Predicate = true> <Delay = 0.00>
ST_1 : Operation 16 [1/1] (0.00ns)   --->   "%p_0_0_0938_115131524_i = alloca i32 1"   --->   Operation 16 'alloca' 'p_0_0_0938_115131524_i' <Predicate = true> <Delay = 0.00>
ST_1 : Operation 17 [1/1] (0.00ns)   --->   "%p_0_0_0_0_09071527_i = alloca i32 1"   --->   Operation 17 'alloca' 'p_0_0_0_0_09071527_i' <Predicate = true> <Delay = 0.00>
ST_1 : Operation 18 [1/1] (0.00ns)   --->   "%p_0_1_0_0_09081529_i = alloca i32 1"   --->   Operation 18 'alloca' 'p_0_1_0_0_09081529_i' <Predicate = true> <Delay = 0.00>
ST_1 : Operation 19 [1/1] (0.00ns)   --->   "%p_0_2_0_0_09091531_i = alloca i32 1"   --->   Operation 19 'alloca' 'p_0_2_0_0_09091531_i' <Predicate = true> <Delay = 0.00>
ST_1 : Operation 20 [1/1] (0.00ns)   --->   "%p_0_0_09401416_i = alloca i32 1"   --->   Operation 20 'alloca' 'p_0_0_09401416_i' <Predicate = true> <Delay = 0.00>
ST_1 : Operation 21 [1/1] (0.00ns)   --->   "%p_0_0_09391419_i = alloca i32 1"   --->   Operation 21 'alloca' 'p_0_0_09391419_i' <Predicate = true> <Delay = 0.00>
ST_1 : Operation 22 [1/1] (0.00ns)   --->   "%p_0_0_09381422_i = alloca i32 1"   --->   Operation 22 'alloca' 'p_0_0_09381422_i' <Predicate = true> <Delay = 0.00>
ST_1 : Operation 23 [1/1] (0.00ns)   --->   "%p_0_0_0940_21446_i = alloca i32 1"   --->   Operation 23 'alloca' 'p_0_0_0940_21446_i' <Predicate = true> <Delay = 0.00>
ST_1 : Operation 24 [1/1] (0.00ns)   --->   "%p_0_0_0939_21449_i = alloca i32 1"   --->   Operation 24 'alloca' 'p_0_0_0939_21449_i' <Predicate = true> <Delay = 0.00>
ST_1 : Operation 25 [1/1] (0.00ns)   --->   "%p_0_0_0938_21452_i = alloca i32 1"   --->   Operation 25 'alloca' 'p_0_0_0938_21452_i' <Predicate = true> <Delay = 0.00>
ST_1 : Operation 26 [1/1] (0.00ns)   --->   "%specinterface_ln0 = specinterface void @_ssdm_op_SpecInterface, i30 %imgG, void @empty_20, i32 0, i32 0, void @empty_14, i32 0, i32 0, void @empty_14, void @empty_14, void @empty_14, i32 0, i32 0, i32 0, i32 0, void @empty_14, void @empty_14, i32 4294967295, i32 0, i32 0, i32 0"   --->   Operation 26 'specinterface' 'specinterface_ln0' <Predicate = true> <Delay = 0.00>
ST_1 : Operation 27 [1/1] (0.00ns)   --->   "%specinterface_ln0 = specinterface void @_ssdm_op_SpecInterface, i30 %imgRB, void @empty_20, i32 0, i32 0, void @empty_14, i32 0, i32 0, void @empty_14, void @empty_14, void @empty_14, i32 0, i32 0, i32 0, i32 0, void @empty_14, void @empty_14, i32 4294967295, i32 0, i32 0, i32 0"   --->   Operation 27 'specinterface' 'specinterface_ln0' <Predicate = true> <Delay = 0.00>
ST_1 : Operation 28 [1/1] (0.00ns)   --->   "%width_val8_load_read = read i11 @_ssdm_op_Read.ap_auto.i11, i11 %width_val8_load"   --->   Operation 28 'read' 'width_val8_load_read' <Predicate = true> <Delay = 0.00>
ST_1 : Operation 29 [1/1] (0.00ns)   --->   "%xor_ln772_1_read = read i15 @_ssdm_op_Read.ap_auto.i15, i15 %xor_ln772_1"   --->   Operation 29 'read' 'xor_ln772_1_read' <Predicate = true> <Delay = 0.00>
ST_1 : Operation 30 [1/1] (0.00ns)   --->   "%tmp = read i1 @_ssdm_op_Read.ap_auto.i1, i1 %empty"   --->   Operation 30 'read' 'tmp' <Predicate = true> <Delay = 0.00>
ST_1 : Operation 31 [1/1] (0.00ns)   --->   "%loopWidth_read = read i11 @_ssdm_op_Read.ap_auto.i11, i11 %loopWidth"   --->   Operation 31 'read' 'loopWidth_read' <Predicate = true> <Delay = 0.00>
ST_1 : Operation 32 [1/1] (0.00ns)   --->   "%height_val4_load_read = read i11 @_ssdm_op_Read.ap_auto.i11, i11 %height_val4_load"   --->   Operation 32 'read' 'height_val4_load_read' <Predicate = true> <Delay = 0.00>
ST_1 : Operation 33 [1/1] (0.00ns)   --->   "%y_read = read i11 @_ssdm_op_Read.ap_auto.i11, i11 %y"   --->   Operation 33 'read' 'y_read' <Predicate = true> <Delay = 0.00>
ST_1 : Operation 34 [1/1] (0.00ns)   --->   "%trunc_ln_read = read i15 @_ssdm_op_Read.ap_auto.i15, i15 %trunc_ln"   --->   Operation 34 'read' 'trunc_ln_read' <Predicate = true> <Delay = 0.00>
ST_1 : Operation 35 [1/1] (0.00ns)   --->   "%xor_ln772_read = read i1 @_ssdm_op_Read.ap_auto.i1, i1 %xor_ln772"   --->   Operation 35 'read' 'xor_ln772_read' <Predicate = true> <Delay = 0.00>
ST_1 : Operation 36 [1/1] (0.00ns)   --->   "%p_0_0_09401417_lcssa1469_i_read = read i10 @_ssdm_op_Read.ap_auto.i10, i10 %p_0_0_09401417_lcssa1469_i"   --->   Operation 36 'read' 'p_0_0_09401417_lcssa1469_i_read' <Predicate = true> <Delay = 0.00>
ST_1 : Operation 37 [1/1] (0.00ns)   --->   "%p_0_0_09391420_lcssa1471_i_read = read i10 @_ssdm_op_Read.ap_auto.i10, i10 %p_0_0_09391420_lcssa1471_i"   --->   Operation 37 'read' 'p_0_0_09391420_lcssa1471_i_read' <Predicate = true> <Delay = 0.00>
ST_1 : Operation 38 [1/1] (0.00ns)   --->   "%p_0_0_09381423_lcssa1473_i_read = read i10 @_ssdm_op_Read.ap_auto.i10, i10 %p_0_0_09381423_lcssa1473_i"   --->   Operation 38 'read' 'p_0_0_09381423_lcssa1473_i_read' <Predicate = true> <Delay = 0.00>
ST_1 : Operation 39 [1/1] (0.00ns)   --->   "%p_0_0_0940_21447_lcssa1481_i_read = read i10 @_ssdm_op_Read.ap_auto.i10, i10 %p_0_0_0940_21447_lcssa1481_i"   --->   Operation 39 'read' 'p_0_0_0940_21447_lcssa1481_i_read' <Predicate = true> <Delay = 0.00>
ST_1 : Operation 40 [1/1] (0.00ns)   --->   "%p_0_0_0939_21450_lcssa1483_i_read = read i10 @_ssdm_op_Read.ap_auto.i10, i10 %p_0_0_0939_21450_lcssa1483_i"   --->   Operation 40 'read' 'p_0_0_0939_21450_lcssa1483_i_read' <Predicate = true> <Delay = 0.00>
ST_1 : Operation 41 [1/1] (0.00ns)   --->   "%p_0_0_0938_21453_lcssa1485_i_read = read i10 @_ssdm_op_Read.ap_auto.i10, i10 %p_0_0_0938_21453_lcssa1485_i"   --->   Operation 41 'read' 'p_0_0_0938_21453_lcssa1485_i_read' <Predicate = true> <Delay = 0.00>
ST_1 : Operation 42 [1/1] (0.00ns)   --->   "%p_0_0_0_0_09131514_lcssa1551_i_read = read i10 @_ssdm_op_Read.ap_auto.i10, i10 %p_0_0_0_0_09131514_lcssa1551_i"   --->   Operation 42 'read' 'p_0_0_0_0_09131514_lcssa1551_i_read' <Predicate = true> <Delay = 0.00>
ST_1 : Operation 43 [1/1] (0.00ns)   --->   "%p_0_1_0_0_09141516_lcssa1553_i_read = read i10 @_ssdm_op_Read.ap_auto.i10, i10 %p_0_1_0_0_09141516_lcssa1553_i"   --->   Operation 43 'read' 'p_0_1_0_0_09141516_lcssa1553_i_read' <Predicate = true> <Delay = 0.00>
ST_1 : Operation 44 [1/1] (0.00ns)   --->   "%p_0_2_0_0_09151518_lcssa1555_i_read = read i10 @_ssdm_op_Read.ap_auto.i10, i10 %p_0_2_0_0_09151518_lcssa1555_i"   --->   Operation 44 'read' 'p_0_2_0_0_09151518_lcssa1555_i_read' <Predicate = true> <Delay = 0.00>
ST_1 : Operation 45 [1/1] (0.00ns)   --->   "%p_0_0_0940_115091521_lcssa1557_i_read = read i10 @_ssdm_op_Read.ap_auto.i10, i10 %p_0_0_0940_115091521_lcssa1557_i"   --->   Operation 45 'read' 'p_0_0_0940_115091521_lcssa1557_i_read' <Predicate = true> <Delay = 0.00>
ST_1 : Operation 46 [1/1] (0.00ns)   --->   "%p_0_0_0939_115111523_lcssa1559_i_read = read i10 @_ssdm_op_Read.ap_auto.i10, i10 %p_0_0_0939_115111523_lcssa1559_i"   --->   Operation 46 'read' 'p_0_0_0939_115111523_lcssa1559_i_read' <Predicate = true> <Delay = 0.00>
ST_1 : Operation 47 [1/1] (0.00ns)   --->   "%p_0_0_0938_115131525_lcssa1561_i_read = read i10 @_ssdm_op_Read.ap_auto.i10, i10 %p_0_0_0938_115131525_lcssa1561_i"   --->   Operation 47 'read' 'p_0_0_0938_115131525_lcssa1561_i_read' <Predicate = true> <Delay = 0.00>
ST_1 : Operation 48 [1/1] (0.00ns)   --->   "%p_0_0_0_0_09071526_lcssa1563_i_read = read i10 @_ssdm_op_Read.ap_auto.i10, i10 %p_0_0_0_0_09071526_lcssa1563_i"   --->   Operation 48 'read' 'p_0_0_0_0_09071526_lcssa1563_i_read' <Predicate = true> <Delay = 0.00>
ST_1 : Operation 49 [1/1] (0.00ns)   --->   "%p_0_1_0_0_09081528_lcssa1565_i_read = read i10 @_ssdm_op_Read.ap_auto.i10, i10 %p_0_1_0_0_09081528_lcssa1565_i"   --->   Operation 49 'read' 'p_0_1_0_0_09081528_lcssa1565_i_read' <Predicate = true> <Delay = 0.00>
ST_1 : Operation 50 [1/1] (0.00ns)   --->   "%p_0_2_0_0_09091530_lcssa1567_i_read = read i10 @_ssdm_op_Read.ap_auto.i10, i10 %p_0_2_0_0_09091530_lcssa1567_i"   --->   Operation 50 'read' 'p_0_2_0_0_09091530_lcssa1567_i_read' <Predicate = true> <Delay = 0.00>
ST_1 : Operation 51 [1/1] (0.00ns)   --->   "%lineBuffer_1 = alloca i64 1" [C:/github/zybo_z7_cam_rpi_v2_5mp_hdmi/zybo_z7_imx219/zybo_z7_imx219.runs/design_1_v_demosaic_0_0_synth_1/prj/sol/.autopilot/db/v_demosaic.cpp:614->C:/github/zybo_z7_cam_rpi_v2_5mp_hdmi/zybo_z7_imx219/zybo_z7_imx219.runs/design_1_v_demosaic_0_0_synth_1/prj/sol/.autopilot/db/v_demosaic.cpp:1072]   --->   Operation 51 'alloca' 'lineBuffer_1' <Predicate = true> <Delay = 0.00> <CoreInst = "RAM">   --->   Core 81 'RAM' <Latency = 1> <II = 1> <Delay = 3.25> <Storage> <Opcode : 'load' 'store'> <Ports = 2> <Width = 30> <Depth = 1921> <RAM>
ST_1 : Operation 52 [1/1] (0.00ns)   --->   "%lineBuffer = alloca i64 1" [C:/github/zybo_z7_cam_rpi_v2_5mp_hdmi/zybo_z7_imx219/zybo_z7_imx219.runs/design_1_v_demosaic_0_0_synth_1/prj/sol/.autopilot/db/v_demosaic.cpp:614->C:/github/zybo_z7_cam_rpi_v2_5mp_hdmi/zybo_z7_imx219/zybo_z7_imx219.runs/design_1_v_demosaic_0_0_synth_1/prj/sol/.autopilot/db/v_demosaic.cpp:1072]   --->   Operation 52 'alloca' 'lineBuffer' <Predicate = true> <Delay = 0.00> <CoreInst = "RAM">   --->   Core 81 'RAM' <Latency = 1> <II = 1> <Delay = 3.25> <Storage> <Opcode : 'load' 'store'> <Ports = 2> <Width = 30> <Depth = 1921> <RAM>
ST_1 : Operation 53 [1/1] (0.00ns)   --->   "%zext_ln772 = zext i1 %xor_ln772_read" [C:/github/zybo_z7_cam_rpi_v2_5mp_hdmi/zybo_z7_imx219/zybo_z7_imx219.runs/design_1_v_demosaic_0_0_synth_1/prj/sol/.autopilot/db/v_demosaic.cpp:772->C:/github/zybo_z7_cam_rpi_v2_5mp_hdmi/zybo_z7_imx219/zybo_z7_imx219.runs/design_1_v_demosaic_0_0_synth_1/prj/sol/.autopilot/db/v_demosaic.cpp:1072]   --->   Operation 53 'zext' 'zext_ln772' <Predicate = true> <Delay = 0.00>
ST_1 : Operation 54 [1/1] (1.94ns)   --->   "%red = icmp_eq  i15 %zext_ln772, i15 %trunc_ln_read" [C:/github/zybo_z7_cam_rpi_v2_5mp_hdmi/zybo_z7_imx219/zybo_z7_imx219.runs/design_1_v_demosaic_0_0_synth_1/prj/sol/.autopilot/db/v_demosaic.cpp:786->C:/github/zybo_z7_cam_rpi_v2_5mp_hdmi/zybo_z7_imx219/zybo_z7_imx219.runs/design_1_v_demosaic_0_0_synth_1/prj/sol/.autopilot/db/v_demosaic.cpp:1072]   --->   Operation 54 'icmp' 'red' <Predicate = true> <Delay = 1.94> <CoreInst = "Cmp">   --->   Core 9 'Cmp' <Latency = 0> <II = 1> <Delay = 1.94> <FuncUnit> <Opcode : 'seteq' 'setne' 'setle' 'setge' 'setlt' 'setgt'> <InPorts = 2> <OutPorts = 1>
ST_1 : Operation 55 [1/1] (1.63ns)   --->   "%icmp_ln664 = icmp_ult  i11 %y_read, i11 %height_val4_load_read" [C:/github/zybo_z7_cam_rpi_v2_5mp_hdmi/zybo_z7_imx219/zybo_z7_imx219.runs/design_1_v_demosaic_0_0_synth_1/prj/sol/.autopilot/db/v_demosaic.cpp:664->C:/github/zybo_z7_cam_rpi_v2_5mp_hdmi/zybo_z7_imx219/zybo_z7_imx219.runs/design_1_v_demosaic_0_0_synth_1/prj/sol/.autopilot/db/v_demosaic.cpp:1072]   --->   Operation 55 'icmp' 'icmp_ln664' <Predicate = true> <Delay = 1.63> <CoreInst = "Cmp">   --->   Core 9 'Cmp' <Latency = 0> <II = 1> <Delay = 1.63> <FuncUnit> <Opcode : 'seteq' 'setne' 'setle' 'setge' 'setlt' 'setgt'> <InPorts = 2> <OutPorts = 1>
ST_1 : Operation 56 [1/1] (1.63ns)   --->   "%icmp_ln728 = icmp_ne  i11 %y_read, i11 0" [C:/github/zybo_z7_cam_rpi_v2_5mp_hdmi/zybo_z7_imx219/zybo_z7_imx219.runs/design_1_v_demosaic_0_0_synth_1/prj/sol/.autopilot/db/v_demosaic.cpp:728->C:/github/zybo_z7_cam_rpi_v2_5mp_hdmi/zybo_z7_imx219/zybo_z7_imx219.runs/design_1_v_demosaic_0_0_synth_1/prj/sol/.autopilot/db/v_demosaic.cpp:1072]   --->   Operation 56 'icmp' 'icmp_ln728' <Predicate = true> <Delay = 1.63> <CoreInst = "Cmp">   --->   Core 9 'Cmp' <Latency = 0> <II = 1> <Delay = 1.63> <FuncUnit> <Opcode : 'seteq' 'setne' 'setle' 'setge' 'setlt' 'setgt'> <InPorts = 2> <OutPorts = 1>
ST_1 : Operation 57 [1/1] (1.58ns)   --->   "%store_ln0 = store i10 %p_0_0_0938_21453_lcssa1485_i_read, i10 %p_0_0_0938_21452_i"   --->   Operation 57 'store' 'store_ln0' <Predicate = true> <Delay = 1.58>
ST_1 : Operation 58 [1/1] (1.58ns)   --->   "%store_ln0 = store i10 %p_0_0_0939_21450_lcssa1483_i_read, i10 %p_0_0_0939_21449_i"   --->   Operation 58 'store' 'store_ln0' <Predicate = true> <Delay = 1.58>
ST_1 : Operation 59 [1/1] (1.58ns)   --->   "%store_ln0 = store i10 %p_0_0_0940_21447_lcssa1481_i_read, i10 %p_0_0_0940_21446_i"   --->   Operation 59 'store' 'store_ln0' <Predicate = true> <Delay = 1.58>
ST_1 : Operation 60 [1/1] (1.58ns)   --->   "%store_ln0 = store i10 %p_0_0_09381423_lcssa1473_i_read, i10 %p_0_0_09381422_i"   --->   Operation 60 'store' 'store_ln0' <Predicate = true> <Delay = 1.58>
ST_1 : Operation 61 [1/1] (1.58ns)   --->   "%store_ln0 = store i10 %p_0_0_09391420_lcssa1471_i_read, i10 %p_0_0_09391419_i"   --->   Operation 61 'store' 'store_ln0' <Predicate = true> <Delay = 1.58>
ST_1 : Operation 62 [1/1] (1.58ns)   --->   "%store_ln0 = store i10 %p_0_0_09401417_lcssa1469_i_read, i10 %p_0_0_09401416_i"   --->   Operation 62 'store' 'store_ln0' <Predicate = true> <Delay = 1.58>
ST_1 : Operation 63 [1/1] (1.58ns)   --->   "%store_ln0 = store i10 %p_0_2_0_0_09091530_lcssa1567_i_read, i10 %p_0_2_0_0_09091531_i"   --->   Operation 63 'store' 'store_ln0' <Predicate = true> <Delay = 1.58>
ST_1 : Operation 64 [1/1] (1.58ns)   --->   "%store_ln0 = store i10 %p_0_1_0_0_09081528_lcssa1565_i_read, i10 %p_0_1_0_0_09081529_i"   --->   Operation 64 'store' 'store_ln0' <Predicate = true> <Delay = 1.58>
ST_1 : Operation 65 [1/1] (1.58ns)   --->   "%store_ln0 = store i10 %p_0_0_0_0_09071526_lcssa1563_i_read, i10 %p_0_0_0_0_09071527_i"   --->   Operation 65 'store' 'store_ln0' <Predicate = true> <Delay = 1.58>
ST_1 : Operation 66 [1/1] (1.58ns)   --->   "%store_ln0 = store i10 %p_0_0_0938_115131525_lcssa1561_i_read, i10 %p_0_0_0938_115131524_i"   --->   Operation 66 'store' 'store_ln0' <Predicate = true> <Delay = 1.58>
ST_1 : Operation 67 [1/1] (1.58ns)   --->   "%store_ln0 = store i10 %p_0_0_0939_115111523_lcssa1559_i_read, i10 %p_0_0_0939_115111522_i"   --->   Operation 67 'store' 'store_ln0' <Predicate = true> <Delay = 1.58>
ST_1 : Operation 68 [1/1] (1.58ns)   --->   "%store_ln0 = store i10 %p_0_0_0940_115091521_lcssa1557_i_read, i10 %p_0_0_0940_115091520_i"   --->   Operation 68 'store' 'store_ln0' <Predicate = true> <Delay = 1.58>
ST_1 : Operation 69 [1/1] (1.58ns)   --->   "%store_ln0 = store i10 %p_0_2_0_0_09151518_lcssa1555_i_read, i10 %p_0_2_0_0_09151519_i"   --->   Operation 69 'store' 'store_ln0' <Predicate = true> <Delay = 1.58>
ST_1 : Operation 70 [1/1] (1.58ns)   --->   "%store_ln0 = store i10 %p_0_1_0_0_09141516_lcssa1553_i_read, i10 %p_0_1_0_0_09141517_i"   --->   Operation 70 'store' 'store_ln0' <Predicate = true> <Delay = 1.58>
ST_1 : Operation 71 [1/1] (1.58ns)   --->   "%store_ln0 = store i10 %p_0_0_0_0_09131514_lcssa1551_i_read, i10 %p_0_0_0_0_09131515_i"   --->   Operation 71 'store' 'store_ln0' <Predicate = true> <Delay = 1.58>
ST_1 : Operation 72 [1/1] (1.58ns)   --->   "%store_ln603 = store i11 0, i11 %x" [C:/github/zybo_z7_cam_rpi_v2_5mp_hdmi/zybo_z7_imx219/zybo_z7_imx219.runs/design_1_v_demosaic_0_0_synth_1/prj/sol/.autopilot/db/v_demosaic.cpp:603->C:/github/zybo_z7_cam_rpi_v2_5mp_hdmi/zybo_z7_imx219/zybo_z7_imx219.runs/design_1_v_demosaic_0_0_synth_1/prj/sol/.autopilot/db/v_demosaic.cpp:1072]   --->   Operation 72 'store' 'store_ln603' <Predicate = true> <Delay = 1.58>
ST_1 : Operation 73 [1/1] (0.00ns)   --->   "%br_ln633 = br void %for.body14.i" [C:/github/zybo_z7_cam_rpi_v2_5mp_hdmi/zybo_z7_imx219/zybo_z7_imx219.runs/design_1_v_demosaic_0_0_synth_1/prj/sol/.autopilot/db/v_demosaic.cpp:633->C:/github/zybo_z7_cam_rpi_v2_5mp_hdmi/zybo_z7_imx219/zybo_z7_imx219.runs/design_1_v_demosaic_0_0_synth_1/prj/sol/.autopilot/db/v_demosaic.cpp:1072]   --->   Operation 73 'br' 'br_ln633' <Predicate = true> <Delay = 0.00>
ST_1 : Operation 74 [1/1] (0.00ns)   --->   "%z = load i11 %x" [C:/github/zybo_z7_cam_rpi_v2_5mp_hdmi/zybo_z7_imx219/zybo_z7_imx219.runs/design_1_v_demosaic_0_0_synth_1/prj/sol/.autopilot/db/v_demosaic.cpp:638->C:/github/zybo_z7_cam_rpi_v2_5mp_hdmi/zybo_z7_imx219/zybo_z7_imx219.runs/design_1_v_demosaic_0_0_synth_1/prj/sol/.autopilot/db/v_demosaic.cpp:1072]   --->   Operation 74 'load' 'z' <Predicate = true> <Delay = 0.00>
ST_1 : Operation 75 [1/1] (1.63ns)   --->   "%icmp_ln633 = icmp_eq  i11 %z, i11 %loopWidth_read" [C:/github/zybo_z7_cam_rpi_v2_5mp_hdmi/zybo_z7_imx219/zybo_z7_imx219.runs/design_1_v_demosaic_0_0_synth_1/prj/sol/.autopilot/db/v_demosaic.cpp:633->C:/github/zybo_z7_cam_rpi_v2_5mp_hdmi/zybo_z7_imx219/zybo_z7_imx219.runs/design_1_v_demosaic_0_0_synth_1/prj/sol/.autopilot/db/v_demosaic.cpp:1072]   --->   Operation 75 'icmp' 'icmp_ln633' <Predicate = true> <Delay = 1.63> <CoreInst = "Cmp">   --->   Core 9 'Cmp' <Latency = 0> <II = 1> <Delay = 1.63> <FuncUnit> <Opcode : 'seteq' 'setne' 'setle' 'setge' 'setlt' 'setgt'> <InPorts = 2> <OutPorts = 1>
ST_1 : Operation 76 [1/1] (1.63ns)   --->   "%x_5 = add i11 %z, i11 1" [C:/github/zybo_z7_cam_rpi_v2_5mp_hdmi/zybo_z7_imx219/zybo_z7_imx219.runs/design_1_v_demosaic_0_0_synth_1/prj/sol/.autopilot/db/v_demosaic.cpp:638->C:/github/zybo_z7_cam_rpi_v2_5mp_hdmi/zybo_z7_imx219/zybo_z7_imx219.runs/design_1_v_demosaic_0_0_synth_1/prj/sol/.autopilot/db/v_demosaic.cpp:1072]   --->   Operation 76 'add' 'x_5' <Predicate = true> <Delay = 1.63> <CoreInst = "Adder">   --->   Core 1 'Adder' <Latency = 0> <II = 1> <Delay = 1.63> <FuncUnit> <Opcode : 'add' 'sub'> <InPorts = 2> <OutPorts = 1>
ST_1 : Operation 77 [1/1] (0.00ns)   --->   "%br_ln633 = br i1 %icmp_ln633, void %for.body14.split.i, void %for.inc566.i.exitStub" [C:/github/zybo_z7_cam_rpi_v2_5mp_hdmi/zybo_z7_imx219/zybo_z7_imx219.runs/design_1_v_demosaic_0_0_synth_1/prj/sol/.autopilot/db/v_demosaic.cpp:633->C:/github/zybo_z7_cam_rpi_v2_5mp_hdmi/zybo_z7_imx219/zybo_z7_imx219.runs/design_1_v_demosaic_0_0_synth_1/prj/sol/.autopilot/db/v_demosaic.cpp:1072]   --->   Operation 77 'br' 'br_ln633' <Predicate = true> <Delay = 0.00>
ST_1 : Operation 78 [1/1] (0.00ns)   --->   "%trunc_ln633 = trunc i11 %z" [C:/github/zybo_z7_cam_rpi_v2_5mp_hdmi/zybo_z7_imx219/zybo_z7_imx219.runs/design_1_v_demosaic_0_0_synth_1/prj/sol/.autopilot/db/v_demosaic.cpp:633->C:/github/zybo_z7_cam_rpi_v2_5mp_hdmi/zybo_z7_imx219/zybo_z7_imx219.runs/design_1_v_demosaic_0_0_synth_1/prj/sol/.autopilot/db/v_demosaic.cpp:1072]   --->   Operation 78 'trunc' 'trunc_ln633' <Predicate = (!icmp_ln633)> <Delay = 0.00>
ST_1 : Operation 79 [1/1] (0.00ns)   --->   "%specpipeline_ln636 = specpipeline void @_ssdm_op_SpecPipeline, i32 1, i32 0, i32 0, i32 0, i32 4294967295, void @empty_14" [C:/github/zybo_z7_cam_rpi_v2_5mp_hdmi/zybo_z7_imx219/zybo_z7_imx219.runs/design_1_v_demosaic_0_0_synth_1/prj/sol/.autopilot/db/v_demosaic.cpp:636->C:/github/zybo_z7_cam_rpi_v2_5mp_hdmi/zybo_z7_imx219/zybo_z7_imx219.runs/design_1_v_demosaic_0_0_synth_1/prj/sol/.autopilot/db/v_demosaic.cpp:1072]   --->   Operation 79 'specpipeline' 'specpipeline_ln636' <Predicate = (!icmp_ln633)> <Delay = 0.00>
ST_1 : Operation 80 [1/1] (0.00ns)   --->   "%specloopname_ln633 = specloopname void @_ssdm_op_SpecLoopName, void @empty_6" [C:/github/zybo_z7_cam_rpi_v2_5mp_hdmi/zybo_z7_imx219/zybo_z7_imx219.runs/design_1_v_demosaic_0_0_synth_1/prj/sol/.autopilot/db/v_demosaic.cpp:633->C:/github/zybo_z7_cam_rpi_v2_5mp_hdmi/zybo_z7_imx219/zybo_z7_imx219.runs/design_1_v_demosaic_0_0_synth_1/prj/sol/.autopilot/db/v_demosaic.cpp:1072]   --->   Operation 80 'specloopname' 'specloopname_ln633' <Predicate = (!icmp_ln633)> <Delay = 0.00>
ST_1 : Operation 81 [1/1] (0.00ns)   --->   "%zext_ln633 = zext i11 %x_5" [C:/github/zybo_z7_cam_rpi_v2_5mp_hdmi/zybo_z7_imx219/zybo_z7_imx219.runs/design_1_v_demosaic_0_0_synth_1/prj/sol/.autopilot/db/v_demosaic.cpp:633->C:/github/zybo_z7_cam_rpi_v2_5mp_hdmi/zybo_z7_imx219/zybo_z7_imx219.runs/design_1_v_demosaic_0_0_synth_1/prj/sol/.autopilot/db/v_demosaic.cpp:1072]   --->   Operation 81 'zext' 'zext_ln633' <Predicate = (!icmp_ln633)> <Delay = 0.00>
ST_1 : Operation 82 [1/1] (1.63ns)   --->   "%icmp_ln643 = icmp_ult  i11 %z, i11 %width_val8_load_read" [C:/github/zybo_z7_cam_rpi_v2_5mp_hdmi/zybo_z7_imx219/zybo_z7_imx219.runs/design_1_v_demosaic_0_0_synth_1/prj/sol/.autopilot/db/v_demosaic.cpp:643->C:/github/zybo_z7_cam_rpi_v2_5mp_hdmi/zybo_z7_imx219/zybo_z7_imx219.runs/design_1_v_demosaic_0_0_synth_1/prj/sol/.autopilot/db/v_demosaic.cpp:1072]   --->   Operation 82 'icmp' 'icmp_ln643' <Predicate = (!icmp_ln633)> <Delay = 1.63> <CoreInst = "Cmp">   --->   Core 9 'Cmp' <Latency = 0> <II = 1> <Delay = 1.63> <FuncUnit> <Opcode : 'seteq' 'setne' 'setle' 'setge' 'setlt' 'setgt'> <InPorts = 2> <OutPorts = 1>
ST_1 : Operation 83 [1/1] (1.58ns)   --->   "%br_ln643 = br i1 %icmp_ln643, void %for.body291.i, void %VITIS_LOOP_646_3.i" [C:/github/zybo_z7_cam_rpi_v2_5mp_hdmi/zybo_z7_imx219/zybo_z7_imx219.runs/design_1_v_demosaic_0_0_synth_1/prj/sol/.autopilot/db/v_demosaic.cpp:643->C:/github/zybo_z7_cam_rpi_v2_5mp_hdmi/zybo_z7_imx219/zybo_z7_imx219.runs/design_1_v_demosaic_0_0_synth_1/prj/sol/.autopilot/db/v_demosaic.cpp:1072]   --->   Operation 83 'br' 'br_ln643' <Predicate = (!icmp_ln633)> <Delay = 1.58>
ST_1 : Operation 84 [1/1] (0.00ns)   --->   "%lineBuffer_addr = getelementptr i30 %lineBuffer, i64 0, i64 %zext_ln633" [c:/github/zybo_z7_cam_rpi_v2_5mp_hdmi/zybo_z7_imx219/zybo_z7_imx219.gen/sources_1/bd/design_1/ip/design_1_v_demosaic_0_0/src/hls/hls_video_mem.h:850->C:/github/zybo_z7_cam_rpi_v2_5mp_hdmi/zybo_z7_imx219/zybo_z7_imx219.runs/design_1_v_demosaic_0_0_synth_1/prj/sol/.autopilot/db/v_demosaic.cpp:648->C:/github/zybo_z7_cam_rpi_v2_5mp_hdmi/zybo_z7_imx219/zybo_z7_imx219.runs/design_1_v_demosaic_0_0_synth_1/prj/sol/.autopilot/db/v_demosaic.cpp:1072]   --->   Operation 84 'getelementptr' 'lineBuffer_addr' <Predicate = (!icmp_ln633 & icmp_ln643)> <Delay = 0.00>
ST_1 : Operation 85 [2/2] (3.25ns)   --->   "%LineBufVal = load i11 %lineBuffer_addr" [C:/github/zybo_z7_cam_rpi_v2_5mp_hdmi/zybo_z7_imx219/zybo_z7_imx219.runs/design_1_v_demosaic_0_0_synth_1/prj/sol/.autopilot/db/v_demosaic.cpp:648->C:/github/zybo_z7_cam_rpi_v2_5mp_hdmi/zybo_z7_imx219/zybo_z7_imx219.runs/design_1_v_demosaic_0_0_synth_1/prj/sol/.autopilot/db/v_demosaic.cpp:1072]   --->   Operation 85 'load' 'LineBufVal' <Predicate = (!icmp_ln633 & icmp_ln643)> <Delay = 3.25> <CoreInst = "RAM">   --->   Core 81 'RAM' <Latency = 1> <II = 1> <Delay = 3.25> <Storage> <Opcode : 'load' 'store'> <Ports = 2> <Width = 30> <Depth = 1921> <RAM>
ST_1 : Operation 86 [1/1] (0.00ns)   --->   "%lineBuffer_1_addr = getelementptr i30 %lineBuffer_1, i64 0, i64 %zext_ln633" [c:/github/zybo_z7_cam_rpi_v2_5mp_hdmi/zybo_z7_imx219/zybo_z7_imx219.gen/sources_1/bd/design_1/ip/design_1_v_demosaic_0_0/src/hls/hls_video_mem.h:850->C:/github/zybo_z7_cam_rpi_v2_5mp_hdmi/zybo_z7_imx219/zybo_z7_imx219.runs/design_1_v_demosaic_0_0_synth_1/prj/sol/.autopilot/db/v_demosaic.cpp:648->C:/github/zybo_z7_cam_rpi_v2_5mp_hdmi/zybo_z7_imx219/zybo_z7_imx219.runs/design_1_v_demosaic_0_0_synth_1/prj/sol/.autopilot/db/v_demosaic.cpp:1072]   --->   Operation 86 'getelementptr' 'lineBuffer_1_addr' <Predicate = (!icmp_ln633 & icmp_ln643)> <Delay = 0.00>
ST_1 : Operation 87 [2/2] (3.25ns)   --->   "%LineBufVal_1 = load i11 %lineBuffer_1_addr" [C:/github/zybo_z7_cam_rpi_v2_5mp_hdmi/zybo_z7_imx219/zybo_z7_imx219.runs/design_1_v_demosaic_0_0_synth_1/prj/sol/.autopilot/db/v_demosaic.cpp:648->C:/github/zybo_z7_cam_rpi_v2_5mp_hdmi/zybo_z7_imx219/zybo_z7_imx219.runs/design_1_v_demosaic_0_0_synth_1/prj/sol/.autopilot/db/v_demosaic.cpp:1072]   --->   Operation 87 'load' 'LineBufVal_1' <Predicate = (!icmp_ln633 & icmp_ln643)> <Delay = 3.25> <CoreInst = "RAM">   --->   Core 81 'RAM' <Latency = 1> <II = 1> <Delay = 3.25> <Storage> <Opcode : 'load' 'store'> <Ports = 2> <Width = 30> <Depth = 1921> <RAM>
ST_1 : Operation 88 [1/1] (1.58ns)   --->   "%br_ln664 = br i1 %icmp_ln664, void %VITIS_LOOP_693_11.i, void %VITIS_LOOP_667_7.i" [C:/github/zybo_z7_cam_rpi_v2_5mp_hdmi/zybo_z7_imx219/zybo_z7_imx219.runs/design_1_v_demosaic_0_0_synth_1/prj/sol/.autopilot/db/v_demosaic.cpp:664->C:/github/zybo_z7_cam_rpi_v2_5mp_hdmi/zybo_z7_imx219/zybo_z7_imx219.runs/design_1_v_demosaic_0_0_synth_1/prj/sol/.autopilot/db/v_demosaic.cpp:1072]   --->   Operation 88 'br' 'br_ln664' <Predicate = (!icmp_ln633 & icmp_ln643)> <Delay = 1.58>
ST_1 : Operation 89 [1/1] (1.58ns)   --->   "%br_ln678 = br void %VITIS_LOOP_693_11.i" [C:/github/zybo_z7_cam_rpi_v2_5mp_hdmi/zybo_z7_imx219/zybo_z7_imx219.runs/design_1_v_demosaic_0_0_synth_1/prj/sol/.autopilot/db/v_demosaic.cpp:678->C:/github/zybo_z7_cam_rpi_v2_5mp_hdmi/zybo_z7_imx219/zybo_z7_imx219.runs/design_1_v_demosaic_0_0_synth_1/prj/sol/.autopilot/db/v_demosaic.cpp:1072]   --->   Operation 89 'br' 'br_ln678' <Predicate = (!icmp_ln633 & icmp_ln643 & icmp_ln664)> <Delay = 1.58>
ST_1 : Operation 90 [1/1] (1.63ns)   --->   "%icmp_ln710 = icmp_eq  i11 %z, i11 0" [C:/github/zybo_z7_cam_rpi_v2_5mp_hdmi/zybo_z7_imx219/zybo_z7_imx219.runs/design_1_v_demosaic_0_0_synth_1/prj/sol/.autopilot/db/v_demosaic.cpp:710->C:/github/zybo_z7_cam_rpi_v2_5mp_hdmi/zybo_z7_imx219/zybo_z7_imx219.runs/design_1_v_demosaic_0_0_synth_1/prj/sol/.autopilot/db/v_demosaic.cpp:1072]   --->   Operation 90 'icmp' 'icmp_ln710' <Predicate = (!icmp_ln633 & icmp_ln643)> <Delay = 1.63> <CoreInst = "Cmp">   --->   Core 9 'Cmp' <Latency = 0> <II = 1> <Delay = 1.63> <FuncUnit> <Opcode : 'seteq' 'setne' 'setle' 'setge' 'setlt' 'setgt'> <InPorts = 2> <OutPorts = 1>
ST_1 : Operation 91 [1/1] (0.00ns) (grouped into LUT with out node icmp_ln772)   --->   "%xor_ln772_2 = xor i1 %tmp, i1 %trunc_ln633" [C:/github/zybo_z7_cam_rpi_v2_5mp_hdmi/zybo_z7_imx219/zybo_z7_imx219.runs/design_1_v_demosaic_0_0_synth_1/prj/sol/.autopilot/db/v_demosaic.cpp:772->C:/github/zybo_z7_cam_rpi_v2_5mp_hdmi/zybo_z7_imx219/zybo_z7_imx219.runs/design_1_v_demosaic_0_0_synth_1/prj/sol/.autopilot/db/v_demosaic.cpp:1072]   --->   Operation 91 'xor' 'xor_ln772_2' <Predicate = (!icmp_ln633)> <Delay = 0.00> <CoreInst = "LogicGate">   --->   Core 74 'LogicGate' <Latency = 0> <II = 1> <Delay = 0.97> <FuncUnit> <Opcode : 'and' 'or' 'xor'> <InPorts = 2> <OutPorts = 1>
ST_1 : Operation 92 [1/1] (0.00ns) (grouped into LUT with out node icmp_ln772)   --->   "%xor_ln772_3 = xor i1 %xor_ln772_2, i1 1" [C:/github/zybo_z7_cam_rpi_v2_5mp_hdmi/zybo_z7_imx219/zybo_z7_imx219.runs/design_1_v_demosaic_0_0_synth_1/prj/sol/.autopilot/db/v_demosaic.cpp:772->C:/github/zybo_z7_cam_rpi_v2_5mp_hdmi/zybo_z7_imx219/zybo_z7_imx219.runs/design_1_v_demosaic_0_0_synth_1/prj/sol/.autopilot/db/v_demosaic.cpp:1072]   --->   Operation 92 'xor' 'xor_ln772_3' <Predicate = (!icmp_ln633)> <Delay = 0.00> <CoreInst = "LogicGate">   --->   Core 74 'LogicGate' <Latency = 0> <II = 1> <Delay = 0.97> <FuncUnit> <Opcode : 'and' 'or' 'xor'> <InPorts = 2> <OutPorts = 1>
ST_1 : Operation 93 [1/1] (0.00ns) (grouped into LUT with out node icmp_ln772)   --->   "%zext_ln772_1 = zext i1 %xor_ln772_3" [C:/github/zybo_z7_cam_rpi_v2_5mp_hdmi/zybo_z7_imx219/zybo_z7_imx219.runs/design_1_v_demosaic_0_0_synth_1/prj/sol/.autopilot/db/v_demosaic.cpp:772->C:/github/zybo_z7_cam_rpi_v2_5mp_hdmi/zybo_z7_imx219/zybo_z7_imx219.runs/design_1_v_demosaic_0_0_synth_1/prj/sol/.autopilot/db/v_demosaic.cpp:1072]   --->   Operation 93 'zext' 'zext_ln772_1' <Predicate = (!icmp_ln633)> <Delay = 0.00>
ST_1 : Operation 94 [1/1] (1.94ns) (out node of the LUT)   --->   "%icmp_ln772 = icmp_eq  i15 %xor_ln772_1_read, i15 %zext_ln772_1" [C:/github/zybo_z7_cam_rpi_v2_5mp_hdmi/zybo_z7_imx219/zybo_z7_imx219.runs/design_1_v_demosaic_0_0_synth_1/prj/sol/.autopilot/db/v_demosaic.cpp:772->C:/github/zybo_z7_cam_rpi_v2_5mp_hdmi/zybo_z7_imx219/zybo_z7_imx219.runs/design_1_v_demosaic_0_0_synth_1/prj/sol/.autopilot/db/v_demosaic.cpp:1072]   --->   Operation 94 'icmp' 'icmp_ln772' <Predicate = (!icmp_ln633)> <Delay = 1.94> <CoreInst = "Cmp">   --->   Core 9 'Cmp' <Latency = 0> <II = 1> <Delay = 1.94> <FuncUnit> <Opcode : 'seteq' 'setne' 'setle' 'setge' 'setlt' 'setgt'> <InPorts = 2> <OutPorts = 1>
ST_1 : Operation 95 [1/1] (1.58ns)   --->   "%br_ln772 = br i1 %icmp_ln772, void %if.end518.i, void %if.then316.i" [C:/github/zybo_z7_cam_rpi_v2_5mp_hdmi/zybo_z7_imx219/zybo_z7_imx219.runs/design_1_v_demosaic_0_0_synth_1/prj/sol/.autopilot/db/v_demosaic.cpp:772->C:/github/zybo_z7_cam_rpi_v2_5mp_hdmi/zybo_z7_imx219/zybo_z7_imx219.runs/design_1_v_demosaic_0_0_synth_1/prj/sol/.autopilot/db/v_demosaic.cpp:1072]   --->   Operation 95 'br' 'br_ln772' <Predicate = (!icmp_ln633)> <Delay = 1.58>
ST_1 : Operation 96 [1/1] (1.63ns)   --->   "%icmp_ln833 = icmp_ne  i11 %z, i11 0" [C:/github/zybo_z7_cam_rpi_v2_5mp_hdmi/zybo_z7_imx219/zybo_z7_imx219.runs/design_1_v_demosaic_0_0_synth_1/prj/sol/.autopilot/db/v_demosaic.cpp:833->C:/github/zybo_z7_cam_rpi_v2_5mp_hdmi/zybo_z7_imx219/zybo_z7_imx219.runs/design_1_v_demosaic_0_0_synth_1/prj/sol/.autopilot/db/v_demosaic.cpp:1072]   --->   Operation 96 'icmp' 'icmp_ln833' <Predicate = (!icmp_ln633)> <Delay = 1.63> <CoreInst = "Cmp">   --->   Core 9 'Cmp' <Latency = 0> <II = 1> <Delay = 1.63> <FuncUnit> <Opcode : 'seteq' 'setne' 'setle' 'setge' 'setlt' 'setgt'> <InPorts = 2> <OutPorts = 1>
ST_1 : Operation 97 [1/1] (0.97ns)   --->   "%and_ln833 = and i1 %icmp_ln728, i1 %icmp_ln833" [C:/github/zybo_z7_cam_rpi_v2_5mp_hdmi/zybo_z7_imx219/zybo_z7_imx219.runs/design_1_v_demosaic_0_0_synth_1/prj/sol/.autopilot/db/v_demosaic.cpp:833->C:/github/zybo_z7_cam_rpi_v2_5mp_hdmi/zybo_z7_imx219/zybo_z7_imx219.runs/design_1_v_demosaic_0_0_synth_1/prj/sol/.autopilot/db/v_demosaic.cpp:1072]   --->   Operation 97 'and' 'and_ln833' <Predicate = (!icmp_ln633)> <Delay = 0.97> <CoreInst = "LogicGate">   --->   Core 74 'LogicGate' <Latency = 0> <II = 1> <Delay = 0.97> <FuncUnit> <Opcode : 'and' 'or' 'xor'> <InPorts = 2> <OutPorts = 1>
ST_1 : Operation 98 [1/1] (0.00ns)   --->   "%br_ln833 = br i1 %and_ln833, void %for.inc563.i, void %if.then561.i" [C:/github/zybo_z7_cam_rpi_v2_5mp_hdmi/zybo_z7_imx219/zybo_z7_imx219.runs/design_1_v_demosaic_0_0_synth_1/prj/sol/.autopilot/db/v_demosaic.cpp:833->C:/github/zybo_z7_cam_rpi_v2_5mp_hdmi/zybo_z7_imx219/zybo_z7_imx219.runs/design_1_v_demosaic_0_0_synth_1/prj/sol/.autopilot/db/v_demosaic.cpp:1072]   --->   Operation 98 'br' 'br_ln833' <Predicate = (!icmp_ln633)> <Delay = 0.00>
ST_1 : Operation 99 [1/1] (1.58ns)   --->   "%store_ln603 = store i11 %x_5, i11 %x" [C:/github/zybo_z7_cam_rpi_v2_5mp_hdmi/zybo_z7_imx219/zybo_z7_imx219.runs/design_1_v_demosaic_0_0_synth_1/prj/sol/.autopilot/db/v_demosaic.cpp:603->C:/github/zybo_z7_cam_rpi_v2_5mp_hdmi/zybo_z7_imx219/zybo_z7_imx219.runs/design_1_v_demosaic_0_0_synth_1/prj/sol/.autopilot/db/v_demosaic.cpp:1072]   --->   Operation 99 'store' 'store_ln603' <Predicate = (!icmp_ln633)> <Delay = 1.58>

State 2 <SV = 1> <Delay = 6.88>
ST_2 : Operation 100 [1/1] (0.00ns)   --->   "%p_0_1_0_0_09141517_i_load = load i10 %p_0_1_0_0_09141517_i"   --->   Operation 100 'load' 'p_0_1_0_0_09141517_i_load' <Predicate = true> <Delay = 0.00>
ST_2 : Operation 101 [1/1] (0.00ns)   --->   "%p_0_1_0_0_09081529_i_load = load i10 %p_0_1_0_0_09081529_i"   --->   Operation 101 'load' 'p_0_1_0_0_09081529_i_load' <Predicate = true> <Delay = 0.00>
ST_2 : Operation 102 [1/2] ( I:3.25ns O:3.25ns )   --->   "%LineBufVal = load i11 %lineBuffer_addr" [C:/github/zybo_z7_cam_rpi_v2_5mp_hdmi/zybo_z7_imx219/zybo_z7_imx219.runs/design_1_v_demosaic_0_0_synth_1/prj/sol/.autopilot/db/v_demosaic.cpp:648->C:/github/zybo_z7_cam_rpi_v2_5mp_hdmi/zybo_z7_imx219/zybo_z7_imx219.runs/design_1_v_demosaic_0_0_synth_1/prj/sol/.autopilot/db/v_demosaic.cpp:1072]   --->   Operation 102 'load' 'LineBufVal' <Predicate = (!icmp_ln633 & icmp_ln643)> <Delay = 3.25> <CoreInst = "RAM">   --->   Core 81 'RAM' <Latency = 1> <II = 1> <Delay = 3.25> <Storage> <Opcode : 'load' 'store'> <Ports = 2> <Width = 30> <Depth = 1921> <RAM>
ST_2 : Operation 103 [1/1] (0.00ns)   --->   "%trunc_ln654 = trunc i30 %LineBufVal" [C:/github/zybo_z7_cam_rpi_v2_5mp_hdmi/zybo_z7_imx219/zybo_z7_imx219.runs/design_1_v_demosaic_0_0_synth_1/prj/sol/.autopilot/db/v_demosaic.cpp:654->C:/github/zybo_z7_cam_rpi_v2_5mp_hdmi/zybo_z7_imx219/zybo_z7_imx219.runs/design_1_v_demosaic_0_0_synth_1/prj/sol/.autopilot/db/v_demosaic.cpp:1072]   --->   Operation 103 'trunc' 'trunc_ln654' <Predicate = (!icmp_ln633 & icmp_ln643)> <Delay = 0.00>
ST_2 : Operation 104 [1/1] (0.00ns)   --->   "%tmp_6_i = partselect i10 @_ssdm_op_PartSelect.i10.i30.i32, i30 %LineBufVal, i32 10" [C:/github/zybo_z7_cam_rpi_v2_5mp_hdmi/zybo_z7_imx219/zybo_z7_imx219.runs/design_1_v_demosaic_0_0_synth_1/prj/sol/.autopilot/db/v_demosaic.cpp:654->C:/github/zybo_z7_cam_rpi_v2_5mp_hdmi/zybo_z7_imx219/zybo_z7_imx219.runs/design_1_v_demosaic_0_0_synth_1/prj/sol/.autopilot/db/v_demosaic.cpp:1072]   --->   Operation 104 'partselect' 'tmp_6_i' <Predicate = (!icmp_ln633 & icmp_ln643)> <Delay = 0.00>
ST_2 : Operation 105 [1/1] (0.00ns)   --->   "%tmp_7_i = partselect i10 @_ssdm_op_PartSelect.i10.i30.i32, i30 %LineBufVal, i32 20" [C:/github/zybo_z7_cam_rpi_v2_5mp_hdmi/zybo_z7_imx219/zybo_z7_imx219.runs/design_1_v_demosaic_0_0_synth_1/prj/sol/.autopilot/db/v_demosaic.cpp:654->C:/github/zybo_z7_cam_rpi_v2_5mp_hdmi/zybo_z7_imx219/zybo_z7_imx219.runs/design_1_v_demosaic_0_0_synth_1/prj/sol/.autopilot/db/v_demosaic.cpp:1072]   --->   Operation 105 'partselect' 'tmp_7_i' <Predicate = (!icmp_ln633 & icmp_ln643)> <Delay = 0.00>
ST_2 : Operation 106 [1/2] ( I:3.25ns O:3.25ns )   --->   "%LineBufVal_1 = load i11 %lineBuffer_1_addr" [C:/github/zybo_z7_cam_rpi_v2_5mp_hdmi/zybo_z7_imx219/zybo_z7_imx219.runs/design_1_v_demosaic_0_0_synth_1/prj/sol/.autopilot/db/v_demosaic.cpp:648->C:/github/zybo_z7_cam_rpi_v2_5mp_hdmi/zybo_z7_imx219/zybo_z7_imx219.runs/design_1_v_demosaic_0_0_synth_1/prj/sol/.autopilot/db/v_demosaic.cpp:1072]   --->   Operation 106 'load' 'LineBufVal_1' <Predicate = (!icmp_ln633 & icmp_ln643)> <Delay = 3.25> <CoreInst = "RAM">   --->   Core 81 'RAM' <Latency = 1> <II = 1> <Delay = 3.25> <Storage> <Opcode : 'load' 'store'> <Ports = 2> <Width = 30> <Depth = 1921> <RAM>
ST_2 : Operation 107 [1/1] (0.00ns)   --->   "%trunc_ln654_1 = trunc i30 %LineBufVal_1" [C:/github/zybo_z7_cam_rpi_v2_5mp_hdmi/zybo_z7_imx219/zybo_z7_imx219.runs/design_1_v_demosaic_0_0_synth_1/prj/sol/.autopilot/db/v_demosaic.cpp:654->C:/github/zybo_z7_cam_rpi_v2_5mp_hdmi/zybo_z7_imx219/zybo_z7_imx219.runs/design_1_v_demosaic_0_0_synth_1/prj/sol/.autopilot/db/v_demosaic.cpp:1072]   --->   Operation 107 'trunc' 'trunc_ln654_1' <Predicate = (!icmp_ln633 & icmp_ln643)> <Delay = 0.00>
ST_2 : Operation 108 [1/1] (0.00ns)   --->   "%tmp_9_i = partselect i10 @_ssdm_op_PartSelect.i10.i30.i32, i30 %LineBufVal_1, i32 10" [C:/github/zybo_z7_cam_rpi_v2_5mp_hdmi/zybo_z7_imx219/zybo_z7_imx219.runs/design_1_v_demosaic_0_0_synth_1/prj/sol/.autopilot/db/v_demosaic.cpp:654->C:/github/zybo_z7_cam_rpi_v2_5mp_hdmi/zybo_z7_imx219/zybo_z7_imx219.runs/design_1_v_demosaic_0_0_synth_1/prj/sol/.autopilot/db/v_demosaic.cpp:1072]   --->   Operation 108 'partselect' 'tmp_9_i' <Predicate = (!icmp_ln633 & icmp_ln643)> <Delay = 0.00>
ST_2 : Operation 109 [1/1] (0.00ns)   --->   "%tmp_i = partselect i10 @_ssdm_op_PartSelect.i10.i30.i32, i30 %LineBufVal_1, i32 20" [C:/github/zybo_z7_cam_rpi_v2_5mp_hdmi/zybo_z7_imx219/zybo_z7_imx219.runs/design_1_v_demosaic_0_0_synth_1/prj/sol/.autopilot/db/v_demosaic.cpp:654->C:/github/zybo_z7_cam_rpi_v2_5mp_hdmi/zybo_z7_imx219/zybo_z7_imx219.runs/design_1_v_demosaic_0_0_synth_1/prj/sol/.autopilot/db/v_demosaic.cpp:1072]   --->   Operation 109 'partselect' 'tmp_i' <Predicate = (!icmp_ln633 & icmp_ln643)> <Delay = 0.00>
ST_2 : Operation 110 [1/1] ( I:3.63ns O:3.63ns )   --->   "%InPix = read i30 @_ssdm_op_Read.ap_fifo.volatile.i30P0A, i30 %imgG" [C:/github/zybo_z7_cam_rpi_v2_5mp_hdmi/zybo_z7_imx219/zybo_z7_imx219.runs/design_1_v_demosaic_0_0_synth_1/prj/sol/.autopilot/db/v_demosaic.cpp:666->C:/github/zybo_z7_cam_rpi_v2_5mp_hdmi/zybo_z7_imx219/zybo_z7_imx219.runs/design_1_v_demosaic_0_0_synth_1/prj/sol/.autopilot/db/v_demosaic.cpp:1072]   --->   Operation 110 'read' 'InPix' <Predicate = (!icmp_ln633 & icmp_ln643 & icmp_ln664)> <Delay = 3.63> <CoreInst = "FIFO_SRL">   --->   Core 80 'FIFO_SRL' <Latency = 0> <II = 1> <Delay = 3.63> <Storage> <Opcode : 'read' 'write' 'nbread' 'nbwrite'> <Ports = 0> <Width = 30> <Depth = 2> <FIFO>
ST_2 : Operation 111 [1/1] (0.00ns)   --->   "%trunc_ln666 = trunc i30 %InPix" [C:/github/zybo_z7_cam_rpi_v2_5mp_hdmi/zybo_z7_imx219/zybo_z7_imx219.runs/design_1_v_demosaic_0_0_synth_1/prj/sol/.autopilot/db/v_demosaic.cpp:666->C:/github/zybo_z7_cam_rpi_v2_5mp_hdmi/zybo_z7_imx219/zybo_z7_imx219.runs/design_1_v_demosaic_0_0_synth_1/prj/sol/.autopilot/db/v_demosaic.cpp:1072]   --->   Operation 111 'trunc' 'trunc_ln666' <Predicate = (!icmp_ln633 & icmp_ln643 & icmp_ln664)> <Delay = 0.00>
ST_2 : Operation 112 [1/1] (0.00ns)   --->   "%trunc_ln666_2 = partselect i10 @_ssdm_op_PartSelect.i10.i30.i32.i32, i30 %InPix, i32 10, i32 19" [C:/github/zybo_z7_cam_rpi_v2_5mp_hdmi/zybo_z7_imx219/zybo_z7_imx219.runs/design_1_v_demosaic_0_0_synth_1/prj/sol/.autopilot/db/v_demosaic.cpp:666->C:/github/zybo_z7_cam_rpi_v2_5mp_hdmi/zybo_z7_imx219/zybo_z7_imx219.runs/design_1_v_demosaic_0_0_synth_1/prj/sol/.autopilot/db/v_demosaic.cpp:1072]   --->   Operation 112 'partselect' 'trunc_ln666_2' <Predicate = (!icmp_ln633 & icmp_ln643 & icmp_ln664)> <Delay = 0.00>
ST_2 : Operation 113 [1/1] (0.00ns)   --->   "%trunc_ln666_3 = partselect i10 @_ssdm_op_PartSelect.i10.i30.i32.i32, i30 %InPix, i32 20, i32 29" [C:/github/zybo_z7_cam_rpi_v2_5mp_hdmi/zybo_z7_imx219/zybo_z7_imx219.runs/design_1_v_demosaic_0_0_synth_1/prj/sol/.autopilot/db/v_demosaic.cpp:666->C:/github/zybo_z7_cam_rpi_v2_5mp_hdmi/zybo_z7_imx219/zybo_z7_imx219.runs/design_1_v_demosaic_0_0_synth_1/prj/sol/.autopilot/db/v_demosaic.cpp:1072]   --->   Operation 113 'partselect' 'trunc_ln666_3' <Predicate = (!icmp_ln633 & icmp_ln643 & icmp_ln664)> <Delay = 0.00>
ST_2 : Operation 114 [1/1] ( I:3.25ns O:3.25ns )   --->   "%store_ln812 = store i30 %InPix, i11 %lineBuffer_addr" [c:/github/zybo_z7_cam_rpi_v2_5mp_hdmi/zybo_z7_imx219/zybo_z7_imx219.gen/sources_1/bd/design_1/ip/design_1_v_demosaic_0_0/src/hls/hls_video_mem.h:812->c:/github/zybo_z7_cam_rpi_v2_5mp_hdmi/zybo_z7_imx219/zybo_z7_imx219.gen/sources_1/bd/design_1/ip/design_1_v_demosaic_0_0/src/hls/hls_video_mem.h:888->C:/github/zybo_z7_cam_rpi_v2_5mp_hdmi/zybo_z7_imx219/zybo_z7_imx219.runs/design_1_v_demosaic_0_0_synth_1/prj/sol/.autopilot/db/v_demosaic.cpp:675->C:/github/zybo_z7_cam_rpi_v2_5mp_hdmi/zybo_z7_imx219/zybo_z7_imx219.runs/design_1_v_demosaic_0_0_synth_1/prj/sol/.autopilot/db/v_demosaic.cpp:1072]   --->   Operation 114 'store' 'store_ln812' <Predicate = (!icmp_ln633 & icmp_ln643 & icmp_ln664)> <Delay = 3.25> <CoreInst = "RAM">   --->   Core 81 'RAM' <Latency = 1> <II = 1> <Delay = 3.25> <Storage> <Opcode : 'load' 'store'> <Ports = 2> <Width = 30> <Depth = 1921> <RAM>
ST_2 : Operation 115 [1/1] (0.00ns)   --->   "%p_0_0_0939_21499_ph_i = phi i10 %trunc_ln666_2, void %VITIS_LOOP_667_7.i, i10 %tmp_6_i, void %VITIS_LOOP_646_3.i" [C:/github/zybo_z7_cam_rpi_v2_5mp_hdmi/zybo_z7_imx219/zybo_z7_imx219.runs/design_1_v_demosaic_0_0_synth_1/prj/sol/.autopilot/db/v_demosaic.cpp:666->C:/github/zybo_z7_cam_rpi_v2_5mp_hdmi/zybo_z7_imx219/zybo_z7_imx219.runs/design_1_v_demosaic_0_0_synth_1/prj/sol/.autopilot/db/v_demosaic.cpp:1072]   --->   Operation 115 'phi' 'p_0_0_0939_21499_ph_i' <Predicate = (!icmp_ln633 & icmp_ln643)> <Delay = 0.00>
ST_2 : Operation 116 [1/1] (1.58ns)   --->   "%store_ln666 = store i10 %p_0_0_0939_21499_ph_i, i10 %p_0_1_0_0_09081529_i" [C:/github/zybo_z7_cam_rpi_v2_5mp_hdmi/zybo_z7_imx219/zybo_z7_imx219.runs/design_1_v_demosaic_0_0_synth_1/prj/sol/.autopilot/db/v_demosaic.cpp:666->C:/github/zybo_z7_cam_rpi_v2_5mp_hdmi/zybo_z7_imx219/zybo_z7_imx219.runs/design_1_v_demosaic_0_0_synth_1/prj/sol/.autopilot/db/v_demosaic.cpp:1072]   --->   Operation 116 'store' 'store_ln666' <Predicate = (!icmp_ln633 & icmp_ln643)> <Delay = 1.58>
ST_2 : Operation 117 [1/1] (1.58ns)   --->   "%store_ln654 = store i10 %tmp_9_i, i10 %p_0_1_0_0_09141517_i" [C:/github/zybo_z7_cam_rpi_v2_5mp_hdmi/zybo_z7_imx219/zybo_z7_imx219.runs/design_1_v_demosaic_0_0_synth_1/prj/sol/.autopilot/db/v_demosaic.cpp:654->C:/github/zybo_z7_cam_rpi_v2_5mp_hdmi/zybo_z7_imx219/zybo_z7_imx219.runs/design_1_v_demosaic_0_0_synth_1/prj/sol/.autopilot/db/v_demosaic.cpp:1072]   --->   Operation 117 'store' 'store_ln654' <Predicate = (!icmp_ln633 & icmp_ln643)> <Delay = 1.58>

State 3 <SV = 2> <Delay = 6.42>
ST_3 : Operation 118 [1/1] (0.00ns)   --->   "%p_0_0_0939_115111522_i_load = load i10 %p_0_0_0939_115111522_i"   --->   Operation 118 'load' 'p_0_0_0939_115111522_i_load' <Predicate = true> <Delay = 0.00>
ST_3 : Operation 119 [1/1] (0.00ns)   --->   "%p_0_0_09391419_i_load = load i10 %p_0_0_09391419_i"   --->   Operation 119 'load' 'p_0_0_09391419_i_load' <Predicate = true> <Delay = 0.00>
ST_3 : Operation 120 [1/1] (0.00ns)   --->   "%p_0_0_0939_21449_i_load = load i10 %p_0_0_0939_21449_i"   --->   Operation 120 'load' 'p_0_0_0939_21449_i_load' <Predicate = true> <Delay = 0.00>
ST_3 : Operation 121 [1/1] (0.00ns)   --->   "%p_0_0_0938_21501_ph_i = phi i10 %trunc_ln666_3, void %VITIS_LOOP_667_7.i, i10 %tmp_7_i, void %VITIS_LOOP_646_3.i" [C:/github/zybo_z7_cam_rpi_v2_5mp_hdmi/zybo_z7_imx219/zybo_z7_imx219.runs/design_1_v_demosaic_0_0_synth_1/prj/sol/.autopilot/db/v_demosaic.cpp:666->C:/github/zybo_z7_cam_rpi_v2_5mp_hdmi/zybo_z7_imx219/zybo_z7_imx219.runs/design_1_v_demosaic_0_0_synth_1/prj/sol/.autopilot/db/v_demosaic.cpp:1072]   --->   Operation 121 'phi' 'p_0_0_0938_21501_ph_i' <Predicate = (!icmp_ln633 & icmp_ln643)> <Delay = 0.00>
ST_3 : Operation 122 [1/1] (0.00ns)   --->   "%p_0_0_0940_21497_ph_i = phi i10 %trunc_ln666, void %VITIS_LOOP_667_7.i, i10 %trunc_ln654, void %VITIS_LOOP_646_3.i" [C:/github/zybo_z7_cam_rpi_v2_5mp_hdmi/zybo_z7_imx219/zybo_z7_imx219.runs/design_1_v_demosaic_0_0_synth_1/prj/sol/.autopilot/db/v_demosaic.cpp:666->C:/github/zybo_z7_cam_rpi_v2_5mp_hdmi/zybo_z7_imx219/zybo_z7_imx219.runs/design_1_v_demosaic_0_0_synth_1/prj/sol/.autopilot/db/v_demosaic.cpp:1072]   --->   Operation 122 'phi' 'p_0_0_0940_21497_ph_i' <Predicate = (!icmp_ln633 & icmp_ln643)> <Delay = 0.00>
ST_3 : Operation 123 [1/1] (0.68ns)   --->   "%select_ln710_1 = select i1 %icmp_ln710, i10 %tmp_6_i, i10 %p_0_0_0939_115111522_i_load" [C:/github/zybo_z7_cam_rpi_v2_5mp_hdmi/zybo_z7_imx219/zybo_z7_imx219.runs/design_1_v_demosaic_0_0_synth_1/prj/sol/.autopilot/db/v_demosaic.cpp:710->C:/github/zybo_z7_cam_rpi_v2_5mp_hdmi/zybo_z7_imx219/zybo_z7_imx219.runs/design_1_v_demosaic_0_0_synth_1/prj/sol/.autopilot/db/v_demosaic.cpp:1072]   --->   Operation 123 'select' 'select_ln710_1' <Predicate = (!icmp_ln633 & icmp_ln643)> <Delay = 0.68> <CoreInst = "Sel">   --->   Core 73 'Sel' <Latency = 0> <II = 1> <Delay = 0.68> <FuncUnit> <Opcode : 'select'> <InPorts = 3> <OutPorts = 1>
ST_3 : Operation 124 [1/1] (0.68ns)   --->   "%select_ln710_4 = select i1 %icmp_ln710, i10 %tmp_9_i, i10 %p_0_0_09391419_i_load" [C:/github/zybo_z7_cam_rpi_v2_5mp_hdmi/zybo_z7_imx219/zybo_z7_imx219.runs/design_1_v_demosaic_0_0_synth_1/prj/sol/.autopilot/db/v_demosaic.cpp:710->C:/github/zybo_z7_cam_rpi_v2_5mp_hdmi/zybo_z7_imx219/zybo_z7_imx219.runs/design_1_v_demosaic_0_0_synth_1/prj/sol/.autopilot/db/v_demosaic.cpp:1072]   --->   Operation 124 'select' 'select_ln710_4' <Predicate = (!icmp_ln633 & icmp_ln643)> <Delay = 0.68> <CoreInst = "Sel">   --->   Core 73 'Sel' <Latency = 0> <II = 1> <Delay = 0.68> <FuncUnit> <Opcode : 'select'> <InPorts = 3> <OutPorts = 1>
ST_3 : Operation 125 [1/1] (0.68ns)   --->   "%select_ln710_7 = select i1 %icmp_ln710, i10 %tmp_9_i, i10 %p_0_1_0_0_09141517_i_load" [C:/github/zybo_z7_cam_rpi_v2_5mp_hdmi/zybo_z7_imx219/zybo_z7_imx219.runs/design_1_v_demosaic_0_0_synth_1/prj/sol/.autopilot/db/v_demosaic.cpp:710->C:/github/zybo_z7_cam_rpi_v2_5mp_hdmi/zybo_z7_imx219/zybo_z7_imx219.runs/design_1_v_demosaic_0_0_synth_1/prj/sol/.autopilot/db/v_demosaic.cpp:1072]   --->   Operation 125 'select' 'select_ln710_7' <Predicate = (!icmp_ln633 & icmp_ln643)> <Delay = 0.68> <CoreInst = "Sel">   --->   Core 73 'Sel' <Latency = 0> <II = 1> <Delay = 0.68> <FuncUnit> <Opcode : 'select'> <InPorts = 3> <OutPorts = 1>
ST_3 : Operation 126 [1/1] (0.68ns)   --->   "%select_ln710_10 = select i1 %icmp_ln710, i10 %p_0_0_0939_21499_ph_i, i10 %p_0_0_0939_21449_i_load" [C:/github/zybo_z7_cam_rpi_v2_5mp_hdmi/zybo_z7_imx219/zybo_z7_imx219.runs/design_1_v_demosaic_0_0_synth_1/prj/sol/.autopilot/db/v_demosaic.cpp:710->C:/github/zybo_z7_cam_rpi_v2_5mp_hdmi/zybo_z7_imx219/zybo_z7_imx219.runs/design_1_v_demosaic_0_0_synth_1/prj/sol/.autopilot/db/v_demosaic.cpp:1072]   --->   Operation 126 'select' 'select_ln710_10' <Predicate = (!icmp_ln633 & icmp_ln643)> <Delay = 0.68> <CoreInst = "Sel">   --->   Core 73 'Sel' <Latency = 0> <II = 1> <Delay = 0.68> <FuncUnit> <Opcode : 'select'> <InPorts = 3> <OutPorts = 1>
ST_3 : Operation 127 [1/1] (0.68ns)   --->   "%select_ln710_13 = select i1 %icmp_ln710, i10 %p_0_0_0939_21499_ph_i, i10 %p_0_1_0_0_09081529_i_load" [C:/github/zybo_z7_cam_rpi_v2_5mp_hdmi/zybo_z7_imx219/zybo_z7_imx219.runs/design_1_v_demosaic_0_0_synth_1/prj/sol/.autopilot/db/v_demosaic.cpp:710->C:/github/zybo_z7_cam_rpi_v2_5mp_hdmi/zybo_z7_imx219/zybo_z7_imx219.runs/design_1_v_demosaic_0_0_synth_1/prj/sol/.autopilot/db/v_demosaic.cpp:1072]   --->   Operation 127 'select' 'select_ln710_13' <Predicate = (!icmp_ln633 & icmp_ln643)> <Delay = 0.68> <CoreInst = "Sel">   --->   Core 73 'Sel' <Latency = 0> <II = 1> <Delay = 0.68> <FuncUnit> <Opcode : 'select'> <InPorts = 3> <OutPorts = 1>
ST_3 : Operation 128 [1/1] (0.68ns)   --->   "%select_ln728 = select i1 %icmp_ln728, i10 %trunc_ln654, i10 %p_0_0_0940_21497_ph_i" [C:/github/zybo_z7_cam_rpi_v2_5mp_hdmi/zybo_z7_imx219/zybo_z7_imx219.runs/design_1_v_demosaic_0_0_synth_1/prj/sol/.autopilot/db/v_demosaic.cpp:728->C:/github/zybo_z7_cam_rpi_v2_5mp_hdmi/zybo_z7_imx219/zybo_z7_imx219.runs/design_1_v_demosaic_0_0_synth_1/prj/sol/.autopilot/db/v_demosaic.cpp:1072]   --->   Operation 128 'select' 'select_ln728' <Predicate = (!icmp_ln633 & icmp_ln643)> <Delay = 0.68> <CoreInst = "Sel">   --->   Core 73 'Sel' <Latency = 0> <II = 1> <Delay = 0.68> <FuncUnit> <Opcode : 'select'> <InPorts = 3> <OutPorts = 1>
ST_3 : Operation 129 [1/1] (0.68ns)   --->   "%select_ln728_1 = select i1 %icmp_ln728, i10 %tmp_6_i, i10 %p_0_0_0939_21499_ph_i" [C:/github/zybo_z7_cam_rpi_v2_5mp_hdmi/zybo_z7_imx219/zybo_z7_imx219.runs/design_1_v_demosaic_0_0_synth_1/prj/sol/.autopilot/db/v_demosaic.cpp:728->C:/github/zybo_z7_cam_rpi_v2_5mp_hdmi/zybo_z7_imx219/zybo_z7_imx219.runs/design_1_v_demosaic_0_0_synth_1/prj/sol/.autopilot/db/v_demosaic.cpp:1072]   --->   Operation 129 'select' 'select_ln728_1' <Predicate = (!icmp_ln633 & icmp_ln643)> <Delay = 0.68> <CoreInst = "Sel">   --->   Core 73 'Sel' <Latency = 0> <II = 1> <Delay = 0.68> <FuncUnit> <Opcode : 'select'> <InPorts = 3> <OutPorts = 1>
ST_3 : Operation 130 [1/1] (0.68ns)   --->   "%select_ln728_2 = select i1 %icmp_ln728, i10 %tmp_7_i, i10 %p_0_0_0938_21501_ph_i" [C:/github/zybo_z7_cam_rpi_v2_5mp_hdmi/zybo_z7_imx219/zybo_z7_imx219.runs/design_1_v_demosaic_0_0_synth_1/prj/sol/.autopilot/db/v_demosaic.cpp:728->C:/github/zybo_z7_cam_rpi_v2_5mp_hdmi/zybo_z7_imx219/zybo_z7_imx219.runs/design_1_v_demosaic_0_0_synth_1/prj/sol/.autopilot/db/v_demosaic.cpp:1072]   --->   Operation 130 'select' 'select_ln728_2' <Predicate = (!icmp_ln633 & icmp_ln643)> <Delay = 0.68> <CoreInst = "Sel">   --->   Core 73 'Sel' <Latency = 0> <II = 1> <Delay = 0.68> <FuncUnit> <Opcode : 'select'> <InPorts = 3> <OutPorts = 1>
ST_3 : Operation 131 [1/1] (0.00ns)   --->   "%LineBufVal_2 = bitconcatenate i30 @_ssdm_op_BitConcatenate.i30.i10.i10.i10, i10 %select_ln728_2, i10 %select_ln728_1, i10 %select_ln728" [C:/github/zybo_z7_cam_rpi_v2_5mp_hdmi/zybo_z7_imx219/zybo_z7_imx219.runs/design_1_v_demosaic_0_0_synth_1/prj/sol/.autopilot/db/v_demosaic.cpp:737->C:/github/zybo_z7_cam_rpi_v2_5mp_hdmi/zybo_z7_imx219/zybo_z7_imx219.runs/design_1_v_demosaic_0_0_synth_1/prj/sol/.autopilot/db/v_demosaic.cpp:1072]   --->   Operation 131 'bitconcatenate' 'LineBufVal_2' <Predicate = (!icmp_ln633 & icmp_ln643)> <Delay = 0.00>
ST_3 : Operation 132 [1/1] ( I:3.25ns O:3.25ns )   --->   "%store_ln740 = store i30 %LineBufVal_2, i11 %lineBuffer_1_addr" [C:/github/zybo_z7_cam_rpi_v2_5mp_hdmi/zybo_z7_imx219/zybo_z7_imx219.runs/design_1_v_demosaic_0_0_synth_1/prj/sol/.autopilot/db/v_demosaic.cpp:740->C:/github/zybo_z7_cam_rpi_v2_5mp_hdmi/zybo_z7_imx219/zybo_z7_imx219.runs/design_1_v_demosaic_0_0_synth_1/prj/sol/.autopilot/db/v_demosaic.cpp:1072]   --->   Operation 132 'store' 'store_ln740' <Predicate = (!icmp_ln633 & icmp_ln643)> <Delay = 3.25> <CoreInst = "RAM">   --->   Core 81 'RAM' <Latency = 1> <II = 1> <Delay = 3.25> <Storage> <Opcode : 'load' 'store'> <Ports = 2> <Width = 30> <Depth = 1921> <RAM>
ST_3 : Operation 133 [1/1] (1.58ns)   --->   "%store_ln654 = store i10 %tmp_6_i, i10 %p_0_0_0939_115111522_i" [C:/github/zybo_z7_cam_rpi_v2_5mp_hdmi/zybo_z7_imx219/zybo_z7_imx219.runs/design_1_v_demosaic_0_0_synth_1/prj/sol/.autopilot/db/v_demosaic.cpp:654->C:/github/zybo_z7_cam_rpi_v2_5mp_hdmi/zybo_z7_imx219/zybo_z7_imx219.runs/design_1_v_demosaic_0_0_synth_1/prj/sol/.autopilot/db/v_demosaic.cpp:1072]   --->   Operation 133 'store' 'store_ln654' <Predicate = (!icmp_ln633 & icmp_ln643)> <Delay = 1.58>
ST_3 : Operation 134 [1/1] (1.58ns)   --->   "%br_ln742 = br void %for.body291.i" [C:/github/zybo_z7_cam_rpi_v2_5mp_hdmi/zybo_z7_imx219/zybo_z7_imx219.runs/design_1_v_demosaic_0_0_synth_1/prj/sol/.autopilot/db/v_demosaic.cpp:742->C:/github/zybo_z7_cam_rpi_v2_5mp_hdmi/zybo_z7_imx219/zybo_z7_imx219.runs/design_1_v_demosaic_0_0_synth_1/prj/sol/.autopilot/db/v_demosaic.cpp:1072]   --->   Operation 134 'br' 'br_ln742' <Predicate = (!icmp_ln633 & icmp_ln643)> <Delay = 1.58>
ST_3 : Operation 135 [1/1] (0.00ns)   --->   "%downleft_1 = phi i10 %select_ln710_10, void %VITIS_LOOP_693_11.i, i10 %p_0_0_0939_21449_i_load, void %for.body14.split.i" [C:/github/zybo_z7_cam_rpi_v2_5mp_hdmi/zybo_z7_imx219/zybo_z7_imx219.runs/design_1_v_demosaic_0_0_synth_1/prj/sol/.autopilot/db/v_demosaic.cpp:710->C:/github/zybo_z7_cam_rpi_v2_5mp_hdmi/zybo_z7_imx219/zybo_z7_imx219.runs/design_1_v_demosaic_0_0_synth_1/prj/sol/.autopilot/db/v_demosaic.cpp:1072]   --->   Operation 135 'phi' 'downleft_1' <Predicate = (!icmp_ln633)> <Delay = 0.00>
ST_3 : Operation 136 [1/1] (0.00ns)   --->   "%p_0_0_0939_21450_i = phi i10 %select_ln710_13, void %VITIS_LOOP_693_11.i, i10 %p_0_1_0_0_09081529_i_load, void %for.body14.split.i" [C:/github/zybo_z7_cam_rpi_v2_5mp_hdmi/zybo_z7_imx219/zybo_z7_imx219.runs/design_1_v_demosaic_0_0_synth_1/prj/sol/.autopilot/db/v_demosaic.cpp:710->C:/github/zybo_z7_cam_rpi_v2_5mp_hdmi/zybo_z7_imx219/zybo_z7_imx219.runs/design_1_v_demosaic_0_0_synth_1/prj/sol/.autopilot/db/v_demosaic.cpp:1072]   --->   Operation 136 'phi' 'p_0_0_0939_21450_i' <Predicate = (!icmp_ln633)> <Delay = 0.00>
ST_3 : Operation 137 [1/1] (0.00ns)   --->   "%pix_3 = phi i10 %select_ln710_1, void %VITIS_LOOP_693_11.i, i10 %p_0_0_0939_115111522_i_load, void %for.body14.split.i" [C:/github/zybo_z7_cam_rpi_v2_5mp_hdmi/zybo_z7_imx219/zybo_z7_imx219.runs/design_1_v_demosaic_0_0_synth_1/prj/sol/.autopilot/db/v_demosaic.cpp:710->C:/github/zybo_z7_cam_rpi_v2_5mp_hdmi/zybo_z7_imx219/zybo_z7_imx219.runs/design_1_v_demosaic_0_0_synth_1/prj/sol/.autopilot/db/v_demosaic.cpp:1072]   --->   Operation 137 'phi' 'pix_3' <Predicate = (!icmp_ln633)> <Delay = 0.00>
ST_3 : Operation 138 [1/1] (0.00ns)   --->   "%upleft_1 = phi i10 %select_ln710_4, void %VITIS_LOOP_693_11.i, i10 %p_0_0_09391419_i_load, void %for.body14.split.i" [C:/github/zybo_z7_cam_rpi_v2_5mp_hdmi/zybo_z7_imx219/zybo_z7_imx219.runs/design_1_v_demosaic_0_0_synth_1/prj/sol/.autopilot/db/v_demosaic.cpp:710->C:/github/zybo_z7_cam_rpi_v2_5mp_hdmi/zybo_z7_imx219/zybo_z7_imx219.runs/design_1_v_demosaic_0_0_synth_1/prj/sol/.autopilot/db/v_demosaic.cpp:1072]   --->   Operation 138 'phi' 'upleft_1' <Predicate = (!icmp_ln633)> <Delay = 0.00>
ST_3 : Operation 139 [1/1] (0.00ns)   --->   "%p_0_0_09391420_i = phi i10 %select_ln710_7, void %VITIS_LOOP_693_11.i, i10 %p_0_1_0_0_09141517_i_load, void %for.body14.split.i" [C:/github/zybo_z7_cam_rpi_v2_5mp_hdmi/zybo_z7_imx219/zybo_z7_imx219.runs/design_1_v_demosaic_0_0_synth_1/prj/sol/.autopilot/db/v_demosaic.cpp:710->C:/github/zybo_z7_cam_rpi_v2_5mp_hdmi/zybo_z7_imx219/zybo_z7_imx219.runs/design_1_v_demosaic_0_0_synth_1/prj/sol/.autopilot/db/v_demosaic.cpp:1072]   --->   Operation 139 'phi' 'p_0_0_09391420_i' <Predicate = (!icmp_ln633)> <Delay = 0.00>
ST_3 : Operation 140 [1/1] (0.00ns)   --->   "%p_0_1_0_0_09141517_i_load_1 = load i10 %p_0_1_0_0_09141517_i" [C:/github/zybo_z7_cam_rpi_v2_5mp_hdmi/zybo_z7_imx219/zybo_z7_imx219.runs/design_1_v_demosaic_0_0_synth_1/prj/sol/.autopilot/db/v_demosaic.cpp:792->C:/github/zybo_z7_cam_rpi_v2_5mp_hdmi/zybo_z7_imx219/zybo_z7_imx219.runs/design_1_v_demosaic_0_0_synth_1/prj/sol/.autopilot/db/v_demosaic.cpp:1072]   --->   Operation 140 'load' 'p_0_1_0_0_09141517_i_load_1' <Predicate = (!icmp_ln633 & icmp_ln772)> <Delay = 0.00>
ST_3 : Operation 141 [1/1] (0.00ns)   --->   "%p_0_1_0_0_09081529_i_load_1 = load i10 %p_0_1_0_0_09081529_i" [C:/github/zybo_z7_cam_rpi_v2_5mp_hdmi/zybo_z7_imx219/zybo_z7_imx219.runs/design_1_v_demosaic_0_0_synth_1/prj/sol/.autopilot/db/v_demosaic.cpp:793->C:/github/zybo_z7_cam_rpi_v2_5mp_hdmi/zybo_z7_imx219/zybo_z7_imx219.runs/design_1_v_demosaic_0_0_synth_1/prj/sol/.autopilot/db/v_demosaic.cpp:1072]   --->   Operation 141 'load' 'p_0_1_0_0_09081529_i_load_1' <Predicate = (!icmp_ln633 & icmp_ln772)> <Delay = 0.00>
ST_3 : Operation 142 [1/1] (0.00ns)   --->   "%zext_ln790 = zext i10 %pix_3" [C:/github/zybo_z7_cam_rpi_v2_5mp_hdmi/zybo_z7_imx219/zybo_z7_imx219.runs/design_1_v_demosaic_0_0_synth_1/prj/sol/.autopilot/db/v_demosaic.cpp:790->C:/github/zybo_z7_cam_rpi_v2_5mp_hdmi/zybo_z7_imx219/zybo_z7_imx219.runs/design_1_v_demosaic_0_0_synth_1/prj/sol/.autopilot/db/v_demosaic.cpp:1072]   --->   Operation 142 'zext' 'zext_ln790' <Predicate = (!icmp_ln633 & icmp_ln772)> <Delay = 0.00>
ST_3 : Operation 143 [1/1] (0.00ns)   --->   "%zext_ln790_1 = zext i10 %upleft_1" [C:/github/zybo_z7_cam_rpi_v2_5mp_hdmi/zybo_z7_imx219/zybo_z7_imx219.runs/design_1_v_demosaic_0_0_synth_1/prj/sol/.autopilot/db/v_demosaic.cpp:790->C:/github/zybo_z7_cam_rpi_v2_5mp_hdmi/zybo_z7_imx219/zybo_z7_imx219.runs/design_1_v_demosaic_0_0_synth_1/prj/sol/.autopilot/db/v_demosaic.cpp:1072]   --->   Operation 143 'zext' 'zext_ln790_1' <Predicate = (!icmp_ln633 & icmp_ln772)> <Delay = 0.00>
ST_3 : Operation 144 [1/1] (1.73ns)   --->   "%sub_ln790 = sub i11 %zext_ln790, i11 %zext_ln790_1" [C:/github/zybo_z7_cam_rpi_v2_5mp_hdmi/zybo_z7_imx219/zybo_z7_imx219.runs/design_1_v_demosaic_0_0_synth_1/prj/sol/.autopilot/db/v_demosaic.cpp:790->C:/github/zybo_z7_cam_rpi_v2_5mp_hdmi/zybo_z7_imx219/zybo_z7_imx219.runs/design_1_v_demosaic_0_0_synth_1/prj/sol/.autopilot/db/v_demosaic.cpp:1072]   --->   Operation 144 'sub' 'sub_ln790' <Predicate = (!icmp_ln633 & icmp_ln772)> <Delay = 1.73> <CoreInst = "Adder">   --->   Core 1 'Adder' <Latency = 0> <II = 1> <Delay = 1.73> <FuncUnit> <Opcode : 'add' 'sub'> <InPorts = 2> <OutPorts = 1>
ST_3 : Operation 145 [1/1] (0.00ns)   --->   "%trunc_ln61 = trunc i11 %sub_ln790" [C:/AMDDesignTools/2025.2/Vitis/tps/mingw/8.3.0/win64.o/nt\lib\gcc\x86_64-w64-mingw32\8.3.0\include\c++\bits/std_abs.h:61->C:/github/zybo_z7_cam_rpi_v2_5mp_hdmi/zybo_z7_imx219/zybo_z7_imx219.runs/design_1_v_demosaic_0_0_synth_1/prj/sol/.autopilot/db/v_demosaic.cpp:790->C:/github/zybo_z7_cam_rpi_v2_5mp_hdmi/zybo_z7_imx219/zybo_z7_imx219.runs/design_1_v_demosaic_0_0_synth_1/prj/sol/.autopilot/db/v_demosaic.cpp:1072]   --->   Operation 145 'trunc' 'trunc_ln61' <Predicate = (!icmp_ln633 & icmp_ln772)> <Delay = 0.00>
ST_3 : Operation 146 [1/1] (0.00ns)   --->   "%tmp_1 = bitselect i1 @_ssdm_op_BitSelect.i1.i11.i32, i11 %sub_ln790, i32 10" [C:/AMDDesignTools/2025.2/Vitis/tps/mingw/8.3.0/win64.o/nt\lib\gcc\x86_64-w64-mingw32\8.3.0\include\c++\bits/std_abs.h:61->C:/github/zybo_z7_cam_rpi_v2_5mp_hdmi/zybo_z7_imx219/zybo_z7_imx219.runs/design_1_v_demosaic_0_0_synth_1/prj/sol/.autopilot/db/v_demosaic.cpp:790->C:/github/zybo_z7_cam_rpi_v2_5mp_hdmi/zybo_z7_imx219/zybo_z7_imx219.runs/design_1_v_demosaic_0_0_synth_1/prj/sol/.autopilot/db/v_demosaic.cpp:1072]   --->   Operation 146 'bitselect' 'tmp_1' <Predicate = (!icmp_ln633 & icmp_ln772)> <Delay = 0.00>
ST_3 : Operation 147 [1/1] (1.73ns)   --->   "%sub_ln61 = sub i10 0, i10 %trunc_ln61" [C:/AMDDesignTools/2025.2/Vitis/tps/mingw/8.3.0/win64.o/nt\lib\gcc\x86_64-w64-mingw32\8.3.0\include\c++\bits/std_abs.h:61->C:/github/zybo_z7_cam_rpi_v2_5mp_hdmi/zybo_z7_imx219/zybo_z7_imx219.runs/design_1_v_demosaic_0_0_synth_1/prj/sol/.autopilot/db/v_demosaic.cpp:790->C:/github/zybo_z7_cam_rpi_v2_5mp_hdmi/zybo_z7_imx219/zybo_z7_imx219.runs/design_1_v_demosaic_0_0_synth_1/prj/sol/.autopilot/db/v_demosaic.cpp:1072]   --->   Operation 147 'sub' 'sub_ln61' <Predicate = (!icmp_ln633 & icmp_ln772)> <Delay = 1.73> <CoreInst = "Adder">   --->   Core 1 'Adder' <Latency = 0> <II = 1> <Delay = 1.73> <FuncUnit> <Opcode : 'add' 'sub'> <InPorts = 2> <OutPorts = 1>
ST_3 : Operation 148 [1/1] (0.68ns)   --->   "%agdiff = select i1 %tmp_1, i10 %sub_ln61, i10 %trunc_ln61" [C:/AMDDesignTools/2025.2/Vitis/tps/mingw/8.3.0/win64.o/nt\lib\gcc\x86_64-w64-mingw32\8.3.0\include\c++\bits/std_abs.h:61->C:/github/zybo_z7_cam_rpi_v2_5mp_hdmi/zybo_z7_imx219/zybo_z7_imx219.runs/design_1_v_demosaic_0_0_synth_1/prj/sol/.autopilot/db/v_demosaic.cpp:790->C:/github/zybo_z7_cam_rpi_v2_5mp_hdmi/zybo_z7_imx219/zybo_z7_imx219.runs/design_1_v_demosaic_0_0_synth_1/prj/sol/.autopilot/db/v_demosaic.cpp:1072]   --->   Operation 148 'select' 'agdiff' <Predicate = (!icmp_ln633 & icmp_ln772)> <Delay = 0.68> <CoreInst = "Sel">   --->   Core 73 'Sel' <Latency = 0> <II = 1> <Delay = 0.68> <FuncUnit> <Opcode : 'select'> <InPorts = 3> <OutPorts = 1>
ST_3 : Operation 149 [1/1] (0.00ns)   --->   "%zext_ln791 = zext i10 %downleft_1" [C:/github/zybo_z7_cam_rpi_v2_5mp_hdmi/zybo_z7_imx219/zybo_z7_imx219.runs/design_1_v_demosaic_0_0_synth_1/prj/sol/.autopilot/db/v_demosaic.cpp:791->C:/github/zybo_z7_cam_rpi_v2_5mp_hdmi/zybo_z7_imx219/zybo_z7_imx219.runs/design_1_v_demosaic_0_0_synth_1/prj/sol/.autopilot/db/v_demosaic.cpp:1072]   --->   Operation 149 'zext' 'zext_ln791' <Predicate = (!icmp_ln633 & icmp_ln772)> <Delay = 0.00>
ST_3 : Operation 150 [1/1] (1.73ns)   --->   "%sub_ln791 = sub i11 %zext_ln790, i11 %zext_ln791" [C:/github/zybo_z7_cam_rpi_v2_5mp_hdmi/zybo_z7_imx219/zybo_z7_imx219.runs/design_1_v_demosaic_0_0_synth_1/prj/sol/.autopilot/db/v_demosaic.cpp:791->C:/github/zybo_z7_cam_rpi_v2_5mp_hdmi/zybo_z7_imx219/zybo_z7_imx219.runs/design_1_v_demosaic_0_0_synth_1/prj/sol/.autopilot/db/v_demosaic.cpp:1072]   --->   Operation 150 'sub' 'sub_ln791' <Predicate = (!icmp_ln633 & icmp_ln772)> <Delay = 1.73> <CoreInst = "Adder">   --->   Core 1 'Adder' <Latency = 0> <II = 1> <Delay = 1.73> <FuncUnit> <Opcode : 'add' 'sub'> <InPorts = 2> <OutPorts = 1>
ST_3 : Operation 151 [1/1] (0.00ns)   --->   "%trunc_ln61_1 = trunc i11 %sub_ln791" [C:/AMDDesignTools/2025.2/Vitis/tps/mingw/8.3.0/win64.o/nt\lib\gcc\x86_64-w64-mingw32\8.3.0\include\c++\bits/std_abs.h:61->C:/github/zybo_z7_cam_rpi_v2_5mp_hdmi/zybo_z7_imx219/zybo_z7_imx219.runs/design_1_v_demosaic_0_0_synth_1/prj/sol/.autopilot/db/v_demosaic.cpp:791->C:/github/zybo_z7_cam_rpi_v2_5mp_hdmi/zybo_z7_imx219/zybo_z7_imx219.runs/design_1_v_demosaic_0_0_synth_1/prj/sol/.autopilot/db/v_demosaic.cpp:1072]   --->   Operation 151 'trunc' 'trunc_ln61_1' <Predicate = (!icmp_ln633 & icmp_ln772)> <Delay = 0.00>
ST_3 : Operation 152 [1/1] (0.00ns)   --->   "%tmp_2 = bitselect i1 @_ssdm_op_BitSelect.i1.i11.i32, i11 %sub_ln791, i32 10" [C:/AMDDesignTools/2025.2/Vitis/tps/mingw/8.3.0/win64.o/nt\lib\gcc\x86_64-w64-mingw32\8.3.0\include\c++\bits/std_abs.h:61->C:/github/zybo_z7_cam_rpi_v2_5mp_hdmi/zybo_z7_imx219/zybo_z7_imx219.runs/design_1_v_demosaic_0_0_synth_1/prj/sol/.autopilot/db/v_demosaic.cpp:791->C:/github/zybo_z7_cam_rpi_v2_5mp_hdmi/zybo_z7_imx219/zybo_z7_imx219.runs/design_1_v_demosaic_0_0_synth_1/prj/sol/.autopilot/db/v_demosaic.cpp:1072]   --->   Operation 152 'bitselect' 'tmp_2' <Predicate = (!icmp_ln633 & icmp_ln772)> <Delay = 0.00>
ST_3 : Operation 153 [1/1] (1.73ns)   --->   "%sub_ln61_1 = sub i10 0, i10 %trunc_ln61_1" [C:/AMDDesignTools/2025.2/Vitis/tps/mingw/8.3.0/win64.o/nt\lib\gcc\x86_64-w64-mingw32\8.3.0\include\c++\bits/std_abs.h:61->C:/github/zybo_z7_cam_rpi_v2_5mp_hdmi/zybo_z7_imx219/zybo_z7_imx219.runs/design_1_v_demosaic_0_0_synth_1/prj/sol/.autopilot/db/v_demosaic.cpp:791->C:/github/zybo_z7_cam_rpi_v2_5mp_hdmi/zybo_z7_imx219/zybo_z7_imx219.runs/design_1_v_demosaic_0_0_synth_1/prj/sol/.autopilot/db/v_demosaic.cpp:1072]   --->   Operation 153 'sub' 'sub_ln61_1' <Predicate = (!icmp_ln633 & icmp_ln772)> <Delay = 1.73> <CoreInst = "Adder">   --->   Core 1 'Adder' <Latency = 0> <II = 1> <Delay = 1.73> <FuncUnit> <Opcode : 'add' 'sub'> <InPorts = 2> <OutPorts = 1>
ST_3 : Operation 154 [1/1] (0.68ns)   --->   "%agdiff_1 = select i1 %tmp_2, i10 %sub_ln61_1, i10 %trunc_ln61_1" [C:/AMDDesignTools/2025.2/Vitis/tps/mingw/8.3.0/win64.o/nt\lib\gcc\x86_64-w64-mingw32\8.3.0\include\c++\bits/std_abs.h:61->C:/github/zybo_z7_cam_rpi_v2_5mp_hdmi/zybo_z7_imx219/zybo_z7_imx219.runs/design_1_v_demosaic_0_0_synth_1/prj/sol/.autopilot/db/v_demosaic.cpp:791->C:/github/zybo_z7_cam_rpi_v2_5mp_hdmi/zybo_z7_imx219/zybo_z7_imx219.runs/design_1_v_demosaic_0_0_synth_1/prj/sol/.autopilot/db/v_demosaic.cpp:1072]   --->   Operation 154 'select' 'agdiff_1' <Predicate = (!icmp_ln633 & icmp_ln772)> <Delay = 0.68> <CoreInst = "Sel">   --->   Core 73 'Sel' <Latency = 0> <II = 1> <Delay = 0.68> <FuncUnit> <Opcode : 'select'> <InPorts = 3> <OutPorts = 1>
ST_3 : Operation 155 [1/1] (0.00ns)   --->   "%zext_ln792 = zext i10 %p_0_1_0_0_09141517_i_load_1" [C:/github/zybo_z7_cam_rpi_v2_5mp_hdmi/zybo_z7_imx219/zybo_z7_imx219.runs/design_1_v_demosaic_0_0_synth_1/prj/sol/.autopilot/db/v_demosaic.cpp:792->C:/github/zybo_z7_cam_rpi_v2_5mp_hdmi/zybo_z7_imx219/zybo_z7_imx219.runs/design_1_v_demosaic_0_0_synth_1/prj/sol/.autopilot/db/v_demosaic.cpp:1072]   --->   Operation 155 'zext' 'zext_ln792' <Predicate = (!icmp_ln633 & icmp_ln772)> <Delay = 0.00>
ST_3 : Operation 156 [1/1] (1.73ns)   --->   "%sub_ln792 = sub i11 %zext_ln790, i11 %zext_ln792" [C:/github/zybo_z7_cam_rpi_v2_5mp_hdmi/zybo_z7_imx219/zybo_z7_imx219.runs/design_1_v_demosaic_0_0_synth_1/prj/sol/.autopilot/db/v_demosaic.cpp:792->C:/github/zybo_z7_cam_rpi_v2_5mp_hdmi/zybo_z7_imx219/zybo_z7_imx219.runs/design_1_v_demosaic_0_0_synth_1/prj/sol/.autopilot/db/v_demosaic.cpp:1072]   --->   Operation 156 'sub' 'sub_ln792' <Predicate = (!icmp_ln633 & icmp_ln772)> <Delay = 1.73> <CoreInst = "Adder">   --->   Core 1 'Adder' <Latency = 0> <II = 1> <Delay = 1.73> <FuncUnit> <Opcode : 'add' 'sub'> <InPorts = 2> <OutPorts = 1>
ST_3 : Operation 157 [1/1] (0.00ns)   --->   "%trunc_ln61_2 = trunc i11 %sub_ln792" [C:/AMDDesignTools/2025.2/Vitis/tps/mingw/8.3.0/win64.o/nt\lib\gcc\x86_64-w64-mingw32\8.3.0\include\c++\bits/std_abs.h:61->C:/github/zybo_z7_cam_rpi_v2_5mp_hdmi/zybo_z7_imx219/zybo_z7_imx219.runs/design_1_v_demosaic_0_0_synth_1/prj/sol/.autopilot/db/v_demosaic.cpp:792->C:/github/zybo_z7_cam_rpi_v2_5mp_hdmi/zybo_z7_imx219/zybo_z7_imx219.runs/design_1_v_demosaic_0_0_synth_1/prj/sol/.autopilot/db/v_demosaic.cpp:1072]   --->   Operation 157 'trunc' 'trunc_ln61_2' <Predicate = (!icmp_ln633 & icmp_ln772)> <Delay = 0.00>
ST_3 : Operation 158 [1/1] (0.00ns)   --->   "%tmp_3 = bitselect i1 @_ssdm_op_BitSelect.i1.i11.i32, i11 %sub_ln792, i32 10" [C:/AMDDesignTools/2025.2/Vitis/tps/mingw/8.3.0/win64.o/nt\lib\gcc\x86_64-w64-mingw32\8.3.0\include\c++\bits/std_abs.h:61->C:/github/zybo_z7_cam_rpi_v2_5mp_hdmi/zybo_z7_imx219/zybo_z7_imx219.runs/design_1_v_demosaic_0_0_synth_1/prj/sol/.autopilot/db/v_demosaic.cpp:792->C:/github/zybo_z7_cam_rpi_v2_5mp_hdmi/zybo_z7_imx219/zybo_z7_imx219.runs/design_1_v_demosaic_0_0_synth_1/prj/sol/.autopilot/db/v_demosaic.cpp:1072]   --->   Operation 158 'bitselect' 'tmp_3' <Predicate = (!icmp_ln633 & icmp_ln772)> <Delay = 0.00>
ST_3 : Operation 159 [1/1] (1.73ns)   --->   "%sub_ln61_2 = sub i10 0, i10 %trunc_ln61_2" [C:/AMDDesignTools/2025.2/Vitis/tps/mingw/8.3.0/win64.o/nt\lib\gcc\x86_64-w64-mingw32\8.3.0\include\c++\bits/std_abs.h:61->C:/github/zybo_z7_cam_rpi_v2_5mp_hdmi/zybo_z7_imx219/zybo_z7_imx219.runs/design_1_v_demosaic_0_0_synth_1/prj/sol/.autopilot/db/v_demosaic.cpp:792->C:/github/zybo_z7_cam_rpi_v2_5mp_hdmi/zybo_z7_imx219/zybo_z7_imx219.runs/design_1_v_demosaic_0_0_synth_1/prj/sol/.autopilot/db/v_demosaic.cpp:1072]   --->   Operation 159 'sub' 'sub_ln61_2' <Predicate = (!icmp_ln633 & icmp_ln772)> <Delay = 1.73> <CoreInst = "Adder">   --->   Core 1 'Adder' <Latency = 0> <II = 1> <Delay = 1.73> <FuncUnit> <Opcode : 'add' 'sub'> <InPorts = 2> <OutPorts = 1>
ST_3 : Operation 160 [1/1] (0.68ns)   --->   "%agdiff_2 = select i1 %tmp_3, i10 %sub_ln61_2, i10 %trunc_ln61_2" [C:/AMDDesignTools/2025.2/Vitis/tps/mingw/8.3.0/win64.o/nt\lib\gcc\x86_64-w64-mingw32\8.3.0\include\c++\bits/std_abs.h:61->C:/github/zybo_z7_cam_rpi_v2_5mp_hdmi/zybo_z7_imx219/zybo_z7_imx219.runs/design_1_v_demosaic_0_0_synth_1/prj/sol/.autopilot/db/v_demosaic.cpp:792->C:/github/zybo_z7_cam_rpi_v2_5mp_hdmi/zybo_z7_imx219/zybo_z7_imx219.runs/design_1_v_demosaic_0_0_synth_1/prj/sol/.autopilot/db/v_demosaic.cpp:1072]   --->   Operation 160 'select' 'agdiff_2' <Predicate = (!icmp_ln633 & icmp_ln772)> <Delay = 0.68> <CoreInst = "Sel">   --->   Core 73 'Sel' <Latency = 0> <II = 1> <Delay = 0.68> <FuncUnit> <Opcode : 'select'> <InPorts = 3> <OutPorts = 1>
ST_3 : Operation 161 [1/1] (0.00ns)   --->   "%zext_ln793 = zext i10 %p_0_1_0_0_09081529_i_load_1" [C:/github/zybo_z7_cam_rpi_v2_5mp_hdmi/zybo_z7_imx219/zybo_z7_imx219.runs/design_1_v_demosaic_0_0_synth_1/prj/sol/.autopilot/db/v_demosaic.cpp:793->C:/github/zybo_z7_cam_rpi_v2_5mp_hdmi/zybo_z7_imx219/zybo_z7_imx219.runs/design_1_v_demosaic_0_0_synth_1/prj/sol/.autopilot/db/v_demosaic.cpp:1072]   --->   Operation 161 'zext' 'zext_ln793' <Predicate = (!icmp_ln633 & icmp_ln772)> <Delay = 0.00>
ST_3 : Operation 162 [1/1] (1.73ns)   --->   "%sub_ln793 = sub i11 %zext_ln790, i11 %zext_ln793" [C:/github/zybo_z7_cam_rpi_v2_5mp_hdmi/zybo_z7_imx219/zybo_z7_imx219.runs/design_1_v_demosaic_0_0_synth_1/prj/sol/.autopilot/db/v_demosaic.cpp:793->C:/github/zybo_z7_cam_rpi_v2_5mp_hdmi/zybo_z7_imx219/zybo_z7_imx219.runs/design_1_v_demosaic_0_0_synth_1/prj/sol/.autopilot/db/v_demosaic.cpp:1072]   --->   Operation 162 'sub' 'sub_ln793' <Predicate = (!icmp_ln633 & icmp_ln772)> <Delay = 1.73> <CoreInst = "Adder">   --->   Core 1 'Adder' <Latency = 0> <II = 1> <Delay = 1.73> <FuncUnit> <Opcode : 'add' 'sub'> <InPorts = 2> <OutPorts = 1>
ST_3 : Operation 163 [1/1] (0.00ns)   --->   "%trunc_ln61_3 = trunc i11 %sub_ln793" [C:/AMDDesignTools/2025.2/Vitis/tps/mingw/8.3.0/win64.o/nt\lib\gcc\x86_64-w64-mingw32\8.3.0\include\c++\bits/std_abs.h:61->C:/github/zybo_z7_cam_rpi_v2_5mp_hdmi/zybo_z7_imx219/zybo_z7_imx219.runs/design_1_v_demosaic_0_0_synth_1/prj/sol/.autopilot/db/v_demosaic.cpp:793->C:/github/zybo_z7_cam_rpi_v2_5mp_hdmi/zybo_z7_imx219/zybo_z7_imx219.runs/design_1_v_demosaic_0_0_synth_1/prj/sol/.autopilot/db/v_demosaic.cpp:1072]   --->   Operation 163 'trunc' 'trunc_ln61_3' <Predicate = (!icmp_ln633 & icmp_ln772)> <Delay = 0.00>
ST_3 : Operation 164 [1/1] (0.00ns)   --->   "%tmp_4 = bitselect i1 @_ssdm_op_BitSelect.i1.i11.i32, i11 %sub_ln793, i32 10" [C:/AMDDesignTools/2025.2/Vitis/tps/mingw/8.3.0/win64.o/nt\lib\gcc\x86_64-w64-mingw32\8.3.0\include\c++\bits/std_abs.h:61->C:/github/zybo_z7_cam_rpi_v2_5mp_hdmi/zybo_z7_imx219/zybo_z7_imx219.runs/design_1_v_demosaic_0_0_synth_1/prj/sol/.autopilot/db/v_demosaic.cpp:793->C:/github/zybo_z7_cam_rpi_v2_5mp_hdmi/zybo_z7_imx219/zybo_z7_imx219.runs/design_1_v_demosaic_0_0_synth_1/prj/sol/.autopilot/db/v_demosaic.cpp:1072]   --->   Operation 164 'bitselect' 'tmp_4' <Predicate = (!icmp_ln633 & icmp_ln772)> <Delay = 0.00>
ST_3 : Operation 165 [1/1] (1.73ns)   --->   "%sub_ln61_3 = sub i10 0, i10 %trunc_ln61_3" [C:/AMDDesignTools/2025.2/Vitis/tps/mingw/8.3.0/win64.o/nt\lib\gcc\x86_64-w64-mingw32\8.3.0\include\c++\bits/std_abs.h:61->C:/github/zybo_z7_cam_rpi_v2_5mp_hdmi/zybo_z7_imx219/zybo_z7_imx219.runs/design_1_v_demosaic_0_0_synth_1/prj/sol/.autopilot/db/v_demosaic.cpp:793->C:/github/zybo_z7_cam_rpi_v2_5mp_hdmi/zybo_z7_imx219/zybo_z7_imx219.runs/design_1_v_demosaic_0_0_synth_1/prj/sol/.autopilot/db/v_demosaic.cpp:1072]   --->   Operation 165 'sub' 'sub_ln61_3' <Predicate = (!icmp_ln633 & icmp_ln772)> <Delay = 1.73> <CoreInst = "Adder">   --->   Core 1 'Adder' <Latency = 0> <II = 1> <Delay = 1.73> <FuncUnit> <Opcode : 'add' 'sub'> <InPorts = 2> <OutPorts = 1>
ST_3 : Operation 166 [1/1] (0.68ns)   --->   "%agdiff_3 = select i1 %tmp_4, i10 %sub_ln61_3, i10 %trunc_ln61_3" [C:/AMDDesignTools/2025.2/Vitis/tps/mingw/8.3.0/win64.o/nt\lib\gcc\x86_64-w64-mingw32\8.3.0\include\c++\bits/std_abs.h:61->C:/github/zybo_z7_cam_rpi_v2_5mp_hdmi/zybo_z7_imx219/zybo_z7_imx219.runs/design_1_v_demosaic_0_0_synth_1/prj/sol/.autopilot/db/v_demosaic.cpp:793->C:/github/zybo_z7_cam_rpi_v2_5mp_hdmi/zybo_z7_imx219/zybo_z7_imx219.runs/design_1_v_demosaic_0_0_synth_1/prj/sol/.autopilot/db/v_demosaic.cpp:1072]   --->   Operation 166 'select' 'agdiff_3' <Predicate = (!icmp_ln633 & icmp_ln772)> <Delay = 0.68> <CoreInst = "Sel">   --->   Core 73 'Sel' <Latency = 0> <II = 1> <Delay = 0.68> <FuncUnit> <Opcode : 'select'> <InPorts = 3> <OutPorts = 1>
ST_3 : Operation 167 [1/1] (1.58ns)   --->   "%store_ln710 = store i10 %p_0_0_0939_21450_i, i10 %p_0_0_0939_21449_i" [C:/github/zybo_z7_cam_rpi_v2_5mp_hdmi/zybo_z7_imx219/zybo_z7_imx219.runs/design_1_v_demosaic_0_0_synth_1/prj/sol/.autopilot/db/v_demosaic.cpp:710->C:/github/zybo_z7_cam_rpi_v2_5mp_hdmi/zybo_z7_imx219/zybo_z7_imx219.runs/design_1_v_demosaic_0_0_synth_1/prj/sol/.autopilot/db/v_demosaic.cpp:1072]   --->   Operation 167 'store' 'store_ln710' <Predicate = (!icmp_ln633)> <Delay = 1.58>
ST_3 : Operation 168 [1/1] (1.58ns)   --->   "%store_ln710 = store i10 %p_0_0_09391420_i, i10 %p_0_0_09391419_i" [C:/github/zybo_z7_cam_rpi_v2_5mp_hdmi/zybo_z7_imx219/zybo_z7_imx219.runs/design_1_v_demosaic_0_0_synth_1/prj/sol/.autopilot/db/v_demosaic.cpp:710->C:/github/zybo_z7_cam_rpi_v2_5mp_hdmi/zybo_z7_imx219/zybo_z7_imx219.runs/design_1_v_demosaic_0_0_synth_1/prj/sol/.autopilot/db/v_demosaic.cpp:1072]   --->   Operation 168 'store' 'store_ln710' <Predicate = (!icmp_ln633)> <Delay = 1.58>

State 4 <SV = 3> <Delay = 7.13>
ST_4 : Operation 169 [1/1] (0.00ns)   --->   "%p_0_0_0_0_09131515_i_load = load i10 %p_0_0_0_0_09131515_i"   --->   Operation 169 'load' 'p_0_0_0_0_09131515_i_load' <Predicate = true> <Delay = 0.00>
ST_4 : Operation 170 [1/1] (0.00ns)   --->   "%p_0_2_0_0_09151519_i_load = load i10 %p_0_2_0_0_09151519_i"   --->   Operation 170 'load' 'p_0_2_0_0_09151519_i_load' <Predicate = true> <Delay = 0.00>
ST_4 : Operation 171 [1/1] (0.00ns)   --->   "%p_0_0_0940_115091520_i_load = load i10 %p_0_0_0940_115091520_i"   --->   Operation 171 'load' 'p_0_0_0940_115091520_i_load' <Predicate = true> <Delay = 0.00>
ST_4 : Operation 172 [1/1] (0.00ns)   --->   "%p_0_0_0938_115131524_i_load = load i10 %p_0_0_0938_115131524_i"   --->   Operation 172 'load' 'p_0_0_0938_115131524_i_load' <Predicate = true> <Delay = 0.00>
ST_4 : Operation 173 [1/1] (0.00ns)   --->   "%p_0_0_0_0_09071527_i_load = load i10 %p_0_0_0_0_09071527_i"   --->   Operation 173 'load' 'p_0_0_0_0_09071527_i_load' <Predicate = true> <Delay = 0.00>
ST_4 : Operation 174 [1/1] (0.00ns)   --->   "%p_0_2_0_0_09091531_i_load = load i10 %p_0_2_0_0_09091531_i"   --->   Operation 174 'load' 'p_0_2_0_0_09091531_i_load' <Predicate = true> <Delay = 0.00>
ST_4 : Operation 175 [1/1] (0.00ns)   --->   "%p_0_0_09401416_i_load = load i10 %p_0_0_09401416_i"   --->   Operation 175 'load' 'p_0_0_09401416_i_load' <Predicate = true> <Delay = 0.00>
ST_4 : Operation 176 [1/1] (0.00ns)   --->   "%p_0_0_09381422_i_load = load i10 %p_0_0_09381422_i"   --->   Operation 176 'load' 'p_0_0_09381422_i_load' <Predicate = true> <Delay = 0.00>
ST_4 : Operation 177 [1/1] (0.00ns)   --->   "%p_0_0_0940_21446_i_load = load i10 %p_0_0_0940_21446_i"   --->   Operation 177 'load' 'p_0_0_0940_21446_i_load' <Predicate = true> <Delay = 0.00>
ST_4 : Operation 178 [1/1] (0.00ns)   --->   "%p_0_0_0938_21452_i_load = load i10 %p_0_0_0938_21452_i"   --->   Operation 178 'load' 'p_0_0_0938_21452_i_load' <Predicate = true> <Delay = 0.00>
ST_4 : Operation 179 [1/1] (0.00ns)   --->   "%speclooptripcount_ln0 = speclooptripcount void @_ssdm_op_SpecLoopTripCount, i64 1, i64 1921, i64 0"   --->   Operation 179 'speclooptripcount' 'speclooptripcount_ln0' <Predicate = true> <Delay = 0.00>
ST_4 : Operation 180 [1/1] (0.68ns)   --->   "%select_ln710 = select i1 %icmp_ln710, i10 %trunc_ln654, i10 %p_0_0_0940_115091520_i_load" [C:/github/zybo_z7_cam_rpi_v2_5mp_hdmi/zybo_z7_imx219/zybo_z7_imx219.runs/design_1_v_demosaic_0_0_synth_1/prj/sol/.autopilot/db/v_demosaic.cpp:710->C:/github/zybo_z7_cam_rpi_v2_5mp_hdmi/zybo_z7_imx219/zybo_z7_imx219.runs/design_1_v_demosaic_0_0_synth_1/prj/sol/.autopilot/db/v_demosaic.cpp:1072]   --->   Operation 180 'select' 'select_ln710' <Predicate = (!icmp_ln633 & icmp_ln643)> <Delay = 0.68> <CoreInst = "Sel">   --->   Core 73 'Sel' <Latency = 0> <II = 1> <Delay = 0.68> <FuncUnit> <Opcode : 'select'> <InPorts = 3> <OutPorts = 1>
ST_4 : Operation 181 [1/1] (0.68ns)   --->   "%select_ln710_2 = select i1 %icmp_ln710, i10 %tmp_7_i, i10 %p_0_0_0938_115131524_i_load" [C:/github/zybo_z7_cam_rpi_v2_5mp_hdmi/zybo_z7_imx219/zybo_z7_imx219.runs/design_1_v_demosaic_0_0_synth_1/prj/sol/.autopilot/db/v_demosaic.cpp:710->C:/github/zybo_z7_cam_rpi_v2_5mp_hdmi/zybo_z7_imx219/zybo_z7_imx219.runs/design_1_v_demosaic_0_0_synth_1/prj/sol/.autopilot/db/v_demosaic.cpp:1072]   --->   Operation 181 'select' 'select_ln710_2' <Predicate = (!icmp_ln633 & icmp_ln643)> <Delay = 0.68> <CoreInst = "Sel">   --->   Core 73 'Sel' <Latency = 0> <II = 1> <Delay = 0.68> <FuncUnit> <Opcode : 'select'> <InPorts = 3> <OutPorts = 1>
ST_4 : Operation 182 [1/1] (0.68ns)   --->   "%select_ln710_3 = select i1 %icmp_ln710, i10 %tmp_i, i10 %p_0_0_09381422_i_load" [C:/github/zybo_z7_cam_rpi_v2_5mp_hdmi/zybo_z7_imx219/zybo_z7_imx219.runs/design_1_v_demosaic_0_0_synth_1/prj/sol/.autopilot/db/v_demosaic.cpp:710->C:/github/zybo_z7_cam_rpi_v2_5mp_hdmi/zybo_z7_imx219/zybo_z7_imx219.runs/design_1_v_demosaic_0_0_synth_1/prj/sol/.autopilot/db/v_demosaic.cpp:1072]   --->   Operation 182 'select' 'select_ln710_3' <Predicate = (!icmp_ln633 & icmp_ln643 & red)> <Delay = 0.68> <CoreInst = "Sel">   --->   Core 73 'Sel' <Latency = 0> <II = 1> <Delay = 0.68> <FuncUnit> <Opcode : 'select'> <InPorts = 3> <OutPorts = 1>
ST_4 : Operation 183 [1/1] (0.68ns)   --->   "%select_ln710_5 = select i1 %icmp_ln710, i10 %trunc_ln654_1, i10 %p_0_0_09401416_i_load" [C:/github/zybo_z7_cam_rpi_v2_5mp_hdmi/zybo_z7_imx219/zybo_z7_imx219.runs/design_1_v_demosaic_0_0_synth_1/prj/sol/.autopilot/db/v_demosaic.cpp:710->C:/github/zybo_z7_cam_rpi_v2_5mp_hdmi/zybo_z7_imx219/zybo_z7_imx219.runs/design_1_v_demosaic_0_0_synth_1/prj/sol/.autopilot/db/v_demosaic.cpp:1072]   --->   Operation 183 'select' 'select_ln710_5' <Predicate = (!icmp_ln633 & icmp_ln643 & !red)> <Delay = 0.68> <CoreInst = "Sel">   --->   Core 73 'Sel' <Latency = 0> <II = 1> <Delay = 0.68> <FuncUnit> <Opcode : 'select'> <InPorts = 3> <OutPorts = 1>
ST_4 : Operation 184 [1/1] (0.68ns)   --->   "%select_ln710_6 = select i1 %icmp_ln710, i10 %tmp_i, i10 %p_0_2_0_0_09151519_i_load" [C:/github/zybo_z7_cam_rpi_v2_5mp_hdmi/zybo_z7_imx219/zybo_z7_imx219.runs/design_1_v_demosaic_0_0_synth_1/prj/sol/.autopilot/db/v_demosaic.cpp:710->C:/github/zybo_z7_cam_rpi_v2_5mp_hdmi/zybo_z7_imx219/zybo_z7_imx219.runs/design_1_v_demosaic_0_0_synth_1/prj/sol/.autopilot/db/v_demosaic.cpp:1072]   --->   Operation 184 'select' 'select_ln710_6' <Predicate = (!icmp_ln633 & icmp_ln643)> <Delay = 0.68> <CoreInst = "Sel">   --->   Core 73 'Sel' <Latency = 0> <II = 1> <Delay = 0.68> <FuncUnit> <Opcode : 'select'> <InPorts = 3> <OutPorts = 1>
ST_4 : Operation 185 [1/1] (0.68ns)   --->   "%select_ln710_8 = select i1 %icmp_ln710, i10 %trunc_ln654_1, i10 %p_0_0_0_0_09131515_i_load" [C:/github/zybo_z7_cam_rpi_v2_5mp_hdmi/zybo_z7_imx219/zybo_z7_imx219.runs/design_1_v_demosaic_0_0_synth_1/prj/sol/.autopilot/db/v_demosaic.cpp:710->C:/github/zybo_z7_cam_rpi_v2_5mp_hdmi/zybo_z7_imx219/zybo_z7_imx219.runs/design_1_v_demosaic_0_0_synth_1/prj/sol/.autopilot/db/v_demosaic.cpp:1072]   --->   Operation 185 'select' 'select_ln710_8' <Predicate = (!icmp_ln633 & icmp_ln643)> <Delay = 0.68> <CoreInst = "Sel">   --->   Core 73 'Sel' <Latency = 0> <II = 1> <Delay = 0.68> <FuncUnit> <Opcode : 'select'> <InPorts = 3> <OutPorts = 1>
ST_4 : Operation 186 [1/1] (0.68ns)   --->   "%select_ln710_9 = select i1 %icmp_ln710, i10 %p_0_0_0938_21501_ph_i, i10 %p_0_0_0938_21452_i_load" [C:/github/zybo_z7_cam_rpi_v2_5mp_hdmi/zybo_z7_imx219/zybo_z7_imx219.runs/design_1_v_demosaic_0_0_synth_1/prj/sol/.autopilot/db/v_demosaic.cpp:710->C:/github/zybo_z7_cam_rpi_v2_5mp_hdmi/zybo_z7_imx219/zybo_z7_imx219.runs/design_1_v_demosaic_0_0_synth_1/prj/sol/.autopilot/db/v_demosaic.cpp:1072]   --->   Operation 186 'select' 'select_ln710_9' <Predicate = (!icmp_ln633 & icmp_ln643 & red)> <Delay = 0.68> <CoreInst = "Sel">   --->   Core 73 'Sel' <Latency = 0> <II = 1> <Delay = 0.68> <FuncUnit> <Opcode : 'select'> <InPorts = 3> <OutPorts = 1>
ST_4 : Operation 187 [1/1] (0.68ns)   --->   "%select_ln710_11 = select i1 %icmp_ln710, i10 %p_0_0_0940_21497_ph_i, i10 %p_0_0_0940_21446_i_load" [C:/github/zybo_z7_cam_rpi_v2_5mp_hdmi/zybo_z7_imx219/zybo_z7_imx219.runs/design_1_v_demosaic_0_0_synth_1/prj/sol/.autopilot/db/v_demosaic.cpp:710->C:/github/zybo_z7_cam_rpi_v2_5mp_hdmi/zybo_z7_imx219/zybo_z7_imx219.runs/design_1_v_demosaic_0_0_synth_1/prj/sol/.autopilot/db/v_demosaic.cpp:1072]   --->   Operation 187 'select' 'select_ln710_11' <Predicate = (!icmp_ln633 & icmp_ln643 & !red)> <Delay = 0.68> <CoreInst = "Sel">   --->   Core 73 'Sel' <Latency = 0> <II = 1> <Delay = 0.68> <FuncUnit> <Opcode : 'select'> <InPorts = 3> <OutPorts = 1>
ST_4 : Operation 188 [1/1] (0.68ns)   --->   "%select_ln710_12 = select i1 %icmp_ln710, i10 %p_0_0_0938_21501_ph_i, i10 %p_0_2_0_0_09091531_i_load" [C:/github/zybo_z7_cam_rpi_v2_5mp_hdmi/zybo_z7_imx219/zybo_z7_imx219.runs/design_1_v_demosaic_0_0_synth_1/prj/sol/.autopilot/db/v_demosaic.cpp:710->C:/github/zybo_z7_cam_rpi_v2_5mp_hdmi/zybo_z7_imx219/zybo_z7_imx219.runs/design_1_v_demosaic_0_0_synth_1/prj/sol/.autopilot/db/v_demosaic.cpp:1072]   --->   Operation 188 'select' 'select_ln710_12' <Predicate = (!icmp_ln633 & icmp_ln643)> <Delay = 0.68> <CoreInst = "Sel">   --->   Core 73 'Sel' <Latency = 0> <II = 1> <Delay = 0.68> <FuncUnit> <Opcode : 'select'> <InPorts = 3> <OutPorts = 1>
ST_4 : Operation 189 [1/1] (0.68ns)   --->   "%select_ln710_14 = select i1 %icmp_ln710, i10 %p_0_0_0940_21497_ph_i, i10 %p_0_0_0_0_09071527_i_load" [C:/github/zybo_z7_cam_rpi_v2_5mp_hdmi/zybo_z7_imx219/zybo_z7_imx219.runs/design_1_v_demosaic_0_0_synth_1/prj/sol/.autopilot/db/v_demosaic.cpp:710->C:/github/zybo_z7_cam_rpi_v2_5mp_hdmi/zybo_z7_imx219/zybo_z7_imx219.runs/design_1_v_demosaic_0_0_synth_1/prj/sol/.autopilot/db/v_demosaic.cpp:1072]   --->   Operation 189 'select' 'select_ln710_14' <Predicate = (!icmp_ln633 & icmp_ln643)> <Delay = 0.68> <CoreInst = "Sel">   --->   Core 73 'Sel' <Latency = 0> <II = 1> <Delay = 0.68> <FuncUnit> <Opcode : 'select'> <InPorts = 3> <OutPorts = 1>
ST_4 : Operation 190 [1/1] (1.58ns)   --->   "%store_ln666 = store i10 %p_0_0_0938_21501_ph_i, i10 %p_0_2_0_0_09091531_i" [C:/github/zybo_z7_cam_rpi_v2_5mp_hdmi/zybo_z7_imx219/zybo_z7_imx219.runs/design_1_v_demosaic_0_0_synth_1/prj/sol/.autopilot/db/v_demosaic.cpp:666->C:/github/zybo_z7_cam_rpi_v2_5mp_hdmi/zybo_z7_imx219/zybo_z7_imx219.runs/design_1_v_demosaic_0_0_synth_1/prj/sol/.autopilot/db/v_demosaic.cpp:1072]   --->   Operation 190 'store' 'store_ln666' <Predicate = (!icmp_ln633 & icmp_ln643)> <Delay = 1.58>
ST_4 : Operation 191 [1/1] (1.58ns)   --->   "%store_ln666 = store i10 %p_0_0_0940_21497_ph_i, i10 %p_0_0_0_0_09071527_i" [C:/github/zybo_z7_cam_rpi_v2_5mp_hdmi/zybo_z7_imx219/zybo_z7_imx219.runs/design_1_v_demosaic_0_0_synth_1/prj/sol/.autopilot/db/v_demosaic.cpp:666->C:/github/zybo_z7_cam_rpi_v2_5mp_hdmi/zybo_z7_imx219/zybo_z7_imx219.runs/design_1_v_demosaic_0_0_synth_1/prj/sol/.autopilot/db/v_demosaic.cpp:1072]   --->   Operation 191 'store' 'store_ln666' <Predicate = (!icmp_ln633 & icmp_ln643)> <Delay = 1.58>
ST_4 : Operation 192 [1/1] (1.58ns)   --->   "%store_ln654 = store i10 %tmp_7_i, i10 %p_0_0_0938_115131524_i" [C:/github/zybo_z7_cam_rpi_v2_5mp_hdmi/zybo_z7_imx219/zybo_z7_imx219.runs/design_1_v_demosaic_0_0_synth_1/prj/sol/.autopilot/db/v_demosaic.cpp:654->C:/github/zybo_z7_cam_rpi_v2_5mp_hdmi/zybo_z7_imx219/zybo_z7_imx219.runs/design_1_v_demosaic_0_0_synth_1/prj/sol/.autopilot/db/v_demosaic.cpp:1072]   --->   Operation 192 'store' 'store_ln654' <Predicate = (!icmp_ln633 & icmp_ln643)> <Delay = 1.58>
ST_4 : Operation 193 [1/1] (1.58ns)   --->   "%store_ln654 = store i10 %trunc_ln654, i10 %p_0_0_0940_115091520_i" [C:/github/zybo_z7_cam_rpi_v2_5mp_hdmi/zybo_z7_imx219/zybo_z7_imx219.runs/design_1_v_demosaic_0_0_synth_1/prj/sol/.autopilot/db/v_demosaic.cpp:654->C:/github/zybo_z7_cam_rpi_v2_5mp_hdmi/zybo_z7_imx219/zybo_z7_imx219.runs/design_1_v_demosaic_0_0_synth_1/prj/sol/.autopilot/db/v_demosaic.cpp:1072]   --->   Operation 193 'store' 'store_ln654' <Predicate = (!icmp_ln633 & icmp_ln643)> <Delay = 1.58>
ST_4 : Operation 194 [1/1] (1.58ns)   --->   "%store_ln654 = store i10 %tmp_i, i10 %p_0_2_0_0_09151519_i" [C:/github/zybo_z7_cam_rpi_v2_5mp_hdmi/zybo_z7_imx219/zybo_z7_imx219.runs/design_1_v_demosaic_0_0_synth_1/prj/sol/.autopilot/db/v_demosaic.cpp:654->C:/github/zybo_z7_cam_rpi_v2_5mp_hdmi/zybo_z7_imx219/zybo_z7_imx219.runs/design_1_v_demosaic_0_0_synth_1/prj/sol/.autopilot/db/v_demosaic.cpp:1072]   --->   Operation 194 'store' 'store_ln654' <Predicate = (!icmp_ln633 & icmp_ln643)> <Delay = 1.58>
ST_4 : Operation 195 [1/1] (1.58ns)   --->   "%store_ln654 = store i10 %trunc_ln654_1, i10 %p_0_0_0_0_09131515_i" [C:/github/zybo_z7_cam_rpi_v2_5mp_hdmi/zybo_z7_imx219/zybo_z7_imx219.runs/design_1_v_demosaic_0_0_synth_1/prj/sol/.autopilot/db/v_demosaic.cpp:654->C:/github/zybo_z7_cam_rpi_v2_5mp_hdmi/zybo_z7_imx219/zybo_z7_imx219.runs/design_1_v_demosaic_0_0_synth_1/prj/sol/.autopilot/db/v_demosaic.cpp:1072]   --->   Operation 195 'store' 'store_ln654' <Predicate = (!icmp_ln633 & icmp_ln643)> <Delay = 1.58>
ST_4 : Operation 196 [1/1] (0.00ns)   --->   "%downleft_2 = phi i10 %select_ln710_9, void %VITIS_LOOP_693_11.i, i10 %p_0_0_0938_21452_i_load, void %for.body14.split.i" [C:/github/zybo_z7_cam_rpi_v2_5mp_hdmi/zybo_z7_imx219/zybo_z7_imx219.runs/design_1_v_demosaic_0_0_synth_1/prj/sol/.autopilot/db/v_demosaic.cpp:710->C:/github/zybo_z7_cam_rpi_v2_5mp_hdmi/zybo_z7_imx219/zybo_z7_imx219.runs/design_1_v_demosaic_0_0_synth_1/prj/sol/.autopilot/db/v_demosaic.cpp:1072]   --->   Operation 196 'phi' 'downleft_2' <Predicate = (!icmp_ln633 & red)> <Delay = 0.00>
ST_4 : Operation 197 [1/1] (0.00ns)   --->   "%downleft = phi i10 %select_ln710_11, void %VITIS_LOOP_693_11.i, i10 %p_0_0_0940_21446_i_load, void %for.body14.split.i" [C:/github/zybo_z7_cam_rpi_v2_5mp_hdmi/zybo_z7_imx219/zybo_z7_imx219.runs/design_1_v_demosaic_0_0_synth_1/prj/sol/.autopilot/db/v_demosaic.cpp:710->C:/github/zybo_z7_cam_rpi_v2_5mp_hdmi/zybo_z7_imx219/zybo_z7_imx219.runs/design_1_v_demosaic_0_0_synth_1/prj/sol/.autopilot/db/v_demosaic.cpp:1072]   --->   Operation 197 'phi' 'downleft' <Predicate = (!icmp_ln633 & !red)> <Delay = 0.00>
ST_4 : Operation 198 [1/1] (0.00ns)   --->   "%p_0_0_0938_21453_i = phi i10 %select_ln710_12, void %VITIS_LOOP_693_11.i, i10 %p_0_2_0_0_09091531_i_load, void %for.body14.split.i" [C:/github/zybo_z7_cam_rpi_v2_5mp_hdmi/zybo_z7_imx219/zybo_z7_imx219.runs/design_1_v_demosaic_0_0_synth_1/prj/sol/.autopilot/db/v_demosaic.cpp:710->C:/github/zybo_z7_cam_rpi_v2_5mp_hdmi/zybo_z7_imx219/zybo_z7_imx219.runs/design_1_v_demosaic_0_0_synth_1/prj/sol/.autopilot/db/v_demosaic.cpp:1072]   --->   Operation 198 'phi' 'p_0_0_0938_21453_i' <Predicate = (!icmp_ln633)> <Delay = 0.00>
ST_4 : Operation 199 [1/1] (0.00ns)   --->   "%p_0_0_0940_21447_i = phi i10 %select_ln710_14, void %VITIS_LOOP_693_11.i, i10 %p_0_0_0_0_09071527_i_load, void %for.body14.split.i" [C:/github/zybo_z7_cam_rpi_v2_5mp_hdmi/zybo_z7_imx219/zybo_z7_imx219.runs/design_1_v_demosaic_0_0_synth_1/prj/sol/.autopilot/db/v_demosaic.cpp:710->C:/github/zybo_z7_cam_rpi_v2_5mp_hdmi/zybo_z7_imx219/zybo_z7_imx219.runs/design_1_v_demosaic_0_0_synth_1/prj/sol/.autopilot/db/v_demosaic.cpp:1072]   --->   Operation 199 'phi' 'p_0_0_0940_21447_i' <Predicate = (!icmp_ln633)> <Delay = 0.00>
ST_4 : Operation 200 [1/1] (0.00ns)   --->   "%upleft_2 = phi i10 %select_ln710_3, void %VITIS_LOOP_693_11.i, i10 %p_0_0_09381422_i_load, void %for.body14.split.i" [C:/github/zybo_z7_cam_rpi_v2_5mp_hdmi/zybo_z7_imx219/zybo_z7_imx219.runs/design_1_v_demosaic_0_0_synth_1/prj/sol/.autopilot/db/v_demosaic.cpp:710->C:/github/zybo_z7_cam_rpi_v2_5mp_hdmi/zybo_z7_imx219/zybo_z7_imx219.runs/design_1_v_demosaic_0_0_synth_1/prj/sol/.autopilot/db/v_demosaic.cpp:1072]   --->   Operation 200 'phi' 'upleft_2' <Predicate = (!icmp_ln633 & red)> <Delay = 0.00>
ST_4 : Operation 201 [1/1] (0.00ns)   --->   "%upleft = phi i10 %select_ln710_5, void %VITIS_LOOP_693_11.i, i10 %p_0_0_09401416_i_load, void %for.body14.split.i" [C:/github/zybo_z7_cam_rpi_v2_5mp_hdmi/zybo_z7_imx219/zybo_z7_imx219.runs/design_1_v_demosaic_0_0_synth_1/prj/sol/.autopilot/db/v_demosaic.cpp:710->C:/github/zybo_z7_cam_rpi_v2_5mp_hdmi/zybo_z7_imx219/zybo_z7_imx219.runs/design_1_v_demosaic_0_0_synth_1/prj/sol/.autopilot/db/v_demosaic.cpp:1072]   --->   Operation 201 'phi' 'upleft' <Predicate = (!icmp_ln633 & !red)> <Delay = 0.00>
ST_4 : Operation 202 [1/1] (0.00ns)   --->   "%p_0_0_09381423_i = phi i10 %select_ln710_6, void %VITIS_LOOP_693_11.i, i10 %p_0_2_0_0_09151519_i_load, void %for.body14.split.i" [C:/github/zybo_z7_cam_rpi_v2_5mp_hdmi/zybo_z7_imx219/zybo_z7_imx219.runs/design_1_v_demosaic_0_0_synth_1/prj/sol/.autopilot/db/v_demosaic.cpp:710->C:/github/zybo_z7_cam_rpi_v2_5mp_hdmi/zybo_z7_imx219/zybo_z7_imx219.runs/design_1_v_demosaic_0_0_synth_1/prj/sol/.autopilot/db/v_demosaic.cpp:1072]   --->   Operation 202 'phi' 'p_0_0_09381423_i' <Predicate = (!icmp_ln633)> <Delay = 0.00>
ST_4 : Operation 203 [1/1] (0.00ns)   --->   "%p_0_0_09401417_i = phi i10 %select_ln710_8, void %VITIS_LOOP_693_11.i, i10 %p_0_0_0_0_09131515_i_load, void %for.body14.split.i" [C:/github/zybo_z7_cam_rpi_v2_5mp_hdmi/zybo_z7_imx219/zybo_z7_imx219.runs/design_1_v_demosaic_0_0_synth_1/prj/sol/.autopilot/db/v_demosaic.cpp:710->C:/github/zybo_z7_cam_rpi_v2_5mp_hdmi/zybo_z7_imx219/zybo_z7_imx219.runs/design_1_v_demosaic_0_0_synth_1/prj/sol/.autopilot/db/v_demosaic.cpp:1072]   --->   Operation 203 'phi' 'p_0_0_09401417_i' <Predicate = (!icmp_ln633)> <Delay = 0.00>
ST_4 : Operation 204 [1/1] (1.73ns)   --->   "%enable = icmp_ult  i10 %agdiff, i10 %agdiff_1" [C:/github/zybo_z7_cam_rpi_v2_5mp_hdmi/zybo_z7_imx219/zybo_z7_imx219.runs/design_1_v_demosaic_0_0_synth_1/prj/sol/.autopilot/db/v_demosaic.cpp:795->C:/github/zybo_z7_cam_rpi_v2_5mp_hdmi/zybo_z7_imx219/zybo_z7_imx219.runs/design_1_v_demosaic_0_0_synth_1/prj/sol/.autopilot/db/v_demosaic.cpp:1072]   --->   Operation 204 'icmp' 'enable' <Predicate = (!icmp_ln633 & icmp_ln772)> <Delay = 1.73> <CoreInst = "Cmp">   --->   Core 9 'Cmp' <Latency = 0> <II = 1> <Delay = 1.73> <FuncUnit> <Opcode : 'seteq' 'setne' 'setle' 'setge' 'setlt' 'setgt'> <InPorts = 2> <OutPorts = 1>
ST_4 : Operation 205 [1/1] (0.00ns)   --->   "%zext_ln769 = zext i1 %enable" [C:/github/zybo_z7_cam_rpi_v2_5mp_hdmi/zybo_z7_imx219/zybo_z7_imx219.runs/design_1_v_demosaic_0_0_synth_1/prj/sol/.autopilot/db/v_demosaic.cpp:769->C:/github/zybo_z7_cam_rpi_v2_5mp_hdmi/zybo_z7_imx219/zybo_z7_imx219.runs/design_1_v_demosaic_0_0_synth_1/prj/sol/.autopilot/db/v_demosaic.cpp:1072]   --->   Operation 205 'zext' 'zext_ln769' <Predicate = (!icmp_ln633 & icmp_ln772)> <Delay = 0.00>
ST_4 : Operation 206 [1/1] (1.73ns)   --->   "%icmp_ln796 = icmp_ult  i10 %agdiff, i10 %agdiff_2" [C:/github/zybo_z7_cam_rpi_v2_5mp_hdmi/zybo_z7_imx219/zybo_z7_imx219.runs/design_1_v_demosaic_0_0_synth_1/prj/sol/.autopilot/db/v_demosaic.cpp:796->C:/github/zybo_z7_cam_rpi_v2_5mp_hdmi/zybo_z7_imx219/zybo_z7_imx219.runs/design_1_v_demosaic_0_0_synth_1/prj/sol/.autopilot/db/v_demosaic.cpp:1072]   --->   Operation 206 'icmp' 'icmp_ln796' <Predicate = (!icmp_ln633 & icmp_ln772)> <Delay = 1.73> <CoreInst = "Cmp">   --->   Core 9 'Cmp' <Latency = 0> <II = 1> <Delay = 1.73> <FuncUnit> <Opcode : 'seteq' 'setne' 'setle' 'setge' 'setlt' 'setgt'> <InPorts = 2> <OutPorts = 1>
ST_4 : Operation 207 [1/1] (0.00ns)   --->   "%or_ln = bitconcatenate i2 @_ssdm_op_BitConcatenate.i2.i1.i1, i1 1, i1 %enable" [C:/github/zybo_z7_cam_rpi_v2_5mp_hdmi/zybo_z7_imx219/zybo_z7_imx219.runs/design_1_v_demosaic_0_0_synth_1/prj/sol/.autopilot/db/v_demosaic.cpp:796->C:/github/zybo_z7_cam_rpi_v2_5mp_hdmi/zybo_z7_imx219/zybo_z7_imx219.runs/design_1_v_demosaic_0_0_synth_1/prj/sol/.autopilot/db/v_demosaic.cpp:1072]   --->   Operation 207 'bitconcatenate' 'or_ln' <Predicate = (!icmp_ln633 & icmp_ln772)> <Delay = 0.00>
ST_4 : Operation 208 [1/1] (0.99ns)   --->   "%enable_1 = select i1 %icmp_ln796, i2 %or_ln, i2 %zext_ln769" [C:/github/zybo_z7_cam_rpi_v2_5mp_hdmi/zybo_z7_imx219/zybo_z7_imx219.runs/design_1_v_demosaic_0_0_synth_1/prj/sol/.autopilot/db/v_demosaic.cpp:796->C:/github/zybo_z7_cam_rpi_v2_5mp_hdmi/zybo_z7_imx219/zybo_z7_imx219.runs/design_1_v_demosaic_0_0_synth_1/prj/sol/.autopilot/db/v_demosaic.cpp:1072]   --->   Operation 208 'select' 'enable_1' <Predicate = (!icmp_ln633 & icmp_ln772)> <Delay = 0.99> <CoreInst = "Sel">   --->   Core 73 'Sel' <Latency = 0> <II = 1> <Delay = 0.99> <FuncUnit> <Opcode : 'select'> <InPorts = 3> <OutPorts = 1>
ST_4 : Operation 209 [1/1] (0.00ns)   --->   "%zext_ln769_1 = zext i2 %enable_1" [C:/github/zybo_z7_cam_rpi_v2_5mp_hdmi/zybo_z7_imx219/zybo_z7_imx219.runs/design_1_v_demosaic_0_0_synth_1/prj/sol/.autopilot/db/v_demosaic.cpp:769->C:/github/zybo_z7_cam_rpi_v2_5mp_hdmi/zybo_z7_imx219/zybo_z7_imx219.runs/design_1_v_demosaic_0_0_synth_1/prj/sol/.autopilot/db/v_demosaic.cpp:1072]   --->   Operation 209 'zext' 'zext_ln769_1' <Predicate = (!icmp_ln633 & icmp_ln772)> <Delay = 0.00>
ST_4 : Operation 210 [1/1] (1.73ns)   --->   "%icmp_ln797 = icmp_ult  i10 %agdiff, i10 %agdiff_3" [C:/github/zybo_z7_cam_rpi_v2_5mp_hdmi/zybo_z7_imx219/zybo_z7_imx219.runs/design_1_v_demosaic_0_0_synth_1/prj/sol/.autopilot/db/v_demosaic.cpp:797->C:/github/zybo_z7_cam_rpi_v2_5mp_hdmi/zybo_z7_imx219/zybo_z7_imx219.runs/design_1_v_demosaic_0_0_synth_1/prj/sol/.autopilot/db/v_demosaic.cpp:1072]   --->   Operation 210 'icmp' 'icmp_ln797' <Predicate = (!icmp_ln633 & icmp_ln772)> <Delay = 1.73> <CoreInst = "Cmp">   --->   Core 9 'Cmp' <Latency = 0> <II = 1> <Delay = 1.73> <FuncUnit> <Opcode : 'seteq' 'setne' 'setle' 'setge' 'setlt' 'setgt'> <InPorts = 2> <OutPorts = 1>
ST_4 : Operation 211 [1/1] (0.00ns)   --->   "%enable_2 = bitconcatenate i3 @_ssdm_op_BitConcatenate.i3.i1.i2, i1 1, i2 %enable_1" [C:/github/zybo_z7_cam_rpi_v2_5mp_hdmi/zybo_z7_imx219/zybo_z7_imx219.runs/design_1_v_demosaic_0_0_synth_1/prj/sol/.autopilot/db/v_demosaic.cpp:797->C:/github/zybo_z7_cam_rpi_v2_5mp_hdmi/zybo_z7_imx219/zybo_z7_imx219.runs/design_1_v_demosaic_0_0_synth_1/prj/sol/.autopilot/db/v_demosaic.cpp:1072]   --->   Operation 211 'bitconcatenate' 'enable_2' <Predicate = (!icmp_ln633 & icmp_ln772)> <Delay = 0.00>
ST_4 : Operation 212 [1/1] (0.98ns)   --->   "%enable_3 = select i1 %icmp_ln797, i3 %enable_2, i3 %zext_ln769_1" [C:/github/zybo_z7_cam_rpi_v2_5mp_hdmi/zybo_z7_imx219/zybo_z7_imx219.runs/design_1_v_demosaic_0_0_synth_1/prj/sol/.autopilot/db/v_demosaic.cpp:797->C:/github/zybo_z7_cam_rpi_v2_5mp_hdmi/zybo_z7_imx219/zybo_z7_imx219.runs/design_1_v_demosaic_0_0_synth_1/prj/sol/.autopilot/db/v_demosaic.cpp:1072]   --->   Operation 212 'select' 'enable_3' <Predicate = (!icmp_ln633 & icmp_ln772)> <Delay = 0.98> <CoreInst = "Sel">   --->   Core 73 'Sel' <Latency = 0> <II = 1> <Delay = 0.98> <FuncUnit> <Opcode : 'select'> <InPorts = 3> <OutPorts = 1>
ST_4 : Operation 213 [1/1] (0.00ns)   --->   "%zext_ln769_2 = zext i3 %enable_3" [C:/github/zybo_z7_cam_rpi_v2_5mp_hdmi/zybo_z7_imx219/zybo_z7_imx219.runs/design_1_v_demosaic_0_0_synth_1/prj/sol/.autopilot/db/v_demosaic.cpp:769->C:/github/zybo_z7_cam_rpi_v2_5mp_hdmi/zybo_z7_imx219/zybo_z7_imx219.runs/design_1_v_demosaic_0_0_synth_1/prj/sol/.autopilot/db/v_demosaic.cpp:1072]   --->   Operation 213 'zext' 'zext_ln769_2' <Predicate = (!icmp_ln633 & icmp_ln772)> <Delay = 0.00>
ST_4 : Operation 214 [1/1] (1.73ns)   --->   "%icmp_ln798 = icmp_ult  i10 %agdiff_1, i10 %agdiff_2" [C:/github/zybo_z7_cam_rpi_v2_5mp_hdmi/zybo_z7_imx219/zybo_z7_imx219.runs/design_1_v_demosaic_0_0_synth_1/prj/sol/.autopilot/db/v_demosaic.cpp:798->C:/github/zybo_z7_cam_rpi_v2_5mp_hdmi/zybo_z7_imx219/zybo_z7_imx219.runs/design_1_v_demosaic_0_0_synth_1/prj/sol/.autopilot/db/v_demosaic.cpp:1072]   --->   Operation 214 'icmp' 'icmp_ln798' <Predicate = (!icmp_ln633 & icmp_ln772)> <Delay = 1.73> <CoreInst = "Cmp">   --->   Core 9 'Cmp' <Latency = 0> <II = 1> <Delay = 1.73> <FuncUnit> <Opcode : 'seteq' 'setne' 'setle' 'setge' 'setlt' 'setgt'> <InPorts = 2> <OutPorts = 1>
ST_4 : Operation 215 [1/1] (0.00ns)   --->   "%or_ln1 = bitconcatenate i4 @_ssdm_op_BitConcatenate.i4.i1.i3, i1 1, i3 %enable_3" [C:/github/zybo_z7_cam_rpi_v2_5mp_hdmi/zybo_z7_imx219/zybo_z7_imx219.runs/design_1_v_demosaic_0_0_synth_1/prj/sol/.autopilot/db/v_demosaic.cpp:798->C:/github/zybo_z7_cam_rpi_v2_5mp_hdmi/zybo_z7_imx219/zybo_z7_imx219.runs/design_1_v_demosaic_0_0_synth_1/prj/sol/.autopilot/db/v_demosaic.cpp:1072]   --->   Operation 215 'bitconcatenate' 'or_ln1' <Predicate = (!icmp_ln633 & icmp_ln772)> <Delay = 0.00>
ST_4 : Operation 216 [1/1] (1.02ns)   --->   "%enable_4 = select i1 %icmp_ln798, i4 %or_ln1, i4 %zext_ln769_2" [C:/github/zybo_z7_cam_rpi_v2_5mp_hdmi/zybo_z7_imx219/zybo_z7_imx219.runs/design_1_v_demosaic_0_0_synth_1/prj/sol/.autopilot/db/v_demosaic.cpp:798->C:/github/zybo_z7_cam_rpi_v2_5mp_hdmi/zybo_z7_imx219/zybo_z7_imx219.runs/design_1_v_demosaic_0_0_synth_1/prj/sol/.autopilot/db/v_demosaic.cpp:1072]   --->   Operation 216 'select' 'enable_4' <Predicate = (!icmp_ln633 & icmp_ln772)> <Delay = 1.02> <CoreInst = "Sel">   --->   Core 73 'Sel' <Latency = 0> <II = 1> <Delay = 1.02> <FuncUnit> <Opcode : 'select'> <InPorts = 3> <OutPorts = 1>
ST_4 : Operation 217 [1/1] (0.00ns)   --->   "%zext_ln769_3 = zext i4 %enable_4" [C:/github/zybo_z7_cam_rpi_v2_5mp_hdmi/zybo_z7_imx219/zybo_z7_imx219.runs/design_1_v_demosaic_0_0_synth_1/prj/sol/.autopilot/db/v_demosaic.cpp:769->C:/github/zybo_z7_cam_rpi_v2_5mp_hdmi/zybo_z7_imx219/zybo_z7_imx219.runs/design_1_v_demosaic_0_0_synth_1/prj/sol/.autopilot/db/v_demosaic.cpp:1072]   --->   Operation 217 'zext' 'zext_ln769_3' <Predicate = (!icmp_ln633 & icmp_ln772)> <Delay = 0.00>
ST_4 : Operation 218 [1/1] (1.73ns)   --->   "%icmp_ln799 = icmp_ult  i10 %agdiff_1, i10 %agdiff_3" [C:/github/zybo_z7_cam_rpi_v2_5mp_hdmi/zybo_z7_imx219/zybo_z7_imx219.runs/design_1_v_demosaic_0_0_synth_1/prj/sol/.autopilot/db/v_demosaic.cpp:799->C:/github/zybo_z7_cam_rpi_v2_5mp_hdmi/zybo_z7_imx219/zybo_z7_imx219.runs/design_1_v_demosaic_0_0_synth_1/prj/sol/.autopilot/db/v_demosaic.cpp:1072]   --->   Operation 218 'icmp' 'icmp_ln799' <Predicate = (!icmp_ln633 & icmp_ln772)> <Delay = 1.73> <CoreInst = "Cmp">   --->   Core 9 'Cmp' <Latency = 0> <II = 1> <Delay = 1.73> <FuncUnit> <Opcode : 'seteq' 'setne' 'setle' 'setge' 'setlt' 'setgt'> <InPorts = 2> <OutPorts = 1>
ST_4 : Operation 219 [1/1] (0.00ns)   --->   "%enable_5 = bitconcatenate i5 @_ssdm_op_BitConcatenate.i5.i1.i4, i1 1, i4 %enable_4" [C:/github/zybo_z7_cam_rpi_v2_5mp_hdmi/zybo_z7_imx219/zybo_z7_imx219.runs/design_1_v_demosaic_0_0_synth_1/prj/sol/.autopilot/db/v_demosaic.cpp:799->C:/github/zybo_z7_cam_rpi_v2_5mp_hdmi/zybo_z7_imx219/zybo_z7_imx219.runs/design_1_v_demosaic_0_0_synth_1/prj/sol/.autopilot/db/v_demosaic.cpp:1072]   --->   Operation 219 'bitconcatenate' 'enable_5' <Predicate = (!icmp_ln633 & icmp_ln772)> <Delay = 0.00>
ST_4 : Operation 220 [1/1] (1.21ns)   --->   "%enable_6 = select i1 %icmp_ln799, i5 %enable_5, i5 %zext_ln769_3" [C:/github/zybo_z7_cam_rpi_v2_5mp_hdmi/zybo_z7_imx219/zybo_z7_imx219.runs/design_1_v_demosaic_0_0_synth_1/prj/sol/.autopilot/db/v_demosaic.cpp:799->C:/github/zybo_z7_cam_rpi_v2_5mp_hdmi/zybo_z7_imx219/zybo_z7_imx219.runs/design_1_v_demosaic_0_0_synth_1/prj/sol/.autopilot/db/v_demosaic.cpp:1072]   --->   Operation 220 'select' 'enable_6' <Predicate = (!icmp_ln633 & icmp_ln772)> <Delay = 1.21> <CoreInst = "Sel">   --->   Core 73 'Sel' <Latency = 0> <II = 1> <Delay = 1.21> <FuncUnit> <Opcode : 'select'> <InPorts = 3> <OutPorts = 1>
ST_4 : Operation 221 [1/1] (0.00ns)   --->   "%zext_ln769_4 = zext i5 %enable_6" [C:/github/zybo_z7_cam_rpi_v2_5mp_hdmi/zybo_z7_imx219/zybo_z7_imx219.runs/design_1_v_demosaic_0_0_synth_1/prj/sol/.autopilot/db/v_demosaic.cpp:769->C:/github/zybo_z7_cam_rpi_v2_5mp_hdmi/zybo_z7_imx219/zybo_z7_imx219.runs/design_1_v_demosaic_0_0_synth_1/prj/sol/.autopilot/db/v_demosaic.cpp:1072]   --->   Operation 221 'zext' 'zext_ln769_4' <Predicate = (!icmp_ln633 & icmp_ln772)> <Delay = 0.00>
ST_4 : Operation 222 [1/1] (1.73ns)   --->   "%icmp_ln800 = icmp_ult  i10 %agdiff_2, i10 %agdiff_3" [C:/github/zybo_z7_cam_rpi_v2_5mp_hdmi/zybo_z7_imx219/zybo_z7_imx219.runs/design_1_v_demosaic_0_0_synth_1/prj/sol/.autopilot/db/v_demosaic.cpp:800->C:/github/zybo_z7_cam_rpi_v2_5mp_hdmi/zybo_z7_imx219/zybo_z7_imx219.runs/design_1_v_demosaic_0_0_synth_1/prj/sol/.autopilot/db/v_demosaic.cpp:1072]   --->   Operation 222 'icmp' 'icmp_ln800' <Predicate = (!icmp_ln633 & icmp_ln772)> <Delay = 1.73> <CoreInst = "Cmp">   --->   Core 9 'Cmp' <Latency = 0> <II = 1> <Delay = 1.73> <FuncUnit> <Opcode : 'seteq' 'setne' 'setle' 'setge' 'setlt' 'setgt'> <InPorts = 2> <OutPorts = 1>
ST_4 : Operation 223 [1/1] (0.00ns)   --->   "%or_ln2 = bitconcatenate i6 @_ssdm_op_BitConcatenate.i6.i1.i5, i1 1, i5 %enable_6" [C:/github/zybo_z7_cam_rpi_v2_5mp_hdmi/zybo_z7_imx219/zybo_z7_imx219.runs/design_1_v_demosaic_0_0_synth_1/prj/sol/.autopilot/db/v_demosaic.cpp:800->C:/github/zybo_z7_cam_rpi_v2_5mp_hdmi/zybo_z7_imx219/zybo_z7_imx219.runs/design_1_v_demosaic_0_0_synth_1/prj/sol/.autopilot/db/v_demosaic.cpp:1072]   --->   Operation 223 'bitconcatenate' 'or_ln2' <Predicate = (!icmp_ln633 & icmp_ln772)> <Delay = 0.00>
ST_4 : Operation 224 [1/1] (1.18ns)   --->   "%enable_7 = select i1 %icmp_ln800, i6 %or_ln2, i6 %zext_ln769_4" [C:/github/zybo_z7_cam_rpi_v2_5mp_hdmi/zybo_z7_imx219/zybo_z7_imx219.runs/design_1_v_demosaic_0_0_synth_1/prj/sol/.autopilot/db/v_demosaic.cpp:800->C:/github/zybo_z7_cam_rpi_v2_5mp_hdmi/zybo_z7_imx219/zybo_z7_imx219.runs/design_1_v_demosaic_0_0_synth_1/prj/sol/.autopilot/db/v_demosaic.cpp:1072]   --->   Operation 224 'select' 'enable_7' <Predicate = (!icmp_ln633 & icmp_ln772)> <Delay = 1.18> <CoreInst = "Sel">   --->   Core 73 'Sel' <Latency = 0> <II = 1> <Delay = 1.18> <FuncUnit> <Opcode : 'select'> <InPorts = 3> <OutPorts = 1>
ST_4 : Operation 225 [1/1] (0.00ns) (grouped into LUT with out node sub_ln817)   --->   "%select_ln817 = select i1 %red, i10 %upleft_2, i10 %upleft" [C:/github/zybo_z7_cam_rpi_v2_5mp_hdmi/zybo_z7_imx219/zybo_z7_imx219.runs/design_1_v_demosaic_0_0_synth_1/prj/sol/.autopilot/db/v_demosaic.cpp:817->C:/github/zybo_z7_cam_rpi_v2_5mp_hdmi/zybo_z7_imx219/zybo_z7_imx219.runs/design_1_v_demosaic_0_0_synth_1/prj/sol/.autopilot/db/v_demosaic.cpp:1072]   --->   Operation 225 'select' 'select_ln817' <Predicate = (!icmp_ln633 & icmp_ln772)> <Delay = 0.00> <CoreInst = "Sel">   --->   Core 73 'Sel' <Latency = 0> <II = 1> <Delay = 0.68> <FuncUnit> <Opcode : 'select'> <InPorts = 3> <OutPorts = 1>
ST_4 : Operation 226 [1/1] (0.00ns) (grouped into LUT with out node sub_ln817)   --->   "%zext_ln817 = zext i10 %select_ln817" [C:/github/zybo_z7_cam_rpi_v2_5mp_hdmi/zybo_z7_imx219/zybo_z7_imx219.runs/design_1_v_demosaic_0_0_synth_1/prj/sol/.autopilot/db/v_demosaic.cpp:817->C:/github/zybo_z7_cam_rpi_v2_5mp_hdmi/zybo_z7_imx219/zybo_z7_imx219.runs/design_1_v_demosaic_0_0_synth_1/prj/sol/.autopilot/db/v_demosaic.cpp:1072]   --->   Operation 226 'zext' 'zext_ln817' <Predicate = (!icmp_ln633 & icmp_ln772)> <Delay = 0.00>
ST_4 : Operation 227 [1/1] (1.73ns) (out node of the LUT)   --->   "%sub_ln817 = sub i11 %zext_ln790_1, i11 %zext_ln817" [C:/github/zybo_z7_cam_rpi_v2_5mp_hdmi/zybo_z7_imx219/zybo_z7_imx219.runs/design_1_v_demosaic_0_0_synth_1/prj/sol/.autopilot/db/v_demosaic.cpp:817->C:/github/zybo_z7_cam_rpi_v2_5mp_hdmi/zybo_z7_imx219/zybo_z7_imx219.runs/design_1_v_demosaic_0_0_synth_1/prj/sol/.autopilot/db/v_demosaic.cpp:1072]   --->   Operation 227 'sub' 'sub_ln817' <Predicate = (!icmp_ln633 & icmp_ln772)> <Delay = 1.73> <CoreInst = "Adder">   --->   Core 1 'Adder' <Latency = 0> <II = 1> <Delay = 1.73> <FuncUnit> <Opcode : 'add' 'sub'> <InPorts = 2> <OutPorts = 1>
ST_4 : Operation 228 [1/1] (0.00ns) (grouped into LUT with out node sub_ln818)   --->   "%select_ln818 = select i1 %red, i10 %downleft_2, i10 %downleft" [C:/github/zybo_z7_cam_rpi_v2_5mp_hdmi/zybo_z7_imx219/zybo_z7_imx219.runs/design_1_v_demosaic_0_0_synth_1/prj/sol/.autopilot/db/v_demosaic.cpp:818->C:/github/zybo_z7_cam_rpi_v2_5mp_hdmi/zybo_z7_imx219/zybo_z7_imx219.runs/design_1_v_demosaic_0_0_synth_1/prj/sol/.autopilot/db/v_demosaic.cpp:1072]   --->   Operation 228 'select' 'select_ln818' <Predicate = (!icmp_ln633 & icmp_ln772)> <Delay = 0.00> <CoreInst = "Sel">   --->   Core 73 'Sel' <Latency = 0> <II = 1> <Delay = 0.68> <FuncUnit> <Opcode : 'select'> <InPorts = 3> <OutPorts = 1>
ST_4 : Operation 229 [1/1] (0.00ns) (grouped into LUT with out node sub_ln818)   --->   "%zext_ln818 = zext i10 %select_ln818" [C:/github/zybo_z7_cam_rpi_v2_5mp_hdmi/zybo_z7_imx219/zybo_z7_imx219.runs/design_1_v_demosaic_0_0_synth_1/prj/sol/.autopilot/db/v_demosaic.cpp:818->C:/github/zybo_z7_cam_rpi_v2_5mp_hdmi/zybo_z7_imx219/zybo_z7_imx219.runs/design_1_v_demosaic_0_0_synth_1/prj/sol/.autopilot/db/v_demosaic.cpp:1072]   --->   Operation 229 'zext' 'zext_ln818' <Predicate = (!icmp_ln633 & icmp_ln772)> <Delay = 0.00>
ST_4 : Operation 230 [1/1] (1.73ns) (out node of the LUT)   --->   "%sub_ln818 = sub i11 %zext_ln791, i11 %zext_ln818" [C:/github/zybo_z7_cam_rpi_v2_5mp_hdmi/zybo_z7_imx219/zybo_z7_imx219.runs/design_1_v_demosaic_0_0_synth_1/prj/sol/.autopilot/db/v_demosaic.cpp:818->C:/github/zybo_z7_cam_rpi_v2_5mp_hdmi/zybo_z7_imx219/zybo_z7_imx219.runs/design_1_v_demosaic_0_0_synth_1/prj/sol/.autopilot/db/v_demosaic.cpp:1072]   --->   Operation 230 'sub' 'sub_ln818' <Predicate = (!icmp_ln633 & icmp_ln772)> <Delay = 1.73> <CoreInst = "Adder">   --->   Core 1 'Adder' <Latency = 0> <II = 1> <Delay = 1.73> <FuncUnit> <Opcode : 'add' 'sub'> <InPorts = 2> <OutPorts = 1>
ST_4 : Operation 231 [1/1] (1.58ns)   --->   "%store_ln710 = store i10 %p_0_0_0938_21453_i, i10 %p_0_0_0938_21452_i" [C:/github/zybo_z7_cam_rpi_v2_5mp_hdmi/zybo_z7_imx219/zybo_z7_imx219.runs/design_1_v_demosaic_0_0_synth_1/prj/sol/.autopilot/db/v_demosaic.cpp:710->C:/github/zybo_z7_cam_rpi_v2_5mp_hdmi/zybo_z7_imx219/zybo_z7_imx219.runs/design_1_v_demosaic_0_0_synth_1/prj/sol/.autopilot/db/v_demosaic.cpp:1072]   --->   Operation 231 'store' 'store_ln710' <Predicate = (!icmp_ln633)> <Delay = 1.58>
ST_4 : Operation 232 [1/1] (1.58ns)   --->   "%store_ln710 = store i10 %p_0_0_0940_21447_i, i10 %p_0_0_0940_21446_i" [C:/github/zybo_z7_cam_rpi_v2_5mp_hdmi/zybo_z7_imx219/zybo_z7_imx219.runs/design_1_v_demosaic_0_0_synth_1/prj/sol/.autopilot/db/v_demosaic.cpp:710->C:/github/zybo_z7_cam_rpi_v2_5mp_hdmi/zybo_z7_imx219/zybo_z7_imx219.runs/design_1_v_demosaic_0_0_synth_1/prj/sol/.autopilot/db/v_demosaic.cpp:1072]   --->   Operation 232 'store' 'store_ln710' <Predicate = (!icmp_ln633)> <Delay = 1.58>
ST_4 : Operation 233 [1/1] (1.58ns)   --->   "%store_ln710 = store i10 %p_0_0_09381423_i, i10 %p_0_0_09381422_i" [C:/github/zybo_z7_cam_rpi_v2_5mp_hdmi/zybo_z7_imx219/zybo_z7_imx219.runs/design_1_v_demosaic_0_0_synth_1/prj/sol/.autopilot/db/v_demosaic.cpp:710->C:/github/zybo_z7_cam_rpi_v2_5mp_hdmi/zybo_z7_imx219/zybo_z7_imx219.runs/design_1_v_demosaic_0_0_synth_1/prj/sol/.autopilot/db/v_demosaic.cpp:1072]   --->   Operation 233 'store' 'store_ln710' <Predicate = (!icmp_ln633)> <Delay = 1.58>
ST_4 : Operation 234 [1/1] (1.58ns)   --->   "%store_ln710 = store i10 %p_0_0_09401417_i, i10 %p_0_0_09401416_i" [C:/github/zybo_z7_cam_rpi_v2_5mp_hdmi/zybo_z7_imx219/zybo_z7_imx219.runs/design_1_v_demosaic_0_0_synth_1/prj/sol/.autopilot/db/v_demosaic.cpp:710->C:/github/zybo_z7_cam_rpi_v2_5mp_hdmi/zybo_z7_imx219/zybo_z7_imx219.runs/design_1_v_demosaic_0_0_synth_1/prj/sol/.autopilot/db/v_demosaic.cpp:1072]   --->   Operation 234 'store' 'store_ln710' <Predicate = (!icmp_ln633)> <Delay = 1.58>
ST_4 : Operation 235 [1/1] (0.00ns)   --->   "%br_ln633 = br void %for.body14.i" [C:/github/zybo_z7_cam_rpi_v2_5mp_hdmi/zybo_z7_imx219/zybo_z7_imx219.runs/design_1_v_demosaic_0_0_synth_1/prj/sol/.autopilot/db/v_demosaic.cpp:633->C:/github/zybo_z7_cam_rpi_v2_5mp_hdmi/zybo_z7_imx219/zybo_z7_imx219.runs/design_1_v_demosaic_0_0_synth_1/prj/sol/.autopilot/db/v_demosaic.cpp:1072]   --->   Operation 235 'br' 'br_ln633' <Predicate = (!icmp_ln633)> <Delay = 0.00>

State 5 <SV = 4> <Delay = 6.59>
ST_5 : Operation 236 [1/1] (0.00ns)   --->   "%pix_4 = phi i10 %select_ln710_2, void %VITIS_LOOP_693_11.i, i10 %p_0_0_0938_115131524_i_load, void %for.body14.split.i" [C:/github/zybo_z7_cam_rpi_v2_5mp_hdmi/zybo_z7_imx219/zybo_z7_imx219.runs/design_1_v_demosaic_0_0_synth_1/prj/sol/.autopilot/db/v_demosaic.cpp:710->C:/github/zybo_z7_cam_rpi_v2_5mp_hdmi/zybo_z7_imx219/zybo_z7_imx219.runs/design_1_v_demosaic_0_0_synth_1/prj/sol/.autopilot/db/v_demosaic.cpp:1072]   --->   Operation 236 'phi' 'pix_4' <Predicate = (!icmp_ln633)> <Delay = 0.00>
ST_5 : Operation 237 [1/1] (0.00ns)   --->   "%pix = phi i10 %select_ln710, void %VITIS_LOOP_693_11.i, i10 %p_0_0_0940_115091520_i_load, void %for.body14.split.i" [C:/github/zybo_z7_cam_rpi_v2_5mp_hdmi/zybo_z7_imx219/zybo_z7_imx219.runs/design_1_v_demosaic_0_0_synth_1/prj/sol/.autopilot/db/v_demosaic.cpp:710->C:/github/zybo_z7_cam_rpi_v2_5mp_hdmi/zybo_z7_imx219/zybo_z7_imx219.runs/design_1_v_demosaic_0_0_synth_1/prj/sol/.autopilot/db/v_demosaic.cpp:1072]   --->   Operation 237 'phi' 'pix' <Predicate = (!icmp_ln633)> <Delay = 0.00>
ST_5 : Operation 238 [1/1] (1.82ns)   --->   "%switch_ln802 = switch i6 %enable_7, void %sw.epilog.i, i6 30, void %sw.bb.i, i6 31, void %sw.bb.i, i6 62, void %sw.bb.i, i6 63, void %sw.bb.i, i6 37, void %sw.bb421.i, i6 39, void %sw.bb421.i, i6 53, void %sw.bb421.i, i6 55, void %sw.bb421.i, i6 3, void %sw.bb430.i, i6 7, void %sw.bb430.i, i6 11, void %sw.bb430.i, i6 15, void %sw.bb430.i, i6 48, void %sw.bb439.i, i6 52, void %sw.bb439.i, i6 56, void %sw.bb439.i, i6 60, void %sw.bb439.i, i6 8, void %sw.bb448.i, i6 10, void %sw.bb448.i, i6 24, void %sw.bb448.i, i6 26, void %sw.bb448.i, i6 0, void %sw.bb457.i, i6 1, void %sw.bb457.i, i6 32, void %sw.bb457.i, i6 33, void %sw.bb457.i" [C:/github/zybo_z7_cam_rpi_v2_5mp_hdmi/zybo_z7_imx219/zybo_z7_imx219.runs/design_1_v_demosaic_0_0_synth_1/prj/sol/.autopilot/db/v_demosaic.cpp:802->C:/github/zybo_z7_cam_rpi_v2_5mp_hdmi/zybo_z7_imx219/zybo_z7_imx219.runs/design_1_v_demosaic_0_0_synth_1/prj/sol/.autopilot/db/v_demosaic.cpp:1072]   --->   Operation 238 'switch' 'switch_ln802' <Predicate = (!icmp_ln633 & icmp_ln772)> <Delay = 1.82>
ST_5 : Operation 239 [1/1] (1.58ns)   --->   "%br_ln814 = br void %sw.epilog.i" [C:/github/zybo_z7_cam_rpi_v2_5mp_hdmi/zybo_z7_imx219/zybo_z7_imx219.runs/design_1_v_demosaic_0_0_synth_1/prj/sol/.autopilot/db/v_demosaic.cpp:814->C:/github/zybo_z7_cam_rpi_v2_5mp_hdmi/zybo_z7_imx219/zybo_z7_imx219.runs/design_1_v_demosaic_0_0_synth_1/prj/sol/.autopilot/db/v_demosaic.cpp:1072]   --->   Operation 239 'br' 'br_ln814' <Predicate = (!icmp_ln633 & icmp_ln772 & enable_7 == 33) | (!icmp_ln633 & icmp_ln772 & enable_7 == 32) | (!icmp_ln633 & icmp_ln772 & enable_7 == 1) | (!icmp_ln633 & icmp_ln772 & enable_7 == 0)> <Delay = 1.58>
ST_5 : Operation 240 [1/1] (1.58ns)   --->   "%br_ln812 = br void %sw.epilog.i" [C:/github/zybo_z7_cam_rpi_v2_5mp_hdmi/zybo_z7_imx219/zybo_z7_imx219.runs/design_1_v_demosaic_0_0_synth_1/prj/sol/.autopilot/db/v_demosaic.cpp:812->C:/github/zybo_z7_cam_rpi_v2_5mp_hdmi/zybo_z7_imx219/zybo_z7_imx219.runs/design_1_v_demosaic_0_0_synth_1/prj/sol/.autopilot/db/v_demosaic.cpp:1072]   --->   Operation 240 'br' 'br_ln812' <Predicate = (!icmp_ln633 & icmp_ln772 & enable_7 == 26) | (!icmp_ln633 & icmp_ln772 & enable_7 == 24) | (!icmp_ln633 & icmp_ln772 & enable_7 == 10) | (!icmp_ln633 & icmp_ln772 & enable_7 == 8)> <Delay = 1.58>
ST_5 : Operation 241 [1/1] (1.58ns)   --->   "%br_ln810 = br void %sw.epilog.i" [C:/github/zybo_z7_cam_rpi_v2_5mp_hdmi/zybo_z7_imx219/zybo_z7_imx219.runs/design_1_v_demosaic_0_0_synth_1/prj/sol/.autopilot/db/v_demosaic.cpp:810->C:/github/zybo_z7_cam_rpi_v2_5mp_hdmi/zybo_z7_imx219/zybo_z7_imx219.runs/design_1_v_demosaic_0_0_synth_1/prj/sol/.autopilot/db/v_demosaic.cpp:1072]   --->   Operation 241 'br' 'br_ln810' <Predicate = (!icmp_ln633 & icmp_ln772 & enable_7 == 60) | (!icmp_ln633 & icmp_ln772 & enable_7 == 56) | (!icmp_ln633 & icmp_ln772 & enable_7 == 52) | (!icmp_ln633 & icmp_ln772 & enable_7 == 48)> <Delay = 1.58>
ST_5 : Operation 242 [1/1] (1.58ns)   --->   "%br_ln808 = br void %sw.epilog.i" [C:/github/zybo_z7_cam_rpi_v2_5mp_hdmi/zybo_z7_imx219/zybo_z7_imx219.runs/design_1_v_demosaic_0_0_synth_1/prj/sol/.autopilot/db/v_demosaic.cpp:808->C:/github/zybo_z7_cam_rpi_v2_5mp_hdmi/zybo_z7_imx219/zybo_z7_imx219.runs/design_1_v_demosaic_0_0_synth_1/prj/sol/.autopilot/db/v_demosaic.cpp:1072]   --->   Operation 242 'br' 'br_ln808' <Predicate = (!icmp_ln633 & icmp_ln772 & enable_7 == 15) | (!icmp_ln633 & icmp_ln772 & enable_7 == 11) | (!icmp_ln633 & icmp_ln772 & enable_7 == 7) | (!icmp_ln633 & icmp_ln772 & enable_7 == 3)> <Delay = 1.58>
ST_5 : Operation 243 [1/1] (1.58ns)   --->   "%br_ln806 = br void %sw.epilog.i" [C:/github/zybo_z7_cam_rpi_v2_5mp_hdmi/zybo_z7_imx219/zybo_z7_imx219.runs/design_1_v_demosaic_0_0_synth_1/prj/sol/.autopilot/db/v_demosaic.cpp:806->C:/github/zybo_z7_cam_rpi_v2_5mp_hdmi/zybo_z7_imx219/zybo_z7_imx219.runs/design_1_v_demosaic_0_0_synth_1/prj/sol/.autopilot/db/v_demosaic.cpp:1072]   --->   Operation 243 'br' 'br_ln806' <Predicate = (!icmp_ln633 & icmp_ln772 & enable_7 == 55) | (!icmp_ln633 & icmp_ln772 & enable_7 == 53) | (!icmp_ln633 & icmp_ln772 & enable_7 == 39) | (!icmp_ln633 & icmp_ln772 & enable_7 == 37)> <Delay = 1.58>
ST_5 : Operation 244 [1/1] (1.58ns)   --->   "%br_ln804 = br void %sw.epilog.i" [C:/github/zybo_z7_cam_rpi_v2_5mp_hdmi/zybo_z7_imx219/zybo_z7_imx219.runs/design_1_v_demosaic_0_0_synth_1/prj/sol/.autopilot/db/v_demosaic.cpp:804->C:/github/zybo_z7_cam_rpi_v2_5mp_hdmi/zybo_z7_imx219/zybo_z7_imx219.runs/design_1_v_demosaic_0_0_synth_1/prj/sol/.autopilot/db/v_demosaic.cpp:1072]   --->   Operation 244 'br' 'br_ln804' <Predicate = (!icmp_ln633 & icmp_ln772 & enable_7 == 63) | (!icmp_ln633 & icmp_ln772 & enable_7 == 62) | (!icmp_ln633 & icmp_ln772 & enable_7 == 31) | (!icmp_ln633 & icmp_ln772 & enable_7 == 30)> <Delay = 1.58>
ST_5 : Operation 245 [1/1] (0.00ns) (grouped into LUT with out node add_ln820_1)   --->   "%en_rgd_3 = phi i1 1, void %sw.bb457.i, i1 1, void %sw.bb448.i, i1 0, void %sw.bb439.i, i1 1, void %sw.bb430.i, i1 0, void %sw.bb421.i, i1 0, void %sw.bb.i, i1 0, void %if.then316.i"   --->   Operation 245 'phi' 'en_rgd_3' <Predicate = (!icmp_ln633 & icmp_ln772)> <Delay = 0.00>
ST_5 : Operation 246 [1/1] (0.00ns) (grouped into LUT with out node add_ln820_1)   --->   "%en_rgd_2 = phi i1 1, void %sw.bb457.i, i1 0, void %sw.bb448.i, i1 1, void %sw.bb439.i, i1 0, void %sw.bb430.i, i1 1, void %sw.bb421.i, i1 0, void %sw.bb.i, i1 0, void %if.then316.i"   --->   Operation 246 'phi' 'en_rgd_2' <Predicate = (!icmp_ln633 & icmp_ln772)> <Delay = 0.00>
ST_5 : Operation 247 [1/1] (0.00ns) (grouped into LUT with out node add_ln817)   --->   "%en_rgd_1 = phi i1 0, void %sw.bb457.i, i1 1, void %sw.bb448.i, i1 1, void %sw.bb439.i, i1 0, void %sw.bb430.i, i1 0, void %sw.bb421.i, i1 1, void %sw.bb.i, i1 0, void %if.then316.i"   --->   Operation 247 'phi' 'en_rgd_1' <Predicate = (!icmp_ln633 & icmp_ln772)> <Delay = 0.00>
ST_5 : Operation 248 [1/1] (0.00ns) (grouped into LUT with out node add_ln817)   --->   "%en_rgd = phi i1 0, void %sw.bb457.i, i1 0, void %sw.bb448.i, i1 0, void %sw.bb439.i, i1 1, void %sw.bb430.i, i1 1, void %sw.bb421.i, i1 1, void %sw.bb.i, i1 0, void %if.then316.i"   --->   Operation 248 'phi' 'en_rgd' <Predicate = (!icmp_ln633 & icmp_ln772)> <Delay = 0.00>
ST_5 : Operation 249 [1/1] (0.00ns)   --->   "%p_0_0_0_0_09131515_i_load_1 = load i10 %p_0_0_0_0_09131515_i" [C:/github/zybo_z7_cam_rpi_v2_5mp_hdmi/zybo_z7_imx219/zybo_z7_imx219.runs/design_1_v_demosaic_0_0_synth_1/prj/sol/.autopilot/db/v_demosaic.cpp:819->C:/github/zybo_z7_cam_rpi_v2_5mp_hdmi/zybo_z7_imx219/zybo_z7_imx219.runs/design_1_v_demosaic_0_0_synth_1/prj/sol/.autopilot/db/v_demosaic.cpp:1072]   --->   Operation 249 'load' 'p_0_0_0_0_09131515_i_load_1' <Predicate = (!icmp_ln633 & icmp_ln772 & !red)> <Delay = 0.00>
ST_5 : Operation 250 [1/1] (0.00ns)   --->   "%p_0_2_0_0_09151519_i_load_1 = load i10 %p_0_2_0_0_09151519_i" [C:/github/zybo_z7_cam_rpi_v2_5mp_hdmi/zybo_z7_imx219/zybo_z7_imx219.runs/design_1_v_demosaic_0_0_synth_1/prj/sol/.autopilot/db/v_demosaic.cpp:819->C:/github/zybo_z7_cam_rpi_v2_5mp_hdmi/zybo_z7_imx219/zybo_z7_imx219.runs/design_1_v_demosaic_0_0_synth_1/prj/sol/.autopilot/db/v_demosaic.cpp:1072]   --->   Operation 250 'load' 'p_0_2_0_0_09151519_i_load_1' <Predicate = (!icmp_ln633 & icmp_ln772 & red)> <Delay = 0.00>
ST_5 : Operation 251 [1/1] (0.00ns)   --->   "%p_0_0_0_0_09071527_i_load_1 = load i10 %p_0_0_0_0_09071527_i" [C:/github/zybo_z7_cam_rpi_v2_5mp_hdmi/zybo_z7_imx219/zybo_z7_imx219.runs/design_1_v_demosaic_0_0_synth_1/prj/sol/.autopilot/db/v_demosaic.cpp:820->C:/github/zybo_z7_cam_rpi_v2_5mp_hdmi/zybo_z7_imx219/zybo_z7_imx219.runs/design_1_v_demosaic_0_0_synth_1/prj/sol/.autopilot/db/v_demosaic.cpp:1072]   --->   Operation 251 'load' 'p_0_0_0_0_09071527_i_load_1' <Predicate = (!icmp_ln633 & icmp_ln772 & !red)> <Delay = 0.00>
ST_5 : Operation 252 [1/1] (0.00ns)   --->   "%p_0_2_0_0_09091531_i_load_1 = load i10 %p_0_2_0_0_09091531_i" [C:/github/zybo_z7_cam_rpi_v2_5mp_hdmi/zybo_z7_imx219/zybo_z7_imx219.runs/design_1_v_demosaic_0_0_synth_1/prj/sol/.autopilot/db/v_demosaic.cpp:820->C:/github/zybo_z7_cam_rpi_v2_5mp_hdmi/zybo_z7_imx219/zybo_z7_imx219.runs/design_1_v_demosaic_0_0_synth_1/prj/sol/.autopilot/db/v_demosaic.cpp:1072]   --->   Operation 252 'load' 'p_0_2_0_0_09091531_i_load_1' <Predicate = (!icmp_ln633 & icmp_ln772 & red)> <Delay = 0.00>
ST_5 : Operation 253 [1/1] (0.00ns) (grouped into LUT with out node add_ln817)   --->   "%select_ln817_1 = select i1 %en_rgd, i11 2047, i11 0" [C:/github/zybo_z7_cam_rpi_v2_5mp_hdmi/zybo_z7_imx219/zybo_z7_imx219.runs/design_1_v_demosaic_0_0_synth_1/prj/sol/.autopilot/db/v_demosaic.cpp:817->C:/github/zybo_z7_cam_rpi_v2_5mp_hdmi/zybo_z7_imx219/zybo_z7_imx219.runs/design_1_v_demosaic_0_0_synth_1/prj/sol/.autopilot/db/v_demosaic.cpp:1072]   --->   Operation 253 'select' 'select_ln817_1' <Predicate = (!icmp_ln633 & icmp_ln772)> <Delay = 0.00> <CoreInst = "Sel">   --->   Core 73 'Sel' <Latency = 0> <II = 1> <Delay = 0.99> <FuncUnit> <Opcode : 'select'> <InPorts = 3> <OutPorts = 1>
ST_5 : Operation 254 [1/1] (0.00ns) (grouped into LUT with out node add_ln817)   --->   "%and_ln817 = and i11 %sub_ln817, i11 %select_ln817_1" [C:/github/zybo_z7_cam_rpi_v2_5mp_hdmi/zybo_z7_imx219/zybo_z7_imx219.runs/design_1_v_demosaic_0_0_synth_1/prj/sol/.autopilot/db/v_demosaic.cpp:817->C:/github/zybo_z7_cam_rpi_v2_5mp_hdmi/zybo_z7_imx219/zybo_z7_imx219.runs/design_1_v_demosaic_0_0_synth_1/prj/sol/.autopilot/db/v_demosaic.cpp:1072]   --->   Operation 254 'and' 'and_ln817' <Predicate = (!icmp_ln633 & icmp_ln772)> <Delay = 0.00> <CoreInst = "LogicGate">   --->   Core 74 'LogicGate' <Latency = 0> <II = 1> <Delay = 0.99> <FuncUnit> <Opcode : 'and' 'or' 'xor'> <InPorts = 2> <OutPorts = 1>
ST_5 : Operation 255 [1/1] (0.00ns) (grouped into LUT with out node add_ln817)   --->   "%sext_ln818 = sext i11 %and_ln817" [C:/github/zybo_z7_cam_rpi_v2_5mp_hdmi/zybo_z7_imx219/zybo_z7_imx219.runs/design_1_v_demosaic_0_0_synth_1/prj/sol/.autopilot/db/v_demosaic.cpp:818->C:/github/zybo_z7_cam_rpi_v2_5mp_hdmi/zybo_z7_imx219/zybo_z7_imx219.runs/design_1_v_demosaic_0_0_synth_1/prj/sol/.autopilot/db/v_demosaic.cpp:1072]   --->   Operation 255 'sext' 'sext_ln818' <Predicate = (!icmp_ln633 & icmp_ln772)> <Delay = 0.00>
ST_5 : Operation 256 [1/1] (0.00ns) (grouped into LUT with out node add_ln817)   --->   "%select_ln818_1 = select i1 %en_rgd_1, i11 2047, i11 0" [C:/github/zybo_z7_cam_rpi_v2_5mp_hdmi/zybo_z7_imx219/zybo_z7_imx219.runs/design_1_v_demosaic_0_0_synth_1/prj/sol/.autopilot/db/v_demosaic.cpp:818->C:/github/zybo_z7_cam_rpi_v2_5mp_hdmi/zybo_z7_imx219/zybo_z7_imx219.runs/design_1_v_demosaic_0_0_synth_1/prj/sol/.autopilot/db/v_demosaic.cpp:1072]   --->   Operation 256 'select' 'select_ln818_1' <Predicate = (!icmp_ln633 & icmp_ln772)> <Delay = 0.00> <CoreInst = "Sel">   --->   Core 73 'Sel' <Latency = 0> <II = 1> <Delay = 0.99> <FuncUnit> <Opcode : 'select'> <InPorts = 3> <OutPorts = 1>
ST_5 : Operation 257 [1/1] (0.00ns) (grouped into LUT with out node add_ln817)   --->   "%and_ln818 = and i11 %sub_ln818, i11 %select_ln818_1" [C:/github/zybo_z7_cam_rpi_v2_5mp_hdmi/zybo_z7_imx219/zybo_z7_imx219.runs/design_1_v_demosaic_0_0_synth_1/prj/sol/.autopilot/db/v_demosaic.cpp:818->C:/github/zybo_z7_cam_rpi_v2_5mp_hdmi/zybo_z7_imx219/zybo_z7_imx219.runs/design_1_v_demosaic_0_0_synth_1/prj/sol/.autopilot/db/v_demosaic.cpp:1072]   --->   Operation 257 'and' 'and_ln818' <Predicate = (!icmp_ln633 & icmp_ln772)> <Delay = 0.00> <CoreInst = "LogicGate">   --->   Core 74 'LogicGate' <Latency = 0> <II = 1> <Delay = 0.99> <FuncUnit> <Opcode : 'and' 'or' 'xor'> <InPorts = 2> <OutPorts = 1>
ST_5 : Operation 258 [1/1] (0.00ns) (grouped into LUT with out node add_ln817)   --->   "%sext_ln817 = sext i11 %and_ln818" [C:/github/zybo_z7_cam_rpi_v2_5mp_hdmi/zybo_z7_imx219/zybo_z7_imx219.runs/design_1_v_demosaic_0_0_synth_1/prj/sol/.autopilot/db/v_demosaic.cpp:817->C:/github/zybo_z7_cam_rpi_v2_5mp_hdmi/zybo_z7_imx219/zybo_z7_imx219.runs/design_1_v_demosaic_0_0_synth_1/prj/sol/.autopilot/db/v_demosaic.cpp:1072]   --->   Operation 258 'sext' 'sext_ln817' <Predicate = (!icmp_ln633 & icmp_ln772)> <Delay = 0.00>
ST_5 : Operation 259 [1/1] (1.63ns) (out node of the LUT)   --->   "%add_ln817 = add i12 %sext_ln817, i12 %sext_ln818" [C:/github/zybo_z7_cam_rpi_v2_5mp_hdmi/zybo_z7_imx219/zybo_z7_imx219.runs/design_1_v_demosaic_0_0_synth_1/prj/sol/.autopilot/db/v_demosaic.cpp:817->C:/github/zybo_z7_cam_rpi_v2_5mp_hdmi/zybo_z7_imx219/zybo_z7_imx219.runs/design_1_v_demosaic_0_0_synth_1/prj/sol/.autopilot/db/v_demosaic.cpp:1072]   --->   Operation 259 'add' 'add_ln817' <Predicate = (!icmp_ln633 & icmp_ln772)> <Delay = 1.63> <CoreInst = "Adder">   --->   Core 1 'Adder' <Latency = 0> <II = 1> <Delay = 1.63> <FuncUnit> <Opcode : 'add' 'sub'> <InPorts = 2> <OutPorts = 1>
ST_5 : Operation 260 [1/1] (0.00ns) (grouped into LUT with out node sub_ln819)   --->   "%select_ln819 = select i1 %red, i10 %p_0_2_0_0_09151519_i_load_1, i10 %p_0_0_0_0_09131515_i_load_1" [C:/github/zybo_z7_cam_rpi_v2_5mp_hdmi/zybo_z7_imx219/zybo_z7_imx219.runs/design_1_v_demosaic_0_0_synth_1/prj/sol/.autopilot/db/v_demosaic.cpp:819->C:/github/zybo_z7_cam_rpi_v2_5mp_hdmi/zybo_z7_imx219/zybo_z7_imx219.runs/design_1_v_demosaic_0_0_synth_1/prj/sol/.autopilot/db/v_demosaic.cpp:1072]   --->   Operation 260 'select' 'select_ln819' <Predicate = (!icmp_ln633 & icmp_ln772)> <Delay = 0.00> <CoreInst = "Sel">   --->   Core 73 'Sel' <Latency = 0> <II = 1> <Delay = 0.68> <FuncUnit> <Opcode : 'select'> <InPorts = 3> <OutPorts = 1>
ST_5 : Operation 261 [1/1] (0.00ns) (grouped into LUT with out node sub_ln819)   --->   "%zext_ln819 = zext i10 %select_ln819" [C:/github/zybo_z7_cam_rpi_v2_5mp_hdmi/zybo_z7_imx219/zybo_z7_imx219.runs/design_1_v_demosaic_0_0_synth_1/prj/sol/.autopilot/db/v_demosaic.cpp:819->C:/github/zybo_z7_cam_rpi_v2_5mp_hdmi/zybo_z7_imx219/zybo_z7_imx219.runs/design_1_v_demosaic_0_0_synth_1/prj/sol/.autopilot/db/v_demosaic.cpp:1072]   --->   Operation 261 'zext' 'zext_ln819' <Predicate = (!icmp_ln633 & icmp_ln772)> <Delay = 0.00>
ST_5 : Operation 262 [1/1] (1.73ns) (out node of the LUT)   --->   "%sub_ln819 = sub i11 %zext_ln792, i11 %zext_ln819" [C:/github/zybo_z7_cam_rpi_v2_5mp_hdmi/zybo_z7_imx219/zybo_z7_imx219.runs/design_1_v_demosaic_0_0_synth_1/prj/sol/.autopilot/db/v_demosaic.cpp:819->C:/github/zybo_z7_cam_rpi_v2_5mp_hdmi/zybo_z7_imx219/zybo_z7_imx219.runs/design_1_v_demosaic_0_0_synth_1/prj/sol/.autopilot/db/v_demosaic.cpp:1072]   --->   Operation 262 'sub' 'sub_ln819' <Predicate = (!icmp_ln633 & icmp_ln772)> <Delay = 1.73> <CoreInst = "Adder">   --->   Core 1 'Adder' <Latency = 0> <II = 1> <Delay = 1.73> <FuncUnit> <Opcode : 'add' 'sub'> <InPorts = 2> <OutPorts = 1>
ST_5 : Operation 263 [1/1] (0.00ns) (grouped into LUT with out node add_ln820_1)   --->   "%select_ln819_1 = select i1 %en_rgd_2, i11 2047, i11 0" [C:/github/zybo_z7_cam_rpi_v2_5mp_hdmi/zybo_z7_imx219/zybo_z7_imx219.runs/design_1_v_demosaic_0_0_synth_1/prj/sol/.autopilot/db/v_demosaic.cpp:819->C:/github/zybo_z7_cam_rpi_v2_5mp_hdmi/zybo_z7_imx219/zybo_z7_imx219.runs/design_1_v_demosaic_0_0_synth_1/prj/sol/.autopilot/db/v_demosaic.cpp:1072]   --->   Operation 263 'select' 'select_ln819_1' <Predicate = (!icmp_ln633 & icmp_ln772)> <Delay = 0.00> <CoreInst = "Sel">   --->   Core 73 'Sel' <Latency = 0> <II = 1> <Delay = 0.99> <FuncUnit> <Opcode : 'select'> <InPorts = 3> <OutPorts = 1>
ST_5 : Operation 264 [1/1] (0.00ns) (grouped into LUT with out node add_ln820_1)   --->   "%and_ln819 = and i11 %sub_ln819, i11 %select_ln819_1" [C:/github/zybo_z7_cam_rpi_v2_5mp_hdmi/zybo_z7_imx219/zybo_z7_imx219.runs/design_1_v_demosaic_0_0_synth_1/prj/sol/.autopilot/db/v_demosaic.cpp:819->C:/github/zybo_z7_cam_rpi_v2_5mp_hdmi/zybo_z7_imx219/zybo_z7_imx219.runs/design_1_v_demosaic_0_0_synth_1/prj/sol/.autopilot/db/v_demosaic.cpp:1072]   --->   Operation 264 'and' 'and_ln819' <Predicate = (!icmp_ln633 & icmp_ln772)> <Delay = 0.00> <CoreInst = "LogicGate">   --->   Core 74 'LogicGate' <Latency = 0> <II = 1> <Delay = 0.99> <FuncUnit> <Opcode : 'and' 'or' 'xor'> <InPorts = 2> <OutPorts = 1>
ST_5 : Operation 265 [1/1] (0.00ns)   --->   "%sext_ln818_1 = sext i12 %add_ln817" [C:/github/zybo_z7_cam_rpi_v2_5mp_hdmi/zybo_z7_imx219/zybo_z7_imx219.runs/design_1_v_demosaic_0_0_synth_1/prj/sol/.autopilot/db/v_demosaic.cpp:818->C:/github/zybo_z7_cam_rpi_v2_5mp_hdmi/zybo_z7_imx219/zybo_z7_imx219.runs/design_1_v_demosaic_0_0_synth_1/prj/sol/.autopilot/db/v_demosaic.cpp:1072]   --->   Operation 265 'sext' 'sext_ln818_1' <Predicate = (!icmp_ln633 & icmp_ln772)> <Delay = 0.00>
ST_5 : Operation 266 [1/1] (0.00ns) (grouped into LUT with out node add_ln820_1)   --->   "%sext_ln820_1 = sext i11 %and_ln819" [C:/github/zybo_z7_cam_rpi_v2_5mp_hdmi/zybo_z7_imx219/zybo_z7_imx219.runs/design_1_v_demosaic_0_0_synth_1/prj/sol/.autopilot/db/v_demosaic.cpp:820->C:/github/zybo_z7_cam_rpi_v2_5mp_hdmi/zybo_z7_imx219/zybo_z7_imx219.runs/design_1_v_demosaic_0_0_synth_1/prj/sol/.autopilot/db/v_demosaic.cpp:1072]   --->   Operation 266 'sext' 'sext_ln820_1' <Predicate = (!icmp_ln633 & icmp_ln772)> <Delay = 0.00>
ST_5 : Operation 267 [1/1] (0.00ns) (grouped into LUT with out node sub_ln820)   --->   "%select_ln820 = select i1 %red, i10 %p_0_2_0_0_09091531_i_load_1, i10 %p_0_0_0_0_09071527_i_load_1" [C:/github/zybo_z7_cam_rpi_v2_5mp_hdmi/zybo_z7_imx219/zybo_z7_imx219.runs/design_1_v_demosaic_0_0_synth_1/prj/sol/.autopilot/db/v_demosaic.cpp:820->C:/github/zybo_z7_cam_rpi_v2_5mp_hdmi/zybo_z7_imx219/zybo_z7_imx219.runs/design_1_v_demosaic_0_0_synth_1/prj/sol/.autopilot/db/v_demosaic.cpp:1072]   --->   Operation 267 'select' 'select_ln820' <Predicate = (!icmp_ln633 & icmp_ln772)> <Delay = 0.00> <CoreInst = "Sel">   --->   Core 73 'Sel' <Latency = 0> <II = 1> <Delay = 0.68> <FuncUnit> <Opcode : 'select'> <InPorts = 3> <OutPorts = 1>
ST_5 : Operation 268 [1/1] (0.00ns) (grouped into LUT with out node sub_ln820)   --->   "%zext_ln820 = zext i10 %select_ln820" [C:/github/zybo_z7_cam_rpi_v2_5mp_hdmi/zybo_z7_imx219/zybo_z7_imx219.runs/design_1_v_demosaic_0_0_synth_1/prj/sol/.autopilot/db/v_demosaic.cpp:820->C:/github/zybo_z7_cam_rpi_v2_5mp_hdmi/zybo_z7_imx219/zybo_z7_imx219.runs/design_1_v_demosaic_0_0_synth_1/prj/sol/.autopilot/db/v_demosaic.cpp:1072]   --->   Operation 268 'zext' 'zext_ln820' <Predicate = (!icmp_ln633 & icmp_ln772)> <Delay = 0.00>
ST_5 : Operation 269 [1/1] (1.73ns) (out node of the LUT)   --->   "%sub_ln820 = sub i11 %zext_ln793, i11 %zext_ln820" [C:/github/zybo_z7_cam_rpi_v2_5mp_hdmi/zybo_z7_imx219/zybo_z7_imx219.runs/design_1_v_demosaic_0_0_synth_1/prj/sol/.autopilot/db/v_demosaic.cpp:820->C:/github/zybo_z7_cam_rpi_v2_5mp_hdmi/zybo_z7_imx219/zybo_z7_imx219.runs/design_1_v_demosaic_0_0_synth_1/prj/sol/.autopilot/db/v_demosaic.cpp:1072]   --->   Operation 269 'sub' 'sub_ln820' <Predicate = (!icmp_ln633 & icmp_ln772)> <Delay = 1.73> <CoreInst = "Adder">   --->   Core 1 'Adder' <Latency = 0> <II = 1> <Delay = 1.73> <FuncUnit> <Opcode : 'add' 'sub'> <InPorts = 2> <OutPorts = 1>
ST_5 : Operation 270 [1/1] (0.00ns) (grouped into LUT with out node add_ln820_1)   --->   "%select_ln820_2 = select i1 %en_rgd_3, i11 2047, i11 0" [C:/github/zybo_z7_cam_rpi_v2_5mp_hdmi/zybo_z7_imx219/zybo_z7_imx219.runs/design_1_v_demosaic_0_0_synth_1/prj/sol/.autopilot/db/v_demosaic.cpp:820->C:/github/zybo_z7_cam_rpi_v2_5mp_hdmi/zybo_z7_imx219/zybo_z7_imx219.runs/design_1_v_demosaic_0_0_synth_1/prj/sol/.autopilot/db/v_demosaic.cpp:1072]   --->   Operation 270 'select' 'select_ln820_2' <Predicate = (!icmp_ln633 & icmp_ln772)> <Delay = 0.00> <CoreInst = "Sel">   --->   Core 73 'Sel' <Latency = 0> <II = 1> <Delay = 0.99> <FuncUnit> <Opcode : 'select'> <InPorts = 3> <OutPorts = 1>
ST_5 : Operation 271 [1/1] (0.00ns) (grouped into LUT with out node add_ln820_1)   --->   "%and_ln820 = and i11 %sub_ln820, i11 %select_ln820_2" [C:/github/zybo_z7_cam_rpi_v2_5mp_hdmi/zybo_z7_imx219/zybo_z7_imx219.runs/design_1_v_demosaic_0_0_synth_1/prj/sol/.autopilot/db/v_demosaic.cpp:820->C:/github/zybo_z7_cam_rpi_v2_5mp_hdmi/zybo_z7_imx219/zybo_z7_imx219.runs/design_1_v_demosaic_0_0_synth_1/prj/sol/.autopilot/db/v_demosaic.cpp:1072]   --->   Operation 271 'and' 'and_ln820' <Predicate = (!icmp_ln633 & icmp_ln772)> <Delay = 0.00> <CoreInst = "LogicGate">   --->   Core 74 'LogicGate' <Latency = 0> <II = 1> <Delay = 0.99> <FuncUnit> <Opcode : 'and' 'or' 'xor'> <InPorts = 2> <OutPorts = 1>
ST_5 : Operation 272 [1/1] (0.00ns) (grouped into LUT with out node add_ln820_1)   --->   "%sext_ln820 = sext i11 %and_ln820" [C:/github/zybo_z7_cam_rpi_v2_5mp_hdmi/zybo_z7_imx219/zybo_z7_imx219.runs/design_1_v_demosaic_0_0_synth_1/prj/sol/.autopilot/db/v_demosaic.cpp:820->C:/github/zybo_z7_cam_rpi_v2_5mp_hdmi/zybo_z7_imx219/zybo_z7_imx219.runs/design_1_v_demosaic_0_0_synth_1/prj/sol/.autopilot/db/v_demosaic.cpp:1072]   --->   Operation 272 'sext' 'sext_ln820' <Predicate = (!icmp_ln633 & icmp_ln772)> <Delay = 0.00>
ST_5 : Operation 273 [1/1] (1.63ns) (out node of the LUT)   --->   "%add_ln820_1 = add i12 %sext_ln820_1, i12 %sext_ln820" [C:/github/zybo_z7_cam_rpi_v2_5mp_hdmi/zybo_z7_imx219/zybo_z7_imx219.runs/design_1_v_demosaic_0_0_synth_1/prj/sol/.autopilot/db/v_demosaic.cpp:820->C:/github/zybo_z7_cam_rpi_v2_5mp_hdmi/zybo_z7_imx219/zybo_z7_imx219.runs/design_1_v_demosaic_0_0_synth_1/prj/sol/.autopilot/db/v_demosaic.cpp:1072]   --->   Operation 273 'add' 'add_ln820_1' <Predicate = (!icmp_ln633 & icmp_ln772)> <Delay = 1.63> <CoreInst = "Adder">   --->   Core 1 'Adder' <Latency = 0> <II = 1> <Delay = 1.63> <FuncUnit> <Opcode : 'add' 'sub'> <InPorts = 2> <OutPorts = 1>
ST_5 : Operation 274 [1/1] (0.00ns)   --->   "%sext_ln820_2 = sext i12 %add_ln820_1" [C:/github/zybo_z7_cam_rpi_v2_5mp_hdmi/zybo_z7_imx219/zybo_z7_imx219.runs/design_1_v_demosaic_0_0_synth_1/prj/sol/.autopilot/db/v_demosaic.cpp:820->C:/github/zybo_z7_cam_rpi_v2_5mp_hdmi/zybo_z7_imx219/zybo_z7_imx219.runs/design_1_v_demosaic_0_0_synth_1/prj/sol/.autopilot/db/v_demosaic.cpp:1072]   --->   Operation 274 'sext' 'sext_ln820_2' <Predicate = (!icmp_ln633 & icmp_ln772)> <Delay = 0.00>
ST_5 : Operation 275 [1/1] (1.54ns)   --->   "%add_ln820 = add i13 %sext_ln820_2, i13 %sext_ln818_1" [C:/github/zybo_z7_cam_rpi_v2_5mp_hdmi/zybo_z7_imx219/zybo_z7_imx219.runs/design_1_v_demosaic_0_0_synth_1/prj/sol/.autopilot/db/v_demosaic.cpp:820->C:/github/zybo_z7_cam_rpi_v2_5mp_hdmi/zybo_z7_imx219/zybo_z7_imx219.runs/design_1_v_demosaic_0_0_synth_1/prj/sol/.autopilot/db/v_demosaic.cpp:1072]   --->   Operation 275 'add' 'add_ln820' <Predicate = (!icmp_ln633 & icmp_ln772)> <Delay = 1.54> <CoreInst = "Adder">   --->   Core 1 'Adder' <Latency = 0> <II = 1> <Delay = 1.54> <FuncUnit> <Opcode : 'add' 'sub'> <InPorts = 2> <OutPorts = 1>

State 6 <SV = 5> <Delay = 5.47>
ST_6 : Operation 276 [1/1] (0.68ns)   --->   "%CH = select i1 %red, i10 %pix, i10 %pix_4" [C:/github/zybo_z7_cam_rpi_v2_5mp_hdmi/zybo_z7_imx219/zybo_z7_imx219.runs/design_1_v_demosaic_0_0_synth_1/prj/sol/.autopilot/db/v_demosaic.cpp:788->C:/github/zybo_z7_cam_rpi_v2_5mp_hdmi/zybo_z7_imx219/zybo_z7_imx219.runs/design_1_v_demosaic_0_0_synth_1/prj/sol/.autopilot/db/v_demosaic.cpp:1072]   --->   Operation 276 'select' 'CH' <Predicate = (!icmp_ln633 & icmp_ln772)> <Delay = 0.68> <CoreInst = "Sel">   --->   Core 73 'Sel' <Latency = 0> <II = 1> <Delay = 0.68> <FuncUnit> <Opcode : 'select'> <InPorts = 3> <OutPorts = 1>
ST_6 : Operation 277 [1/1] (0.00ns)   --->   "%zext_ln788 = zext i10 %CH" [C:/github/zybo_z7_cam_rpi_v2_5mp_hdmi/zybo_z7_imx219/zybo_z7_imx219.runs/design_1_v_demosaic_0_0_synth_1/prj/sol/.autopilot/db/v_demosaic.cpp:788->C:/github/zybo_z7_cam_rpi_v2_5mp_hdmi/zybo_z7_imx219/zybo_z7_imx219.runs/design_1_v_demosaic_0_0_synth_1/prj/sol/.autopilot/db/v_demosaic.cpp:1072]   --->   Operation 277 'zext' 'zext_ln788' <Predicate = (!icmp_ln633 & icmp_ln772)> <Delay = 0.00>
ST_6 : Operation 278 [1/1] (0.00ns) (grouped into LUT with out node CV)   --->   "%tmp_5 = bitselect i1 @_ssdm_op_BitSelect.i1.i13.i32, i13 %add_ln820, i32 12" [C:/github/zybo_z7_cam_rpi_v2_5mp_hdmi/zybo_z7_imx219/zybo_z7_imx219.runs/design_1_v_demosaic_0_0_synth_1/prj/sol/.autopilot/db/v_demosaic.cpp:820->C:/github/zybo_z7_cam_rpi_v2_5mp_hdmi/zybo_z7_imx219/zybo_z7_imx219.runs/design_1_v_demosaic_0_0_synth_1/prj/sol/.autopilot/db/v_demosaic.cpp:1072]   --->   Operation 278 'bitselect' 'tmp_5' <Predicate = (!icmp_ln633 & icmp_ln772)> <Delay = 0.00>
ST_6 : Operation 279 [1/1] (1.67ns)   --->   "%sub_ln820_1 = sub i13 0, i13 %add_ln820" [C:/github/zybo_z7_cam_rpi_v2_5mp_hdmi/zybo_z7_imx219/zybo_z7_imx219.runs/design_1_v_demosaic_0_0_synth_1/prj/sol/.autopilot/db/v_demosaic.cpp:820->C:/github/zybo_z7_cam_rpi_v2_5mp_hdmi/zybo_z7_imx219/zybo_z7_imx219.runs/design_1_v_demosaic_0_0_synth_1/prj/sol/.autopilot/db/v_demosaic.cpp:1072]   --->   Operation 279 'sub' 'sub_ln820_1' <Predicate = (!icmp_ln633 & icmp_ln772)> <Delay = 1.67> <CoreInst = "Adder">   --->   Core 1 'Adder' <Latency = 0> <II = 1> <Delay = 1.67> <FuncUnit> <Opcode : 'add' 'sub'> <InPorts = 2> <OutPorts = 1>
ST_6 : Operation 280 [1/1] (0.00ns)   --->   "%trunc_ln820_1 = partselect i12 @_ssdm_op_PartSelect.i12.i13.i32.i32, i13 %sub_ln820_1, i32 1, i32 12" [C:/github/zybo_z7_cam_rpi_v2_5mp_hdmi/zybo_z7_imx219/zybo_z7_imx219.runs/design_1_v_demosaic_0_0_synth_1/prj/sol/.autopilot/db/v_demosaic.cpp:820->C:/github/zybo_z7_cam_rpi_v2_5mp_hdmi/zybo_z7_imx219/zybo_z7_imx219.runs/design_1_v_demosaic_0_0_synth_1/prj/sol/.autopilot/db/v_demosaic.cpp:1072]   --->   Operation 280 'partselect' 'trunc_ln820_1' <Predicate = (!icmp_ln633 & icmp_ln772)> <Delay = 0.00>
ST_6 : Operation 281 [1/1] (1.54ns)   --->   "%sub_ln820_2 = sub i12 0, i12 %trunc_ln820_1" [C:/github/zybo_z7_cam_rpi_v2_5mp_hdmi/zybo_z7_imx219/zybo_z7_imx219.runs/design_1_v_demosaic_0_0_synth_1/prj/sol/.autopilot/db/v_demosaic.cpp:820->C:/github/zybo_z7_cam_rpi_v2_5mp_hdmi/zybo_z7_imx219/zybo_z7_imx219.runs/design_1_v_demosaic_0_0_synth_1/prj/sol/.autopilot/db/v_demosaic.cpp:1072]   --->   Operation 281 'sub' 'sub_ln820_2' <Predicate = (!icmp_ln633 & icmp_ln772)> <Delay = 1.54> <CoreInst = "Adder">   --->   Core 1 'Adder' <Latency = 0> <II = 1> <Delay = 1.54> <FuncUnit> <Opcode : 'add' 'sub'> <InPorts = 2> <OutPorts = 1>
ST_6 : Operation 282 [1/1] (0.00ns) (grouped into LUT with out node CV)   --->   "%trunc_ln820_2 = partselect i12 @_ssdm_op_PartSelect.i12.i13.i32.i32, i13 %add_ln820, i32 1, i32 12" [C:/github/zybo_z7_cam_rpi_v2_5mp_hdmi/zybo_z7_imx219/zybo_z7_imx219.runs/design_1_v_demosaic_0_0_synth_1/prj/sol/.autopilot/db/v_demosaic.cpp:820->C:/github/zybo_z7_cam_rpi_v2_5mp_hdmi/zybo_z7_imx219/zybo_z7_imx219.runs/design_1_v_demosaic_0_0_synth_1/prj/sol/.autopilot/db/v_demosaic.cpp:1072]   --->   Operation 282 'partselect' 'trunc_ln820_2' <Predicate = (!icmp_ln633 & icmp_ln772)> <Delay = 0.00>
ST_6 : Operation 283 [1/1] (0.00ns) (grouped into LUT with out node CV)   --->   "%select_ln820_1 = select i1 %tmp_5, i12 %sub_ln820_2, i12 %trunc_ln820_2" [C:/github/zybo_z7_cam_rpi_v2_5mp_hdmi/zybo_z7_imx219/zybo_z7_imx219.runs/design_1_v_demosaic_0_0_synth_1/prj/sol/.autopilot/db/v_demosaic.cpp:820->C:/github/zybo_z7_cam_rpi_v2_5mp_hdmi/zybo_z7_imx219/zybo_z7_imx219.runs/design_1_v_demosaic_0_0_synth_1/prj/sol/.autopilot/db/v_demosaic.cpp:1072]   --->   Operation 283 'select' 'select_ln820_1' <Predicate = (!icmp_ln633 & icmp_ln772)> <Delay = 0.00> <CoreInst = "Sel">   --->   Core 73 'Sel' <Latency = 0> <II = 1> <Delay = 0.69> <FuncUnit> <Opcode : 'select'> <InPorts = 3> <OutPorts = 1>
ST_6 : Operation 284 [1/1] (0.00ns) (grouped into LUT with out node CV)   --->   "%zext_ln817_1 = zext i10 %pix_3" [C:/github/zybo_z7_cam_rpi_v2_5mp_hdmi/zybo_z7_imx219/zybo_z7_imx219.runs/design_1_v_demosaic_0_0_synth_1/prj/sol/.autopilot/db/v_demosaic.cpp:817->C:/github/zybo_z7_cam_rpi_v2_5mp_hdmi/zybo_z7_imx219/zybo_z7_imx219.runs/design_1_v_demosaic_0_0_synth_1/prj/sol/.autopilot/db/v_demosaic.cpp:1072]   --->   Operation 284 'zext' 'zext_ln817_1' <Predicate = (!icmp_ln633 & icmp_ln772)> <Delay = 0.00>
ST_6 : Operation 285 [1/1] (1.54ns) (out node of the LUT)   --->   "%CV = sub i12 %zext_ln817_1, i12 %select_ln820_1" [C:/github/zybo_z7_cam_rpi_v2_5mp_hdmi/zybo_z7_imx219/zybo_z7_imx219.runs/design_1_v_demosaic_0_0_synth_1/prj/sol/.autopilot/db/v_demosaic.cpp:817->C:/github/zybo_z7_cam_rpi_v2_5mp_hdmi/zybo_z7_imx219/zybo_z7_imx219.runs/design_1_v_demosaic_0_0_synth_1/prj/sol/.autopilot/db/v_demosaic.cpp:1072]   --->   Operation 285 'sub' 'CV' <Predicate = (!icmp_ln633 & icmp_ln772)> <Delay = 1.54> <CoreInst = "Adder">   --->   Core 1 'Adder' <Latency = 0> <II = 1> <Delay = 1.54> <FuncUnit> <Opcode : 'add' 'sub'> <InPorts = 2> <OutPorts = 1>
ST_6 : Operation 286 [1/1] (0.69ns)   --->   "%r = select i1 %red, i12 %zext_ln788, i12 %CV" [C:/github/zybo_z7_cam_rpi_v2_5mp_hdmi/zybo_z7_imx219/zybo_z7_imx219.runs/design_1_v_demosaic_0_0_synth_1/prj/sol/.autopilot/db/v_demosaic.cpp:823->C:/github/zybo_z7_cam_rpi_v2_5mp_hdmi/zybo_z7_imx219/zybo_z7_imx219.runs/design_1_v_demosaic_0_0_synth_1/prj/sol/.autopilot/db/v_demosaic.cpp:1072]   --->   Operation 286 'select' 'r' <Predicate = (!icmp_ln633 & icmp_ln772)> <Delay = 0.69> <CoreInst = "Sel">   --->   Core 73 'Sel' <Latency = 0> <II = 1> <Delay = 0.69> <FuncUnit> <Opcode : 'select'> <InPorts = 3> <OutPorts = 1>
ST_6 : Operation 287 [1/1] (0.69ns)   --->   "%b = select i1 %red, i12 %CV, i12 %zext_ln788" [C:/github/zybo_z7_cam_rpi_v2_5mp_hdmi/zybo_z7_imx219/zybo_z7_imx219.runs/design_1_v_demosaic_0_0_synth_1/prj/sol/.autopilot/db/v_demosaic.cpp:824->C:/github/zybo_z7_cam_rpi_v2_5mp_hdmi/zybo_z7_imx219/zybo_z7_imx219.runs/design_1_v_demosaic_0_0_synth_1/prj/sol/.autopilot/db/v_demosaic.cpp:1072]   --->   Operation 287 'select' 'b' <Predicate = (!icmp_ln633 & icmp_ln772)> <Delay = 0.69> <CoreInst = "Sel">   --->   Core 73 'Sel' <Latency = 0> <II = 1> <Delay = 0.69> <FuncUnit> <Opcode : 'select'> <InPorts = 3> <OutPorts = 1>
ST_6 : Operation 288 [1/1] (1.58ns)   --->   "%br_ln826 = br void %if.end518.i" [C:/github/zybo_z7_cam_rpi_v2_5mp_hdmi/zybo_z7_imx219/zybo_z7_imx219.runs/design_1_v_demosaic_0_0_synth_1/prj/sol/.autopilot/db/v_demosaic.cpp:826->C:/github/zybo_z7_cam_rpi_v2_5mp_hdmi/zybo_z7_imx219/zybo_z7_imx219.runs/design_1_v_demosaic_0_0_synth_1/prj/sol/.autopilot/db/v_demosaic.cpp:1072]   --->   Operation 288 'br' 'br_ln826' <Predicate = (!icmp_ln633 & icmp_ln772)> <Delay = 1.58>
ST_6 : Operation 312 [1/1] (0.00ns)   --->   "%store_ln0 = store i10 %p_0_2_0_0_09091531_i_load, i10 %p_0_2_0_0_09091531_i_out"   --->   Operation 312 'store' 'store_ln0' <Predicate = (icmp_ln633)> <Delay = 0.00>
ST_6 : Operation 313 [1/1] (0.00ns)   --->   "%store_ln0 = store i10 %p_0_1_0_0_09081529_i_load, i10 %p_0_1_0_0_09081529_i_out"   --->   Operation 313 'store' 'store_ln0' <Predicate = (icmp_ln633)> <Delay = 0.00>
ST_6 : Operation 314 [1/1] (0.00ns)   --->   "%store_ln0 = store i10 %p_0_0_0_0_09071527_i_load, i10 %p_0_0_0_0_09071527_i_out"   --->   Operation 314 'store' 'store_ln0' <Predicate = (icmp_ln633)> <Delay = 0.00>
ST_6 : Operation 315 [1/1] (0.00ns)   --->   "%store_ln0 = store i10 %p_0_0_0938_115131524_i_load, i10 %p_0_0_0938_115131524_i_out"   --->   Operation 315 'store' 'store_ln0' <Predicate = (icmp_ln633)> <Delay = 0.00>
ST_6 : Operation 316 [1/1] (0.00ns)   --->   "%store_ln0 = store i10 %p_0_0_0939_115111522_i_load, i10 %p_0_0_0939_115111522_i_out"   --->   Operation 316 'store' 'store_ln0' <Predicate = (icmp_ln633)> <Delay = 0.00>
ST_6 : Operation 317 [1/1] (0.00ns)   --->   "%store_ln0 = store i10 %p_0_0_0940_115091520_i_load, i10 %p_0_0_0940_115091520_i_out"   --->   Operation 317 'store' 'store_ln0' <Predicate = (icmp_ln633)> <Delay = 0.00>
ST_6 : Operation 318 [1/1] (0.00ns)   --->   "%store_ln0 = store i10 %p_0_2_0_0_09151519_i_load, i10 %p_0_2_0_0_09151519_i_out"   --->   Operation 318 'store' 'store_ln0' <Predicate = (icmp_ln633)> <Delay = 0.00>
ST_6 : Operation 319 [1/1] (0.00ns)   --->   "%store_ln0 = store i10 %p_0_1_0_0_09141517_i_load, i10 %p_0_1_0_0_09141517_i_out"   --->   Operation 319 'store' 'store_ln0' <Predicate = (icmp_ln633)> <Delay = 0.00>
ST_6 : Operation 320 [1/1] (0.00ns)   --->   "%store_ln0 = store i10 %p_0_0_0_0_09131515_i_load, i10 %p_0_0_0_0_09131515_i_out"   --->   Operation 320 'store' 'store_ln0' <Predicate = (icmp_ln633)> <Delay = 0.00>
ST_6 : Operation 321 [1/1] (0.00ns)   --->   "%store_ln0 = store i10 %p_0_0_0938_21452_i_load, i10 %p_0_0_0938_21452_i_out"   --->   Operation 321 'store' 'store_ln0' <Predicate = (icmp_ln633)> <Delay = 0.00>
ST_6 : Operation 322 [1/1] (0.00ns)   --->   "%store_ln0 = store i10 %p_0_0_0939_21449_i_load, i10 %p_0_0_0939_21449_i_out"   --->   Operation 322 'store' 'store_ln0' <Predicate = (icmp_ln633)> <Delay = 0.00>
ST_6 : Operation 323 [1/1] (0.00ns)   --->   "%store_ln0 = store i10 %p_0_0_0940_21446_i_load, i10 %p_0_0_0940_21446_i_out"   --->   Operation 323 'store' 'store_ln0' <Predicate = (icmp_ln633)> <Delay = 0.00>
ST_6 : Operation 324 [1/1] (0.00ns)   --->   "%store_ln0 = store i10 %p_0_0_09381422_i_load, i10 %p_0_0_09381422_i_out"   --->   Operation 324 'store' 'store_ln0' <Predicate = (icmp_ln633)> <Delay = 0.00>
ST_6 : Operation 325 [1/1] (0.00ns)   --->   "%store_ln0 = store i10 %p_0_0_09391419_i_load, i10 %p_0_0_09391419_i_out"   --->   Operation 325 'store' 'store_ln0' <Predicate = (icmp_ln633)> <Delay = 0.00>
ST_6 : Operation 326 [1/1] (0.00ns)   --->   "%store_ln0 = store i10 %p_0_0_09401416_i_load, i10 %p_0_0_09401416_i_out"   --->   Operation 326 'store' 'store_ln0' <Predicate = (icmp_ln633)> <Delay = 0.00>
ST_6 : Operation 327 [1/1] (1.58ns)   --->   "%ret_ln0 = ret"   --->   Operation 327 'ret' 'ret_ln0' <Predicate = (icmp_ln633)> <Delay = 1.58>

State 7 <SV = 6> <Delay = 6.19>
ST_7 : Operation 289 [1/1] (0.00ns)   --->   "%zext_ln763 = zext i10 %pix" [C:/github/zybo_z7_cam_rpi_v2_5mp_hdmi/zybo_z7_imx219/zybo_z7_imx219.runs/design_1_v_demosaic_0_0_synth_1/prj/sol/.autopilot/db/v_demosaic.cpp:763->C:/github/zybo_z7_cam_rpi_v2_5mp_hdmi/zybo_z7_imx219/zybo_z7_imx219.runs/design_1_v_demosaic_0_0_synth_1/prj/sol/.autopilot/db/v_demosaic.cpp:1072]   --->   Operation 289 'zext' 'zext_ln763' <Predicate = (!icmp_ln633)> <Delay = 0.00>
ST_7 : Operation 290 [1/1] (0.00ns)   --->   "%zext_ln765 = zext i10 %pix_4" [C:/github/zybo_z7_cam_rpi_v2_5mp_hdmi/zybo_z7_imx219/zybo_z7_imx219.runs/design_1_v_demosaic_0_0_synth_1/prj/sol/.autopilot/db/v_demosaic.cpp:765->C:/github/zybo_z7_cam_rpi_v2_5mp_hdmi/zybo_z7_imx219/zybo_z7_imx219.runs/design_1_v_demosaic_0_0_synth_1/prj/sol/.autopilot/db/v_demosaic.cpp:1072]   --->   Operation 290 'zext' 'zext_ln765' <Predicate = (!icmp_ln633)> <Delay = 0.00>
ST_7 : Operation 291 [1/1] (0.00ns)   --->   "%r_1 = phi i12 %r, void %sw.epilog.i, i12 %zext_ln763, void %for.body291.i"   --->   Operation 291 'phi' 'r_1' <Predicate = true> <Delay = 0.00>
ST_7 : Operation 292 [1/1] (0.00ns)   --->   "%b_1 = phi i12 %b, void %sw.epilog.i, i12 %zext_ln765, void %for.body291.i"   --->   Operation 292 'phi' 'b_1' <Predicate = true> <Delay = 0.00>
ST_7 : Operation 293 [1/1] (0.00ns)   --->   "%tmp_6 = bitselect i1 @_ssdm_op_BitSelect.i1.i12.i32, i12 %r_1, i32 11" [C:/github/zybo_z7_cam_rpi_v2_5mp_hdmi/zybo_z7_imx219/zybo_z7_imx219.runs/design_1_v_demosaic_0_0_synth_1/prj/sol/.autopilot/db/v_demosaic.cpp:827->C:/github/zybo_z7_cam_rpi_v2_5mp_hdmi/zybo_z7_imx219/zybo_z7_imx219.runs/design_1_v_demosaic_0_0_synth_1/prj/sol/.autopilot/db/v_demosaic.cpp:1072]   --->   Operation 293 'bitselect' 'tmp_6' <Predicate = true> <Delay = 0.00>
ST_7 : Operation 294 [1/1] (0.00ns)   --->   "%tmp_7 = partselect i2 @_ssdm_op_PartSelect.i2.i12.i32.i32, i12 %r_1, i32 10, i32 11" [C:/github/zybo_z7_cam_rpi_v2_5mp_hdmi/zybo_z7_imx219/zybo_z7_imx219.runs/design_1_v_demosaic_0_0_synth_1/prj/sol/.autopilot/db/v_demosaic.cpp:827->C:/github/zybo_z7_cam_rpi_v2_5mp_hdmi/zybo_z7_imx219/zybo_z7_imx219.runs/design_1_v_demosaic_0_0_synth_1/prj/sol/.autopilot/db/v_demosaic.cpp:1072]   --->   Operation 294 'partselect' 'tmp_7' <Predicate = true> <Delay = 0.00>
ST_7 : Operation 295 [1/1] (1.56ns)   --->   "%icmp_ln827 = icmp_eq  i2 %tmp_7, i2 1" [C:/github/zybo_z7_cam_rpi_v2_5mp_hdmi/zybo_z7_imx219/zybo_z7_imx219.runs/design_1_v_demosaic_0_0_synth_1/prj/sol/.autopilot/db/v_demosaic.cpp:827->C:/github/zybo_z7_cam_rpi_v2_5mp_hdmi/zybo_z7_imx219/zybo_z7_imx219.runs/design_1_v_demosaic_0_0_synth_1/prj/sol/.autopilot/db/v_demosaic.cpp:1072]   --->   Operation 295 'icmp' 'icmp_ln827' <Predicate = true> <Delay = 1.56> <CoreInst = "Cmp">   --->   Core 9 'Cmp' <Latency = 0> <II = 1> <Delay = 1.56> <FuncUnit> <Opcode : 'seteq' 'setne' 'setle' 'setge' 'setlt' 'setgt'> <InPorts = 2> <OutPorts = 1>
ST_7 : Operation 296 [1/1] (0.00ns) (grouped into LUT with out node select_ln827)   --->   "%trunc_ln827 = trunc i12 %r_1" [C:/github/zybo_z7_cam_rpi_v2_5mp_hdmi/zybo_z7_imx219/zybo_z7_imx219.runs/design_1_v_demosaic_0_0_synth_1/prj/sol/.autopilot/db/v_demosaic.cpp:827->C:/github/zybo_z7_cam_rpi_v2_5mp_hdmi/zybo_z7_imx219/zybo_z7_imx219.runs/design_1_v_demosaic_0_0_synth_1/prj/sol/.autopilot/db/v_demosaic.cpp:1072]   --->   Operation 296 'trunc' 'trunc_ln827' <Predicate = true> <Delay = 0.00>
ST_7 : Operation 297 [1/1] (0.00ns) (grouped into LUT with out node select_ln827)   --->   "%xor_ln827 = xor i1 %tmp_6, i1 1" [C:/github/zybo_z7_cam_rpi_v2_5mp_hdmi/zybo_z7_imx219/zybo_z7_imx219.runs/design_1_v_demosaic_0_0_synth_1/prj/sol/.autopilot/db/v_demosaic.cpp:827->C:/github/zybo_z7_cam_rpi_v2_5mp_hdmi/zybo_z7_imx219/zybo_z7_imx219.runs/design_1_v_demosaic_0_0_synth_1/prj/sol/.autopilot/db/v_demosaic.cpp:1072]   --->   Operation 297 'xor' 'xor_ln827' <Predicate = true> <Delay = 0.00> <CoreInst = "LogicGate">   --->   Core 74 'LogicGate' <Latency = 0> <II = 1> <Delay = 0.97> <FuncUnit> <Opcode : 'and' 'or' 'xor'> <InPorts = 2> <OutPorts = 1>
ST_7 : Operation 298 [1/1] (0.00ns) (grouped into LUT with out node select_ln827)   --->   "%select_ln827_1 = select i1 %xor_ln827, i10 1023, i10 0" [C:/github/zybo_z7_cam_rpi_v2_5mp_hdmi/zybo_z7_imx219/zybo_z7_imx219.runs/design_1_v_demosaic_0_0_synth_1/prj/sol/.autopilot/db/v_demosaic.cpp:827->C:/github/zybo_z7_cam_rpi_v2_5mp_hdmi/zybo_z7_imx219/zybo_z7_imx219.runs/design_1_v_demosaic_0_0_synth_1/prj/sol/.autopilot/db/v_demosaic.cpp:1072]   --->   Operation 298 'select' 'select_ln827_1' <Predicate = true> <Delay = 0.00> <CoreInst = "Sel">   --->   Core 73 'Sel' <Latency = 0> <II = 1> <Delay = 0.99> <FuncUnit> <Opcode : 'select'> <InPorts = 3> <OutPorts = 1>
ST_7 : Operation 299 [1/1] (0.00ns) (grouped into LUT with out node select_ln827)   --->   "%or_ln827 = or i1 %tmp_6, i1 %icmp_ln827" [C:/github/zybo_z7_cam_rpi_v2_5mp_hdmi/zybo_z7_imx219/zybo_z7_imx219.runs/design_1_v_demosaic_0_0_synth_1/prj/sol/.autopilot/db/v_demosaic.cpp:827->C:/github/zybo_z7_cam_rpi_v2_5mp_hdmi/zybo_z7_imx219/zybo_z7_imx219.runs/design_1_v_demosaic_0_0_synth_1/prj/sol/.autopilot/db/v_demosaic.cpp:1072]   --->   Operation 299 'or' 'or_ln827' <Predicate = true> <Delay = 0.00> <CoreInst = "LogicGate">   --->   Core 74 'LogicGate' <Latency = 0> <II = 1> <Delay = 0.97> <FuncUnit> <Opcode : 'and' 'or' 'xor'> <InPorts = 2> <OutPorts = 1>
ST_7 : Operation 300 [1/1] (0.99ns) (out node of the LUT)   --->   "%select_ln827 = select i1 %or_ln827, i10 %select_ln827_1, i10 %trunc_ln827" [C:/github/zybo_z7_cam_rpi_v2_5mp_hdmi/zybo_z7_imx219/zybo_z7_imx219.runs/design_1_v_demosaic_0_0_synth_1/prj/sol/.autopilot/db/v_demosaic.cpp:827->C:/github/zybo_z7_cam_rpi_v2_5mp_hdmi/zybo_z7_imx219/zybo_z7_imx219.runs/design_1_v_demosaic_0_0_synth_1/prj/sol/.autopilot/db/v_demosaic.cpp:1072]   --->   Operation 300 'select' 'select_ln827' <Predicate = true> <Delay = 0.99> <CoreInst = "Sel">   --->   Core 73 'Sel' <Latency = 0> <II = 1> <Delay = 0.68> <FuncUnit> <Opcode : 'select'> <InPorts = 3> <OutPorts = 1>
ST_7 : Operation 301 [1/1] (0.00ns)   --->   "%tmp_8 = bitselect i1 @_ssdm_op_BitSelect.i1.i12.i32, i12 %b_1, i32 11" [C:/github/zybo_z7_cam_rpi_v2_5mp_hdmi/zybo_z7_imx219/zybo_z7_imx219.runs/design_1_v_demosaic_0_0_synth_1/prj/sol/.autopilot/db/v_demosaic.cpp:829->C:/github/zybo_z7_cam_rpi_v2_5mp_hdmi/zybo_z7_imx219/zybo_z7_imx219.runs/design_1_v_demosaic_0_0_synth_1/prj/sol/.autopilot/db/v_demosaic.cpp:1072]   --->   Operation 301 'bitselect' 'tmp_8' <Predicate = true> <Delay = 0.00>
ST_7 : Operation 302 [1/1] (0.00ns)   --->   "%tmp_9 = partselect i2 @_ssdm_op_PartSelect.i2.i12.i32.i32, i12 %b_1, i32 10, i32 11" [C:/github/zybo_z7_cam_rpi_v2_5mp_hdmi/zybo_z7_imx219/zybo_z7_imx219.runs/design_1_v_demosaic_0_0_synth_1/prj/sol/.autopilot/db/v_demosaic.cpp:829->C:/github/zybo_z7_cam_rpi_v2_5mp_hdmi/zybo_z7_imx219/zybo_z7_imx219.runs/design_1_v_demosaic_0_0_synth_1/prj/sol/.autopilot/db/v_demosaic.cpp:1072]   --->   Operation 302 'partselect' 'tmp_9' <Predicate = true> <Delay = 0.00>
ST_7 : Operation 303 [1/1] (1.56ns)   --->   "%icmp_ln829 = icmp_eq  i2 %tmp_9, i2 1" [C:/github/zybo_z7_cam_rpi_v2_5mp_hdmi/zybo_z7_imx219/zybo_z7_imx219.runs/design_1_v_demosaic_0_0_synth_1/prj/sol/.autopilot/db/v_demosaic.cpp:829->C:/github/zybo_z7_cam_rpi_v2_5mp_hdmi/zybo_z7_imx219/zybo_z7_imx219.runs/design_1_v_demosaic_0_0_synth_1/prj/sol/.autopilot/db/v_demosaic.cpp:1072]   --->   Operation 303 'icmp' 'icmp_ln829' <Predicate = true> <Delay = 1.56> <CoreInst = "Cmp">   --->   Core 9 'Cmp' <Latency = 0> <II = 1> <Delay = 1.56> <FuncUnit> <Opcode : 'seteq' 'setne' 'setle' 'setge' 'setlt' 'setgt'> <InPorts = 2> <OutPorts = 1>
ST_7 : Operation 304 [1/1] (0.00ns) (grouped into LUT with out node select_ln829)   --->   "%trunc_ln829 = trunc i12 %b_1" [C:/github/zybo_z7_cam_rpi_v2_5mp_hdmi/zybo_z7_imx219/zybo_z7_imx219.runs/design_1_v_demosaic_0_0_synth_1/prj/sol/.autopilot/db/v_demosaic.cpp:829->C:/github/zybo_z7_cam_rpi_v2_5mp_hdmi/zybo_z7_imx219/zybo_z7_imx219.runs/design_1_v_demosaic_0_0_synth_1/prj/sol/.autopilot/db/v_demosaic.cpp:1072]   --->   Operation 304 'trunc' 'trunc_ln829' <Predicate = true> <Delay = 0.00>
ST_7 : Operation 305 [1/1] (0.00ns) (grouped into LUT with out node select_ln829)   --->   "%xor_ln829 = xor i1 %tmp_8, i1 1" [C:/github/zybo_z7_cam_rpi_v2_5mp_hdmi/zybo_z7_imx219/zybo_z7_imx219.runs/design_1_v_demosaic_0_0_synth_1/prj/sol/.autopilot/db/v_demosaic.cpp:829->C:/github/zybo_z7_cam_rpi_v2_5mp_hdmi/zybo_z7_imx219/zybo_z7_imx219.runs/design_1_v_demosaic_0_0_synth_1/prj/sol/.autopilot/db/v_demosaic.cpp:1072]   --->   Operation 305 'xor' 'xor_ln829' <Predicate = true> <Delay = 0.00> <CoreInst = "LogicGate">   --->   Core 74 'LogicGate' <Latency = 0> <II = 1> <Delay = 0.97> <FuncUnit> <Opcode : 'and' 'or' 'xor'> <InPorts = 2> <OutPorts = 1>
ST_7 : Operation 306 [1/1] (0.00ns) (grouped into LUT with out node select_ln829)   --->   "%select_ln829_1 = select i1 %xor_ln829, i10 1023, i10 0" [C:/github/zybo_z7_cam_rpi_v2_5mp_hdmi/zybo_z7_imx219/zybo_z7_imx219.runs/design_1_v_demosaic_0_0_synth_1/prj/sol/.autopilot/db/v_demosaic.cpp:829->C:/github/zybo_z7_cam_rpi_v2_5mp_hdmi/zybo_z7_imx219/zybo_z7_imx219.runs/design_1_v_demosaic_0_0_synth_1/prj/sol/.autopilot/db/v_demosaic.cpp:1072]   --->   Operation 306 'select' 'select_ln829_1' <Predicate = true> <Delay = 0.00> <CoreInst = "Sel">   --->   Core 73 'Sel' <Latency = 0> <II = 1> <Delay = 0.99> <FuncUnit> <Opcode : 'select'> <InPorts = 3> <OutPorts = 1>
ST_7 : Operation 307 [1/1] (0.00ns) (grouped into LUT with out node select_ln829)   --->   "%or_ln829 = or i1 %tmp_8, i1 %icmp_ln829" [C:/github/zybo_z7_cam_rpi_v2_5mp_hdmi/zybo_z7_imx219/zybo_z7_imx219.runs/design_1_v_demosaic_0_0_synth_1/prj/sol/.autopilot/db/v_demosaic.cpp:829->C:/github/zybo_z7_cam_rpi_v2_5mp_hdmi/zybo_z7_imx219/zybo_z7_imx219.runs/design_1_v_demosaic_0_0_synth_1/prj/sol/.autopilot/db/v_demosaic.cpp:1072]   --->   Operation 307 'or' 'or_ln829' <Predicate = true> <Delay = 0.00> <CoreInst = "LogicGate">   --->   Core 74 'LogicGate' <Latency = 0> <II = 1> <Delay = 0.97> <FuncUnit> <Opcode : 'and' 'or' 'xor'> <InPorts = 2> <OutPorts = 1>
ST_7 : Operation 308 [1/1] (0.99ns) (out node of the LUT)   --->   "%select_ln829 = select i1 %or_ln829, i10 %select_ln829_1, i10 %trunc_ln829" [C:/github/zybo_z7_cam_rpi_v2_5mp_hdmi/zybo_z7_imx219/zybo_z7_imx219.runs/design_1_v_demosaic_0_0_synth_1/prj/sol/.autopilot/db/v_demosaic.cpp:829->C:/github/zybo_z7_cam_rpi_v2_5mp_hdmi/zybo_z7_imx219/zybo_z7_imx219.runs/design_1_v_demosaic_0_0_synth_1/prj/sol/.autopilot/db/v_demosaic.cpp:1072]   --->   Operation 308 'select' 'select_ln829' <Predicate = true> <Delay = 0.99> <CoreInst = "Sel">   --->   Core 73 'Sel' <Latency = 0> <II = 1> <Delay = 0.68> <FuncUnit> <Opcode : 'select'> <InPorts = 3> <OutPorts = 1>
ST_7 : Operation 309 [1/1] (0.00ns)   --->   "%or_ln835_3_i = bitconcatenate i30 @_ssdm_op_BitConcatenate.i30.i10.i10.i10, i10 %select_ln829, i10 %pix_3, i10 %select_ln827" [C:/github/zybo_z7_cam_rpi_v2_5mp_hdmi/zybo_z7_imx219/zybo_z7_imx219.runs/design_1_v_demosaic_0_0_synth_1/prj/sol/.autopilot/db/v_demosaic.cpp:835->C:/github/zybo_z7_cam_rpi_v2_5mp_hdmi/zybo_z7_imx219/zybo_z7_imx219.runs/design_1_v_demosaic_0_0_synth_1/prj/sol/.autopilot/db/v_demosaic.cpp:1072]   --->   Operation 309 'bitconcatenate' 'or_ln835_3_i' <Predicate = (and_ln833)> <Delay = 0.00>
ST_7 : Operation 310 [1/1] ( I:3.63ns O:3.63ns )   --->   "%write_ln835 = write void @_ssdm_op_Write.ap_fifo.volatile.i30P0A, i30 %imgRB, i30 %or_ln835_3_i" [C:/github/zybo_z7_cam_rpi_v2_5mp_hdmi/zybo_z7_imx219/zybo_z7_imx219.runs/design_1_v_demosaic_0_0_synth_1/prj/sol/.autopilot/db/v_demosaic.cpp:835->C:/github/zybo_z7_cam_rpi_v2_5mp_hdmi/zybo_z7_imx219/zybo_z7_imx219.runs/design_1_v_demosaic_0_0_synth_1/prj/sol/.autopilot/db/v_demosaic.cpp:1072]   --->   Operation 310 'write' 'write_ln835' <Predicate = (and_ln833)> <Delay = 3.63> <CoreInst = "FIFO_SRL">   --->   Core 80 'FIFO_SRL' <Latency = 0> <II = 1> <Delay = 3.63> <Storage> <Opcode : 'read' 'write' 'nbread' 'nbwrite'> <Ports = 0> <Width = 30> <Depth = 2> <FIFO>
ST_7 : Operation 311 [1/1] (0.00ns)   --->   "%br_ln836 = br void %for.inc563.i" [C:/github/zybo_z7_cam_rpi_v2_5mp_hdmi/zybo_z7_imx219/zybo_z7_imx219.runs/design_1_v_demosaic_0_0_synth_1/prj/sol/.autopilot/db/v_demosaic.cpp:836->C:/github/zybo_z7_cam_rpi_v2_5mp_hdmi/zybo_z7_imx219/zybo_z7_imx219.runs/design_1_v_demosaic_0_0_synth_1/prj/sol/.autopilot/db/v_demosaic.cpp:1072]   --->   Operation 311 'br' 'br_ln836' <Predicate = (and_ln833)> <Delay = 0.00>


============================================================
+ Verbose Summary: Timing violations
============================================================
Target clock period: 10.000ns, clock uncertainty: 2.700ns.

 <State 1>: 6.481ns
The critical path consists of the following:
	'store' operation ('store_ln603', C:/github/zybo_z7_cam_rpi_v2_5mp_hdmi/zybo_z7_imx219/zybo_z7_imx219.runs/design_1_v_demosaic_0_0_synth_1/prj/sol/.autopilot/db/v_demosaic.cpp:603->C:/github/zybo_z7_cam_rpi_v2_5mp_hdmi/zybo_z7_imx219/zybo_z7_imx219.runs/design_1_v_demosaic_0_0_synth_1/prj/sol/.autopilot/db/v_demosaic.cpp:1072) of constant 0 11 bit on local variable 'x', C:/github/zybo_z7_cam_rpi_v2_5mp_hdmi/zybo_z7_imx219/zybo_z7_imx219.runs/design_1_v_demosaic_0_0_synth_1/prj/sol/.autopilot/db/v_demosaic.cpp:603->C:/github/zybo_z7_cam_rpi_v2_5mp_hdmi/zybo_z7_imx219/zybo_z7_imx219.runs/design_1_v_demosaic_0_0_synth_1/prj/sol/.autopilot/db/v_demosaic.cpp:1072 [103]  (1.588 ns)
	'load' operation 11 bit ('z', C:/github/zybo_z7_cam_rpi_v2_5mp_hdmi/zybo_z7_imx219/zybo_z7_imx219.runs/design_1_v_demosaic_0_0_synth_1/prj/sol/.autopilot/db/v_demosaic.cpp:638->C:/github/zybo_z7_cam_rpi_v2_5mp_hdmi/zybo_z7_imx219/zybo_z7_imx219.runs/design_1_v_demosaic_0_0_synth_1/prj/sol/.autopilot/db/v_demosaic.cpp:1072) on local variable 'x', C:/github/zybo_z7_cam_rpi_v2_5mp_hdmi/zybo_z7_imx219/zybo_z7_imx219.runs/design_1_v_demosaic_0_0_synth_1/prj/sol/.autopilot/db/v_demosaic.cpp:603->C:/github/zybo_z7_cam_rpi_v2_5mp_hdmi/zybo_z7_imx219/zybo_z7_imx219.runs/design_1_v_demosaic_0_0_synth_1/prj/sol/.autopilot/db/v_demosaic.cpp:1072 [106]  (0.000 ns)
	'add' operation 11 bit ('col', C:/github/zybo_z7_cam_rpi_v2_5mp_hdmi/zybo_z7_imx219/zybo_z7_imx219.runs/design_1_v_demosaic_0_0_synth_1/prj/sol/.autopilot/db/v_demosaic.cpp:638->C:/github/zybo_z7_cam_rpi_v2_5mp_hdmi/zybo_z7_imx219/zybo_z7_imx219.runs/design_1_v_demosaic_0_0_synth_1/prj/sol/.autopilot/db/v_demosaic.cpp:1072) [124]  (1.639 ns)
	'getelementptr' operation 11 bit ('lineBuffer_addr', c:/github/zybo_z7_cam_rpi_v2_5mp_hdmi/zybo_z7_imx219/zybo_z7_imx219.gen/sources_1/bd/design_1/ip/design_1_v_demosaic_0_0/src/hls/hls_video_mem.h:850->C:/github/zybo_z7_cam_rpi_v2_5mp_hdmi/zybo_z7_imx219/zybo_z7_imx219.runs/design_1_v_demosaic_0_0_synth_1/prj/sol/.autopilot/db/v_demosaic.cpp:648->C:/github/zybo_z7_cam_rpi_v2_5mp_hdmi/zybo_z7_imx219/zybo_z7_imx219.runs/design_1_v_demosaic_0_0_synth_1/prj/sol/.autopilot/db/v_demosaic.cpp:1072) [134]  (0.000 ns)
	'load' operation 30 bit ('LineBufVal', C:/github/zybo_z7_cam_rpi_v2_5mp_hdmi/zybo_z7_imx219/zybo_z7_imx219.runs/design_1_v_demosaic_0_0_synth_1/prj/sol/.autopilot/db/v_demosaic.cpp:648->C:/github/zybo_z7_cam_rpi_v2_5mp_hdmi/zybo_z7_imx219/zybo_z7_imx219.runs/design_1_v_demosaic_0_0_synth_1/prj/sol/.autopilot/db/v_demosaic.cpp:1072) on array 'lineBuffer', C:/github/zybo_z7_cam_rpi_v2_5mp_hdmi/zybo_z7_imx219/zybo_z7_imx219.runs/design_1_v_demosaic_0_0_synth_1/prj/sol/.autopilot/db/v_demosaic.cpp:614->C:/github/zybo_z7_cam_rpi_v2_5mp_hdmi/zybo_z7_imx219/zybo_z7_imx219.runs/design_1_v_demosaic_0_0_synth_1/prj/sol/.autopilot/db/v_demosaic.cpp:1072 [135]  (3.254 ns)

 <State 2>: 6.888ns
The critical path consists of the following:
	fifo read operation ('InPix', C:/github/zybo_z7_cam_rpi_v2_5mp_hdmi/zybo_z7_imx219/zybo_z7_imx219.runs/design_1_v_demosaic_0_0_synth_1/prj/sol/.autopilot/db/v_demosaic.cpp:666->C:/github/zybo_z7_cam_rpi_v2_5mp_hdmi/zybo_z7_imx219/zybo_z7_imx219.runs/design_1_v_demosaic_0_0_synth_1/prj/sol/.autopilot/db/v_demosaic.cpp:1072) on port 'imgG' (C:/github/zybo_z7_cam_rpi_v2_5mp_hdmi/zybo_z7_imx219/zybo_z7_imx219.runs/design_1_v_demosaic_0_0_synth_1/prj/sol/.autopilot/db/v_demosaic.cpp:666->C:/github/zybo_z7_cam_rpi_v2_5mp_hdmi/zybo_z7_imx219/zybo_z7_imx219.runs/design_1_v_demosaic_0_0_synth_1/prj/sol/.autopilot/db/v_demosaic.cpp:1072) [146]  (3.634 ns)
	'store' operation ('store_ln812', c:/github/zybo_z7_cam_rpi_v2_5mp_hdmi/zybo_z7_imx219/zybo_z7_imx219.gen/sources_1/bd/design_1/ip/design_1_v_demosaic_0_0/src/hls/hls_video_mem.h:812->c:/github/zybo_z7_cam_rpi_v2_5mp_hdmi/zybo_z7_imx219/zybo_z7_imx219.gen/sources_1/bd/design_1/ip/design_1_v_demosaic_0_0/src/hls/hls_video_mem.h:888->C:/github/zybo_z7_cam_rpi_v2_5mp_hdmi/zybo_z7_imx219/zybo_z7_imx219.runs/design_1_v_demosaic_0_0_synth_1/prj/sol/.autopilot/db/v_demosaic.cpp:675->C:/github/zybo_z7_cam_rpi_v2_5mp_hdmi/zybo_z7_imx219/zybo_z7_imx219.runs/design_1_v_demosaic_0_0_synth_1/prj/sol/.autopilot/db/v_demosaic.cpp:1072) of variable 'InPix', C:/github/zybo_z7_cam_rpi_v2_5mp_hdmi/zybo_z7_imx219/zybo_z7_imx219.runs/design_1_v_demosaic_0_0_synth_1/prj/sol/.autopilot/db/v_demosaic.cpp:666->C:/github/zybo_z7_cam_rpi_v2_5mp_hdmi/zybo_z7_imx219/zybo_z7_imx219.runs/design_1_v_demosaic_0_0_synth_1/prj/sol/.autopilot/db/v_demosaic.cpp:1072 30 bit on array 'lineBuffer', C:/github/zybo_z7_cam_rpi_v2_5mp_hdmi/zybo_z7_imx219/zybo_z7_imx219.runs/design_1_v_demosaic_0_0_synth_1/prj/sol/.autopilot/db/v_demosaic.cpp:614->C:/github/zybo_z7_cam_rpi_v2_5mp_hdmi/zybo_z7_imx219/zybo_z7_imx219.runs/design_1_v_demosaic_0_0_synth_1/prj/sol/.autopilot/db/v_demosaic.cpp:1072 [150]  (3.254 ns)

 <State 3>: 6.424ns
The critical path consists of the following:
	'load' operation 10 bit ('p_0_0_0939_115111522_i_load') on local variable 'p_0_0_0939_115111522_i' [111]  (0.000 ns)
	'select' operation 10 bit ('select_ln710_1', C:/github/zybo_z7_cam_rpi_v2_5mp_hdmi/zybo_z7_imx219/zybo_z7_imx219.runs/design_1_v_demosaic_0_0_synth_1/prj/sol/.autopilot/db/v_demosaic.cpp:710->C:/github/zybo_z7_cam_rpi_v2_5mp_hdmi/zybo_z7_imx219/zybo_z7_imx219.runs/design_1_v_demosaic_0_0_synth_1/prj/sol/.autopilot/db/v_demosaic.cpp:1072) [158]  (0.687 ns)
	multiplexor before 'phi' operation 10 bit ('pix', C:/github/zybo_z7_cam_rpi_v2_5mp_hdmi/zybo_z7_imx219/zybo_z7_imx219.runs/design_1_v_demosaic_0_0_synth_1/prj/sol/.autopilot/db/v_demosaic.cpp:710->C:/github/zybo_z7_cam_rpi_v2_5mp_hdmi/zybo_z7_imx219/zybo_z7_imx219.runs/design_1_v_demosaic_0_0_synth_1/prj/sol/.autopilot/db/v_demosaic.cpp:1072) with incoming values : ('p_0_0_0939_115111522_i_load') ('select_ln710_1', C:/github/zybo_z7_cam_rpi_v2_5mp_hdmi/zybo_z7_imx219/zybo_z7_imx219.runs/design_1_v_demosaic_0_0_synth_1/prj/sol/.autopilot/db/v_demosaic.cpp:710->C:/github/zybo_z7_cam_rpi_v2_5mp_hdmi/zybo_z7_imx219/zybo_z7_imx219.runs/design_1_v_demosaic_0_0_synth_1/prj/sol/.autopilot/db/v_demosaic.cpp:1072) [195]  (1.588 ns)
	'phi' operation 10 bit ('pix', C:/github/zybo_z7_cam_rpi_v2_5mp_hdmi/zybo_z7_imx219/zybo_z7_imx219.runs/design_1_v_demosaic_0_0_synth_1/prj/sol/.autopilot/db/v_demosaic.cpp:710->C:/github/zybo_z7_cam_rpi_v2_5mp_hdmi/zybo_z7_imx219/zybo_z7_imx219.runs/design_1_v_demosaic_0_0_synth_1/prj/sol/.autopilot/db/v_demosaic.cpp:1072) with incoming values : ('p_0_0_0939_115111522_i_load') ('select_ln710_1', C:/github/zybo_z7_cam_rpi_v2_5mp_hdmi/zybo_z7_imx219/zybo_z7_imx219.runs/design_1_v_demosaic_0_0_synth_1/prj/sol/.autopilot/db/v_demosaic.cpp:710->C:/github/zybo_z7_cam_rpi_v2_5mp_hdmi/zybo_z7_imx219/zybo_z7_imx219.runs/design_1_v_demosaic_0_0_synth_1/prj/sol/.autopilot/db/v_demosaic.cpp:1072) [195]  (0.000 ns)
	'sub' operation 11 bit ('sub_ln790', C:/github/zybo_z7_cam_rpi_v2_5mp_hdmi/zybo_z7_imx219/zybo_z7_imx219.runs/design_1_v_demosaic_0_0_synth_1/prj/sol/.autopilot/db/v_demosaic.cpp:790->C:/github/zybo_z7_cam_rpi_v2_5mp_hdmi/zybo_z7_imx219/zybo_z7_imx219.runs/design_1_v_demosaic_0_0_synth_1/prj/sol/.autopilot/db/v_demosaic.cpp:1072) [217]  (1.731 ns)
	'sub' operation 10 bit ('sub_ln61', C:/AMDDesignTools/2025.2/Vitis/tps/mingw/8.3.0/win64.o/nt\lib\gcc\x86_64-w64-mingw32\8.3.0\include\c++\bits/std_abs.h:61->C:/github/zybo_z7_cam_rpi_v2_5mp_hdmi/zybo_z7_imx219/zybo_z7_imx219.runs/design_1_v_demosaic_0_0_synth_1/prj/sol/.autopilot/db/v_demosaic.cpp:790->C:/github/zybo_z7_cam_rpi_v2_5mp_hdmi/zybo_z7_imx219/zybo_z7_imx219.runs/design_1_v_demosaic_0_0_synth_1/prj/sol/.autopilot/db/v_demosaic.cpp:1072) [220]  (1.731 ns)
	'select' operation 10 bit ('agdiff', C:/AMDDesignTools/2025.2/Vitis/tps/mingw/8.3.0/win64.o/nt\lib\gcc\x86_64-w64-mingw32\8.3.0\include\c++\bits/std_abs.h:61->C:/github/zybo_z7_cam_rpi_v2_5mp_hdmi/zybo_z7_imx219/zybo_z7_imx219.runs/design_1_v_demosaic_0_0_synth_1/prj/sol/.autopilot/db/v_demosaic.cpp:790->C:/github/zybo_z7_cam_rpi_v2_5mp_hdmi/zybo_z7_imx219/zybo_z7_imx219.runs/design_1_v_demosaic_0_0_synth_1/prj/sol/.autopilot/db/v_demosaic.cpp:1072) [221]  (0.687 ns)

 <State 4>: 7.131ns
The critical path consists of the following:
	'icmp' operation 1 bit ('enable', C:/github/zybo_z7_cam_rpi_v2_5mp_hdmi/zybo_z7_imx219/zybo_z7_imx219.runs/design_1_v_demosaic_0_0_synth_1/prj/sol/.autopilot/db/v_demosaic.cpp:795->C:/github/zybo_z7_cam_rpi_v2_5mp_hdmi/zybo_z7_imx219/zybo_z7_imx219.runs/design_1_v_demosaic_0_0_synth_1/prj/sol/.autopilot/db/v_demosaic.cpp:1072) [240]  (1.731 ns)
	'select' operation 2 bit ('enable', C:/github/zybo_z7_cam_rpi_v2_5mp_hdmi/zybo_z7_imx219/zybo_z7_imx219.runs/design_1_v_demosaic_0_0_synth_1/prj/sol/.autopilot/db/v_demosaic.cpp:796->C:/github/zybo_z7_cam_rpi_v2_5mp_hdmi/zybo_z7_imx219/zybo_z7_imx219.runs/design_1_v_demosaic_0_0_synth_1/prj/sol/.autopilot/db/v_demosaic.cpp:1072) [244]  (0.993 ns)
	'select' operation 3 bit ('enable', C:/github/zybo_z7_cam_rpi_v2_5mp_hdmi/zybo_z7_imx219/zybo_z7_imx219.runs/design_1_v_demosaic_0_0_synth_1/prj/sol/.autopilot/db/v_demosaic.cpp:797->C:/github/zybo_z7_cam_rpi_v2_5mp_hdmi/zybo_z7_imx219/zybo_z7_imx219.runs/design_1_v_demosaic_0_0_synth_1/prj/sol/.autopilot/db/v_demosaic.cpp:1072) [248]  (0.980 ns)
	'select' operation 4 bit ('enable', C:/github/zybo_z7_cam_rpi_v2_5mp_hdmi/zybo_z7_imx219/zybo_z7_imx219.runs/design_1_v_demosaic_0_0_synth_1/prj/sol/.autopilot/db/v_demosaic.cpp:798->C:/github/zybo_z7_cam_rpi_v2_5mp_hdmi/zybo_z7_imx219/zybo_z7_imx219.runs/design_1_v_demosaic_0_0_synth_1/prj/sol/.autopilot/db/v_demosaic.cpp:1072) [252]  (1.024 ns)
	'select' operation 5 bit ('enable', C:/github/zybo_z7_cam_rpi_v2_5mp_hdmi/zybo_z7_imx219/zybo_z7_imx219.runs/design_1_v_demosaic_0_0_synth_1/prj/sol/.autopilot/db/v_demosaic.cpp:799->C:/github/zybo_z7_cam_rpi_v2_5mp_hdmi/zybo_z7_imx219/zybo_z7_imx219.runs/design_1_v_demosaic_0_0_synth_1/prj/sol/.autopilot/db/v_demosaic.cpp:1072) [256]  (1.215 ns)
	'select' operation 6 bit ('enable', C:/github/zybo_z7_cam_rpi_v2_5mp_hdmi/zybo_z7_imx219/zybo_z7_imx219.runs/design_1_v_demosaic_0_0_synth_1/prj/sol/.autopilot/db/v_demosaic.cpp:800->C:/github/zybo_z7_cam_rpi_v2_5mp_hdmi/zybo_z7_imx219/zybo_z7_imx219.runs/design_1_v_demosaic_0_0_synth_1/prj/sol/.autopilot/db/v_demosaic.cpp:1072) [260]  (1.188 ns)

 <State 5>: 6.599ns
The critical path consists of the following:
	multiplexor before 'phi' operation 1 bit ('en_rgd') [275]  (1.825 ns)
	'switch' operation ('switch_ln802', C:/github/zybo_z7_cam_rpi_v2_5mp_hdmi/zybo_z7_imx219/zybo_z7_imx219.runs/design_1_v_demosaic_0_0_synth_1/prj/sol/.autopilot/db/v_demosaic.cpp:802->C:/github/zybo_z7_cam_rpi_v2_5mp_hdmi/zybo_z7_imx219/zybo_z7_imx219.runs/design_1_v_demosaic_0_0_synth_1/prj/sol/.autopilot/db/v_demosaic.cpp:1072) [261]  (1.825 ns)
	multiplexor before 'phi' operation 1 bit ('en_rgd') [275]  (1.588 ns)
	'br' operation ('br_ln814', C:/github/zybo_z7_cam_rpi_v2_5mp_hdmi/zybo_z7_imx219/zybo_z7_imx219.runs/design_1_v_demosaic_0_0_synth_1/prj/sol/.autopilot/db/v_demosaic.cpp:814->C:/github/zybo_z7_cam_rpi_v2_5mp_hdmi/zybo_z7_imx219/zybo_z7_imx219.runs/design_1_v_demosaic_0_0_synth_1/prj/sol/.autopilot/db/v_demosaic.cpp:1072) [263]  (1.588 ns)
	'phi' operation 1 bit ('en_rgd') [275]  (0.000 ns)
	'select' operation 11 bit ('select_ln820_2', C:/github/zybo_z7_cam_rpi_v2_5mp_hdmi/zybo_z7_imx219/zybo_z7_imx219.runs/design_1_v_demosaic_0_0_synth_1/prj/sol/.autopilot/db/v_demosaic.cpp:820->C:/github/zybo_z7_cam_rpi_v2_5mp_hdmi/zybo_z7_imx219/zybo_z7_imx219.runs/design_1_v_demosaic_0_0_synth_1/prj/sol/.autopilot/db/v_demosaic.cpp:1072) [306]  (0.000 ns)
	'and' operation 11 bit ('and_ln820', C:/github/zybo_z7_cam_rpi_v2_5mp_hdmi/zybo_z7_imx219/zybo_z7_imx219.runs/design_1_v_demosaic_0_0_synth_1/prj/sol/.autopilot/db/v_demosaic.cpp:820->C:/github/zybo_z7_cam_rpi_v2_5mp_hdmi/zybo_z7_imx219/zybo_z7_imx219.runs/design_1_v_demosaic_0_0_synth_1/prj/sol/.autopilot/db/v_demosaic.cpp:1072) [307]  (0.000 ns)
	'add' operation 12 bit ('add_ln820_1', C:/github/zybo_z7_cam_rpi_v2_5mp_hdmi/zybo_z7_imx219/zybo_z7_imx219.runs/design_1_v_demosaic_0_0_synth_1/prj/sol/.autopilot/db/v_demosaic.cpp:820->C:/github/zybo_z7_cam_rpi_v2_5mp_hdmi/zybo_z7_imx219/zybo_z7_imx219.runs/design_1_v_demosaic_0_0_synth_1/prj/sol/.autopilot/db/v_demosaic.cpp:1072) [309]  (1.639 ns)
	'add' operation 13 bit ('add_ln820', C:/github/zybo_z7_cam_rpi_v2_5mp_hdmi/zybo_z7_imx219/zybo_z7_imx219.runs/design_1_v_demosaic_0_0_synth_1/prj/sol/.autopilot/db/v_demosaic.cpp:820->C:/github/zybo_z7_cam_rpi_v2_5mp_hdmi/zybo_z7_imx219/zybo_z7_imx219.runs/design_1_v_demosaic_0_0_synth_1/prj/sol/.autopilot/db/v_demosaic.cpp:1072) [311]  (1.547 ns)

 <State 6>: 5.470ns
The critical path consists of the following:
	'sub' operation 13 bit ('sub_ln820_1', C:/github/zybo_z7_cam_rpi_v2_5mp_hdmi/zybo_z7_imx219/zybo_z7_imx219.runs/design_1_v_demosaic_0_0_synth_1/prj/sol/.autopilot/db/v_demosaic.cpp:820->C:/github/zybo_z7_cam_rpi_v2_5mp_hdmi/zybo_z7_imx219/zybo_z7_imx219.runs/design_1_v_demosaic_0_0_synth_1/prj/sol/.autopilot/db/v_demosaic.cpp:1072) [313]  (1.679 ns)
	'sub' operation 12 bit ('sub_ln820_2', C:/github/zybo_z7_cam_rpi_v2_5mp_hdmi/zybo_z7_imx219/zybo_z7_imx219.runs/design_1_v_demosaic_0_0_synth_1/prj/sol/.autopilot/db/v_demosaic.cpp:820->C:/github/zybo_z7_cam_rpi_v2_5mp_hdmi/zybo_z7_imx219/zybo_z7_imx219.runs/design_1_v_demosaic_0_0_synth_1/prj/sol/.autopilot/db/v_demosaic.cpp:1072) [315]  (1.547 ns)
	'select' operation 12 bit ('select_ln820_1', C:/github/zybo_z7_cam_rpi_v2_5mp_hdmi/zybo_z7_imx219/zybo_z7_imx219.runs/design_1_v_demosaic_0_0_synth_1/prj/sol/.autopilot/db/v_demosaic.cpp:820->C:/github/zybo_z7_cam_rpi_v2_5mp_hdmi/zybo_z7_imx219/zybo_z7_imx219.runs/design_1_v_demosaic_0_0_synth_1/prj/sol/.autopilot/db/v_demosaic.cpp:1072) [317]  (0.000 ns)
	'sub' operation 12 bit ('CV', C:/github/zybo_z7_cam_rpi_v2_5mp_hdmi/zybo_z7_imx219/zybo_z7_imx219.runs/design_1_v_demosaic_0_0_synth_1/prj/sol/.autopilot/db/v_demosaic.cpp:817->C:/github/zybo_z7_cam_rpi_v2_5mp_hdmi/zybo_z7_imx219/zybo_z7_imx219.runs/design_1_v_demosaic_0_0_synth_1/prj/sol/.autopilot/db/v_demosaic.cpp:1072) [319]  (1.547 ns)
	'select' operation 12 bit ('r', C:/github/zybo_z7_cam_rpi_v2_5mp_hdmi/zybo_z7_imx219/zybo_z7_imx219.runs/design_1_v_demosaic_0_0_synth_1/prj/sol/.autopilot/db/v_demosaic.cpp:823->C:/github/zybo_z7_cam_rpi_v2_5mp_hdmi/zybo_z7_imx219/zybo_z7_imx219.runs/design_1_v_demosaic_0_0_synth_1/prj/sol/.autopilot/db/v_demosaic.cpp:1072) [320]  (0.697 ns)

 <State 7>: 6.192ns
The critical path consists of the following:
	'phi' operation 12 bit ('r') with incoming values : ('zext_ln763', C:/github/zybo_z7_cam_rpi_v2_5mp_hdmi/zybo_z7_imx219/zybo_z7_imx219.runs/design_1_v_demosaic_0_0_synth_1/prj/sol/.autopilot/db/v_demosaic.cpp:763->C:/github/zybo_z7_cam_rpi_v2_5mp_hdmi/zybo_z7_imx219/zybo_z7_imx219.runs/design_1_v_demosaic_0_0_synth_1/prj/sol/.autopilot/db/v_demosaic.cpp:1072) ('r', C:/github/zybo_z7_cam_rpi_v2_5mp_hdmi/zybo_z7_imx219/zybo_z7_imx219.runs/design_1_v_demosaic_0_0_synth_1/prj/sol/.autopilot/db/v_demosaic.cpp:823->C:/github/zybo_z7_cam_rpi_v2_5mp_hdmi/zybo_z7_imx219/zybo_z7_imx219.runs/design_1_v_demosaic_0_0_synth_1/prj/sol/.autopilot/db/v_demosaic.cpp:1072) [324]  (0.000 ns)
	'icmp' operation 1 bit ('icmp_ln827', C:/github/zybo_z7_cam_rpi_v2_5mp_hdmi/zybo_z7_imx219/zybo_z7_imx219.runs/design_1_v_demosaic_0_0_synth_1/prj/sol/.autopilot/db/v_demosaic.cpp:827->C:/github/zybo_z7_cam_rpi_v2_5mp_hdmi/zybo_z7_imx219/zybo_z7_imx219.runs/design_1_v_demosaic_0_0_synth_1/prj/sol/.autopilot/db/v_demosaic.cpp:1072) [328]  (1.565 ns)
	'or' operation 1 bit ('or_ln827', C:/github/zybo_z7_cam_rpi_v2_5mp_hdmi/zybo_z7_imx219/zybo_z7_imx219.runs/design_1_v_demosaic_0_0_synth_1/prj/sol/.autopilot/db/v_demosaic.cpp:827->C:/github/zybo_z7_cam_rpi_v2_5mp_hdmi/zybo_z7_imx219/zybo_z7_imx219.runs/design_1_v_demosaic_0_0_synth_1/prj/sol/.autopilot/db/v_demosaic.cpp:1072) [332]  (0.000 ns)
	'select' operation 10 bit ('select_ln827', C:/github/zybo_z7_cam_rpi_v2_5mp_hdmi/zybo_z7_imx219/zybo_z7_imx219.runs/design_1_v_demosaic_0_0_synth_1/prj/sol/.autopilot/db/v_demosaic.cpp:827->C:/github/zybo_z7_cam_rpi_v2_5mp_hdmi/zybo_z7_imx219/zybo_z7_imx219.runs/design_1_v_demosaic_0_0_synth_1/prj/sol/.autopilot/db/v_demosaic.cpp:1072) [333]  (0.993 ns)
	fifo write operation ('write_ln835', C:/github/zybo_z7_cam_rpi_v2_5mp_hdmi/zybo_z7_imx219/zybo_z7_imx219.runs/design_1_v_demosaic_0_0_synth_1/prj/sol/.autopilot/db/v_demosaic.cpp:835->C:/github/zybo_z7_cam_rpi_v2_5mp_hdmi/zybo_z7_imx219/zybo_z7_imx219.runs/design_1_v_demosaic_0_0_synth_1/prj/sol/.autopilot/db/v_demosaic.cpp:1072) on port 'imgRB' (C:/github/zybo_z7_cam_rpi_v2_5mp_hdmi/zybo_z7_imx219/zybo_z7_imx219.runs/design_1_v_demosaic_0_0_synth_1/prj/sol/.autopilot/db/v_demosaic.cpp:835->C:/github/zybo_z7_cam_rpi_v2_5mp_hdmi/zybo_z7_imx219/zybo_z7_imx219.runs/design_1_v_demosaic_0_0_synth_1/prj/sol/.autopilot/db/v_demosaic.cpp:1072) [347]  (3.634 ns)


============================================================
+ Verbose Summary: Binding
============================================================
N/A
* FSMD analyzer results:
  - Output states:
 - Input state : 
  - Chain level:
	State 1
	State 2
	State 3
	State 4
	State 5
	State 6
	State 7


============================================================
+ Verbose Summary: Datapath Resource usage 
============================================================
N/A
