

================================================================
== Vitis HLS Report for 'ZipperRemoval_Pipeline_VITIS_LOOP_1101_2'
================================================================
* Date:           Wed Sep 23 22:09:38 2026

* Version:        2025.2 (Build 6295257 on Nov 14 2025)
* Project:        prj
* Solution:       sol (Vivado IP Flow Target)
* Product family: zynq
* Target device:  xc7z020-clg400-1


================================================================
== Performance Estimates
================================================================
+ Timing: 
    * Summary: 
    +--------+----------+----------+------------+
    |  Clock |  Target  | Estimated| Uncertainty|
    +--------+----------+----------+------------+
    |ap_clk  |  10.00 ns|  7.231 ns|     2.70 ns|
    +--------+----------+----------+------------+

+ Latency: 
    * Summary: 
    +---------+---------+-----------+----------+-----+-----+-------------------+
    |  Latency (cycles) |  Latency (absolute)  |  Interval |      Pipeline     |
    |   min   |   max   |    min    |    max   | min | max |        Type       |
    +---------+---------+-----------+----------+-----+-----+-------------------+
    |        5|    65540|  50.000 ns|  0.655 ms|    0|    0|  loop pipeline stp|
    +---------+---------+-----------+----------+-----+-----+-------------------+

    + Detail: 
        * Instance: 
        N/A

        * Loop: 
        +---------------------+---------+---------+----------+-----------+-----------+-----------+----------+
        |                     |  Latency (cycles) | Iteration|  Initiation Interval  |    Trip   |          |
        |      Loop Name      |   min   |   max   |  Latency |  achieved |   target  |   Count   | Pipelined|
        +---------------------+---------+---------+----------+-----------+-----------+-----------+----------+
        |- VITIS_LOOP_1101_2  |        3|    65538|         4|          1|          1|  1 ~ 65536|       yes|
        +---------------------+---------+---------+----------+-----------+-----------+-----------+----------+



================================================================
== Utilization Estimates
================================================================
* Summary: 
+-----------------+---------+-----+--------+-------+-----+
|       Name      | BRAM_18K| DSP |   FF   |  LUT  | URAM|
+-----------------+---------+-----+--------+-------+-----+
|DSP              |        -|    -|       -|      -|    -|
|Expression       |        -|    -|       0|    308|    -|
|FIFO             |        -|    -|       -|      -|    -|
|Instance         |        -|    -|       -|      -|    -|
|Memory           |        -|    -|       -|      -|    -|
|Multiplexer      |        -|    -|       0|    140|    -|
|Register         |        -|    -|     227|     32|    -|
+-----------------+---------+-----+--------+-------+-----+
|Total            |        0|    0|     227|    480|    0|
+-----------------+---------+-----+--------+-------+-----+
|Available        |      280|  220|  106400|  53200|    0|
+-----------------+---------+-----+--------+-------+-----+
|Utilization (%)  |        0|    0|      ~0|     ~0|    0|
+-----------------+---------+-----+--------+-------+-----+

+ Detail: 
    * Instance: 
    N/A

    * DSP: 
    N/A

    * Memory: 
    N/A

    * FIFO: 
    N/A

    * Expression: 
    +---------------------------------------+----------+----+---+----+------------+------------+
    |             Variable Name             | Operation| DSP| FF| LUT| Bitwidth P0| Bitwidth P1|
    +---------------------------------------+----------+----+---+----+------------+------------+
    |add_ln1129_1_fu_381_p2                 |         +|   0|  0|  10|          10|          10|
    |add_ln1129_fu_371_p2                   |         +|   0|  0|  14|           9|           9|
    |add_ln1147_1_fu_432_p2                 |         +|   0|  0|  12|          12|          12|
    |add_ln1147_fu_422_p2                   |         +|   0|  0|  12|          11|          11|
    |add_ln1148_1_fu_477_p2                 |         +|   0|  0|  12|          12|          12|
    |add_ln1148_fu_467_p2                   |         +|   0|  0|  12|          11|          11|
    |add_ln1149_1_fu_522_p2                 |         +|   0|  0|  12|          12|          12|
    |add_ln1149_fu_512_p2                   |         +|   0|  0|  12|          11|          11|
    |lum_fu_387_p2                          |         +|   0|  0|  10|          10|          10|
    |x_2_fu_223_p2                          |         +|   0|  0|  24|          17|           1|
    |and_ln1144_1_fu_613_p2                 |       and|   0|  0|   2|           1|           1|
    |and_ln1144_fu_590_p2                   |       and|   0|  0|   2|           1|           1|
    |ap_block_state2_pp0_stage0_iter1_grp1  |       and|   0|  0|   2|           1|           1|
    |ap_block_state4_pp0_stage0_iter3_grp1  |       and|   0|  0|   2|           1|           1|
    |ap_condition_539                       |       and|   0|  0|   2|           1|           1|
    |ap_predicate_op40_read_state2          |       and|   0|  0|   2|           1|           1|
    |icmp_ln1101_fu_217_p2                  |      icmp|   0|  0|  24|          17|          17|
    |icmp_ln1107_fu_229_p2                  |      icmp|   0|  0|  24|          17|          17|
    |icmp_ln1144_1_fu_579_p2                |      icmp|   0|  0|  14|           7|           7|
    |icmp_ln1144_2_fu_596_p2                |      icmp|   0|  0|  13|          10|          10|
    |icmp_ln1144_3_fu_608_p2                |      icmp|   0|  0|  14|           7|           7|
    |icmp_ln1144_fu_573_p2                  |      icmp|   0|  0|  13|          10|          10|
    |icmp_ln1159_fu_235_p2                  |      icmp|   0|  0|  24|          17|           1|
    |ap_block_pp0_stage0_01001_grp1         |        or|   0|  0|   2|           1|           1|
    |or_ln1144_fu_619_p2                    |        or|   0|  0|   2|           1|           1|
    |conv3_i_i188717_fu_637_p3              |    select|   0|  0|  10|           1|          10|
    |conv3_i_i719_fu_625_p3                 |    select|   0|  0|  10|           1|          10|
    |conv3_i_i79718_fu_631_p3               |    select|   0|  0|  10|           1|          10|
    |ap_enable_pp0                          |       xor|   0|  0|   2|           1|           2|
    |xor_ln1144_1_fu_602_p2                 |       xor|   0|  0|   2|           1|           2|
    |xor_ln1144_fu_584_p2                   |       xor|   0|  0|   2|           1|           2|
    +---------------------------------------+----------+----+---+----+------------+------------+
    |Total                                  |          |   0|  0| 308|         214|         212|
    +---------------------------------------+----------+----+---+----+------------+------------+

    * Multiplexer: 
    +-------------------------+----+-----------+-----+-----------+
    |           Name          | LUT| Input Size| Bits| Total Bits|
    +-------------------------+----+-----------+-----+-----------+
    |ap_done_int              |   9|          2|    1|          2|
    |ap_enable_reg_pp0_iter2  |   9|          2|    1|          2|
    |ap_sig_allocacmp_x_1     |   9|          2|   17|         34|
    |imgRgb_blk_n             |   9|          2|    1|          2|
    |imgUnzip_blk_n           |   9|          2|    1|          2|
    |p_0_0_0504_1709_out_o    |   9|          2|   10|         20|
    |p_0_0_0504_1715_fu_126   |   9|          2|   10|         20|
    |p_0_0_0505_1708_out_o    |   9|          2|   10|         20|
    |p_0_0_0505_1713_fu_122   |   9|          2|   10|         20|
    |p_0_0_0506_1707_out_o    |   9|          2|   10|         20|
    |p_0_0_0506_1711_fu_118   |   9|          2|   10|         20|
    |p_0_0_0507_1706_out_o    |   9|          2|   10|         20|
    |p_0_0_0507_1710_fu_114   |   9|          2|    7|         14|
    |phi_ln1132_out           |  14|          3|    7|         21|
    |x_fu_110                 |   9|          2|   17|         34|
    +-------------------------+----+-----------+-----+-----------+
    |Total                    | 140|         31|  122|        251|
    +-------------------------+----+-----------+-----+-----------+

    * Register: 
    +--------------------------------------------+----+----+-----+-----------+
    |                    Name                    | FF | LUT| Bits| Const Bits|
    +--------------------------------------------+----+----+-----+-----------+
    |ap_CS_fsm                                   |   1|   0|    1|          0|
    |ap_block_pp0_stage0_subdone_grp0_done_reg   |   1|   0|    1|          0|
    |ap_done_reg                                 |   1|   0|    1|          0|
    |ap_enable_reg_pp0_iter1                     |   1|   0|    1|          0|
    |ap_enable_reg_pp0_iter2                     |   1|   0|    1|          0|
    |ap_enable_reg_pp0_iter3                     |   1|   0|    1|          0|
    |ap_loop_exit_ready_pp0_iter1_reg            |   1|   0|    1|          0|
    |ap_loop_exit_ready_pp0_iter2_reg            |   1|   0|    1|          0|
    |b_s_reg_771                                 |  10|   0|   10|          0|
    |g_s_reg_766                                 |  10|   0|   10|          0|
    |icmp_ln1101_reg_718                         |   1|   0|    1|          0|
    |icmp_ln1101_reg_718_pp0_iter1_reg           |   1|   0|    1|          0|
    |icmp_ln1107_reg_722                         |   1|   0|    1|          0|
    |icmp_ln1159_reg_726                         |   1|   0|    1|          0|
    |p_0_0_0504_1715_fu_126                      |  10|   0|   10|          0|
    |p_0_0_0504_1715_load_reg_746                |  10|   0|   10|          0|
    |p_0_0_0504_1715_load_reg_746_pp0_iter2_reg  |  10|   0|   10|          0|
    |p_0_0_0505_1713_fu_122                      |  10|   0|   10|          0|
    |p_0_0_0505_1713_load_reg_738                |  10|   0|   10|          0|
    |p_0_0_0505_1713_load_reg_738_pp0_iter2_reg  |  10|   0|   10|          0|
    |p_0_0_0506_1711_fu_118                      |  10|   0|   10|          0|
    |p_0_0_0506_1711_load_reg_730                |  10|   0|   10|          0|
    |p_0_0_0506_1711_load_reg_730_pp0_iter2_reg  |  10|   0|   10|          0|
    |p_0_0_0507_1710_fu_114                      |   7|   0|    7|          0|
    |r_s_reg_761                                 |  10|   0|   10|          0|
    |trunc_ln1_reg_754                           |   7|   0|    7|          0|
    |x_fu_110                                    |  17|   0|   17|          0|
    |icmp_ln1159_reg_726                         |  64|  32|    1|          0|
    +--------------------------------------------+----+----+-----+-----------+
    |Total                                       | 227|  32|  164|          0|
    +--------------------------------------------+----+----+-----+-----------+



================================================================
== Interface
================================================================
* Summary: 
+------------------------------+-----+-----+------------+------------------------------------------+--------------+
|           RTL Ports          | Dir | Bits|  Protocol  |               Source Object              |    C Type    |
+------------------------------+-----+-----+------------+------------------------------------------+--------------+
|ap_clk                        |   in|    1|  ap_ctrl_hs|  ZipperRemoval_Pipeline_VITIS_LOOP_1101_2|  return value|
|ap_rst                        |   in|    1|  ap_ctrl_hs|  ZipperRemoval_Pipeline_VITIS_LOOP_1101_2|  return value|
|ap_start                      |   in|    1|  ap_ctrl_hs|  ZipperRemoval_Pipeline_VITIS_LOOP_1101_2|  return value|
|ap_done                       |  out|    1|  ap_ctrl_hs|  ZipperRemoval_Pipeline_VITIS_LOOP_1101_2|  return value|
|ap_idle                       |  out|    1|  ap_ctrl_hs|  ZipperRemoval_Pipeline_VITIS_LOOP_1101_2|  return value|
|ap_ready                      |  out|    1|  ap_ctrl_hs|  ZipperRemoval_Pipeline_VITIS_LOOP_1101_2|  return value|
|imgRgb_dout                   |   in|   30|     ap_fifo|                                    imgRgb|       pointer|
|imgRgb_empty_n                |   in|    1|     ap_fifo|                                    imgRgb|       pointer|
|imgRgb_read                   |  out|    1|     ap_fifo|                                    imgRgb|       pointer|
|imgRgb_num_data_valid         |   in|    3|     ap_fifo|                                    imgRgb|       pointer|
|imgRgb_fifo_cap               |   in|    3|     ap_fifo|                                    imgRgb|       pointer|
|imgUnzip_din                  |  out|   30|     ap_fifo|                                  imgUnzip|       pointer|
|imgUnzip_full_n               |   in|    1|     ap_fifo|                                  imgUnzip|       pointer|
|imgUnzip_write                |  out|    1|     ap_fifo|                                  imgUnzip|       pointer|
|imgUnzip_num_data_valid       |   in|   32|     ap_fifo|                                  imgUnzip|       pointer|
|imgUnzip_fifo_cap             |   in|   32|     ap_fifo|                                  imgUnzip|       pointer|
|p_0_0_0501703_lcssa716741     |   in|   10|     ap_none|                 p_0_0_0501703_lcssa716741|        scalar|
|p_0_0_0502701_lcssa714739     |   in|   10|     ap_none|                 p_0_0_0502701_lcssa714739|        scalar|
|p_0_0_0503705_lcssa712737     |   in|   10|     ap_none|                 p_0_0_0503705_lcssa712737|        scalar|
|conv2_i_i_lcssa735            |   in|    7|     ap_none|                        conv2_i_i_lcssa735|        scalar|
|width_val                     |   in|   16|   ap_stable|                                 width_val|        scalar|
|loopWidth                     |   in|   17|   ap_stable|                                 loopWidth|        scalar|
|p_0_0_0504_1715_out           |  out|   10|      ap_vld|                       p_0_0_0504_1715_out|       pointer|
|p_0_0_0504_1715_out_ap_vld    |  out|    1|      ap_vld|                       p_0_0_0504_1715_out|       pointer|
|p_0_0_0505_1713_out           |  out|   10|      ap_vld|                       p_0_0_0505_1713_out|       pointer|
|p_0_0_0505_1713_out_ap_vld    |  out|    1|      ap_vld|                       p_0_0_0505_1713_out|       pointer|
|p_0_0_0506_1711_out           |  out|   10|      ap_vld|                       p_0_0_0506_1711_out|       pointer|
|p_0_0_0506_1711_out_ap_vld    |  out|    1|      ap_vld|                       p_0_0_0506_1711_out|       pointer|
|p_0_0_0504_1709_out_i         |   in|   10|     ap_ovld|                       p_0_0_0504_1709_out|       pointer|
|p_0_0_0504_1709_out_o         |  out|   10|     ap_ovld|                       p_0_0_0504_1709_out|       pointer|
|p_0_0_0504_1709_out_o_ap_vld  |  out|    1|     ap_ovld|                       p_0_0_0504_1709_out|       pointer|
|p_0_0_0505_1708_out_i         |   in|   10|     ap_ovld|                       p_0_0_0505_1708_out|       pointer|
|p_0_0_0505_1708_out_o         |  out|   10|     ap_ovld|                       p_0_0_0505_1708_out|       pointer|
|p_0_0_0505_1708_out_o_ap_vld  |  out|    1|     ap_ovld|                       p_0_0_0505_1708_out|       pointer|
|p_0_0_0506_1707_out_i         |   in|   10|     ap_ovld|                       p_0_0_0506_1707_out|       pointer|
|p_0_0_0506_1707_out_o         |  out|   10|     ap_ovld|                       p_0_0_0506_1707_out|       pointer|
|p_0_0_0506_1707_out_o_ap_vld  |  out|    1|     ap_ovld|                       p_0_0_0506_1707_out|       pointer|
|p_0_0_0507_1706_out_i         |   in|   10|     ap_ovld|                       p_0_0_0507_1706_out|       pointer|
|p_0_0_0507_1706_out_o         |  out|   10|     ap_ovld|                       p_0_0_0507_1706_out|       pointer|
|p_0_0_0507_1706_out_o_ap_vld  |  out|    1|     ap_ovld|                       p_0_0_0507_1706_out|       pointer|
|phi_ln1132_out                |  out|    7|      ap_vld|                            phi_ln1132_out|       pointer|
|phi_ln1132_out_ap_vld         |  out|    1|      ap_vld|                            phi_ln1132_out|       pointer|
+------------------------------+-----+-----+------------+------------------------------------------+--------------+

============================================================
+ Verbose Summary: Synthesis Manager
============================================================
InlineROM: 1
ExposeGlobal: 0
============================================================
+ Verbose Summary: CDFG Model
============================================================
IsTopModel: 0
ResetActiveHigh: 1
IsCombinational: 2
IsDatapathOnly: 2
HasWiredReturn: 1
HasMFsm: 2
HasVarLatency: 1
IsPipeline: 0
IsRtlPipelined: 0
IsInstanceOverlapped: 0
IsDontTouch: 0
HasImplIP: 0
IsGatedGlobalClock: 0

+ Individual pipeline summary: 
  * Pipeline-0: initiation interval (II) = 1, depth = 4


============================================================
+ Verbose Summary: Schedule
============================================================
* Number of FSM states : 4
* Pipeline : 1
  Pipeline-0 : II = 1, D = 4, States = { 1 2 3 4 }
* Dataflow Pipeline: 0

* FSM state transitions: 
1 --> 2 
2 --> 3 
3 --> 4 
4 --> 

* FSM state operations: 

State 1 <SV = 0> <Delay = 5.28>
ST_1 : Operation 7 [1/1] (0.00ns)   --->   "%x = alloca i32 1" [V:/zybo_z7_imx219/zybo_z7_imx219.runs/design_1_v_demosaic_0_0_synth_1/prj/sol/.autopilot/db/v_demosaic.cpp:1083]   --->   Operation 7 'alloca' 'x' <Predicate = true> <Delay = 0.00>
ST_1 : Operation 8 [1/1] (0.00ns)   --->   "%p_0_0_0507_1710 = alloca i32 1"   --->   Operation 8 'alloca' 'p_0_0_0507_1710' <Predicate = true> <Delay = 0.00>
ST_1 : Operation 9 [1/1] (0.00ns)   --->   "%p_0_0_0506_1711 = alloca i32 1"   --->   Operation 9 'alloca' 'p_0_0_0506_1711' <Predicate = true> <Delay = 0.00>
ST_1 : Operation 10 [1/1] (0.00ns)   --->   "%p_0_0_0505_1713 = alloca i32 1"   --->   Operation 10 'alloca' 'p_0_0_0505_1713' <Predicate = true> <Delay = 0.00>
ST_1 : Operation 11 [1/1] (0.00ns)   --->   "%p_0_0_0504_1715 = alloca i32 1"   --->   Operation 11 'alloca' 'p_0_0_0504_1715' <Predicate = true> <Delay = 0.00>
ST_1 : Operation 12 [1/1] (0.00ns)   --->   "%specinterface_ln0 = specinterface void @_ssdm_op_SpecInterface, i30 %imgRgb, void @empty_20, i32 0, i32 0, void @empty_14, i32 0, i32 0, void @empty_14, void @empty_14, void @empty_14, i32 0, i32 0, i32 0, i32 0, void @empty_14, void @empty_14, i32 4294967295, i32 0, i32 0, i32 0"   --->   Operation 12 'specinterface' 'specinterface_ln0' <Predicate = true> <Delay = 0.00>
ST_1 : Operation 13 [1/1] (0.00ns)   --->   "%specinterface_ln0 = specinterface void @_ssdm_op_SpecInterface, i30 %imgUnzip, void @empty_20, i32 0, i32 0, void @empty_14, i32 0, i32 0, void @empty_14, void @empty_14, void @empty_14, i32 0, i32 0, i32 0, i32 0, void @empty_14, void @empty_14, i32 4294967295, i32 0, i32 0, i32 0"   --->   Operation 13 'specinterface' 'specinterface_ln0' <Predicate = true> <Delay = 0.00>
ST_1 : Operation 14 [1/1] (0.00ns)   --->   "%loopWidth_read = read i17 @_ssdm_op_Read.ap_auto.i17, i17 %loopWidth" [V:/zybo_z7_imx219/zybo_z7_imx219.runs/design_1_v_demosaic_0_0_synth_1/prj/sol/.autopilot/db/v_demosaic.cpp:1078]   --->   Operation 14 'read' 'loopWidth_read' <Predicate = true> <Delay = 0.00>
ST_1 : Operation 15 [1/1] (0.00ns)   --->   "%width_val_read = read i16 @_ssdm_op_Read.ap_auto.i16, i16 %width_val" [V:/zybo_z7_imx219/zybo_z7_imx219.runs/design_1_v_demosaic_0_0_synth_1/prj/sol/.autopilot/db/v_demosaic.cpp:1078]   --->   Operation 15 'read' 'width_val_read' <Predicate = true> <Delay = 0.00>
ST_1 : Operation 16 [1/1] (0.00ns)   --->   "%conv2_i_i_lcssa735_read = read i7 @_ssdm_op_Read.ap_auto.i7, i7 %conv2_i_i_lcssa735" [V:/zybo_z7_imx219/zybo_z7_imx219.runs/design_1_v_demosaic_0_0_synth_1/prj/sol/.autopilot/db/v_demosaic.cpp:1078]   --->   Operation 16 'read' 'conv2_i_i_lcssa735_read' <Predicate = true> <Delay = 0.00>
ST_1 : Operation 17 [1/1] (0.00ns)   --->   "%p_0_0_0503705_lcssa712737_read = read i10 @_ssdm_op_Read.ap_auto.i10, i10 %p_0_0_0503705_lcssa712737" [V:/zybo_z7_imx219/zybo_z7_imx219.runs/design_1_v_demosaic_0_0_synth_1/prj/sol/.autopilot/db/v_demosaic.cpp:1078]   --->   Operation 17 'read' 'p_0_0_0503705_lcssa712737_read' <Predicate = true> <Delay = 0.00>
ST_1 : Operation 18 [1/1] (0.00ns)   --->   "%p_0_0_0502701_lcssa714739_read = read i10 @_ssdm_op_Read.ap_auto.i10, i10 %p_0_0_0502701_lcssa714739" [V:/zybo_z7_imx219/zybo_z7_imx219.runs/design_1_v_demosaic_0_0_synth_1/prj/sol/.autopilot/db/v_demosaic.cpp:1078]   --->   Operation 18 'read' 'p_0_0_0502701_lcssa714739_read' <Predicate = true> <Delay = 0.00>
ST_1 : Operation 19 [1/1] (0.00ns)   --->   "%p_0_0_0501703_lcssa716741_read = read i10 @_ssdm_op_Read.ap_auto.i10, i10 %p_0_0_0501703_lcssa716741" [V:/zybo_z7_imx219/zybo_z7_imx219.runs/design_1_v_demosaic_0_0_synth_1/prj/sol/.autopilot/db/v_demosaic.cpp:1078]   --->   Operation 19 'read' 'p_0_0_0501703_lcssa716741_read' <Predicate = true> <Delay = 0.00>
ST_1 : Operation 20 [1/1] (0.00ns)   --->   "%zext_ln1085 = zext i16 %width_val_read" [V:/zybo_z7_imx219/zybo_z7_imx219.runs/design_1_v_demosaic_0_0_synth_1/prj/sol/.autopilot/db/v_demosaic.cpp:1085]   --->   Operation 20 'zext' 'zext_ln1085' <Predicate = true> <Delay = 0.00>
ST_1 : Operation 21 [1/1] (1.58ns)   --->   "%store_ln1078 = store i10 %p_0_0_0501703_lcssa716741_read, i10 %p_0_0_0504_1715" [V:/zybo_z7_imx219/zybo_z7_imx219.runs/design_1_v_demosaic_0_0_synth_1/prj/sol/.autopilot/db/v_demosaic.cpp:1078]   --->   Operation 21 'store' 'store_ln1078' <Predicate = true> <Delay = 1.58>
ST_1 : Operation 22 [1/1] (1.58ns)   --->   "%store_ln1078 = store i10 %p_0_0_0502701_lcssa714739_read, i10 %p_0_0_0505_1713" [V:/zybo_z7_imx219/zybo_z7_imx219.runs/design_1_v_demosaic_0_0_synth_1/prj/sol/.autopilot/db/v_demosaic.cpp:1078]   --->   Operation 22 'store' 'store_ln1078' <Predicate = true> <Delay = 1.58>
ST_1 : Operation 23 [1/1] (1.58ns)   --->   "%store_ln1078 = store i10 %p_0_0_0503705_lcssa712737_read, i10 %p_0_0_0506_1711" [V:/zybo_z7_imx219/zybo_z7_imx219.runs/design_1_v_demosaic_0_0_synth_1/prj/sol/.autopilot/db/v_demosaic.cpp:1078]   --->   Operation 23 'store' 'store_ln1078' <Predicate = true> <Delay = 1.58>
ST_1 : Operation 24 [1/1] (1.58ns)   --->   "%store_ln1078 = store i7 %conv2_i_i_lcssa735_read, i7 %p_0_0_0507_1710" [V:/zybo_z7_imx219/zybo_z7_imx219.runs/design_1_v_demosaic_0_0_synth_1/prj/sol/.autopilot/db/v_demosaic.cpp:1078]   --->   Operation 24 'store' 'store_ln1078' <Predicate = true> <Delay = 1.58>
ST_1 : Operation 25 [1/1] (1.58ns)   --->   "%store_ln1083 = store i17 0, i17 %x" [V:/zybo_z7_imx219/zybo_z7_imx219.runs/design_1_v_demosaic_0_0_synth_1/prj/sol/.autopilot/db/v_demosaic.cpp:1083]   --->   Operation 25 'store' 'store_ln1083' <Predicate = true> <Delay = 1.58>
ST_1 : Operation 26 [1/1] (1.58ns)   --->   "%store_ln0 = store i7 0, i7 %phi_ln1132_out"   --->   Operation 26 'store' 'store_ln0' <Predicate = true> <Delay = 1.58>
ST_1 : Operation 27 [1/1] (0.00ns)   --->   "%br_ln1101 = br void %for.body25" [V:/zybo_z7_imx219/zybo_z7_imx219.runs/design_1_v_demosaic_0_0_synth_1/prj/sol/.autopilot/db/v_demosaic.cpp:1101]   --->   Operation 27 'br' 'br_ln1101' <Predicate = true> <Delay = 0.00>
ST_1 : Operation 28 [1/1] (0.00ns)   --->   "%x_1 = load i17 %x" [V:/zybo_z7_imx219/zybo_z7_imx219.runs/design_1_v_demosaic_0_0_synth_1/prj/sol/.autopilot/db/v_demosaic.cpp:1101]   --->   Operation 28 'load' 'x_1' <Predicate = true> <Delay = 0.00>
ST_1 : Operation 29 [1/1] (2.10ns)   --->   "%icmp_ln1101 = icmp_eq  i17 %x_1, i17 %loopWidth_read" [V:/zybo_z7_imx219/zybo_z7_imx219.runs/design_1_v_demosaic_0_0_synth_1/prj/sol/.autopilot/db/v_demosaic.cpp:1101]   --->   Operation 29 'icmp' 'icmp_ln1101' <Predicate = true> <Delay = 2.10> <CoreInst = "Cmp">   --->   Core 9 'Cmp' <Latency = 0> <II = 1> <Delay = 2.10> <FuncUnit> <Opcode : 'seteq' 'setne' 'setle' 'setge' 'setlt' 'setgt'> <InPorts = 2> <OutPorts = 1>
ST_1 : Operation 30 [1/1] (2.10ns)   --->   "%x_2 = add i17 %x_1, i17 1" [V:/zybo_z7_imx219/zybo_z7_imx219.runs/design_1_v_demosaic_0_0_synth_1/prj/sol/.autopilot/db/v_demosaic.cpp:1101]   --->   Operation 30 'add' 'x_2' <Predicate = true> <Delay = 2.10> <CoreInst = "Adder">   --->   Core 1 'Adder' <Latency = 0> <II = 1> <Delay = 2.10> <FuncUnit> <Opcode : 'add' 'sub'> <InPorts = 2> <OutPorts = 1>
ST_1 : Operation 31 [1/1] (0.00ns)   --->   "%br_ln1101 = br i1 %icmp_ln1101, void %for.body25.split, void %for.inc226.exitStub" [V:/zybo_z7_imx219/zybo_z7_imx219.runs/design_1_v_demosaic_0_0_synth_1/prj/sol/.autopilot/db/v_demosaic.cpp:1101]   --->   Operation 31 'br' 'br_ln1101' <Predicate = true> <Delay = 0.00>
ST_1 : Operation 32 [1/1] (2.10ns)   --->   "%icmp_ln1107 = icmp_ult  i17 %x_1, i17 %zext_ln1085" [V:/zybo_z7_imx219/zybo_z7_imx219.runs/design_1_v_demosaic_0_0_synth_1/prj/sol/.autopilot/db/v_demosaic.cpp:1107]   --->   Operation 32 'icmp' 'icmp_ln1107' <Predicate = (!icmp_ln1101)> <Delay = 2.10> <CoreInst = "Cmp">   --->   Core 9 'Cmp' <Latency = 0> <II = 1> <Delay = 2.10> <FuncUnit> <Opcode : 'seteq' 'setne' 'setle' 'setge' 'setlt' 'setgt'> <InPorts = 2> <OutPorts = 1>
ST_1 : Operation 33 [1/1] (0.00ns)   --->   "%br_ln1107 = br i1 %icmp_ln1107, void %for.inc_ifconv, void %if.then" [V:/zybo_z7_imx219/zybo_z7_imx219.runs/design_1_v_demosaic_0_0_synth_1/prj/sol/.autopilot/db/v_demosaic.cpp:1107]   --->   Operation 33 'br' 'br_ln1107' <Predicate = (!icmp_ln1101)> <Delay = 0.00>
ST_1 : Operation 34 [1/1] (2.10ns)   --->   "%icmp_ln1159 = icmp_eq  i17 %x_1, i17 0" [V:/zybo_z7_imx219/zybo_z7_imx219.runs/design_1_v_demosaic_0_0_synth_1/prj/sol/.autopilot/db/v_demosaic.cpp:1159]   --->   Operation 34 'icmp' 'icmp_ln1159' <Predicate = (!icmp_ln1101)> <Delay = 2.10> <CoreInst = "Cmp">   --->   Core 9 'Cmp' <Latency = 0> <II = 1> <Delay = 2.10> <FuncUnit> <Opcode : 'seteq' 'setne' 'setle' 'setge' 'setlt' 'setgt'> <InPorts = 2> <OutPorts = 1>
ST_1 : Operation 35 [1/1] (0.00ns)   --->   "%br_ln1159 = br i1 %icmp_ln1159, void %if.then221, void %for.inc223" [V:/zybo_z7_imx219/zybo_z7_imx219.runs/design_1_v_demosaic_0_0_synth_1/prj/sol/.autopilot/db/v_demosaic.cpp:1159]   --->   Operation 35 'br' 'br_ln1159' <Predicate = (!icmp_ln1101)> <Delay = 0.00>
ST_1 : Operation 36 [1/1] (1.58ns)   --->   "%store_ln1083 = store i17 %x_2, i17 %x" [V:/zybo_z7_imx219/zybo_z7_imx219.runs/design_1_v_demosaic_0_0_synth_1/prj/sol/.autopilot/db/v_demosaic.cpp:1083]   --->   Operation 36 'store' 'store_ln1083' <Predicate = (!icmp_ln1101)> <Delay = 1.58>

State 2 <SV = 1> <Delay = 5.22>
ST_2 : Operation 37 [1/1] (0.00ns)   --->   "%p_0_0_0506_1711_load = load i10 %p_0_0_0506_1711"   --->   Operation 37 'load' 'p_0_0_0506_1711_load' <Predicate = true> <Delay = 0.00>
ST_2 : Operation 38 [1/1] (0.00ns)   --->   "%p_0_0_0505_1713_load = load i10 %p_0_0_0505_1713"   --->   Operation 38 'load' 'p_0_0_0505_1713_load' <Predicate = true> <Delay = 0.00>
ST_2 : Operation 39 [1/1] (0.00ns)   --->   "%p_0_0_0504_1715_load = load i10 %p_0_0_0504_1715"   --->   Operation 39 'load' 'p_0_0_0504_1715_load' <Predicate = true> <Delay = 0.00>
ST_2 : Operation 40 [1/1] ( I:3.63ns O:3.63ns )   --->   "%imgRgb_read = read i30 @_ssdm_op_Read.ap_fifo.volatile.i30P0A, i30 %imgRgb" [V:/zybo_z7_imx219/zybo_z7_imx219.runs/design_1_v_demosaic_0_0_synth_1/prj/sol/.autopilot/db/v_demosaic.cpp:1109]   --->   Operation 40 'read' 'imgRgb_read' <Predicate = (!icmp_ln1101 & icmp_ln1107)> <Delay = 3.63> <CoreInst = "FIFO_SRL">   --->   Core 80 'FIFO_SRL' <Latency = 0> <II = 1> <Delay = 3.63> <Storage> <Opcode : 'read' 'write' 'nbread' 'nbwrite'> <Ports = 0> <Width = 30> <Depth = 2> <FIFO>
ST_2 : Operation 41 [1/1] (0.00ns)   --->   "%trunc_ln1109 = trunc i30 %imgRgb_read" [V:/zybo_z7_imx219/zybo_z7_imx219.runs/design_1_v_demosaic_0_0_synth_1/prj/sol/.autopilot/db/v_demosaic.cpp:1109]   --->   Operation 41 'trunc' 'trunc_ln1109' <Predicate = (!icmp_ln1101 & icmp_ln1107)> <Delay = 0.00>
ST_2 : Operation 42 [1/1] (0.00ns)   --->   "%trunc_ln1109_1 = partselect i10 @_ssdm_op_PartSelect.i10.i30.i32.i32, i30 %imgRgb_read, i32 10, i32 19" [V:/zybo_z7_imx219/zybo_z7_imx219.runs/design_1_v_demosaic_0_0_synth_1/prj/sol/.autopilot/db/v_demosaic.cpp:1109]   --->   Operation 42 'partselect' 'trunc_ln1109_1' <Predicate = (!icmp_ln1101 & icmp_ln1107)> <Delay = 0.00>
ST_2 : Operation 43 [1/1] (0.00ns)   --->   "%trunc_ln1109_2 = partselect i10 @_ssdm_op_PartSelect.i10.i30.i32.i32, i30 %imgRgb_read, i32 20, i32 29" [V:/zybo_z7_imx219/zybo_z7_imx219.runs/design_1_v_demosaic_0_0_synth_1/prj/sol/.autopilot/db/v_demosaic.cpp:1109]   --->   Operation 43 'partselect' 'trunc_ln1109_2' <Predicate = (!icmp_ln1101 & icmp_ln1107)> <Delay = 0.00>
ST_2 : Operation 44 [1/1] (1.58ns)   --->   "%store_ln1109 = store i10 %trunc_ln1109_1, i10 %p_0_0_0504_1715" [V:/zybo_z7_imx219/zybo_z7_imx219.runs/design_1_v_demosaic_0_0_synth_1/prj/sol/.autopilot/db/v_demosaic.cpp:1109]   --->   Operation 44 'store' 'store_ln1109' <Predicate = (!icmp_ln1101 & icmp_ln1107)> <Delay = 1.58>
ST_2 : Operation 45 [1/1] (1.58ns)   --->   "%store_ln1109 = store i10 %trunc_ln1109, i10 %p_0_0_0505_1713" [V:/zybo_z7_imx219/zybo_z7_imx219.runs/design_1_v_demosaic_0_0_synth_1/prj/sol/.autopilot/db/v_demosaic.cpp:1109]   --->   Operation 45 'store' 'store_ln1109' <Predicate = (!icmp_ln1101 & icmp_ln1107)> <Delay = 1.58>
ST_2 : Operation 46 [1/1] (1.58ns)   --->   "%store_ln1109 = store i10 %trunc_ln1109_2, i10 %p_0_0_0506_1711" [V:/zybo_z7_imx219/zybo_z7_imx219.runs/design_1_v_demosaic_0_0_synth_1/prj/sol/.autopilot/db/v_demosaic.cpp:1109]   --->   Operation 46 'store' 'store_ln1109' <Predicate = (!icmp_ln1101 & icmp_ln1107)> <Delay = 1.58>
ST_2 : Operation 47 [1/1] (0.00ns)   --->   "%br_ln1110 = br void %for.inc_ifconv" [V:/zybo_z7_imx219/zybo_z7_imx219.runs/design_1_v_demosaic_0_0_synth_1/prj/sol/.autopilot/db/v_demosaic.cpp:1110]   --->   Operation 47 'br' 'br_ln1110' <Predicate = (!icmp_ln1101 & icmp_ln1107)> <Delay = 0.00>

State 3 <SV = 2> <Delay = 7.23>
ST_3 : Operation 48 [1/1] (0.00ns)   --->   "%p_0_0_0506_1707_out_load = load i10 %p_0_0_0506_1707_out" [V:/zybo_z7_imx219/zybo_z7_imx219.runs/design_1_v_demosaic_0_0_synth_1/prj/sol/.autopilot/db/v_demosaic.cpp:1147]   --->   Operation 48 'load' 'p_0_0_0506_1707_out_load' <Predicate = true> <Delay = 0.00>
ST_3 : Operation 49 [1/1] (0.00ns)   --->   "%p_0_0_0505_1708_out_load = load i10 %p_0_0_0505_1708_out" [V:/zybo_z7_imx219/zybo_z7_imx219.runs/design_1_v_demosaic_0_0_synth_1/prj/sol/.autopilot/db/v_demosaic.cpp:1148]   --->   Operation 49 'load' 'p_0_0_0505_1708_out_load' <Predicate = true> <Delay = 0.00>
ST_3 : Operation 50 [1/1] (0.00ns)   --->   "%p_0_0_0504_1709_out_load = load i10 %p_0_0_0504_1709_out" [V:/zybo_z7_imx219/zybo_z7_imx219.runs/design_1_v_demosaic_0_0_synth_1/prj/sol/.autopilot/db/v_demosaic.cpp:1149]   --->   Operation 50 'load' 'p_0_0_0504_1709_out_load' <Predicate = true> <Delay = 0.00>
ST_3 : Operation 51 [1/1] (0.00ns)   --->   "%p_0_0_0506_1711_load_1 = load i10 %p_0_0_0506_1711" [V:/zybo_z7_imx219/zybo_z7_imx219.runs/design_1_v_demosaic_0_0_synth_1/prj/sol/.autopilot/db/v_demosaic.cpp:1147]   --->   Operation 51 'load' 'p_0_0_0506_1711_load_1' <Predicate = true> <Delay = 0.00>
ST_3 : Operation 52 [1/1] (0.00ns)   --->   "%p_0_0_0505_1713_load_1 = load i10 %p_0_0_0505_1713" [V:/zybo_z7_imx219/zybo_z7_imx219.runs/design_1_v_demosaic_0_0_synth_1/prj/sol/.autopilot/db/v_demosaic.cpp:1148]   --->   Operation 52 'load' 'p_0_0_0505_1713_load_1' <Predicate = true> <Delay = 0.00>
ST_3 : Operation 53 [1/1] (0.00ns)   --->   "%p_0_0_0504_1715_load_1 = load i10 %p_0_0_0504_1715" [V:/zybo_z7_imx219/zybo_z7_imx219.runs/design_1_v_demosaic_0_0_synth_1/prj/sol/.autopilot/db/v_demosaic.cpp:1149]   --->   Operation 53 'load' 'p_0_0_0504_1715_load_1' <Predicate = true> <Delay = 0.00>
ST_3 : Operation 54 [1/1] (0.00ns)   --->   "%tmp = partselect i8 @_ssdm_op_PartSelect.i8.i10.i32.i32, i10 %p_0_0_0506_1711_load_1, i32 2, i32 9" [V:/zybo_z7_imx219/zybo_z7_imx219.runs/design_1_v_demosaic_0_0_synth_1/prj/sol/.autopilot/db/v_demosaic.cpp:1129]   --->   Operation 54 'partselect' 'tmp' <Predicate = true> <Delay = 0.00>
ST_3 : Operation 55 [1/1] (0.00ns)   --->   "%zext_ln1129_1 = zext i8 %tmp" [V:/zybo_z7_imx219/zybo_z7_imx219.runs/design_1_v_demosaic_0_0_synth_1/prj/sol/.autopilot/db/v_demosaic.cpp:1129]   --->   Operation 55 'zext' 'zext_ln1129_1' <Predicate = true> <Delay = 0.00>
ST_3 : Operation 56 [1/1] (0.00ns)   --->   "%lshr_ln1129_1 = partselect i9 @_ssdm_op_PartSelect.i9.i10.i32.i32, i10 %p_0_0_0505_1713_load_1, i32 1, i32 9" [V:/zybo_z7_imx219/zybo_z7_imx219.runs/design_1_v_demosaic_0_0_synth_1/prj/sol/.autopilot/db/v_demosaic.cpp:1129]   --->   Operation 56 'partselect' 'lshr_ln1129_1' <Predicate = true> <Delay = 0.00>
ST_3 : Operation 57 [1/1] (0.00ns)   --->   "%zext_ln1129_2 = zext i9 %lshr_ln1129_1" [V:/zybo_z7_imx219/zybo_z7_imx219.runs/design_1_v_demosaic_0_0_synth_1/prj/sol/.autopilot/db/v_demosaic.cpp:1129]   --->   Operation 57 'zext' 'zext_ln1129_2' <Predicate = true> <Delay = 0.00>
ST_3 : Operation 58 [1/1] (0.00ns)   --->   "%lshr_ln1129_2 = partselect i7 @_ssdm_op_PartSelect.i7.i10.i32.i32, i10 %p_0_0_0505_1713_load_1, i32 3, i32 9" [V:/zybo_z7_imx219/zybo_z7_imx219.runs/design_1_v_demosaic_0_0_synth_1/prj/sol/.autopilot/db/v_demosaic.cpp:1129]   --->   Operation 58 'partselect' 'lshr_ln1129_2' <Predicate = true> <Delay = 0.00>
ST_3 : Operation 59 [1/1] (0.00ns)   --->   "%zext_ln1129_3 = zext i7 %lshr_ln1129_2" [V:/zybo_z7_imx219/zybo_z7_imx219.runs/design_1_v_demosaic_0_0_synth_1/prj/sol/.autopilot/db/v_demosaic.cpp:1129]   --->   Operation 59 'zext' 'zext_ln1129_3' <Predicate = true> <Delay = 0.00>
ST_3 : Operation 60 [1/1] (0.00ns)   --->   "%tmp_1 = partselect i7 @_ssdm_op_PartSelect.i7.i10.i32.i32, i10 %p_0_0_0504_1715_load_1, i32 3, i32 9" [V:/zybo_z7_imx219/zybo_z7_imx219.runs/design_1_v_demosaic_0_0_synth_1/prj/sol/.autopilot/db/v_demosaic.cpp:1129]   --->   Operation 60 'partselect' 'tmp_1' <Predicate = true> <Delay = 0.00>
ST_3 : Operation 61 [1/1] (0.00ns)   --->   "%zext_ln1129_4 = zext i7 %tmp_1" [V:/zybo_z7_imx219/zybo_z7_imx219.runs/design_1_v_demosaic_0_0_synth_1/prj/sol/.autopilot/db/v_demosaic.cpp:1129]   --->   Operation 61 'zext' 'zext_ln1129_4' <Predicate = true> <Delay = 0.00>
ST_3 : Operation 62 [1/1] (1.91ns)   --->   "%add_ln1129 = add i9 %zext_ln1129_4, i9 %zext_ln1129_1" [V:/zybo_z7_imx219/zybo_z7_imx219.runs/design_1_v_demosaic_0_0_synth_1/prj/sol/.autopilot/db/v_demosaic.cpp:1129]   --->   Operation 62 'add' 'add_ln1129' <Predicate = true> <Delay = 1.91> <CoreInst = "Adder">   --->   Core 1 'Adder' <Latency = 0> <II = 1> <Delay = 1.82> <FuncUnit> <Opcode : 'add' 'sub'> <InPorts = 2> <OutPorts = 1>
ST_3 : Operation 63 [1/1] (0.00ns)   --->   "%zext_ln1129 = zext i9 %add_ln1129" [V:/zybo_z7_imx219/zybo_z7_imx219.runs/design_1_v_demosaic_0_0_synth_1/prj/sol/.autopilot/db/v_demosaic.cpp:1129]   --->   Operation 63 'zext' 'zext_ln1129' <Predicate = true> <Delay = 0.00>
ST_3 : Operation 64 [1/1] (0.00ns) (grouped into TernaryAdder)   --->   "%add_ln1129_1 = add i10 %zext_ln1129, i10 %zext_ln1129_2" [V:/zybo_z7_imx219/zybo_z7_imx219.runs/design_1_v_demosaic_0_0_synth_1/prj/sol/.autopilot/db/v_demosaic.cpp:1129]   --->   Operation 64 'add' 'add_ln1129_1' <Predicate = true> <Delay = 0.00> <CoreInst = "TAddSub">   --->   Core 10 'TAddSub' <Latency = 0> <II = 1> <Delay = 1.86> <IPBlock> <Opcode : 'add' 'sub'> <InPorts = 3> <OutPorts = 1> <Sync> <CReg>
ST_3 : Operation 65 [1/1] (3.72ns) (root node of TernaryAdder)   --->   "%lum = add i10 %add_ln1129_1, i10 %zext_ln1129_3" [V:/zybo_z7_imx219/zybo_z7_imx219.runs/design_1_v_demosaic_0_0_synth_1/prj/sol/.autopilot/db/v_demosaic.cpp:1129]   --->   Operation 65 'add' 'lum' <Predicate = true> <Delay = 3.72> <CoreInst = "TAddSub">   --->   Core 10 'TAddSub' <Latency = 0> <II = 1> <Delay = 1.86> <IPBlock> <Opcode : 'add' 'sub'> <InPorts = 3> <OutPorts = 1> <Sync> <CReg>
ST_3 : Operation 66 [1/1] (0.00ns)   --->   "%trunc_ln1 = partselect i7 @_ssdm_op_PartSelect.i7.i10.i32.i32, i10 %lum, i32 3, i32 9" [V:/zybo_z7_imx219/zybo_z7_imx219.runs/design_1_v_demosaic_0_0_synth_1/prj/sol/.autopilot/db/v_demosaic.cpp:1144]   --->   Operation 66 'partselect' 'trunc_ln1' <Predicate = true> <Delay = 0.00>
ST_3 : Operation 67 [1/1] (0.00ns)   --->   "%shl_ln = bitconcatenate i11 @_ssdm_op_BitConcatenate.i11.i10.i1, i10 %p_0_0_0506_1711_load, i1 0" [V:/zybo_z7_imx219/zybo_z7_imx219.runs/design_1_v_demosaic_0_0_synth_1/prj/sol/.autopilot/db/v_demosaic.cpp:1147]   --->   Operation 67 'bitconcatenate' 'shl_ln' <Predicate = true> <Delay = 0.00>
ST_3 : Operation 68 [1/1] (0.00ns)   --->   "%zext_ln1147 = zext i10 %p_0_0_0506_1711_load_1" [V:/zybo_z7_imx219/zybo_z7_imx219.runs/design_1_v_demosaic_0_0_synth_1/prj/sol/.autopilot/db/v_demosaic.cpp:1147]   --->   Operation 68 'zext' 'zext_ln1147' <Predicate = true> <Delay = 0.00>
ST_3 : Operation 69 [1/1] (0.00ns)   --->   "%zext_ln1147_1 = zext i11 %shl_ln" [V:/zybo_z7_imx219/zybo_z7_imx219.runs/design_1_v_demosaic_0_0_synth_1/prj/sol/.autopilot/db/v_demosaic.cpp:1147]   --->   Operation 69 'zext' 'zext_ln1147_1' <Predicate = true> <Delay = 0.00>
ST_3 : Operation 70 [1/1] (0.00ns)   --->   "%zext_ln1147_2 = zext i10 %p_0_0_0506_1707_out_load" [V:/zybo_z7_imx219/zybo_z7_imx219.runs/design_1_v_demosaic_0_0_synth_1/prj/sol/.autopilot/db/v_demosaic.cpp:1147]   --->   Operation 70 'zext' 'zext_ln1147_2' <Predicate = true> <Delay = 0.00>
ST_3 : Operation 71 [1/1] (1.73ns)   --->   "%add_ln1147 = add i11 %zext_ln1147, i11 %zext_ln1147_2" [V:/zybo_z7_imx219/zybo_z7_imx219.runs/design_1_v_demosaic_0_0_synth_1/prj/sol/.autopilot/db/v_demosaic.cpp:1147]   --->   Operation 71 'add' 'add_ln1147' <Predicate = true> <Delay = 1.73> <CoreInst = "Adder">   --->   Core 1 'Adder' <Latency = 0> <II = 1> <Delay = 1.63> <FuncUnit> <Opcode : 'add' 'sub'> <InPorts = 2> <OutPorts = 1>
ST_3 : Operation 72 [1/1] (0.00ns)   --->   "%zext_ln1147_3 = zext i11 %add_ln1147" [V:/zybo_z7_imx219/zybo_z7_imx219.runs/design_1_v_demosaic_0_0_synth_1/prj/sol/.autopilot/db/v_demosaic.cpp:1147]   --->   Operation 72 'zext' 'zext_ln1147_3' <Predicate = true> <Delay = 0.00>
ST_3 : Operation 73 [1/1] (1.63ns)   --->   "%add_ln1147_1 = add i12 %zext_ln1147_3, i12 %zext_ln1147_1" [V:/zybo_z7_imx219/zybo_z7_imx219.runs/design_1_v_demosaic_0_0_synth_1/prj/sol/.autopilot/db/v_demosaic.cpp:1147]   --->   Operation 73 'add' 'add_ln1147_1' <Predicate = true> <Delay = 1.63> <CoreInst = "Adder">   --->   Core 1 'Adder' <Latency = 0> <II = 1> <Delay = 1.54> <FuncUnit> <Opcode : 'add' 'sub'> <InPorts = 2> <OutPorts = 1>
ST_3 : Operation 74 [1/1] (0.00ns)   --->   "%r_s = partselect i10 @_ssdm_op_PartSelect.i10.i12.i32.i32, i12 %add_ln1147_1, i32 2, i32 11" [V:/zybo_z7_imx219/zybo_z7_imx219.runs/design_1_v_demosaic_0_0_synth_1/prj/sol/.autopilot/db/v_demosaic.cpp:1147]   --->   Operation 74 'partselect' 'r_s' <Predicate = true> <Delay = 0.00>
ST_3 : Operation 75 [1/1] (0.00ns)   --->   "%shl_ln1 = bitconcatenate i11 @_ssdm_op_BitConcatenate.i11.i10.i1, i10 %p_0_0_0505_1713_load, i1 0" [V:/zybo_z7_imx219/zybo_z7_imx219.runs/design_1_v_demosaic_0_0_synth_1/prj/sol/.autopilot/db/v_demosaic.cpp:1148]   --->   Operation 75 'bitconcatenate' 'shl_ln1' <Predicate = true> <Delay = 0.00>
ST_3 : Operation 76 [1/1] (0.00ns)   --->   "%zext_ln1148 = zext i10 %p_0_0_0505_1713_load_1" [V:/zybo_z7_imx219/zybo_z7_imx219.runs/design_1_v_demosaic_0_0_synth_1/prj/sol/.autopilot/db/v_demosaic.cpp:1148]   --->   Operation 76 'zext' 'zext_ln1148' <Predicate = true> <Delay = 0.00>
ST_3 : Operation 77 [1/1] (0.00ns)   --->   "%zext_ln1148_1 = zext i11 %shl_ln1" [V:/zybo_z7_imx219/zybo_z7_imx219.runs/design_1_v_demosaic_0_0_synth_1/prj/sol/.autopilot/db/v_demosaic.cpp:1148]   --->   Operation 77 'zext' 'zext_ln1148_1' <Predicate = true> <Delay = 0.00>
ST_3 : Operation 78 [1/1] (0.00ns)   --->   "%zext_ln1148_2 = zext i10 %p_0_0_0505_1708_out_load" [V:/zybo_z7_imx219/zybo_z7_imx219.runs/design_1_v_demosaic_0_0_synth_1/prj/sol/.autopilot/db/v_demosaic.cpp:1148]   --->   Operation 78 'zext' 'zext_ln1148_2' <Predicate = true> <Delay = 0.00>
ST_3 : Operation 79 [1/1] (1.73ns)   --->   "%add_ln1148 = add i11 %zext_ln1148, i11 %zext_ln1148_2" [V:/zybo_z7_imx219/zybo_z7_imx219.runs/design_1_v_demosaic_0_0_synth_1/prj/sol/.autopilot/db/v_demosaic.cpp:1148]   --->   Operation 79 'add' 'add_ln1148' <Predicate = true> <Delay = 1.73> <CoreInst = "Adder">   --->   Core 1 'Adder' <Latency = 0> <II = 1> <Delay = 1.63> <FuncUnit> <Opcode : 'add' 'sub'> <InPorts = 2> <OutPorts = 1>
ST_3 : Operation 80 [1/1] (0.00ns)   --->   "%zext_ln1148_3 = zext i11 %add_ln1148" [V:/zybo_z7_imx219/zybo_z7_imx219.runs/design_1_v_demosaic_0_0_synth_1/prj/sol/.autopilot/db/v_demosaic.cpp:1148]   --->   Operation 80 'zext' 'zext_ln1148_3' <Predicate = true> <Delay = 0.00>
ST_3 : Operation 81 [1/1] (1.63ns)   --->   "%add_ln1148_1 = add i12 %zext_ln1148_3, i12 %zext_ln1148_1" [V:/zybo_z7_imx219/zybo_z7_imx219.runs/design_1_v_demosaic_0_0_synth_1/prj/sol/.autopilot/db/v_demosaic.cpp:1148]   --->   Operation 81 'add' 'add_ln1148_1' <Predicate = true> <Delay = 1.63> <CoreInst = "Adder">   --->   Core 1 'Adder' <Latency = 0> <II = 1> <Delay = 1.54> <FuncUnit> <Opcode : 'add' 'sub'> <InPorts = 2> <OutPorts = 1>
ST_3 : Operation 82 [1/1] (0.00ns)   --->   "%g_s = partselect i10 @_ssdm_op_PartSelect.i10.i12.i32.i32, i12 %add_ln1148_1, i32 2, i32 11" [V:/zybo_z7_imx219/zybo_z7_imx219.runs/design_1_v_demosaic_0_0_synth_1/prj/sol/.autopilot/db/v_demosaic.cpp:1148]   --->   Operation 82 'partselect' 'g_s' <Predicate = true> <Delay = 0.00>
ST_3 : Operation 83 [1/1] (0.00ns)   --->   "%shl_ln2 = bitconcatenate i11 @_ssdm_op_BitConcatenate.i11.i10.i1, i10 %p_0_0_0504_1715_load, i1 0" [V:/zybo_z7_imx219/zybo_z7_imx219.runs/design_1_v_demosaic_0_0_synth_1/prj/sol/.autopilot/db/v_demosaic.cpp:1149]   --->   Operation 83 'bitconcatenate' 'shl_ln2' <Predicate = true> <Delay = 0.00>
ST_3 : Operation 84 [1/1] (0.00ns)   --->   "%zext_ln1149 = zext i10 %p_0_0_0504_1715_load_1" [V:/zybo_z7_imx219/zybo_z7_imx219.runs/design_1_v_demosaic_0_0_synth_1/prj/sol/.autopilot/db/v_demosaic.cpp:1149]   --->   Operation 84 'zext' 'zext_ln1149' <Predicate = true> <Delay = 0.00>
ST_3 : Operation 85 [1/1] (0.00ns)   --->   "%zext_ln1149_1 = zext i11 %shl_ln2" [V:/zybo_z7_imx219/zybo_z7_imx219.runs/design_1_v_demosaic_0_0_synth_1/prj/sol/.autopilot/db/v_demosaic.cpp:1149]   --->   Operation 85 'zext' 'zext_ln1149_1' <Predicate = true> <Delay = 0.00>
ST_3 : Operation 86 [1/1] (0.00ns)   --->   "%zext_ln1149_2 = zext i10 %p_0_0_0504_1709_out_load" [V:/zybo_z7_imx219/zybo_z7_imx219.runs/design_1_v_demosaic_0_0_synth_1/prj/sol/.autopilot/db/v_demosaic.cpp:1149]   --->   Operation 86 'zext' 'zext_ln1149_2' <Predicate = true> <Delay = 0.00>
ST_3 : Operation 87 [1/1] (1.73ns)   --->   "%add_ln1149 = add i11 %zext_ln1149, i11 %zext_ln1149_2" [V:/zybo_z7_imx219/zybo_z7_imx219.runs/design_1_v_demosaic_0_0_synth_1/prj/sol/.autopilot/db/v_demosaic.cpp:1149]   --->   Operation 87 'add' 'add_ln1149' <Predicate = true> <Delay = 1.73> <CoreInst = "Adder">   --->   Core 1 'Adder' <Latency = 0> <II = 1> <Delay = 1.63> <FuncUnit> <Opcode : 'add' 'sub'> <InPorts = 2> <OutPorts = 1>
ST_3 : Operation 88 [1/1] (0.00ns)   --->   "%zext_ln1149_3 = zext i11 %add_ln1149" [V:/zybo_z7_imx219/zybo_z7_imx219.runs/design_1_v_demosaic_0_0_synth_1/prj/sol/.autopilot/db/v_demosaic.cpp:1149]   --->   Operation 88 'zext' 'zext_ln1149_3' <Predicate = true> <Delay = 0.00>
ST_3 : Operation 89 [1/1] (1.63ns)   --->   "%add_ln1149_1 = add i12 %zext_ln1149_3, i12 %zext_ln1149_1" [V:/zybo_z7_imx219/zybo_z7_imx219.runs/design_1_v_demosaic_0_0_synth_1/prj/sol/.autopilot/db/v_demosaic.cpp:1149]   --->   Operation 89 'add' 'add_ln1149_1' <Predicate = true> <Delay = 1.63> <CoreInst = "Adder">   --->   Core 1 'Adder' <Latency = 0> <II = 1> <Delay = 1.54> <FuncUnit> <Opcode : 'add' 'sub'> <InPorts = 2> <OutPorts = 1>
ST_3 : Operation 90 [1/1] (0.00ns)   --->   "%b_s = partselect i10 @_ssdm_op_PartSelect.i10.i12.i32.i32, i12 %add_ln1149_1, i32 2, i32 11" [V:/zybo_z7_imx219/zybo_z7_imx219.runs/design_1_v_demosaic_0_0_synth_1/prj/sol/.autopilot/db/v_demosaic.cpp:1149]   --->   Operation 90 'partselect' 'b_s' <Predicate = true> <Delay = 0.00>
ST_3 : Operation 91 [1/1] (0.00ns)   --->   "%store_ln0 = store i10 %p_0_0_0504_1715_load, i10 %p_0_0_0504_1709_out"   --->   Operation 91 'store' 'store_ln0' <Predicate = true> <Delay = 0.00>
ST_3 : Operation 92 [1/1] (0.00ns)   --->   "%store_ln0 = store i10 %p_0_0_0505_1713_load, i10 %p_0_0_0505_1708_out"   --->   Operation 92 'store' 'store_ln0' <Predicate = true> <Delay = 0.00>
ST_3 : Operation 93 [1/1] (0.00ns)   --->   "%store_ln0 = store i10 %p_0_0_0506_1711_load, i10 %p_0_0_0506_1707_out"   --->   Operation 93 'store' 'store_ln0' <Predicate = true> <Delay = 0.00>
ST_3 : Operation 94 [1/1] (1.58ns)   --->   "%store_ln1144 = store i7 %trunc_ln1, i7 %phi_ln1132_out" [V:/zybo_z7_imx219/zybo_z7_imx219.runs/design_1_v_demosaic_0_0_synth_1/prj/sol/.autopilot/db/v_demosaic.cpp:1144]   --->   Operation 94 'store' 'store_ln1144' <Predicate = true> <Delay = 1.58>
ST_3 : Operation 120 [1/1] (0.00ns)   --->   "%store_ln0 = store i10 %p_0_0_0504_1715_load, i10 %p_0_0_0504_1715_out"   --->   Operation 120 'store' 'store_ln0' <Predicate = (icmp_ln1101)> <Delay = 0.00>
ST_3 : Operation 121 [1/1] (0.00ns)   --->   "%store_ln0 = store i10 %p_0_0_0505_1713_load, i10 %p_0_0_0505_1713_out"   --->   Operation 121 'store' 'store_ln0' <Predicate = (icmp_ln1101)> <Delay = 0.00>
ST_3 : Operation 122 [1/1] (0.00ns)   --->   "%store_ln0 = store i10 %p_0_0_0506_1711_load, i10 %p_0_0_0506_1711_out"   --->   Operation 122 'store' 'store_ln0' <Predicate = (icmp_ln1101)> <Delay = 0.00>
ST_3 : Operation 123 [1/1] (1.58ns)   --->   "%ret_ln0 = ret"   --->   Operation 123 'ret' 'ret_ln0' <Predicate = (icmp_ln1101)> <Delay = 1.58>

State 4 <SV = 3> <Delay = 7.16>
ST_4 : Operation 95 [1/1] (0.00ns)   --->   "%p_0_0_0507_1710_load_1 = load i7 %p_0_0_0507_1710" [V:/zybo_z7_imx219/zybo_z7_imx219.runs/design_1_v_demosaic_0_0_synth_1/prj/sol/.autopilot/db/v_demosaic.cpp:1101]   --->   Operation 95 'load' 'p_0_0_0507_1710_load_1' <Predicate = true> <Delay = 0.00>
ST_4 : Operation 96 [1/1] (0.00ns)   --->   "%zext_ln1101 = zext i7 %p_0_0_0507_1710_load_1" [V:/zybo_z7_imx219/zybo_z7_imx219.runs/design_1_v_demosaic_0_0_synth_1/prj/sol/.autopilot/db/v_demosaic.cpp:1101]   --->   Operation 96 'zext' 'zext_ln1101' <Predicate = true> <Delay = 0.00>
ST_4 : Operation 97 [1/1] (0.00ns)   --->   "%specpipeline_ln1104 = specpipeline void @_ssdm_op_SpecPipeline, i32 1, i32 0, i32 0, i32 0, i32 4294967295, void @empty_14" [V:/zybo_z7_imx219/zybo_z7_imx219.runs/design_1_v_demosaic_0_0_synth_1/prj/sol/.autopilot/db/v_demosaic.cpp:1104]   --->   Operation 97 'specpipeline' 'specpipeline_ln1104' <Predicate = true> <Delay = 0.00>
ST_4 : Operation 98 [1/1] (0.00ns)   --->   "%speclooptripcount_ln1083 = speclooptripcount void @_ssdm_op_SpecLoopTripCount, i64 1, i64 65536, i64 32768" [V:/zybo_z7_imx219/zybo_z7_imx219.runs/design_1_v_demosaic_0_0_synth_1/prj/sol/.autopilot/db/v_demosaic.cpp:1083]   --->   Operation 98 'speclooptripcount' 'speclooptripcount_ln1083' <Predicate = true> <Delay = 0.00>
ST_4 : Operation 99 [1/1] (0.00ns)   --->   "%specloopname_ln1101 = specloopname void @_ssdm_op_SpecLoopName, void @empty_0" [V:/zybo_z7_imx219/zybo_z7_imx219.runs/design_1_v_demosaic_0_0_synth_1/prj/sol/.autopilot/db/v_demosaic.cpp:1101]   --->   Operation 99 'specloopname' 'specloopname_ln1101' <Predicate = true> <Delay = 0.00>
ST_4 : Operation 100 [1/1] (0.00ns)   --->   "%p_0_0_0507_1706_out_load = load i10 %p_0_0_0507_1706_out" [V:/zybo_z7_imx219/zybo_z7_imx219.runs/design_1_v_demosaic_0_0_synth_1/prj/sol/.autopilot/db/v_demosaic.cpp:1144]   --->   Operation 100 'load' 'p_0_0_0507_1706_out_load' <Predicate = true> <Delay = 0.00>
ST_4 : Operation 101 [1/1] (0.00ns)   --->   "%p_0_0_0507_1710_load = load i7 %p_0_0_0507_1710" [V:/zybo_z7_imx219/zybo_z7_imx219.runs/design_1_v_demosaic_0_0_synth_1/prj/sol/.autopilot/db/v_demosaic.cpp:1144]   --->   Operation 101 'load' 'p_0_0_0507_1710_load' <Predicate = true> <Delay = 0.00>
ST_4 : Operation 102 [1/1] (1.73ns)   --->   "%icmp_ln1144 = icmp_ult  i10 %p_0_0_0507_1706_out_load, i10 %zext_ln1101" [V:/zybo_z7_imx219/zybo_z7_imx219.runs/design_1_v_demosaic_0_0_synth_1/prj/sol/.autopilot/db/v_demosaic.cpp:1144]   --->   Operation 102 'icmp' 'icmp_ln1144' <Predicate = true> <Delay = 1.73> <CoreInst = "Cmp">   --->   Core 9 'Cmp' <Latency = 0> <II = 1> <Delay = 1.73> <FuncUnit> <Opcode : 'seteq' 'setne' 'setle' 'setge' 'setlt' 'setgt'> <InPorts = 2> <OutPorts = 1>
ST_4 : Operation 103 [1/1] (1.87ns)   --->   "%icmp_ln1144_1 = icmp_ult  i7 %p_0_0_0507_1710_load, i7 %trunc_ln1" [V:/zybo_z7_imx219/zybo_z7_imx219.runs/design_1_v_demosaic_0_0_synth_1/prj/sol/.autopilot/db/v_demosaic.cpp:1144]   --->   Operation 103 'icmp' 'icmp_ln1144_1' <Predicate = true> <Delay = 1.87> <CoreInst = "Cmp">   --->   Core 9 'Cmp' <Latency = 0> <II = 1> <Delay = 1.87> <FuncUnit> <Opcode : 'seteq' 'setne' 'setle' 'setge' 'setlt' 'setgt'> <InPorts = 2> <OutPorts = 1>
ST_4 : Operation 104 [1/1] (0.00ns) (grouped into LUT with out node or_ln1144)   --->   "%xor_ln1144 = xor i1 %icmp_ln1144_1, i1 1" [V:/zybo_z7_imx219/zybo_z7_imx219.runs/design_1_v_demosaic_0_0_synth_1/prj/sol/.autopilot/db/v_demosaic.cpp:1144]   --->   Operation 104 'xor' 'xor_ln1144' <Predicate = true> <Delay = 0.00> <CoreInst = "LogicGate">   --->   Core 74 'LogicGate' <Latency = 0> <II = 1> <Delay = 0.97> <FuncUnit> <Opcode : 'and' 'or' 'xor'> <InPorts = 2> <OutPorts = 1>
ST_4 : Operation 105 [1/1] (0.00ns) (grouped into LUT with out node or_ln1144)   --->   "%and_ln1144 = and i1 %icmp_ln1144, i1 %xor_ln1144" [V:/zybo_z7_imx219/zybo_z7_imx219.runs/design_1_v_demosaic_0_0_synth_1/prj/sol/.autopilot/db/v_demosaic.cpp:1144]   --->   Operation 105 'and' 'and_ln1144' <Predicate = true> <Delay = 0.00> <CoreInst = "LogicGate">   --->   Core 74 'LogicGate' <Latency = 0> <II = 1> <Delay = 0.97> <FuncUnit> <Opcode : 'and' 'or' 'xor'> <InPorts = 2> <OutPorts = 1>
ST_4 : Operation 106 [1/1] (1.73ns)   --->   "%icmp_ln1144_2 = icmp_ult  i10 %p_0_0_0507_1706_out_load, i10 %zext_ln1101" [V:/zybo_z7_imx219/zybo_z7_imx219.runs/design_1_v_demosaic_0_0_synth_1/prj/sol/.autopilot/db/v_demosaic.cpp:1144]   --->   Operation 106 'icmp' 'icmp_ln1144_2' <Predicate = true> <Delay = 1.73> <CoreInst = "Cmp">   --->   Core 9 'Cmp' <Latency = 0> <II = 1> <Delay = 1.73> <FuncUnit> <Opcode : 'seteq' 'setne' 'setle' 'setge' 'setlt' 'setgt'> <InPorts = 2> <OutPorts = 1>
ST_4 : Operation 107 [1/1] (0.00ns) (grouped into LUT with out node or_ln1144)   --->   "%xor_ln1144_1 = xor i1 %icmp_ln1144_2, i1 1" [V:/zybo_z7_imx219/zybo_z7_imx219.runs/design_1_v_demosaic_0_0_synth_1/prj/sol/.autopilot/db/v_demosaic.cpp:1144]   --->   Operation 107 'xor' 'xor_ln1144_1' <Predicate = true> <Delay = 0.00> <CoreInst = "LogicGate">   --->   Core 74 'LogicGate' <Latency = 0> <II = 1> <Delay = 0.97> <FuncUnit> <Opcode : 'and' 'or' 'xor'> <InPorts = 2> <OutPorts = 1>
ST_4 : Operation 108 [1/1] (1.87ns)   --->   "%icmp_ln1144_3 = icmp_ult  i7 %p_0_0_0507_1710_load, i7 %trunc_ln1" [V:/zybo_z7_imx219/zybo_z7_imx219.runs/design_1_v_demosaic_0_0_synth_1/prj/sol/.autopilot/db/v_demosaic.cpp:1144]   --->   Operation 108 'icmp' 'icmp_ln1144_3' <Predicate = true> <Delay = 1.87> <CoreInst = "Cmp">   --->   Core 9 'Cmp' <Latency = 0> <II = 1> <Delay = 1.87> <FuncUnit> <Opcode : 'seteq' 'setne' 'setle' 'setge' 'setlt' 'setgt'> <InPorts = 2> <OutPorts = 1>
ST_4 : Operation 109 [1/1] (0.00ns) (grouped into LUT with out node or_ln1144)   --->   "%and_ln1144_1 = and i1 %xor_ln1144_1, i1 %icmp_ln1144_3" [V:/zybo_z7_imx219/zybo_z7_imx219.runs/design_1_v_demosaic_0_0_synth_1/prj/sol/.autopilot/db/v_demosaic.cpp:1144]   --->   Operation 109 'and' 'and_ln1144_1' <Predicate = true> <Delay = 0.00> <CoreInst = "LogicGate">   --->   Core 74 'LogicGate' <Latency = 0> <II = 1> <Delay = 0.97> <FuncUnit> <Opcode : 'and' 'or' 'xor'> <InPorts = 2> <OutPorts = 1>
ST_4 : Operation 110 [1/1] (0.97ns) (out node of the LUT)   --->   "%or_ln1144 = or i1 %and_ln1144, i1 %and_ln1144_1" [V:/zybo_z7_imx219/zybo_z7_imx219.runs/design_1_v_demosaic_0_0_synth_1/prj/sol/.autopilot/db/v_demosaic.cpp:1144]   --->   Operation 110 'or' 'or_ln1144' <Predicate = true> <Delay = 0.97> <CoreInst = "LogicGate">   --->   Core 74 'LogicGate' <Latency = 0> <II = 1> <Delay = 0.97> <FuncUnit> <Opcode : 'and' 'or' 'xor'> <InPorts = 2> <OutPorts = 1>
ST_4 : Operation 111 [1/1] (0.68ns)   --->   "%conv3_i_i719 = select i1 %or_ln1144, i10 %b_s, i10 %p_0_0_0504_1715_load" [V:/zybo_z7_imx219/zybo_z7_imx219.runs/design_1_v_demosaic_0_0_synth_1/prj/sol/.autopilot/db/v_demosaic.cpp:1144]   --->   Operation 111 'select' 'conv3_i_i719' <Predicate = true> <Delay = 0.68> <CoreInst = "Sel">   --->   Core 73 'Sel' <Latency = 0> <II = 1> <Delay = 0.68> <FuncUnit> <Opcode : 'select'> <InPorts = 3> <OutPorts = 1>
ST_4 : Operation 112 [1/1] (0.68ns)   --->   "%conv3_i_i79718 = select i1 %or_ln1144, i10 %g_s, i10 %p_0_0_0505_1713_load" [V:/zybo_z7_imx219/zybo_z7_imx219.runs/design_1_v_demosaic_0_0_synth_1/prj/sol/.autopilot/db/v_demosaic.cpp:1144]   --->   Operation 112 'select' 'conv3_i_i79718' <Predicate = true> <Delay = 0.68> <CoreInst = "Sel">   --->   Core 73 'Sel' <Latency = 0> <II = 1> <Delay = 0.68> <FuncUnit> <Opcode : 'select'> <InPorts = 3> <OutPorts = 1>
ST_4 : Operation 113 [1/1] (0.68ns)   --->   "%conv3_i_i188717 = select i1 %or_ln1144, i10 %r_s, i10 %p_0_0_0506_1711_load" [V:/zybo_z7_imx219/zybo_z7_imx219.runs/design_1_v_demosaic_0_0_synth_1/prj/sol/.autopilot/db/v_demosaic.cpp:1144]   --->   Operation 113 'select' 'conv3_i_i188717' <Predicate = true> <Delay = 0.68> <CoreInst = "Sel">   --->   Core 73 'Sel' <Latency = 0> <II = 1> <Delay = 0.68> <FuncUnit> <Opcode : 'select'> <InPorts = 3> <OutPorts = 1>
ST_4 : Operation 114 [1/1] (0.00ns)   --->   "%or_ln1161_3 = bitconcatenate i30 @_ssdm_op_BitConcatenate.i30.i10.i10.i10, i10 %conv3_i_i188717, i10 %conv3_i_i719, i10 %conv3_i_i79718" [V:/zybo_z7_imx219/zybo_z7_imx219.runs/design_1_v_demosaic_0_0_synth_1/prj/sol/.autopilot/db/v_demosaic.cpp:1161]   --->   Operation 114 'bitconcatenate' 'or_ln1161_3' <Predicate = (!icmp_ln1159)> <Delay = 0.00>
ST_4 : Operation 115 [1/1] ( I:3.63ns O:3.63ns )   --->   "%write_ln1161 = write void @_ssdm_op_Write.ap_fifo.volatile.i30P0A, i30 %imgUnzip, i30 %or_ln1161_3" [V:/zybo_z7_imx219/zybo_z7_imx219.runs/design_1_v_demosaic_0_0_synth_1/prj/sol/.autopilot/db/v_demosaic.cpp:1161]   --->   Operation 115 'write' 'write_ln1161' <Predicate = (!icmp_ln1159)> <Delay = 3.63> <CoreInst = "FIFO_SRL">   --->   Core 80 'FIFO_SRL' <Latency = 0> <II = 1> <Delay = 3.63> <Storage> <Opcode : 'read' 'write' 'nbread' 'nbwrite'> <Ports = 0> <Width = 30> <Depth = 2> <FIFO>
ST_4 : Operation 116 [1/1] (0.00ns)   --->   "%br_ln1162 = br void %for.inc223" [V:/zybo_z7_imx219/zybo_z7_imx219.runs/design_1_v_demosaic_0_0_synth_1/prj/sol/.autopilot/db/v_demosaic.cpp:1162]   --->   Operation 116 'br' 'br_ln1162' <Predicate = (!icmp_ln1159)> <Delay = 0.00>
ST_4 : Operation 117 [1/1] (1.58ns)   --->   "%store_ln1144 = store i7 %trunc_ln1, i7 %p_0_0_0507_1710" [V:/zybo_z7_imx219/zybo_z7_imx219.runs/design_1_v_demosaic_0_0_synth_1/prj/sol/.autopilot/db/v_demosaic.cpp:1144]   --->   Operation 117 'store' 'store_ln1144' <Predicate = true> <Delay = 1.58>
ST_4 : Operation 118 [1/1] (0.00ns)   --->   "%store_ln1101 = store i10 %zext_ln1101, i10 %p_0_0_0507_1706_out" [V:/zybo_z7_imx219/zybo_z7_imx219.runs/design_1_v_demosaic_0_0_synth_1/prj/sol/.autopilot/db/v_demosaic.cpp:1101]   --->   Operation 118 'store' 'store_ln1101' <Predicate = true> <Delay = 0.00>
ST_4 : Operation 119 [1/1] (0.00ns)   --->   "%br_ln1101 = br void %for.body25" [V:/zybo_z7_imx219/zybo_z7_imx219.runs/design_1_v_demosaic_0_0_synth_1/prj/sol/.autopilot/db/v_demosaic.cpp:1101]   --->   Operation 119 'br' 'br_ln1101' <Predicate = true> <Delay = 0.00>


============================================================
+ Verbose Summary: Binding
============================================================
STG Binding: 
---------------- STG Properties BEGIN ----------------
- Is combinational: 0
- Is one-state seq: 0
- Is datapath-only: 0
- Is pipelined: 0
- Is top level: 0
Port [ Return ] is wired: 1; IO mode=ap_ctrl_hs:ce=0
Port [ p_0_0_0501703_lcssa716741]:  wired=1; compound=0; hidden=0; nouse=0; global=0; static=0; extern=0; dir=0; type=0; pingpong=0; private_global=0; IO mode=ap_none:ce=0
Port [ p_0_0_0502701_lcssa714739]:  wired=1; compound=0; hidden=0; nouse=0; global=0; static=0; extern=0; dir=0; type=0; pingpong=0; private_global=0; IO mode=ap_none:ce=0
Port [ p_0_0_0503705_lcssa712737]:  wired=1; compound=0; hidden=0; nouse=0; global=0; static=0; extern=0; dir=0; type=0; pingpong=0; private_global=0; IO mode=ap_none:ce=0
Port [ conv2_i_i_lcssa735]:  wired=1; compound=0; hidden=0; nouse=0; global=0; static=0; extern=0; dir=0; type=0; pingpong=0; private_global=0; IO mode=ap_none:ce=0
Port [ width_val]:  wired=1; compound=0; hidden=0; nouse=0; global=0; static=0; extern=0; dir=0; type=0; pingpong=0; private_global=0; IO mode=ap_stable:ce=0
Port [ loopWidth]:  wired=1; compound=0; hidden=0; nouse=0; global=0; static=0; extern=0; dir=0; type=0; pingpong=0; private_global=0; IO mode=ap_stable:ce=0
Port [ imgRgb]:  wired=1; compound=1; hidden=0; nouse=0; global=0; static=0; extern=0; dir=0; type=3; pingpong=0; private_global=0; IO mode=ap_fifo:ce=0
Port [ imgUnzip]:  wired=1; compound=1; hidden=0; nouse=0; global=0; static=0; extern=0; dir=1; type=3; pingpong=0; private_global=0; IO mode=ap_fifo:ce=0
Port [ p_0_0_0504_1715_out]:  wired=1; compound=0; hidden=0; nouse=0; global=0; static=0; extern=0; dir=1; type=0; pingpong=0; private_global=0; IO mode=ap_vld:ce=0
Port [ p_0_0_0505_1713_out]:  wired=1; compound=0; hidden=0; nouse=0; global=0; static=0; extern=0; dir=1; type=0; pingpong=0; private_global=0; IO mode=ap_vld:ce=0
Port [ p_0_0_0506_1711_out]:  wired=1; compound=0; hidden=0; nouse=0; global=0; static=0; extern=0; dir=1; type=0; pingpong=0; private_global=0; IO mode=ap_vld:ce=0
Port [ p_0_0_0504_1709_out]:  wired=1; compound=0; hidden=0; nouse=0; global=0; static=0; extern=0; dir=2; type=0; pingpong=0; private_global=0; IO mode=ap_ovld:ce=0
Port [ p_0_0_0505_1708_out]:  wired=1; compound=0; hidden=0; nouse=0; global=0; static=0; extern=0; dir=2; type=0; pingpong=0; private_global=0; IO mode=ap_ovld:ce=0
Port [ p_0_0_0506_1707_out]:  wired=1; compound=0; hidden=0; nouse=0; global=0; static=0; extern=0; dir=2; type=0; pingpong=0; private_global=0; IO mode=ap_ovld:ce=0
Port [ p_0_0_0507_1706_out]:  wired=1; compound=0; hidden=0; nouse=0; global=0; static=0; extern=0; dir=2; type=0; pingpong=0; private_global=0; IO mode=ap_ovld:ce=0
Port [ phi_ln1132_out]:  wired=1; compound=0; hidden=0; nouse=0; global=0; static=0; extern=0; dir=1; type=0; pingpong=0; private_global=0; IO mode=ap_vld:ce=0
---------------- STG Properties END ------------------

---------------- Datapath Model BEGIN ----------------

<LifeTime>
<method=bitvector/>
x                              (alloca           ) [ 01000]
p_0_0_0507_1710                (alloca           ) [ 01111]
p_0_0_0506_1711                (alloca           ) [ 01110]
p_0_0_0505_1713                (alloca           ) [ 01110]
p_0_0_0504_1715                (alloca           ) [ 01110]
specinterface_ln0              (specinterface    ) [ 00000]
specinterface_ln0              (specinterface    ) [ 00000]
loopWidth_read                 (read             ) [ 00000]
width_val_read                 (read             ) [ 00000]
conv2_i_i_lcssa735_read        (read             ) [ 00000]
p_0_0_0503705_lcssa712737_read (read             ) [ 00000]
p_0_0_0502701_lcssa714739_read (read             ) [ 00000]
p_0_0_0501703_lcssa716741_read (read             ) [ 00000]
zext_ln1085                    (zext             ) [ 00000]
store_ln1078                   (store            ) [ 00000]
store_ln1078                   (store            ) [ 00000]
store_ln1078                   (store            ) [ 00000]
store_ln1078                   (store            ) [ 00000]
store_ln1083                   (store            ) [ 00000]
store_ln0                      (store            ) [ 00000]
br_ln1101                      (br               ) [ 00000]
x_1                            (load             ) [ 00000]
icmp_ln1101                    (icmp             ) [ 01110]
x_2                            (add              ) [ 00000]
br_ln1101                      (br               ) [ 00000]
icmp_ln1107                    (icmp             ) [ 01100]
br_ln1107                      (br               ) [ 00000]
icmp_ln1159                    (icmp             ) [ 01111]
br_ln1159                      (br               ) [ 00000]
store_ln1083                   (store            ) [ 00000]
p_0_0_0506_1711_load           (load             ) [ 01011]
p_0_0_0505_1713_load           (load             ) [ 01011]
p_0_0_0504_1715_load           (load             ) [ 01011]
imgRgb_read                    (read             ) [ 00000]
trunc_ln1109                   (trunc            ) [ 00000]
trunc_ln1109_1                 (partselect       ) [ 00000]
trunc_ln1109_2                 (partselect       ) [ 00000]
store_ln1109                   (store            ) [ 00000]
store_ln1109                   (store            ) [ 00000]
store_ln1109                   (store            ) [ 00000]
br_ln1110                      (br               ) [ 00000]
p_0_0_0506_1707_out_load       (load             ) [ 00000]
p_0_0_0505_1708_out_load       (load             ) [ 00000]
p_0_0_0504_1709_out_load       (load             ) [ 00000]
p_0_0_0506_1711_load_1         (load             ) [ 00000]
p_0_0_0505_1713_load_1         (load             ) [ 00000]
p_0_0_0504_1715_load_1         (load             ) [ 00000]
tmp                            (partselect       ) [ 00000]
zext_ln1129_1                  (zext             ) [ 00000]
lshr_ln1129_1                  (partselect       ) [ 00000]
zext_ln1129_2                  (zext             ) [ 00000]
lshr_ln1129_2                  (partselect       ) [ 00000]
zext_ln1129_3                  (zext             ) [ 00000]
tmp_1                          (partselect       ) [ 00000]
zext_ln1129_4                  (zext             ) [ 00000]
add_ln1129                     (add              ) [ 00000]
zext_ln1129                    (zext             ) [ 00000]
add_ln1129_1                   (add              ) [ 00000]
lum                            (add              ) [ 00000]
trunc_ln1                      (partselect       ) [ 01001]
shl_ln                         (bitconcatenate   ) [ 00000]
zext_ln1147                    (zext             ) [ 00000]
zext_ln1147_1                  (zext             ) [ 00000]
zext_ln1147_2                  (zext             ) [ 00000]
add_ln1147                     (add              ) [ 00000]
zext_ln1147_3                  (zext             ) [ 00000]
add_ln1147_1                   (add              ) [ 00000]
r_s                            (partselect       ) [ 01001]
shl_ln1                        (bitconcatenate   ) [ 00000]
zext_ln1148                    (zext             ) [ 00000]
zext_ln1148_1                  (zext             ) [ 00000]
zext_ln1148_2                  (zext             ) [ 00000]
add_ln1148                     (add              ) [ 00000]
zext_ln1148_3                  (zext             ) [ 00000]
add_ln1148_1                   (add              ) [ 00000]
g_s                            (partselect       ) [ 01001]
shl_ln2                        (bitconcatenate   ) [ 00000]
zext_ln1149                    (zext             ) [ 00000]
zext_ln1149_1                  (zext             ) [ 00000]
zext_ln1149_2                  (zext             ) [ 00000]
add_ln1149                     (add              ) [ 00000]
zext_ln1149_3                  (zext             ) [ 00000]
add_ln1149_1                   (add              ) [ 00000]
b_s                            (partselect       ) [ 01001]
store_ln0                      (store            ) [ 00000]
store_ln0                      (store            ) [ 00000]
store_ln0                      (store            ) [ 00000]
store_ln1144                   (store            ) [ 00000]
p_0_0_0507_1710_load_1         (load             ) [ 00000]
zext_ln1101                    (zext             ) [ 00000]
specpipeline_ln1104            (specpipeline     ) [ 00000]
speclooptripcount_ln1083       (speclooptripcount) [ 00000]
specloopname_ln1101            (specloopname     ) [ 00000]
p_0_0_0507_1706_out_load       (load             ) [ 00000]
p_0_0_0507_1710_load           (load             ) [ 00000]
icmp_ln1144                    (icmp             ) [ 00000]
icmp_ln1144_1                  (icmp             ) [ 00000]
xor_ln1144                     (xor              ) [ 00000]
and_ln1144                     (and              ) [ 00000]
icmp_ln1144_2                  (icmp             ) [ 00000]
xor_ln1144_1                   (xor              ) [ 00000]
icmp_ln1144_3                  (icmp             ) [ 00000]
and_ln1144_1                   (and              ) [ 00000]
or_ln1144                      (or               ) [ 00000]
conv3_i_i719                   (select           ) [ 00000]
conv3_i_i79718                 (select           ) [ 00000]
conv3_i_i188717                (select           ) [ 00000]
or_ln1161_3                    (bitconcatenate   ) [ 00000]
write_ln1161                   (write            ) [ 00000]
br_ln1162                      (br               ) [ 00000]
store_ln1144                   (store            ) [ 00000]
store_ln1101                   (store            ) [ 00000]
br_ln1101                      (br               ) [ 00000]
store_ln0                      (store            ) [ 00000]
store_ln0                      (store            ) [ 00000]
store_ln0                      (store            ) [ 00000]
ret_ln0                        (ret              ) [ 00000]
</LifeTime>

<model>

<comp_list>
<comp id="0" class="1000" name="p_0_0_0501703_lcssa716741">
<pin_list>
<pin id="1" dir="1" index="0" bw="1" slack="0"/>
</pin_list>
<bind>
<StgValue><ssdm name="p_0_0_0501703_lcssa716741"/></StgValue>
</bind>
</comp>

<comp id="2" class="1000" name="p_0_0_0502701_lcssa714739">
<pin_list>
<pin id="3" dir="1" index="0" bw="1" slack="0"/>
</pin_list>
<bind>
<StgValue><ssdm name="p_0_0_0502701_lcssa714739"/></StgValue>
</bind>
</comp>

<comp id="4" class="1000" name="p_0_0_0503705_lcssa712737">
<pin_list>
<pin id="5" dir="1" index="0" bw="1" slack="0"/>
</pin_list>
<bind>
<StgValue><ssdm name="p_0_0_0503705_lcssa712737"/></StgValue>
</bind>
</comp>

<comp id="6" class="1000" name="conv2_i_i_lcssa735">
<pin_list>
<pin id="7" dir="1" index="0" bw="1" slack="0"/>
</pin_list>
<bind>
<StgValue><ssdm name="conv2_i_i_lcssa735"/></StgValue>
</bind>
</comp>

<comp id="8" class="1000" name="width_val">
<pin_list>
<pin id="9" dir="1" index="0" bw="1" slack="0"/>
</pin_list>
<bind>
<StgValue><ssdm name="width_val"/></StgValue>
</bind>
</comp>

<comp id="10" class="1000" name="loopWidth">
<pin_list>
<pin id="11" dir="1" index="0" bw="1" slack="0"/>
</pin_list>
<bind>
<StgValue><ssdm name="loopWidth"/></StgValue>
</bind>
</comp>

<comp id="12" class="1000" name="imgRgb">
<pin_list>
<pin id="13" dir="1" index="0" bw="1" slack="0"/>
</pin_list>
<bind>
<StgValue><ssdm name="imgRgb"/></StgValue>
</bind>
</comp>

<comp id="14" class="1000" name="imgUnzip">
<pin_list>
<pin id="15" dir="1" index="0" bw="1" slack="0"/>
</pin_list>
<bind>
<StgValue><ssdm name="imgUnzip"/></StgValue>
</bind>
</comp>

<comp id="16" class="1000" name="p_0_0_0504_1715_out">
<pin_list>
<pin id="17" dir="1" index="0" bw="1" slack="0"/>
</pin_list>
<bind>
<StgValue><ssdm name="p_0_0_0504_1715_out"/></StgValue>
</bind>
</comp>

<comp id="18" class="1000" name="p_0_0_0505_1713_out">
<pin_list>
<pin id="19" dir="1" index="0" bw="1" slack="0"/>
</pin_list>
<bind>
<StgValue><ssdm name="p_0_0_0505_1713_out"/></StgValue>
</bind>
</comp>

<comp id="20" class="1000" name="p_0_0_0506_1711_out">
<pin_list>
<pin id="21" dir="1" index="0" bw="1" slack="0"/>
</pin_list>
<bind>
<StgValue><ssdm name="p_0_0_0506_1711_out"/></StgValue>
</bind>
</comp>

<comp id="22" class="1000" name="p_0_0_0504_1709_out">
<pin_list>
<pin id="23" dir="1" index="0" bw="1" slack="0"/>
</pin_list>
<bind>
<StgValue><ssdm name="p_0_0_0504_1709_out"/></StgValue>
</bind>
</comp>

<comp id="24" class="1000" name="p_0_0_0505_1708_out">
<pin_list>
<pin id="25" dir="1" index="0" bw="1" slack="0"/>
</pin_list>
<bind>
<StgValue><ssdm name="p_0_0_0505_1708_out"/></StgValue>
</bind>
</comp>

<comp id="26" class="1000" name="p_0_0_0506_1707_out">
<pin_list>
<pin id="27" dir="1" index="0" bw="1" slack="0"/>
</pin_list>
<bind>
<StgValue><ssdm name="p_0_0_0506_1707_out"/></StgValue>
</bind>
</comp>

<comp id="28" class="1000" name="p_0_0_0507_1706_out">
<pin_list>
<pin id="29" dir="1" index="0" bw="1" slack="0"/>
</pin_list>
<bind>
<StgValue><ssdm name="p_0_0_0507_1706_out"/></StgValue>
</bind>
</comp>

<comp id="30" class="1000" name="phi_ln1132_out">
<pin_list>
<pin id="31" dir="1" index="0" bw="1" slack="0"/>
</pin_list>
<bind>
<StgValue><ssdm name="phi_ln1132_out"/></StgValue>
</bind>
</comp>

<comp id="32" class="1001" name="const_32">
<pin_list>
<pin id="33" dir="1" index="0" bw="1" slack="0"/>
</pin_list>
<bind>
<StgValue><ssdm name=""/></StgValue>
</bind>
</comp>

<comp id="34" class="1001" name="const_34">
<pin_list>
<pin id="35" dir="1" index="0" bw="1" slack="2147483647"/>
</pin_list>
<bind>
<StgValue><ssdm name="_ssdm_op_SpecInterface"/></StgValue>
</bind>
</comp>

<comp id="36" class="1001" name="const_36">
<pin_list>
<pin id="37" dir="1" index="0" bw="1" slack="2147483647"/>
</pin_list>
<bind>
<StgValue><ssdm name="empty_20"/></StgValue>
</bind>
</comp>

<comp id="38" class="1001" name="const_38">
<pin_list>
<pin id="39" dir="1" index="0" bw="1" slack="2147483647"/>
</pin_list>
<bind>
<StgValue><ssdm name=""/></StgValue>
</bind>
</comp>

<comp id="40" class="1001" name="const_40">
<pin_list>
<pin id="41" dir="1" index="0" bw="1" slack="2147483647"/>
</pin_list>
<bind>
<StgValue><ssdm name="empty_14"/></StgValue>
</bind>
</comp>

<comp id="42" class="1001" name="const_42">
<pin_list>
<pin id="43" dir="1" index="0" bw="1" slack="2147483647"/>
</pin_list>
<bind>
<StgValue><ssdm name=""/></StgValue>
</bind>
</comp>

<comp id="44" class="1001" name="const_44">
<pin_list>
<pin id="45" dir="1" index="0" bw="1" slack="0"/>
</pin_list>
<bind>
<StgValue><ssdm name="_ssdm_op_Read.ap_auto.i17"/></StgValue>
</bind>
</comp>

<comp id="46" class="1001" name="const_46">
<pin_list>
<pin id="47" dir="1" index="0" bw="1" slack="0"/>
</pin_list>
<bind>
<StgValue><ssdm name="_ssdm_op_Read.ap_auto.i16"/></StgValue>
</bind>
</comp>

<comp id="48" class="1001" name="const_48">
<pin_list>
<pin id="49" dir="1" index="0" bw="1" slack="0"/>
</pin_list>
<bind>
<StgValue><ssdm name="_ssdm_op_Read.ap_auto.i7"/></StgValue>
</bind>
</comp>

<comp id="50" class="1001" name="const_50">
<pin_list>
<pin id="51" dir="1" index="0" bw="1" slack="0"/>
</pin_list>
<bind>
<StgValue><ssdm name="_ssdm_op_Read.ap_auto.i10"/></StgValue>
</bind>
</comp>

<comp id="52" class="1001" name="const_52">
<pin_list>
<pin id="53" dir="1" index="0" bw="1" slack="0"/>
</pin_list>
<bind>
<StgValue><ssdm name=""/></StgValue>
</bind>
</comp>

<comp id="54" class="1001" name="const_54">
<pin_list>
<pin id="55" dir="1" index="0" bw="1" slack="0"/>
</pin_list>
<bind>
<StgValue><ssdm name=""/></StgValue>
</bind>
</comp>

<comp id="56" class="1001" name="const_56">
<pin_list>
<pin id="57" dir="1" index="0" bw="1" slack="0"/>
</pin_list>
<bind>
<StgValue><ssdm name=""/></StgValue>
</bind>
</comp>

<comp id="58" class="1001" name="const_58">
<pin_list>
<pin id="59" dir="1" index="0" bw="1" slack="0"/>
</pin_list>
<bind>
<StgValue><ssdm name="_ssdm_op_Read.ap_fifo.volatile.i30P0A"/></StgValue>
</bind>
</comp>

<comp id="60" class="1001" name="const_60">
<pin_list>
<pin id="61" dir="1" index="0" bw="1" slack="0"/>
</pin_list>
<bind>
<StgValue><ssdm name="_ssdm_op_PartSelect.i10.i30.i32.i32"/></StgValue>
</bind>
</comp>

<comp id="62" class="1001" name="const_62">
<pin_list>
<pin id="63" dir="1" index="0" bw="1" slack="0"/>
</pin_list>
<bind>
<StgValue><ssdm name=""/></StgValue>
</bind>
</comp>

<comp id="64" class="1001" name="const_64">
<pin_list>
<pin id="65" dir="1" index="0" bw="1" slack="0"/>
</pin_list>
<bind>
<StgValue><ssdm name=""/></StgValue>
</bind>
</comp>

<comp id="66" class="1001" name="const_66">
<pin_list>
<pin id="67" dir="1" index="0" bw="1" slack="0"/>
</pin_list>
<bind>
<StgValue><ssdm name=""/></StgValue>
</bind>
</comp>

<comp id="68" class="1001" name="const_68">
<pin_list>
<pin id="69" dir="1" index="0" bw="1" slack="0"/>
</pin_list>
<bind>
<StgValue><ssdm name=""/></StgValue>
</bind>
</comp>

<comp id="70" class="1001" name="const_70">
<pin_list>
<pin id="71" dir="1" index="0" bw="1" slack="0"/>
</pin_list>
<bind>
<StgValue><ssdm name="_ssdm_op_PartSelect.i8.i10.i32.i32"/></StgValue>
</bind>
</comp>

<comp id="72" class="1001" name="const_72">
<pin_list>
<pin id="73" dir="1" index="0" bw="1" slack="0"/>
</pin_list>
<bind>
<StgValue><ssdm name=""/></StgValue>
</bind>
</comp>

<comp id="74" class="1001" name="const_74">
<pin_list>
<pin id="75" dir="1" index="0" bw="1" slack="0"/>
</pin_list>
<bind>
<StgValue><ssdm name=""/></StgValue>
</bind>
</comp>

<comp id="76" class="1001" name="const_76">
<pin_list>
<pin id="77" dir="1" index="0" bw="1" slack="0"/>
</pin_list>
<bind>
<StgValue><ssdm name="_ssdm_op_PartSelect.i9.i10.i32.i32"/></StgValue>
</bind>
</comp>

<comp id="78" class="1001" name="const_78">
<pin_list>
<pin id="79" dir="1" index="0" bw="1" slack="0"/>
</pin_list>
<bind>
<StgValue><ssdm name="_ssdm_op_PartSelect.i7.i10.i32.i32"/></StgValue>
</bind>
</comp>

<comp id="80" class="1001" name="const_80">
<pin_list>
<pin id="81" dir="1" index="0" bw="1" slack="0"/>
</pin_list>
<bind>
<StgValue><ssdm name=""/></StgValue>
</bind>
</comp>

<comp id="82" class="1001" name="const_82">
<pin_list>
<pin id="83" dir="1" index="0" bw="1" slack="0"/>
</pin_list>
<bind>
<StgValue><ssdm name="_ssdm_op_BitConcatenate.i11.i10.i1"/></StgValue>
</bind>
</comp>

<comp id="84" class="1001" name="const_84">
<pin_list>
<pin id="85" dir="1" index="0" bw="1" slack="0"/>
</pin_list>
<bind>
<StgValue><ssdm name=""/></StgValue>
</bind>
</comp>

<comp id="86" class="1001" name="const_86">
<pin_list>
<pin id="87" dir="1" index="0" bw="1" slack="0"/>
</pin_list>
<bind>
<StgValue><ssdm name="_ssdm_op_PartSelect.i10.i12.i32.i32"/></StgValue>
</bind>
</comp>

<comp id="88" class="1001" name="const_88">
<pin_list>
<pin id="89" dir="1" index="0" bw="1" slack="0"/>
</pin_list>
<bind>
<StgValue><ssdm name=""/></StgValue>
</bind>
</comp>

<comp id="90" class="1001" name="const_90">
<pin_list>
<pin id="91" dir="1" index="0" bw="1" slack="2147483647"/>
</pin_list>
<bind>
<StgValue><ssdm name="_ssdm_op_SpecPipeline"/></StgValue>
</bind>
</comp>

<comp id="92" class="1001" name="const_92">
<pin_list>
<pin id="93" dir="1" index="0" bw="1" slack="2147483647"/>
</pin_list>
<bind>
<StgValue><ssdm name="_ssdm_op_SpecLoopTripCount"/></StgValue>
</bind>
</comp>

<comp id="94" class="1001" name="const_94">
<pin_list>
<pin id="95" dir="1" index="0" bw="1" slack="2147483647"/>
</pin_list>
<bind>
<StgValue><ssdm name=""/></StgValue>
</bind>
</comp>

<comp id="96" class="1001" name="const_96">
<pin_list>
<pin id="97" dir="1" index="0" bw="1" slack="2147483647"/>
</pin_list>
<bind>
<StgValue><ssdm name=""/></StgValue>
</bind>
</comp>

<comp id="98" class="1001" name="const_98">
<pin_list>
<pin id="99" dir="1" index="0" bw="1" slack="2147483647"/>
</pin_list>
<bind>
<StgValue><ssdm name=""/></StgValue>
</bind>
</comp>

<comp id="100" class="1001" name="const_100">
<pin_list>
<pin id="101" dir="1" index="0" bw="1" slack="2147483647"/>
</pin_list>
<bind>
<StgValue><ssdm name="_ssdm_op_SpecLoopName"/></StgValue>
</bind>
</comp>

<comp id="102" class="1001" name="const_102">
<pin_list>
<pin id="103" dir="1" index="0" bw="1" slack="2147483647"/>
</pin_list>
<bind>
<StgValue><ssdm name="empty_0"/></StgValue>
</bind>
</comp>

<comp id="104" class="1001" name="const_104">
<pin_list>
<pin id="105" dir="1" index="0" bw="1" slack="0"/>
</pin_list>
<bind>
<StgValue><ssdm name=""/></StgValue>
</bind>
</comp>

<comp id="106" class="1001" name="const_106">
<pin_list>
<pin id="107" dir="1" index="0" bw="1" slack="0"/>
</pin_list>
<bind>
<StgValue><ssdm name="_ssdm_op_BitConcatenate.i30.i10.i10.i10"/></StgValue>
</bind>
</comp>

<comp id="108" class="1001" name="const_108">
<pin_list>
<pin id="109" dir="1" index="0" bw="1" slack="0"/>
</pin_list>
<bind>
<StgValue><ssdm name="_ssdm_op_Write.ap_fifo.volatile.i30P0A"/></StgValue>
</bind>
</comp>

<comp id="110" class="1004" name="x_fu_110">
<pin_list>
<pin id="111" dir="0" index="0" bw="1" slack="0"/>
<pin id="112" dir="1" index="1" bw="17" slack="0"/>
</pin_list>
<bind>
<opcode="alloca(26) " fcode="alloca"/>
<opset="x/1 "/>
</bind>
</comp>

<comp id="114" class="1004" name="p_0_0_0507_1710_fu_114">
<pin_list>
<pin id="115" dir="0" index="0" bw="1" slack="0"/>
<pin id="116" dir="1" index="1" bw="7" slack="0"/>
</pin_list>
<bind>
<opcode="alloca(26) " fcode="alloca"/>
<opset="p_0_0_0507_1710/1 "/>
</bind>
</comp>

<comp id="118" class="1004" name="p_0_0_0506_1711_fu_118">
<pin_list>
<pin id="119" dir="0" index="0" bw="1" slack="0"/>
<pin id="120" dir="1" index="1" bw="10" slack="0"/>
</pin_list>
<bind>
<opcode="alloca(26) " fcode="alloca"/>
<opset="p_0_0_0506_1711/1 "/>
</bind>
</comp>

<comp id="122" class="1004" name="p_0_0_0505_1713_fu_122">
<pin_list>
<pin id="123" dir="0" index="0" bw="1" slack="0"/>
<pin id="124" dir="1" index="1" bw="10" slack="0"/>
</pin_list>
<bind>
<opcode="alloca(26) " fcode="alloca"/>
<opset="p_0_0_0505_1713/1 "/>
</bind>
</comp>

<comp id="126" class="1004" name="p_0_0_0504_1715_fu_126">
<pin_list>
<pin id="127" dir="0" index="0" bw="1" slack="0"/>
<pin id="128" dir="1" index="1" bw="10" slack="0"/>
</pin_list>
<bind>
<opcode="alloca(26) " fcode="alloca"/>
<opset="p_0_0_0504_1715/1 "/>
</bind>
</comp>

<comp id="130" class="1004" name="loopWidth_read_read_fu_130">
<pin_list>
<pin id="131" dir="0" index="0" bw="17" slack="0"/>
<pin id="132" dir="0" index="1" bw="17" slack="0"/>
<pin id="133" dir="1" index="2" bw="17" slack="0"/>
</pin_list>
<bind>
<opcode="read(1150) " fcode="read"/>
<opset="loopWidth_read/1 "/>
</bind>
</comp>

<comp id="136" class="1004" name="width_val_read_read_fu_136">
<pin_list>
<pin id="137" dir="0" index="0" bw="16" slack="0"/>
<pin id="138" dir="0" index="1" bw="16" slack="0"/>
<pin id="139" dir="1" index="2" bw="16" slack="0"/>
</pin_list>
<bind>
<opcode="read(1150) " fcode="read"/>
<opset="width_val_read/1 "/>
</bind>
</comp>

<comp id="142" class="1004" name="conv2_i_i_lcssa735_read_read_fu_142">
<pin_list>
<pin id="143" dir="0" index="0" bw="7" slack="0"/>
<pin id="144" dir="0" index="1" bw="7" slack="0"/>
<pin id="145" dir="1" index="2" bw="7" slack="0"/>
</pin_list>
<bind>
<opcode="read(1150) " fcode="read"/>
<opset="conv2_i_i_lcssa735_read/1 "/>
</bind>
</comp>

<comp id="148" class="1004" name="p_0_0_0503705_lcssa712737_read_read_fu_148">
<pin_list>
<pin id="149" dir="0" index="0" bw="10" slack="0"/>
<pin id="150" dir="0" index="1" bw="10" slack="0"/>
<pin id="151" dir="1" index="2" bw="10" slack="0"/>
</pin_list>
<bind>
<opcode="read(1150) " fcode="read"/>
<opset="p_0_0_0503705_lcssa712737_read/1 "/>
</bind>
</comp>

<comp id="154" class="1004" name="p_0_0_0502701_lcssa714739_read_read_fu_154">
<pin_list>
<pin id="155" dir="0" index="0" bw="10" slack="0"/>
<pin id="156" dir="0" index="1" bw="10" slack="0"/>
<pin id="157" dir="1" index="2" bw="10" slack="0"/>
</pin_list>
<bind>
<opcode="read(1150) " fcode="read"/>
<opset="p_0_0_0502701_lcssa714739_read/1 "/>
</bind>
</comp>

<comp id="160" class="1004" name="p_0_0_0501703_lcssa716741_read_read_fu_160">
<pin_list>
<pin id="161" dir="0" index="0" bw="10" slack="0"/>
<pin id="162" dir="0" index="1" bw="10" slack="0"/>
<pin id="163" dir="1" index="2" bw="10" slack="0"/>
</pin_list>
<bind>
<opcode="read(1150) " fcode="read"/>
<opset="p_0_0_0501703_lcssa716741_read/1 "/>
</bind>
</comp>

<comp id="166" class="1004" name="imgRgb_read_read_fu_166">
<pin_list>
<pin id="167" dir="0" index="0" bw="30" slack="0"/>
<pin id="168" dir="0" index="1" bw="30" slack="0"/>
<pin id="169" dir="1" index="2" bw="30" slack="0"/>
</pin_list>
<bind>
<opcode="read(1150) " fcode="read"/>
<opset="imgRgb_read/2 "/>
</bind>
</comp>

<comp id="172" class="1004" name="write_ln1161_write_fu_172">
<pin_list>
<pin id="173" dir="0" index="0" bw="0" slack="0"/>
<pin id="174" dir="0" index="1" bw="30" slack="0"/>
<pin id="175" dir="0" index="2" bw="30" slack="0"/>
<pin id="176" dir="1" index="3" bw="0" slack="2147483647"/>
</pin_list>
<bind>
<opcode="write(1151) " fcode="write"/>
<opset="write_ln1161/4 "/>
</bind>
</comp>

<comp id="179" class="1004" name="zext_ln1085_fu_179">
<pin_list>
<pin id="180" dir="0" index="0" bw="16" slack="0"/>
<pin id="181" dir="1" index="1" bw="17" slack="0"/>
</pin_list>
<bind>
<opcode="zext(34) " fcode="zext"/>
<opset="zext_ln1085/1 "/>
</bind>
</comp>

<comp id="183" class="1004" name="store_ln1078_store_fu_183">
<pin_list>
<pin id="184" dir="0" index="0" bw="10" slack="0"/>
<pin id="185" dir="0" index="1" bw="10" slack="0"/>
<pin id="186" dir="1" index="2" bw="0" slack="2147483647"/>
</pin_list>
<bind>
<opcode="store(28) " fcode="store"/>
<opset="store_ln1078/1 "/>
</bind>
</comp>

<comp id="188" class="1004" name="store_ln1078_store_fu_188">
<pin_list>
<pin id="189" dir="0" index="0" bw="10" slack="0"/>
<pin id="190" dir="0" index="1" bw="10" slack="0"/>
<pin id="191" dir="1" index="2" bw="0" slack="2147483647"/>
</pin_list>
<bind>
<opcode="store(28) " fcode="store"/>
<opset="store_ln1078/1 "/>
</bind>
</comp>

<comp id="193" class="1004" name="store_ln1078_store_fu_193">
<pin_list>
<pin id="194" dir="0" index="0" bw="10" slack="0"/>
<pin id="195" dir="0" index="1" bw="10" slack="0"/>
<pin id="196" dir="1" index="2" bw="0" slack="2147483647"/>
</pin_list>
<bind>
<opcode="store(28) " fcode="store"/>
<opset="store_ln1078/1 "/>
</bind>
</comp>

<comp id="198" class="1004" name="store_ln1078_store_fu_198">
<pin_list>
<pin id="199" dir="0" index="0" bw="7" slack="0"/>
<pin id="200" dir="0" index="1" bw="7" slack="0"/>
<pin id="201" dir="1" index="2" bw="0" slack="2147483647"/>
</pin_list>
<bind>
<opcode="store(28) " fcode="store"/>
<opset="store_ln1078/1 "/>
</bind>
</comp>

<comp id="203" class="1004" name="store_ln1083_store_fu_203">
<pin_list>
<pin id="204" dir="0" index="0" bw="1" slack="0"/>
<pin id="205" dir="0" index="1" bw="17" slack="0"/>
<pin id="206" dir="1" index="2" bw="0" slack="2147483647"/>
</pin_list>
<bind>
<opcode="store(28) " fcode="store"/>
<opset="store_ln1083/1 "/>
</bind>
</comp>

<comp id="208" class="1004" name="store_ln0_store_fu_208">
<pin_list>
<pin id="209" dir="0" index="0" bw="1" slack="0"/>
<pin id="210" dir="0" index="1" bw="7" slack="0"/>
<pin id="211" dir="1" index="2" bw="0" slack="2147483647"/>
</pin_list>
<bind>
<opcode="store(28) " fcode="store"/>
<opset="store_ln0/1 "/>
</bind>
</comp>

<comp id="214" class="1004" name="x_1_load_fu_214">
<pin_list>
<pin id="215" dir="0" index="0" bw="17" slack="0"/>
<pin id="216" dir="1" index="1" bw="17" slack="0"/>
</pin_list>
<bind>
<opcode="load(27) " fcode="load"/>
<opset="x_1/1 "/>
</bind>
</comp>

<comp id="217" class="1004" name="icmp_ln1101_fu_217">
<pin_list>
<pin id="218" dir="0" index="0" bw="17" slack="0"/>
<pin id="219" dir="0" index="1" bw="17" slack="0"/>
<pin id="220" dir="1" index="2" bw="1" slack="1"/>
</pin_list>
<bind>
<opcode="icmp(45) " fcode="icmp"/>
<opset="icmp_ln1101/1 "/>
</bind>
</comp>

<comp id="223" class="1004" name="x_2_fu_223">
<pin_list>
<pin id="224" dir="0" index="0" bw="17" slack="0"/>
<pin id="225" dir="0" index="1" bw="1" slack="0"/>
<pin id="226" dir="1" index="2" bw="17" slack="0"/>
</pin_list>
<bind>
<opcode="add(8) " fcode="add"/>
<opset="x_2/1 "/>
</bind>
</comp>

<comp id="229" class="1004" name="icmp_ln1107_fu_229">
<pin_list>
<pin id="230" dir="0" index="0" bw="17" slack="0"/>
<pin id="231" dir="0" index="1" bw="17" slack="0"/>
<pin id="232" dir="1" index="2" bw="1" slack="1"/>
</pin_list>
<bind>
<opcode="icmp(45) " fcode="icmp"/>
<opset="icmp_ln1107/1 "/>
</bind>
</comp>

<comp id="235" class="1004" name="icmp_ln1159_fu_235">
<pin_list>
<pin id="236" dir="0" index="0" bw="17" slack="0"/>
<pin id="237" dir="0" index="1" bw="17" slack="0"/>
<pin id="238" dir="1" index="2" bw="1" slack="3"/>
</pin_list>
<bind>
<opcode="icmp(45) " fcode="icmp"/>
<opset="icmp_ln1159/1 "/>
</bind>
</comp>

<comp id="241" class="1004" name="store_ln1083_store_fu_241">
<pin_list>
<pin id="242" dir="0" index="0" bw="17" slack="0"/>
<pin id="243" dir="0" index="1" bw="17" slack="0"/>
<pin id="244" dir="1" index="2" bw="0" slack="2147483647"/>
</pin_list>
<bind>
<opcode="store(28) " fcode="store"/>
<opset="store_ln1083/1 "/>
</bind>
</comp>

<comp id="246" class="1004" name="p_0_0_0506_1711_load_load_fu_246">
<pin_list>
<pin id="247" dir="0" index="0" bw="10" slack="1"/>
<pin id="248" dir="1" index="1" bw="10" slack="1"/>
</pin_list>
<bind>
<opcode="load(27) " fcode="load"/>
<opset="p_0_0_0506_1711_load/2 "/>
</bind>
</comp>

<comp id="249" class="1004" name="p_0_0_0505_1713_load_load_fu_249">
<pin_list>
<pin id="250" dir="0" index="0" bw="10" slack="1"/>
<pin id="251" dir="1" index="1" bw="10" slack="1"/>
</pin_list>
<bind>
<opcode="load(27) " fcode="load"/>
<opset="p_0_0_0505_1713_load/2 "/>
</bind>
</comp>

<comp id="252" class="1004" name="p_0_0_0504_1715_load_load_fu_252">
<pin_list>
<pin id="253" dir="0" index="0" bw="10" slack="1"/>
<pin id="254" dir="1" index="1" bw="10" slack="1"/>
</pin_list>
<bind>
<opcode="load(27) " fcode="load"/>
<opset="p_0_0_0504_1715_load/2 "/>
</bind>
</comp>

<comp id="255" class="1004" name="trunc_ln1109_fu_255">
<pin_list>
<pin id="256" dir="0" index="0" bw="30" slack="0"/>
<pin id="257" dir="1" index="1" bw="10" slack="0"/>
</pin_list>
<bind>
<opcode="trunc(33) " fcode="trunc"/>
<opset="trunc_ln1109/2 "/>
</bind>
</comp>

<comp id="259" class="1004" name="trunc_ln1109_1_fu_259">
<pin_list>
<pin id="260" dir="0" index="0" bw="10" slack="0"/>
<pin id="261" dir="0" index="1" bw="30" slack="0"/>
<pin id="262" dir="0" index="2" bw="5" slack="0"/>
<pin id="263" dir="0" index="3" bw="6" slack="0"/>
<pin id="264" dir="1" index="4" bw="10" slack="0"/>
</pin_list>
<bind>
<opcode="partselect(1002) " fcode="partselect"/>
<opset="trunc_ln1109_1/2 "/>
</bind>
</comp>

<comp id="269" class="1004" name="trunc_ln1109_2_fu_269">
<pin_list>
<pin id="270" dir="0" index="0" bw="10" slack="0"/>
<pin id="271" dir="0" index="1" bw="30" slack="0"/>
<pin id="272" dir="0" index="2" bw="6" slack="0"/>
<pin id="273" dir="0" index="3" bw="6" slack="0"/>
<pin id="274" dir="1" index="4" bw="10" slack="0"/>
</pin_list>
<bind>
<opcode="partselect(1002) " fcode="partselect"/>
<opset="trunc_ln1109_2/2 "/>
</bind>
</comp>

<comp id="279" class="1004" name="store_ln1109_store_fu_279">
<pin_list>
<pin id="280" dir="0" index="0" bw="10" slack="0"/>
<pin id="281" dir="0" index="1" bw="10" slack="1"/>
<pin id="282" dir="1" index="2" bw="0" slack="2147483647"/>
</pin_list>
<bind>
<opcode="store(28) " fcode="store"/>
<opset="store_ln1109/2 "/>
</bind>
</comp>

<comp id="284" class="1004" name="store_ln1109_store_fu_284">
<pin_list>
<pin id="285" dir="0" index="0" bw="10" slack="0"/>
<pin id="286" dir="0" index="1" bw="10" slack="1"/>
<pin id="287" dir="1" index="2" bw="0" slack="2147483647"/>
</pin_list>
<bind>
<opcode="store(28) " fcode="store"/>
<opset="store_ln1109/2 "/>
</bind>
</comp>

<comp id="289" class="1004" name="store_ln1109_store_fu_289">
<pin_list>
<pin id="290" dir="0" index="0" bw="10" slack="0"/>
<pin id="291" dir="0" index="1" bw="10" slack="1"/>
<pin id="292" dir="1" index="2" bw="0" slack="2147483647"/>
</pin_list>
<bind>
<opcode="store(28) " fcode="store"/>
<opset="store_ln1109/2 "/>
</bind>
</comp>

<comp id="294" class="1004" name="p_0_0_0506_1707_out_load_load_fu_294">
<pin_list>
<pin id="295" dir="0" index="0" bw="10" slack="0"/>
<pin id="296" dir="1" index="1" bw="10" slack="0"/>
</pin_list>
<bind>
<opcode="load(27) " fcode="load"/>
<opset="p_0_0_0506_1707_out_load/3 "/>
</bind>
</comp>

<comp id="298" class="1004" name="p_0_0_0505_1708_out_load_load_fu_298">
<pin_list>
<pin id="299" dir="0" index="0" bw="10" slack="0"/>
<pin id="300" dir="1" index="1" bw="10" slack="0"/>
</pin_list>
<bind>
<opcode="load(27) " fcode="load"/>
<opset="p_0_0_0505_1708_out_load/3 "/>
</bind>
</comp>

<comp id="302" class="1004" name="p_0_0_0504_1709_out_load_load_fu_302">
<pin_list>
<pin id="303" dir="0" index="0" bw="10" slack="0"/>
<pin id="304" dir="1" index="1" bw="10" slack="0"/>
</pin_list>
<bind>
<opcode="load(27) " fcode="load"/>
<opset="p_0_0_0504_1709_out_load/3 "/>
</bind>
</comp>

<comp id="306" class="1004" name="p_0_0_0506_1711_load_1_load_fu_306">
<pin_list>
<pin id="307" dir="0" index="0" bw="10" slack="2"/>
<pin id="308" dir="1" index="1" bw="10" slack="0"/>
</pin_list>
<bind>
<opcode="load(27) " fcode="load"/>
<opset="p_0_0_0506_1711_load_1/3 "/>
</bind>
</comp>

<comp id="309" class="1004" name="p_0_0_0505_1713_load_1_load_fu_309">
<pin_list>
<pin id="310" dir="0" index="0" bw="10" slack="2"/>
<pin id="311" dir="1" index="1" bw="10" slack="0"/>
</pin_list>
<bind>
<opcode="load(27) " fcode="load"/>
<opset="p_0_0_0505_1713_load_1/3 "/>
</bind>
</comp>

<comp id="312" class="1004" name="p_0_0_0504_1715_load_1_load_fu_312">
<pin_list>
<pin id="313" dir="0" index="0" bw="10" slack="2"/>
<pin id="314" dir="1" index="1" bw="10" slack="0"/>
</pin_list>
<bind>
<opcode="load(27) " fcode="load"/>
<opset="p_0_0_0504_1715_load_1/3 "/>
</bind>
</comp>

<comp id="315" class="1004" name="tmp_fu_315">
<pin_list>
<pin id="316" dir="0" index="0" bw="8" slack="0"/>
<pin id="317" dir="0" index="1" bw="10" slack="0"/>
<pin id="318" dir="0" index="2" bw="3" slack="0"/>
<pin id="319" dir="0" index="3" bw="5" slack="0"/>
<pin id="320" dir="1" index="4" bw="8" slack="0"/>
</pin_list>
<bind>
<opcode="partselect(1002) " fcode="partselect"/>
<opset="tmp/3 "/>
</bind>
</comp>

<comp id="325" class="1004" name="zext_ln1129_1_fu_325">
<pin_list>
<pin id="326" dir="0" index="0" bw="8" slack="0"/>
<pin id="327" dir="1" index="1" bw="9" slack="0"/>
</pin_list>
<bind>
<opcode="zext(34) " fcode="zext"/>
<opset="zext_ln1129_1/3 "/>
</bind>
</comp>

<comp id="329" class="1004" name="lshr_ln1129_1_fu_329">
<pin_list>
<pin id="330" dir="0" index="0" bw="9" slack="0"/>
<pin id="331" dir="0" index="1" bw="10" slack="0"/>
<pin id="332" dir="0" index="2" bw="1" slack="0"/>
<pin id="333" dir="0" index="3" bw="5" slack="0"/>
<pin id="334" dir="1" index="4" bw="9" slack="0"/>
</pin_list>
<bind>
<opcode="partselect(1002) " fcode="partselect"/>
<opset="lshr_ln1129_1/3 "/>
</bind>
</comp>

<comp id="339" class="1004" name="zext_ln1129_2_fu_339">
<pin_list>
<pin id="340" dir="0" index="0" bw="9" slack="0"/>
<pin id="341" dir="1" index="1" bw="10" slack="0"/>
</pin_list>
<bind>
<opcode="zext(34) " fcode="zext"/>
<opset="zext_ln1129_2/3 "/>
</bind>
</comp>

<comp id="343" class="1004" name="lshr_ln1129_2_fu_343">
<pin_list>
<pin id="344" dir="0" index="0" bw="7" slack="0"/>
<pin id="345" dir="0" index="1" bw="10" slack="0"/>
<pin id="346" dir="0" index="2" bw="3" slack="0"/>
<pin id="347" dir="0" index="3" bw="5" slack="0"/>
<pin id="348" dir="1" index="4" bw="7" slack="0"/>
</pin_list>
<bind>
<opcode="partselect(1002) " fcode="partselect"/>
<opset="lshr_ln1129_2/3 "/>
</bind>
</comp>

<comp id="353" class="1004" name="zext_ln1129_3_fu_353">
<pin_list>
<pin id="354" dir="0" index="0" bw="7" slack="0"/>
<pin id="355" dir="1" index="1" bw="10" slack="0"/>
</pin_list>
<bind>
<opcode="zext(34) " fcode="zext"/>
<opset="zext_ln1129_3/3 "/>
</bind>
</comp>

<comp id="357" class="1004" name="tmp_1_fu_357">
<pin_list>
<pin id="358" dir="0" index="0" bw="7" slack="0"/>
<pin id="359" dir="0" index="1" bw="10" slack="0"/>
<pin id="360" dir="0" index="2" bw="3" slack="0"/>
<pin id="361" dir="0" index="3" bw="5" slack="0"/>
<pin id="362" dir="1" index="4" bw="7" slack="0"/>
</pin_list>
<bind>
<opcode="partselect(1002) " fcode="partselect"/>
<opset="tmp_1/3 "/>
</bind>
</comp>

<comp id="367" class="1004" name="zext_ln1129_4_fu_367">
<pin_list>
<pin id="368" dir="0" index="0" bw="7" slack="0"/>
<pin id="369" dir="1" index="1" bw="9" slack="0"/>
</pin_list>
<bind>
<opcode="zext(34) " fcode="zext"/>
<opset="zext_ln1129_4/3 "/>
</bind>
</comp>

<comp id="371" class="1004" name="add_ln1129_fu_371">
<pin_list>
<pin id="372" dir="0" index="0" bw="7" slack="0"/>
<pin id="373" dir="0" index="1" bw="8" slack="0"/>
<pin id="374" dir="1" index="2" bw="9" slack="0"/>
</pin_list>
<bind>
<opcode="add(8) " fcode="add"/>
<opset="add_ln1129/3 "/>
</bind>
</comp>

<comp id="377" class="1004" name="zext_ln1129_fu_377">
<pin_list>
<pin id="378" dir="0" index="0" bw="9" slack="0"/>
<pin id="379" dir="1" index="1" bw="10" slack="0"/>
</pin_list>
<bind>
<opcode="zext(34) " fcode="zext"/>
<opset="zext_ln1129/3 "/>
</bind>
</comp>

<comp id="381" class="1004" name="add_ln1129_1_fu_381">
<pin_list>
<pin id="382" dir="0" index="0" bw="9" slack="0"/>
<pin id="383" dir="0" index="1" bw="9" slack="0"/>
<pin id="384" dir="1" index="2" bw="10" slack="0"/>
</pin_list>
<bind>
<opcode="add(8) " fcode="add"/>
<opset="add_ln1129_1/3 "/>
</bind>
</comp>

<comp id="387" class="1004" name="lum_fu_387">
<pin_list>
<pin id="388" dir="0" index="0" bw="10" slack="0"/>
<pin id="389" dir="0" index="1" bw="7" slack="0"/>
<pin id="390" dir="1" index="2" bw="10" slack="0"/>
</pin_list>
<bind>
<opcode="add(8) " fcode="add"/>
<opset="lum/3 "/>
</bind>
</comp>

<comp id="393" class="1004" name="trunc_ln1_fu_393">
<pin_list>
<pin id="394" dir="0" index="0" bw="7" slack="0"/>
<pin id="395" dir="0" index="1" bw="10" slack="0"/>
<pin id="396" dir="0" index="2" bw="3" slack="0"/>
<pin id="397" dir="0" index="3" bw="5" slack="0"/>
<pin id="398" dir="1" index="4" bw="7" slack="0"/>
</pin_list>
<bind>
<opcode="partselect(1002) " fcode="partselect"/>
<opset="trunc_ln1/3 "/>
</bind>
</comp>

<comp id="403" class="1004" name="shl_ln_fu_403">
<pin_list>
<pin id="404" dir="0" index="0" bw="11" slack="0"/>
<pin id="405" dir="0" index="1" bw="10" slack="1"/>
<pin id="406" dir="0" index="2" bw="1" slack="0"/>
<pin id="407" dir="1" index="3" bw="11" slack="0"/>
</pin_list>
<bind>
<opcode="bitconcatenate(1004) " fcode="bitconcatenate"/>
<opset="shl_ln/3 "/>
</bind>
</comp>

<comp id="410" class="1004" name="zext_ln1147_fu_410">
<pin_list>
<pin id="411" dir="0" index="0" bw="10" slack="0"/>
<pin id="412" dir="1" index="1" bw="11" slack="0"/>
</pin_list>
<bind>
<opcode="zext(34) " fcode="zext"/>
<opset="zext_ln1147/3 "/>
</bind>
</comp>

<comp id="414" class="1004" name="zext_ln1147_1_fu_414">
<pin_list>
<pin id="415" dir="0" index="0" bw="11" slack="0"/>
<pin id="416" dir="1" index="1" bw="12" slack="0"/>
</pin_list>
<bind>
<opcode="zext(34) " fcode="zext"/>
<opset="zext_ln1147_1/3 "/>
</bind>
</comp>

<comp id="418" class="1004" name="zext_ln1147_2_fu_418">
<pin_list>
<pin id="419" dir="0" index="0" bw="10" slack="0"/>
<pin id="420" dir="1" index="1" bw="11" slack="0"/>
</pin_list>
<bind>
<opcode="zext(34) " fcode="zext"/>
<opset="zext_ln1147_2/3 "/>
</bind>
</comp>

<comp id="422" class="1004" name="add_ln1147_fu_422">
<pin_list>
<pin id="423" dir="0" index="0" bw="10" slack="0"/>
<pin id="424" dir="0" index="1" bw="10" slack="0"/>
<pin id="425" dir="1" index="2" bw="11" slack="0"/>
</pin_list>
<bind>
<opcode="add(8) " fcode="add"/>
<opset="add_ln1147/3 "/>
</bind>
</comp>

<comp id="428" class="1004" name="zext_ln1147_3_fu_428">
<pin_list>
<pin id="429" dir="0" index="0" bw="11" slack="0"/>
<pin id="430" dir="1" index="1" bw="12" slack="0"/>
</pin_list>
<bind>
<opcode="zext(34) " fcode="zext"/>
<opset="zext_ln1147_3/3 "/>
</bind>
</comp>

<comp id="432" class="1004" name="add_ln1147_1_fu_432">
<pin_list>
<pin id="433" dir="0" index="0" bw="11" slack="0"/>
<pin id="434" dir="0" index="1" bw="11" slack="0"/>
<pin id="435" dir="1" index="2" bw="12" slack="0"/>
</pin_list>
<bind>
<opcode="add(8) " fcode="add"/>
<opset="add_ln1147_1/3 "/>
</bind>
</comp>

<comp id="438" class="1004" name="r_s_fu_438">
<pin_list>
<pin id="439" dir="0" index="0" bw="10" slack="0"/>
<pin id="440" dir="0" index="1" bw="12" slack="0"/>
<pin id="441" dir="0" index="2" bw="3" slack="0"/>
<pin id="442" dir="0" index="3" bw="5" slack="0"/>
<pin id="443" dir="1" index="4" bw="10" slack="1"/>
</pin_list>
<bind>
<opcode="partselect(1002) " fcode="partselect"/>
<opset="r_s/3 "/>
</bind>
</comp>

<comp id="448" class="1004" name="shl_ln1_fu_448">
<pin_list>
<pin id="449" dir="0" index="0" bw="11" slack="0"/>
<pin id="450" dir="0" index="1" bw="10" slack="1"/>
<pin id="451" dir="0" index="2" bw="1" slack="0"/>
<pin id="452" dir="1" index="3" bw="11" slack="0"/>
</pin_list>
<bind>
<opcode="bitconcatenate(1004) " fcode="bitconcatenate"/>
<opset="shl_ln1/3 "/>
</bind>
</comp>

<comp id="455" class="1004" name="zext_ln1148_fu_455">
<pin_list>
<pin id="456" dir="0" index="0" bw="10" slack="0"/>
<pin id="457" dir="1" index="1" bw="11" slack="0"/>
</pin_list>
<bind>
<opcode="zext(34) " fcode="zext"/>
<opset="zext_ln1148/3 "/>
</bind>
</comp>

<comp id="459" class="1004" name="zext_ln1148_1_fu_459">
<pin_list>
<pin id="460" dir="0" index="0" bw="11" slack="0"/>
<pin id="461" dir="1" index="1" bw="12" slack="0"/>
</pin_list>
<bind>
<opcode="zext(34) " fcode="zext"/>
<opset="zext_ln1148_1/3 "/>
</bind>
</comp>

<comp id="463" class="1004" name="zext_ln1148_2_fu_463">
<pin_list>
<pin id="464" dir="0" index="0" bw="10" slack="0"/>
<pin id="465" dir="1" index="1" bw="11" slack="0"/>
</pin_list>
<bind>
<opcode="zext(34) " fcode="zext"/>
<opset="zext_ln1148_2/3 "/>
</bind>
</comp>

<comp id="467" class="1004" name="add_ln1148_fu_467">
<pin_list>
<pin id="468" dir="0" index="0" bw="10" slack="0"/>
<pin id="469" dir="0" index="1" bw="10" slack="0"/>
<pin id="470" dir="1" index="2" bw="11" slack="0"/>
</pin_list>
<bind>
<opcode="add(8) " fcode="add"/>
<opset="add_ln1148/3 "/>
</bind>
</comp>

<comp id="473" class="1004" name="zext_ln1148_3_fu_473">
<pin_list>
<pin id="474" dir="0" index="0" bw="11" slack="0"/>
<pin id="475" dir="1" index="1" bw="12" slack="0"/>
</pin_list>
<bind>
<opcode="zext(34) " fcode="zext"/>
<opset="zext_ln1148_3/3 "/>
</bind>
</comp>

<comp id="477" class="1004" name="add_ln1148_1_fu_477">
<pin_list>
<pin id="478" dir="0" index="0" bw="11" slack="0"/>
<pin id="479" dir="0" index="1" bw="11" slack="0"/>
<pin id="480" dir="1" index="2" bw="12" slack="0"/>
</pin_list>
<bind>
<opcode="add(8) " fcode="add"/>
<opset="add_ln1148_1/3 "/>
</bind>
</comp>

<comp id="483" class="1004" name="g_s_fu_483">
<pin_list>
<pin id="484" dir="0" index="0" bw="10" slack="0"/>
<pin id="485" dir="0" index="1" bw="12" slack="0"/>
<pin id="486" dir="0" index="2" bw="3" slack="0"/>
<pin id="487" dir="0" index="3" bw="5" slack="0"/>
<pin id="488" dir="1" index="4" bw="10" slack="1"/>
</pin_list>
<bind>
<opcode="partselect(1002) " fcode="partselect"/>
<opset="g_s/3 "/>
</bind>
</comp>

<comp id="493" class="1004" name="shl_ln2_fu_493">
<pin_list>
<pin id="494" dir="0" index="0" bw="11" slack="0"/>
<pin id="495" dir="0" index="1" bw="10" slack="1"/>
<pin id="496" dir="0" index="2" bw="1" slack="0"/>
<pin id="497" dir="1" index="3" bw="11" slack="0"/>
</pin_list>
<bind>
<opcode="bitconcatenate(1004) " fcode="bitconcatenate"/>
<opset="shl_ln2/3 "/>
</bind>
</comp>

<comp id="500" class="1004" name="zext_ln1149_fu_500">
<pin_list>
<pin id="501" dir="0" index="0" bw="10" slack="0"/>
<pin id="502" dir="1" index="1" bw="11" slack="0"/>
</pin_list>
<bind>
<opcode="zext(34) " fcode="zext"/>
<opset="zext_ln1149/3 "/>
</bind>
</comp>

<comp id="504" class="1004" name="zext_ln1149_1_fu_504">
<pin_list>
<pin id="505" dir="0" index="0" bw="11" slack="0"/>
<pin id="506" dir="1" index="1" bw="12" slack="0"/>
</pin_list>
<bind>
<opcode="zext(34) " fcode="zext"/>
<opset="zext_ln1149_1/3 "/>
</bind>
</comp>

<comp id="508" class="1004" name="zext_ln1149_2_fu_508">
<pin_list>
<pin id="509" dir="0" index="0" bw="10" slack="0"/>
<pin id="510" dir="1" index="1" bw="11" slack="0"/>
</pin_list>
<bind>
<opcode="zext(34) " fcode="zext"/>
<opset="zext_ln1149_2/3 "/>
</bind>
</comp>

<comp id="512" class="1004" name="add_ln1149_fu_512">
<pin_list>
<pin id="513" dir="0" index="0" bw="10" slack="0"/>
<pin id="514" dir="0" index="1" bw="10" slack="0"/>
<pin id="515" dir="1" index="2" bw="11" slack="0"/>
</pin_list>
<bind>
<opcode="add(8) " fcode="add"/>
<opset="add_ln1149/3 "/>
</bind>
</comp>

<comp id="518" class="1004" name="zext_ln1149_3_fu_518">
<pin_list>
<pin id="519" dir="0" index="0" bw="11" slack="0"/>
<pin id="520" dir="1" index="1" bw="12" slack="0"/>
</pin_list>
<bind>
<opcode="zext(34) " fcode="zext"/>
<opset="zext_ln1149_3/3 "/>
</bind>
</comp>

<comp id="522" class="1004" name="add_ln1149_1_fu_522">
<pin_list>
<pin id="523" dir="0" index="0" bw="11" slack="0"/>
<pin id="524" dir="0" index="1" bw="11" slack="0"/>
<pin id="525" dir="1" index="2" bw="12" slack="0"/>
</pin_list>
<bind>
<opcode="add(8) " fcode="add"/>
<opset="add_ln1149_1/3 "/>
</bind>
</comp>

<comp id="528" class="1004" name="b_s_fu_528">
<pin_list>
<pin id="529" dir="0" index="0" bw="10" slack="0"/>
<pin id="530" dir="0" index="1" bw="12" slack="0"/>
<pin id="531" dir="0" index="2" bw="3" slack="0"/>
<pin id="532" dir="0" index="3" bw="5" slack="0"/>
<pin id="533" dir="1" index="4" bw="10" slack="1"/>
</pin_list>
<bind>
<opcode="partselect(1002) " fcode="partselect"/>
<opset="b_s/3 "/>
</bind>
</comp>

<comp id="538" class="1004" name="store_ln0_store_fu_538">
<pin_list>
<pin id="539" dir="0" index="0" bw="10" slack="1"/>
<pin id="540" dir="0" index="1" bw="10" slack="0"/>
<pin id="541" dir="1" index="2" bw="0" slack="2147483647"/>
</pin_list>
<bind>
<opcode="store(28) " fcode="store"/>
<opset="store_ln0/3 "/>
</bind>
</comp>

<comp id="543" class="1004" name="store_ln0_store_fu_543">
<pin_list>
<pin id="544" dir="0" index="0" bw="10" slack="1"/>
<pin id="545" dir="0" index="1" bw="10" slack="0"/>
<pin id="546" dir="1" index="2" bw="0" slack="2147483647"/>
</pin_list>
<bind>
<opcode="store(28) " fcode="store"/>
<opset="store_ln0/3 "/>
</bind>
</comp>

<comp id="548" class="1004" name="store_ln0_store_fu_548">
<pin_list>
<pin id="549" dir="0" index="0" bw="10" slack="1"/>
<pin id="550" dir="0" index="1" bw="10" slack="0"/>
<pin id="551" dir="1" index="2" bw="0" slack="2147483647"/>
</pin_list>
<bind>
<opcode="store(28) " fcode="store"/>
<opset="store_ln0/3 "/>
</bind>
</comp>

<comp id="553" class="1004" name="store_ln1144_store_fu_553">
<pin_list>
<pin id="554" dir="0" index="0" bw="7" slack="0"/>
<pin id="555" dir="0" index="1" bw="7" slack="0"/>
<pin id="556" dir="1" index="2" bw="0" slack="2147483647"/>
</pin_list>
<bind>
<opcode="store(28) " fcode="store"/>
<opset="store_ln1144/3 "/>
</bind>
</comp>

<comp id="559" class="1004" name="p_0_0_0507_1710_load_1_load_fu_559">
<pin_list>
<pin id="560" dir="0" index="0" bw="7" slack="3"/>
<pin id="561" dir="1" index="1" bw="7" slack="0"/>
</pin_list>
<bind>
<opcode="load(27) " fcode="load"/>
<opset="p_0_0_0507_1710_load_1/4 "/>
</bind>
</comp>

<comp id="562" class="1004" name="zext_ln1101_fu_562">
<pin_list>
<pin id="563" dir="0" index="0" bw="7" slack="0"/>
<pin id="564" dir="1" index="1" bw="10" slack="0"/>
</pin_list>
<bind>
<opcode="zext(34) " fcode="zext"/>
<opset="zext_ln1101/4 "/>
</bind>
</comp>

<comp id="566" class="1004" name="p_0_0_0507_1706_out_load_load_fu_566">
<pin_list>
<pin id="567" dir="0" index="0" bw="10" slack="0"/>
<pin id="568" dir="1" index="1" bw="10" slack="0"/>
</pin_list>
<bind>
<opcode="load(27) " fcode="load"/>
<opset="p_0_0_0507_1706_out_load/4 "/>
</bind>
</comp>

<comp id="570" class="1004" name="p_0_0_0507_1710_load_load_fu_570">
<pin_list>
<pin id="571" dir="0" index="0" bw="7" slack="3"/>
<pin id="572" dir="1" index="1" bw="7" slack="0"/>
</pin_list>
<bind>
<opcode="load(27) " fcode="load"/>
<opset="p_0_0_0507_1710_load/4 "/>
</bind>
</comp>

<comp id="573" class="1004" name="icmp_ln1144_fu_573">
<pin_list>
<pin id="574" dir="0" index="0" bw="10" slack="0"/>
<pin id="575" dir="0" index="1" bw="10" slack="0"/>
<pin id="576" dir="1" index="2" bw="1" slack="0"/>
</pin_list>
<bind>
<opcode="icmp(45) " fcode="icmp"/>
<opset="icmp_ln1144/4 "/>
</bind>
</comp>

<comp id="579" class="1004" name="icmp_ln1144_1_fu_579">
<pin_list>
<pin id="580" dir="0" index="0" bw="7" slack="0"/>
<pin id="581" dir="0" index="1" bw="7" slack="1"/>
<pin id="582" dir="1" index="2" bw="1" slack="0"/>
</pin_list>
<bind>
<opcode="icmp(45) " fcode="icmp"/>
<opset="icmp_ln1144_1/4 "/>
</bind>
</comp>

<comp id="584" class="1004" name="xor_ln1144_fu_584">
<pin_list>
<pin id="585" dir="0" index="0" bw="1" slack="0"/>
<pin id="586" dir="0" index="1" bw="1" slack="0"/>
<pin id="587" dir="1" index="2" bw="1" slack="0"/>
</pin_list>
<bind>
<opcode="xor(25) " fcode="xor"/>
<opset="xor_ln1144/4 "/>
</bind>
</comp>

<comp id="590" class="1004" name="and_ln1144_fu_590">
<pin_list>
<pin id="591" dir="0" index="0" bw="1" slack="0"/>
<pin id="592" dir="0" index="1" bw="1" slack="0"/>
<pin id="593" dir="1" index="2" bw="1" slack="0"/>
</pin_list>
<bind>
<opcode="and(23) " fcode="and"/>
<opset="and_ln1144/4 "/>
</bind>
</comp>

<comp id="596" class="1004" name="icmp_ln1144_2_fu_596">
<pin_list>
<pin id="597" dir="0" index="0" bw="10" slack="0"/>
<pin id="598" dir="0" index="1" bw="10" slack="0"/>
<pin id="599" dir="1" index="2" bw="1" slack="0"/>
</pin_list>
<bind>
<opcode="icmp(45) " fcode="icmp"/>
<opset="icmp_ln1144_2/4 "/>
</bind>
</comp>

<comp id="602" class="1004" name="xor_ln1144_1_fu_602">
<pin_list>
<pin id="603" dir="0" index="0" bw="1" slack="0"/>
<pin id="604" dir="0" index="1" bw="1" slack="0"/>
<pin id="605" dir="1" index="2" bw="1" slack="0"/>
</pin_list>
<bind>
<opcode="xor(25) " fcode="xor"/>
<opset="xor_ln1144_1/4 "/>
</bind>
</comp>

<comp id="608" class="1004" name="icmp_ln1144_3_fu_608">
<pin_list>
<pin id="609" dir="0" index="0" bw="7" slack="0"/>
<pin id="610" dir="0" index="1" bw="7" slack="1"/>
<pin id="611" dir="1" index="2" bw="1" slack="0"/>
</pin_list>
<bind>
<opcode="icmp(45) " fcode="icmp"/>
<opset="icmp_ln1144_3/4 "/>
</bind>
</comp>

<comp id="613" class="1004" name="and_ln1144_1_fu_613">
<pin_list>
<pin id="614" dir="0" index="0" bw="1" slack="0"/>
<pin id="615" dir="0" index="1" bw="1" slack="0"/>
<pin id="616" dir="1" index="2" bw="1" slack="0"/>
</pin_list>
<bind>
<opcode="and(23) " fcode="and"/>
<opset="and_ln1144_1/4 "/>
</bind>
</comp>

<comp id="619" class="1004" name="or_ln1144_fu_619">
<pin_list>
<pin id="620" dir="0" index="0" bw="1" slack="0"/>
<pin id="621" dir="0" index="1" bw="1" slack="0"/>
<pin id="622" dir="1" index="2" bw="1" slack="0"/>
</pin_list>
<bind>
<opcode="or(24) " fcode="or"/>
<opset="or_ln1144/4 "/>
</bind>
</comp>

<comp id="625" class="1004" name="conv3_i_i719_fu_625">
<pin_list>
<pin id="626" dir="0" index="0" bw="1" slack="0"/>
<pin id="627" dir="0" index="1" bw="10" slack="1"/>
<pin id="628" dir="0" index="2" bw="10" slack="2"/>
<pin id="629" dir="1" index="3" bw="10" slack="0"/>
</pin_list>
<bind>
<opcode="select(49) " fcode="select"/>
<opset="conv3_i_i719/4 "/>
</bind>
</comp>

<comp id="631" class="1004" name="conv3_i_i79718_fu_631">
<pin_list>
<pin id="632" dir="0" index="0" bw="1" slack="0"/>
<pin id="633" dir="0" index="1" bw="10" slack="1"/>
<pin id="634" dir="0" index="2" bw="10" slack="2"/>
<pin id="635" dir="1" index="3" bw="10" slack="0"/>
</pin_list>
<bind>
<opcode="select(49) " fcode="select"/>
<opset="conv3_i_i79718/4 "/>
</bind>
</comp>

<comp id="637" class="1004" name="conv3_i_i188717_fu_637">
<pin_list>
<pin id="638" dir="0" index="0" bw="1" slack="0"/>
<pin id="639" dir="0" index="1" bw="10" slack="1"/>
<pin id="640" dir="0" index="2" bw="10" slack="2"/>
<pin id="641" dir="1" index="3" bw="10" slack="0"/>
</pin_list>
<bind>
<opcode="select(49) " fcode="select"/>
<opset="conv3_i_i188717/4 "/>
</bind>
</comp>

<comp id="643" class="1004" name="or_ln1161_3_fu_643">
<pin_list>
<pin id="644" dir="0" index="0" bw="30" slack="0"/>
<pin id="645" dir="0" index="1" bw="10" slack="0"/>
<pin id="646" dir="0" index="2" bw="10" slack="0"/>
<pin id="647" dir="0" index="3" bw="10" slack="0"/>
<pin id="648" dir="1" index="4" bw="30" slack="0"/>
</pin_list>
<bind>
<opcode="bitconcatenate(1004) " fcode="bitconcatenate"/>
<opset="or_ln1161_3/4 "/>
</bind>
</comp>

<comp id="654" class="1004" name="store_ln1144_store_fu_654">
<pin_list>
<pin id="655" dir="0" index="0" bw="7" slack="1"/>
<pin id="656" dir="0" index="1" bw="7" slack="3"/>
<pin id="657" dir="1" index="2" bw="0" slack="2147483647"/>
</pin_list>
<bind>
<opcode="store(28) " fcode="store"/>
<opset="store_ln1144/4 "/>
</bind>
</comp>

<comp id="658" class="1004" name="store_ln1101_store_fu_658">
<pin_list>
<pin id="659" dir="0" index="0" bw="7" slack="0"/>
<pin id="660" dir="0" index="1" bw="10" slack="0"/>
<pin id="661" dir="1" index="2" bw="0" slack="2147483647"/>
</pin_list>
<bind>
<opcode="store(28) " fcode="store"/>
<opset="store_ln1101/4 "/>
</bind>
</comp>

<comp id="664" class="1004" name="store_ln0_store_fu_664">
<pin_list>
<pin id="665" dir="0" index="0" bw="10" slack="1"/>
<pin id="666" dir="0" index="1" bw="10" slack="0"/>
<pin id="667" dir="1" index="2" bw="0" slack="2147483647"/>
</pin_list>
<bind>
<opcode="store(28) " fcode="store"/>
<opset="store_ln0/3 "/>
</bind>
</comp>

<comp id="669" class="1004" name="store_ln0_store_fu_669">
<pin_list>
<pin id="670" dir="0" index="0" bw="10" slack="1"/>
<pin id="671" dir="0" index="1" bw="10" slack="0"/>
<pin id="672" dir="1" index="2" bw="0" slack="2147483647"/>
</pin_list>
<bind>
<opcode="store(28) " fcode="store"/>
<opset="store_ln0/3 "/>
</bind>
</comp>

<comp id="674" class="1004" name="store_ln0_store_fu_674">
<pin_list>
<pin id="675" dir="0" index="0" bw="10" slack="1"/>
<pin id="676" dir="0" index="1" bw="10" slack="0"/>
<pin id="677" dir="1" index="2" bw="0" slack="2147483647"/>
</pin_list>
<bind>
<opcode="store(28) " fcode="store"/>
<opset="store_ln0/3 "/>
</bind>
</comp>

<comp id="679" class="1005" name="x_reg_679">
<pin_list>
<pin id="680" dir="0" index="0" bw="17" slack="0"/>
<pin id="681" dir="1" index="1" bw="17" slack="0"/>
</pin_list>
<bind>
<opset="x "/>
</bind>
</comp>

<comp id="686" class="1005" name="p_0_0_0507_1710_reg_686">
<pin_list>
<pin id="687" dir="0" index="0" bw="7" slack="0"/>
<pin id="688" dir="1" index="1" bw="7" slack="0"/>
</pin_list>
<bind>
<opset="p_0_0_0507_1710 "/>
</bind>
</comp>

<comp id="694" class="1005" name="p_0_0_0506_1711_reg_694">
<pin_list>
<pin id="695" dir="0" index="0" bw="10" slack="0"/>
<pin id="696" dir="1" index="1" bw="10" slack="0"/>
</pin_list>
<bind>
<opset="p_0_0_0506_1711 "/>
</bind>
</comp>

<comp id="702" class="1005" name="p_0_0_0505_1713_reg_702">
<pin_list>
<pin id="703" dir="0" index="0" bw="10" slack="0"/>
<pin id="704" dir="1" index="1" bw="10" slack="0"/>
</pin_list>
<bind>
<opset="p_0_0_0505_1713 "/>
</bind>
</comp>

<comp id="710" class="1005" name="p_0_0_0504_1715_reg_710">
<pin_list>
<pin id="711" dir="0" index="0" bw="10" slack="0"/>
<pin id="712" dir="1" index="1" bw="10" slack="0"/>
</pin_list>
<bind>
<opset="p_0_0_0504_1715 "/>
</bind>
</comp>

<comp id="718" class="1005" name="icmp_ln1101_reg_718">
<pin_list>
<pin id="719" dir="0" index="0" bw="1" slack="1"/>
<pin id="720" dir="1" index="1" bw="1" slack="2147483647"/>
</pin_list>
<bind>
<opset="icmp_ln1101 "/>
</bind>
</comp>

<comp id="722" class="1005" name="icmp_ln1107_reg_722">
<pin_list>
<pin id="723" dir="0" index="0" bw="1" slack="1"/>
<pin id="724" dir="1" index="1" bw="1" slack="2147483647"/>
</pin_list>
<bind>
<opset="icmp_ln1107 "/>
</bind>
</comp>

<comp id="726" class="1005" name="icmp_ln1159_reg_726">
<pin_list>
<pin id="727" dir="0" index="0" bw="1" slack="3"/>
<pin id="728" dir="1" index="1" bw="1" slack="2147483647"/>
</pin_list>
<bind>
<opset="icmp_ln1159 "/>
</bind>
</comp>

<comp id="730" class="1005" name="p_0_0_0506_1711_load_reg_730">
<pin_list>
<pin id="731" dir="0" index="0" bw="10" slack="1"/>
<pin id="732" dir="1" index="1" bw="10" slack="1"/>
</pin_list>
<bind>
<opset="p_0_0_0506_1711_load "/>
</bind>
</comp>

<comp id="738" class="1005" name="p_0_0_0505_1713_load_reg_738">
<pin_list>
<pin id="739" dir="0" index="0" bw="10" slack="1"/>
<pin id="740" dir="1" index="1" bw="10" slack="1"/>
</pin_list>
<bind>
<opset="p_0_0_0505_1713_load "/>
</bind>
</comp>

<comp id="746" class="1005" name="p_0_0_0504_1715_load_reg_746">
<pin_list>
<pin id="747" dir="0" index="0" bw="10" slack="1"/>
<pin id="748" dir="1" index="1" bw="10" slack="1"/>
</pin_list>
<bind>
<opset="p_0_0_0504_1715_load "/>
</bind>
</comp>

<comp id="754" class="1005" name="trunc_ln1_reg_754">
<pin_list>
<pin id="755" dir="0" index="0" bw="7" slack="1"/>
<pin id="756" dir="1" index="1" bw="7" slack="1"/>
</pin_list>
<bind>
<opset="trunc_ln1 "/>
</bind>
</comp>

<comp id="761" class="1005" name="r_s_reg_761">
<pin_list>
<pin id="762" dir="0" index="0" bw="10" slack="1"/>
<pin id="763" dir="1" index="1" bw="10" slack="1"/>
</pin_list>
<bind>
<opset="r_s "/>
</bind>
</comp>

<comp id="766" class="1005" name="g_s_reg_766">
<pin_list>
<pin id="767" dir="0" index="0" bw="10" slack="1"/>
<pin id="768" dir="1" index="1" bw="10" slack="1"/>
</pin_list>
<bind>
<opset="g_s "/>
</bind>
</comp>

<comp id="771" class="1005" name="b_s_reg_771">
<pin_list>
<pin id="772" dir="0" index="0" bw="10" slack="1"/>
<pin id="773" dir="1" index="1" bw="10" slack="1"/>
</pin_list>
<bind>
<opset="b_s "/>
</bind>
</comp>

</comp_list>

<net_list>
<net id="113"><net_src comp="32" pin="0"/><net_sink comp="110" pin=0"/></net>

<net id="117"><net_src comp="32" pin="0"/><net_sink comp="114" pin=0"/></net>

<net id="121"><net_src comp="32" pin="0"/><net_sink comp="118" pin=0"/></net>

<net id="125"><net_src comp="32" pin="0"/><net_sink comp="122" pin=0"/></net>

<net id="129"><net_src comp="32" pin="0"/><net_sink comp="126" pin=0"/></net>

<net id="134"><net_src comp="44" pin="0"/><net_sink comp="130" pin=0"/></net>

<net id="135"><net_src comp="10" pin="0"/><net_sink comp="130" pin=1"/></net>

<net id="140"><net_src comp="46" pin="0"/><net_sink comp="136" pin=0"/></net>

<net id="141"><net_src comp="8" pin="0"/><net_sink comp="136" pin=1"/></net>

<net id="146"><net_src comp="48" pin="0"/><net_sink comp="142" pin=0"/></net>

<net id="147"><net_src comp="6" pin="0"/><net_sink comp="142" pin=1"/></net>

<net id="152"><net_src comp="50" pin="0"/><net_sink comp="148" pin=0"/></net>

<net id="153"><net_src comp="4" pin="0"/><net_sink comp="148" pin=1"/></net>

<net id="158"><net_src comp="50" pin="0"/><net_sink comp="154" pin=0"/></net>

<net id="159"><net_src comp="2" pin="0"/><net_sink comp="154" pin=1"/></net>

<net id="164"><net_src comp="50" pin="0"/><net_sink comp="160" pin=0"/></net>

<net id="165"><net_src comp="0" pin="0"/><net_sink comp="160" pin=1"/></net>

<net id="170"><net_src comp="58" pin="0"/><net_sink comp="166" pin=0"/></net>

<net id="171"><net_src comp="12" pin="0"/><net_sink comp="166" pin=1"/></net>

<net id="177"><net_src comp="108" pin="0"/><net_sink comp="172" pin=0"/></net>

<net id="178"><net_src comp="14" pin="0"/><net_sink comp="172" pin=1"/></net>

<net id="182"><net_src comp="136" pin="2"/><net_sink comp="179" pin=0"/></net>

<net id="187"><net_src comp="160" pin="2"/><net_sink comp="183" pin=0"/></net>

<net id="192"><net_src comp="154" pin="2"/><net_sink comp="188" pin=0"/></net>

<net id="197"><net_src comp="148" pin="2"/><net_sink comp="193" pin=0"/></net>

<net id="202"><net_src comp="142" pin="2"/><net_sink comp="198" pin=0"/></net>

<net id="207"><net_src comp="52" pin="0"/><net_sink comp="203" pin=0"/></net>

<net id="212"><net_src comp="54" pin="0"/><net_sink comp="208" pin=0"/></net>

<net id="213"><net_src comp="30" pin="0"/><net_sink comp="208" pin=1"/></net>

<net id="221"><net_src comp="214" pin="1"/><net_sink comp="217" pin=0"/></net>

<net id="222"><net_src comp="130" pin="2"/><net_sink comp="217" pin=1"/></net>

<net id="227"><net_src comp="214" pin="1"/><net_sink comp="223" pin=0"/></net>

<net id="228"><net_src comp="56" pin="0"/><net_sink comp="223" pin=1"/></net>

<net id="233"><net_src comp="214" pin="1"/><net_sink comp="229" pin=0"/></net>

<net id="234"><net_src comp="179" pin="1"/><net_sink comp="229" pin=1"/></net>

<net id="239"><net_src comp="214" pin="1"/><net_sink comp="235" pin=0"/></net>

<net id="240"><net_src comp="52" pin="0"/><net_sink comp="235" pin=1"/></net>

<net id="245"><net_src comp="223" pin="2"/><net_sink comp="241" pin=0"/></net>

<net id="258"><net_src comp="166" pin="2"/><net_sink comp="255" pin=0"/></net>

<net id="265"><net_src comp="60" pin="0"/><net_sink comp="259" pin=0"/></net>

<net id="266"><net_src comp="166" pin="2"/><net_sink comp="259" pin=1"/></net>

<net id="267"><net_src comp="62" pin="0"/><net_sink comp="259" pin=2"/></net>

<net id="268"><net_src comp="64" pin="0"/><net_sink comp="259" pin=3"/></net>

<net id="275"><net_src comp="60" pin="0"/><net_sink comp="269" pin=0"/></net>

<net id="276"><net_src comp="166" pin="2"/><net_sink comp="269" pin=1"/></net>

<net id="277"><net_src comp="66" pin="0"/><net_sink comp="269" pin=2"/></net>

<net id="278"><net_src comp="68" pin="0"/><net_sink comp="269" pin=3"/></net>

<net id="283"><net_src comp="259" pin="4"/><net_sink comp="279" pin=0"/></net>

<net id="288"><net_src comp="255" pin="1"/><net_sink comp="284" pin=0"/></net>

<net id="293"><net_src comp="269" pin="4"/><net_sink comp="289" pin=0"/></net>

<net id="297"><net_src comp="26" pin="0"/><net_sink comp="294" pin=0"/></net>

<net id="301"><net_src comp="24" pin="0"/><net_sink comp="298" pin=0"/></net>

<net id="305"><net_src comp="22" pin="0"/><net_sink comp="302" pin=0"/></net>

<net id="321"><net_src comp="70" pin="0"/><net_sink comp="315" pin=0"/></net>

<net id="322"><net_src comp="306" pin="1"/><net_sink comp="315" pin=1"/></net>

<net id="323"><net_src comp="72" pin="0"/><net_sink comp="315" pin=2"/></net>

<net id="324"><net_src comp="74" pin="0"/><net_sink comp="315" pin=3"/></net>

<net id="328"><net_src comp="315" pin="4"/><net_sink comp="325" pin=0"/></net>

<net id="335"><net_src comp="76" pin="0"/><net_sink comp="329" pin=0"/></net>

<net id="336"><net_src comp="309" pin="1"/><net_sink comp="329" pin=1"/></net>

<net id="337"><net_src comp="32" pin="0"/><net_sink comp="329" pin=2"/></net>

<net id="338"><net_src comp="74" pin="0"/><net_sink comp="329" pin=3"/></net>

<net id="342"><net_src comp="329" pin="4"/><net_sink comp="339" pin=0"/></net>

<net id="349"><net_src comp="78" pin="0"/><net_sink comp="343" pin=0"/></net>

<net id="350"><net_src comp="309" pin="1"/><net_sink comp="343" pin=1"/></net>

<net id="351"><net_src comp="80" pin="0"/><net_sink comp="343" pin=2"/></net>

<net id="352"><net_src comp="74" pin="0"/><net_sink comp="343" pin=3"/></net>

<net id="356"><net_src comp="343" pin="4"/><net_sink comp="353" pin=0"/></net>

<net id="363"><net_src comp="78" pin="0"/><net_sink comp="357" pin=0"/></net>

<net id="364"><net_src comp="312" pin="1"/><net_sink comp="357" pin=1"/></net>

<net id="365"><net_src comp="80" pin="0"/><net_sink comp="357" pin=2"/></net>

<net id="366"><net_src comp="74" pin="0"/><net_sink comp="357" pin=3"/></net>

<net id="370"><net_src comp="357" pin="4"/><net_sink comp="367" pin=0"/></net>

<net id="375"><net_src comp="367" pin="1"/><net_sink comp="371" pin=0"/></net>

<net id="376"><net_src comp="325" pin="1"/><net_sink comp="371" pin=1"/></net>

<net id="380"><net_src comp="371" pin="2"/><net_sink comp="377" pin=0"/></net>

<net id="385"><net_src comp="377" pin="1"/><net_sink comp="381" pin=0"/></net>

<net id="386"><net_src comp="339" pin="1"/><net_sink comp="381" pin=1"/></net>

<net id="391"><net_src comp="381" pin="2"/><net_sink comp="387" pin=0"/></net>

<net id="392"><net_src comp="353" pin="1"/><net_sink comp="387" pin=1"/></net>

<net id="399"><net_src comp="78" pin="0"/><net_sink comp="393" pin=0"/></net>

<net id="400"><net_src comp="387" pin="2"/><net_sink comp="393" pin=1"/></net>

<net id="401"><net_src comp="80" pin="0"/><net_sink comp="393" pin=2"/></net>

<net id="402"><net_src comp="74" pin="0"/><net_sink comp="393" pin=3"/></net>

<net id="408"><net_src comp="82" pin="0"/><net_sink comp="403" pin=0"/></net>

<net id="409"><net_src comp="84" pin="0"/><net_sink comp="403" pin=2"/></net>

<net id="413"><net_src comp="306" pin="1"/><net_sink comp="410" pin=0"/></net>

<net id="417"><net_src comp="403" pin="3"/><net_sink comp="414" pin=0"/></net>

<net id="421"><net_src comp="294" pin="1"/><net_sink comp="418" pin=0"/></net>

<net id="426"><net_src comp="410" pin="1"/><net_sink comp="422" pin=0"/></net>

<net id="427"><net_src comp="418" pin="1"/><net_sink comp="422" pin=1"/></net>

<net id="431"><net_src comp="422" pin="2"/><net_sink comp="428" pin=0"/></net>

<net id="436"><net_src comp="428" pin="1"/><net_sink comp="432" pin=0"/></net>

<net id="437"><net_src comp="414" pin="1"/><net_sink comp="432" pin=1"/></net>

<net id="444"><net_src comp="86" pin="0"/><net_sink comp="438" pin=0"/></net>

<net id="445"><net_src comp="432" pin="2"/><net_sink comp="438" pin=1"/></net>

<net id="446"><net_src comp="72" pin="0"/><net_sink comp="438" pin=2"/></net>

<net id="447"><net_src comp="88" pin="0"/><net_sink comp="438" pin=3"/></net>

<net id="453"><net_src comp="82" pin="0"/><net_sink comp="448" pin=0"/></net>

<net id="454"><net_src comp="84" pin="0"/><net_sink comp="448" pin=2"/></net>

<net id="458"><net_src comp="309" pin="1"/><net_sink comp="455" pin=0"/></net>

<net id="462"><net_src comp="448" pin="3"/><net_sink comp="459" pin=0"/></net>

<net id="466"><net_src comp="298" pin="1"/><net_sink comp="463" pin=0"/></net>

<net id="471"><net_src comp="455" pin="1"/><net_sink comp="467" pin=0"/></net>

<net id="472"><net_src comp="463" pin="1"/><net_sink comp="467" pin=1"/></net>

<net id="476"><net_src comp="467" pin="2"/><net_sink comp="473" pin=0"/></net>

<net id="481"><net_src comp="473" pin="1"/><net_sink comp="477" pin=0"/></net>

<net id="482"><net_src comp="459" pin="1"/><net_sink comp="477" pin=1"/></net>

<net id="489"><net_src comp="86" pin="0"/><net_sink comp="483" pin=0"/></net>

<net id="490"><net_src comp="477" pin="2"/><net_sink comp="483" pin=1"/></net>

<net id="491"><net_src comp="72" pin="0"/><net_sink comp="483" pin=2"/></net>

<net id="492"><net_src comp="88" pin="0"/><net_sink comp="483" pin=3"/></net>

<net id="498"><net_src comp="82" pin="0"/><net_sink comp="493" pin=0"/></net>

<net id="499"><net_src comp="84" pin="0"/><net_sink comp="493" pin=2"/></net>

<net id="503"><net_src comp="312" pin="1"/><net_sink comp="500" pin=0"/></net>

<net id="507"><net_src comp="493" pin="3"/><net_sink comp="504" pin=0"/></net>

<net id="511"><net_src comp="302" pin="1"/><net_sink comp="508" pin=0"/></net>

<net id="516"><net_src comp="500" pin="1"/><net_sink comp="512" pin=0"/></net>

<net id="517"><net_src comp="508" pin="1"/><net_sink comp="512" pin=1"/></net>

<net id="521"><net_src comp="512" pin="2"/><net_sink comp="518" pin=0"/></net>

<net id="526"><net_src comp="518" pin="1"/><net_sink comp="522" pin=0"/></net>

<net id="527"><net_src comp="504" pin="1"/><net_sink comp="522" pin=1"/></net>

<net id="534"><net_src comp="86" pin="0"/><net_sink comp="528" pin=0"/></net>

<net id="535"><net_src comp="522" pin="2"/><net_sink comp="528" pin=1"/></net>

<net id="536"><net_src comp="72" pin="0"/><net_sink comp="528" pin=2"/></net>

<net id="537"><net_src comp="88" pin="0"/><net_sink comp="528" pin=3"/></net>

<net id="542"><net_src comp="22" pin="0"/><net_sink comp="538" pin=1"/></net>

<net id="547"><net_src comp="24" pin="0"/><net_sink comp="543" pin=1"/></net>

<net id="552"><net_src comp="26" pin="0"/><net_sink comp="548" pin=1"/></net>

<net id="557"><net_src comp="393" pin="4"/><net_sink comp="553" pin=0"/></net>

<net id="558"><net_src comp="30" pin="0"/><net_sink comp="553" pin=1"/></net>

<net id="565"><net_src comp="559" pin="1"/><net_sink comp="562" pin=0"/></net>

<net id="569"><net_src comp="28" pin="0"/><net_sink comp="566" pin=0"/></net>

<net id="577"><net_src comp="566" pin="1"/><net_sink comp="573" pin=0"/></net>

<net id="578"><net_src comp="562" pin="1"/><net_sink comp="573" pin=1"/></net>

<net id="583"><net_src comp="570" pin="1"/><net_sink comp="579" pin=0"/></net>

<net id="588"><net_src comp="579" pin="2"/><net_sink comp="584" pin=0"/></net>

<net id="589"><net_src comp="104" pin="0"/><net_sink comp="584" pin=1"/></net>

<net id="594"><net_src comp="573" pin="2"/><net_sink comp="590" pin=0"/></net>

<net id="595"><net_src comp="584" pin="2"/><net_sink comp="590" pin=1"/></net>

<net id="600"><net_src comp="566" pin="1"/><net_sink comp="596" pin=0"/></net>

<net id="601"><net_src comp="562" pin="1"/><net_sink comp="596" pin=1"/></net>

<net id="606"><net_src comp="596" pin="2"/><net_sink comp="602" pin=0"/></net>

<net id="607"><net_src comp="104" pin="0"/><net_sink comp="602" pin=1"/></net>

<net id="612"><net_src comp="570" pin="1"/><net_sink comp="608" pin=0"/></net>

<net id="617"><net_src comp="602" pin="2"/><net_sink comp="613" pin=0"/></net>

<net id="618"><net_src comp="608" pin="2"/><net_sink comp="613" pin=1"/></net>

<net id="623"><net_src comp="590" pin="2"/><net_sink comp="619" pin=0"/></net>

<net id="624"><net_src comp="613" pin="2"/><net_sink comp="619" pin=1"/></net>

<net id="630"><net_src comp="619" pin="2"/><net_sink comp="625" pin=0"/></net>

<net id="636"><net_src comp="619" pin="2"/><net_sink comp="631" pin=0"/></net>

<net id="642"><net_src comp="619" pin="2"/><net_sink comp="637" pin=0"/></net>

<net id="649"><net_src comp="106" pin="0"/><net_sink comp="643" pin=0"/></net>

<net id="650"><net_src comp="637" pin="3"/><net_sink comp="643" pin=1"/></net>

<net id="651"><net_src comp="625" pin="3"/><net_sink comp="643" pin=2"/></net>

<net id="652"><net_src comp="631" pin="3"/><net_sink comp="643" pin=3"/></net>

<net id="653"><net_src comp="643" pin="4"/><net_sink comp="172" pin=2"/></net>

<net id="662"><net_src comp="562" pin="1"/><net_sink comp="658" pin=0"/></net>

<net id="663"><net_src comp="28" pin="0"/><net_sink comp="658" pin=1"/></net>

<net id="668"><net_src comp="16" pin="0"/><net_sink comp="664" pin=1"/></net>

<net id="673"><net_src comp="18" pin="0"/><net_sink comp="669" pin=1"/></net>

<net id="678"><net_src comp="20" pin="0"/><net_sink comp="674" pin=1"/></net>

<net id="682"><net_src comp="110" pin="1"/><net_sink comp="679" pin=0"/></net>

<net id="683"><net_src comp="679" pin="1"/><net_sink comp="203" pin=1"/></net>

<net id="684"><net_src comp="679" pin="1"/><net_sink comp="214" pin=0"/></net>

<net id="685"><net_src comp="679" pin="1"/><net_sink comp="241" pin=1"/></net>

<net id="689"><net_src comp="114" pin="1"/><net_sink comp="686" pin=0"/></net>

<net id="690"><net_src comp="686" pin="1"/><net_sink comp="198" pin=1"/></net>

<net id="691"><net_src comp="686" pin="1"/><net_sink comp="559" pin=0"/></net>

<net id="692"><net_src comp="686" pin="1"/><net_sink comp="570" pin=0"/></net>

<net id="693"><net_src comp="686" pin="1"/><net_sink comp="654" pin=1"/></net>

<net id="697"><net_src comp="118" pin="1"/><net_sink comp="694" pin=0"/></net>

<net id="698"><net_src comp="694" pin="1"/><net_sink comp="193" pin=1"/></net>

<net id="699"><net_src comp="694" pin="1"/><net_sink comp="246" pin=0"/></net>

<net id="700"><net_src comp="694" pin="1"/><net_sink comp="289" pin=1"/></net>

<net id="701"><net_src comp="694" pin="1"/><net_sink comp="306" pin=0"/></net>

<net id="705"><net_src comp="122" pin="1"/><net_sink comp="702" pin=0"/></net>

<net id="706"><net_src comp="702" pin="1"/><net_sink comp="188" pin=1"/></net>

<net id="707"><net_src comp="702" pin="1"/><net_sink comp="249" pin=0"/></net>

<net id="708"><net_src comp="702" pin="1"/><net_sink comp="284" pin=1"/></net>

<net id="709"><net_src comp="702" pin="1"/><net_sink comp="309" pin=0"/></net>

<net id="713"><net_src comp="126" pin="1"/><net_sink comp="710" pin=0"/></net>

<net id="714"><net_src comp="710" pin="1"/><net_sink comp="183" pin=1"/></net>

<net id="715"><net_src comp="710" pin="1"/><net_sink comp="252" pin=0"/></net>

<net id="716"><net_src comp="710" pin="1"/><net_sink comp="279" pin=1"/></net>

<net id="717"><net_src comp="710" pin="1"/><net_sink comp="312" pin=0"/></net>

<net id="721"><net_src comp="217" pin="2"/><net_sink comp="718" pin=0"/></net>

<net id="725"><net_src comp="229" pin="2"/><net_sink comp="722" pin=0"/></net>

<net id="729"><net_src comp="235" pin="2"/><net_sink comp="726" pin=0"/></net>

<net id="733"><net_src comp="246" pin="1"/><net_sink comp="730" pin=0"/></net>

<net id="734"><net_src comp="730" pin="1"/><net_sink comp="403" pin=1"/></net>

<net id="735"><net_src comp="730" pin="1"/><net_sink comp="548" pin=0"/></net>

<net id="736"><net_src comp="730" pin="1"/><net_sink comp="637" pin=2"/></net>

<net id="737"><net_src comp="730" pin="1"/><net_sink comp="674" pin=0"/></net>

<net id="741"><net_src comp="249" pin="1"/><net_sink comp="738" pin=0"/></net>

<net id="742"><net_src comp="738" pin="1"/><net_sink comp="448" pin=1"/></net>

<net id="743"><net_src comp="738" pin="1"/><net_sink comp="543" pin=0"/></net>

<net id="744"><net_src comp="738" pin="1"/><net_sink comp="631" pin=2"/></net>

<net id="745"><net_src comp="738" pin="1"/><net_sink comp="669" pin=0"/></net>

<net id="749"><net_src comp="252" pin="1"/><net_sink comp="746" pin=0"/></net>

<net id="750"><net_src comp="746" pin="1"/><net_sink comp="493" pin=1"/></net>

<net id="751"><net_src comp="746" pin="1"/><net_sink comp="538" pin=0"/></net>

<net id="752"><net_src comp="746" pin="1"/><net_sink comp="625" pin=2"/></net>

<net id="753"><net_src comp="746" pin="1"/><net_sink comp="664" pin=0"/></net>

<net id="757"><net_src comp="393" pin="4"/><net_sink comp="754" pin=0"/></net>

<net id="758"><net_src comp="754" pin="1"/><net_sink comp="579" pin=1"/></net>

<net id="759"><net_src comp="754" pin="1"/><net_sink comp="608" pin=1"/></net>

<net id="760"><net_src comp="754" pin="1"/><net_sink comp="654" pin=0"/></net>

<net id="764"><net_src comp="438" pin="4"/><net_sink comp="761" pin=0"/></net>

<net id="765"><net_src comp="761" pin="1"/><net_sink comp="637" pin=1"/></net>

<net id="769"><net_src comp="483" pin="4"/><net_sink comp="766" pin=0"/></net>

<net id="770"><net_src comp="766" pin="1"/><net_sink comp="631" pin=1"/></net>

<net id="774"><net_src comp="528" pin="4"/><net_sink comp="771" pin=0"/></net>

<net id="775"><net_src comp="771" pin="1"/><net_sink comp="625" pin=1"/></net>

</net_list>

</model> 
---------------- Datapath Model END ------------------

* FSMD analyzer results:
  - Output states:
	Port: imgRgb | {}
	Port: imgUnzip | {4 }
	Port: p_0_0_0504_1715_out | {3 }
	Port: p_0_0_0505_1713_out | {3 }
	Port: p_0_0_0506_1711_out | {3 }
	Port: p_0_0_0504_1709_out | {3 }
	Port: p_0_0_0505_1708_out | {3 }
	Port: p_0_0_0506_1707_out | {3 }
	Port: p_0_0_0507_1706_out | {4 }
	Port: phi_ln1132_out | {1 3 }
 - Input state : 
	Port: ZipperRemoval_Pipeline_VITIS_LOOP_1101_2 : p_0_0_0501703_lcssa716741 | {1 }
	Port: ZipperRemoval_Pipeline_VITIS_LOOP_1101_2 : p_0_0_0502701_lcssa714739 | {1 }
	Port: ZipperRemoval_Pipeline_VITIS_LOOP_1101_2 : p_0_0_0503705_lcssa712737 | {1 }
	Port: ZipperRemoval_Pipeline_VITIS_LOOP_1101_2 : conv2_i_i_lcssa735 | {1 }
	Port: ZipperRemoval_Pipeline_VITIS_LOOP_1101_2 : width_val | {1 }
	Port: ZipperRemoval_Pipeline_VITIS_LOOP_1101_2 : loopWidth | {1 }
	Port: ZipperRemoval_Pipeline_VITIS_LOOP_1101_2 : imgRgb | {2 }
	Port: ZipperRemoval_Pipeline_VITIS_LOOP_1101_2 : imgUnzip | {}
	Port: ZipperRemoval_Pipeline_VITIS_LOOP_1101_2 : p_0_0_0504_1709_out | {3 }
	Port: ZipperRemoval_Pipeline_VITIS_LOOP_1101_2 : p_0_0_0505_1708_out | {3 }
	Port: ZipperRemoval_Pipeline_VITIS_LOOP_1101_2 : p_0_0_0506_1707_out | {3 }
	Port: ZipperRemoval_Pipeline_VITIS_LOOP_1101_2 : p_0_0_0507_1706_out | {4 }
  - Chain level:
	State 1
		store_ln1083 : 1
		x_1 : 1
		icmp_ln1101 : 2
		x_2 : 2
		br_ln1101 : 3
		icmp_ln1107 : 1
		br_ln1107 : 2
		icmp_ln1159 : 2
		br_ln1159 : 3
		store_ln1083 : 3
	State 2
		store_ln1109 : 1
		store_ln1109 : 1
		store_ln1109 : 1
	State 3
		tmp : 1
		zext_ln1129_1 : 2
		lshr_ln1129_1 : 1
		zext_ln1129_2 : 2
		lshr_ln1129_2 : 1
		zext_ln1129_3 : 2
		tmp_1 : 1
		zext_ln1129_4 : 2
		add_ln1129 : 3
		zext_ln1129 : 4
		add_ln1129_1 : 5
		lum : 6
		trunc_ln1 : 7
		zext_ln1147 : 1
		zext_ln1147_1 : 1
		zext_ln1147_2 : 1
		add_ln1147 : 2
		zext_ln1147_3 : 3
		add_ln1147_1 : 4
		r_s : 5
		zext_ln1148 : 1
		zext_ln1148_1 : 1
		zext_ln1148_2 : 1
		add_ln1148 : 2
		zext_ln1148_3 : 3
		add_ln1148_1 : 4
		g_s : 5
		zext_ln1149 : 1
		zext_ln1149_1 : 1
		zext_ln1149_2 : 1
		add_ln1149 : 2
		zext_ln1149_3 : 3
		add_ln1149_1 : 4
		b_s : 5
		store_ln1144 : 8
	State 4
		zext_ln1101 : 1
		icmp_ln1144 : 2
		icmp_ln1144_1 : 1
		xor_ln1144 : 2
		and_ln1144 : 2
		icmp_ln1144_2 : 2
		xor_ln1144_1 : 3
		icmp_ln1144_3 : 1
		and_ln1144_1 : 3
		or_ln1144 : 3
		conv3_i_i719 : 3
		conv3_i_i79718 : 3
		conv3_i_i188717 : 3
		or_ln1161_3 : 4
		write_ln1161 : 5
		store_ln1101 : 2


============================================================
+ Verbose Summary: Datapath Resource usage 
============================================================

* Functional unit list:
|----------|--------------------------------------------|---------|---------|
| Operation|               Functional Unit              |    FF   |   LUT   |
|----------|--------------------------------------------|---------|---------|
|          |                 x_2_fu_223                 |    0    |    24   |
|          |              add_ln1129_fu_371             |    0    |    15   |
|          |             add_ln1129_1_fu_381            |    0    |    9    |
|          |                 lum_fu_387                 |    0    |    10   |
|    add   |              add_ln1147_fu_422             |    0    |    13   |
|          |             add_ln1147_1_fu_432            |    0    |    12   |
|          |              add_ln1148_fu_467             |    0    |    13   |
|          |             add_ln1148_1_fu_477            |    0    |    12   |
|          |              add_ln1149_fu_512             |    0    |    13   |
|          |             add_ln1149_1_fu_522            |    0    |    12   |
|----------|--------------------------------------------|---------|---------|
|          |             icmp_ln1101_fu_217             |    0    |    24   |
|          |             icmp_ln1107_fu_229             |    0    |    24   |
|          |             icmp_ln1159_fu_235             |    0    |    24   |
|   icmp   |             icmp_ln1144_fu_573             |    0    |    13   |
|          |            icmp_ln1144_1_fu_579            |    0    |    14   |
|          |            icmp_ln1144_2_fu_596            |    0    |    13   |
|          |            icmp_ln1144_3_fu_608            |    0    |    14   |
|----------|--------------------------------------------|---------|---------|
|          |             conv3_i_i719_fu_625            |    0    |    10   |
|  select  |            conv3_i_i79718_fu_631           |    0    |    10   |
|          |           conv3_i_i188717_fu_637           |    0    |    10   |
|----------|--------------------------------------------|---------|---------|
|    xor   |              xor_ln1144_fu_584             |    0    |    2    |
|          |             xor_ln1144_1_fu_602            |    0    |    2    |
|----------|--------------------------------------------|---------|---------|
|    and   |              and_ln1144_fu_590             |    0    |    2    |
|          |             and_ln1144_1_fu_613            |    0    |    2    |
|----------|--------------------------------------------|---------|---------|
|    or    |              or_ln1144_fu_619              |    0    |    2    |
|----------|--------------------------------------------|---------|---------|
|          |         loopWidth_read_read_fu_130         |    0    |    0    |
|          |         width_val_read_read_fu_136         |    0    |    0    |
|          |     conv2_i_i_lcssa735_read_read_fu_142    |    0    |    0    |
|   read   | p_0_0_0503705_lcssa712737_read_read_fu_148 |    0    |    0    |
|          | p_0_0_0502701_lcssa714739_read_read_fu_154 |    0    |    0    |
|          | p_0_0_0501703_lcssa716741_read_read_fu_160 |    0    |    0    |
|          |           imgRgb_read_read_fu_166          |    0    |    0    |
|----------|--------------------------------------------|---------|---------|
|   write  |          write_ln1161_write_fu_172         |    0    |    0    |
|----------|--------------------------------------------|---------|---------|
|          |             zext_ln1085_fu_179             |    0    |    0    |
|          |            zext_ln1129_1_fu_325            |    0    |    0    |
|          |            zext_ln1129_2_fu_339            |    0    |    0    |
|          |            zext_ln1129_3_fu_353            |    0    |    0    |
|          |            zext_ln1129_4_fu_367            |    0    |    0    |
|          |             zext_ln1129_fu_377             |    0    |    0    |
|          |             zext_ln1147_fu_410             |    0    |    0    |
|          |            zext_ln1147_1_fu_414            |    0    |    0    |
|          |            zext_ln1147_2_fu_418            |    0    |    0    |
|   zext   |            zext_ln1147_3_fu_428            |    0    |    0    |
|          |             zext_ln1148_fu_455             |    0    |    0    |
|          |            zext_ln1148_1_fu_459            |    0    |    0    |
|          |            zext_ln1148_2_fu_463            |    0    |    0    |
|          |            zext_ln1148_3_fu_473            |    0    |    0    |
|          |             zext_ln1149_fu_500             |    0    |    0    |
|          |            zext_ln1149_1_fu_504            |    0    |    0    |
|          |            zext_ln1149_2_fu_508            |    0    |    0    |
|          |            zext_ln1149_3_fu_518            |    0    |    0    |
|          |             zext_ln1101_fu_562             |    0    |    0    |
|----------|--------------------------------------------|---------|---------|
|   trunc  |             trunc_ln1109_fu_255            |    0    |    0    |
|----------|--------------------------------------------|---------|---------|
|          |            trunc_ln1109_1_fu_259           |    0    |    0    |
|          |            trunc_ln1109_2_fu_269           |    0    |    0    |
|          |                 tmp_fu_315                 |    0    |    0    |
|          |            lshr_ln1129_1_fu_329            |    0    |    0    |
|partselect|            lshr_ln1129_2_fu_343            |    0    |    0    |
|          |                tmp_1_fu_357                |    0    |    0    |
|          |              trunc_ln1_fu_393              |    0    |    0    |
|          |                 r_s_fu_438                 |    0    |    0    |
|          |                 g_s_fu_483                 |    0    |    0    |
|          |                 b_s_fu_528                 |    0    |    0    |
|----------|--------------------------------------------|---------|---------|
|          |                shl_ln_fu_403               |    0    |    0    |
|bitconcatenate|               shl_ln1_fu_448               |    0    |    0    |
|          |               shl_ln2_fu_493               |    0    |    0    |
|          |             or_ln1161_3_fu_643             |    0    |    0    |
|----------|--------------------------------------------|---------|---------|
|   Total  |                                            |    0    |   299   |
|----------|--------------------------------------------|---------|---------|

Memories:
N/A

* Register list:
+----------------------------+--------+
|                            |   FF   |
+----------------------------+--------+
|         b_s_reg_771        |   10   |
|         g_s_reg_766        |   10   |
|     icmp_ln1101_reg_718    |    1   |
|     icmp_ln1107_reg_722    |    1   |
|     icmp_ln1159_reg_726    |    1   |
|p_0_0_0504_1715_load_reg_746|   10   |
|   p_0_0_0504_1715_reg_710  |   10   |
|p_0_0_0505_1713_load_reg_738|   10   |
|   p_0_0_0505_1713_reg_702  |   10   |
|p_0_0_0506_1711_load_reg_730|   10   |
|   p_0_0_0506_1711_reg_694  |   10   |
|   p_0_0_0507_1710_reg_686  |    7   |
|         r_s_reg_761        |   10   |
|      trunc_ln1_reg_754     |    7   |
|          x_reg_679         |   17   |
+----------------------------+--------+
|            Total           |   124  |
+----------------------------+--------+

* Multiplexer (MUX) list: 
|--------|------|------|------|--------|
|  Comp  |  Pin | Size |  BW  | S x BW |
|--------|------|------|------|--------|
|  Total |      |      |      |    0   |
|--------|------|------|------|--------|



* Summary:
+-----------+--------+--------+
|           |   FF   |   LUT  |
+-----------+--------+--------+
|  Function |    0   |   299  |
|   Memory  |    -   |    -   |
|Multiplexer|    -   |    -   |
|  Register |   124  |    -   |
+-----------+--------+--------+
|   Total   |   124  |   299  |
+-----------+--------+--------+
